{"type":"FeatureCollection","features":[{"type":"Feature","geometry":{"type":"MultiPolygon","coordinates":[[[[-61.79038,16.16682],[-61.79164,16.1671],[-61.79197,16.16791],[-61.79056,16.16935],[-61.78957,16.16975],[-61.78817,16.16911],[-61.78771,16.16843],[-61.78809,16.16735],[-61.78958,16.16763],[-61.79038,16.16682]]],[[[-61.60694,15.8344],[-61.6076,15.83441],[-61.60992,15.83591],[-61.61047,15.83691],[-61.61205,15.83841],[-61.61134,15.83954],[-61.61037,15.83872],[-61.60963,15.83713],[-61.60843,15.83581],[-61.60712,15.83535],[-61.60694,15.8344]]],[[[-61.63356,15.83977],[-61.65092,15.84865],[-61.64665,15.85928],[-61.63654,15.86912],[-61.62312,15.86555],[-61.61533,15.85719],[-61.62034,15.85541],[-61.62954,15.84137],[-61.63356,15.83977]]],[[[-61.11993,16.16716],[-61.12455,16.1733],[-61.10791,16.17274],[-61.1188,16.16778],[-61.11993,16.16716]]],[[[-61.00982,16.34998],[-61.00538,16.34032],[-61.00528,16.33151],[-61.01323,16.32734],[-61.02736,16.323],[-61.04579,16.30921],[-61.06629,16.30316],[-61.07928,16.29989],[-61.09536,16.29182],[-61.09637,16.29842],[-61.09059,16.31052],[-61.0753,16.3191],[-61.06199,16.32151],[-61.05046,16.32845],[-61.04193,16.33447],[-61.03399,16.33846],[-61.02622,16.34264],[-61.01666,16.34892],[-61.00982,16.34998]]],[[[-61.77767,16.36397],[-61.77851,16.36402],[-61.78033,16.36485],[-61.78163,16.36689],[-61.78125,16.36824],[-61.78138,16.36942],[-61.78063,16.37041],[-61.78007,16.36909],[-61.77792,16.36822],[-61.77775,16.36696],[-61.77822,16.3652],[-61.77767,16.36397]]],[[[-61.58577,15.8321],[-61.59713,15.83542],[-61.59,15.84134],[-61.58577,15.8321]]],[[[-61.59328,15.85253],[-61.60539,15.85672],[-61.59974,15.86396],[-61.58853,15.8642],[-61.58237,15.87026],[-61.58221,15.87948],[-61.57917,15.87349],[-61.57132,15.88112],[-61.57142,15.8734],[-61.57089,15.86919],[-61.57629,15.85825],[-61.58246,15.85711],[-61.59061,15.85445],[-61.59328,15.85253]]],[[[-61.59371,15.87178],[-61.59839,15.8771],[-61.59248,15.87308],[-61.59371,15.87178]]],[[[-61.56671,15.87251],[-61.56755,15.87283],[-61.56642,15.87481],[-61.5652,15.87512],[-61.56573,15.87345],[-61.56671,15.87251]]],[[[-61.10635,16.17598],[-61.10975,16.17583],[-61.11064,16.17557],[-61.114,16.17646],[-61.11385,16.17763],[-61.11268,16.17762],[-61.11089,16.17873],[-61.10724,16.17893],[-61.10607,16.17987],[-61.10578,16.18086],[-61.10451,16.18045],[-61.10392,16.18107],[-61.10311,16.18042],[-61.1036,16.17919],[-61.10458,16.17859],[-61.10592,16.17589],[-61.10635,16.17598]]],[[[-61.32312,15.94961],[-61.31881,15.96783],[-61.31247,15.97691],[-61.30628,15.98603],[-61.29827,15.99396],[-61.28763,16.00391],[-61.27569,16.00729],[-61.2669,16.00257],[-61.25715,15.99535],[-61.24938,15.9919],[-61.2433,15.98733],[-61.23309,15.98571],[-61.23203,15.97784],[-61.22772,15.96859],[-61.22128,15.96334],[-61.21234,15.95536],[-61.19734,15.93499],[-61.197,15.92541],[-61.20127,15.90805],[-61.21026,15.89927],[-61.22325,15.88767],[-61.23575,15.87905],[-61.24859,15.87288],[-61.26331,15.87092],[-61.2739,15.86685],[-61.2833,15.86977],[-61.29569,15.87307],[-61.30979,15.87946],[-61.32649,15.89211],[-61.32943,15.90415],[-61.33489,15.92692],[-61.32537,15.94831],[-61.32312,15.94961]]],[[[-61.58724,16.34494],[-61.59407,16.34575],[-61.58499,16.35246],[-61.58565,16.34501],[-61.58724,16.34494]]],[[[-61.52521,16.34835],[-61.52731,16.34927],[-61.52992,16.34996],[-61.52987,16.35082],[-61.52636,16.35061],[-61.52502,16.34875],[-61.52521,16.34835]]],[[[-61.54392,16.29235],[-61.54494,16.29299],[-61.54507,16.29444],[-61.54292,16.29515],[-61.54204,16.29406],[-61.54284,16.29271],[-61.54392,16.29235]]],[[[-61.55009,16.28038],[-61.55275,16.28121],[-61.55171,16.28233],[-61.55022,16.28218],[-61.54971,16.2815],[-61.55009,16.28038]]],[[[-61.50735,16.34916],[-61.50948,16.34883],[-61.51013,16.34973],[-61.50821,16.3499],[-61.50735,16.34916]]],[[[-61.55217,16.28405],[-61.55529,16.28606],[-61.55407,16.28641],[-61.55188,16.28464],[-61.55217,16.28405]]],[[[-61.55552,16.28638],[-61.55645,16.28702],[-61.55518,16.288],[-61.55425,16.28673],[-61.55552,16.28638]]],[[[-61.80606,16.268],[-61.80333,16.27743],[-61.80164,16.28673],[-61.80222,16.29898],[-61.79635,16.3094],[-61.79227,16.31932],[-61.78744,16.33574],[-61.77571,16.34846],[-61.76627,16.35333],[-61.74861,16.35494],[-61.74001,16.35995],[-61.72829,16.35654],[-61.71982,16.34763],[-61.71613,16.33975],[-61.70318,16.3365],[-61.69216,16.33323],[-61.68626,16.32587],[-61.67839,16.32718],[-61.67104,16.32121],[-61.66493,16.3176],[-61.65036,16.32103],[-61.6432,16.31344],[-61.63454,16.30783],[-61.62438,16.30125],[-61.60499,16.30433],[-61.60715,16.29644],[-61.616,16.28249],[-61.61773,16.28928],[-61.62207,16.28434],[-61.61987,16.27687],[-61.61455,16.26879],[-61.60292,16.27273],[-61.599,16.27759],[-61.5974,16.26605],[-61.58347,16.27152],[-61.57706,16.28404],[-61.56643,16.28559],[-61.55865,16.2864],[-61.55609,16.27888],[-61.55609,16.27296],[-61.54928,16.27612],[-61.54764,16.26355],[-61.55279,16.25089],[-61.55075,16.23555],[-61.54692,16.22825],[-61.55444,16.23007],[-61.56219,16.23202],[-61.57494,16.23436],[-61.5846,16.23031],[-61.5874,16.21185],[-61.58843,16.19848],[-61.58639,16.18306],[-61.58108,16.1728],[-61.58189,16.15758],[-61.57603,16.14723],[-61.57413,16.13778],[-61.5622,16.1334],[-61.56995,16.12107],[-61.56348,16.10508],[-61.56051,16.09516],[-61.56085,16.0807],[-61.55913,16.05936],[-61.55643,16.05117],[-61.56476,16.03762],[-61.57176,16.02474],[-61.58178,16.01577],[-61.58884,16.00899],[-61.59841,16.00273],[-61.60613,15.99474],[-61.61461,15.98394],[-61.61828,15.97308],[-61.62853,15.97048],[-61.63696,15.96786],[-61.64853,15.96974],[-61.65934,15.96023],[-61.67352,15.95675],[-61.68519,15.94973],[-61.70156,15.94743],[-61.70987,15.95457],[-61.71019,15.97053],[-61.71666,15.98437],[-61.73422,15.99697],[-61.74578,16.00942],[-61.74815,16.02688],[-61.75716,16.04212],[-61.76593,16.05279],[-61.76819,16.07377],[-61.76659,16.08922],[-61.77297,16.09341],[-61.77395,16.10196],[-61.77337,16.11231],[-61.77302,16.12406],[-61.7715,16.13575],[-61.7789,16.1409],[-61.77557,16.15055],[-61.77727,16.16991],[-61.78321,16.1778],[-61.78286,16.18869],[-61.78565,16.19978],[-61.78339,16.21631],[-61.79027,16.23185],[-61.80153,16.24298],[-61.80483,16.25426],[-61.80606,16.268]]],[[[-61.53048,16.21784],[-61.52296,16.2189],[-61.52747,16.22102],[-61.52981,16.22705],[-61.53331,16.23421],[-61.53879,16.23981],[-61.54846,16.25334],[-61.54748,16.2659],[-61.54811,16.27553],[-61.55053,16.28449],[-61.55065,16.28698],[-61.54231,16.28895],[-61.54699,16.30137],[-61.54127,16.30246],[-61.53572,16.31213],[-61.53338,16.32595],[-61.52954,16.33771],[-61.52327,16.34427],[-61.50684,16.34438],[-61.50395,16.34906],[-61.49377,16.3531],[-61.49709,16.35899],[-61.49769,16.36654],[-61.49504,16.37674],[-61.5046,16.38742],[-61.51226,16.38951],[-61.52575,16.39467],[-61.52982,16.40712],[-61.53423,16.41859],[-61.53807,16.43741],[-61.5373,16.44586],[-61.52852,16.46134],[-61.51238,16.4718],[-61.50409,16.48417],[-61.4899,16.49035],[-61.4801,16.4975],[-61.47477,16.50894],[-61.46693,16.51047],[-61.46332,16.50484],[-61.45568,16.49986],[-61.44355,16.50017],[-61.43867,16.48934],[-61.43081,16.4825],[-61.42463,16.47608],[-61.41723,16.47137],[-61.41005,16.46739],[-61.40894,16.45929],[-61.40642,16.44635],[-61.4005,16.4379],[-61.39855,16.42478],[-61.40093,16.41427],[-61.4036,16.40245],[-61.40583,16.38778],[-61.40181,16.37501],[-61.39271,16.36021],[-61.38381,16.34989],[-61.37671,16.3421],[-61.36746,16.33535],[-61.35567,16.33489],[-61.34469,16.33282],[-61.33214,16.33399],[-61.31523,16.33042],[-61.3008,16.32736],[-61.29167,16.32187],[-61.2818,16.31659],[-61.27234,16.31186],[-61.2636,16.30605],[-61.25449,16.29355],[-61.24575,16.27667],[-61.23358,16.26722],[-61.21824,16.26203],[-61.2025,16.25421],[-61.1945,16.25433],[-61.17927,16.24769],[-61.1752,16.24259],[-61.1902,16.24936],[-61.20259,16.24988],[-61.22099,16.25315],[-61.24365,16.25524],[-61.26578,16.25239],[-61.2733,16.25028],[-61.28677,16.24565],[-61.30256,16.24261],[-61.31707,16.24101],[-61.32441,16.24107],[-61.34107,16.2398],[-61.35968,16.23516],[-61.37204,16.2282],[-61.38831,16.22345],[-61.40055,16.21888],[-61.40859,16.21298],[-61.41989,16.20968],[-61.42556,16.2089],[-61.44246,16.20695],[-61.45513,16.20036],[-61.4655,16.19672],[-61.47855,16.20165],[-61.49298,16.20451],[-61.50768,16.20882],[-61.51704,16.21444],[-61.52838,16.21728],[-61.53048,16.21784]]],[[[-61.53721,16.21314],[-61.53959,16.21333],[-61.54281,16.21394],[-61.54342,16.21463],[-61.54387,16.21639],[-61.54273,16.21842],[-61.54199,16.21841],[-61.54028,16.21537],[-61.53733,16.21549],[-61.5364,16.21512],[-61.53468,16.21339],[-61.53721,16.21314]]],[[[-61.49116,16.19804],[-61.49209,16.19868],[-61.49175,16.20008],[-61.49064,16.19916],[-61.49116,16.19804]]]]},"properties":{"code":"971","nom":"Guadeloupe"}},{"type":"Feature","geometry":{"type":"MultiPolygon","coordinates":[[[[-60.86733,14.38867],[-60.86802,14.38922],[-60.86884,14.39063],[-60.86836,14.39257],[-60.86753,14.39265],[-60.86711,14.39206],[-60.86677,14.38903],[-60.86733,14.38867]]],[[[-61.03911,14.44191],[-61.0409,14.44324],[-61.04029,14.44441],[-61.03848,14.44453],[-61.03784,14.44344],[-61.03813,14.44236],[-61.03911,14.44191]]],[[[-60.82718,14.42792],[-60.82889,14.42861],[-60.83027,14.42975],[-60.8304,14.43061],[-60.82979,14.43188],[-60.82876,14.43223],[-60.82659,14.43199],[-60.82598,14.43289],[-60.82506,14.4313],[-60.82522,14.4299],[-60.82564,14.42895],[-60.82699,14.42837],[-60.82718,14.42792]]],[[[-60.83206,14.41609],[-60.83233,14.41713],[-60.83125,14.41834],[-60.83118,14.41667],[-60.83206,14.41609]]],[[[-60.83329,14.41022],[-60.83426,14.41086],[-60.83253,14.41149],[-60.83199,14.41049],[-60.83329,14.41022]]],[[[-60.97884,14.47404],[-60.97967,14.47436],[-60.98021,14.47631],[-60.97857,14.47747],[-60.97905,14.47557],[-60.97865,14.47467],[-60.97884,14.47404]]],[[[-60.8385,14.56636],[-60.83839,14.56767],[-60.83576,14.57037],[-60.83433,14.56972],[-60.83458,14.56774],[-60.83611,14.5673],[-60.8385,14.56636]]],[[[-60.98848,14.78623],[-60.98893,14.78755],[-60.9901,14.78714],[-60.99065,14.78792],[-60.98962,14.78873],[-60.98854,14.78908],[-60.98743,14.78898],[-60.98735,14.78785],[-60.98848,14.78623]]],[[[-60.87459,14.45045],[-60.87528,14.45105],[-60.87504,14.45208],[-60.87401,14.4518],[-60.87459,14.45045]]],[[[-60.86212,14.60803],[-60.85343,14.61366],[-60.85286,14.60994],[-60.86212,14.60803]]],[[[-60.84859,14.62338],[-60.85029,14.62516],[-60.84866,14.62582],[-60.84823,14.62699],[-60.84711,14.62698],[-60.84694,14.62585],[-60.84601,14.62521],[-60.84715,14.62405],[-60.84859,14.62338]]],[[[-60.86374,14.61813],[-60.8642,14.61917],[-60.86149,14.62019],[-60.86004,14.6209],[-60.85938,14.62171],[-60.85817,14.62202],[-60.8586,14.62071],[-60.85991,14.62008],[-60.86034,14.61882],[-60.86374,14.61813]]],[[[-60.85304,14.62934],[-60.85202,14.62888],[-60.85181,14.62685],[-60.85274,14.62609],[-60.8539,14.626],[-60.85446,14.6265],[-60.85374,14.62822],[-60.85304,14.62934]]],[[[-60.86461,14.60498],[-60.86502,14.60566],[-60.86413,14.60687],[-60.86301,14.607],[-60.86293,14.60582],[-60.8635,14.60511],[-60.86461,14.60498]]],[[[-61.02077,14.54663],[-61.02183,14.54732],[-61.02201,14.54827],[-61.02163,14.54899],[-61.0206,14.54966],[-61.01991,14.54961],[-61.01874,14.55009],[-61.01743,14.55031],[-61.01651,14.55017],[-61.01596,14.54894],[-61.0169,14.54773],[-61.01881,14.54766],[-61.01965,14.54685],[-61.02077,14.54663]]],[[[-61.07945,14.54328],[-61.0801,14.54391],[-61.07995,14.54487],[-61.07939,14.54531],[-61.07836,14.54472],[-61.07848,14.54359],[-61.07945,14.54328]]],[[[-60.96347,14.77143],[-60.96458,14.77261],[-60.96456,14.77442],[-60.96249,14.77287],[-60.9625,14.77165],[-60.96347,14.77143]]],[[[-60.87874,14.75458],[-60.87979,14.75599],[-60.88001,14.75744],[-60.87858,14.75693],[-60.87846,14.75476],[-60.87874,14.75458]]],[[[-60.93295,14.73016],[-60.93419,14.73121],[-60.93312,14.73152],[-60.93243,14.73097],[-60.93295,14.73016]]],[[[-60.87438,14.77566],[-60.87597,14.77576],[-60.87564,14.77689],[-60.87432,14.77706],[-60.87438,14.77566]]],[[[-61.11754,14.62759],[-61.12901,14.63143],[-61.13863,14.63725],[-61.14315,14.64506],[-61.14958,14.64859],[-61.15676,14.65651],[-61.16246,14.66839],[-61.1703,14.67993],[-61.17925,14.69379],[-61.18484,14.70852],[-61.18138,14.72519],[-61.17655,14.74121],[-61.18424,14.75492],[-61.19836,14.76673],[-61.2068,14.78053],[-61.22114,14.79488],[-61.22619,14.80698],[-61.22927,14.82211],[-61.22345,14.83428],[-61.2194,14.84461],[-61.21316,14.85175],[-61.20656,14.86166],[-61.19382,14.86613],[-61.18519,14.87005],[-61.17211,14.87561],[-61.15442,14.87729],[-61.13884,14.87777],[-61.12276,14.87195],[-61.10908,14.86692],[-61.09754,14.86168],[-61.08127,14.85161],[-61.07329,14.84468],[-61.06265,14.83871],[-61.048,14.83399],[-61.03973,14.83325],[-61.02959,14.82914],[-61.02472,14.82269],[-61.01893,14.81048],[-61.00679,14.81142],[-61.00279,14.80637],[-61.00431,14.79816],[-60.99665,14.78765],[-60.98933,14.78013],[-60.98019,14.77798],[-60.9803,14.77201],[-60.97408,14.76667],[-60.96759,14.75893],[-60.96509,14.74847],[-60.96247,14.74135],[-60.95675,14.73637],[-60.95266,14.74778],[-60.94525,14.75486],[-60.93511,14.76024],[-60.92969,14.76292],[-60.92276,14.7587],[-60.91126,14.76498],[-60.90525,14.76633],[-60.89646,14.77124],[-60.89069,14.77648],[-60.88604,14.77702],[-60.87583,14.77554],[-60.87473,14.76978],[-60.87342,14.76173],[-60.87769,14.75801],[-60.88367,14.76773],[-60.89206,14.76618],[-60.8941,14.75688],[-60.88955,14.75106],[-60.89583,14.74632],[-60.89466,14.7421],[-60.89304,14.73702],[-60.89693,14.7348],[-60.90817,14.73489],[-60.91189,14.74373],[-60.92216,14.74871],[-60.93344,14.74943],[-60.94067,14.74288],[-60.94302,14.7359],[-60.94151,14.73281],[-60.94618,14.72632],[-60.93987,14.71998],[-60.93118,14.72032],[-60.92635,14.71992],[-60.93083,14.71367],[-60.92456,14.70819],[-60.91846,14.71406],[-60.91443,14.71318],[-60.91498,14.70414],[-60.90465,14.70103],[-60.9014,14.69584],[-60.90887,14.69233],[-60.91237,14.6915],[-60.92164,14.68846],[-60.92621,14.67999],[-60.93525,14.68242],[-60.93834,14.67494],[-60.93995,14.66713],[-60.93481,14.66063],[-60.92726,14.65292],[-60.92015,14.65793],[-60.91419,14.66407],[-60.90901,14.66181],[-60.90387,14.66435],[-60.89828,14.66236],[-60.89375,14.65894],[-60.89049,14.66564],[-60.88287,14.66034],[-60.88467,14.65632],[-60.8896,14.65637],[-60.89556,14.65023],[-60.90189,14.64964],[-60.90401,14.64586],[-60.89583,14.64118],[-60.88891,14.64212],[-60.89392,14.63791],[-60.89201,14.63311],[-60.89516,14.63059],[-60.89725,14.62515],[-60.89443,14.61942],[-60.88663,14.61841],[-60.88203,14.61928],[-60.87662,14.62154],[-60.87058,14.61764],[-60.87797,14.61232],[-60.87143,14.60634],[-60.8721,14.60007],[-60.86856,14.59162],[-60.85472,14.59209],[-60.85129,14.59102],[-60.85046,14.5855],[-60.85156,14.58275],[-60.84413,14.57858],[-60.85191,14.57625],[-60.85157,14.56846],[-60.84295,14.5711],[-60.84248,14.5669],[-60.84331,14.55935],[-60.83132,14.56838],[-60.82912,14.56588],[-60.83553,14.5568],[-60.8361,14.54623],[-60.82822,14.54028],[-60.82767,14.53508],[-60.83678,14.53416],[-60.82829,14.53287],[-60.82572,14.5262],[-60.83303,14.52351],[-60.83526,14.51516],[-60.83292,14.51207],[-60.82247,14.50863],[-60.82279,14.49444],[-60.81789,14.49317],[-60.81064,14.48059],[-60.81666,14.47269],[-60.82202,14.47477],[-60.81844,14.46646],[-60.80949,14.46019],[-60.8175,14.45872],[-60.82364,14.45245],[-60.82451,14.44007],[-60.83167,14.43344],[-60.83522,14.42686],[-60.84051,14.42234],[-60.84911,14.42607],[-60.8444,14.42112],[-60.84293,14.41555],[-60.84053,14.41047],[-60.85034,14.40784],[-60.85593,14.40155],[-60.8594,14.39751],[-60.86665,14.39635],[-60.87814,14.39785],[-60.88511,14.40641],[-60.88659,14.41492],[-60.88919,14.42354],[-60.88292,14.43307],[-60.8845,14.44764],[-60.87972,14.44737],[-60.87224,14.44826],[-60.87197,14.45654],[-60.86533,14.45707],[-60.86322,14.46401],[-60.86608,14.47046],[-60.87512,14.47171],[-60.88167,14.46661],[-60.88808,14.46083],[-60.89262,14.45264],[-60.89991,14.45161],[-60.91143,14.46071],[-60.91307,14.46854],[-60.92046,14.46769],[-60.93192,14.46263],[-60.94308,14.46624],[-60.95627,14.46536],[-60.96632,14.47312],[-60.97508,14.46872],[-60.97956,14.4815],[-60.9833,14.47868],[-60.98701,14.47346],[-60.99102,14.47636],[-60.9906,14.46677],[-61.00024,14.47304],[-61.00634,14.47617],[-61.01086,14.47367],[-61.02092,14.48053],[-61.0446,14.47004],[-61.04728,14.46097],[-61.0602,14.45487],[-61.06767,14.4655],[-61.07989,14.46872],[-61.07924,14.47965],[-61.08275,14.49198],[-61.08978,14.49393],[-61.08406,14.50103],[-61.09269,14.50697],[-61.09761,14.5123],[-61.0945,14.52205],[-61.08994,14.52834],[-61.08771,14.53411],[-61.07888,14.5397],[-61.06927,14.53999],[-61.0618,14.54807],[-61.05303,14.55335],[-61.05236,14.56057],[-61.05075,14.55893],[-61.05127,14.55234],[-61.0407,14.5561],[-61.03886,14.54866],[-61.04069,14.54145],[-61.03006,14.54083],[-61.02475,14.53852],[-61.01714,14.53796],[-61.01249,14.53789],[-61.00546,14.5391],[-61.00097,14.54322],[-60.99544,14.54919],[-60.99094,14.54808],[-60.99557,14.55485],[-61.00114,14.55951],[-61.00973,14.56025],[-61.01156,14.56833],[-61.00993,14.57827],[-61.0175,14.58325],[-61.02354,14.58818],[-61.01893,14.59348],[-61.01966,14.60081],[-61.02172,14.60331],[-61.02055,14.60986],[-61.02405,14.61305],[-61.03159,14.60588],[-61.04029,14.60582],[-61.03686,14.59403],[-61.04508,14.59491],[-61.05216,14.59795],[-61.06095,14.59697],[-61.06146,14.60191],[-61.06614,14.59715],[-61.07558,14.60201],[-61.08605,14.59983],[-61.09442,14.60396],[-61.10024,14.61268],[-61.10828,14.62219],[-61.11754,14.62759]]],[[[-60.88901,14.68959],[-60.89728,14.69545],[-60.89113,14.69634],[-60.88029,14.69345],[-60.88705,14.69129],[-60.88901,14.68959]]],[[[-60.88764,14.62972],[-60.88829,14.62995],[-60.88869,14.63095],[-60.88863,14.63258],[-60.88997,14.6334],[-60.88992,14.63399],[-60.88893,14.63488],[-60.88773,14.63474],[-60.88778,14.63388],[-60.88705,14.63274],[-60.8858,14.63296],[-60.88482,14.63254],[-60.88507,14.63169],[-60.88637,14.63102],[-60.88764,14.62972]]],[[[-60.88249,14.68596],[-60.88352,14.68633],[-60.88398,14.68733],[-60.884,14.68828],[-60.88464,14.69],[-60.88426,14.6905],[-60.88229,14.68763],[-60.88207,14.68655],[-60.88249,14.68596]]],[[[-60.91081,14.68435],[-60.91127,14.68526],[-60.91024,14.68656],[-60.9091,14.68736],[-60.90904,14.68573],[-60.90979,14.68447],[-60.91081,14.68435]]],[[[-60.89998,14.68489],[-60.90086,14.68576],[-60.90188,14.6859],[-60.90164,14.68698],[-60.90029,14.68661],[-60.89898,14.68692],[-60.89979,14.6857],[-60.89998,14.68489]]],[[[-60.88311,14.66942],[-60.88398,14.6702],[-60.88393,14.67101],[-60.88285,14.67137],[-60.88161,14.67005],[-60.88311,14.66942]]]]},"properties":{"code":"972","nom":"Martinique"}},{"type":"Feature","geometry":{"type":"MultiPolygon","coordinates":[[[[-53.87049,5.74494],[-53.86464,5.74295],[-53.87793,5.73688],[-53.88376,5.7365],[-53.89443,5.73915],[-53.90175,5.74219],[-53.90259,5.74655],[-53.89909,5.74779],[-53.89023,5.74816],[-53.87914,5.74701],[-53.87049,5.74494]]],[[[-52.17969,4.89085],[-52.18157,4.88863],[-52.1902,4.89246],[-52.17997,4.89393],[-52.17969,4.89085]]],[[[-52.2032,4.92512],[-52.20617,4.92934],[-52.20104,4.93122],[-52.2032,4.92512]]],[[[-53.46939,5.56526],[-53.34998,5.54801],[-53.28022,5.54305],[-53.28356,5.54798],[-53.27474,5.56324],[-53.21061,5.53293],[-53.12817,5.50554],[-53.07247,5.46828],[-52.99177,5.43451],[-52.97088,5.45636],[-52.92714,5.43849],[-52.88256,5.39933],[-52.84703,5.36011],[-52.81769,5.32561],[-52.77617,5.28656],[-52.69708,5.21881],[-52.6283,5.16281],[-52.57599,5.10651],[-52.5567,5.09606],[-52.51335,5.06773],[-52.46036,5.01215],[-52.40689,4.96827],[-52.34629,4.9247],[-52.30229,4.95135],[-52.27202,4.92429],[-52.24634,4.88728],[-52.19647,4.84456],[-52.16974,4.81686],[-52.12234,4.78793],[-52.08087,4.76099],[-52.02352,4.71629],[-51.90374,4.67663],[-51.84427,4.65976],[-51.8024,4.61836],[-51.78127,4.55249],[-51.77194,4.47998],[-51.75238,4.41825],[-51.69958,4.39616],[-51.7134,4.36411],[-51.68898,4.27645],[-51.65739,4.2331],[-51.63098,4.18696],[-51.65251,4.06783],[-51.70874,4.01803],[-51.78101,3.96888],[-51.79086,3.90229],[-51.84557,3.84103],[-51.88414,3.80158],[-51.90306,3.78391],[-51.92207,3.76194],[-51.93558,3.71939],[-51.97773,3.68529],[-52.00262,3.60921],[-52.06041,3.51968],[-52.08015,3.4923],[-52.11398,3.43435],[-52.16247,3.35093],[-52.18908,3.30205],[-52.22324,3.254],[-52.26392,3.24503],[-52.30287,3.19905],[-52.32938,3.16625],[-52.34631,3.13639],[-52.34313,3.09328],[-52.34591,3.03902],[-52.37114,2.98854],[-52.392,2.93405],[-52.39015,2.8982],[-52.42551,2.88201],[-52.45158,2.83216],[-52.47589,2.77094],[-52.48844,2.73346],[-52.51069,2.69332],[-52.53343,2.65012],[-52.54549,2.63087],[-52.52768,2.58105],[-52.55961,2.5445],[-52.57412,2.50712],[-52.59379,2.47793],[-52.61029,2.45247],[-52.64473,2.41832],[-52.67024,2.3697],[-52.71899,2.35002],[-52.7647,2.32348],[-52.80372,2.2996],[-52.83937,2.28586],[-52.87347,2.25095],[-52.89212,2.21623],[-52.92131,2.19045],[-52.96006,2.1754],[-53.00501,2.17952],[-53.05613,2.19468],[-53.11198,2.22475],[-53.15863,2.2207],[-53.21086,2.20641],[-53.24869,2.20365],[-53.27529,2.20098],[-53.25902,2.23486],[-53.22685,2.26403],[-53.26792,2.29107],[-53.3021,2.31056],[-53.32167,2.34302],[-53.34669,2.3466],[-53.37214,2.31304],[-53.40634,2.28988],[-53.44482,2.27293],[-53.48404,2.2621],[-53.52588,2.25295],[-53.56681,2.26368],[-53.60047,2.27921],[-53.63446,2.27639],[-53.655,2.29863],[-53.68912,2.29504],[-53.71859,2.30902],[-53.7415,2.32165],[-53.72866,2.35254],[-53.74187,2.37341],[-53.77042,2.37113],[-53.80635,2.35426],[-53.83184,2.32678],[-53.83101,2.3082],[-53.86432,2.30449],[-53.88524,2.27513],[-53.91515,2.26927],[-53.93652,2.2635],[-53.9413,2.22353],[-53.97875,2.20677],[-54.0159,2.18255],[-54.05795,2.19209],[-54.08152,2.16591],[-54.09369,2.13978],[-54.11552,2.11747],[-54.1443,2.12041],[-54.17322,2.14446],[-54.19027,2.17666],[-54.22835,2.15224],[-54.28045,2.1464],[-54.32314,2.15441],[-54.35792,2.17514],[-54.35473,2.2025],[-54.40511,2.19915],[-54.44172,2.20519],[-54.47813,2.22861],[-54.50533,2.25499],[-54.53884,2.2725],[-54.53371,2.29254],[-54.54955,2.32537],[-54.58765,2.32163],[-54.58473,2.3495],[-54.53336,2.33919],[-54.51159,2.36003],[-54.48392,2.41918],[-54.43779,2.43029],[-54.39924,2.46768],[-54.37278,2.49127],[-54.35157,2.52943],[-54.32818,2.57452],[-54.31281,2.61336],[-54.29096,2.66067],[-54.26642,2.68884],[-54.24483,2.73272],[-54.21796,2.76059],[-54.19792,2.80436],[-54.19516,2.83099],[-54.19158,2.87233],[-54.19134,2.91936],[-54.17596,2.95774],[-54.18122,2.99318],[-54.17306,3.02534],[-54.19265,3.0621],[-54.18114,3.09083],[-54.18392,3.12587],[-54.21436,3.13286],[-54.20316,3.15761],[-54.19406,3.19709],[-54.16277,3.22993],[-54.11802,3.2847],[-54.06429,3.31269],[-54.05904,3.35949],[-54.03667,3.40282],[-54.00992,3.46381],[-54.00931,3.53556],[-53.98335,3.59999],[-54.00669,3.64855],[-54.05101,3.63506],[-54.08289,3.67444],[-54.08481,3.72389],[-54.1498,3.80417],[-54.20181,3.82328],[-54.22335,3.8556],[-54.24924,3.90887],[-54.29281,3.94458],[-54.3162,4.0081],[-54.35496,4.05698],[-54.34437,4.11348],[-54.33188,4.15335],[-54.37908,4.17696],[-54.38842,4.24581],[-54.39275,4.31314],[-54.40879,4.37053],[-54.43752,4.38667],[-54.43989,4.44004],[-54.4404,4.49911],[-54.42555,4.55859],[-54.42305,4.61706],[-54.42631,4.68321],[-54.44144,4.72487],[-54.46002,4.77781],[-54.46896,4.86342],[-54.46908,4.91515],[-54.4429,4.97987],[-54.41933,5.0517],[-54.37539,5.1079],[-54.34762,5.15829],[-54.27901,5.26252],[-54.20507,5.31128],[-54.14193,5.37062],[-54.09291,5.44054],[-54.03752,5.51014],[-54.00665,5.5893],[-53.97913,5.72389],[-53.89548,5.73309],[-53.78702,5.71871],[-53.72209,5.6859],[-53.66405,5.64999],[-53.61446,5.62222],[-53.53928,5.59128],[-53.46939,5.56526]]],[[[-52.58621,5.28484],[-52.59398,5.2869],[-52.59264,5.28935],[-52.58662,5.289],[-52.58621,5.28484]]],[[[-52.5851,5.29029],[-52.58314,5.29646],[-52.58002,5.29501],[-52.5851,5.29029]]]]},"properties":{"code":"973","nom":"Guyane"}},{"type":"Feature","geometry":{"type":"MultiPolygon","coordinates":[[[[45.04101,-12.64686],[45.04093,-12.64917],[45.03898,-12.64999],[45.03572,-12.65156],[45.0341,-12.65383],[45.03254,-12.65587],[45.03089,-12.65532],[45.02994,-12.65314],[45.02887,-12.64951],[45.02428,-12.64663],[45.02184,-12.64758],[45.01881,-12.64717],[45.01893,-12.64523],[45.0189,-12.64307],[45.02186,-12.64235],[45.02473,-12.64],[45.02524,-12.63799],[45.02701,-12.63667],[45.03077,-12.6387],[45.03323,-12.63998],[45.03565,-12.64266],[45.03736,-12.64427],[45.04056,-12.64656],[45.04101,-12.64686]]],[[[45.02801,-12.65673],[45.02691,-12.65754],[45.02795,-12.65542],[45.02801,-12.65673]]],[[[45.13822,-13.00341],[45.13703,-13.00471],[45.13769,-13.0019],[45.13822,-13.00341]]],[[[45.2342,-12.89812],[45.23343,-12.89988],[45.23237,-12.90149],[45.23157,-12.90104],[45.23034,-12.89954],[45.23005,-12.89822],[45.23045,-12.89578],[45.23239,-12.8954],[45.23408,-12.89691],[45.2342,-12.89812]]],[[[45.06653,-12.7597],[45.0663,-12.75988],[45.06612,-12.75985],[45.06636,-12.75955],[45.06653,-12.7595],[45.06653,-12.7597]]],[[[45.08976,-12.84651],[45.08966,-12.84694],[45.08957,-12.84697],[45.08929,-12.84683],[45.08907,-12.84707],[45.08893,-12.84714],[45.08873,-12.84707],[45.08857,-12.84687],[45.08866,-12.8466],[45.08881,-12.84649],[45.08894,-12.84625],[45.08932,-12.84611],[45.08949,-12.84598],[45.08974,-12.8464],[45.08976,-12.84651]]],[[[45.21881,-12.98296],[45.21604,-12.98632],[45.21703,-12.98268],[45.21841,-12.98159],[45.21881,-12.98296]]],[[[45.1604,-12.97564],[45.15978,-12.97592],[45.15946,-12.97587],[45.15955,-12.97567],[45.15978,-12.97554],[45.16031,-12.97546],[45.16073,-12.97533],[45.16078,-12.9754],[45.16105,-12.97534],[45.1609,-12.97567],[45.16068,-12.97561],[45.1604,-12.97564]]],[[[45.14365,-12.91995],[45.14207,-12.92168],[45.14095,-12.92175],[45.13938,-12.92091],[45.14115,-12.91839],[45.14279,-12.91793],[45.14365,-12.91995]]],[[[45.20258,-12.93363],[45.20114,-12.93447],[45.19917,-12.93317],[45.19984,-12.9324],[45.20258,-12.93363]]],[[[45.20736,-12.92046],[45.20641,-12.92063],[45.20675,-12.9202],[45.20736,-12.92046]]],[[[45.20585,-12.91095],[45.20535,-12.91109],[45.20561,-12.91086],[45.20585,-12.91095]]],[[[45.20534,-12.90965],[45.2052,-12.90982],[45.20502,-12.90977],[45.20522,-12.9096],[45.20534,-12.90965]]],[[[45.12806,-12.72462],[45.12851,-12.72483],[45.12836,-12.7249],[45.1279,-12.72475],[45.12778,-12.72463],[45.12768,-12.72436],[45.12785,-12.72431],[45.12806,-12.72462]]],[[[45.17379,-12.71833],[45.1735,-12.71845],[45.17327,-12.71881],[45.17314,-12.71866],[45.17342,-12.71834],[45.17372,-12.71816],[45.17379,-12.71833]]],[[[45.12781,-12.72325],[45.12775,-12.72349],[45.12757,-12.72337],[45.1277,-12.72311],[45.12781,-12.72325]]],[[[45.19556,-12.90685],[45.19559,-12.90717],[45.19548,-12.9072],[45.19544,-12.90692],[45.19556,-12.90685]]],[[[45.11818,-12.67502],[45.11671,-12.67598],[45.11396,-12.67569],[45.11148,-12.6758],[45.11226,-12.67408],[45.11468,-12.67416],[45.11808,-12.67486],[45.11818,-12.67502]]],[[[45.05929,-12.67671],[45.05767,-12.67743],[45.05616,-12.67757],[45.0553,-12.67642],[45.05682,-12.67618],[45.05821,-12.67565],[45.05924,-12.6753],[45.05929,-12.67671]]],[[[45.04898,-12.67178],[45.04796,-12.67246],[45.04647,-12.67149],[45.04898,-12.67178]]],[[[45.13021,-12.68939],[45.12994,-12.68952],[45.1293,-12.68964],[45.12881,-12.68979],[45.12854,-12.68974],[45.12832,-12.68938],[45.12814,-12.68916],[45.12824,-12.68907],[45.12849,-12.68906],[45.12894,-12.68911],[45.12954,-12.68912],[45.13011,-12.68927],[45.13021,-12.68939]]],[[[45.11909,-12.68858],[45.11878,-12.68869],[45.1187,-12.68853],[45.11898,-12.68848],[45.11909,-12.68858]]],[[[45.05146,-12.67552],[45.0516,-12.67576],[45.05141,-12.67579],[45.05132,-12.6756],[45.05146,-12.67552]]],[[[45.09984,-12.80194],[45.10025,-12.7984],[45.10202,-12.79666],[45.10534,-12.79621],[45.1078,-12.79544],[45.11003,-12.7958],[45.11183,-12.79643],[45.11247,-12.79444],[45.1113,-12.79258],[45.10996,-12.79171],[45.10757,-12.79108],[45.10596,-12.79237],[45.10343,-12.7929],[45.1007,-12.79265],[45.09768,-12.7924],[45.09676,-12.79053],[45.09696,-12.78785],[45.09709,-12.78639],[45.09816,-12.78479],[45.09653,-12.78497],[45.09613,-12.7868],[45.0945,-12.7849],[45.0949,-12.78451],[45.09688,-12.78336],[45.09842,-12.78219],[45.09983,-12.78087],[45.10193,-12.78031],[45.10109,-12.77774],[45.10141,-12.7747],[45.10336,-12.77227],[45.10204,-12.76955],[45.10205,-12.76791],[45.10204,-12.76669],[45.10068,-12.76568],[45.09772,-12.76596],[45.0958,-12.76622],[45.09461,-12.76796],[45.09509,-12.7687],[45.09329,-12.77094],[45.09169,-12.77046],[45.08996,-12.76827],[45.08746,-12.76601],[45.08592,-12.76524],[45.0818,-12.7641],[45.07965,-12.76556],[45.07806,-12.76677],[45.07575,-12.76574],[45.07384,-12.76481],[45.07282,-12.76164],[45.07021,-12.76001],[45.0684,-12.75867],[45.06562,-12.75748],[45.06447,-12.75503],[45.06287,-12.75284],[45.06086,-12.75137],[45.05894,-12.75134],[45.05704,-12.7509],[45.05477,-12.75182],[45.05343,-12.7548],[45.05152,-12.75611],[45.05039,-12.75378],[45.049,-12.75109],[45.04646,-12.75101],[45.04495,-12.74951],[45.0436,-12.74874],[45.04263,-12.7467],[45.04253,-12.74449],[45.04471,-12.74225],[45.04615,-12.73985],[45.05061,-12.73855],[45.05395,-12.73518],[45.05599,-12.73172],[45.05733,-12.72902],[45.05726,-12.72633],[45.05599,-12.72419],[45.05294,-12.72344],[45.0501,-12.72258],[45.0455,-12.72255],[45.04254,-12.72342],[45.04002,-12.72281],[45.04153,-12.72167],[45.04402,-12.72016],[45.04555,-12.71798],[45.04779,-12.71574],[45.04852,-12.71342],[45.05032,-12.7113],[45.05118,-12.70923],[45.05081,-12.70637],[45.05024,-12.70468],[45.04977,-12.70357],[45.05128,-12.70178],[45.05172,-12.70012],[45.05446,-12.70106],[45.05749,-12.70145],[45.05972,-12.70099],[45.06198,-12.70188],[45.06438,-12.70023],[45.06731,-12.69899],[45.0693,-12.69618],[45.06747,-12.69436],[45.06923,-12.69502],[45.07154,-12.69308],[45.07334,-12.69031],[45.07304,-12.68552],[45.07085,-12.68364],[45.06839,-12.6836],[45.06666,-12.68196],[45.06703,-12.68116],[45.07078,-12.68266],[45.0748,-12.68343],[45.07812,-12.68328],[45.08206,-12.68064],[45.08293,-12.67776],[45.08222,-12.67532],[45.08275,-12.67318],[45.0832,-12.67078],[45.08558,-12.66996],[45.08531,-12.66847],[45.08624,-12.6663],[45.08933,-12.66585],[45.09157,-12.66481],[45.09351,-12.6624],[45.09321,-12.6597],[45.09276,-12.65729],[45.09496,-12.65865],[45.09867,-12.65758],[45.10101,-12.6563],[45.10226,-12.65441],[45.10378,-12.65262],[45.10515,-12.65087],[45.10691,-12.65233],[45.10483,-12.65417],[45.10256,-12.65661],[45.10223,-12.65896],[45.10344,-12.66106],[45.10561,-12.66193],[45.10355,-12.66244],[45.09994,-12.66325],[45.09569,-12.66485],[45.09155,-12.66722],[45.08873,-12.66863],[45.08878,-12.67128],[45.09154,-12.67247],[45.09565,-12.67272],[45.09727,-12.67447],[45.10146,-12.67571],[45.10401,-12.67646],[45.10394,-12.67756],[45.101,-12.68044],[45.1018,-12.68265],[45.10557,-12.68323],[45.1083,-12.68407],[45.1108,-12.68606],[45.11359,-12.68801],[45.11159,-12.68873],[45.11115,-12.6908],[45.11218,-12.69316],[45.11489,-12.69593],[45.11908,-12.69742],[45.12338,-12.6997],[45.12827,-12.70138],[45.13047,-12.70132],[45.12962,-12.70387],[45.1267,-12.70244],[45.12431,-12.70391],[45.12261,-12.70601],[45.12323,-12.70718],[45.12357,-12.70945],[45.12596,-12.71221],[45.12877,-12.71483],[45.13016,-12.71764],[45.12941,-12.72003],[45.13085,-12.72225],[45.12796,-12.72279],[45.12521,-12.72353],[45.12246,-12.72295],[45.1217,-12.72286],[45.12362,-12.72316],[45.1264,-12.72318],[45.1263,-12.72409],[45.12597,-12.72632],[45.12895,-12.72748],[45.13029,-12.72965],[45.13207,-12.72972],[45.13459,-12.73113],[45.13745,-12.73081],[45.13796,-12.73302],[45.13938,-12.73327],[45.1401,-12.7346],[45.13995,-12.73372],[45.13891,-12.73257],[45.13766,-12.73234],[45.13966,-12.73262],[45.14229,-12.73331],[45.14418,-12.73151],[45.14318,-12.7291],[45.14044,-12.72887],[45.14288,-12.72837],[45.14561,-12.72828],[45.14787,-12.72817],[45.1508,-12.7294],[45.14998,-12.73076],[45.15021,-12.73282],[45.15147,-12.73511],[45.15411,-12.73671],[45.15786,-12.73515],[45.15994,-12.73267],[45.16127,-12.73214],[45.16214,-12.73017],[45.16251,-12.72746],[45.16479,-12.72622],[45.16358,-12.72436],[45.16568,-12.72417],[45.16632,-12.72154],[45.16421,-12.72093],[45.1652,-12.71861],[45.16702,-12.71865],[45.17014,-12.72325],[45.17135,-12.72637],[45.17328,-12.72727],[45.17602,-12.72916],[45.17825,-12.73024],[45.18062,-12.72887],[45.18257,-12.72723],[45.18524,-12.72797],[45.18782,-12.72928],[45.18952,-12.72821],[45.19179,-12.72939],[45.19339,-12.7303],[45.19648,-12.73095],[45.19813,-12.73011],[45.20099,-12.73079],[45.20252,-12.73035],[45.20511,-12.73103],[45.20645,-12.73246],[45.20646,-12.73414],[45.2093,-12.73492],[45.21028,-12.73554],[45.21212,-12.73429],[45.21276,-12.73242],[45.2142,-12.73244],[45.21412,-12.73407],[45.21372,-12.73582],[45.21185,-12.73759],[45.21306,-12.74055],[45.21626,-12.74202],[45.21884,-12.743],[45.2221,-12.74463],[45.22468,-12.74375],[45.2261,-12.74453],[45.22662,-12.74616],[45.2279,-12.74884],[45.22944,-12.75049],[45.23125,-12.75201],[45.23386,-12.75223],[45.23585,-12.75243],[45.23662,-12.75476],[45.23522,-12.75698],[45.23657,-12.75953],[45.23871,-12.76039],[45.2399,-12.76182],[45.23859,-12.76332],[45.23578,-12.76522],[45.23601,-12.76732],[45.23469,-12.771],[45.23406,-12.7733],[45.2317,-12.7732],[45.2297,-12.77313],[45.23085,-12.77118],[45.23352,-12.76872],[45.23234,-12.76666],[45.23096,-12.76227],[45.23017,-12.76382],[45.23115,-12.76649],[45.23021,-12.76725],[45.22909,-12.76891],[45.22827,-12.76836],[45.22945,-12.76944],[45.22758,-12.77011],[45.22733,-12.77096],[45.2277,-12.77266],[45.22628,-12.77418],[45.22658,-12.77508],[45.22841,-12.77512],[45.23118,-12.7755],[45.23334,-12.77684],[45.23259,-12.77801],[45.2328,-12.77936],[45.23536,-12.78179],[45.23747,-12.78136],[45.2381,-12.78335],[45.23763,-12.78466],[45.23558,-12.78608],[45.23486,-12.78355],[45.23026,-12.78401],[45.2303,-12.78604],[45.22978,-12.78609],[45.2265,-12.78673],[45.22439,-12.78945],[45.22249,-12.79012],[45.22172,-12.79023],[45.22161,-12.79198],[45.21774,-12.7948],[45.21637,-12.79572],[45.21585,-12.79987],[45.21559,-12.80121],[45.21443,-12.8024],[45.21091,-12.80515],[45.20979,-12.80647],[45.20935,-12.80612],[45.20604,-12.80827],[45.20463,-12.8088],[45.20375,-12.80954],[45.20309,-12.81015],[45.20383,-12.81254],[45.205,-12.81269],[45.20391,-12.81549],[45.20377,-12.81817],[45.20216,-12.82031],[45.20073,-12.8204],[45.19797,-12.8221],[45.1954,-12.8235],[45.19337,-12.82684],[45.19301,-12.82989],[45.19218,-12.82946],[45.19223,-12.83104],[45.19295,-12.83111],[45.19517,-12.83107],[45.19773,-12.83064],[45.19639,-12.83315],[45.19378,-12.83448],[45.1911,-12.83705],[45.18931,-12.8386],[45.18548,-12.8383],[45.18584,-12.84089],[45.18407,-12.84207],[45.18613,-12.84179],[45.18767,-12.8436],[45.18962,-12.84264],[45.19249,-12.84283],[45.19427,-12.84458],[45.19519,-12.84558],[45.19523,-12.84589],[45.19546,-12.85029],[45.19666,-12.8537],[45.19863,-12.85558],[45.20042,-12.85403],[45.20177,-12.85661],[45.20223,-12.85993],[45.2013,-12.86109],[45.20153,-12.86268],[45.20298,-12.86328],[45.20468,-12.86308],[45.20685,-12.86366],[45.20983,-12.86243],[45.21276,-12.86353],[45.21116,-12.86592],[45.21152,-12.87126],[45.21565,-12.87275],[45.22114,-12.87123],[45.22138,-12.87388],[45.21902,-12.87563],[45.21763,-12.8785],[45.21601,-12.88124],[45.21691,-12.8843],[45.21735,-12.88589],[45.21491,-12.88684],[45.21149,-12.88972],[45.21083,-12.89139],[45.20733,-12.89252],[45.20476,-12.89298],[45.20177,-12.89482],[45.19938,-12.89611],[45.19674,-12.89744],[45.19641,-12.89769],[45.19672,-12.89999],[45.19541,-12.90282],[45.19539,-12.90565],[45.19536,-12.90411],[45.19434,-12.90504],[45.19273,-12.90619],[45.19412,-12.9076],[45.19602,-12.90742],[45.19497,-12.90963],[45.19655,-12.91031],[45.19669,-12.9131],[45.19899,-12.91521],[45.20145,-12.91706],[45.20346,-12.91915],[45.20426,-12.92014],[45.20042,-12.92024],[45.19753,-12.91923],[45.19508,-12.91754],[45.19042,-12.917],[45.18645,-12.91703],[45.18424,-12.92014],[45.18464,-12.92327],[45.18335,-12.92468],[45.18047,-12.92517],[45.17827,-12.92774],[45.17611,-12.93199],[45.17625,-12.9355],[45.17823,-12.93718],[45.17965,-12.94056],[45.17937,-12.94334],[45.17735,-12.94295],[45.1739,-12.9414],[45.17048,-12.9436],[45.17031,-12.94298],[45.16972,-12.94439],[45.16926,-12.9462],[45.16898,-12.94984],[45.17035,-12.95229],[45.1732,-12.95447],[45.17535,-12.95708],[45.17598,-12.96042],[45.17674,-12.96402],[45.17692,-12.96537],[45.17779,-12.96541],[45.18025,-12.96688],[45.18279,-12.96841],[45.18657,-12.97013],[45.1905,-12.97143],[45.19222,-12.97382],[45.19299,-12.97552],[45.19405,-12.9751],[45.19782,-12.97465],[45.20221,-12.97445],[45.20426,-12.97507],[45.20218,-12.97719],[45.20081,-12.97986],[45.19867,-12.98144],[45.19655,-12.98294],[45.19533,-12.98426],[45.19424,-12.9853],[45.19275,-12.98749],[45.18979,-12.98584],[45.18608,-12.98403],[45.18239,-12.9842],[45.18189,-12.98446],[45.18045,-12.9852],[45.17896,-12.98819],[45.17753,-12.99103],[45.1789,-12.99373],[45.17818,-12.99497],[45.17561,-12.99501],[45.17558,-12.99263],[45.17448,-12.98951],[45.17444,-12.98685],[45.17433,-12.98431],[45.17287,-12.98181],[45.17219,-12.97903],[45.16937,-12.97651],[45.1677,-12.97558],[45.16388,-12.97526],[45.16214,-12.97561],[45.16218,-12.97529],[45.16087,-12.97436],[45.1608,-12.97298],[45.16033,-12.97349],[45.15919,-12.97543],[45.1579,-12.97693],[45.15915,-12.9772],[45.15775,-12.9787],[45.15628,-12.98111],[45.15697,-12.98432],[45.15767,-12.98724],[45.15628,-12.99046],[45.15521,-12.99259],[45.1536,-12.99521],[45.15199,-12.99759],[45.14945,-12.99952],[45.14696,-12.99915],[45.14517,-12.99942],[45.14241,-12.99961],[45.14048,-12.99665],[45.13952,-12.99357],[45.13912,-12.99167],[45.13549,-12.99069],[45.13572,-12.98966],[45.13384,-12.98999],[45.1331,-12.98905],[45.13302,-12.99093],[45.13152,-12.99295],[45.12991,-12.99466],[45.12678,-12.99512],[45.12633,-12.99383],[45.12503,-12.9909],[45.12638,-12.98721],[45.12544,-12.98476],[45.1246,-12.9826],[45.12504,-12.97991],[45.12426,-12.98165],[45.12108,-12.98073],[45.1177,-12.98055],[45.11525,-12.98137],[45.11253,-12.98403],[45.1109,-12.98632],[45.10993,-12.9893],[45.1094,-12.9915],[45.10881,-12.99389],[45.10783,-12.99118],[45.1056,-12.98777],[45.10745,-12.98426],[45.10823,-12.98144],[45.10735,-12.97935],[45.10721,-12.97641],[45.10745,-12.97293],[45.10961,-12.97013],[45.11076,-12.9674],[45.11068,-12.9644],[45.11089,-12.96079],[45.10912,-12.95927],[45.10746,-12.95698],[45.10667,-12.95799],[45.10446,-12.95773],[45.10334,-12.95945],[45.1012,-12.96127],[45.10042,-12.96326],[45.09761,-12.96428],[45.0949,-12.96566],[45.09093,-12.9658],[45.08875,-12.96476],[45.08487,-12.96196],[45.08153,-12.96185],[45.07915,-12.96277],[45.08103,-12.96056],[45.08376,-12.95894],[45.08664,-12.95732],[45.08816,-12.95627],[45.0925,-12.95478],[45.09552,-12.95252],[45.09822,-12.94888],[45.10067,-12.94633],[45.10155,-12.94292],[45.10175,-12.93978],[45.1017,-12.93714],[45.10379,-12.93379],[45.10375,-12.9308],[45.10109,-12.92677],[45.09676,-12.92496],[45.09497,-12.9262],[45.09251,-12.92762],[45.0901,-12.92911],[45.08769,-12.92977],[45.08851,-12.92804],[45.08885,-12.9251],[45.0867,-12.92207],[45.08385,-12.92212],[45.08264,-12.91961],[45.08094,-12.91658],[45.0792,-12.9128],[45.0788,-12.90973],[45.07787,-12.90698],[45.07719,-12.90512],[45.07518,-12.90294],[45.07204,-12.90212],[45.07178,-12.90023],[45.07201,-12.8995],[45.07477,-12.89915],[45.07922,-12.89861],[45.08276,-12.89862],[45.08483,-12.89781],[45.08796,-12.89844],[45.09064,-12.89841],[45.09459,-12.89855],[45.09792,-12.89857],[45.09935,-12.90013],[45.10156,-12.9026],[45.10225,-12.9053],[45.102,-12.90776],[45.10199,-12.91211],[45.10195,-12.91389],[45.10271,-12.91861],[45.10387,-12.92067],[45.1058,-12.92262],[45.10797,-12.92427],[45.11164,-12.92511],[45.11542,-12.92622],[45.11731,-12.92753],[45.12174,-12.92906],[45.12451,-12.92981],[45.12395,-12.93212],[45.12565,-12.93343],[45.12839,-12.93453],[45.13138,-12.93601],[45.1359,-12.93634],[45.13673,-12.93726],[45.13701,-12.93703],[45.13827,-12.93593],[45.14106,-12.93632],[45.14548,-12.9357],[45.14789,-12.93376],[45.1494,-12.93293],[45.15098,-12.93122],[45.15121,-12.92877],[45.15233,-12.92635],[45.15437,-12.92491],[45.15497,-12.92356],[45.15406,-12.92118],[45.15373,-12.91847],[45.15269,-12.91628],[45.15128,-12.91496],[45.15023,-12.91375],[45.14968,-12.91188],[45.14877,-12.91093],[45.14888,-12.90849],[45.14762,-12.9077],[45.1453,-12.90564],[45.14408,-12.90444],[45.1449,-12.90214],[45.14541,-12.90033],[45.14397,-12.89863],[45.14189,-12.89604],[45.14059,-12.89556],[45.14107,-12.89772],[45.14081,-12.89813],[45.1398,-12.89452],[45.14074,-12.89386],[45.13827,-12.89137],[45.13744,-12.89032],[45.1356,-12.88952],[45.13288,-12.88866],[45.13115,-12.8865],[45.13126,-12.88439],[45.12934,-12.88411],[45.12785,-12.88311],[45.12571,-12.88196],[45.12341,-12.8815],[45.12156,-12.87955],[45.11955,-12.87702],[45.11785,-12.87469],[45.11649,-12.87252],[45.11515,-12.86992],[45.1141,-12.86736],[45.11232,-12.86471],[45.10836,-12.86325],[45.1052,-12.86325],[45.1031,-12.86137],[45.10022,-12.86013],[45.09877,-12.85765],[45.09573,-12.85458],[45.09277,-12.85252],[45.09443,-12.8509],[45.09634,-12.8513],[45.10024,-12.84782],[45.10188,-12.8446],[45.10326,-12.84369],[45.1078,-12.84388],[45.11077,-12.84419],[45.11371,-12.84401],[45.11635,-12.8437],[45.11783,-12.84155],[45.11969,-12.83995],[45.12073,-12.83967],[45.1191,-12.83944],[45.11696,-12.83904],[45.11312,-12.83734],[45.11061,-12.83662],[45.10698,-12.83638],[45.10368,-12.83544],[45.10124,-12.83456],[45.10143,-12.83051],[45.10249,-12.82805],[45.10339,-12.82512],[45.10386,-12.8222],[45.10412,-12.82048],[45.10623,-12.81893],[45.10565,-12.81369],[45.1049,-12.8129],[45.10266,-12.81056],[45.10146,-12.81001],[45.10015,-12.80771],[45.10037,-12.80578],[45.09936,-12.80371],[45.09984,-12.80194]]],[[[45.27135,-12.79331],[45.26863,-12.79165],[45.26767,-12.78983],[45.26398,-12.78794],[45.26153,-12.78789],[45.26037,-12.78663],[45.25748,-12.78385],[45.25559,-12.78377],[45.25422,-12.78293],[45.25451,-12.78111],[45.25704,-12.78084],[45.25857,-12.78406],[45.26113,-12.78521],[45.26403,-12.78744],[45.26723,-12.78946],[45.26809,-12.78698],[45.27124,-12.78598],[45.27105,-12.78458],[45.2716,-12.78274],[45.27271,-12.78157],[45.27417,-12.77875],[45.27431,-12.77681],[45.27556,-12.77494],[45.27701,-12.77317],[45.27631,-12.77028],[45.27907,-12.76705],[45.2825,-12.76241],[45.28419,-12.75958],[45.28615,-12.76031],[45.28831,-12.76381],[45.29034,-12.76599],[45.29248,-12.76772],[45.29347,-12.76993],[45.29383,-12.77237],[45.29394,-12.77574],[45.29599,-12.77674],[45.29735,-12.77844],[45.29791,-12.78041],[45.29551,-12.78096],[45.29775,-12.78305],[45.29942,-12.78234],[45.29989,-12.78503],[45.29804,-12.78342],[45.29546,-12.78565],[45.29478,-12.78709],[45.29468,-12.78952],[45.29602,-12.79107],[45.29528,-12.79356],[45.29705,-12.79463],[45.29461,-12.7977],[45.29261,-12.79927],[45.2898,-12.79935],[45.28697,-12.79972],[45.2852,-12.80262],[45.2844,-12.80677],[45.28511,-12.81253],[45.28609,-12.81779],[45.28341,-12.81365],[45.27995,-12.81246],[45.27904,-12.80895],[45.27865,-12.80553],[45.27534,-12.80045],[45.27277,-12.79652],[45.27206,-12.79414],[45.27135,-12.79331]]],[[[45.23781,-12.80976],[45.239,-12.80993],[45.24027,-12.81203],[45.23943,-12.81394],[45.23802,-12.81484],[45.23659,-12.81572],[45.23471,-12.81607],[45.23293,-12.81684],[45.23264,-12.81446],[45.23064,-12.81359],[45.2321,-12.81133],[45.23165,-12.80904],[45.23115,-12.80743],[45.23317,-12.8056],[45.23504,-12.80465],[45.2364,-12.80642],[45.23745,-12.80826],[45.23746,-12.80952],[45.23781,-12.80976]]],[[[45.26908,-12.78042],[45.26751,-12.78144],[45.26579,-12.78023],[45.26821,-12.77926],[45.26908,-12.78042]]],[[[45.20722,-12.80973],[45.20493,-12.81134],[45.20543,-12.81017],[45.20651,-12.8089],[45.20941,-12.8072],[45.20744,-12.80946],[45.20722,-12.80973]]],[[[45.27071,-12.77751],[45.27083,-12.77776],[45.2708,-12.77804],[45.27041,-12.7783],[45.27011,-12.77835],[45.26982,-12.77829],[45.26958,-12.7783],[45.26936,-12.77823],[45.26941,-12.77805],[45.26958,-12.7779],[45.26981,-12.77746],[45.26994,-12.77711],[45.27009,-12.77698],[45.27027,-12.77698],[45.2705,-12.77709],[45.27071,-12.77751]]]]},"properties":{"code":"976","nom":"Mayotte"}},{"type":"Feature","geometry":{"type":"Polygon","coordinates":[[[4.78021,46.17668],[4.79495,46.21938],[4.81156,46.24993],[4.82596,46.27479],[4.84319,46.31523],[4.85227,46.34711],[4.87384,46.38467],[4.89131,46.42517],[4.90721,46.45503],[4.91439,46.48586],[4.93142,46.50921],[4.94125,46.51965],[4.9521,46.51081],[4.95245,46.50329],[4.97168,46.50725],[4.98355,46.51539],[5.01156,46.50965],[5.02038,46.49805],[5.0461,46.48971],[5.06205,46.48556],[5.08726,46.49187],[5.10165,46.4957],[5.12941,46.50034],[5.13933,46.50945],[5.16535,46.50697],[5.17184,46.51639],[5.19494,46.50812],[5.20438,46.49555],[5.20786,46.48628],[5.21585,46.47446],[5.23312,46.46129],[5.24826,46.45811],[5.26619,46.45116],[5.29385,46.44954],[5.3149,46.44513],[5.32325,46.42983],[5.31248,46.42421],[5.30699,46.41477],[5.32076,46.40477],[5.33421,46.3974],[5.35196,46.39472],[5.3709,46.38678],[5.36378,46.37199],[5.37576,46.35843],[5.3873,46.34268],[5.40469,46.32474],[5.41375,46.32535],[5.41842,46.34603],[5.43538,46.31954],[5.45868,46.32246],[5.4689,46.317],[5.46596,46.29182],[5.46182,46.27163],[5.48332,46.26743],[5.50599,46.26667],[5.5391,46.2688],[5.56262,46.28992],[5.59354,46.29436],[5.60752,46.31191],[5.62534,46.32954],[5.64314,46.34478],[5.64804,46.32345],[5.68038,46.31875],[5.71027,46.30935],[5.71566,46.2829],[5.73336,46.26378],[5.77727,46.26618],[5.84064,46.26222],[5.86907,46.26624],[5.88926,46.27997],[5.91646,46.29371],[5.92344,46.31196],[5.9477,46.31798],[5.96135,46.33475],[5.97807,46.35232],[5.98857,46.3644],[6.0146,46.37609],[6.03011,46.38793],[6.04443,46.40236],[6.0673,46.41494],[6.11294,46.39984],[6.15707,46.3776],[6.16136,46.35984],[6.14068,46.34045],[6.13384,46.32802],[6.12412,46.31542],[6.12197,46.2995],[6.11143,46.29171],[6.10888,46.27481],[6.11981,46.26085],[6.121,46.24829],[6.08437,46.24689],[6.06318,46.2457],[6.04616,46.23118],[6.01291,46.23077],[6.00346,46.22209],[5.99376,46.21859],[5.96921,46.20091],[5.99529,46.18299],[5.98494,46.17354],[5.9676,46.14956],[5.95845,46.13382],[5.92937,46.12805],[5.90353,46.12003],[5.88759,46.10405],[5.88745,46.08582],[5.85567,46.08677],[5.83155,46.10625],[5.82269,46.09225],[5.8106,46.07403],[5.8128,46.05189],[5.81198,46.02769],[5.80953,46.00538],[5.82587,45.97885],[5.83502,45.95111],[5.82288,45.93185],[5.82854,45.9093],[5.78564,45.8211],[5.78423,45.79129],[5.77904,45.75989],[5.76984,45.74131],[5.76091,45.71578],[5.74045,45.70901],[5.70835,45.71057],[5.70976,45.68648],[5.68377,45.66367],[5.67812,45.63836],[5.64863,45.63135],[5.63402,45.61251],[5.61066,45.63166],[5.58845,45.65924],[5.56932,45.67213],[5.55171,45.67402],[5.54595,45.69733],[5.5618,45.68832],[5.57575,45.69179],[5.55417,45.70484],[5.52567,45.71673],[5.50261,45.74016],[5.47157,45.76548],[5.43482,45.79814],[5.42255,45.82378],[5.42847,45.83631],[5.40958,45.85318],[5.36403,45.87872],[5.3357,45.87466],[5.30648,45.85037],[5.29062,45.82026],[5.27386,45.79567],[5.23089,45.77158],[5.1971,45.77114],[5.18223,45.78831],[5.16037,45.80231],[5.13202,45.80774],[5.11445,45.79914],[5.10107,45.81338],[5.04934,45.81211],[5.01345,45.80506],[4.98001,45.80563],[4.94097,45.80874],[4.9191,45.81726],[4.92135,45.83088],[4.91713,45.8453],[4.90057,45.8576],[4.90208,45.87598],[4.87648,45.89654],[4.85316,45.90678],[4.82966,45.9061],[4.80518,45.89633],[4.80586,45.92157],[4.78008,45.93639],[4.7469,45.93724],[4.73438,45.95335],[4.74982,45.99051],[4.74398,46.02065],[4.74025,46.049],[4.76023,46.07247],[4.74842,46.09212],[4.77152,46.11552],[4.80065,46.1459],[4.78425,46.1684],[4.78021,46.17668]]]},"properties":{"code":"01","nom":"Ain"}},{"type":"Feature","geometry":{"type":"Polygon","coordinates":[[[3.17296,50.01131],[3.19783,50.01661],[3.22678,50.03021],[3.24521,50.02812],[3.27533,50.02451],[3.28398,50.01596],[3.31307,50.01995],[3.34147,50.02218],[3.35214,50.03575],[3.37909,50.03579],[3.39891,50.03476],[3.42697,50.02514],[3.46543,50.01993],[3.49584,50.02471],[3.51891,50.03563],[3.53576,50.04562],[3.54136,50.05521],[3.57913,50.04723],[3.60472,50.03657],[3.6251,50.03077],[3.65124,50.03484],[3.65807,50.041],[3.658,50.04448],[3.67584,50.05592],[3.69803,50.06294],[3.72445,50.06345],[3.75622,50.05124],[3.77981,50.046],[3.80278,50.04559],[3.84312,50.04314],[3.87503,50.03657],[3.88969,50.02264],[3.8953,50.01565],[3.92129,50.02502],[3.94831,50.02955],[3.98231,50.04443],[3.98216,50.00696],[4.0066,49.99343],[4.03416,49.98578],[4.08713,49.96919],[4.11341,49.97421],[4.14407,49.97625],[4.16363,49.9758],[4.19121,49.96964],[4.19486,49.95679],[4.22065,49.95783],[4.22992,49.94619],[4.22029,49.93029],[4.23339,49.90939],[4.2509,49.88886],[4.24445,49.85257],[4.22359,49.83411],[4.21959,49.81426],[4.22236,49.78722],[4.22005,49.77311],[4.24195,49.76249],[4.22971,49.74661],[4.22803,49.73093],[4.21092,49.72428],[4.19383,49.71613],[4.18649,49.70569],[4.16505,49.69503],[4.14649,49.68172],[4.12968,49.67811],[4.12291,49.64827],[4.11158,49.63435],[4.08209,49.63152],[4.06198,49.636],[4.04015,49.63507],[4.03385,49.62289],[4.04729,49.59953],[4.05793,49.59155],[4.06149,49.57512],[4.07657,49.57113],[4.06533,49.56036],[4.05808,49.55427],[4.06351,49.54393],[4.07742,49.52451],[4.05662,49.52104],[4.04316,49.50833],[4.04237,49.46869],[4.05524,49.45567],[4.06399,49.44569],[4.04546,49.44408],[4.04095,49.42976],[4.04793,49.40424],[4.03709,49.38372],[4.02751,49.35985],[4.0007,49.36868],[3.96131,49.37734],[3.94472,49.38994],[3.91472,49.40353],[3.89079,49.39976],[3.85796,49.40291],[3.83856,49.40111],[3.83668,49.39671],[3.85498,49.38773],[3.85983,49.37266],[3.85065,49.36365],[3.8575,49.35215],[3.82789,49.35266],[3.7969,49.35807],[3.75557,49.34822],[3.72162,49.33573],[3.68301,49.3257],[3.6476,49.31595],[3.64845,49.29395],[3.65264,49.28284],[3.65541,49.26123],[3.65959,49.25807],[3.66861,49.24089],[3.67049,49.22885],[3.65382,49.22208],[3.66457,49.21071],[3.68158,49.19747],[3.70465,49.20066],[3.69731,49.18843],[3.71988,49.17556],[3.75115,49.1777],[3.73956,49.15693],[3.70759,49.14306],[3.69244,49.15327],[3.66047,49.14973],[3.62225,49.1511],[3.60708,49.12389],[3.62229,49.10528],[3.63905,49.08131],[3.61216,49.07356],[3.58771,49.05939],[3.60507,49.03465],[3.64261,49.03701],[3.66579,49.03432],[3.67772,49.01397],[3.63989,49.00409],[3.62233,48.96943],[3.59855,48.96412],[3.58889,48.94391],[3.57367,48.92793],[3.55246,48.9141],[3.52115,48.9052],[3.50899,48.88529],[3.48183,48.86594],[3.46617,48.84252],[3.44578,48.84706],[3.44474,48.86005],[3.41888,48.86558],[3.40187,48.87043],[3.39334,48.8718],[3.38279,48.88057],[3.37472,48.89185],[3.37448,48.91304],[3.36053,48.9184],[3.3387,48.91197],[3.31277,48.9241],[3.29829,48.94561],[3.26018,48.94479],[3.25446,48.96677],[3.23033,48.98131],[3.20932,48.99379],[3.19754,49.00849],[3.16829,49.01667],[3.17407,49.02854],[3.18273,49.04169],[3.18165,49.0547],[3.16126,49.07926],[3.16523,49.09965],[3.13613,49.10737],[3.11573,49.10731],[3.08843,49.11093],[3.07321,49.11721],[3.0898,49.12413],[3.09212,49.13756],[3.11289,49.1417],[3.12493,49.14845],[3.14332,49.15799],[3.10784,49.16995],[3.11377,49.18046],[3.10271,49.19726],[3.09169,49.18492],[3.08483,49.17112],[3.09764,49.15669],[3.08705,49.15991],[3.08359,49.18048],[3.08504,49.19045],[3.06906,49.19428],[3.06546,49.20345],[3.04568,49.2099],[3.02373,49.21552],[3.00252,49.20624],[3.0018,49.19388],[3.01245,49.1846],[3.02598,49.19015],[3.03642,49.1716],[3.02112,49.17297],[2.99643,49.18663],[2.98985,49.18881],[2.9698,49.19092],[2.96857,49.20257],[2.96785,49.21485],[2.95964,49.22861],[2.99097,49.23504],[3.0136,49.2288],[3.01441,49.22241],[3.02466,49.2188],[3.03178,49.22676],[3.03894,49.22901],[3.03339,49.24446],[3.02771,49.26456],[3.03763,49.28639],[3.01961,49.28006],[3.01062,49.29119],[2.9946,49.28656],[2.99228,49.29714],[2.9839,49.29902],[2.97164,49.30282],[2.97729,49.30842],[2.96675,49.31756],[2.99308,49.33292],[3.02173,49.33518],[3.04173,49.32831],[3.06179,49.34047],[3.07688,49.35548],[3.09253,49.37534],[3.09042,49.39392],[3.09341,49.42461],[3.12071,49.43158],[3.15236,49.43658],[3.16082,49.45087],[3.121,49.46372],[3.12014,49.4788],[3.1209,49.49107],[3.10035,49.50572],[3.10588,49.51878],[3.12447,49.52428],[3.12592,49.5418],[3.13389,49.56],[3.13201,49.57301],[3.13388,49.5899],[3.12182,49.60087],[3.10159,49.6162],[3.11286,49.6418],[3.09778,49.65668],[3.11727,49.66672],[3.11895,49.67931],[3.12496,49.69611],[3.11996,49.71369],[3.11177,49.72512],[3.09777,49.74227],[3.09354,49.75613],[3.0852,49.76549],[3.06528,49.77962],[3.07349,49.78774],[3.08742,49.8023],[3.08043,49.813],[3.06072,49.8201],[3.06583,49.83598],[3.08447,49.84571],[3.07962,49.86618],[3.08463,49.87382],[3.08934,49.86793],[3.11808,49.88252],[3.12073,49.89765],[3.12136,49.9089],[3.12765,49.92459],[3.14914,49.94163],[3.16068,49.95358],[3.16503,49.96539],[3.19069,49.97603],[3.19469,49.98753],[3.17366,49.98576],[3.16787,49.99503],[3.16426,49.99955],[3.17099,50.0121],[3.17296,50.01131]],[[2.99856,49.19307],[2.99668,49.19262],[2.99665,49.19124],[2.99888,49.19111],[2.99856,49.19307]],[[3.04449,49.22949],[3.04336,49.22775],[3.04523,49.22704],[3.04835,49.22753],[3.04702,49.22943],[3.04449,49.22949]],[[2.99023,49.21067],[3.00276,49.21884],[2.98508,49.21624],[2.99023,49.21067]]]},"properties":{"code":"02","nom":"Aisne"}},{"type":"Feature","geometry":{"type":"Polygon","coordinates":[[[3.03207,46.79491],[3.04373,46.76492],[3.07166,46.74419],[3.10701,46.73213],[3.14085,46.71449],[3.17276,46.68933],[3.19882,46.67951],[3.22048,46.6847],[3.22852,46.69629],[3.25996,46.70773],[3.2863,46.71386],[3.3076,46.69857],[3.33061,46.68757],[3.36575,46.6896],[3.38861,46.71495],[3.41815,46.71049],[3.43103,46.7065],[3.4448,46.69296],[3.45519,46.68251],[3.4455,46.66934],[3.45926,46.65233],[3.48635,46.66079],[3.51102,46.67997],[3.53679,46.68667],[3.54942,46.68159],[3.54908,46.71025],[3.55748,46.72006],[3.5783,46.72055],[3.59335,46.732],[3.57936,46.7524],[3.5971,46.75805],[3.62942,46.74946],[3.62767,46.73373],[3.64244,46.70581],[3.65783,46.68516],[3.66898,46.67351],[3.69883,46.65723],[3.71215,46.63363],[3.71388,46.614],[3.73599,46.60337],[3.74054,46.57453],[3.73204,46.54849],[3.76244,46.53705],[3.78067,46.52836],[3.80728,46.51934],[3.83916,46.53129],[3.84187,46.51421],[3.86463,46.50972],[3.87285,46.48707],[3.90135,46.49064],[3.93758,46.49076],[3.95208,46.48142],[3.97683,46.47895],[3.99886,46.46487],[4.00554,46.44246],[3.9946,46.42943],[3.9887,46.40877],[3.97975,46.39037],[3.98868,46.36094],[3.98625,46.33651],[4.00457,46.32748],[3.98981,46.31508],[3.96544,46.32043],[3.94945,46.31386],[3.92251,46.29638],[3.8945,46.2879],[3.88192,46.27494],[3.85523,46.26234],[3.81452,46.2586],[3.80733,46.24261],[3.78222,46.24399],[3.77212,46.22986],[3.78734,46.21482],[3.79144,46.20288],[3.78897,46.18568],[3.80516,46.16631],[3.79163,46.15659],[3.79164,46.14475],[3.79774,46.12637],[3.80585,46.10777],[3.82188,46.08798],[3.81602,46.07479],[3.80553,46.05234],[3.81415,46.03441],[3.82244,46.01131],[3.82544,45.99597],[3.81182,45.98612],[3.78857,45.97346],[3.77106,45.9772],[3.75342,45.9766],[3.73632,45.96661],[3.7081,45.97281],[3.70612,45.95861],[3.69268,45.93925],[3.68156,45.95099],[3.63199,45.96107],[3.62867,45.97833],[3.6142,45.99496],[3.6042,46.00912],[3.59331,46.02102],[3.57839,46.01808],[3.55373,46.01813],[3.53496,46.02247],[3.52364,46.0157],[3.51083,46.01471],[3.49288,46.01426],[3.46398,46.01285],[3.46312,46.03436],[3.46321,46.0475],[3.45935,46.06103],[3.43174,46.06351],[3.41543,46.07222],[3.39533,46.0653],[3.37385,46.05739],[3.34858,46.05066],[3.33535,46.05478],[3.30884,46.06126],[3.29226,46.06338],[3.27054,46.06302],[3.23365,46.06355],[3.22235,46.06769],[3.20349,46.07255],[3.17934,46.06658],[3.14777,46.06797],[3.12255,46.07625],[3.09828,46.08361],[3.09582,46.10226],[3.08328,46.11147],[3.05456,46.10199],[3.03415,46.10423],[3.01553,46.10502],[2.99377,46.12373],[2.96796,46.12432],[2.95652,46.14229],[2.95546,46.1624],[2.94328,46.16814],[2.91327,46.17666],[2.91803,46.19212],[2.91065,46.2052],[2.91825,46.21411],[2.94112,46.22496],[2.942,46.23953],[2.93048,46.24738],[2.90242,46.24937],[2.87626,46.25215],[2.85976,46.25659],[2.83466,46.24906],[2.81869,46.23946],[2.82331,46.21995],[2.81741,46.20406],[2.78847,46.19914],[2.76166,46.20905],[2.7368,46.22169],[2.7211,46.20951],[2.7322,46.19426],[2.71272,46.17921],[2.68069,46.17388],[2.67554,46.15581],[2.66789,46.14359],[2.65624,46.13292],[2.63571,46.11925],[2.61719,46.12547],[2.59307,46.12845],[2.57242,46.14185],[2.56446,46.15595],[2.5598,46.17337],[2.54,46.17696],[2.52853,46.19218],[2.52592,46.20722],[2.51826,46.22004],[2.51585,46.23696],[2.50356,46.24692],[2.48368,46.25779],[2.47828,46.27445],[2.47,46.28809],[2.43927,46.29347],[2.42452,46.28494],[2.41564,46.29812],[2.41489,46.31252],[2.38861,46.32976],[2.37542,46.31812],[2.36179,46.31943],[2.34355,46.32627],[2.32127,46.32901],[2.31158,46.34183],[2.3071,46.3479],[2.31255,46.35771],[2.32321,46.36567],[2.33139,46.37872],[2.30442,46.3788],[2.28479,46.38631],[2.27982,46.4056],[2.2772,46.42463],[2.28414,46.45001],[2.30079,46.47237],[2.32747,46.47606],[2.32377,46.49011],[2.33887,46.50355],[2.3683,46.51843],[2.43006,46.52654],[2.44986,46.52068],[2.47001,46.52601],[2.50519,46.52281],[2.51447,46.52928],[2.53008,46.52214],[2.54835,46.52665],[2.56558,46.53296],[2.58923,46.54456],[2.61125,46.55621],[2.60622,46.56576],[2.60615,46.57935],[2.5975,46.59497],[2.58156,46.59316],[2.58478,46.61412],[2.59158,46.62967],[2.58292,46.6488],[2.57074,46.6572],[2.58731,46.66517],[2.60672,46.66562],[2.62864,46.65954],[2.62389,46.67637],[2.6396,46.69154],[2.65971,46.69846],[2.67488,46.7102],[2.68816,46.72091],[2.7051,46.72059],[2.7062,46.73768],[2.72168,46.74325],[2.73649,46.73807],[2.75852,46.71775],[2.77667,46.72087],[2.80209,46.73363],[2.83307,46.73041],[2.84382,46.7389],[2.87384,46.75888],[2.90093,46.77575],[2.91327,46.79103],[2.93989,46.79318],[2.95875,46.79898],[2.98825,46.80052],[3.02479,46.79505],[3.03207,46.79491]]]},"properties":{"code":"03","nom":"Allier"}},{"type":"Feature","geometry":{"type":"Polygon","coordinates":[[[5.67604,44.19143],[5.69802,44.18981],[5.72209,44.19956],[5.747,44.20524],[5.77651,44.20553],[5.81484,44.20976],[5.86357,44.19427],[5.90551,44.19098],[5.89497,44.20712],[5.86794,44.23179],[5.84003,44.2536],[5.82302,44.2701],[5.83613,44.29754],[5.86044,44.29625],[5.8758,44.28258],[5.91319,44.24871],[5.92461,44.26651],[5.91664,44.27985],[5.92714,44.29485],[5.92194,44.31565],[5.89844,44.31571],[5.90538,44.33014],[5.91983,44.34067],[5.94072,44.36934],[5.96229,44.39938],[5.99562,44.41215],[6.02368,44.42571],[6.05563,44.44797],[6.0663,44.44447],[6.07244,44.45208],[6.07686,44.46929],[6.10175,44.47203],[6.12139,44.47119],[6.14796,44.46312],[6.15983,44.43716],[6.17502,44.43878],[6.18376,44.42524],[6.19759,44.41761],[6.20845,44.40589],[6.22008,44.39279],[6.22967,44.3826],[6.24753,44.3924],[6.26011,44.41058],[6.25546,44.42677],[6.24709,44.44081],[6.2371,44.45331],[6.24329,44.46418],[6.29087,44.4794],[6.31892,44.4651],[6.33874,44.47072],[6.34827,44.49809],[6.35121,44.51894],[6.37687,44.50754],[6.4025,44.48745],[6.41206,44.47012],[6.435,44.47508],[6.45647,44.46557],[6.46856,44.45129],[6.49227,44.4513],[6.51666,44.4491],[6.54313,44.44814],[6.57309,44.44663],[6.60165,44.44833],[6.62606,44.4467],[6.63569,44.46152],[6.63765,44.47622],[6.65193,44.49407],[6.67296,44.50951],[6.68331,44.53119],[6.69563,44.54024],[6.7222,44.54761],[6.74286,44.55835],[6.75991,44.57397],[6.7692,44.5833],[6.78568,44.59451],[6.80715,44.60154],[6.83537,44.60931],[6.85328,44.61821],[6.87126,44.62813],[6.88577,44.63523],[6.90534,44.6523],[6.9237,44.65544],[6.948,44.65222],[6.96081,44.62944],[6.9549,44.62094],[6.94342,44.60571],[6.93329,44.59169],[6.93351,44.57595],[6.91317,44.56559],[6.90192,44.55391],[6.87856,44.55434],[6.86995,44.53917],[6.85523,44.52965],[6.8594,44.50981],[6.86567,44.495],[6.87737,44.48079],[6.90618,44.46766],[6.91505,44.44906],[6.93637,44.43992],[6.94368,44.42803],[6.92643,44.42372],[6.89747,44.42087],[6.89724,44.40411],[6.89547,44.38764],[6.89025,44.36819],[6.87154,44.3528],[6.85024,44.34606],[6.82714,44.33652],[6.80753,44.32724],[6.79456,44.30823],[6.78655,44.28795],[6.78658,44.27311],[6.75992,44.27649],[6.75499,44.26015],[6.73528,44.2523],[6.72351,44.23733],[6.71831,44.22198],[6.71607,44.20521],[6.69808,44.18982],[6.69107,44.17147],[6.69824,44.15736],[6.70459,44.1449],[6.70694,44.12765],[6.72566,44.10998],[6.74484,44.09104],[6.75339,44.07498],[6.74545,44.04631],[6.76975,44.02702],[6.79585,44.00702],[6.81097,43.99939],[6.83459,43.99126],[6.84569,43.97825],[6.84735,43.96074],[6.87604,43.94978],[6.88767,43.93308],[6.91423,43.924],[6.92939,43.90955],[6.94175,43.89697],[6.90429,43.89284],[6.87662,43.8986],[6.85778,43.90746],[6.84258,43.91586],[6.81798,43.91539],[6.80034,43.90591],[6.78776,43.8908],[6.76293,43.87707],[6.73183,43.87516],[6.68933,43.88455],[6.67792,43.87912],[6.69732,43.87365],[6.70283,43.85604],[6.67647,43.84722],[6.69094,43.82644],[6.71136,43.81353],[6.68136,43.80346],[6.64643,43.79618],[6.63427,43.78894],[6.61931,43.80577],[6.58532,43.80051],[6.56289,43.78684],[6.54816,43.77682],[6.5437,43.78643],[6.52476,43.80637],[6.49779,43.79605],[6.47743,43.79584],[6.45683,43.79313],[6.4389,43.79368],[6.41801,43.79119],[6.4137,43.76282],[6.39559,43.74788],[6.37939,43.7363],[6.35891,43.73577],[6.33826,43.74284],[6.32113,43.75363],[6.3106,43.75941],[6.29499,43.76418],[6.27428,43.77644],[6.26052,43.79017],[6.23336,43.79903],[6.19733,43.78746],[6.16881,43.75117],[6.13174,43.737],[6.11104,43.74567],[6.0953,43.72962],[6.08293,43.71466],[6.05751,43.70059],[6.0358,43.68796],[6.01161,43.67415],[6.00054,43.69095],[5.98476,43.71305],[5.96631,43.72129],[5.94502,43.72449],[5.93931,43.74453],[5.92547,43.75691],[5.90451,43.74821],[5.89567,43.73046],[5.86693,43.72425],[5.84881,43.72044],[5.83629,43.7417],[5.81248,43.74949],[5.76645,43.73971],[5.74587,43.7429],[5.72888,43.75008],[5.71289,43.77838],[5.68991,43.7852],[5.67463,43.80448],[5.65451,43.82393],[5.6277,43.83093],[5.60062,43.82603],[5.56733,43.82707],[5.54625,43.81697],[5.55174,43.85139],[5.56832,43.86232],[5.58341,43.87882],[5.59118,43.89008],[5.60545,43.91071],[5.58159,43.91508],[5.56808,43.93817],[5.55324,43.94161],[5.51563,43.94469],[5.51269,43.9689],[5.52435,43.99809],[5.54045,44.02124],[5.54412,44.04645],[5.54499,44.06842],[5.51643,44.06325],[5.49922,44.08278],[5.49845,44.1092],[5.52157,44.12665],[5.54399,44.13639],[5.58298,44.15762],[5.5718,44.18172],[5.59099,44.18716],[5.61414,44.18381],[5.63198,44.17369],[5.63222,44.15217],[5.65771,44.14753],[5.68236,44.16363],[5.64571,44.16835],[5.6523,44.18541],[5.67604,44.19143]]]},"properties":{"code":"04","nom":"Alpes-de-Haute-Provence"}},{"type":"Feature","geometry":{"type":"Polygon","coordinates":[[[6.26057,45.12685],[6.27675,45.11495],[6.30191,45.10896],[6.32882,45.1174],[6.34784,45.11445],[6.36699,45.09622],[6.37073,45.07754],[6.38237,45.06502],[6.41078,45.06402],[6.43619,45.06277],[6.45354,45.05184],[6.48623,45.05607],[6.48873,45.0696],[6.48556,45.08584],[6.49382,45.09994],[6.52166,45.10413],[6.54845,45.10168],[6.56805,45.11597],[6.58892,45.1193],[6.61555,45.12148],[6.62978,45.10046],[6.64676,45.08497],[6.66211,45.07164],[6.65883,45.05221],[6.66495,45.03954],[6.67158,45.0229],[6.69188,45.02074],[6.72933,45.02037],[6.74992,45.00364],[6.742,44.98876],[6.76103,44.97257],[6.75389,44.94595],[6.7509,44.93678],[6.75389,44.92838],[6.75071,44.90565],[6.77835,44.89886],[6.80152,44.89112],[6.81612,44.87227],[6.8382,44.86186],[6.85791,44.85547],[6.88338,44.8481],[6.9057,44.84525],[6.92632,44.85777],[6.94417,44.85908],[6.96947,44.8482],[6.99621,44.84186],[7.01266,44.82511],[7.02036,44.81601],[7.00802,44.7979],[7.01171,44.78369],[7.0212,44.76995],[7.02134,44.75148],[7.02895,44.73526],[7.04032,44.72001],[7.06524,44.70826],[7.07473,44.68755],[7.05381,44.68273],[7.03521,44.68944],[7.0093,44.68842],[6.98425,44.68641],[6.96165,44.67624],[6.95631,44.66144],[6.9237,44.65544],[6.90534,44.6523],[6.88577,44.63523],[6.87126,44.62813],[6.85328,44.61821],[6.83537,44.60931],[6.80715,44.60154],[6.78568,44.59451],[6.7692,44.5833],[6.75991,44.57397],[6.74286,44.55835],[6.7222,44.54761],[6.69563,44.54024],[6.68331,44.53119],[6.67296,44.50951],[6.65193,44.49407],[6.63765,44.47622],[6.63569,44.46152],[6.62606,44.4467],[6.60165,44.44833],[6.57309,44.44663],[6.54313,44.44814],[6.51666,44.4491],[6.49227,44.4513],[6.46856,44.45129],[6.45647,44.46557],[6.435,44.47508],[6.41206,44.47012],[6.4025,44.48745],[6.37687,44.50754],[6.35121,44.51894],[6.34827,44.49809],[6.33874,44.47072],[6.31892,44.4651],[6.29087,44.4794],[6.24329,44.46418],[6.2371,44.45331],[6.24709,44.44081],[6.25546,44.42677],[6.26011,44.41058],[6.24753,44.3924],[6.22967,44.3826],[6.22008,44.39279],[6.20845,44.40589],[6.19759,44.41761],[6.18376,44.42524],[6.17502,44.43878],[6.15983,44.43716],[6.14796,44.46312],[6.12139,44.47119],[6.10175,44.47203],[6.07686,44.46929],[6.07244,44.45208],[6.0663,44.44447],[6.05563,44.44797],[6.02368,44.42571],[5.99562,44.41215],[5.96229,44.39938],[5.94072,44.36934],[5.91983,44.34067],[5.90538,44.33014],[5.89844,44.31571],[5.92194,44.31565],[5.92714,44.29485],[5.91664,44.27985],[5.92461,44.26651],[5.91319,44.24871],[5.8758,44.28258],[5.86044,44.29625],[5.83613,44.29754],[5.82302,44.2701],[5.84003,44.2536],[5.86794,44.23179],[5.89497,44.20712],[5.90551,44.19098],[5.86357,44.19427],[5.81484,44.20976],[5.77651,44.20553],[5.747,44.20524],[5.72209,44.19956],[5.69802,44.18981],[5.67604,44.19143],[5.67892,44.20801],[5.68069,44.22503],[5.673,44.23984],[5.67739,44.25863],[5.67252,44.27436],[5.64257,44.27604],[5.63672,44.29242],[5.62705,44.30108],[5.6079,44.30667],[5.62,44.32015],[5.6238,44.33522],[5.59531,44.33176],[5.56803,44.33217],[5.54727,44.33],[5.53109,44.34275],[5.49959,44.34192],[5.48218,44.34729],[5.46726,44.36045],[5.4451,44.36848],[5.43376,44.37648],[5.44303,44.39124],[5.42295,44.41577],[5.4425,44.43306],[5.46675,44.42409],[5.48656,44.42931],[5.48113,44.44168],[5.46405,44.45736],[5.46773,44.47333],[5.45756,44.49509],[5.47359,44.49857],[5.49671,44.49168],[5.5259,44.48844],[5.56139,44.47466],[5.5983,44.46645],[5.62415,44.48369],[5.63375,44.50228],[5.6611,44.50187],[5.6471,44.51959],[5.61499,44.53282],[5.60026,44.55534],[5.61536,44.57325],[5.62679,44.58841],[5.63522,44.60294],[5.64784,44.61519],[5.63921,44.63552],[5.65006,44.65354],[5.66844,44.64837],[5.70377,44.64491],[5.72804,44.6392],[5.7433,44.64767],[5.74992,44.66081],[5.76793,44.65487],[5.79234,44.65567],[5.79929,44.67275],[5.8211,44.68425],[5.82036,44.70364],[5.80746,44.71191],[5.81816,44.72938],[5.8278,44.74504],[5.83843,44.75782],[5.86669,44.75164],[5.88181,44.74663],[5.90015,44.75832],[5.92067,44.75169],[5.93622,44.7599],[5.95316,44.77131],[5.96633,44.79499],[5.94952,44.80453],[5.97918,44.81858],[6.00774,44.82386],[6.02506,44.83669],[6.04728,44.82368],[6.06695,44.82142],[6.08794,44.83291],[6.11219,44.84486],[6.12699,44.86056],[6.14376,44.85842],[6.17042,44.85434],[6.19638,44.85898],[6.22127,44.85333],[6.24869,44.85236],[6.25766,44.86156],[6.28146,44.86993],[6.30727,44.86946],[6.32184,44.85346],[6.34806,44.85166],[6.35232,44.87133],[6.3593,44.88807],[6.3576,44.90489],[6.35746,44.92214],[6.35834,44.93851],[6.33907,44.94702],[6.32361,44.96128],[6.31819,44.97593],[6.31593,44.98997],[6.3182,45.00386],[6.28518,45.00011],[6.25653,44.99681],[6.20393,45.01247],[6.20859,45.04068],[6.21781,45.05995],[6.24452,45.07171],[6.23583,45.08723],[6.22974,45.10541],[6.2545,45.12079],[6.26057,45.12685]]]},"properties":{"code":"05","nom":"Hautes-Alpes"}},{"type":"Feature","geometry":{"type":"MultiPolygon","coordinates":[[[[7.06711,43.51365],[7.03577,43.51748],[7.04834,43.52376],[7.06977,43.51588],[7.06711,43.51365]]],[[[7.04782,43.5045],[7.04719,43.50528],[7.04378,43.50587],[7.0403,43.50593],[7.03709,43.50679],[7.0371,43.5085],[7.03943,43.50903],[7.04727,43.50943],[7.0486,43.50902],[7.05171,43.50897],[7.05544,43.50782],[7.05449,43.50674],[7.05062,43.50635],[7.04837,43.50532],[7.04782,43.5045]]],[[[6.88743,44.36105],[6.91455,44.35343],[6.92538,44.33836],[6.93803,44.32514],[6.95462,44.31479],[6.95656,44.29929],[6.97152,44.29174],[6.9834,44.28486],[6.9967,44.2712],[6.99663,44.25209],[7.00631,44.23823],[7.02251,44.23426],[7.03884,44.22373],[7.0653,44.22999],[7.08691,44.22828],[7.10009,44.22147],[7.12141,44.21228],[7.14844,44.20005],[7.16632,44.2035],[7.18613,44.20135],[7.20339,44.18479],[7.22089,44.16831],[7.2409,44.17336],[7.25382,44.15545],[7.27955,44.14181],[7.29865,44.14476],[7.32121,44.14275],[7.34646,44.14024],[7.355,44.12255],[7.37678,44.12038],[7.40267,44.11937],[7.42475,44.11193],[7.43006,44.12649],[7.45489,44.12763],[7.48275,44.13341],[7.50509,44.14327],[7.52272,44.13792],[7.5351,44.14706],[7.55911,44.14871],[7.57244,44.15148],[7.5981,44.15256],[7.62183,44.15318],[7.63006,44.17024],[7.65096,44.1778],[7.67783,44.17682],[7.67543,44.16137],[7.67632,44.14081],[7.67412,44.11827],[7.69378,44.10391],[7.71508,44.08405],[7.71411,44.06786],[7.70402,44.05251],[7.69554,44.03966],[7.67222,44.02975],[7.6632,44.0206],[7.66898,43.99994],[7.6594,43.9865],[7.65244,43.97371],[7.63135,43.96423],[7.60617,43.9561],[7.58143,43.94818],[7.56664,43.94326],[7.57115,43.92918],[7.55833,43.9161],[7.56195,43.89974],[7.5354,43.89157],[7.51714,43.88227],[7.50643,43.87642],[7.49831,43.86423],[7.50303,43.84408],[7.51136,43.82381],[7.51872,43.8025],[7.5292,43.784],[7.5138,43.78105],[7.50203,43.77356],[7.48209,43.75688],[7.47464,43.75117],[7.44648,43.75212],[7.42868,43.7462],[7.40911,43.72959],[7.39749,43.71947],[7.38156,43.72217],[7.35852,43.72187],[7.3376,43.71172],[7.3298,43.70247],[7.3393,43.68743],[7.34594,43.68461],[7.33452,43.68326],[7.32378,43.68026],[7.32029,43.69133],[7.32135,43.70024],[7.30693,43.69813],[7.29492,43.6859],[7.28417,43.69782],[7.26871,43.69426],[7.23064,43.67855],[7.22526,43.6594],[7.21162,43.64732],[7.20041,43.65302],[7.16767,43.6574],[7.14272,43.63994],[7.13513,43.62871],[7.12941,43.5891],[7.12946,43.58135],[7.1345,43.56987],[7.13543,43.55603],[7.14058,43.54918],[7.1272,43.54614],[7.11856,43.54733],[7.1196,43.56107],[7.09374,43.57041],[7.06218,43.5547],[7.04011,43.5412],[7.03296,43.53933],[7.01657,43.55077],[6.98466,43.54767],[6.95028,43.52934],[6.93771,43.51263],[6.95455,43.50523],[6.9497,43.49465],[6.94282,43.48484],[6.92811,43.48111],[6.91161,43.48958],[6.89759,43.4983],[6.88655,43.50614],[6.89578,43.52321],[6.88109,43.52975],[6.88331,43.54418],[6.90888,43.56739],[6.90185,43.5849],[6.91199,43.59833],[6.89787,43.60827],[6.87231,43.60749],[6.8596,43.60999],[6.84977,43.60641],[6.83875,43.61741],[6.81915,43.6267],[6.80009,43.62727],[6.7917,43.64188],[6.77767,43.65627],[6.76171,43.66934],[6.76516,43.68498],[6.77243,43.6952],[6.76681,43.71061],[6.75827,43.72527],[6.75365,43.73843],[6.73226,43.73849],[6.70719,43.74997],[6.67075,43.75154],[6.65559,43.75672],[6.64442,43.7744],[6.63647,43.78223],[6.64009,43.79359],[6.67154,43.8019],[6.70606,43.80841],[6.7028,43.82423],[6.66938,43.83555],[6.69498,43.85436],[6.69708,43.86457],[6.68813,43.87888],[6.67573,43.88766],[6.71206,43.88079],[6.75315,43.8728],[6.78162,43.88355],[6.79459,43.8998],[6.80494,43.91112],[6.83229,43.91846],[6.85248,43.90902],[6.86858,43.9035],[6.89259,43.88997],[6.92916,43.89451],[6.93911,43.90627],[6.91979,43.92021],[6.90017,43.92681],[6.87794,43.94374],[6.84762,43.95438],[6.84623,43.97237],[6.83638,43.98723],[6.82044,43.9965],[6.8033,44.00385],[6.78351,44.02216],[6.75138,44.03887],[6.75025,44.06712],[6.7494,44.08522],[6.73609,44.10313],[6.71675,44.12051],[6.7045,44.14032],[6.69825,44.15232],[6.68654,44.16925],[6.70205,44.18173],[6.70639,44.20144],[6.71458,44.21587],[6.72436,44.23275],[6.72399,44.24984],[6.74838,44.25976],[6.75736,44.26996],[6.77732,44.27681],[6.78907,44.27999],[6.79613,44.29831],[6.7989,44.31852],[6.82017,44.33216],[6.84027,44.34646],[6.86084,44.34601],[6.88743,44.36105]]]]},"properties":{"code":"06","nom":"Alpes-Maritimes"}},{"type":"Feature","geometry":{"type":"MultiPolygon","coordinates":[[[[8.5864,41.87389],[8.58667,41.87601],[8.59061,41.878],[8.5922,41.87823],[8.59576,41.88124],[8.59789,41.88207],[8.59855,41.88068],[8.59454,41.87629],[8.59333,41.87555],[8.59421,41.87416],[8.59289,41.8736],[8.58877,41.87467],[8.5864,41.87389]]],[[[9.37422,41.5585],[9.37286,41.55863],[9.37082,41.56044],[9.37098,41.56292],[9.37264,41.56326],[9.37449,41.56152],[9.37518,41.55963],[9.37422,41.5585]]],[[[8.54194,42.3704],[8.54234,42.36699],[8.54166,42.36619],[8.53769,42.36931],[8.53654,42.36925],[8.53514,42.37075],[8.5376,42.37276],[8.54194,42.3704]]],[[[9.26095,41.3387],[9.25387,41.33918],[9.25688,41.34767],[9.26095,41.3387]]],[[[9.3591,41.54833],[9.35836,41.54924],[9.35919,41.5509],[9.36035,41.5516],[9.36185,41.55372],[9.36486,41.55263],[9.36471,41.55124],[9.36321,41.54966],[9.36101,41.54831],[9.3591,41.54833]]],[[[9.27103,41.36496],[9.2588,41.36602],[9.25721,41.37181],[9.2683,41.37294],[9.27282,41.3653],[9.27103,41.36496]]],[[[9.22633,41.37072],[9.22737,41.37146],[9.22718,41.37319],[9.22795,41.3741],[9.23027,41.37224],[9.22633,41.37072]]],[[[9.35516,41.53819],[9.35391,41.53945],[9.35196,41.54033],[9.35231,41.54126],[9.35497,41.54042],[9.35516,41.53819]]],[[[9.39202,41.66812],[9.38954,41.6685],[9.38975,41.67043],[9.39281,41.67246],[9.39411,41.67273],[9.3954,41.67184],[9.39651,41.66997],[9.3956,41.66889],[9.39401,41.66967],[9.39202,41.66812]]],[[[9.36261,41.63237],[9.36091,41.63323],[9.36134,41.63448],[9.36316,41.63409],[9.36261,41.63237]]],[[[8.57341,42.38141],[8.59502,42.37039],[8.61811,42.37491],[8.6407,42.37367],[8.66812,42.35939],[8.68185,42.35598],[8.6943,42.34783],[8.72454,42.34311],[8.74702,42.33795],[8.77089,42.32476],[8.79634,42.32336],[8.81915,42.31855],[8.83346,42.32196],[8.85542,42.33009],[8.86036,42.31712],[8.85902,42.29995],[8.88169,42.28692],[8.88282,42.27313],[8.90087,42.25734],[8.92662,42.25419],[8.93913,42.24069],[8.95666,42.23283],[8.97979,42.22399],[9.00335,42.21412],[9.0246,42.20363],[9.04659,42.1996],[9.04762,42.17962],[9.0661,42.15975],[9.07341,42.14343],[9.08185,42.12591],[9.11176,42.11372],[9.12534,42.09867],[9.13441,42.08296],[9.13081,42.06137],[9.14217,42.04804],[9.15478,42.03347],[9.18217,42.03075],[9.20672,42.02978],[9.21667,41.99192],[9.22656,41.97207],[9.22232,41.94849],[9.2293,41.93253],[9.21786,41.91344],[9.23723,41.91417],[9.25221,41.89898],[9.23319,41.86847],[9.24092,41.8489],[9.26844,41.83982],[9.29499,41.84399],[9.30883,41.83867],[9.32636,41.8348],[9.33609,41.84418],[9.35206,41.84988],[9.36983,41.86093],[9.37825,41.86498],[9.40227,41.8587],[9.40288,41.84403],[9.40583,41.8266],[9.40081,41.81063],[9.39408,41.79791],[9.3988,41.78213],[9.4048,41.77159],[9.40589,41.75142],[9.40644,41.73955],[9.40581,41.724],[9.40369,41.71306],[9.39978,41.69687],[9.38548,41.69017],[9.37286,41.67572],[9.38713,41.66857],[9.38615,41.6558],[9.38166,41.64627],[9.37053,41.63865],[9.35474,41.64071],[9.34725,41.62911],[9.35578,41.61738],[9.33964,41.61992],[9.31629,41.61724],[9.31293,41.62571],[9.30619,41.6152],[9.28657,41.60692],[9.28511,41.59567],[9.29236,41.58597],[9.30941,41.59509],[9.33117,41.60251],[9.34252,41.59408],[9.36499,41.59598],[9.36172,41.58815],[9.34986,41.57588],[9.34281,41.55937],[9.32045,41.55507],[9.30947,41.54589],[9.29426,41.53666],[9.28043,41.53042],[9.28138,41.52096],[9.28006,41.50921],[9.27517,41.49804],[9.28791,41.49463],[9.28424,41.48253],[9.27566,41.47082],[9.26749,41.46756],[9.27115,41.46206],[9.25924,41.4562],[9.24559,41.44827],[9.22395,41.44249],[9.22798,41.42459],[9.2194,41.4145],[9.22145,41.40462],[9.23628,41.41581],[9.25477,41.42489],[9.26081,41.42186],[9.25491,41.41178],[9.24597,41.40276],[9.23667,41.39281],[9.22338,41.37795],[9.21738,41.36837],[9.20039,41.36484],[9.18385,41.36648],[9.17459,41.37688],[9.15181,41.38602],[9.15896,41.38947],[9.13767,41.39171],[9.12739,41.39937],[9.10788,41.39477],[9.09326,41.39487],[9.09223,41.40396],[9.09787,41.41468],[9.10435,41.42551],[9.11897,41.43555],[9.1177,41.44281],[9.10109,41.44236],[9.09013,41.44541],[9.07394,41.4438],[9.06601,41.45528],[9.0714,41.46996],[9.07212,41.47683],[9.05875,41.46439],[9.0418,41.45681],[9.0374,41.47035],[9.02254,41.46256],[9.01665,41.47352],[9.00653,41.47492],[8.99359,41.48566],[8.98102,41.47448],[8.97082,41.48493],[8.96352,41.48987],[8.94084,41.48943],[8.92719,41.48982],[8.91821,41.50352],[8.89995,41.50888],[8.88169,41.50826],[8.88727,41.51693],[8.8596,41.52132],[8.84088,41.51969],[8.85113,41.5414],[8.84332,41.54266],[8.82765,41.5451],[8.81468,41.55229],[8.79855,41.55683],[8.78423,41.56518],[8.79424,41.56903],[8.79846,41.57508],[8.78606,41.58567],[8.77415,41.59226],[8.78538,41.59984],[8.79129,41.6143],[8.792,41.62253],[8.79435,41.63269],[8.80581,41.64174],[8.82178,41.63009],[8.83225,41.63893],[8.84951,41.64529],[8.8695,41.64609],[8.88125,41.67024],[8.89883,41.67609],[8.91602,41.68738],[8.89346,41.68936],[8.87475,41.69383],[8.84344,41.69684],[8.81272,41.71413],[8.79395,41.70725],[8.78264,41.7022],[8.77755,41.70944],[8.7733,41.71934],[8.78436,41.73461],[8.75837,41.73757],[8.73419,41.72901],[8.70691,41.72318],[8.70667,41.73754],[8.6872,41.74174],[8.66593,41.74311],[8.66307,41.75072],[8.68452,41.747],[8.70346,41.75804],[8.72127,41.76964],[8.72598,41.78423],[8.71753,41.79495],[8.72071,41.8015],[8.74094,41.79869],[8.74689,41.80991],[8.76242,41.80885],[8.77402,41.81917],[8.78254,41.83349],[8.76614,41.84092],[8.75028,41.8429],[8.76648,41.84673],[8.79099,41.85984],[8.78068,41.87368],[8.78329,41.88402],[8.80331,41.89314],[8.78582,41.92027],[8.76224,41.9243],[8.74039,41.93131],[8.74163,41.91674],[8.7234,41.91208],[8.70146,41.90835],[8.67689,41.90629],[8.66085,41.90712],[8.6297,41.90623],[8.61033,41.89619],[8.61392,41.90136],[8.613,41.91518],[8.62243,41.92753],[8.61851,41.93989],[8.60673,41.94487],[8.59731,41.95292],[8.60122,41.96748],[8.62041,41.9712],[8.6482,41.96841],[8.66508,41.97889],[8.66342,41.99266],[8.65656,42.00402],[8.66737,42.01642],[8.68507,42.02639],[8.71186,42.02848],[8.72518,42.03451],[8.73029,42.04256],[8.7434,42.05429],[8.73513,42.06586],[8.71477,42.08154],[8.70574,42.10321],[8.68915,42.1151],[8.67446,42.10693],[8.65865,42.10469],[8.65097,42.11699],[8.63558,42.12335],[8.62029,42.12563],[8.6062,42.13268],[8.58879,42.12961],[8.5899,42.13894],[8.57636,42.15235],[8.56019,42.14585],[8.5718,42.15663],[8.59124,42.16419],[8.576,42.16958],[8.56437,42.17608],[8.58647,42.18173],[8.57812,42.1919],[8.58139,42.20594],[8.5707,42.2108],[8.57396,42.21681],[8.57243,42.22466],[8.56277,42.23015],[8.54825,42.2308],[8.54599,42.23995],[8.56444,42.23795],[8.57832,42.24312],[8.5924,42.24496],[8.60917,42.25294],[8.6236,42.25264],[8.63938,42.253],[8.66246,42.2589],[8.68064,42.26219],[8.68887,42.27148],[8.68104,42.2819],[8.67311,42.29069],[8.66175,42.29813],[8.65316,42.30046],[8.64128,42.29952],[8.62896,42.30458],[8.62003,42.31016],[8.60165,42.30896],[8.60351,42.32214],[8.62822,42.33201],[8.6235,42.33959],[8.61311,42.3491],[8.59436,42.35314],[8.57732,42.34084],[8.56256,42.33257],[8.55728,42.3394],[8.55127,42.34636],[8.55651,42.35935],[8.54767,42.36601],[8.54462,42.37524],[8.55313,42.37262],[8.56918,42.36941],[8.57596,42.37951],[8.57341,42.38141]]]]},"properties":{"code":"2A","nom":"Corse-du-Sud"}},{"type":"Feature","geometry":{"type":"MultiPolygon","coordinates":[[[[9.40875,43.02232],[9.40662,43.02313],[9.40634,43.02437],[9.40392,43.02591],[9.40434,43.02737],[9.4064,43.02766],[9.40767,43.02591],[9.40808,43.0234],[9.40875,43.02232]]],[[[9.34112,42.96307],[9.34015,42.96533],[9.34135,42.96567],[9.34291,42.96376],[9.34112,42.96307]]],[[[9.40227,41.8587],[9.37825,41.86498],[9.36983,41.86093],[9.35206,41.84988],[9.33609,41.84418],[9.32636,41.8348],[9.30883,41.83867],[9.29499,41.84399],[9.26844,41.83982],[9.24092,41.8489],[9.23319,41.86847],[9.25221,41.89898],[9.23723,41.91417],[9.21786,41.91344],[9.2293,41.93253],[9.22232,41.94849],[9.22656,41.97207],[9.21667,41.99192],[9.20672,42.02978],[9.18217,42.03075],[9.15478,42.03347],[9.14217,42.04804],[9.13081,42.06137],[9.13441,42.08296],[9.12534,42.09867],[9.11176,42.11372],[9.08185,42.12591],[9.07341,42.14343],[9.0661,42.15975],[9.04762,42.17962],[9.04659,42.1996],[9.0246,42.20363],[9.00335,42.21412],[8.97979,42.22399],[8.95666,42.23283],[8.93913,42.24069],[8.92662,42.25419],[8.90087,42.25734],[8.88282,42.27313],[8.88169,42.28692],[8.85902,42.29995],[8.86036,42.31712],[8.85542,42.33009],[8.83346,42.32196],[8.81915,42.31855],[8.79634,42.32336],[8.77089,42.32476],[8.74702,42.33795],[8.72454,42.34311],[8.6943,42.34783],[8.68185,42.35598],[8.66812,42.35939],[8.6407,42.37367],[8.61811,42.37491],[8.59502,42.37039],[8.57341,42.38141],[8.59769,42.3831],[8.60855,42.39078],[8.60552,42.40195],[8.60174,42.40866],[8.61889,42.41757],[8.64099,42.41812],[8.65506,42.41509],[8.6611,42.42838],[8.6541,42.43825],[8.65982,42.44552],[8.66993,42.45038],[8.67267,42.463],[8.67231,42.4763],[8.64924,42.47431],[8.65721,42.48637],[8.66633,42.49942],[8.6655,42.51363],[8.68257,42.51482],[8.69788,42.52562],[8.71074,42.52432],[8.71712,42.53354],[8.72268,42.54515],[8.71999,42.5577],[8.71178,42.56954],[8.70916,42.57672],[8.72681,42.58405],[8.72907,42.57382],[8.72981,42.56299],[8.74549,42.56766],[8.75901,42.56677],[8.78105,42.55652],[8.80525,42.57462],[8.80127,42.58396],[8.8111,42.59167],[8.80186,42.60108],[8.81937,42.60435],[8.83923,42.60426],[8.85304,42.61084],[8.86976,42.60931],[8.88051,42.62179],[8.88317,42.62837],[8.89472,42.62785],[8.91345,42.63211],[8.93022,42.6381],[8.9345,42.64405],[8.93995,42.63466],[8.95849,42.63544],[8.97603,42.63873],[8.99285,42.64002],[9.02069,42.64427],[9.04694,42.65585],[9.05531,42.66945],[9.0536,42.68098],[9.05726,42.69348],[9.06816,42.69181],[9.0823,42.70432],[9.09239,42.71614],[9.10402,42.72178],[9.11792,42.72805],[9.14316,42.73379],[9.16049,42.73548],[9.18269,42.73005],[9.20802,42.72815],[9.22424,42.73359],[9.2318,42.72144],[9.24898,42.71956],[9.25511,42.71017],[9.26379,42.70066],[9.27493,42.69398],[9.2813,42.68186],[9.2991,42.67726],[9.31418,42.689],[9.32242,42.70593],[9.33463,42.72257],[9.34344,42.73292],[9.34164,42.75083],[9.33751,42.76382],[9.34003,42.78155],[9.33724,42.80489],[9.32009,42.82479],[9.31507,42.83657],[9.329,42.85311],[9.33788,42.86829],[9.3277,42.88765],[9.32726,42.90239],[9.34749,42.91242],[9.35653,42.92343],[9.34969,42.92882],[9.35905,42.9454],[9.3471,42.95277],[9.34909,42.9657],[9.34295,42.97781],[9.3425,42.99084],[9.35469,43.0046],[9.37286,43.00477],[9.39019,43.00674],[9.40839,43.00554],[9.42496,43.0095],[9.43994,43.00063],[9.44887,42.99137],[9.46355,42.9864],[9.45535,42.97598],[9.45188,42.96436],[9.46197,42.94545],[9.46506,42.93216],[9.47073,42.91831],[9.47257,42.90306],[9.47408,42.88784],[9.47286,42.87437],[9.48076,42.86038],[9.48272,42.84413],[9.48591,42.83323],[9.48873,42.81757],[9.49122,42.79649],[9.48139,42.78063],[9.47104,42.76789],[9.46856,42.75305],[9.46203,42.73285],[9.45542,42.71014],[9.45183,42.6936],[9.44746,42.67883],[9.45258,42.65543],[9.47648,42.62333],[9.50683,42.5929],[9.5273,42.56611],[9.53316,42.53448],[9.52996,42.50369],[9.53652,42.4693],[9.54088,42.44496],[9.53984,42.41774],[9.53247,42.38463],[9.53695,42.3507],[9.54254,42.32862],[9.55482,42.29645],[9.55758,42.26786],[9.55251,42.23312],[9.55615,42.20163],[9.55554,42.17217],[9.55522,42.12841],[9.54998,42.10416],[9.51534,42.06881],[9.48928,42.03881],[9.45629,42.0008],[9.42426,41.97153],[9.41447,41.93587],[9.41368,41.91509],[9.40153,41.89394],[9.39862,41.86602],[9.40227,41.8587]]]]},"properties":{"code":"2B","nom":"Haute-Corse"}},{"type":"Feature","geometry":{"type":"Polygon","coordinates":[[[4.48313,45.23645],[4.51316,45.23477],[4.51886,45.24241],[4.54542,45.24388],[4.56604,45.24826],[4.5848,45.24407],[4.60603,45.26279],[4.59065,45.27344],[4.60254,45.29099],[4.62283,45.29141],[4.61537,45.30441],[4.63607,45.31648],[4.64315,45.32925],[4.66114,45.33902],[4.68739,45.34552],[4.70742,45.35037],[4.72352,45.35527],[4.74576,45.36522],[4.76823,45.34373],[4.76335,45.32196],[4.80077,45.29705],[4.80636,45.2544],[4.80886,45.21146],[4.80586,45.19175],[4.8137,45.16342],[4.82444,45.14838],[4.81532,45.11072],[4.82766,45.07797],[4.85261,45.06424],[4.8541,45.04625],[4.84362,45.0161],[4.84797,44.99795],[4.86272,44.96355],[4.88557,44.93465],[4.8579,44.90316],[4.86094,44.8737],[4.84438,44.84601],[4.81985,44.83476],[4.80687,44.81355],[4.79611,44.80289],[4.78277,44.78305],[4.7633,44.76473],[4.76291,44.73868],[4.77086,44.70777],[4.77909,44.67908],[4.77907,44.6547],[4.75809,44.63074],[4.74438,44.60083],[4.73647,44.58632],[4.70491,44.57368],[4.69574,44.56307],[4.70071,44.53947],[4.7042,44.5263],[4.6882,44.5055],[4.69989,44.47506],[4.69137,44.44161],[4.66738,44.43066],[4.66129,44.39113],[4.64686,44.35125],[4.64932,44.31156],[4.65135,44.27712],[4.63493,44.28482],[4.61089,44.28688],[4.58119,44.29719],[4.55221,44.30995],[4.54403,44.32583],[4.51828,44.3301],[4.50641,44.33842],[4.49426,44.33842],[4.47244,44.34208],[4.45004,44.31958],[4.44544,44.28711],[4.42943,44.28993],[4.39979,44.28795],[4.39006,44.29996],[4.39513,44.34488],[4.37075,44.34014],[4.33648,44.33936],[4.31663,44.32069],[4.29043,44.31673],[4.28383,44.28557],[4.2638,44.26898],[4.24598,44.26797],[4.2257,44.28222],[4.1872,44.29931],[4.17799,44.31774],[4.14481,44.31337],[4.13508,44.33103],[4.11944,44.33285],[4.0986,44.33362],[4.08327,44.32894],[4.0634,44.32254],[4.04683,44.31938],[4.04037,44.32622],[4.0496,44.33535],[4.05406,44.35491],[4.05322,44.36708],[4.04657,44.38248],[4.04815,44.39591],[4.06453,44.39456],[4.05899,44.41209],[4.03549,44.42009],[4.0451,44.43539],[4.03222,44.44629],[4.01763,44.4507],[4.0021,44.4592],[3.99081,44.47111],[3.98696,44.48615],[3.98846,44.49963],[3.98267,44.5129],[3.97104,44.52662],[3.96593,44.54006],[3.95823,44.557],[3.94855,44.57131],[3.93041,44.56896],[3.91716,44.58467],[3.90371,44.59746],[3.9071,44.61059],[3.89322,44.62941],[3.89507,44.64667],[3.88491,44.65586],[3.87878,44.67209],[3.87691,44.68534],[3.88211,44.69793],[3.8672,44.70227],[3.86187,44.71057],[3.86686,44.72842],[3.87546,44.74063],[3.86725,44.74812],[3.88204,44.7554],[3.89754,44.75919],[3.91817,44.76751],[3.91586,44.77974],[3.92621,44.7912],[3.93799,44.80135],[3.94495,44.82456],[3.96534,44.82365],[3.98854,44.8118],[3.97995,44.82767],[3.99259,44.83189],[4.00089,44.8242],[4.0134,44.83682],[4.02652,44.83114],[4.02005,44.84586],[4.02391,44.85917],[4.03397,44.86974],[4.05116,44.87164],[4.07134,44.86666],[4.09265,44.8703],[4.11775,44.87816],[4.14355,44.87492],[4.1649,44.88165],[4.18319,44.90352],[4.21095,44.93085],[4.2232,44.94872],[4.22732,44.96579],[4.24741,44.9639],[4.26846,44.96233],[4.29203,44.96734],[4.30771,44.97277],[4.30864,44.98434],[4.29206,44.99489],[4.29724,45.01702],[4.30275,45.02647],[4.3158,45.03119],[4.34859,45.03036],[4.36359,45.03474],[4.38004,45.03714],[4.37145,45.05638],[4.3496,45.06499],[4.34701,45.07683],[4.35708,45.08687],[4.36025,45.09752],[4.37636,45.10409],[4.396,45.10465],[4.39512,45.11924],[4.3755,45.1267],[4.37615,45.13789],[4.38896,45.1427],[4.4139,45.13952],[4.43169,45.12831],[4.42706,45.11642],[4.43738,45.10967],[4.43794,45.12198],[4.45774,45.12108],[4.44668,45.13663],[4.4477,45.15799],[4.4591,45.17226],[4.47761,45.19975],[4.48677,45.21902],[4.48313,45.23645]]]},"properties":{"code":"07","nom":"Ardèche"}},{"type":"Feature","geometry":{"type":"Polygon","coordinates":[[[4.23316,49.95775],[4.25439,49.96364],[4.28057,49.96478],[4.30874,49.9697],[4.33098,49.9628],[4.35626,49.95248],[4.38919,49.94942],[4.41561,49.94666],[4.44449,49.93751],[4.49316,49.94773],[4.52464,49.95173],[4.5376,49.96547],[4.57384,49.9771],[4.6005,49.9864],[4.63318,49.98706],[4.66363,49.99389],[4.68834,49.99546],[4.68854,50.01137],[4.68885,50.0321],[4.69894,50.05124],[4.68616,50.05973],[4.69104,50.08153],[4.71341,50.09701],[4.75596,50.12164],[4.80603,50.15293],[4.83117,50.15563],[4.85164,50.15214],[4.87841,50.153],[4.89497,50.14036],[4.8784,50.12723],[4.87035,50.1031],[4.86655,50.08934],[4.85089,50.10132],[4.84375,50.0878],[4.84051,50.07236],[4.82133,50.06494],[4.82652,50.0517],[4.84063,50.04101],[4.82302,50.02843],[4.81891,50.01349],[4.81411,49.9907],[4.7933,49.9821],[4.79064,49.96385],[4.82187,49.95144],[4.85019,49.94647],[4.88078,49.92229],[4.87741,49.9045],[4.87737,49.89425],[4.86629,49.87824],[4.8512,49.86499],[4.8576,49.84182],[4.86879,49.82309],[4.86606,49.8106],[4.85148,49.79355],[4.87599,49.79337],[4.90051,49.7864],[4.93093,49.78685],[4.95244,49.79992],[4.97427,49.80131],[4.99916,49.79661],[5.00893,49.78193],[5.03667,49.77172],[5.06233,49.76289],[5.08758,49.76589],[5.11154,49.74498],[5.12496,49.72604],[5.14107,49.71301],[5.16158,49.71481],[5.16437,49.69368],[5.19607,49.69362],[5.21386,49.69053],[5.24294,49.68863],[5.26727,49.69652],[5.28442,49.68392],[5.30111,49.67479],[5.32541,49.65927],[5.31762,49.64637],[5.30493,49.62457],[5.31847,49.61441],[5.34149,49.61998],[5.35319,49.62886],[5.37337,49.62352],[5.39109,49.61618],[5.37961,49.6012],[5.37089,49.59145],[5.34392,49.5917],[5.32899,49.57976],[5.31177,49.55929],[5.27959,49.54639],[5.25903,49.54744],[5.23855,49.56087],[5.22573,49.5714],[5.20161,49.56822],[5.16867,49.56323],[5.15483,49.57401],[5.13689,49.59063],[5.10838,49.58431],[5.11007,49.56407],[5.10656,49.55596],[5.09147,49.54714],[5.09404,49.53611],[5.09575,49.52972],[5.08553,49.52033],[5.06743,49.50773],[5.0705,49.49333],[5.08461,49.48018],[5.10329,49.46012],[5.10694,49.44518],[5.10632,49.4281],[5.11052,49.4159],[5.08198,49.40493],[5.08578,49.39879],[5.10415,49.38978],[5.09339,49.37482],[5.0767,49.37081],[5.05565,49.35866],[5.02631,49.33623],[5.03489,49.31988],[5.0279,49.30861],[5.03806,49.29718],[5.05941,49.28987],[5.0508,49.27586],[5.02755,49.27448],[4.99973,49.26135],[4.97832,49.25164],[4.95795,49.23838],[4.93621,49.24674],[4.92714,49.25572],[4.91645,49.26159],[4.90116,49.26246],[4.88305,49.25652],[4.87452,49.24853],[4.86161,49.23671],[4.84804,49.23161],[4.82713,49.23531],[4.81919,49.24145],[4.79918,49.24371],[4.76608,49.2442],[4.74271,49.24291],[4.71823,49.25093],[4.68893,49.25747],[4.66023,49.24046],[4.62137,49.23661],[4.61098,49.25706],[4.60298,49.27012],[4.59092,49.27701],[4.60041,49.28997],[4.56803,49.29654],[4.54368,49.28737],[4.51227,49.27956],[4.46344,49.27823],[4.40886,49.28651],[4.38844,49.29933],[4.36269,49.32054],[4.34617,49.32225],[4.31448,49.32793],[4.29405,49.35266],[4.26507,49.36147],[4.25567,49.3712],[4.23691,49.38128],[4.17639,49.40222],[4.13205,49.40175],[4.05949,49.40578],[4.04095,49.42976],[4.04546,49.44408],[4.06399,49.44569],[4.05524,49.45567],[4.04237,49.46869],[4.04316,49.50833],[4.05662,49.52104],[4.07742,49.52451],[4.06351,49.54393],[4.05808,49.55427],[4.06533,49.56036],[4.07657,49.57113],[4.06149,49.57512],[4.05793,49.59155],[4.04729,49.59953],[4.03385,49.62289],[4.04015,49.63507],[4.06198,49.636],[4.08209,49.63152],[4.11158,49.63435],[4.12291,49.64827],[4.12968,49.67811],[4.14649,49.68172],[4.16505,49.69503],[4.18649,49.70569],[4.19383,49.71613],[4.21092,49.72428],[4.22803,49.73093],[4.22971,49.74661],[4.24195,49.76249],[4.22005,49.77311],[4.22236,49.78722],[4.21959,49.81426],[4.22359,49.83411],[4.24445,49.85257],[4.2509,49.88886],[4.23339,49.90939],[4.22029,49.93029],[4.22992,49.94619],[4.23316,49.95775]]]},"properties":{"code":"08","nom":"Ardennes"}},{"type":"Feature","geometry":{"type":"Polygon","coordinates":[[[1.68842,43.27355],[1.70266,43.25469],[1.70696,43.24441],[1.71575,43.22799],[1.72415,43.21162],[1.70939,43.19469],[1.71913,43.18614],[1.74463,43.17611],[1.76681,43.16579],[1.78666,43.15401],[1.80132,43.15772],[1.82594,43.14559],[1.85144,43.14648],[1.84756,43.15649],[1.85544,43.14685],[1.87675,43.14284],[1.88044,43.13372],[1.89117,43.11824],[1.90205,43.12747],[1.92735,43.12949],[1.94135,43.1228],[1.95026,43.11134],[1.95578,43.08545],[1.95636,43.07936],[1.9465,43.06579],[1.94223,43.05223],[1.96225,43.04932],[1.98026,43.03746],[1.98104,43.01964],[1.98514,43.0046],[1.98257,42.98675],[1.99129,42.96391],[2.00229,42.9584],[1.98859,42.95337],[1.96557,42.96086],[1.9513,42.95909],[1.93373,42.93914],[1.98328,42.91978],[1.98477,42.903],[1.98233,42.88315],[1.91881,42.8542],[1.87675,42.84432],[1.86024,42.82761],[1.87399,42.81411],[1.89609,42.80867],[1.90823,42.79292],[1.9217,42.76996],[1.91979,42.75719],[1.94129,42.74688],[1.96249,42.73771],[1.99144,42.7348],[2.01998,42.74002],[2.04163,42.74633],[2.06363,42.75444],[2.0839,42.75161],[2.08892,42.73717],[2.10806,42.72722],[2.12506,42.71925],[2.14061,42.70582],[2.16528,42.69821],[2.16748,42.67338],[2.14,42.66505],[2.10897,42.66386],[2.0853,42.66678],[2.06088,42.66168],[2.01725,42.65472],[1.99856,42.66133],[1.99077,42.64664],[1.97759,42.62927],[1.96525,42.61631],[1.94722,42.61468],[1.92991,42.60611],[1.90018,42.6149],[1.88709,42.59055],[1.86938,42.57999],[1.85157,42.58433],[1.82473,42.58124],[1.79039,42.574],[1.77316,42.58068],[1.74197,42.58775],[1.73127,42.60399],[1.73622,42.61503],[1.71411,42.61461],[1.68671,42.6239],[1.6644,42.61904],[1.63716,42.6303],[1.60762,42.62832],[1.58236,42.63589],[1.57192,42.64796],[1.5533,42.65368],[1.52864,42.65144],[1.50866,42.64571],[1.49106,42.65297],[1.47796,42.6435],[1.47053,42.62626],[1.47423,42.61089],[1.45704,42.60229],[1.43085,42.61136],[1.4207,42.62473],[1.41617,42.63913],[1.41366,42.65552],[1.39664,42.66805],[1.38876,42.67991],[1.37248,42.69475],[1.35235,42.70623],[1.35604,42.71936],[1.33527,42.72404],[1.29942,42.71849],[1.27494,42.71826],[1.24792,42.72093],[1.22911,42.72772],[1.20575,42.72024],[1.18219,42.71369],[1.16364,42.71039],[1.14,42.72428],[1.13059,42.73947],[1.12578,42.75738],[1.10698,42.77229],[1.08373,42.78198],[1.06668,42.78238],[1.0442,42.78509],[1.02571,42.78654],[1.00559,42.7908],[0.97834,42.78994],[0.9667,42.80203],[0.94107,42.79713],[0.92079,42.79188],[0.90332,42.80196],[0.88824,42.81108],[0.85831,42.82572],[0.85281,42.84982],[0.84128,42.86591],[0.83796,42.88149],[0.83966,42.89731],[0.82786,42.91345],[0.85171,42.92479],[0.87027,42.92734],[0.8832,42.93974],[0.88555,42.95927],[0.91702,42.9608],[0.94563,42.9661],[0.96671,42.97177],[0.99058,42.98732],[1.00931,43.00833],[1.00946,43.01418],[0.98685,43.0254],[0.99326,43.04842],[0.98569,43.06292],[0.99713,43.07355],[1.00155,43.08408],[0.99206,43.09694],[1.00339,43.10359],[1.00935,43.11213],[1.01847,43.10544],[1.03265,43.10007],[1.04474,43.11186],[1.05227,43.13379],[1.05354,43.14545],[1.07584,43.13774],[1.09414,43.1414],[1.11519,43.14952],[1.13211,43.15195],[1.14244,43.14212],[1.16845,43.13244],[1.18985,43.13158],[1.21102,43.11338],[1.21938,43.09344],[1.24827,43.08851],[1.26261,43.10116],[1.27104,43.11046],[1.28919,43.12292],[1.28659,43.13509],[1.27449,43.14546],[1.25907,43.14689],[1.23837,43.14971],[1.21707,43.15535],[1.22236,43.16797],[1.2273,43.18345],[1.24705,43.18657],[1.26814,43.19078],[1.29628,43.18928],[1.31841,43.19048],[1.32782,43.20456],[1.35667,43.21301],[1.37943,43.22112],[1.37491,43.2381],[1.3516,43.24438],[1.33139,43.24875],[1.33207,43.25964],[1.29395,43.26366],[1.2979,43.2772],[1.30255,43.28625],[1.31469,43.2968],[1.33388,43.31443],[1.37128,43.31081],[1.37119,43.30081],[1.38866,43.28318],[1.41148,43.27027],[1.41961,43.26066],[1.42438,43.24728],[1.42044,43.232],[1.42554,43.22376],[1.44905,43.21238],[1.47219,43.21571],[1.49264,43.22378],[1.49889,43.23406],[1.50433,43.25034],[1.49264,43.2628],[1.494,43.2797],[1.50358,43.28692],[1.51403,43.29164],[1.51666,43.27608],[1.54083,43.27824],[1.57108,43.25959],[1.57204,43.27621],[1.58903,43.26772],[1.63733,43.25548],[1.64376,43.23711],[1.65232,43.25255],[1.66312,43.27251],[1.67361,43.28134],[1.68842,43.27355]]]},"properties":{"code":"09","nom":"Ariège"}},{"type":"Feature","geometry":{"type":"Polygon","coordinates":[[[3.41479,48.39027],[3.4221,48.41619],[3.4025,48.41517],[3.40477,48.4235],[3.39562,48.43072],[3.40403,48.44049],[3.40064,48.45954],[3.39581,48.47057],[3.39245,48.48156],[3.40396,48.48772],[3.41469,48.48722],[3.43338,48.49329],[3.42564,48.51091],[3.42658,48.53085],[3.45919,48.53074],[3.48589,48.54727],[3.47423,48.56449],[3.48951,48.58528],[3.50812,48.60559],[3.55446,48.61621],[3.56322,48.61322],[3.57989,48.60486],[3.59654,48.58406],[3.62121,48.58025],[3.631,48.56627],[3.63355,48.54178],[3.64364,48.53626],[3.65904,48.53489],[3.68129,48.53677],[3.71118,48.53546],[3.73402,48.53824],[3.75446,48.53349],[3.77386,48.52986],[3.79491,48.52906],[3.80533,48.52222],[3.8304,48.51633],[3.84877,48.52355],[3.86457,48.53835],[3.86219,48.56659],[3.85299,48.57814],[3.86523,48.57972],[3.88235,48.5767],[3.90005,48.57484],[3.90603,48.59252],[3.93118,48.60539],[3.95665,48.61999],[3.98053,48.62947],[3.98998,48.65672],[4.03005,48.65914],[4.05171,48.66746],[4.06496,48.68699],[4.11,48.69269],[4.15858,48.7042],[4.18206,48.70693],[4.20326,48.70506],[4.23304,48.70231],[4.25705,48.70733],[4.28348,48.7114],[4.32191,48.70358],[4.32479,48.67968],[4.32688,48.65977],[4.32884,48.63668],[4.31543,48.6172],[4.34958,48.59766],[4.38666,48.57244],[4.42063,48.55469],[4.46327,48.54761],[4.49054,48.54029],[4.52197,48.54505],[4.52513,48.53374],[4.54541,48.52525],[4.55061,48.53707],[4.57434,48.54973],[4.593,48.55166],[4.62638,48.55455],[4.63685,48.54758],[4.64982,48.54094],[4.67353,48.52623],[4.67096,48.51212],[4.65944,48.49297],[4.65215,48.47283],[4.62781,48.46864],[4.63509,48.45779],[4.65577,48.45082],[4.67388,48.44413],[4.68214,48.4315],[4.68696,48.41745],[4.70224,48.39474],[4.74031,48.39128],[4.75933,48.38507],[4.76695,48.36255],[4.79248,48.35592],[4.81225,48.34631],[4.83249,48.34623],[4.83074,48.33529],[4.81648,48.32139],[4.82628,48.30224],[4.85085,48.29625],[4.84799,48.27553],[4.84499,48.2572],[4.84633,48.24516],[4.85265,48.23027],[4.83616,48.21898],[4.8589,48.21179],[4.85959,48.19666],[4.84703,48.17466],[4.83975,48.15579],[4.84898,48.14524],[4.83161,48.13018],[4.83489,48.11167],[4.78688,48.10927],[4.75246,48.11477],[4.73103,48.11883],[4.7041,48.10011],[4.6919,48.08625],[4.66074,48.07715],[4.68882,48.07313],[4.70545,48.05916],[4.71618,48.03965],[4.71227,48.02304],[4.69427,48.02242],[4.65525,48.02095],[4.62331,48.02522],[4.60683,48.02846],[4.5754,48.02583],[4.54422,48.00514],[4.5456,47.98829],[4.55424,47.96748],[4.50939,47.96639],[4.46994,47.95983],[4.43791,47.95947],[4.4179,47.96846],[4.39129,47.96236],[4.36859,47.96195],[4.34101,47.9578],[4.309,47.96117],[4.3005,47.94683],[4.28851,47.92693],[4.25652,47.92849],[4.23214,47.94265],[4.22695,47.96613],[4.20467,47.97228],[4.20477,47.96032],[4.20563,47.95414],[4.19801,47.94118],[4.18518,47.95325],[4.16036,47.95778],[4.14182,47.94043],[4.12047,47.93244],[4.09836,47.92995],[4.0917,47.93706],[4.0664,47.94477],[4.05888,47.93171],[4.02868,47.93138],[4.01361,47.93682],[3.99123,47.93241],[3.96257,47.93596],[3.9305,47.93357],[3.90525,47.92613],[3.89946,47.94073],[3.90466,47.95807],[3.91469,47.97569],[3.89343,48.0017],[3.88536,47.99147],[3.87637,47.97963],[3.85003,47.98366],[3.83928,47.99913],[3.86093,48.00623],[3.87183,48.01022],[3.85659,48.02301],[3.83644,48.03568],[3.83019,48.04709],[3.81977,48.06769],[3.80309,48.08483],[3.80565,48.10051],[3.79253,48.11624],[3.77735,48.12853],[3.75203,48.12618],[3.7409,48.13958],[3.74747,48.16625],[3.71417,48.17061],[3.71494,48.15153],[3.69298,48.15462],[3.66138,48.15646],[3.64714,48.17596],[3.61955,48.19078],[3.57763,48.18674],[3.59669,48.20106],[3.61744,48.22318],[3.60468,48.22989],[3.61535,48.25086],[3.6168,48.27134],[3.58718,48.28017],[3.58743,48.29285],[3.57442,48.30594],[3.5634,48.32144],[3.53047,48.34261],[3.50449,48.36578],[3.46857,48.3741],[3.44796,48.37246],[3.4293,48.35857],[3.41298,48.3812],[3.41479,48.39027]]]},"properties":{"code":"10","nom":"Aube"}},{"type":"Feature","geometry":{"type":"Polygon","coordinates":[[[1.68842,43.27355],[1.70592,43.28536],[1.70742,43.30099],[1.72646,43.31356],[1.73098,43.32318],[1.72668,43.33989],[1.74773,43.34374],[1.75895,43.34443],[1.78254,43.34613],[1.81348,43.34149],[1.80421,43.35793],[1.80742,43.37252],[1.81112,43.38178],[1.81278,43.39438],[1.81876,43.40165],[1.8212,43.41386],[1.84234,43.41746],[1.84473,43.43404],[1.85874,43.44382],[1.87268,43.42998],[1.89768,43.41554],[1.89997,43.40447],[1.90277,43.39385],[1.91139,43.40487],[1.92008,43.41665],[1.93788,43.42274],[1.96375,43.42275],[1.97274,43.41868],[1.99069,43.40839],[2.0167,43.4181],[2.0389,43.42333],[2.0421,43.43394],[2.05922,43.42131],[2.06837,43.40623],[2.07766,43.39575],[2.09884,43.39593],[2.11895,43.39948],[2.13553,43.40262],[2.15248,43.41308],[2.17446,43.41213],[2.1913,43.39311],[2.21712,43.38482],[2.22505,43.39748],[2.22935,43.41147],[2.22285,43.42948],[2.23737,43.43792],[2.2564,43.45255],[2.26782,43.45147],[2.29426,43.44424],[2.31474,43.4405],[2.34851,43.43278],[2.37944,43.42291],[2.40203,43.41731],[2.41636,43.42784],[2.43206,43.43539],[2.45224,43.43186],[2.47802,43.43642],[2.49672,43.43249],[2.53509,43.42391],[2.57226,43.42038],[2.59208,43.40692],[2.57317,43.39963],[2.55633,43.38494],[2.55584,43.36837],[2.54925,43.35772],[2.54458,43.34464],[2.56035,43.33687],[2.58921,43.32614],[2.59931,43.30834],[2.60898,43.2954],[2.62782,43.2914],[2.65167,43.29394],[2.67137,43.30131],[2.68278,43.31432],[2.69672,43.31828],[2.7023,43.30104],[2.70185,43.28438],[2.70941,43.27378],[2.74273,43.26399],[2.77109,43.25889],[2.78752,43.27244],[2.81581,43.30709],[2.81271,43.32349],[2.83436,43.32286],[2.87083,43.33435],[2.87186,43.34698],[2.86263,43.36157],[2.85607,43.37375],[2.86941,43.37499],[2.89119,43.34851],[2.88555,43.33158],[2.90612,43.32288],[2.93492,43.31868],[2.98015,43.31753],[3.00391,43.31289],[3.01306,43.28189],[3.02296,43.27685],[3.05374,43.28018],[3.09225,43.26058],[3.122,43.26158],[3.14751,43.25286],[3.16024,43.24317],[3.19877,43.25036],[3.22587,43.2201],[3.21054,43.19181],[3.1838,43.16933],[3.1519,43.14035],[3.13244,43.1106],[3.10718,43.08917],[3.07838,43.04566],[3.06596,43.01396],[3.05094,42.98621],[3.04224,42.95552],[3.04815,42.92781],[3.05984,42.91617],[3.05247,42.88295],[3.04691,42.85861],[2.99015,42.86375],[2.91767,42.88491],[2.87547,42.91005],[2.84804,42.91554],[2.82328,42.90556],[2.76215,42.87368],[2.744,42.8395],[2.71382,42.83461],[2.68046,42.83067],[2.61434,42.83616],[2.58115,42.84164],[2.54503,42.84513],[2.50516,42.85123],[2.4641,42.83873],[2.42012,42.84048],[2.37799,42.84689],[2.34834,42.84185],[2.32393,42.8338],[2.33376,42.81318],[2.34295,42.77535],[2.35211,42.75072],[2.35125,42.7253],[2.30541,42.7059],[2.28253,42.70157],[2.25254,42.68886],[2.22255,42.67277],[2.20244,42.66303],[2.17695,42.64918],[2.16748,42.67338],[2.16528,42.69821],[2.14061,42.70582],[2.12506,42.71925],[2.10806,42.72722],[2.08892,42.73717],[2.0839,42.75161],[2.06363,42.75444],[2.04163,42.74633],[2.01998,42.74002],[1.99144,42.7348],[1.96249,42.73771],[1.94129,42.74688],[1.91979,42.75719],[1.9217,42.76996],[1.90823,42.79292],[1.89609,42.80867],[1.87399,42.81411],[1.86024,42.82761],[1.87675,42.84432],[1.91881,42.8542],[1.98233,42.88315],[1.98477,42.903],[1.98328,42.91978],[1.93373,42.93914],[1.9513,42.95909],[1.96557,42.96086],[1.98859,42.95337],[2.00229,42.9584],[1.99129,42.96391],[1.98257,42.98675],[1.98514,43.0046],[1.98104,43.01964],[1.98026,43.03746],[1.96225,43.04932],[1.94223,43.05223],[1.9465,43.06579],[1.95636,43.07936],[1.95578,43.08545],[1.95026,43.11134],[1.94135,43.1228],[1.92735,43.12949],[1.90205,43.12747],[1.89117,43.11824],[1.88044,43.13372],[1.87675,43.14284],[1.85544,43.14685],[1.84756,43.15649],[1.85144,43.14648],[1.82594,43.14559],[1.80132,43.15772],[1.78666,43.15401],[1.76681,43.16579],[1.74463,43.17611],[1.71913,43.18614],[1.70939,43.19469],[1.72415,43.21162],[1.71575,43.22799],[1.70696,43.24441],[1.70266,43.25469],[1.68842,43.27355]]]},"properties":{"code":"11","nom":"Aude"}},{"type":"Feature","geometry":{"type":"Polygon","coordinates":[[[2.20748,44.61553],[2.21615,44.62445],[2.21146,44.64033],[2.23561,44.65468],[2.27093,44.6604],[2.28996,44.66645],[2.31116,44.66528],[2.3348,44.66345],[2.33296,44.64873],[2.35698,44.64139],[2.38542,44.64926],[2.3989,44.64524],[2.42481,44.6441],[2.44486,44.64701],[2.46804,44.64289],[2.48077,44.64994],[2.4877,44.66258],[2.49651,44.68205],[2.51414,44.69309],[2.52629,44.70657],[2.54975,44.71944],[2.56032,44.72784],[2.54718,44.72489],[2.55459,44.73307],[2.55166,44.74168],[2.55327,44.75094],[2.56025,44.7606],[2.56284,44.77787],[2.59145,44.78717],[2.60085,44.80096],[2.59883,44.81388],[2.60793,44.82597],[2.60772,44.8374],[2.61018,44.84756],[2.62079,44.85897],[2.63446,44.87283],[2.65425,44.86968],[2.65796,44.88685],[2.68045,44.90416],[2.69439,44.90483],[2.70828,44.90834],[2.71345,44.92367],[2.72404,44.92665],[2.73559,44.93948],[2.74178,44.92961],[2.76095,44.92557],[2.77186,44.90227],[2.77705,44.88579],[2.77007,44.8738],[2.77134,44.86024],[2.79046,44.86724],[2.8135,44.86939],[2.83674,44.87146],[2.85754,44.87528],[2.85608,44.85469],[2.86259,44.84749],[2.86174,44.83594],[2.87593,44.81498],[2.88938,44.79077],[2.91156,44.79057],[2.93775,44.77487],[2.92426,44.76427],[2.91461,44.75897],[2.93139,44.75299],[2.92326,44.72864],[2.93387,44.69741],[2.94383,44.68376],[2.94582,44.67565],[2.95972,44.65969],[2.973,44.64572],[2.99914,44.63333],[3.01967,44.60976],[3.04165,44.59402],[3.07333,44.57412],[3.08324,44.55604],[3.0747,44.53315],[3.06804,44.50287],[3.08896,44.48733],[3.11585,44.47555],[3.13336,44.45928],[3.13762,44.44062],[3.1417,44.42635],[3.13457,44.41053],[3.14042,44.39221],[3.12143,44.37525],[3.12461,44.36019],[3.12896,44.34288],[3.1392,44.33043],[3.15193,44.32593],[3.15381,44.31206],[3.13658,44.29404],[3.12559,44.27935],[3.12017,44.26184],[3.13836,44.26414],[3.15479,44.26989],[3.16065,44.2454],[3.19082,44.24473],[3.21063,44.23428],[3.22429,44.22206],[3.21497,44.20116],[3.20961,44.18999],[3.24033,44.19083],[3.26463,44.20024],[3.28378,44.19959],[3.3025,44.20595],[3.32667,44.20273],[3.34942,44.20182],[3.35748,44.1976],[3.3748,44.17926],[3.3487,44.16293],[3.33023,44.14216],[3.3239,44.11188],[3.30056,44.10519],[3.28533,44.10218],[3.26283,44.09404],[3.27542,44.08415],[3.28916,44.07221],[3.30204,44.06949],[3.31836,44.07908],[3.33688,44.0668],[3.35944,44.05316],[3.38065,44.05633],[3.39694,44.04574],[3.42066,44.03931],[3.44552,44.02462],[3.44801,44.01101],[3.42464,43.99467],[3.4085,43.97739],[3.37816,43.96755],[3.3613,43.95118],[3.35281,43.93583],[3.3545,43.92515],[3.35836,43.91383],[3.3228,43.89167],[3.28667,43.89282],[3.26314,43.89279],[3.24308,43.87518],[3.23742,43.85219],[3.25082,43.83686],[3.23182,43.82567],[3.20311,43.81387],[3.15804,43.81758],[3.12448,43.81841],[3.10156,43.83073],[3.06113,43.83329],[3.06399,43.81166],[3.05255,43.7966],[3.05877,43.78077],[3.07144,43.77168],[3.06895,43.76171],[3.05634,43.75464],[3.05729,43.73604],[3.05627,43.72317],[3.06172,43.71166],[3.06067,43.69821],[3.03848,43.69367],[3.01416,43.699],[2.9908,43.70647],[2.96768,43.70277],[2.93759,43.69047],[2.9255,43.70881],[2.92157,43.73544],[2.90402,43.74118],[2.87004,43.73887],[2.84903,43.74977],[2.82784,43.75472],[2.81093,43.76061],[2.78765,43.75205],[2.76975,43.73489],[2.74284,43.72904],[2.71791,43.7411],[2.69181,43.744],[2.67004,43.74953],[2.65293,43.7661],[2.62593,43.78327],[2.61192,43.80288],[2.59974,43.81709],[2.57767,43.83244],[2.56168,43.84449],[2.57502,43.87093],[2.56699,43.88458],[2.55143,43.89965],[2.55088,43.92228],[2.54468,43.92675],[2.53754,43.93104],[2.51383,43.94354],[2.49908,43.9451],[2.51863,43.95843],[2.52325,43.9811],[2.50039,43.99168],[2.49508,44.01009],[2.4839,44.02585],[2.46403,44.03331],[2.46087,44.05032],[2.44385,44.0543],[2.42225,44.0535],[2.41116,44.06287],[2.40112,44.08195],[2.38602,44.09295],[2.35949,44.10088],[2.3405,44.11025],[2.33233,44.12095],[2.30683,44.11789],[2.28828,44.1222],[2.28951,44.14133],[2.27207,44.14811],[2.25476,44.14078],[2.23408,44.13387],[2.20026,44.13842],[2.18108,44.14182],[2.19581,44.14818],[2.215,44.14915],[2.227,44.15407],[2.23235,44.16235],[2.21326,44.16985],[2.1949,44.16253],[2.18075,44.17255],[2.16254,44.17838],[2.16038,44.18895],[2.14921,44.20054],[2.13089,44.19687],[2.10564,44.18939],[2.09382,44.17555],[2.09427,44.18891],[2.07328,44.18271],[2.05211,44.18873],[2.05938,44.17228],[2.02672,44.16458],[2.01452,44.15474],[1.99213,44.15432],[1.98547,44.16118],[1.97309,44.17163],[1.96201,44.18343],[1.94207,44.17468],[1.93079,44.17811],[1.92535,44.19121],[1.91232,44.1901],[1.89035,44.20757],[1.90791,44.21204],[1.91888,44.22527],[1.93191,44.24287],[1.94685,44.24567],[1.96168,44.24608],[1.96439,44.26138],[1.96617,44.27764],[1.94109,44.28241],[1.91422,44.28182],[1.88455,44.28652],[1.87594,44.29874],[1.86108,44.3236],[1.88592,44.34453],[1.89561,44.34989],[1.91027,44.3602],[1.89348,44.37378],[1.8744,44.39143],[1.87185,44.41087],[1.8706,44.42656],[1.85243,44.43585],[1.8464,44.44464],[1.85176,44.45709],[1.84765,44.46751],[1.84469,44.48289],[1.87996,44.48383],[1.88891,44.50552],[1.90553,44.49308],[1.91601,44.49555],[1.92965,44.50545],[1.95623,44.51845],[1.98236,44.54414],[2.02032,44.5555],[2.03791,44.57315],[2.06767,44.57565],[2.06426,44.56546],[2.08129,44.58701],[2.1105,44.57138],[2.12904,44.57582],[2.15382,44.5719],[2.16573,44.58628],[2.18058,44.58783],[2.19443,44.59059],[2.19397,44.60004],[2.21057,44.60762],[2.20748,44.61553]]]},"properties":{"code":"12","nom":"Aveyron"}},{"type":"Feature","geometry":{"type":"MultiPolygon","coordinates":[[[[5.3967,43.173],[5.37573,43.17671],[5.39277,43.17671],[5.3967,43.173]]],[[[5.38896,43.18537],[5.38364,43.18722],[5.38094,43.18986],[5.38251,43.19063],[5.38453,43.18999],[5.38509,43.18907],[5.38778,43.18747],[5.39128,43.18615],[5.38896,43.18537]]],[[[5.61904,43.15731],[5.61533,43.15914],[5.61482,43.16234],[5.61807,43.16211],[5.61908,43.16141],[5.61916,43.15924],[5.62068,43.15911],[5.61904,43.15731]]],[[[5.30568,43.27676],[5.29924,43.26706],[5.28569,43.26567],[5.30355,43.27632],[5.29759,43.28094],[5.30547,43.28452],[5.32393,43.28619],[5.30864,43.28147],[5.30568,43.27676]]],[[[5.33821,43.20794],[5.33479,43.20975],[5.33342,43.20933],[5.33243,43.21066],[5.32944,43.2111],[5.32852,43.21248],[5.33298,43.21299],[5.33561,43.2126],[5.3374,43.21288],[5.33963,43.21178],[5.33997,43.21005],[5.33949,43.20871],[5.33821,43.20794]]],[[[5.36247,43.20002],[5.36335,43.19881],[5.36663,43.19764],[5.36849,43.19602],[5.37005,43.19544],[5.3705,43.19383],[5.36583,43.19615],[5.36144,43.19687],[5.36247,43.20002]]],[[[5.32481,43.27891],[5.32437,43.28036],[5.32771,43.28046],[5.32666,43.27918],[5.32481,43.27891]]],[[[5.33505,43.3373],[5.35769,43.29929],[5.32861,43.34222],[5.33505,43.3373]]],[[[4.87756,43.36494],[4.87696,43.36283],[4.87494,43.36236],[4.87485,43.36624],[4.87366,43.36794],[4.87457,43.36878],[4.87679,43.36782],[4.87776,43.36636],[4.87756,43.36494]]],[[[4.73906,43.92406],[4.88523,43.90015],[4.94582,43.87807],[5.02953,43.82779],[5.04475,43.7929],[5.13178,43.75557],[5.25571,43.74656],[5.31724,43.736],[5.37704,43.70627],[5.42421,43.68684],[5.46534,43.67455],[5.51911,43.66148],[5.56039,43.66161],[5.61744,43.66484],[5.65015,43.67842],[5.67359,43.69366],[5.71735,43.69353],[5.74137,43.71831],[5.77547,43.7188],[5.78764,43.69695],[5.80916,43.69017],[5.80154,43.66887],[5.77511,43.66044],[5.73911,43.65473],[5.71299,43.64446],[5.69837,43.63616],[5.68755,43.61487],[5.68169,43.60419],[5.68715,43.58339],[5.65603,43.574],[5.67567,43.56413],[5.6982,43.56077],[5.7218,43.55191],[5.71786,43.53818],[5.71243,43.51291],[5.7025,43.49614],[5.70399,43.47936],[5.72784,43.4669],[5.74904,43.44199],[5.76394,43.42805],[5.78835,43.42026],[5.76259,43.40474],[5.72443,43.40887],[5.68279,43.39916],[5.69286,43.37091],[5.70351,43.35769],[5.68745,43.34114],[5.68057,43.32057],[5.70197,43.31503],[5.73659,43.30213],[5.76124,43.28009],[5.74626,43.26408],[5.72968,43.2578],[5.7038,43.24892],[5.68112,43.23109],[5.67739,43.20002],[5.66299,43.1821],[5.64287,43.18905],[5.61517,43.18233],[5.60768,43.17143],[5.60578,43.16567],[5.58973,43.16699],[5.56929,43.17488],[5.55292,43.1899],[5.54921,43.20802],[5.53569,43.21417],[5.51396,43.20406],[5.50536,43.19944],[5.49288,43.20353],[5.47023,43.20592],[5.45354,43.20954],[5.45264,43.20389],[5.43882,43.20711],[5.42091,43.21053],[5.41196,43.20893],[5.38988,43.21205],[5.3634,43.20718],[5.34182,43.21257],[5.34797,43.22948],[5.36253,43.24307],[5.37358,43.24649],[5.37552,43.25811],[5.37088,43.26597],[5.35326,43.27996],[5.35207,43.28814],[5.36475,43.29265],[5.36248,43.29902],[5.36034,43.31239],[5.36088,43.31834],[5.35883,43.32321],[5.35329,43.32501],[5.35253,43.33282],[5.32929,43.34563],[5.33067,43.35006],[5.32087,43.35153],[5.322,43.3555],[5.28806,43.35689],[5.26886,43.34392],[5.25595,43.33737],[5.23717,43.33172],[5.22051,43.33022],[5.1988,43.33199],[5.17861,43.33133],[5.16504,43.32757],[5.15038,43.32664],[5.12657,43.32953],[5.10704,43.33023],[5.08743,43.33112],[5.07123,43.33039],[5.05838,43.32768],[5.0484,43.33175],[5.03951,43.32863],[5.01953,43.3441],[5.02307,43.35302],[5.01264,43.36259],[5.00237,43.37454],[4.99155,43.38551],[4.99147,43.39506],[4.98895,43.40215],[4.97806,43.40015],[4.97575,43.41092],[4.95912,43.42756],[4.93879,43.43155],[4.90691,43.42123],[4.89419,43.40447],[4.89658,43.42621],[4.8862,43.4241],[4.86911,43.43218],[4.86083,43.45398],[4.86685,43.40468],[4.83032,43.42774],[4.84202,43.41353],[4.84154,43.4036],[4.84866,43.39159],[4.87183,43.39004],[4.8484,43.37857],[4.84373,43.37444],[4.85479,43.37176],[4.86478,43.36884],[4.87992,43.35899],[4.89486,43.36933],[4.91358,43.38286],[4.91276,43.37443],[4.86838,43.34319],[4.83549,43.32875],[4.78336,43.34719],[4.71378,43.34898],[4.67105,43.3468],[4.64238,43.35036],[4.5858,43.36007],[4.55561,43.38282],[4.58034,43.39727],[4.58504,43.42713],[4.5307,43.45257],[4.45793,43.45692],[4.43392,43.45084],[4.40459,43.44812],[4.35372,43.45363],[4.29699,43.45706],[4.25132,43.45887],[4.23941,43.49376],[4.27765,43.50961],[4.31433,43.52458],[4.3079,43.5452],[4.32072,43.55628],[4.32512,43.5394],[4.35037,43.54675],[4.38592,43.55701],[4.40557,43.55953],[4.40894,43.57271],[4.42554,43.58522],[4.46289,43.59205],[4.46961,43.61413],[4.43684,43.61235],[4.43821,43.64438],[4.47049,43.6697],[4.47865,43.6913],[4.52439,43.70213],[4.55278,43.70131],[4.58915,43.6897],[4.62237,43.68728],[4.61475,43.70935],[4.62768,43.75637],[4.64854,43.77916],[4.65449,43.80499],[4.64283,43.82871],[4.66311,43.84283],[4.65441,43.85223],[4.6483,43.85883],[4.65447,43.8729],[4.67016,43.87754],[4.69927,43.88869],[4.70562,43.89984],[4.73906,43.92406]],[[5.11807,43.51322],[5.0915,43.5251],[5.05557,43.52696],[5.03374,43.53572],[5.02488,43.55071],[5.01301,43.54834],[5.01586,43.52747],[5.00246,43.51278],[5.00163,43.48866],[5.00223,43.47285],[5.02106,43.46843],[5.05188,43.46356],[5.05601,43.43734],[5.05834,43.41234],[5.08631,43.39991],[5.12578,43.40002],[5.17339,43.41981],[5.19842,43.45089],[5.22713,43.4579],[5.22458,43.47567],[5.21181,43.48901],[5.1926,43.4872],[5.16972,43.47265],[5.15495,43.45581],[5.14161,43.46515],[5.12751,43.47986],[5.11751,43.50028],[5.11807,43.51322]]]]},"properties":{"code":"13","nom":"Bouches-du-Rhône"}},{"type":"Feature","geometry":{"type":"MultiPolygon","coordinates":[[[[-0.43055,48.86309],[-0.43295,48.86331],[-0.43336,48.86555],[-0.43131,48.86545],[-0.43055,48.86309]]],[[[-1.11962,49.35557],[-1.11004,49.36643],[-1.08393,49.38536],[-1.05037,49.38963],[-1.02178,49.39299],[-0.98411,49.39565],[-0.93938,49.39504],[-0.91258,49.38486],[-0.84318,49.36061],[-0.79149,49.35406],[-0.74864,49.3495],[-0.70142,49.34656],[-0.66617,49.34596],[-0.62418,49.34051],[-0.55833,49.34589],[-0.49331,49.34227],[-0.45265,49.33549],[-0.39661,49.333],[-0.34154,49.31445],[-0.31091,49.30139],[-0.22569,49.28182],[-0.20378,49.28631],[-0.14762,49.2883],[-0.08563,49.2988],[-0.03881,49.31506],[0.01061,49.33061],[0.05835,49.35621],[0.08551,49.37397],[0.10944,49.39306],[0.14387,49.40604],[0.18259,49.41446],[0.22159,49.42615],[0.28299,49.42883],[0.30362,49.40033],[0.30907,49.38688],[0.30344,49.36808],[0.31588,49.34841],[0.32251,49.33763],[0.30573,49.31765],[0.3158,49.30505],[0.31305,49.28828],[0.32373,49.27784],[0.34213,49.29337],[0.36227,49.29708],[0.38081,49.28239],[0.37591,49.2639],[0.3513,49.25696],[0.32023,49.25246],[0.33541,49.23401],[0.358,49.22231],[0.38748,49.21638],[0.39272,49.20495],[0.3886,49.19147],[0.39259,49.17383],[0.3859,49.15379],[0.4116,49.14603],[0.43324,49.14068],[0.4158,49.13072],[0.40678,49.1146],[0.40039,49.09708],[0.40772,49.09397],[0.40507,49.08638],[0.41837,49.07863],[0.40217,49.07633],[0.37857,49.07058],[0.37413,49.05626],[0.38252,49.04497],[0.39062,49.03404],[0.42776,49.03229],[0.43124,49.02348],[0.44008,49.01059],[0.42678,48.98522],[0.43026,48.96585],[0.41616,48.95419],[0.40389,48.95993],[0.37731,48.97255],[0.35396,48.94863],[0.31151,48.95126],[0.28389,48.94861],[0.28145,48.95941],[0.27027,48.96429],[0.24262,48.95578],[0.23046,48.9394],[0.19984,48.94337],[0.18194,48.93576],[0.14758,48.93137],[0.13587,48.9508],[0.11494,48.94518],[0.10068,48.93437],[0.06876,48.92925],[0.05194,48.90138],[0.0294,48.89621],[-0.00909,48.88206],[-0.02669,48.87635],[-0.0411,48.86242],[-0.06621,48.84317],[-0.08672,48.84459],[-0.11409,48.83946],[-0.12335,48.83957],[-0.14634,48.83445],[-0.12751,48.81627],[-0.15985,48.82272],[-0.17736,48.83174],[-0.19219,48.83946],[-0.2194,48.84241],[-0.23751,48.84735],[-0.25634,48.84883],[-0.27167,48.85396],[-0.29328,48.85122],[-0.30338,48.85674],[-0.32866,48.85656],[-0.33223,48.84289],[-0.3401,48.82943],[-0.36359,48.83153],[-0.36809,48.84024],[-0.35878,48.84348],[-0.37607,48.84559],[-0.39097,48.85135],[-0.41058,48.87036],[-0.43088,48.87379],[-0.43891,48.87103],[-0.45542,48.86955],[-0.47499,48.86254],[-0.49977,48.8546],[-0.51076,48.84766],[-0.53471,48.84922],[-0.56615,48.83304],[-0.60542,48.83424],[-0.6319,48.82694],[-0.64344,48.84095],[-0.66589,48.84116],[-0.68575,48.84249],[-0.7057,48.83785],[-0.68217,48.82183],[-0.71283,48.80172],[-0.73935,48.79326],[-0.76696,48.78725],[-0.78918,48.77987],[-0.8037,48.76302],[-0.82871,48.7527],[-0.8341,48.76132],[-0.82286,48.77185],[-0.86079,48.76044],[-0.88444,48.76095],[-0.90539,48.76782],[-0.92286,48.77066],[-0.93993,48.78056],[-0.95691,48.78704],[-0.97329,48.77334],[-1.0008,48.77723],[-1.02392,48.77596],[-1.04852,48.78113],[-1.0739,48.77767],[-1.09604,48.78583],[-1.09211,48.79512],[-1.1023,48.81426],[-1.12136,48.81598],[-1.14057,48.8195],[-1.15949,48.82612],[-1.14169,48.83755],[-1.13149,48.84949],[-1.12172,48.85531],[-1.09928,48.86827],[-1.08357,48.87197],[-1.06822,48.87308],[-1.04919,48.89403],[-1.01926,48.90765],[-1.0194,48.9229],[-1.03357,48.92437],[-1.06587,48.92027],[-1.03556,48.93458],[-1.01959,48.93878],[-1.00089,48.93911],[-0.98379,48.95423],[-0.96124,48.96245],[-0.93958,48.97086],[-0.91099,48.99354],[-0.90032,49.01231],[-0.88071,49.02442],[-0.86861,49.03835],[-0.89038,49.04295],[-0.87674,49.05519],[-0.87019,49.07214],[-0.87796,49.10221],[-0.87934,49.1159],[-0.89783,49.11449],[-0.92055,49.10673],[-0.89145,49.12172],[-0.91051,49.13866],[-0.93303,49.14612],[-0.93828,49.15915],[-0.95569,49.16604],[-0.93306,49.16322],[-0.92135,49.17822],[-0.91386,49.18504],[-0.9067,49.19538],[-0.90131,49.20548],[-0.91846,49.21976],[-0.92815,49.22911],[-0.93137,49.21741],[-0.94338,49.21331],[-0.9544,49.20023],[-0.98271,49.19316],[-1.00401,49.20146],[-1.02376,49.20709],[-1.03613,49.21718],[-1.05035,49.22799],[-1.06581,49.23025],[-1.08435,49.23992],[-1.09641,49.25428],[-1.11493,49.2643],[-1.12646,49.27175],[-1.13311,49.2732],[-1.1264,49.2748],[-1.1329,49.28509],[-1.13954,49.30987],[-1.11962,49.35557]]]]},"properties":{"code":"14","nom":"Calvados"}},{"type":"Feature","geometry":{"type":"Polygon","coordinates":[[[2.50841,45.4785],[2.52836,45.47995],[2.5417,45.47345],[2.54287,45.45982],[2.56386,45.46558],[2.57939,45.45376],[2.59511,45.45153],[2.61723,45.46393],[2.62354,45.46145],[2.62934,45.44452],[2.65035,45.44329],[2.67076,45.43797],[2.6861,45.43711],[2.68456,45.42551],[2.69318,45.40588],[2.70392,45.39886],[2.71237,45.38255],[2.73477,45.39062],[2.75066,45.39024],[2.7717,45.38648],[2.79704,45.39366],[2.81389,45.4015],[2.82709,45.3916],[2.85521,45.38904],[2.87338,45.37911],[2.89978,45.37691],[2.92031,45.36286],[2.93733,45.32566],[2.96168,45.3078],[2.98302,45.30058],[3.0183,45.28707],[3.03034,45.29783],[3.05233,45.30279],[3.06476,45.31733],[3.06783,45.33319],[3.08736,45.33864],[3.10093,45.35255],[3.11286,45.34329],[3.10908,45.32699],[3.09293,45.32183],[3.11435,45.3112],[3.09865,45.30086],[3.08315,45.28937],[3.10281,45.29167],[3.12192,45.2861],[3.14259,45.2879],[3.1611,45.29452],[3.16915,45.28227],[3.16692,45.27328],[3.1759,45.27281],[3.18631,45.27952],[3.20502,45.28141],[3.22322,45.27682],[3.22448,45.26265],[3.22187,45.24619],[3.23442,45.23765],[3.24027,45.21744],[3.25204,45.21663],[3.26726,45.21322],[3.27107,45.19987],[3.26475,45.18743],[3.26212,45.17007],[3.26838,45.15603],[3.28038,45.14712],[3.27895,45.13309],[3.29948,45.12524],[3.32133,45.1165],[3.33874,45.11167],[3.35344,45.10372],[3.34257,45.09953],[3.32145,45.0981],[3.29612,45.1065],[3.28229,45.10319],[3.28745,45.08902],[3.30375,45.08799],[3.31163,45.07951],[3.3057,45.06736],[3.3002,45.05405],[3.30143,45.04278],[3.30735,45.02591],[3.32091,45.0248],[3.32497,45.00979],[3.3504,45.01254],[3.37013,45.00517],[3.35266,44.98903],[3.34772,44.97544],[3.34283,44.95543],[3.31333,44.93849],[3.29839,44.93627],[3.27576,44.92655],[3.26801,44.94142],[3.24984,44.93828],[3.24328,44.93171],[3.24969,44.91624],[3.22781,44.90993],[3.23611,44.88935],[3.22025,44.8788],[3.19918,44.87464],[3.18715,44.86145],[3.16992,44.87327],[3.1612,44.8832],[3.14866,44.89584],[3.12723,44.90287],[3.1228,44.88949],[3.10398,44.88656],[3.10493,44.86864],[3.09671,44.8588],[3.0968,44.84665],[3.09506,44.8338],[3.07416,44.82672],[3.06002,44.81349],[3.04596,44.79778],[3.05046,44.78107],[3.04612,44.76157],[3.03108,44.74941],[3.02875,44.73318],[3.03684,44.72423],[3.02474,44.71568],[3.01326,44.70471],[3.00591,44.69111],[3.00139,44.68142],[2.98305,44.65299],[2.97025,44.64826],[2.95493,44.66076],[2.94388,44.6771],[2.94141,44.68662],[2.93434,44.70717],[2.92842,44.73351],[2.92746,44.7567],[2.91147,44.76182],[2.93074,44.76177],[2.93228,44.78337],[2.9088,44.78645],[2.88682,44.79362],[2.87224,44.8184],[2.85998,44.83879],[2.86016,44.85062],[2.85671,44.86022],[2.85378,44.87296],[2.82992,44.8723],[2.80797,44.87415],[2.78276,44.86165],[2.76961,44.86322],[2.77116,44.87605],[2.77676,44.88863],[2.77609,44.90896],[2.75524,44.93297],[2.74315,44.93468],[2.73348,44.93737],[2.72111,44.92495],[2.71107,44.91918],[2.7032,44.9057],[2.69031,44.90215],[2.67486,44.9007],[2.65932,44.88329],[2.65096,44.86955],[2.6266,44.86912],[2.61843,44.85469],[2.60458,44.84465],[2.61011,44.83447],[2.60633,44.82327],[2.60109,44.81109],[2.5995,44.79544],[2.58282,44.78386],[2.56484,44.77265],[2.55614,44.75773],[2.55143,44.74882],[2.55329,44.73803],[2.55213,44.73145],[2.55443,44.72574],[2.55796,44.72519],[2.54493,44.71527],[2.52206,44.70518],[2.50947,44.6935],[2.49264,44.674],[2.48926,44.66024],[2.47429,44.65157],[2.46104,44.64529],[2.44218,44.6422],[2.41654,44.64254],[2.39436,44.6461],[2.37867,44.65075],[2.34911,44.64094],[2.33448,44.6517],[2.32793,44.66799],[2.30687,44.66267],[2.28529,44.66676],[2.26027,44.65855],[2.22863,44.65511],[2.21323,44.63741],[2.22069,44.6232],[2.20627,44.61778],[2.19377,44.62802],[2.17435,44.63462],[2.17449,44.65136],[2.16575,44.66462],[2.17429,44.67737],[2.15665,44.699],[2.13367,44.69526],[2.13368,44.70957],[2.14905,44.72214],[2.15057,44.74073],[2.15514,44.75176],[2.14746,44.76326],[2.15861,44.77255],[2.16972,44.77748],[2.1653,44.79956],[2.16304,44.81391],[2.14044,44.8236],[2.12749,44.83793],[2.11721,44.84826],[2.10449,44.86379],[2.09051,44.87875],[2.08366,44.89534],[2.0956,44.90485],[2.10458,44.91977],[2.08923,44.92856],[2.07675,44.94194],[2.07801,44.95625],[2.06761,44.97251],[2.08203,44.9806],[2.10137,44.98105],[2.1198,44.98585],[2.13897,44.99511],[2.13962,45.0077],[2.12156,45.02027],[2.11173,45.03641],[2.10085,45.04655],[2.09743,45.05847],[2.11427,45.07177],[2.12632,45.07679],[2.1426,45.08662],[2.1593,45.08476],[2.17455,45.08226],[2.18016,45.10319],[2.18058,45.11255],[2.18385,45.12268],[2.1835,45.13635],[2.20256,45.13916],[2.20843,45.16032],[2.22788,45.16088],[2.2222,45.17023],[2.20666,45.17988],[2.19842,45.19234],[2.19051,45.20213],[2.19665,45.21612],[2.19536,45.22085],[2.22117,45.23753],[2.24134,45.24943],[2.245,45.2671],[2.26262,45.28448],[2.28244,45.28678],[2.30589,45.3074],[2.3296,45.32535],[2.35976,45.33651],[2.35735,45.3541],[2.36775,45.36582],[2.36827,45.38862],[2.35142,45.40779],[2.36957,45.41615],[2.39549,45.40732],[2.41405,45.39643],[2.43677,45.3884],[2.46861,45.38266],[2.47312,45.37537],[2.48577,45.37895],[2.51585,45.38434],[2.52361,45.39648],[2.50609,45.40865],[2.48754,45.41816],[2.49359,45.4375],[2.50302,45.45008],[2.50715,45.46564],[2.50841,45.4785]]]},"properties":{"code":"15","nom":"Cantal"}},{"type":"Feature","geometry":{"type":"Polygon","coordinates":[[[-0.10294,45.96966],[-0.07209,45.98018],[-0.04777,45.9893],[-0.04457,45.99877],[-0.04889,46.00305],[-0.03078,46.02193],[-0.02957,46.03594],[-0.032,46.05592],[-0.00088,46.05553],[0.02515,46.05594],[0.04243,46.06803],[0.05532,46.0768],[0.06636,46.0912],[0.09359,46.0895],[0.09264,46.10303],[0.1157,46.09619],[0.14611,46.09589],[0.1676,46.08262],[0.18651,46.08847],[0.20265,46.0958],[0.22737,46.08897],[0.24347,46.08044],[0.26078,46.07244],[0.2845,46.06077],[0.3144,46.06509],[0.33203,46.06554],[0.35529,46.06392],[0.37909,46.06209],[0.40386,46.05973],[0.42922,46.0499],[0.44958,46.05164],[0.4693,46.06821],[0.47573,46.077],[0.46789,46.08695],[0.44785,46.08675],[0.44675,46.10374],[0.46308,46.11239],[0.4749,46.12973],[0.49159,46.13396],[0.50412,46.1248],[0.51534,46.11671],[0.53299,46.09944],[0.54442,46.08639],[0.5625,46.08915],[0.5797,46.08096],[0.598,46.07459],[0.60619,46.08564],[0.62462,46.09362],[0.64852,46.09474],[0.67411,46.09765],[0.682,46.10658],[0.68842,46.123],[0.71098,46.13633],[0.73812,46.13614],[0.75514,46.1384],[0.77397,46.13394],[0.78698,46.12949],[0.80137,46.13297],[0.81507,46.13365],[0.81041,46.12454],[0.81714,46.1178],[0.82606,46.11107],[0.83225,46.09528],[0.81858,46.07723],[0.8258,46.0663],[0.81633,46.056],[0.82901,46.04597],[0.84568,46.03651],[0.85784,46.02191],[0.86874,46.01994],[0.89385,46.02539],[0.91518,46.01467],[0.92643,46.00924],[0.92252,45.99552],[0.93231,45.98642],[0.93448,45.97749],[0.9435,45.97009],[0.94259,45.95744],[0.92373,45.95095],[0.91205,45.93658],[0.89084,45.92686],[0.85955,45.91786],[0.83501,45.92415],[0.81693,45.9321],[0.81249,45.92021],[0.81679,45.90443],[0.81674,45.89462],[0.82591,45.88223],[0.81492,45.86985],[0.81463,45.85473],[0.80199,45.83687],[0.78792,45.82696],[0.7831,45.81012],[0.77745,45.79897],[0.7684,45.78913],[0.75564,45.79704],[0.73833,45.80391],[0.71051,45.8022],[0.71125,45.79033],[0.71521,45.7719],[0.70085,45.76183],[0.67098,45.75051],[0.66074,45.7406],[0.65057,45.72861],[0.64019,45.71756],[0.62806,45.71178],[0.62238,45.69943],[0.60404,45.69415],[0.59836,45.67742],[0.5977,45.66971],[0.58394,45.65861],[0.57184,45.65636],[0.57327,45.64494],[0.55223,45.63467],[0.5408,45.63156],[0.53722,45.63893],[0.52732,45.64156],[0.51177,45.62497],[0.50383,45.6131],[0.51508,45.60073],[0.51396,45.58964],[0.50206,45.57361],[0.50685,45.5588],[0.49419,45.54473],[0.47372,45.53841],[0.45935,45.52597],[0.44542,45.51431],[0.43221,45.49981],[0.4209,45.48492],[0.39785,45.48901],[0.37896,45.47874],[0.35893,45.47366],[0.34597,45.46083],[0.33382,45.45202],[0.32463,45.44987],[0.30205,45.45005],[0.31772,45.43572],[0.2944,45.43418],[0.27143,45.42082],[0.26531,45.40431],[0.25733,45.38799],[0.24788,45.36927],[0.25895,45.34964],[0.26661,45.3279],[0.26734,45.30235],[0.25262,45.28941],[0.23022,45.29179],[0.21375,45.28393],[0.20306,45.26236],[0.18153,45.26021],[0.1715,45.24922],[0.16591,45.23179],[0.15133,45.22486],[0.13898,45.21639],[0.12224,45.21117],[0.09851,45.22732],[0.06623,45.22058],[0.04293,45.2185],[0.02054,45.20374],[0.00433,45.19163],[0.00526,45.2178],[-0.00621,45.22755],[-0.03342,45.23448],[-0.06062,45.2467],[-0.09022,45.24627],[-0.11266,45.25408],[-0.11148,45.27738],[-0.11915,45.2917],[-0.143,45.2899],[-0.15783,45.3056],[-0.17786,45.30819],[-0.199,45.30957],[-0.22174,45.32038],[-0.2407,45.31505],[-0.25797,45.30711],[-0.26903,45.30236],[-0.28299,45.31632],[-0.28415,45.33204],[-0.27265,45.34625],[-0.2503,45.34134],[-0.25107,45.35748],[-0.27491,45.35781],[-0.29017,45.3704],[-0.31126,45.37877],[-0.29135,45.38729],[-0.27816,45.39872],[-0.25055,45.40103],[-0.23631,45.40955],[-0.24309,45.41781],[-0.25172,45.42891],[-0.25312,45.43842],[-0.26623,45.44793],[-0.27934,45.45747],[-0.28163,45.47209],[-0.25835,45.48443],[-0.24249,45.49015],[-0.24731,45.50313],[-0.26006,45.51521],[-0.26615,45.52506],[-0.28239,45.52576],[-0.29917,45.52882],[-0.32168,45.53877],[-0.30701,45.54936],[-0.30066,45.56495],[-0.31995,45.57997],[-0.34081,45.58982],[-0.3606,45.59785],[-0.3771,45.60929],[-0.38479,45.6249],[-0.40079,45.62052],[-0.42514,45.62113],[-0.41807,45.64394],[-0.39151,45.65436],[-0.41281,45.68242],[-0.41674,45.70059],[-0.41964,45.71358],[-0.40564,45.73197],[-0.41584,45.74167],[-0.45308,45.75861],[-0.43197,45.76577],[-0.40635,45.76913],[-0.40322,45.78253],[-0.37556,45.78367],[-0.35337,45.7828],[-0.32255,45.78533],[-0.30086,45.79318],[-0.28212,45.80365],[-0.25292,45.80541],[-0.24354,45.79617],[-0.23092,45.78611],[-0.21958,45.77729],[-0.19101,45.78989],[-0.16613,45.78767],[-0.16117,45.78034],[-0.15534,45.79654],[-0.14124,45.81175],[-0.13757,45.82768],[-0.14081,45.84385],[-0.12297,45.85942],[-0.12652,45.87265],[-0.13536,45.89136],[-0.14635,45.9008],[-0.13583,45.91048],[-0.15037,45.91686],[-0.1348,45.92914],[-0.10484,45.92695],[-0.08885,45.94427],[-0.09264,45.95567],[-0.10294,45.96966]]]},"properties":{"code":"16","nom":"Charente"}},{"type":"Feature","geometry":{"type":"MultiPolygon","coordinates":[[[[-1.11427,45.95173],[-1.1163,45.9522],[-1.11705,45.95479],[-1.1192,45.95707],[-1.12028,45.95996],[-1.11947,45.96143],[-1.11781,45.96188],[-1.11362,45.96188],[-1.11107,45.96123],[-1.10853,45.95892],[-1.10789,45.95687],[-1.10533,45.95439],[-1.10613,45.95368],[-1.10869,45.95428],[-1.11048,45.95409],[-1.11105,45.95285],[-1.11427,45.95173]]],[[[-1.4809,46.21003],[-1.4671,46.21681],[-1.45919,46.22699],[-1.41294,46.23014],[-1.41906,46.21921],[-1.4395,46.21079],[-1.41851,46.20455],[-1.36824,46.20742],[-1.33734,46.19749],[-1.29707,46.18866],[-1.28217,46.17337],[-1.25893,46.16295],[-1.27351,46.15113],[-1.29719,46.14389],[-1.32877,46.14908],[-1.3624,46.16055],[-1.41053,46.18374],[-1.47185,46.20317],[-1.50592,46.19409],[-1.53488,46.20288],[-1.54834,46.22512],[-1.55727,46.24463],[-1.5187,46.25545],[-1.49001,46.25376],[-1.47578,46.23592],[-1.49295,46.23007],[-1.50416,46.2278],[-1.5148,46.22699],[-1.49954,46.21665],[-1.49446,46.20536],[-1.4836,46.20224],[-1.4809,46.21003]]],[[[-1.17559,46.008],[-1.17624,46.02114],[-1.15428,46.01929],[-1.16988,46.01472],[-1.17559,46.008]]],[[[-1.1294,46.31028],[-1.12057,46.3236],[-1.10494,46.31459],[-1.08798,46.31767],[-1.08073,46.32143],[-1.05967,46.3413],[-1.0123,46.35423],[-0.9749,46.35105],[-0.93831,46.36627],[-0.93346,46.36247],[-0.94347,46.3366],[-0.9631,46.32262],[-0.94348,46.31828],[-0.92881,46.31434],[-0.91105,46.31278],[-0.89376,46.32142],[-0.87491,46.32268],[-0.86129,46.32298],[-0.84478,46.32618],[-0.8288,46.33982],[-0.80577,46.34168],[-0.80716,46.33313],[-0.78802,46.32128],[-0.75795,46.31125],[-0.7446,46.27866],[-0.748,46.25709],[-0.71737,46.23078],[-0.68633,46.21369],[-0.68022,46.19716],[-0.69277,46.19191],[-0.69113,46.1798],[-0.66969,46.18497],[-0.65452,46.16934],[-0.62942,46.16532],[-0.60685,46.15281],[-0.62828,46.14296],[-0.6066,46.14112],[-0.58198,46.14337],[-0.56193,46.14254],[-0.53842,46.14107],[-0.52676,46.13007],[-0.51309,46.12754],[-0.51111,46.115],[-0.5017,46.10648],[-0.47262,46.10362],[-0.45195,46.10297],[-0.43706,46.10516],[-0.4233,46.10586],[-0.40145,46.08425],[-0.38622,46.09793],[-0.36396,46.08601],[-0.33561,46.08186],[-0.30365,46.07758],[-0.27978,46.07471],[-0.26144,46.05492],[-0.20004,46.04845],[-0.19097,46.04361],[-0.18449,46.02804],[-0.16027,46.03659],[-0.16464,46.01071],[-0.14106,46.00038],[-0.13479,45.98463],[-0.11607,45.97748],[-0.09627,45.96193],[-0.08636,45.94802],[-0.09485,45.93298],[-0.12355,45.927],[-0.149,45.92517],[-0.14157,45.91625],[-0.13758,45.90356],[-0.14189,45.88902],[-0.13134,45.87804],[-0.11883,45.86495],[-0.12891,45.84817],[-0.14022,45.83649],[-0.13805,45.8166],[-0.14948,45.8005],[-0.15198,45.78451],[-0.1556,45.7893],[-0.18122,45.78976],[-0.21376,45.77691],[-0.22636,45.7809],[-0.23506,45.79507],[-0.24462,45.80542],[-0.27708,45.8057],[-0.29638,45.79778],[-0.31027,45.78693],[-0.33836,45.787],[-0.36669,45.78047],[-0.39454,45.78533],[-0.40179,45.77334],[-0.4267,45.76472],[-0.44933,45.766],[-0.44609,45.74003],[-0.40057,45.73606],[-0.41882,45.72553],[-0.4208,45.70468],[-0.42292,45.68559],[-0.38209,45.65841],[-0.41337,45.6486],[-0.43001,45.62713],[-0.40886,45.61873],[-0.3899,45.62601],[-0.37948,45.61617],[-0.36417,45.60344],[-0.34653,45.59536],[-0.32865,45.58476],[-0.30562,45.57248],[-0.30181,45.55848],[-0.318,45.54469],[-0.30785,45.53066],[-0.28887,45.52876],[-0.27405,45.52416],[-0.25291,45.51853],[-0.26158,45.50681],[-0.24619,45.49668],[-0.25823,45.4887],[-0.26484,45.47401],[-0.28511,45.4604],[-0.27018,45.45697],[-0.25668,45.44351],[-0.24722,45.43387],[-0.25188,45.41721],[-0.23284,45.41463],[-0.2491,45.40552],[-0.26319,45.4011],[-0.28117,45.39204],[-0.31001,45.38702],[-0.30486,45.3719],[-0.28089,45.35994],[-0.26246,45.35782],[-0.24637,45.34756],[-0.26513,45.33913],[-0.27969,45.34349],[-0.28426,45.32334],[-0.28142,45.30793],[-0.25772,45.30207],[-0.24696,45.31212],[-0.22875,45.32166],[-0.20764,45.31146],[-0.19,45.30788],[-0.16702,45.3059],[-0.14399,45.29537],[-0.12898,45.29464],[-0.111,45.28557],[-0.11308,45.26383],[-0.10862,45.24732],[-0.07061,45.24654],[-0.04011,45.24668],[-0.01804,45.22889],[0.00553,45.22559],[-0.00152,45.19489],[-0.00431,45.18048],[-0.00868,45.15919],[-0.00444,45.15018],[-0.03543,45.14146],[-0.03492,45.12113],[-0.04561,45.0979],[-0.06778,45.10248],[-0.08468,45.11613],[-0.11344,45.11501],[-0.13093,45.10062],[-0.14567,45.08982],[-0.16949,45.09265],[-0.19908,45.09813],[-0.23115,45.10912],[-0.25853,45.1145],[-0.26766,45.13099],[-0.2812,45.14373],[-0.31155,45.14247],[-0.32703,45.1585],[-0.36385,45.17026],[-0.37966,45.15437],[-0.38801,45.15083],[-0.39677,45.16957],[-0.40136,45.18572],[-0.41376,45.20042],[-0.41329,45.22141],[-0.40728,45.24783],[-0.42407,45.25266],[-0.41851,45.27214],[-0.43544,45.28124],[-0.46227,45.28888],[-0.48192,45.29435],[-0.50361,45.28936],[-0.52969,45.29166],[-0.54834,45.29384],[-0.56391,45.29652],[-0.57398,45.31414],[-0.56937,45.33024],[-0.5852,45.34334],[-0.59448,45.32114],[-0.61945,45.32007],[-0.64431,45.32205],[-0.78704,45.38239],[-0.96009,45.52281],[-0.99026,45.59009],[-1.00797,45.59766],[-1.00885,45.60682],[-1.02832,45.62321],[-1.03646,45.61783],[-1.04943,45.62019],[-1.06233,45.62749],[-1.07492,45.63801],[-1.08801,45.64198],[-1.10683,45.64446],[-1.1359,45.65947],[-1.17841,45.68065],[-1.20183,45.69207],[-1.23015,45.68906],[-1.20659,45.67322],[-1.23005,45.67707],[-1.24277,45.76681],[-1.22102,45.78963],[-1.20185,45.79145],[-1.17127,45.79533],[-1.14909,45.79792],[-1.13427,45.80783],[-1.14686,45.82757],[-1.15553,45.84261],[-1.16817,45.8487],[-1.15732,45.85453],[-1.15583,45.86147],[-1.13197,45.8591],[-1.11189,45.86255],[-1.09864,45.87732],[-1.07561,45.90725],[-1.07686,45.9367],[-1.09804,45.94596],[-1.07953,45.94954],[-1.08078,45.96324],[-1.09355,45.98464],[-1.10896,45.99867],[-1.10937,46.00095],[-1.09316,45.99182],[-1.07033,45.99571],[-1.05324,46.01274],[-1.05674,46.03591],[-1.08108,46.05305],[-1.09699,46.08283],[-1.12179,46.10252],[-1.13957,46.10404],[-1.1253,46.11092],[-1.13689,46.12718],[-1.15235,46.13616],[-1.17133,46.14012],[-1.17144,46.15376],[-1.20171,46.14706],[-1.22845,46.14972],[-1.22195,46.16723],[-1.21399,46.18337],[-1.20065,46.20077],[-1.19313,46.21582],[-1.1636,46.22965],[-1.14284,46.24398],[-1.12039,46.25993],[-1.12039,46.28799],[-1.12309,46.30196],[-1.1294,46.31028]]],[[[-1.25027,45.84597],[-1.27806,45.88642],[-1.29751,45.90048],[-1.32671,45.91277],[-1.3534,45.92671],[-1.38002,45.95015],[-1.38626,45.96314],[-1.39197,45.9834],[-1.39805,46.01468],[-1.4113,46.04131],[-1.39507,46.04405],[-1.37064,46.03585],[-1.35451,46.0208],[-1.33463,46.01068],[-1.32174,45.99769],[-1.27285,45.98935],[-1.23591,45.97954],[-1.23426,45.96721],[-1.23897,45.95125],[-1.23139,45.93213],[-1.22009,45.91006],[-1.19658,45.89162],[-1.19365,45.88032],[-1.19907,45.86521],[-1.20457,45.85359],[-1.19978,45.83507],[-1.21501,45.81575],[-1.22642,45.80468],[-1.24898,45.83969],[-1.25027,45.84597]]]]},"properties":{"code":"17","nom":"Charente-Maritime"}},{"type":"Feature","geometry":{"type":"Polygon","coordinates":[[[2.23921,47.62098],[2.27886,47.6273],[2.3072,47.61741],[2.34703,47.60257],[2.37262,47.58553],[2.3985,47.59658],[2.44426,47.60811],[2.48327,47.57632],[2.51882,47.57213],[2.56878,47.5685],[2.59391,47.55831],[2.6109,47.5442],[2.61202,47.52638],[2.63819,47.51638],[2.65409,47.5122],[2.65597,47.49258],[2.6727,47.48484],[2.71228,47.48891],[2.72609,47.49956],[2.72669,47.51787],[2.72924,47.53068],[2.73853,47.52849],[2.77743,47.51926],[2.78723,47.5092],[2.80377,47.49518],[2.83689,47.50998],[2.87463,47.52042],[2.89714,47.48906],[2.91634,47.46679],[2.93141,47.43262],[2.91845,47.40553],[2.89525,47.37217],[2.87039,47.34315],[2.88487,47.31637],[2.93917,47.28658],[2.97394,47.26981],[2.97844,47.23766],[2.99974,47.19688],[3.01902,47.15656],[3.02809,47.12907],[3.02988,47.08961],[3.02088,47.06542],[3.05228,47.04971],[3.07441,47.02694],[3.06281,46.98712],[3.07652,46.96112],[3.06449,46.93627],[3.05141,46.90496],[3.06809,46.87768],[3.06891,46.85073],[3.05901,46.83068],[3.03657,46.80433],[3.02234,46.79735],[2.98525,46.80202],[2.95612,46.79742],[2.93782,46.79572],[2.91069,46.78879],[2.89581,46.77528],[2.8705,46.75821],[2.8447,46.7362],[2.82859,46.73384],[2.79509,46.73434],[2.77371,46.71823],[2.75527,46.71911],[2.73992,46.74116],[2.7186,46.74168],[2.70522,46.7362],[2.70228,46.71817],[2.68752,46.72253],[2.6716,46.70886],[2.65814,46.69823],[2.63456,46.69155],[2.62499,46.67314],[2.62391,46.65663],[2.60726,46.66963],[2.58449,46.66423],[2.56975,46.655],[2.58959,46.64803],[2.58603,46.62757],[2.58132,46.61409],[2.586,46.59338],[2.59716,46.5929],[2.6068,46.57764],[2.60347,46.56523],[2.61342,46.55643],[2.5835,46.54274],[2.5646,46.53193],[2.54555,46.52621],[2.52937,46.52327],[2.51225,46.52806],[2.50264,46.52142],[2.46858,46.52601],[2.44549,46.52005],[2.42555,46.52564],[2.3654,46.51785],[2.33653,46.50094],[2.32396,46.48834],[2.32787,46.47377],[2.30007,46.47053],[2.28335,46.44928],[2.2815,46.42166],[2.24987,46.42636],[2.22367,46.42266],[2.19757,46.4283],[2.16485,46.42708],[2.15624,46.4416],[2.1514,46.4577],[2.19134,46.46986],[2.20437,46.4906],[2.19862,46.50234],[2.18263,46.5105],[2.18108,46.52904],[2.16008,46.55411],[2.16715,46.58898],[2.18621,46.6061],[2.18304,46.62117],[2.18712,46.63444],[2.17681,46.6495],[2.16289,46.65412],[2.13907,46.66429],[2.14432,46.67644],[2.15042,46.68702],[2.12642,46.70754],[2.1051,46.70893],[2.09124,46.72146],[2.08184,46.72967],[2.06764,46.74713],[2.09207,46.75493],[2.1089,46.76949],[2.11665,46.77972],[2.10322,46.79543],[2.08267,46.80574],[2.048,46.83278],[2.07631,46.83469],[2.09451,46.85281],[2.1008,46.87028],[2.13904,46.88857],[2.1113,46.91339],[2.07001,46.94115],[2.09071,46.96557],[2.09437,46.97989],[2.1013,46.99416],[2.10177,47.00779],[2.08238,47.02097],[2.06094,47.03167],[2.04569,47.04217],[2.0355,47.0523],[2.04406,47.06742],[2.05488,47.08307],[2.04941,47.09574],[2.04884,47.10676],[2.03032,47.09682],[2.00332,47.09418],[2.00815,47.11192],[1.99822,47.1198],[1.98672,47.12535],[1.96641,47.12542],[1.92611,47.10652],[1.91042,47.1066],[1.88522,47.10287],[1.83561,47.11786],[1.80423,47.11906],[1.781,47.12894],[1.78944,47.14073],[1.81084,47.16426],[1.84139,47.18365],[1.84031,47.20775],[1.86587,47.21366],[1.89914,47.2137],[1.89768,47.24599],[1.91928,47.26281],[1.92599,47.27596],[1.95586,47.28456],[1.99425,47.26719],[2.02453,47.26512],[2.08258,47.28437],[2.122,47.27924],[2.13849,47.28976],[2.15383,47.30461],[2.13485,47.32149],[2.12854,47.33124],[2.12769,47.34496],[2.09708,47.3668],[2.11931,47.41934],[2.14889,47.41299],[2.21113,47.40526],[2.24645,47.43578],[2.2413,47.45647],[2.23716,47.46906],[2.2437,47.49253],[2.20449,47.48908],[2.21299,47.51297],[2.1759,47.54859],[2.13492,47.55055],[2.12775,47.56551],[2.13079,47.58634],[2.15652,47.60053],[2.18884,47.60653],[2.21602,47.6138],[2.23921,47.62098]]]},"properties":{"code":"18","nom":"Cher"}},{"type":"Feature","geometry":{"type":"Polygon","coordinates":[[[1.89873,45.69828],[1.91168,45.70826],[1.93302,45.70601],[1.94171,45.71135],[1.9519,45.72308],[1.98294,45.71945],[1.99479,45.72842],[1.99982,45.74487],[2.02666,45.75628],[2.05529,45.76279],[2.0839,45.74603],[2.08392,45.72962],[2.10782,45.72792],[2.14025,45.72717],[2.16017,45.72738],[2.17886,45.72736],[2.2067,45.7166],[2.19448,45.69864],[2.21384,45.71008],[2.22363,45.69584],[2.23583,45.69428],[2.26446,45.69012],[2.27052,45.67442],[2.2761,45.66502],[2.30356,45.67345],[2.32621,45.6716],[2.33225,45.67822],[2.34873,45.69414],[2.3682,45.71321],[2.39491,45.70901],[2.42019,45.70504],[2.4437,45.70777],[2.45803,45.71351],[2.47323,45.72082],[2.49213,45.73767],[2.50474,45.72479],[2.51645,45.71296],[2.51874,45.7056],[2.52571,45.69341],[2.52495,45.68148],[2.51293,45.67133],[2.51834,45.66008],[2.52353,45.65375],[2.5143,45.63953],[2.48975,45.64235],[2.48188,45.62864],[2.47914,45.61016],[2.46117,45.59646],[2.47229,45.58439],[2.47944,45.57444],[2.48977,45.56179],[2.50359,45.55471],[2.51536,45.55055],[2.51914,45.53368],[2.52039,45.52045],[2.51122,45.49663],[2.50841,45.4785],[2.50325,45.46142],[2.49688,45.44726],[2.49364,45.43314],[2.49895,45.41303],[2.51775,45.40184],[2.52787,45.39161],[2.50644,45.37833],[2.4804,45.37482],[2.47057,45.37672],[2.45712,45.38429],[2.42579,45.39368],[2.40167,45.39958],[2.3875,45.41196],[2.35513,45.41503],[2.35672,45.39951],[2.36393,45.38089],[2.36417,45.36065],[2.3507,45.34776],[2.35166,45.32783],[2.31575,45.32183],[2.30136,45.30272],[2.27141,45.29015],[2.26016,45.2731],[2.23795,45.25964],[2.23377,45.24654],[2.207,45.22855],[2.19116,45.22306],[2.19285,45.20961],[2.19803,45.20008],[2.20213,45.18394],[2.21424,45.17463],[2.23187,45.16745],[2.22222,45.15984],[2.21226,45.15106],[2.19411,45.13479],[2.18166,45.13316],[2.1892,45.1177],[2.1797,45.1095],[2.18023,45.09487],[2.16725,45.08086],[2.15295,45.08506],[2.13715,45.08131],[2.11998,45.07169],[2.10406,45.06675],[2.09859,45.0555],[2.10758,45.04328],[2.11182,45.03074],[2.12482,45.01497],[2.13932,45.00374],[2.13348,44.98871],[2.11421,44.98553],[2.09387,44.9844],[2.06981,44.97832],[2.05205,44.9776],[2.02549,44.98037],[2.00579,44.97806],[1.98166,44.97287],[1.9564,44.95974],[1.94216,44.95596],[1.93341,44.97455],[1.91957,44.97742],[1.9028,44.9749],[1.8895,44.96454],[1.8743,44.95458],[1.85612,44.94708],[1.84277,44.93708],[1.82996,44.93969],[1.80915,44.92825],[1.7983,44.93032],[1.78632,44.93093],[1.76393,44.9342],[1.75523,44.94289],[1.74073,44.96058],[1.72271,44.96828],[1.70681,44.97485],[1.69527,44.99151],[1.67319,45.00367],[1.66498,45.01205],[1.65083,45.02236],[1.63845,45.02939],[1.6209,45.03247],[1.59753,45.0344],[1.57005,45.03944],[1.54353,45.0345],[1.53183,45.04508],[1.50805,45.03973],[1.48982,45.032],[1.47847,45.02265],[1.46199,45.0137],[1.43775,45.02625],[1.40751,45.05306],[1.39956,45.06118],[1.4002,45.07721],[1.39494,45.09165],[1.38458,45.10399],[1.39231,45.10579],[1.41423,45.12136],[1.3852,45.13562],[1.35245,45.13368],[1.32954,45.13793],[1.30952,45.13484],[1.29071,45.14114],[1.26172,45.15515],[1.25505,45.16543],[1.2806,45.1734],[1.28931,45.18743],[1.23082,45.2016],[1.24122,45.22406],[1.27269,45.23668],[1.27794,45.25292],[1.25699,45.25561],[1.24197,45.26528],[1.2294,45.27978],[1.23782,45.29638],[1.23942,45.32276],[1.27261,45.32823],[1.2859,45.34824],[1.30703,45.35787],[1.31903,45.37255],[1.31487,45.3861],[1.29884,45.39364],[1.29154,45.39128],[1.27953,45.38536],[1.28042,45.40192],[1.25968,45.39794],[1.25968,45.41441],[1.27643,45.4135],[1.28928,45.42324],[1.28517,45.43414],[1.28364,45.43767],[1.26887,45.44113],[1.25413,45.44999],[1.26647,45.45956],[1.27035,45.47759],[1.28626,45.4879],[1.30501,45.48417],[1.32791,45.47331],[1.35268,45.472],[1.36502,45.48618],[1.39058,45.49889],[1.39784,45.51567],[1.41089,45.5272],[1.43162,45.52755],[1.44472,45.52486],[1.45192,45.55006],[1.47624,45.55566],[1.49223,45.56086],[1.50037,45.55175],[1.51718,45.55785],[1.53205,45.56196],[1.54417,45.55566],[1.56172,45.5512],[1.58531,45.55838],[1.59524,45.57788],[1.60593,45.57763],[1.62692,45.57929],[1.64339,45.58394],[1.6579,45.59622],[1.66414,45.61056],[1.67989,45.62258],[1.6963,45.63365],[1.71716,45.63791],[1.73857,45.644],[1.75336,45.65254],[1.7764,45.65846],[1.78331,45.6795],[1.79619,45.67502],[1.81992,45.67482],[1.83728,45.66478],[1.85256,45.67146],[1.86924,45.66415],[1.88211,45.67486],[1.90133,45.67858],[1.90909,45.68801],[1.89873,45.69828]]]},"properties":{"code":"19","nom":"Corrèze"}},{"type":"Feature","geometry":{"type":"MultiPolygon","coordinates":[[[[4.11597,47.12334],[4.11653,47.13596],[4.12001,47.14591],[4.14091,47.144],[4.17374,47.14736],[4.19025,47.1461],[4.18612,47.13348],[4.17017,47.12402],[4.16945,47.11629],[4.15024,47.11326],[4.12682,47.13063],[4.11597,47.12334]]],[[[4.29342,47.92568],[4.29942,47.94856],[4.3128,47.9625],[4.34321,47.95586],[4.37091,47.96084],[4.39348,47.9621],[4.42157,47.96768],[4.43941,47.95823],[4.47106,47.96116],[4.51361,47.96649],[4.55813,47.97074],[4.54093,47.99212],[4.54942,48.00446],[4.57863,48.02909],[4.61019,48.0288],[4.626,48.02534],[4.65584,48.01747],[4.69855,48.02368],[4.72221,48.01011],[4.75932,48.00494],[4.79217,48.00502],[4.80784,47.99029],[4.79357,47.98099],[4.79112,47.96537],[4.82006,47.96111],[4.84518,47.96125],[4.86345,47.93841],[4.84677,47.92131],[4.82947,47.91228],[4.86039,47.89803],[4.86934,47.91745],[4.90369,47.91769],[4.91954,47.89431],[4.92956,47.87082],[4.96256,47.85407],[4.96618,47.83937],[4.99303,47.81915],[4.99193,47.81319],[4.98442,47.80192],[4.95645,47.79005],[4.9186,47.77645],[4.9267,47.76484],[4.94442,47.764],[4.95854,47.7608],[4.96493,47.74437],[4.96773,47.73508],[4.96366,47.71884],[4.95381,47.70692],[4.97244,47.69016],[4.98664,47.68881],[5.00774,47.70025],[5.02261,47.70702],[5.02912,47.69746],[5.05551,47.69734],[5.04525,47.67783],[5.06569,47.66709],[5.07849,47.66341],[5.09905,47.65919],[5.11855,47.65059],[5.13319,47.65122],[5.14445,47.65869],[5.15825,47.67158],[5.17924,47.67908],[5.1736,47.65257],[5.21141,47.64189],[5.22882,47.63025],[5.23923,47.61613],[5.23802,47.59654],[5.25322,47.5787],[5.27846,47.5841],[5.294,47.59788],[5.31809,47.60766],[5.33916,47.60954],[5.34211,47.59466],[5.36554,47.60053],[5.38062,47.60248],[5.39945,47.59667],[5.41357,47.61665],[5.43556,47.63069],[5.45365,47.61909],[5.47755,47.60872],[5.48413,47.58172],[5.48383,47.56323],[5.4965,47.54933],[5.48286,47.52648],[5.45594,47.5061],[5.4361,47.49155],[5.42736,47.49552],[5.39724,47.49591],[5.39091,47.48051],[5.39563,47.47265],[5.37274,47.46564],[5.38616,47.45903],[5.39318,47.45529],[5.41591,47.45824],[5.43253,47.44839],[5.43389,47.44102],[5.43692,47.41222],[5.43578,47.4028],[5.44723,47.38778],[5.46689,47.38954],[5.48705,47.39084],[5.49468,47.37758],[5.48855,47.35681],[5.48716,47.32652],[5.47666,47.32581],[5.4701,47.31654],[5.48573,47.31678],[5.50447,47.30921],[5.51816,47.30239],[5.49338,47.28818],[5.48006,47.25635],[5.48434,47.23806],[5.4803,47.21885],[5.45428,47.20434],[5.45883,47.18504],[5.45107,47.16396],[5.43936,47.14983],[5.42458,47.13713],[5.40932,47.12282],[5.39886,47.09573],[5.38108,47.08089],[5.36033,47.07947],[5.33731,47.07813],[5.31305,47.06382],[5.29852,47.05839],[5.28225,47.04133],[5.29031,47.02276],[5.30997,47.01051],[5.29055,47.00079],[5.27255,46.99409],[5.25723,46.98229],[5.24063,46.98402],[5.20303,46.98446],[5.19098,46.97185],[5.1672,46.96866],[5.14546,46.96514],[5.12566,46.96373],[5.10601,46.95619],[5.10183,46.95427],[5.09182,46.95778],[5.07227,46.9611],[5.05889,46.97344],[5.03048,46.98114],[5.01689,46.96849],[5.00054,46.96911],[4.9969,46.95909],[4.97425,46.96245],[4.95523,46.9632],[4.92835,46.96745],[4.89823,46.96579],[4.88679,46.95051],[4.86871,46.94777],[4.84697,46.94235],[4.8208,46.93788],[4.7949,46.93173],[4.78199,46.9209],[4.76721,46.91836],[4.74684,46.92208],[4.72174,46.92185],[4.71746,46.90795],[4.69127,46.90241],[4.6719,46.90707],[4.6763,46.92618],[4.65012,46.94127],[4.62673,46.94082],[4.60851,46.95002],[4.58916,46.95868],[4.56956,46.9853],[4.55415,46.99127],[4.54901,46.99884],[4.55705,47.01191],[4.54111,47.01483],[4.50798,47.01245],[4.49369,47.02837],[4.47403,47.03049],[4.45746,47.03751],[4.44191,47.03883],[4.42478,47.04161],[4.40628,47.05],[4.40263,47.05794],[4.40846,47.06729],[4.40938,47.07928],[4.38298,47.08308],[4.36529,47.06621],[4.34832,47.07222],[4.34748,47.08558],[4.34493,47.10143],[4.31141,47.10337],[4.29468,47.11094],[4.2747,47.10714],[4.25486,47.11984],[4.25165,47.13151],[4.23864,47.14193],[4.23409,47.14372],[4.21848,47.14452],[4.21026,47.16017],[4.21256,47.17632],[4.2215,47.18914],[4.23195,47.19878],[4.22328,47.21323],[4.19475,47.23398],[4.1841,47.24698],[4.17316,47.24981],[4.14951,47.24213],[4.12558,47.2475],[4.12246,47.26482],[4.11643,47.27639],[4.11836,47.29462],[4.13201,47.30737],[4.11411,47.30796],[4.12744,47.32484],[4.12923,47.34079],[4.1399,47.35686],[4.12436,47.34356],[4.10393,47.33825],[4.10151,47.35336],[4.10625,47.37043],[4.09723,47.37196],[4.07715,47.37956],[4.09009,47.39241],[4.06677,47.39851],[4.0736,47.4151],[4.08414,47.42925],[4.08523,47.44038],[4.10113,47.44388],[4.11943,47.44355],[4.12733,47.4599],[4.12976,47.47484],[4.11509,47.48267],[4.1124,47.5035],[4.11994,47.51453],[4.14161,47.52552],[4.1492,47.5412],[4.1694,47.55083],[4.18293,47.56753],[4.19308,47.58941],[4.20108,47.60156],[4.21432,47.61138],[4.21886,47.63061],[4.23121,47.6462],[4.24727,47.6583],[4.23057,47.66784],[4.25073,47.68015],[4.27976,47.68166],[4.27228,47.6865],[4.26012,47.70569],[4.2381,47.71986],[4.25798,47.72583],[4.2605,47.7422],[4.28966,47.73317],[4.3092,47.75128],[4.33205,47.75769],[4.33546,47.77396],[4.33784,47.79636],[4.31998,47.81143],[4.32485,47.83069],[4.33032,47.83766],[4.31867,47.84609],[4.30081,47.84877],[4.2713,47.83878],[4.26366,47.85839],[4.26677,47.86836],[4.25069,47.87285],[4.27021,47.89314],[4.296,47.89959],[4.30574,47.91692],[4.29342,47.92568]]]]},"properties":{"code":"21","nom":"Côte-d'Or"}},{"type":"Feature","geometry":{"type":"MultiPolygon","coordinates":[[[[-3.47716,48.88127],[-3.47863,48.88218],[-3.48089,48.88234],[-3.48448,48.88139],[-3.48609,48.88176],[-3.48599,48.8832],[-3.48412,48.88415],[-3.47834,48.88437],[-3.47658,48.88396],[-3.47581,48.88152],[-3.47716,48.88127]]],[[[-3.43867,48.89775],[-3.43924,48.89916],[-3.43564,48.90064],[-3.43591,48.89883],[-3.43867,48.89775]]],[[[-2.9821,48.79606],[-2.98344,48.79772],[-2.98283,48.79951],[-2.98012,48.79986],[-2.97941,48.79827],[-2.97642,48.79837],[-2.97663,48.79723],[-2.98102,48.79676],[-2.9821,48.79606]]],[[[-2.97847,48.84564],[-2.98093,48.84684],[-2.98025,48.84831],[-2.97785,48.84631],[-2.97847,48.84564]]],[[[-2.9812,48.85845],[-2.98332,48.85903],[-2.98118,48.8608],[-2.98002,48.85949],[-2.9812,48.85845]]],[[[-3.4921,48.87767],[-3.49449,48.87803],[-3.49495,48.87909],[-3.49082,48.88012],[-3.48854,48.87929],[-3.48941,48.87803],[-3.4921,48.87767]]],[[[-2.95101,48.77991],[-2.94676,48.78055],[-2.94616,48.77992],[-2.94803,48.77841],[-2.95236,48.77875],[-2.95101,48.77991]]],[[[-3.01977,48.83916],[-3.02068,48.84069],[-3.01981,48.84267],[-3.02109,48.84442],[-3.01878,48.84529],[-3.01613,48.84465],[-3.01597,48.84254],[-3.01708,48.84199],[-3.01562,48.84003],[-3.01877,48.83875],[-3.01977,48.83916]]],[[[-2.98531,48.84452],[-2.98632,48.84496],[-2.98863,48.84864],[-2.98619,48.84885],[-2.98677,48.84665],[-2.98459,48.84549],[-2.98531,48.84452]]],[[[-2.99084,48.83817],[-2.99285,48.83835],[-2.99227,48.8399],[-2.98856,48.84035],[-2.98851,48.83918],[-2.99084,48.83817]]],[[[-2.19377,48.61835],[-2.19552,48.61962],[-2.19554,48.62066],[-2.1938,48.62231],[-2.19175,48.62302],[-2.1905,48.62646],[-2.18927,48.62704],[-2.1868,48.62686],[-2.18745,48.62504],[-2.18678,48.62281],[-2.18822,48.62154],[-2.19186,48.62193],[-2.19366,48.62092],[-2.19377,48.61835]]],[[[-3.00232,48.83632],[-3.01149,48.83703],[-3.01306,48.85165],[-3.00183,48.85456],[-3.00831,48.85898],[-2.98916,48.86381],[-2.99505,48.85956],[-2.99329,48.84874],[-3.00129,48.83746],[-3.00232,48.83632]]],[[[-3.58388,48.79409],[-3.58235,48.80473],[-3.56317,48.80537],[-3.57842,48.79872],[-3.58388,48.79409]]],[[[-3.59205,48.76589],[-3.59747,48.76718],[-3.59929,48.76695],[-3.60125,48.76811],[-3.60344,48.77097],[-3.60186,48.77151],[-3.59831,48.77088],[-3.59585,48.76979],[-3.59119,48.76661],[-3.59205,48.76589]]],[[[-3.59313,48.79551],[-3.59609,48.79747],[-3.59761,48.79766],[-3.59962,48.7967],[-3.60213,48.79824],[-3.59924,48.79867],[-3.59569,48.79976],[-3.59544,48.80102],[-3.59316,48.80092],[-3.59304,48.79921],[-3.5951,48.79829],[-3.59397,48.79741],[-3.59162,48.79707],[-3.59078,48.79589],[-3.59313,48.79551]]],[[[-3.60637,48.7937],[-3.60906,48.79395],[-3.61221,48.79532],[-3.61192,48.79611],[-3.60766,48.79602],[-3.60544,48.7945],[-3.60637,48.7937]]],[[[-3.01954,48.83448],[-3.02119,48.83584],[-3.02172,48.83762],[-3.01827,48.83675],[-3.01954,48.83448]]],[[[-3.57671,48.79519],[-3.57922,48.79627],[-3.57692,48.79753],[-3.57594,48.79613],[-3.57671,48.79519]]],[[[-3.1839,48.86442],[-3.19486,48.87321],[-3.18225,48.86819],[-3.1839,48.86442]]],[[[-3.40674,48.83058],[-3.40833,48.83254],[-3.40883,48.83806],[-3.40999,48.83994],[-3.40659,48.83876],[-3.40536,48.83639],[-3.40511,48.83369],[-3.40578,48.83113],[-3.40674,48.83058]]],[[[-3.03963,48.85919],[-3.04106,48.85988],[-3.04456,48.85932],[-3.04463,48.86062],[-3.04136,48.86189],[-3.03753,48.86388],[-3.03426,48.86395],[-3.03202,48.8627],[-3.03544,48.86096],[-3.03688,48.86152],[-3.03846,48.861],[-3.03963,48.85919]]],[[[-3.27886,48.84372],[-3.28182,48.84389],[-3.28435,48.84512],[-3.28261,48.84665],[-3.2814,48.84685],[-3.27851,48.84487],[-3.27886,48.84372]]],[[[-3.19529,48.8631],[-3.19823,48.86431],[-3.19635,48.86773],[-3.19501,48.86555],[-3.19618,48.86427],[-3.19529,48.8631]]],[[[-3.30211,48.84506],[-3.30581,48.84645],[-3.30357,48.84773],[-3.30128,48.84685],[-3.30211,48.84506]]],[[[-3.26046,48.8495],[-3.26148,48.85067],[-3.25975,48.85355],[-3.26231,48.85455],[-3.26158,48.85581],[-3.25928,48.8542],[-3.25918,48.85335],[-3.26046,48.8495]]],[[[-3.2029,48.84987],[-3.20407,48.8505],[-3.20428,48.85419],[-3.2021,48.85371],[-3.20205,48.85014],[-3.2029,48.84987]]],[[[-3.55581,48.80083],[-3.55695,48.80293],[-3.55594,48.80429],[-3.55436,48.8019],[-3.55581,48.80083]]],[[[-3.30698,48.84459],[-3.30808,48.84472],[-3.31007,48.8466],[-3.30974,48.84793],[-3.30743,48.84741],[-3.30598,48.84549],[-3.30698,48.84459]]],[[[-3.2935,48.84386],[-3.29586,48.84423],[-3.2982,48.84553],[-3.29795,48.84634],[-3.29444,48.84557],[-3.2935,48.84386]]],[[[-3.27253,48.8384],[-3.27403,48.83905],[-3.27237,48.84075],[-3.27169,48.83885],[-3.27253,48.8384]]],[[[-3.29265,48.83745],[-3.29536,48.83867],[-3.29379,48.8392],[-3.29227,48.83838],[-3.29265,48.83745]]],[[[-2.12371,48.60441],[-2.11093,48.5845],[-2.09799,48.57679],[-2.07598,48.56768],[-2.04919,48.55619],[-2.03836,48.54512],[-2.02239,48.55313],[-2.00924,48.56489],[-1.99414,48.5598],[-1.98447,48.54454],[-1.97234,48.53464],[-1.98399,48.52326],[-1.98562,48.51],[-1.99483,48.49505],[-1.99311,48.49633],[-1.98016,48.50164],[-1.96905,48.51356],[-1.95778,48.52533],[-1.95355,48.524],[-1.94564,48.54105],[-1.92487,48.54234],[-1.91707,48.52655],[-1.91898,48.50586],[-1.909,48.48155],[-1.92899,48.46823],[-1.92877,48.45221],[-1.95166,48.43891],[-1.94769,48.42492],[-1.941,48.41067],[-1.92997,48.39479],[-1.94596,48.38018],[-1.94279,48.36035],[-1.93084,48.34937],[-1.96237,48.34367],[-1.9578,48.30831],[-1.96174,48.29906],[-1.97127,48.29393],[-1.99316,48.29885],[-2.00217,48.28053],[-2.02504,48.28191],[-2.05084,48.29081],[-2.07699,48.29353],[-2.08456,48.2758],[-2.10521,48.27423],[-2.10554,48.26732],[-2.11119,48.25742],[-2.13034,48.25968],[-2.15444,48.26124],[-2.17984,48.24887],[-2.18943,48.22798],[-2.18386,48.21118],[-2.21713,48.21323],[-2.22405,48.20386],[-2.2207,48.19084],[-2.22474,48.1706],[-2.24454,48.16131],[-2.23589,48.14481],[-2.25702,48.14948],[-2.27731,48.14832],[-2.28733,48.13671],[-2.3112,48.13419],[-2.32327,48.12682],[-2.33773,48.12535],[-2.35753,48.11132],[-2.37257,48.12292],[-2.37739,48.14142],[-2.39901,48.15377],[-2.40921,48.16896],[-2.44924,48.17301],[-2.46915,48.16253],[-2.48783,48.16643],[-2.49389,48.15711],[-2.51411,48.15873],[-2.53213,48.15334],[-2.51654,48.142],[-2.51808,48.12519],[-2.5299,48.11181],[-2.54623,48.10149],[-2.5487,48.09255],[-2.54773,48.07715],[-2.57178,48.06923],[-2.58524,48.06134],[-2.60991,48.04638],[-2.632,48.03702],[-2.64512,48.04209],[-2.65916,48.03442],[-2.66737,48.04511],[-2.6718,48.06056],[-2.66733,48.06804],[-2.65617,48.08429],[-2.65335,48.10058],[-2.65704,48.11615],[-2.66233,48.12791],[-2.6861,48.12662],[-2.70659,48.11299],[-2.73491,48.11578],[-2.75799,48.11018],[-2.7674,48.0927],[-2.77711,48.09448],[-2.7784,48.10699],[-2.78496,48.12262],[-2.79472,48.13485],[-2.80753,48.14623],[-2.83666,48.14247],[-2.86559,48.14633],[-2.88158,48.15557],[-2.90718,48.16452],[-2.93969,48.17158],[-2.97023,48.16714],[-2.99975,48.16071],[-3.00456,48.1709],[-3.01263,48.18527],[-3.02382,48.19626],[-3.04886,48.20302],[-3.07248,48.20565],[-3.09048,48.20238],[-3.10697,48.20793],[-3.12558,48.20016],[-3.13707,48.18372],[-3.13463,48.16811],[-3.15812,48.16791],[-3.18782,48.16264],[-3.20779,48.15399],[-3.21115,48.14432],[-3.22862,48.14962],[-3.25023,48.14833],[-3.26565,48.14583],[-3.28135,48.14142],[-3.29289,48.15039],[-3.3001,48.15482],[-3.31812,48.14885],[-3.32779,48.16178],[-3.34974,48.16477],[-3.37558,48.16378],[-3.38949,48.15292],[-3.40824,48.14881],[-3.43009,48.15341],[-3.43255,48.16712],[-3.42594,48.17692],[-3.44476,48.18325],[-3.46866,48.17995],[-3.484,48.18505],[-3.51945,48.17959],[-3.54848,48.17989],[-3.56667,48.19003],[-3.54437,48.19381],[-3.52047,48.19226],[-3.53966,48.20653],[-3.55575,48.22597],[-3.5491,48.2418],[-3.53583,48.25585],[-3.52721,48.26184],[-3.52421,48.27435],[-3.53074,48.28691],[-3.54641,48.29845],[-3.52834,48.31667],[-3.53813,48.31476],[-3.5486,48.3211],[-3.55662,48.33752],[-3.56146,48.35157],[-3.55576,48.36349],[-3.55556,48.37689],[-3.57328,48.38088],[-3.60768,48.38832],[-3.60018,48.40398],[-3.6018,48.41741],[-3.5878,48.43077],[-3.56919,48.43846],[-3.5505,48.44783],[-3.57377,48.45717],[-3.59443,48.47025],[-3.60762,48.47839],[-3.60453,48.49227],[-3.58418,48.50447],[-3.56243,48.5237],[-3.54425,48.53669],[-3.5605,48.54942],[-3.57147,48.55832],[-3.59603,48.55509],[-3.59051,48.5653],[-3.59161,48.58256],[-3.60646,48.58625],[-3.62456,48.58801],[-3.64211,48.59945],[-3.63988,48.61215],[-3.65218,48.61705],[-3.6583,48.63174],[-3.66384,48.6484],[-3.65624,48.66099],[-3.63744,48.67293],[-3.62585,48.68474],[-3.61343,48.67212],[-3.58125,48.67002],[-3.57971,48.68917],[-3.58194,48.70097],[-3.58451,48.71576],[-3.56369,48.72871],[-3.55109,48.7346],[-3.55845,48.75297],[-3.58016,48.75834],[-3.57974,48.76626],[-3.58374,48.77917],[-3.57506,48.78887],[-3.56602,48.79669],[-3.54694,48.7957],[-3.53701,48.80766],[-3.5465,48.81109],[-3.54133,48.82268],[-3.52186,48.81913],[-3.52567,48.83003],[-3.50029,48.83787],[-3.51022,48.82766],[-3.49452,48.82834],[-3.49123,48.82995],[-3.47743,48.83702],[-3.4637,48.82175],[-3.44375,48.8188],[-3.4299,48.81598],[-3.44065,48.80623],[-3.42107,48.7992],[-3.38875,48.80786],[-3.37363,48.81651],[-3.35059,48.82281],[-3.33014,48.8333],[-3.29723,48.83344],[-3.28318,48.84017],[-3.27592,48.83828],[-3.25547,48.84285],[-3.24736,48.85403],[-3.23425,48.86503],[-3.22448,48.86992],[-3.21422,48.8575],[-3.20758,48.84647],[-3.21762,48.83721],[-3.20371,48.83384],[-3.20802,48.8137],[-3.22366,48.80036],[-3.23278,48.78918],[-3.22371,48.79039],[-3.2086,48.80853],[-3.20003,48.82098],[-3.18388,48.84102],[-3.16912,48.85071],[-3.14477,48.85472],[-3.12983,48.86436],[-3.10828,48.86525],[-3.08193,48.87574],[-3.09804,48.8685],[-3.08513,48.86735],[-3.07947,48.85797],[-3.091,48.86167],[-3.08417,48.84725],[-3.0974,48.83463],[-3.08389,48.83347],[-3.07208,48.8316],[-3.08505,48.82412],[-3.09605,48.80611],[-3.10033,48.79165],[-3.10849,48.78067],[-3.12362,48.77125],[-3.1196,48.75887],[-3.09765,48.76893],[-3.09737,48.78013],[-3.0935,48.79645],[-3.0835,48.81306],[-3.06179,48.82239],[-3.05558,48.8161],[-3.02611,48.82132],[-3.01165,48.81633],[-3.00236,48.80364],[-3.02073,48.79737],[-3.03985,48.78989],[-3.03087,48.78391],[-3.0111,48.77999],[-3.02908,48.77557],[-2.99981,48.76468],[-2.97625,48.76241],[-2.94925,48.77011],[-2.93661,48.75686],[-2.93424,48.75011],[-2.93417,48.73709],[-2.94751,48.72736],[-2.93046,48.7195],[-2.92107,48.70597],[-2.90065,48.69898],[-2.88442,48.68779],[-2.88306,48.67549],[-2.86399,48.67325],[-2.84176,48.66435],[-2.82653,48.65536],[-2.82241,48.64306],[-2.82033,48.62815],[-2.81686,48.6091],[-2.82386,48.59721],[-2.80021,48.58805],[-2.77901,48.58469],[-2.77507,48.57198],[-2.73481,48.5608],[-2.71427,48.55564],[-2.71916,48.53694],[-2.71013,48.53085],[-2.70497,48.51604],[-2.6931,48.50177],[-2.67893,48.49371],[-2.67732,48.51222],[-2.68209,48.53201],[-2.65926,48.52964],[-2.63382,48.52485],[-2.62738,48.54136],[-2.60167,48.55383],[-2.58836,48.56461],[-2.57386,48.57676],[-2.5516,48.5935],[-2.53683,48.59661],[-2.49665,48.60824],[-2.47802,48.61939],[-2.46813,48.63581],[-2.4851,48.64563],[-2.46179,48.64765],[-2.42954,48.64897],[-2.42109,48.63937],[-2.41256,48.6349],[-2.4009,48.64224],[-2.38255,48.65323],[-2.36821,48.65747],[-2.34845,48.66284],[-2.32982,48.67243],[-2.32445,48.68189],[-2.31354,48.6781],[-2.28842,48.66754],[-2.2954,48.65776],[-2.30948,48.64093],[-2.31966,48.62775],[-2.33016,48.61935],[-2.31206,48.61117],[-2.29268,48.62413],[-2.28395,48.63255],[-2.26839,48.64061],[-2.24742,48.64605],[-2.25326,48.63803],[-2.24355,48.62104],[-2.22886,48.61117],[-2.22281,48.59791],[-2.2111,48.58485],[-2.20816,48.57344],[-2.19155,48.59231],[-2.19262,48.60565],[-2.18307,48.59846],[-2.18773,48.58769],[-2.17686,48.57623],[-2.16076,48.58669],[-2.1681,48.59658],[-2.15374,48.60899],[-2.1425,48.61709],[-2.13007,48.60487],[-2.12371,48.60441]]]]},"properties":{"code":"22","nom":"Côtes-d'Armor"}},{"type":"Feature","geometry":{"type":"Polygon","coordinates":[[[2.16779,46.42407],[2.19933,46.4283],[2.22614,46.42419],[2.25456,46.4256],[2.27915,46.41784],[2.28477,46.39359],[2.29278,46.38321],[2.31716,46.37521],[2.33185,46.36536],[2.3169,46.35838],[2.3032,46.35284],[2.30074,46.34371],[2.31594,46.33441],[2.33075,46.32559],[2.35244,46.32374],[2.37048,46.31263],[2.37821,46.32541],[2.40165,46.32157],[2.41987,46.30248],[2.41908,46.29124],[2.43037,46.29001],[2.45385,46.29103],[2.47641,46.28084],[2.4802,46.26504],[2.49436,46.24865],[2.50601,46.24229],[2.51543,46.22801],[2.52302,46.21072],[2.5228,46.20119],[2.52883,46.18449],[2.55418,46.17442],[2.56177,46.16392],[2.56473,46.14502],[2.56165,46.13328],[2.55398,46.12637],[2.55066,46.1185],[2.55182,46.10397],[2.5504,46.0876],[2.55597,46.07311],[2.56606,46.0599],[2.57298,46.04684],[2.58975,46.03902],[2.60026,46.02308],[2.59773,46.0081],[2.59366,45.99381],[2.6056,45.98069],[2.60088,45.96423],[2.57984,45.96014],[2.56682,45.94735],[2.55362,45.93582],[2.5415,45.92153],[2.55035,45.90901],[2.53712,45.90094],[2.52072,45.89303],[2.50058,45.88513],[2.47955,45.86841],[2.45714,45.86565],[2.44374,45.85878],[2.44777,45.84839],[2.43514,45.84479],[2.42825,45.83504],[2.40572,45.83802],[2.39322,45.82971],[2.40614,45.81315],[2.4186,45.79848],[2.43279,45.78659],[2.44143,45.76238],[2.46012,45.75719],[2.47307,45.7467],[2.48793,45.74356],[2.47546,45.7307],[2.46472,45.71665],[2.45095,45.70884],[2.42712,45.70355],[2.40364,45.70969],[2.38026,45.70947],[2.34392,45.70651],[2.34154,45.68312],[2.32275,45.67655],[2.30805,45.67642],[2.28362,45.66476],[2.27001,45.66749],[2.27287,45.68701],[2.25002,45.69155],[2.22972,45.69863],[2.21533,45.70262],[2.20013,45.69883],[2.19856,45.70845],[2.18592,45.71984],[2.16438,45.73634],[2.14451,45.72317],[2.12129,45.73239],[2.09027,45.73049],[2.08406,45.74114],[2.06673,45.75167],[2.04151,45.75732],[2.0053,45.75033],[1.99955,45.73456],[1.99144,45.72081],[1.96218,45.72446],[1.94675,45.71627],[1.94632,45.70502],[1.92559,45.71314],[1.90415,45.70356],[1.8891,45.7062],[1.89247,45.71827],[1.87726,45.72545],[1.88324,45.73916],[1.87941,45.75961],[1.90215,45.76955],[1.8879,45.79027],[1.85786,45.80603],[1.84138,45.81445],[1.83177,45.82516],[1.81345,45.81536],[1.80024,45.82498],[1.78268,45.82998],[1.773,45.84553],[1.77655,45.85739],[1.75598,45.86632],[1.73954,45.85103],[1.72713,45.84331],[1.69397,45.84412],[1.67811,45.8367],[1.66228,45.83588],[1.64595,45.84438],[1.62484,45.84978],[1.60829,45.85557],[1.60453,45.87169],[1.59945,45.87958],[1.59978,45.88934],[1.61925,45.88829],[1.62074,45.88286],[1.62589,45.8981],[1.636,45.88844],[1.63972,45.89954],[1.63434,45.90674],[1.62795,45.91754],[1.63657,45.92408],[1.62925,45.93141],[1.60954,45.93315],[1.58085,45.93069],[1.57824,45.91866],[1.56183,45.91756],[1.54727,45.91683],[1.53352,45.92945],[1.50939,45.93284],[1.51918,45.94205],[1.5191,45.95122],[1.53628,45.9544],[1.55497,45.96457],[1.57481,45.97577],[1.56747,45.99295],[1.55147,45.99635],[1.53395,46.00345],[1.53638,46.02629],[1.54847,46.0348],[1.53671,46.05302],[1.53667,46.06404],[1.54038,46.07831],[1.52571,46.07998],[1.52665,46.09099],[1.50894,46.0898],[1.50159,46.10121],[1.48801,46.10953],[1.49885,46.11635],[1.50561,46.12689],[1.4955,46.14067],[1.48484,46.13483],[1.47269,46.14959],[1.45453,46.1521],[1.46636,46.16592],[1.46106,46.17676],[1.44297,46.17868],[1.43284,46.18027],[1.41302,46.18021],[1.39826,46.18791],[1.38458,46.19922],[1.38147,46.21012],[1.37273,46.21729],[1.38231,46.22556],[1.39323,46.23501],[1.40625,46.2425],[1.41977,46.24499],[1.4087,46.25165],[1.40583,46.26355],[1.42574,46.26645],[1.43176,46.27658],[1.41602,46.28212],[1.42272,46.29302],[1.43362,46.30134],[1.43947,46.30917],[1.43913,46.32496],[1.44273,46.33551],[1.42145,46.33778],[1.41469,46.34595],[1.43092,46.35436],[1.4349,46.36467],[1.44558,46.37157],[1.46535,46.37478],[1.48787,46.39723],[1.50054,46.40236],[1.50994,46.41784],[1.52671,46.42686],[1.54024,46.42062],[1.5458,46.40277],[1.55694,46.39691],[1.57862,46.41048],[1.59844,46.41523],[1.61641,46.42272],[1.61425,46.39953],[1.62622,46.39403],[1.6398,46.38508],[1.65802,46.39881],[1.6836,46.41818],[1.69957,46.40455],[1.70616,46.39719],[1.72922,46.3936],[1.74865,46.413],[1.75882,46.44026],[1.75434,46.45212],[1.78652,46.45525],[1.81733,46.43985],[1.82746,46.42818],[1.8462,46.4284],[1.88344,46.43255],[1.88778,46.44162],[1.90737,46.44214],[1.92169,46.43406],[1.95522,46.43822],[1.9883,46.4345],[2.01547,46.42941],[2.05188,46.4215],[2.08875,46.41034],[2.1098,46.41439],[2.12552,46.42058],[2.14859,46.42413],[2.16779,46.42407]]]},"properties":{"code":"23","nom":"Creuse"}},{"type":"Feature","geometry":{"type":"Polygon","coordinates":[[[0.62974,45.71457],[0.63859,45.70031],[0.65091,45.69424],[0.66398,45.68674],[0.6788,45.68912],[0.69612,45.68936],[0.71536,45.69505],[0.73294,45.6909],[0.74816,45.68198],[0.7639,45.66807],[0.77465,45.65991],[0.7652,45.64405],[0.76348,45.62853],[0.75441,45.61408],[0.77003,45.59919],[0.78771,45.5925],[0.8061,45.59245],[0.82325,45.57724],[0.84986,45.5974],[0.87111,45.62247],[0.88536,45.60781],[0.90152,45.60221],[0.92054,45.60578],[0.93917,45.61164],[0.94891,45.61402],[0.97132,45.60993],[0.98971,45.60754],[1.01273,45.61011],[1.03447,45.59848],[1.03713,45.58394],[1.0399,45.56702],[1.0525,45.55654],[1.07478,45.54294],[1.08516,45.53118],[1.10206,45.53654],[1.11351,45.54579],[1.12962,45.5439],[1.15221,45.53285],[1.14751,45.51571],[1.13333,45.50319],[1.11818,45.48512],[1.12407,45.47888],[1.14178,45.47313],[1.16186,45.47623],[1.17483,45.46772],[1.18659,45.45529],[1.21602,45.46032],[1.23472,45.44895],[1.25176,45.44326],[1.27207,45.43784],[1.29166,45.43572],[1.28252,45.43235],[1.28947,45.41942],[1.27162,45.41826],[1.25737,45.41178],[1.26694,45.39563],[1.27711,45.39784],[1.28266,45.38481],[1.29553,45.39321],[1.30293,45.39337],[1.3222,45.38373],[1.31958,45.36995],[1.29538,45.35637],[1.28074,45.34019],[1.26604,45.32485],[1.24049,45.30661],[1.24026,45.29207],[1.22928,45.27591],[1.23938,45.26044],[1.26172,45.25502],[1.27782,45.24883],[1.26922,45.23462],[1.23359,45.21999],[1.23974,45.19791],[1.29104,45.18335],[1.27326,45.16722],[1.25545,45.16071],[1.27109,45.15397],[1.29626,45.13976],[1.31374,45.1401],[1.33794,45.13792],[1.36245,45.13237],[1.39244,45.13208],[1.4116,45.11379],[1.38552,45.10503],[1.38651,45.10175],[1.39002,45.08995],[1.4062,45.07149],[1.40633,45.05862],[1.41727,45.0498],[1.44175,45.02182],[1.43191,45.01019],[1.41444,44.99489],[1.41747,44.98052],[1.42098,44.96699],[1.42178,44.95562],[1.4347,44.94452],[1.43534,44.93143],[1.44173,44.916],[1.42121,44.91549],[1.41675,44.90901],[1.42016,44.89788],[1.44009,44.88652],[1.42938,44.87136],[1.41264,44.86911],[1.40333,44.85405],[1.3861,44.84743],[1.36453,44.84375],[1.36118,44.82432],[1.35693,44.81043],[1.32551,44.80601],[1.2975,44.78885],[1.29846,44.77424],[1.32027,44.75855],[1.30053,44.74306],[1.29375,44.7228],[1.27943,44.71583],[1.26615,44.71382],[1.24871,44.70807],[1.23872,44.69209],[1.21726,44.68262],[1.19523,44.68343],[1.16881,44.68002],[1.14763,44.66297],[1.14775,44.65141],[1.15333,44.63774],[1.12465,44.6158],[1.09459,44.59234],[1.09894,44.57993],[1.08882,44.57068],[1.07593,44.58143],[1.07031,44.59667],[1.04227,44.6059],[1.01361,44.6144],[0.99084,44.63713],[0.97169,44.6401],[0.95297,44.63969],[0.92955,44.6355],[0.90964,44.62233],[0.88042,44.61449],[0.87254,44.60414],[0.8523,44.60001],[0.83436,44.60387],[0.83083,44.61409],[0.817,44.627],[0.83379,44.63852],[0.84404,44.65441],[0.84765,44.66669],[0.83004,44.67191],[0.82955,44.68878],[0.81074,44.69875],[0.78857,44.69462],[0.77364,44.68594],[0.75987,44.67799],[0.72203,44.67751],[0.7014,44.67667],[0.67764,44.67746],[0.65869,44.68003],[0.65069,44.69751],[0.62629,44.70304],[0.61628,44.69367],[0.588,44.69856],[0.57154,44.67743],[0.55351,44.66611],[0.53852,44.66939],[0.52228,44.67851],[0.49663,44.66996],[0.478,44.66879],[0.45944,44.66129],[0.43766,44.65229],[0.41517,44.64589],[0.39358,44.65403],[0.3786,44.65356],[0.3588,44.65911],[0.34868,44.66362],[0.3565,44.68345],[0.34511,44.70047],[0.34763,44.71713],[0.33783,44.73433],[0.32008,44.75094],[0.29733,44.76228],[0.27749,44.77837],[0.27435,44.7924],[0.26597,44.81259],[0.26372,44.82641],[0.29696,44.82939],[0.30607,44.83982],[0.30414,44.8536],[0.25543,44.86749],[0.24095,44.86561],[0.2234,44.8449],[0.19284,44.8208],[0.16764,44.82627],[0.12621,44.82829],[0.10871,44.82988],[0.07953,44.82507],[0.05211,44.82445],[0.03598,44.84052],[0.01368,44.84758],[-0.02946,44.8518],[-0.02176,44.85714],[-0.00734,44.86841],[0.00234,44.87977],[0.01549,44.88962],[0.02521,44.90521],[0.03211,44.91804],[0.01359,44.93757],[0.00807,44.95384],[0.01353,44.97731],[0.03339,44.98063],[0.03736,45.00204],[0.03914,45.02431],[0.05423,45.03933],[0.0733,45.07012],[0.06299,45.09635],[0.04939,45.1095],[0.03228,45.1178],[0.00019,45.11931],[-0.02386,45.11481],[-0.04094,45.10363],[-0.02923,45.12983],[-0.02271,45.1445],[0.00472,45.15374],[-0.01838,45.16169],[0.00264,45.18822],[0.0125,45.20275],[0.03845,45.2162],[0.05837,45.22587],[0.09201,45.22751],[0.1181,45.21276],[0.13571,45.21345],[0.14699,45.22491],[0.16477,45.22975],[0.16925,45.24301],[0.17653,45.26147],[0.19581,45.26196],[0.21413,45.28038],[0.2264,45.28997],[0.24641,45.29028],[0.2643,45.29645],[0.26704,45.32282],[0.25857,45.34626],[0.24984,45.36468],[0.25484,45.38457],[0.26288,45.39687],[0.27155,45.41584],[0.28723,45.43196],[0.31347,45.43289],[0.30194,45.44595],[0.31977,45.45307],[0.33396,45.4495],[0.34111,45.46246],[0.35926,45.46998],[0.37527,45.47624],[0.39094,45.48529],[0.41492,45.48944],[0.43327,45.48764],[0.44142,45.5096],[0.45261,45.52482],[0.46574,45.53962],[0.49311,45.54233],[0.50649,45.55389],[0.50361,45.57152],[0.5138,45.58681],[0.51699,45.59887],[0.50846,45.6089],[0.50764,45.61955],[0.52506,45.63977],[0.53576,45.64246],[0.53845,45.62874],[0.54683,45.63507],[0.57545,45.64093],[0.5689,45.65311],[0.58004,45.66046],[0.59233,45.66923],[0.59147,45.67596],[0.60493,45.68859],[0.61431,45.69881],[0.62749,45.7085],[0.62974,45.71457]]]},"properties":{"code":"24","nom":"Dordogne"}},{"type":"Feature","geometry":{"type":"Polygon","coordinates":[[[6.80701,47.5628],[6.83631,47.5482],[6.87136,47.55043],[6.90173,47.54987],[6.91414,47.5356],[6.91632,47.52357],[6.93649,47.51792],[6.94536,47.50517],[6.94267,47.48492],[6.92552,47.49942],[6.9096,47.49145],[6.90835,47.47443],[6.9244,47.4619],[6.93562,47.44402],[6.94078,47.41155],[6.91544,47.39864],[6.91296,47.38735],[6.8854,47.3746],[6.87899,47.35769],[6.89933,47.35765],[6.93506,47.35759],[6.96736,47.35923],[7.00439,47.36711],[7.02648,47.36942],[7.04825,47.36218],[7.05561,47.34737],[7.05675,47.33457],[7.01611,47.32545],[7.01131,47.30844],[6.99052,47.29651],[6.96829,47.29273],[6.94088,47.28667],[6.95004,47.26553],[6.95422,47.24253],[6.93202,47.23062],[6.90949,47.21777],[6.88004,47.20033],[6.86614,47.18448],[6.84117,47.17126],[6.85178,47.15927],[6.82857,47.14635],[6.80931,47.13552],[6.78308,47.12406],[6.75449,47.11515],[6.74126,47.1044],[6.72945,47.08998],[6.70775,47.08333],[6.70301,47.07297],[6.70056,47.05909],[6.71167,47.04814],[6.67543,47.03451],[6.64845,47.01435],[6.61437,46.99166],[6.57606,46.98421],[6.53732,46.97356],[6.48384,46.96594],[6.45341,46.93926],[6.44746,46.91128],[6.43956,46.824],[6.45857,46.7885],[6.42592,46.7548],[6.39137,46.74089],[6.37151,46.72917],[6.34911,46.71429],[6.29546,46.6944],[6.2707,46.67877],[6.23063,46.65123],[6.20766,46.63571],[6.18916,46.62562],[6.16525,46.61007],[6.12997,46.59153],[6.13811,46.55766],[6.0877,46.58216],[6.05626,46.61418],[6.0609,46.62272],[6.07238,46.6318],[6.09691,46.64622],[6.07341,46.6845],[6.10987,46.70726],[6.15525,46.73152],[6.18914,46.75573],[6.19584,46.77974],[6.1758,46.79662],[6.16013,46.80697],[6.13592,46.82529],[6.09787,46.84434],[6.07151,46.85704],[6.04709,46.84563],[6.0227,46.85259],[6.03163,46.86926],[6.01591,46.86866],[6.0104,46.8869],[5.98674,46.90512],[5.99722,46.93349],[5.96622,46.94576],[5.96645,46.95404],[5.97071,46.97624],[5.94396,46.97986],[5.941,46.98631],[5.92364,46.97862],[5.91304,46.98944],[5.91858,47.01034],[5.89872,46.99884],[5.88336,47.00238],[5.84903,47.00574],[5.8387,47.00893],[5.82262,47.01577],[5.81534,47.03152],[5.81473,47.04636],[5.79916,47.03075],[5.76316,47.01139],[5.75391,47.01689],[5.74635,47.03067],[5.7441,47.04496],[5.75169,47.05351],[5.78472,47.05491],[5.76942,47.08769],[5.78994,47.10144],[5.80541,47.11926],[5.81764,47.14712],[5.81147,47.16905],[5.78384,47.1725],[5.78719,47.18464],[5.75719,47.1967],[5.73983,47.20104],[5.72343,47.21841],[5.71768,47.23213],[5.71279,47.24901],[5.69873,47.265],[5.71771,47.26809],[5.73139,47.26787],[5.74041,47.26621],[5.75114,47.27382],[5.76535,47.27569],[5.78128,47.2894],[5.80555,47.29281],[5.82612,47.29764],[5.84886,47.30429],[5.86088,47.31293],[5.87653,47.31848],[5.8944,47.31033],[5.89627,47.32549],[5.90561,47.33231],[5.92092,47.32756],[5.92537,47.33674],[5.94196,47.34302],[5.9608,47.34063],[5.97168,47.3302],[5.97957,47.32599],[5.9931,47.32872],[6.00507,47.33811],[6.02878,47.33614],[6.04142,47.34555],[6.05494,47.35133],[6.07568,47.35354],[6.08199,47.36388],[6.09908,47.37185],[6.114,47.36391],[6.11976,47.36647],[6.11135,47.37972],[6.10871,47.38565],[6.12443,47.39496],[6.15225,47.38612],[6.16676,47.38969],[6.16918,47.3893],[6.18129,47.40255],[6.17617,47.40631],[6.17788,47.41697],[6.19521,47.41824],[6.20353,47.43044],[6.22634,47.42181],[6.24157,47.41074],[6.23303,47.42818],[6.25583,47.4244],[6.26245,47.43931],[6.28717,47.44616],[6.293,47.46465],[6.29916,47.48322],[6.31946,47.48554],[6.33156,47.50345],[6.35909,47.50881],[6.38318,47.50823],[6.40434,47.52087],[6.42653,47.51811],[6.46067,47.51244],[6.46725,47.50131],[6.47614,47.49351],[6.49881,47.51067],[6.51594,47.49844],[6.53488,47.50442],[6.55597,47.49041],[6.57926,47.50829],[6.57558,47.52982],[6.57206,47.53639],[6.59672,47.54207],[6.60944,47.53079],[6.62999,47.53147],[6.65315,47.54084],[6.66215,47.56468],[6.66006,47.5799],[6.66403,47.57232],[6.68549,47.56607],[6.71541,47.55292],[6.7416,47.55589],[6.77229,47.53769],[6.78448,47.54101],[6.80124,47.56236],[6.80701,47.5628]]]},"properties":{"code":"25","nom":"Doubs"}},{"type":"Feature","geometry":{"type":"Polygon","coordinates":[[[4.80049,45.29836],[4.83977,45.30544],[4.88105,45.29848],[4.91508,45.31533],[4.93965,45.32693],[4.96088,45.32943],[4.97619,45.33611],[4.99962,45.34345],[5.01986,45.32012],[5.07017,45.28974],[5.09448,45.28602],[5.12155,45.29874],[5.13135,45.28653],[5.12461,45.25766],[5.12761,45.24697],[5.14164,45.24739],[5.15823,45.25555],[5.16467,45.24652],[5.18305,45.23653],[5.20171,45.2174],[5.16742,45.21013],[5.16876,45.19853],[5.1892,45.16576],[5.18199,45.14982],[5.1894,45.13754],[5.18401,45.1183],[5.17095,45.10336],[5.15833,45.08431],[5.13588,45.08004],[5.15148,45.0716],[5.17119,45.06901],[5.18703,45.08492],[5.22612,45.07918],[5.25215,45.06093],[5.2705,45.05439],[5.28919,45.05986],[5.30532,45.06102],[5.3171,45.05145],[5.32939,45.05941],[5.34349,45.05469],[5.36966,45.04369],[5.38397,45.03553],[5.39117,45.04308],[5.38306,45.05591],[5.39657,45.04409],[5.42156,45.05367],[5.43903,45.05848],[5.45225,45.07649],[5.4693,45.08859],[5.48966,45.07597],[5.47433,45.06621],[5.46485,45.04594],[5.4804,45.01288],[5.47767,44.96675],[5.47555,44.86704],[5.48051,44.82269],[5.47613,44.80698],[5.46416,44.79243],[5.49493,44.78263],[5.53467,44.77608],[5.54414,44.78893],[5.56647,44.78425],[5.58271,44.77038],[5.60316,44.7585],[5.62912,44.74574],[5.64513,44.72947],[5.66315,44.72549],[5.69946,44.72398],[5.72403,44.71191],[5.74198,44.71003],[5.76049,44.69603],[5.77811,44.70067],[5.80804,44.7055],[5.82969,44.68868],[5.80647,44.67718],[5.79508,44.66145],[5.77665,44.6538],[5.75394,44.66271],[5.75296,44.65008],[5.73639,44.64305],[5.71003,44.64302],[5.68372,44.65073],[5.65633,44.65372],[5.64034,44.64436],[5.64618,44.62141],[5.63533,44.60915],[5.62748,44.59496],[5.61785,44.5839],[5.6047,44.56396],[5.60472,44.54067],[5.6311,44.53128],[5.66293,44.50527],[5.6413,44.50234],[5.62353,44.48947],[5.60915,44.46841],[5.5757,44.47326],[5.54526,44.4825],[5.51227,44.49106],[5.47586,44.49382],[5.46149,44.4993],[5.46279,44.48108],[5.45873,44.46614],[5.47066,44.4456],[5.4983,44.43732],[5.47285,44.42039],[5.45341,44.42977],[5.42301,44.4277],[5.43428,44.40781],[5.44144,44.37776],[5.43832,44.3674],[5.46255,44.36738],[5.47517,44.35154],[5.49129,44.33786],[5.52137,44.35108],[5.53737,44.33353],[5.55754,44.33318],[5.58792,44.33211],[5.61315,44.33291],[5.62872,44.32782],[5.61059,44.31321],[5.62074,44.30617],[5.64194,44.29502],[5.63593,44.28001],[5.6517,44.26875],[5.68559,44.26393],[5.67342,44.24821],[5.68101,44.2307],[5.67602,44.21215],[5.68642,44.19464],[5.66066,44.1898],[5.64378,44.17309],[5.66975,44.16549],[5.67794,44.14638],[5.63967,44.14949],[5.63616,44.16998],[5.61613,44.1778],[5.60205,44.19149],[5.57462,44.18683],[5.56923,44.16698],[5.55605,44.14916],[5.52996,44.12917],[5.50482,44.11627],[5.46123,44.11814],[5.44442,44.13733],[5.43567,44.15085],[5.41282,44.15485],[5.39247,44.15225],[5.3846,44.16596],[5.38453,44.20118],[5.34797,44.21058],[5.31831,44.20987],[5.3033,44.20539],[5.27755,44.22019],[5.24683,44.23071],[5.22827,44.21344],[5.20919,44.21387],[5.18482,44.2188],[5.17071,44.22343],[5.1549,44.23094],[5.16181,44.25346],[5.15197,44.26812],[5.15871,44.286],[5.16929,44.30128],[5.16643,44.31486],[5.15178,44.30221],[5.12373,44.28834],[5.10412,44.27991],[5.07056,44.28922],[5.04522,44.30126],[5.00554,44.28675],[4.97555,44.28223],[4.93291,44.26215],[4.89574,44.25769],[4.87905,44.26148],[4.85696,44.24774],[4.83771,44.23646],[4.8141,44.23231],[4.80979,44.26372],[4.80302,44.28507],[4.79658,44.3047],[4.77558,44.31796],[4.74932,44.32507],[4.71251,44.32386],[4.67143,44.32478],[4.64691,44.34748],[4.65978,44.38935],[4.66544,44.42453],[4.68785,44.43984],[4.70029,44.46956],[4.68766,44.49976],[4.70291,44.52407],[4.70345,44.53552],[4.69389,44.56108],[4.70664,44.56659],[4.73465,44.58649],[4.74352,44.59827],[4.75778,44.62652],[4.77777,44.65095],[4.77932,44.67605],[4.77204,44.7059],[4.76387,44.73452],[4.7658,44.7641],[4.77759,44.78312],[4.79742,44.79971],[4.80449,44.81248],[4.82034,44.82979],[4.84134,44.8426],[4.85946,44.87175],[4.85586,44.90136],[4.87861,44.92774],[4.86475,44.9622],[4.85126,44.99468],[4.83975,45.01307],[4.84428,45.04029],[4.85448,45.06344],[4.82828,45.07471],[4.8179,45.1082],[4.81427,45.13942],[4.81649,45.16188],[4.81051,45.18604],[4.81067,45.20745],[4.80221,45.24833],[4.80774,45.29169],[4.80049,45.29836]],[[4.89291,44.36482],[4.87776,44.35269],[4.89423,44.33287],[4.88768,44.3163],[4.91238,44.30766],[4.94905,44.3031],[4.97194,44.29883],[4.9889,44.30393],[4.99657,44.31974],[5.01169,44.33649],[5.02202,44.34963],[5.03666,44.36421],[5.06246,44.37217],[5.06794,44.38213],[5.05405,44.38178],[5.03689,44.38944],[5.0181,44.3933],[5.01707,44.41615],[4.98861,44.4232],[4.96999,44.42967],[4.95196,44.42005],[4.93051,44.41219],[4.90968,44.39672],[4.8999,44.36952],[4.89291,44.36482]]]},"properties":{"code":"26","nom":"Drôme"}},{"type":"Feature","geometry":{"type":"Polygon","coordinates":[[[0.29722,49.42986],[0.33898,49.44093],[0.46467,49.47286],[0.52064,49.48041],[0.58474,49.43242],[0.63475,49.43995],[0.63309,49.43017],[0.64502,49.42608],[0.64425,49.415],[0.65525,49.40522],[0.69539,49.40534],[0.70802,49.41103],[0.73443,49.40994],[0.75402,49.41364],[0.77777,49.41441],[0.80003,49.41461],[0.80284,49.42732],[0.83758,49.39276],[0.87927,49.39513],[0.88309,49.38682],[0.88613,49.37449],[0.90208,49.38063],[0.9183,49.36985],[0.92339,49.35094],[0.91201,49.33987],[0.89128,49.34493],[0.87571,49.34306],[0.85916,49.33956],[0.84759,49.33047],[0.85985,49.3255],[0.87881,49.31958],[0.89739,49.31482],[0.89256,49.30315],[0.92577,49.3135],[0.94168,49.31528],[0.94993,49.30072],[0.96153,49.2891],[0.95793,49.28199],[0.95764,49.27108],[0.97422,49.27739],[0.98512,49.26089],[1.00651,49.26271],[0.99276,49.25319],[1.01603,49.25356],[1.03715,49.26068],[1.05184,49.26168],[1.05923,49.26497],[1.06024,49.27627],[1.05496,49.29144],[1.05072,49.29851],[1.08069,49.30878],[1.13438,49.31655],[1.14548,49.33551],[1.16463,49.34293],[1.17959,49.34251],[1.19151,49.33836],[1.19932,49.34554],[1.2172,49.34945],[1.28209,49.36306],[1.28873,49.37841],[1.29671,49.39489],[1.31171,49.40711],[1.31036,49.42667],[1.33024,49.43111],[1.34324,49.43757],[1.34293,49.44634],[1.36795,49.45042],[1.3907,49.46227],[1.38254,49.45215],[1.40032,49.4568],[1.42246,49.45627],[1.49614,49.44404],[1.52654,49.4412],[1.54049,49.43478],[1.55597,49.44172],[1.57811,49.43665],[1.59855,49.42065],[1.60445,49.41172],[1.62465,49.4145],[1.6385,49.4079],[1.65493,49.40066],[1.6847,49.4012],[1.70293,49.40863],[1.71601,49.40402],[1.73759,49.40706],[1.72332,49.39736],[1.73644,49.38358],[1.74982,49.37138],[1.75857,49.35866],[1.7682,49.3413],[1.77022,49.32745],[1.76995,49.31469],[1.77523,49.29789],[1.78441,49.29323],[1.79323,49.27433],[1.78981,49.25381],[1.76716,49.25941],[1.75799,49.26755],[1.73859,49.26902],[1.70694,49.2614],[1.69874,49.24673],[1.70436,49.2322],[1.69126,49.22092],[1.67689,49.21167],[1.6745,49.19624],[1.66769,49.17754],[1.66293,49.15935],[1.6561,49.14748],[1.65598,49.13151],[1.64666,49.12138],[1.63311,49.11105],[1.61754,49.09399],[1.61226,49.07998],[1.59313,49.08229],[1.57341,49.07848],[1.56107,49.07012],[1.5413,49.07371],[1.52135,49.06835],[1.51129,49.08384],[1.5116,49.07414],[1.48741,49.05165],[1.46893,49.05997],[1.45529,49.0573],[1.45748,49.03029],[1.47412,49.0096],[1.46907,48.9935],[1.46754,48.97937],[1.48762,48.97971],[1.51242,48.97863],[1.49604,48.96268],[1.50577,48.95391],[1.48449,48.93912],[1.4536,48.92549],[1.45519,48.91328],[1.46369,48.8994],[1.46558,48.88052],[1.44509,48.86778],[1.41705,48.86162],[1.39737,48.85359],[1.37387,48.83905],[1.35953,48.82692],[1.36603,48.80484],[1.37323,48.78099],[1.35013,48.7758],[1.32753,48.7604],[1.30298,48.76634],[1.27691,48.76336],[1.25626,48.7651],[1.22791,48.76771],[1.21863,48.75997],[1.1971,48.76992],[1.16094,48.77065],[1.15116,48.78582],[1.1214,48.78919],[1.1224,48.77086],[1.11928,48.7616],[1.11454,48.74712],[1.10279,48.75172],[1.08996,48.75409],[1.07897,48.75241],[1.06444,48.75939],[1.04719,48.74535],[1.03782,48.73148],[1.0206,48.73479],[1.00368,48.72699],[0.97829,48.73096],[0.95814,48.71951],[0.9317,48.71245],[0.90442,48.71144],[0.88269,48.71773],[0.86878,48.69884],[0.85633,48.68587],[0.83452,48.68098],[0.81159,48.67164],[0.78806,48.6703],[0.76803,48.67268],[0.76312,48.68434],[0.75695,48.70108],[0.7318,48.7032],[0.7535,48.7196],[0.77286,48.73719],[0.75719,48.75564],[0.74123,48.77614],[0.72029,48.7879],[0.68896,48.7946],[0.64951,48.81574],[0.62206,48.82964],[0.61688,48.84374],[0.6263,48.85323],[0.60924,48.85963],[0.61503,48.87765],[0.58848,48.87424],[0.58728,48.891],[0.55322,48.87644],[0.52088,48.88079],[0.49049,48.88152],[0.45585,48.88391],[0.44928,48.88948],[0.43811,48.88552],[0.42017,48.89605],[0.40617,48.90163],[0.3867,48.91815],[0.40843,48.94344],[0.41997,48.9579],[0.4322,48.97191],[0.43107,48.9906],[0.44628,49.01497],[0.43478,49.02593],[0.41753,49.03337],[0.38547,49.03607],[0.37886,49.05102],[0.38116,49.06019],[0.3851,49.07326],[0.40734,49.07652],[0.4189,49.08098],[0.39942,49.08893],[0.41505,49.09513],[0.39875,49.09908],[0.40917,49.12004],[0.42487,49.13019],[0.42974,49.14265],[0.40657,49.14951],[0.3901,49.15845],[0.39,49.18021],[0.38912,49.19383],[0.39473,49.20844],[0.38212,49.21651],[0.35614,49.22403],[0.3305,49.23956],[0.33085,49.25298],[0.36099,49.26072],[0.38279,49.26402],[0.38119,49.2868],[0.35652,49.2958],[0.33741,49.28942],[0.31837,49.2791],[0.31874,49.29237],[0.31594,49.30865],[0.31314,49.32304],[0.32599,49.34037],[0.31128,49.35311],[0.30222,49.37417],[0.30821,49.3907],[0.30103,49.40429],[0.29722,49.42986]]]},"properties":{"code":"27","nom":"Eure"}},{"type":"Feature","geometry":{"type":"Polygon","coordinates":[[[0.81482,48.67017],[0.83891,48.67984],[0.85879,48.68556],[0.86702,48.70111],[0.8863,48.71732],[0.90734,48.71156],[0.9367,48.71368],[0.95737,48.72059],[0.98062,48.73],[1.00709,48.72722],[1.0228,48.73458],[1.03587,48.73361],[1.04664,48.74804],[1.06719,48.75829],[1.08259,48.75172],[1.09159,48.75119],[1.10158,48.75103],[1.11333,48.74913],[1.11733,48.76365],[1.12185,48.77287],[1.12897,48.78842],[1.1504,48.78347],[1.16298,48.76931],[1.19958,48.76895],[1.22305,48.75798],[1.23637,48.76888],[1.25454,48.75863],[1.27999,48.76268],[1.30611,48.76554],[1.32981,48.76096],[1.35347,48.7792],[1.37479,48.78118],[1.3638,48.80789],[1.35876,48.82827],[1.37758,48.84119],[1.39686,48.85538],[1.42389,48.86126],[1.44902,48.86934],[1.46684,48.88374],[1.46143,48.8996],[1.45932,48.91465],[1.45597,48.9269],[1.49013,48.93615],[1.51201,48.93447],[1.5224,48.92479],[1.54276,48.91459],[1.54612,48.90121],[1.56374,48.89063],[1.55136,48.87516],[1.5648,48.86653],[1.5816,48.855],[1.59785,48.83906],[1.5895,48.81953],[1.57725,48.8052],[1.57529,48.79115],[1.58308,48.77582],[1.60645,48.76029],[1.62157,48.73885],[1.60124,48.72051],[1.57685,48.70258],[1.59923,48.69166],[1.60469,48.67524],[1.61101,48.65676],[1.6383,48.6505],[1.64925,48.63861],[1.65517,48.62272],[1.67271,48.61575],[1.68232,48.6156],[1.70129,48.61264],[1.71877,48.60574],[1.70925,48.57802],[1.74586,48.57614],[1.76273,48.56513],[1.7838,48.54672],[1.77617,48.51443],[1.79064,48.49684],[1.79634,48.48419],[1.80311,48.46902],[1.83659,48.46709],[1.84599,48.44747],[1.86402,48.442],[1.88898,48.43976],[1.91163,48.44548],[1.92855,48.45097],[1.93633,48.43481],[1.94072,48.42548],[1.92837,48.40605],[1.96791,48.40232],[1.97288,48.38898],[1.98012,48.37484],[1.9839,48.36667],[1.97291,48.35405],[1.97055,48.33898],[1.97909,48.31266],[1.95987,48.3075],[1.97141,48.29353],[1.97509,48.28801],[1.99258,48.28127],[1.97878,48.26001],[1.96337,48.25011],[1.96625,48.23901],[1.96386,48.22242],[1.97587,48.20478],[1.96245,48.19445],[1.9651,48.18714],[1.97097,48.17107],[1.92877,48.17138],[1.90528,48.1463],[1.90878,48.13024],[1.89182,48.11161],[1.84909,48.08469],[1.82599,48.08059],[1.80004,48.08412],[1.78005,48.07741],[1.76134,48.07053],[1.73656,48.06681],[1.71393,48.06872],[1.68587,48.07456],[1.66264,48.07239],[1.64258,48.07146],[1.62436,48.06497],[1.61776,48.04645],[1.59537,48.03692],[1.56324,48.03801],[1.52253,48.03463],[1.51783,48.01721],[1.5255,47.9928],[1.52012,47.98228],[1.49372,47.9874],[1.46857,48.00205],[1.43261,48.00853],[1.43482,47.98844],[1.42152,47.97179],[1.39507,47.97549],[1.38041,47.9751],[1.36544,47.95474],[1.33011,47.95791],[1.30343,47.96307],[1.27117,47.96264],[1.25844,47.97265],[1.23682,47.97879],[1.20383,47.96849],[1.19833,47.98062],[1.19,47.99097],[1.16983,48.00651],[1.159,48.0177],[1.14393,48.02874],[1.12123,48.03912],[1.10627,48.06014],[1.11223,48.08073],[1.07892,48.07737],[1.06016,48.08618],[1.026,48.08841],[0.99896,48.08594],[1.00215,48.10284],[1.02568,48.1126],[1.04603,48.11764],[1.03122,48.13239],[0.99555,48.12727],[0.96899,48.11024],[0.95234,48.10001],[0.94658,48.10732],[0.91724,48.10464],[0.87953,48.10377],[0.85537,48.12262],[0.8723,48.13448],[0.90291,48.13544],[0.91146,48.14697],[0.88775,48.16152],[0.8653,48.16596],[0.83665,48.16685],[0.82234,48.17805],[0.80058,48.18883],[0.80682,48.20105],[0.83024,48.2143],[0.81706,48.2305],[0.80068,48.24755],[0.78907,48.26156],[0.79372,48.28357],[0.79779,48.29118],[0.77449,48.30363],[0.7612,48.30633],[0.77075,48.32395],[0.7879,48.34109],[0.81221,48.34948],[0.82982,48.3445],[0.8416,48.35023],[0.86356,48.35375],[0.88228,48.35727],[0.90089,48.37384],[0.91633,48.37451],[0.92653,48.3841],[0.94813,48.39881],[0.9445,48.41729],[0.96555,48.43081],[0.96932,48.44134],[0.94748,48.45348],[0.93724,48.46721],[0.95629,48.48228],[0.94743,48.49458],[0.95716,48.50752],[0.95706,48.52573],[0.93874,48.53212],[0.92674,48.54195],[0.93124,48.55518],[0.89659,48.57076],[0.85216,48.58161],[0.84671,48.60271],[0.82931,48.61104],[0.82101,48.62257],[0.82467,48.63377],[0.82012,48.65247],[0.81333,48.66816],[0.81482,48.67017]]]},"properties":{"code":"28","nom":"Eure-et-Loir"}},{"type":"Feature","geometry":{"type":"MultiPolygon","coordinates":[[[[-4.0004,47.72283],[-4.00391,47.72264],[-4.0036,47.72392],[-4.00166,47.7256],[-3.9976,47.72519],[-3.99752,47.72393],[-4.0004,47.72283]]],[[[-3.99181,48.7364],[-4.00531,48.74003],[-4.01794,48.73958],[-4.03822,48.74455],[-4.0256,48.74935],[-4.00593,48.75285],[-3.98961,48.74532],[-3.99181,48.7364]]],[[[-3.957,47.71206],[-3.95828,47.71339],[-3.95815,47.71457],[-3.95924,47.71632],[-3.95799,47.7176],[-3.95809,47.71958],[-3.95573,47.72061],[-3.95464,47.72211],[-3.95137,47.72157],[-3.95084,47.72051],[-3.95244,47.71876],[-3.95418,47.71767],[-3.95431,47.71654],[-3.95578,47.71533],[-3.95542,47.71291],[-3.957,47.71206]]],[[[-4.01058,47.71578],[-4.0124,47.71644],[-4.01192,47.71909],[-4.00911,47.71861],[-4.00718,47.71696],[-4.00841,47.71603],[-4.01058,47.71578]]],[[[-4.02902,47.77405],[-4.03075,47.77509],[-4.03027,47.7761],[-4.02832,47.77662],[-4.02715,47.77799],[-4.02533,47.77682],[-4.02052,47.77678],[-4.02164,47.77504],[-4.02528,47.77521],[-4.02619,47.7761],[-4.02801,47.77564],[-4.02902,47.77405]]],[[[-4.846,48.03154],[-4.87085,48.04041],[-4.85677,48.03987],[-4.84994,48.0332],[-4.846,48.03154]]],[[[-3.99706,47.70114],[-4.00059,47.70212],[-3.99942,47.70353],[-3.99976,47.70527],[-3.99825,47.70599],[-3.99995,47.70742],[-4.00214,47.70776],[-3.99873,47.71006],[-3.99644,47.7082],[-3.99277,47.70827],[-3.99183,47.70494],[-3.99078,47.70283],[-3.99233,47.70184],[-3.99343,47.70313],[-3.99706,47.70114]]],[[[-3.79886,47.78308],[-3.80053,47.78304],[-3.803,47.78417],[-3.7995,47.78458],[-3.79886,47.78308]]],[[[-5.01189,48.42399],[-5.01406,48.42578],[-5.01271,48.42863],[-5.01331,48.4295],[-5.01161,48.43082],[-5.01043,48.43027],[-5.01174,48.4277],[-5.01018,48.42662],[-5.01189,48.42399]]],[[[-4.63347,48.59991],[-4.63573,48.59953],[-4.63738,48.60015],[-4.63672,48.60227],[-4.63491,48.60147],[-4.63347,48.59991]]],[[[-4.05985,48.70267],[-4.06213,48.70277],[-4.06462,48.70426],[-4.06797,48.7047],[-4.06938,48.70561],[-4.07164,48.70471],[-4.07279,48.70574],[-4.07061,48.70675],[-4.06702,48.70642],[-4.06418,48.70662],[-4.06207,48.70556],[-4.06024,48.70567],[-4.05985,48.70267]]],[[[-4.17813,47.85103],[-4.1912,47.86185],[-4.18249,47.86356],[-4.17813,47.85103]]],[[[-4.17666,47.84074],[-4.17963,47.84148],[-4.18167,47.84379],[-4.18385,47.84462],[-4.18414,47.846],[-4.18327,47.84709],[-4.1815,47.84742],[-4.18018,47.84541],[-4.17666,47.84398],[-4.17666,47.84074]]],[[[-4.18354,47.84875],[-4.18532,47.84905],[-4.18667,47.85019],[-4.18571,47.85102],[-4.18371,47.85067],[-4.18354,47.84875]]],[[[-4.33721,48.10015],[-4.3385,48.1007],[-4.3392,48.10301],[-4.33754,48.10324],[-4.33544,48.10164],[-4.33721,48.10015]]],[[[-4.53754,48.30184],[-4.53894,48.30262],[-4.53814,48.30375],[-4.53617,48.30419],[-4.53505,48.30291],[-4.53754,48.30184]]],[[[-4.5308,48.30352],[-4.53194,48.30445],[-4.52972,48.30644],[-4.52867,48.30524],[-4.5308,48.30352]]],[[[-4.9592,48.38941],[-4.96023,48.39048],[-4.96288,48.39098],[-4.9649,48.39229],[-4.96488,48.39632],[-4.96734,48.39788],[-4.96613,48.39927],[-4.96345,48.39998],[-4.96281,48.40169],[-4.95901,48.40122],[-4.95941,48.4002],[-4.95756,48.39919],[-4.95547,48.39643],[-4.95344,48.39607],[-4.95372,48.39288],[-4.95726,48.39153],[-4.9592,48.38941]]],[[[-4.98237,48.41991],[-4.9804,48.41899],[-4.98127,48.41703],[-4.98382,48.41636],[-4.98546,48.41689],[-4.98397,48.41926],[-4.98237,48.41991]]],[[[-4.78746,48.43734],[-4.79013,48.43798],[-4.7887,48.43889],[-4.78746,48.43734]]],[[[-4.61628,48.58497],[-4.61951,48.58531],[-4.61924,48.58622],[-4.61625,48.58677],[-4.61504,48.58589],[-4.61628,48.58497]]],[[[-4.86234,48.3413],[-4.84835,48.35479],[-4.85748,48.34283],[-4.86234,48.3413]]],[[[-4.89439,48.37236],[-4.90203,48.37305],[-4.90577,48.3723],[-4.90978,48.37322],[-4.91118,48.3744],[-4.91001,48.37528],[-4.90786,48.37398],[-4.90477,48.37476],[-4.90374,48.37369],[-4.90173,48.37383],[-4.89796,48.37588],[-4.89566,48.37544],[-4.8931,48.37411],[-4.89269,48.37323],[-4.89439,48.37236]]],[[[-4.94482,48.36993],[-4.94386,48.37161],[-4.93938,48.37262],[-4.93523,48.37534],[-4.93326,48.37478],[-4.93368,48.37299],[-4.93575,48.37277],[-4.93704,48.37142],[-4.94247,48.37107],[-4.94482,48.36993]]],[[[-4.94984,48.39787],[-4.95206,48.39913],[-4.95258,48.40083],[-4.95088,48.40084],[-4.95037,48.40204],[-4.94747,48.40259],[-4.94689,48.40136],[-4.94939,48.39998],[-4.94984,48.39787]]],[[[-4.89782,48.37814],[-4.89982,48.38023],[-4.90021,48.38301],[-4.89881,48.38264],[-4.89895,48.38137],[-4.89731,48.3803],[-4.89782,48.37814]]],[[[-3.92245,48.6796],[-3.92643,48.68574],[-3.92601,48.69917],[-3.92446,48.68905],[-3.92245,48.6796]]],[[[-4.57115,48.6051],[-4.57288,48.60622],[-4.5742,48.60799],[-4.57169,48.6085],[-4.56926,48.60762],[-4.56988,48.60582],[-4.57115,48.6051]]],[[[-4.55386,48.6273],[-4.5553,48.62734],[-4.55655,48.62902],[-4.55826,48.6291],[-4.55776,48.63081],[-4.55626,48.63035],[-4.55503,48.62893],[-4.55168,48.62927],[-4.55386,48.6273]]],[[[-4.5682,48.63739],[-4.57067,48.63797],[-4.56969,48.64019],[-4.56665,48.63844],[-4.5682,48.63739]]],[[[-4.593,48.62228],[-4.59464,48.62327],[-4.59474,48.62543],[-4.59299,48.6255],[-4.59343,48.62383],[-4.593,48.62228]]],[[[-4.4044,48.63862],[-4.40598,48.6393],[-4.40351,48.64049],[-4.403,48.63934],[-4.4044,48.63862]]],[[[-4.27801,48.28186],[-4.28104,48.28232],[-4.28201,48.28357],[-4.28011,48.28495],[-4.2784,48.28482],[-4.27731,48.28385],[-4.27801,48.28186]]],[[[-3.65914,48.65921],[-3.6617,48.64473],[-3.6557,48.62581],[-3.65173,48.61337],[-3.63898,48.60859],[-3.6406,48.59605],[-3.61761,48.59018],[-3.60242,48.5848],[-3.5879,48.58096],[-3.59509,48.5638],[-3.58922,48.55508],[-3.56988,48.55461],[-3.55746,48.54502],[-3.54844,48.5325],[-3.57049,48.51791],[-3.5915,48.50034],[-3.6021,48.48788],[-3.60506,48.47687],[-3.58948,48.46446],[-3.56765,48.45239],[-3.55402,48.44552],[-3.57086,48.43667],[-3.5928,48.42785],[-3.60063,48.41395],[-3.60067,48.40112],[-3.59412,48.38643],[-3.57024,48.37798],[-3.5545,48.37365],[-3.55875,48.35915],[-3.56324,48.34786],[-3.55327,48.33206],[-3.55204,48.317],[-3.52825,48.32176],[-3.53011,48.31274],[-3.555,48.29372],[-3.52496,48.28125],[-3.5268,48.27238],[-3.52422,48.25708],[-3.54066,48.2533],[-3.55399,48.23855],[-3.55349,48.22099],[-3.53451,48.20562],[-3.52235,48.1886],[-3.54827,48.19248],[-3.56598,48.18687],[-3.6031,48.17525],[-3.65186,48.15658],[-3.683,48.15133],[-3.71551,48.14222],[-3.7219,48.12927],[-3.72349,48.118],[-3.72987,48.10617],[-3.71762,48.09747],[-3.70432,48.08662],[-3.69878,48.06873],[-3.69427,48.06229],[-3.67369,48.05243],[-3.6641,48.0367],[-3.66252,48.01932],[-3.64851,48.00371],[-3.64023,47.98524],[-3.62455,47.98379],[-3.60489,47.98931],[-3.58069,47.98791],[-3.5659,47.99132],[-3.55274,47.99208],[-3.53108,47.98866],[-3.51974,47.97615],[-3.50058,47.97535],[-3.48527,47.95957],[-3.467,47.94722],[-3.46136,47.9595],[-3.44064,47.9602],[-3.42089,47.96871],[-3.40664,47.96734],[-3.39655,47.95778],[-3.39713,47.94715],[-3.39032,47.93139],[-3.39741,47.91829],[-3.40331,47.90777],[-3.41315,47.90335],[-3.40516,47.89207],[-3.40401,47.86616],[-3.41058,47.86619],[-3.43578,47.86432],[-3.4509,47.855],[-3.45595,47.8388],[-3.47697,47.83197],[-3.49262,47.8252],[-3.51464,47.83771],[-3.52317,47.85004],[-3.54429,47.85799],[-3.53132,47.84377],[-3.5419,47.82146],[-3.53299,47.81235],[-3.52611,47.80354],[-3.52734,47.79414],[-3.53333,47.77572],[-3.54221,47.76413],[-3.55739,47.76588],[-3.58589,47.76836],[-3.60191,47.76868],[-3.60618,47.77458],[-3.63415,47.77279],[-3.64682,47.77882],[-3.64623,47.78669],[-3.66264,47.78094],[-3.67947,47.77709],[-3.69404,47.78522],[-3.71484,47.79501],[-3.71709,47.80711],[-3.69967,47.80992],[-3.69229,47.81851],[-3.66831,47.82385],[-3.64835,47.82253],[-3.65156,47.82191],[-3.68353,47.82275],[-3.69381,47.8278],[-3.70005,47.81968],[-3.7145,47.81013],[-3.73747,47.80795],[-3.74362,47.82761],[-3.74561,47.83508],[-3.75097,47.84491],[-3.75518,47.83323],[-3.74599,47.82085],[-3.74406,47.81171],[-3.74158,47.7983],[-3.75985,47.79067],[-3.79231,47.79064],[-3.81081,47.79431],[-3.82963,47.79498],[-3.84924,47.79214],[-3.8509,47.79598],[-3.87184,47.8152],[-3.89219,47.83162],[-3.89927,47.84107],[-3.89208,47.8443],[-3.8855,47.85783],[-3.90092,47.8506],[-3.91007,47.85818],[-3.90475,47.86032],[-3.91536,47.86886],[-3.92941,47.87378],[-3.94468,47.88722],[-3.94705,47.89638],[-3.95973,47.89697],[-3.97786,47.89932],[-3.98137,47.89949],[-3.99018,47.89719],[-3.98522,47.88629],[-3.98604,47.86735],[-3.98571,47.85406],[-4.03037,47.84968],[-4.07201,47.8603],[-4.07183,47.86058],[-4.05375,47.85787],[-4.06867,47.86427],[-4.07978,47.87183],[-4.0838,47.87188],[-4.08813,47.86447],[-4.10246,47.86702],[-4.11818,47.87873],[-4.12409,47.88765],[-4.12739,47.89379],[-4.14061,47.89977],[-4.13931,47.92146],[-4.11817,47.93026],[-4.10274,47.94026],[-4.08923,47.93786],[-4.09488,47.94129],[-4.07955,47.94944],[-4.09531,47.94258],[-4.1093,47.94992],[-4.09451,47.96143],[-4.11595,47.97739],[-4.1057,47.97139],[-4.11244,47.96631],[-4.1192,47.95402],[-4.11383,47.94746],[-4.13061,47.93151],[-4.1412,47.92537],[-4.14864,47.90673],[-4.15907,47.89451],[-4.17267,47.90462],[-4.17117,47.89464],[-4.15122,47.89071],[-4.13041,47.88997],[-4.12429,47.87948],[-4.115,47.86975],[-4.13233,47.86247],[-4.16737,47.84482],[-4.1678,47.85048],[-4.17419,47.8707],[-4.19116,47.87666],[-4.1918,47.86674],[-4.20336,47.86207],[-4.20777,47.86516],[-4.19548,47.8553],[-4.18611,47.84458],[-4.17864,47.83566],[-4.17209,47.83418],[-4.1617,47.82541],[-4.16946,47.81389],[-4.18309,47.80112],[-4.2077,47.80028],[-4.21617,47.80811],[-4.21404,47.7974],[-4.23644,47.7923],[-4.2678,47.79034],[-4.27116,47.79791],[-4.29198,47.79199],[-4.31219,47.8009],[-4.34754,47.7991],[-4.37378,47.79948],[-4.37868,47.81649],[-4.37065,47.82557],[-4.3521,47.82881],[-4.34929,47.83839],[-4.35404,47.86683],[-4.36607,47.89362],[-4.39519,47.93441],[-4.41291,47.95112],[-4.43904,47.9715],[-4.45915,47.98351],[-4.48854,47.99605],[-4.52201,48.00583],[-4.53536,48.01525],[-4.53097,48.0285],[-4.50457,48.0356],[-4.49687,48.04007],[-4.51633,48.03862],[-4.53063,48.03723],[-4.53415,48.02823],[-4.54065,48.01258],[-4.56325,48.00123],[-4.58847,48.00737],[-4.60826,48.01612],[-4.62773,48.02192],[-4.64084,48.02646],[-4.66283,48.02483],[-4.68914,48.02632],[-4.70513,48.0301],[-4.7263,48.03293],[-4.73196,48.04089],[-4.71174,48.04275],[-4.71416,48.05281],[-4.7114,48.0648],[-4.68963,48.06214],[-4.67419,48.06099],[-4.66795,48.0698],[-4.65598,48.06794],[-4.63718,48.06875],[-4.62173,48.06854],[-4.59847,48.07602],[-4.58314,48.07986],[-4.56481,48.08022],[-4.54564,48.07846],[-4.53637,48.08893],[-4.52275,48.08576],[-4.5107,48.08985],[-4.49106,48.08707],[-4.47555,48.09579],[-4.45011,48.09848],[-4.42974,48.09984],[-4.40484,48.10381],[-4.38305,48.10619],[-4.36155,48.10878],[-4.34097,48.10052],[-4.33239,48.08503],[-4.32332,48.09787],[-4.3083,48.09001],[-4.29371,48.10023],[-4.28063,48.11888],[-4.27162,48.13297],[-4.27258,48.15132],[-4.28926,48.15895],[-4.29912,48.16761],[-4.29296,48.17756],[-4.32114,48.20399],[-4.34034,48.20524],[-4.36262,48.20645],[-4.37816,48.2186],[-4.39959,48.21981],[-4.41928,48.22748],[-4.43928,48.22447],[-4.45029,48.23539],[-4.47181,48.23784],[-4.48903,48.23621],[-4.50134,48.22394],[-4.50959,48.21267],[-4.51893,48.19832],[-4.527,48.18575],[-4.5412,48.17409],[-4.55757,48.16983],[-4.55078,48.18242],[-4.55091,48.19162],[-4.55431,48.21281],[-4.56132,48.23018],[-4.55765,48.23711],[-4.54329,48.24908],[-4.56058,48.25728],[-4.58358,48.25248],[-4.60249,48.25813],[-4.62194,48.25313],[-4.61798,48.26652],[-4.62469,48.27875],[-4.6104,48.28166],[-4.5929,48.2808],[-4.59406,48.27553],[-4.57133,48.28131],[-4.56897,48.29712],[-4.5742,48.3076],[-4.57768,48.32341],[-4.56039,48.33458],[-4.54047,48.34046],[-4.54387,48.32133],[-4.55404,48.30522],[-4.55287,48.29568],[-4.54178,48.28986],[-4.52179,48.29112],[-4.51431,48.30259],[-4.51702,48.29674],[-4.50876,48.28436],[-4.47984,48.28545],[-4.45538,48.29267],[-4.42879,48.29074],[-4.4099,48.27603],[-4.36719,48.27772],[-4.34134,48.28625],[-4.30347,48.29748],[-4.26534,48.29096],[-4.27394,48.28897],[-4.28485,48.27591],[-4.27288,48.27116],[-4.26575,48.25912],[-4.24786,48.25466],[-4.228,48.25158],[-4.21409,48.2523],[-4.21123,48.24682],[-4.18127,48.24243],[-4.15412,48.24363],[-4.12369,48.24074],[-4.11672,48.22926],[-4.11342,48.22714],[-4.10718,48.2485],[-4.10866,48.24941],[-4.13485,48.24144],[-4.17626,48.24927],[-4.20434,48.24903],[-4.22618,48.25944],[-4.24318,48.2566],[-4.27296,48.2748],[-4.25866,48.28034],[-4.2388,48.29017],[-4.21419,48.28976],[-4.19408,48.29367],[-4.20615,48.29762],[-4.23572,48.29924],[-4.23209,48.31024],[-4.2456,48.30696],[-4.24916,48.30004],[-4.25603,48.30965],[-4.2819,48.31247],[-4.26169,48.32078],[-4.25537,48.32625],[-4.27308,48.31949],[-4.28765,48.31389],[-4.3094,48.31725],[-4.32425,48.31546],[-4.32618,48.31979],[-4.3182,48.32946],[-4.30601,48.33298],[-4.30813,48.33769],[-4.278,48.34488],[-4.28605,48.35049],[-4.26452,48.35818],[-4.29174,48.35296],[-4.30313,48.34697],[-4.32181,48.34135],[-4.3259,48.34978],[-4.32376,48.35803],[-4.34144,48.34736],[-4.35584,48.34515],[-4.35219,48.35075],[-4.36871,48.33568],[-4.37768,48.32631],[-4.3998,48.32457],[-4.40443,48.33549],[-4.40263,48.34066],[-4.43273,48.32938],[-4.45763,48.32778],[-4.4419,48.34006],[-4.44548,48.3495],[-4.43556,48.36035],[-4.41387,48.3728],[-4.39157,48.38744],[-4.36194,48.40095],[-4.33341,48.40814],[-4.31002,48.41878],[-4.28386,48.43336],[-4.27009,48.44504],[-4.29755,48.43012],[-4.31415,48.41984],[-4.32993,48.41507],[-4.3515,48.40915],[-4.37004,48.40376],[-4.39172,48.39765],[-4.41278,48.39237],[-4.43528,48.38339],[-4.45568,48.38232],[-4.47059,48.38077],[-4.48153,48.3811],[-4.50703,48.37518],[-4.53802,48.35713],[-4.55574,48.35889],[-4.57175,48.34924],[-4.59694,48.34376],[-4.62399,48.33758],[-4.64285,48.34513],[-4.66654,48.35274],[-4.68776,48.35431],[-4.70031,48.34242],[-4.70773,48.33202],[-4.73182,48.33136],[-4.75327,48.32934],[-4.77229,48.33261],[-4.77011,48.34639],[-4.78072,48.35859],[-4.75067,48.3613],[-4.75245,48.36475],[-4.7876,48.36272],[-4.76091,48.37275],[-4.763,48.38319],[-4.77392,48.397],[-4.78324,48.4049],[-4.79137,48.41767],[-4.786,48.43426],[-4.78155,48.44353],[-4.77195,48.45485],[-4.76457,48.46687],[-4.75288,48.46535],[-4.73734,48.4707],[-4.71963,48.4756],[-4.74928,48.47253],[-4.76472,48.47508],[-4.77137,48.48505],[-4.7771,48.4962],[-4.77495,48.50632],[-4.77261,48.51528],[-4.77228,48.51914],[-4.76966,48.5207],[-4.75869,48.52297],[-4.75836,48.52977],[-4.75013,48.53069],[-4.74617,48.54542],[-4.73058,48.55635],[-4.71389,48.55481],[-4.69932,48.55563],[-4.70095,48.56723],[-4.69074,48.57047],[-4.67062,48.57222],[-4.64433,48.57299],[-4.62529,48.57507],[-4.59954,48.57177],[-4.59121,48.55746],[-4.58511,48.55956],[-4.55446,48.55822],[-4.53139,48.55123],[-4.51423,48.54969],[-4.50914,48.55221],[-4.53095,48.55595],[-4.55192,48.56257],[-4.58396,48.56202],[-4.59313,48.57424],[-4.60641,48.58065],[-4.60528,48.59109],[-4.60143,48.60457],[-4.58568,48.60192],[-4.58526,48.59535],[-4.55651,48.5948],[-4.53377,48.59569],[-4.51007,48.58565],[-4.49106,48.57515],[-4.49206,48.58137],[-4.5124,48.58832],[-4.53601,48.59763],[-4.55424,48.60443],[-4.56049,48.61022],[-4.56796,48.6161],[-4.56618,48.62473],[-4.54582,48.62381],[-4.54686,48.63526],[-4.53807,48.63078],[-4.51958,48.63461],[-4.50627,48.62982],[-4.50983,48.62314],[-4.49221,48.62465],[-4.46746,48.6266],[-4.44692,48.6393],[-4.43056,48.63712],[-4.42403,48.63868],[-4.40573,48.63683],[-4.40463,48.64128],[-4.42477,48.64667],[-4.43449,48.65556],[-4.4118,48.65503],[-4.38397,48.66033],[-4.37562,48.66656],[-4.35487,48.67352],[-4.33344,48.67582],[-4.32911,48.66791],[-4.31539,48.67137],[-4.2964,48.66445],[-4.30439,48.65117],[-4.31042,48.64238],[-4.29609,48.63856],[-4.27751,48.64469],[-4.25036,48.64958],[-4.23476,48.65057],[-4.21546,48.64893],[-4.19943,48.656],[-4.22224,48.65793],[-4.20556,48.67098],[-4.18799,48.68568],[-4.17349,48.68583],[-4.15756,48.68959],[-4.13137,48.69627],[-4.10715,48.69453],[-4.09313,48.68892],[-4.08091,48.69295],[-4.06765,48.68269],[-4.05726,48.67083],[-4.06608,48.68531],[-4.05255,48.68724],[-4.05195,48.70429],[-4.03639,48.7085],[-4.0113,48.71703],[-4.00735,48.71969],[-3.99102,48.7183],[-3.97984,48.72268],[-3.96702,48.71932],[-3.97345,48.70773],[-3.96598,48.6929],[-3.96915,48.67611],[-3.95502,48.67473],[-3.95143,48.66139],[-3.95303,48.64484],[-3.95494,48.62717],[-3.95151,48.6188],[-3.94176,48.60467],[-3.93886,48.60709],[-3.94845,48.62],[-3.9481,48.63776],[-3.9432,48.65444],[-3.92817,48.66331],[-3.91898,48.67356],[-3.89275,48.67085],[-3.90539,48.66308],[-3.88957,48.64166],[-3.85701,48.62608],[-3.86438,48.6078],[-3.85611,48.60793],[-3.85227,48.62082],[-3.8266,48.62737],[-3.82425,48.63083],[-3.84885,48.63473],[-3.85565,48.65029],[-3.86125,48.6669],[-3.85352,48.66922],[-3.84714,48.6673],[-3.84959,48.68094],[-3.85067,48.69071],[-3.84193,48.70588],[-3.82985,48.71138],[-3.82105,48.70472],[-3.81681,48.71618],[-3.79839,48.71055],[-3.77456,48.70462],[-3.75361,48.70894],[-3.73263,48.70682],[-3.71161,48.69757],[-3.69443,48.69085],[-3.67415,48.68981],[-3.64461,48.69624],[-3.64948,48.67894],[-3.6467,48.67056],[-3.65914,48.65921]]],[[[-5.1026,48.43612],[-5.11385,48.43903],[-5.10148,48.44496],[-5.09875,48.45629],[-5.11769,48.45165],[-5.1362,48.45012],[-5.13146,48.45969],[-5.11274,48.46486],[-5.10138,48.47248],[-5.08289,48.47243],[-5.07568,48.47977],[-5.05639,48.47661],[-5.057,48.46829],[-5.04546,48.46431],[-5.04071,48.45785],[-5.05489,48.45366],[-5.06819,48.45085],[-5.08458,48.44589],[-5.10101,48.43861],[-5.1026,48.43612]]],[[[-5.09629,48.47755],[-5.1009,48.47928],[-5.10224,48.48056],[-5.10419,48.48087],[-5.1027,48.48233],[-5.1016,48.48095],[-5.09784,48.48161],[-5.09509,48.48142],[-5.09392,48.48218],[-5.09227,48.48162],[-5.09244,48.48043],[-5.09017,48.47994],[-5.08996,48.47896],[-5.0923,48.47813],[-5.09629,48.47755]]],[[[-4.77512,48.52668],[-4.77627,48.52701],[-4.77691,48.5301],[-4.77334,48.53082],[-4.77249,48.5273],[-4.77512,48.52668]]]]},"properties":{"code":"29","nom":"Finistère"}},{"type":"Feature","geometry":{"type":"Polygon","coordinates":[[[3.37365,44.17076],[3.40137,44.16142],[3.4226,44.15276],[3.43584,44.13188],[3.46231,44.1273],[3.49558,44.12535],[3.52572,44.12036],[3.54342,44.10928],[3.56219,44.12254],[3.59125,44.11997],[3.61968,44.11966],[3.63242,44.12825],[3.64359,44.14175],[3.63881,44.15154],[3.63332,44.1637],[3.64965,44.18085],[3.67151,44.17964],[3.68872,44.17467],[3.71702,44.16529],[3.73986,44.15516],[3.76039,44.15116],[3.77303,44.14159],[3.78958,44.1309],[3.81265,44.1288],[3.83441,44.13653],[3.85649,44.12999],[3.87392,44.12985],[3.89203,44.14567],[3.91101,44.15203],[3.92549,44.16024],[3.92657,44.17473],[3.93779,44.17812],[3.96055,44.16875],[3.97614,44.16925],[3.9645,44.17397],[3.95953,44.18393],[3.95141,44.19445],[3.94389,44.20685],[3.94804,44.22627],[3.94797,44.24455],[3.9604,44.25009],[3.97417,44.25396],[3.96893,44.26636],[3.94676,44.26689],[3.93803,44.28168],[3.93428,44.29615],[3.93879,44.3149],[3.94954,44.32519],[3.93462,44.3359],[3.92413,44.34764],[3.90581,44.37612],[3.88586,44.38827],[3.90691,44.40116],[3.93746,44.40215],[3.94941,44.41004],[3.96565,44.41832],[3.97349,44.43792],[3.98548,44.44657],[3.9931,44.45654],[4.01102,44.45452],[4.02321,44.44558],[4.03948,44.44353],[4.04269,44.42637],[4.04655,44.41844],[4.06844,44.40511],[4.05634,44.39259],[4.04137,44.39353],[4.05197,44.37564],[4.0572,44.36135],[4.05111,44.34397],[4.03686,44.33077],[4.04744,44.32364],[4.05621,44.31918],[4.07185,44.32872],[4.09097,44.33009],[4.11337,44.32903],[4.12772,44.33672],[4.14114,44.31774],[4.16497,44.31215],[4.17999,44.30943],[4.21129,44.29209],[4.23308,44.27606],[4.25522,44.26498],[4.27792,44.27522],[4.29074,44.30868],[4.30266,44.31468],[4.33002,44.33389],[4.35104,44.33946],[4.38374,44.34419],[4.40274,44.33128],[4.39365,44.2972],[4.41306,44.28762],[4.43351,44.28459],[4.4521,44.29654],[4.45762,44.34163],[4.48153,44.33691],[4.50226,44.34301],[4.51152,44.33175],[4.53224,44.32267],[4.54557,44.32224],[4.56758,44.30025],[4.59898,44.29175],[4.61814,44.27855],[4.64343,44.27295],[4.66635,44.24377],[4.67267,44.21681],[4.70894,44.21191],[4.71496,44.19104],[4.71794,44.17191],[4.7117,44.13474],[4.71446,44.09632],[4.7359,44.08264],[4.75785,44.07725],[4.78798,44.06505],[4.80801,44.03973],[4.82319,44.01603],[4.84472,43.99379],[4.81598,43.9888],[4.81402,43.964],[4.77902,43.93789],[4.74255,43.92775],[4.7135,43.90179],[4.70114,43.89156],[4.67659,43.87951],[4.65619,43.87378],[4.6472,43.86079],[4.65185,43.85237],[4.6663,43.84478],[4.64242,43.83144],[4.65508,43.80764],[4.65124,43.78228],[4.62949,43.76192],[4.61304,43.71429],[4.6251,43.68544],[4.59303,43.68746],[4.55811,43.6995],[4.52701,43.70262],[4.4813,43.69444],[4.4755,43.67109],[4.4408,43.64905],[4.43165,43.61623],[4.46681,43.61521],[4.46679,43.59914],[4.42847,43.58567],[4.40633,43.57203],[4.40935,43.56113],[4.38694,43.55945],[4.35365,43.54739],[4.33058,43.5362],[4.32287,43.55431],[4.30811,43.54804],[4.31664,43.52461],[4.288,43.51339],[4.2378,43.49666],[4.22622,43.46097],[4.15404,43.47529],[4.11989,43.49921],[4.12206,43.51987],[4.13574,43.53483],[4.10449,43.55337],[4.07523,43.5884],[4.11906,43.58833],[4.14979,43.59817],[4.19153,43.6399],[4.19415,43.65459],[4.18017,43.67138],[4.16285,43.68732],[4.16338,43.70698],[4.14707,43.72552],[4.12715,43.7406],[4.10671,43.74714],[4.09039,43.76121],[4.07073,43.7666],[4.05616,43.77214],[4.05044,43.78704],[4.03016,43.79926],[4.00205,43.81146],[3.96307,43.80443],[3.97236,43.82653],[3.97936,43.84288],[3.9576,43.84826],[3.92929,43.85497],[3.9174,43.88559],[3.90319,43.87922],[3.86987,43.87621],[3.8518,43.86763],[3.82236,43.87482],[3.81606,43.90691],[3.82355,43.92944],[3.80876,43.94143],[3.7862,43.95905],[3.75899,43.96758],[3.74377,43.96661],[3.72286,43.96542],[3.70212,43.96102],[3.68218,43.94713],[3.67871,43.93448],[3.67293,43.91218],[3.65005,43.91425],[3.6464,43.90095],[3.63975,43.91284],[3.61262,43.90504],[3.60031,43.88722],[3.58512,43.87875],[3.59942,43.85473],[3.5813,43.84813],[3.56886,43.85079],[3.54859,43.85137],[3.53012,43.8548],[3.5192,43.86499],[3.52186,43.87744],[3.52371,43.88538],[3.51867,43.89192],[3.50265,43.89729],[3.49727,43.89026],[3.47822,43.88608],[3.43518,43.86296],[3.44148,43.88752],[3.43462,43.90229],[3.42035,43.91269],[3.40102,43.91504],[3.38505,43.91056],[3.37265,43.91615],[3.35827,43.91278],[3.35446,43.92325],[3.35215,43.93421],[3.35918,43.95103],[3.37715,43.96698],[3.40711,43.97364],[3.42157,43.99398],[3.44674,44.00948],[3.44973,44.02327],[3.42203,44.03615],[3.40082,44.04328],[3.38304,44.05725],[3.36435,44.05594],[3.33713,44.06253],[3.3215,44.0799],[3.30403,44.06952],[3.29059,44.0717],[3.27715,44.08275],[3.2626,44.09288],[3.28199,44.10063],[3.29661,44.10478],[3.32293,44.10982],[3.32029,44.1359],[3.34779,44.16123],[3.37365,44.17076]]]},"properties":{"code":"30","nom":"Gard"}},{"type":"Feature","geometry":{"type":"Polygon","coordinates":[[[0.95398,43.78737],[0.97565,43.78665],[0.99843,43.79813],[1.0362,43.80423],[1.06063,43.80046],[1.08098,43.81154],[1.10158,43.80734],[1.11026,43.79632],[1.13167,43.81281],[1.15041,43.8211],[1.16975,43.80477],[1.18501,43.79342],[1.20361,43.79144],[1.21943,43.78723],[1.21074,43.77089],[1.23506,43.77501],[1.26861,43.78482],[1.26942,43.79198],[1.28137,43.79678],[1.30863,43.80163],[1.33494,43.80838],[1.36003,43.8172],[1.32803,43.83816],[1.30984,43.83989],[1.29483,43.84867],[1.31941,43.85807],[1.33914,43.85073],[1.35953,43.85117],[1.35054,43.87176],[1.35614,43.88382],[1.3859,43.88277],[1.40861,43.88283],[1.4257,43.87207],[1.44719,43.87413],[1.46069,43.88814],[1.48058,43.90508],[1.49881,43.88852],[1.51657,43.90084],[1.53045,43.91057],[1.54841,43.91705],[1.54903,43.90914],[1.5577,43.88331],[1.56401,43.87188],[1.56255,43.85971],[1.59098,43.84366],[1.59119,43.82773],[1.59023,43.81453],[1.62106,43.80451],[1.64481,43.79777],[1.64178,43.7802],[1.65267,43.75786],[1.66067,43.74184],[1.68174,43.734],[1.70645,43.71622],[1.68463,43.70768],[1.66508,43.70329],[1.67145,43.69334],[1.69726,43.69272],[1.71937,43.6788],[1.73098,43.66009],[1.70525,43.65171],[1.68878,43.63066],[1.70216,43.61858],[1.72324,43.61365],[1.74194,43.60461],[1.76097,43.60313],[1.77209,43.59279],[1.79057,43.58325],[1.80956,43.57799],[1.83052,43.57785],[1.84559,43.57086],[1.85235,43.55316],[1.88041,43.54032],[1.87963,43.53032],[1.89293,43.51354],[1.9172,43.50152],[1.93805,43.49799],[1.96183,43.49254],[1.99,43.47747],[2.01507,43.48831],[2.01554,43.50948],[2.03795,43.49935],[2.04068,43.51298],[2.04793,43.49581],[2.04079,43.47766],[2.01896,43.46877],[2.01355,43.45041],[2.02913,43.4369],[2.03121,43.41935],[2.01436,43.41471],[1.98351,43.41165],[1.96827,43.41877],[1.95817,43.4256],[1.92781,43.42177],[1.9193,43.41287],[1.91463,43.40075],[1.89775,43.39636],[1.90218,43.4057],[1.89394,43.41808],[1.87493,43.43587],[1.85498,43.44218],[1.84693,43.43017],[1.83516,43.41848],[1.8188,43.41151],[1.82162,43.39878],[1.80907,43.39422],[1.80512,43.37976],[1.80463,43.36951],[1.81091,43.35332],[1.80566,43.34088],[1.77476,43.34244],[1.75609,43.34779],[1.7392,43.33932],[1.72682,43.33787],[1.7352,43.32103],[1.72563,43.31049],[1.71087,43.30028],[1.70128,43.28169],[1.68409,43.27655],[1.66892,43.27786],[1.65557,43.26437],[1.65521,43.24784],[1.63486,43.2398],[1.61956,43.25843],[1.57971,43.27365],[1.5675,43.26983],[1.56055,43.25889],[1.52582,43.27304],[1.51686,43.28365],[1.50907,43.29137],[1.49722,43.29178],[1.4947,43.27408],[1.49094,43.2569],[1.49984,43.24531],[1.50301,43.22508],[1.48289,43.22479],[1.46761,43.20884],[1.43994,43.21527],[1.41611,43.22603],[1.42023,43.23704],[1.42678,43.25185],[1.41888,43.26475],[1.40326,43.27597],[1.37626,43.28852],[1.3669,43.30401],[1.35465,43.31449],[1.32397,43.3094],[1.30534,43.2955],[1.29253,43.28837],[1.29748,43.26973],[1.30762,43.2641],[1.32476,43.25476],[1.33909,43.24517],[1.36679,43.24181],[1.38193,43.23375],[1.37437,43.21375],[1.34549,43.21224],[1.32961,43.19702],[1.30957,43.19247],[1.27792,43.19497],[1.25802,43.18586],[1.24062,43.18898],[1.22796,43.17522],[1.21653,43.1639],[1.22136,43.15273],[1.24657,43.14933],[1.26474,43.14636],[1.27793,43.14135],[1.29749,43.12664],[1.28233,43.11381],[1.26571,43.10951],[1.25912,43.09684],[1.23327,43.08628],[1.21126,43.10372],[1.20823,43.11911],[1.18109,43.13657],[1.15452,43.13473],[1.14185,43.14476],[1.12678,43.1558],[1.11276,43.14458],[1.08838,43.14054],[1.06862,43.13915],[1.05181,43.14066],[1.05215,43.12775],[1.04051,43.10344],[1.02592,43.10111],[1.01704,43.10916],[1.00378,43.11377],[0.99972,43.10022],[0.99094,43.09215],[1.00646,43.08212],[0.9819,43.07359],[0.98406,43.05093],[0.99437,43.03984],[0.99681,43.02398],[1.01293,43.0109],[1.00324,43.00506],[0.9791,42.97443],[0.95857,42.96847],[0.93337,42.96649],[0.90366,42.9582],[0.87491,42.95778],[0.88485,42.93243],[0.86233,42.92637],[0.83706,42.92037],[0.83294,42.9065],[0.84131,42.89167],[0.83506,42.87236],[0.84887,42.86151],[0.85989,42.83816],[0.84827,42.82802],[0.82077,42.83471],[0.78906,42.83617],[0.76276,42.8403],[0.73511,42.8526],[0.71796,42.85753],[0.69099,42.85498],[0.67579,42.84692],[0.66986,42.82438],[0.66969,42.80209],[0.65241,42.7877],[0.65699,42.77729],[0.65013,42.76452],[0.66294,42.7501],[0.66958,42.73453],[0.67383,42.71802],[0.67758,42.70355],[0.66278,42.69149],[0.6409,42.69286],[0.61115,42.6984],[0.59105,42.69907],[0.56933,42.6967],[0.54201,42.70032],[0.52079,42.69755],[0.49188,42.69501],[0.48016,42.71304],[0.45411,42.72844],[0.45869,42.73599],[0.46075,42.75264],[0.45524,42.77073],[0.46314,42.79014],[0.45618,42.81343],[0.46148,42.83548],[0.46024,42.85175],[0.47222,42.8704],[0.49447,42.87506],[0.5156,42.86869],[0.5498,42.8647],[0.57124,42.86824],[0.57956,42.88295],[0.5874,42.90189],[0.59759,42.91802],[0.60606,42.93436],[0.63301,42.94779],[0.64254,42.96441],[0.6157,42.98269],[0.62366,42.99299],[0.61571,43.01108],[0.60656,43.03462],[0.59487,43.02963],[0.58393,43.01906],[0.56133,43.01609],[0.547,43.00483],[0.52823,43.00471],[0.53648,43.03068],[0.55261,43.04107],[0.56578,43.03979],[0.56154,43.05895],[0.55921,43.06756],[0.54676,43.08126],[0.52235,43.09258],[0.49827,43.10294],[0.4706,43.11149],[0.45609,43.12548],[0.46634,43.15364],[0.48981,43.16803],[0.507,43.18133],[0.52347,43.19388],[0.50835,43.19765],[0.52633,43.20941],[0.54526,43.21251],[0.56325,43.21427],[0.57284,43.23311],[0.55515,43.23986],[0.57844,43.25375],[0.58887,43.26857],[0.61162,43.27666],[0.62659,43.29219],[0.62513,43.30387],[0.6182,43.31557],[0.65299,43.31478],[0.66937,43.32471],[0.68149,43.3369],[0.69413,43.35266],[0.70854,43.3693],[0.72119,43.37517],[0.74085,43.37962],[0.75129,43.39256],[0.75493,43.40471],[0.75222,43.41417],[0.77042,43.41681],[0.7916,43.40724],[0.80902,43.40429],[0.8345,43.41327],[0.85659,43.4133],[0.88588,43.41012],[0.90236,43.40542],[0.91798,43.40215],[0.93321,43.38749],[0.95296,43.38454],[0.96778,43.37887],[0.97546,43.36474],[0.99511,43.36857],[1.0028,43.38091],[1.00002,43.39492],[0.99326,43.40946],[1.02279,43.4117],[1.02106,43.42861],[1.02697,43.43773],[1.03739,43.45309],[1.03546,43.46465],[1.03224,43.48244],[1.04872,43.48677],[1.05205,43.49587],[1.06194,43.50452],[1.06144,43.51357],[1.05441,43.52433],[1.07066,43.5251],[1.06702,43.5359],[1.06651,43.53991],[1.09127,43.54199],[1.10956,43.54042],[1.11383,43.54952],[1.13209,43.55518],[1.15958,43.56317],[1.18383,43.57217],[1.20271,43.57785],[1.19503,43.60073],[1.17272,43.60748],[1.14874,43.61773],[1.14014,43.64189],[1.11855,43.64103],[1.09808,43.64094],[1.0995,43.6582],[1.07483,43.66171],[1.05708,43.67394],[1.0508,43.6831],[1.05987,43.69449],[1.04991,43.70739],[1.02965,43.71139],[1.0227,43.72301],[0.9922,43.73786],[0.98576,43.74783],[0.97124,43.76152],[0.96478,43.7667],[0.95596,43.78285],[0.95398,43.78737]]]},"properties":{"code":"31","nom":"Haute-Garonne"}},{"type":"Feature","geometry":{"type":"Polygon","coordinates":[[[0.07605,43.98314],[0.09166,43.98534],[0.11682,43.98804],[0.12808,43.99893],[0.14122,43.98959],[0.16103,43.97435],[0.16676,43.99683],[0.18775,44.01285],[0.2041,44.01829],[0.2172,44.02169],[0.23437,44.01624],[0.23962,44.00711],[0.25606,44.008],[0.27347,43.99882],[0.30374,43.99265],[0.31815,44.00115],[0.32706,44.00734],[0.3581,44.01701],[0.38152,44.00638],[0.40231,44.0228],[0.42165,44.02755],[0.44387,44.0349],[0.45696,44.0526],[0.4856,44.05364],[0.50409,44.05335],[0.52108,44.05718],[0.54637,44.05632],[0.57288,44.0674],[0.5857,44.07525],[0.60743,44.07095],[0.62675,44.06111],[0.63857,44.04977],[0.65401,44.04031],[0.66264,44.02411],[0.68166,44.03959],[0.69804,44.04757],[0.72065,44.05838],[0.74608,44.06455],[0.75757,44.05247],[0.76114,44.03099],[0.78623,44.03998],[0.81168,44.05054],[0.83066,44.05286],[0.8492,44.04532],[0.86466,44.0387],[0.84724,44.03337],[0.83956,44.02399],[0.81526,44.0256],[0.82398,44.01569],[0.82418,44.00335],[0.81513,43.98887],[0.80564,43.9797],[0.79159,43.96921],[0.78367,43.95451],[0.76513,43.94895],[0.76076,43.9371],[0.77149,43.92246],[0.79368,43.92669],[0.81281,43.93096],[0.83154,43.91928],[0.85093,43.92142],[0.87397,43.9134],[0.89473,43.9024],[0.88399,43.89084],[0.88415,43.87409],[0.90753,43.85634],[0.89804,43.85023],[0.90142,43.83682],[0.92337,43.82872],[0.91078,43.81421],[0.90104,43.80379],[0.89692,43.79382],[0.90764,43.78684],[0.92434,43.79295],[0.94898,43.79177],[0.95623,43.77362],[0.9692,43.76077],[0.9812,43.75439],[0.98932,43.74386],[1.00623,43.72921],[1.02141,43.71682],[1.03786,43.7136],[1.0657,43.70023],[1.05929,43.68921],[1.05098,43.67782],[1.06866,43.66632],[1.09496,43.66498],[1.08935,43.64922],[1.11122,43.63735],[1.12728,43.64027],[1.14204,43.62436],[1.15561,43.60907],[1.18318,43.61174],[1.19992,43.58832],[1.1953,43.57058],[1.16335,43.57394],[1.14971,43.55684],[1.11842,43.555],[1.11874,43.54584],[1.09708,43.53322],[1.08239,43.54647],[1.05299,43.54097],[1.07306,43.52815],[1.06047,43.52674],[1.05146,43.51723],[1.06999,43.50673],[1.05422,43.49844],[1.0478,43.49386],[1.0382,43.48723],[1.02365,43.47047],[1.04414,43.45658],[1.03372,43.44631],[1.02271,43.43493],[1.02993,43.41831],[1.00445,43.41433],[0.99678,43.40186],[0.99981,43.38497],[0.99604,43.37632],[0.98619,43.36423],[0.96651,43.37118],[0.96434,43.38648],[0.94429,43.38088],[0.92728,43.39507],[0.91158,43.40671],[0.88894,43.40845],[0.8658,43.41566],[0.8444,43.40988],[0.81729,43.41417],[0.80223,43.40212],[0.77837,43.41278],[0.74889,43.42052],[0.75668,43.40892],[0.74813,43.39836],[0.74692,43.38513],[0.73373,43.37097],[0.71528,43.37575],[0.70057,43.36262],[0.68799,43.34676],[0.67588,43.33231],[0.66287,43.32101],[0.6331,43.31416],[0.60681,43.31089],[0.58602,43.31804],[0.5624,43.32177],[0.5507,43.32959],[0.5163,43.33143],[0.5023,43.32967],[0.48619,43.3304],[0.46113,43.33656],[0.44373,43.33316],[0.42368,43.32746],[0.39363,43.33744],[0.39351,43.35077],[0.38337,43.35549],[0.3594,43.34882],[0.33774,43.34339],[0.32791,43.35547],[0.32448,43.37449],[0.30495,43.36978],[0.30012,43.37964],[0.28898,43.38789],[0.26146,43.3802],[0.24436,43.3716],[0.21908,43.36896],[0.19948,43.37525],[0.17819,43.37512],[0.17804,43.38768],[0.17177,43.40214],[0.14834,43.40517],[0.1369,43.42209],[0.13746,43.43399],[0.16486,43.44492],[0.15316,43.4574],[0.135,43.46572],[0.12714,43.49171],[0.12104,43.50561],[0.11212,43.51737],[0.08706,43.51417],[0.07225,43.51978],[0.04976,43.52248],[0.02308,43.54345],[0.00892,43.56055],[-0.00054,43.57457],[-0.00717,43.59218],[-0.01578,43.60466],[-0.03949,43.60564],[-0.0626,43.60543],[-0.07722,43.59017],[-0.09671,43.58493],[-0.1164,43.58483],[-0.13233,43.58192],[-0.15622,43.58449],[-0.17005,43.59081],[-0.18995,43.58983],[-0.21061,43.59324],[-0.23503,43.58335],[-0.24734,43.59312],[-0.24994,43.60364],[-0.25531,43.61546],[-0.28089,43.62243],[-0.2819,43.6411],[-0.26103,43.64901],[-0.25023,43.65452],[-0.24428,43.66151],[-0.25599,43.6755],[-0.24461,43.68775],[-0.24351,43.70142],[-0.24036,43.7117],[-0.21712,43.72137],[-0.20091,43.7343],[-0.20041,43.74868],[-0.21927,43.75248],[-0.21143,43.764],[-0.21486,43.78307],[-0.22287,43.80004],[-0.2138,43.81181],[-0.19285,43.81216],[-0.19726,43.83079],[-0.19356,43.8406],[-0.20391,43.8527],[-0.19601,43.86653],[-0.18726,43.86185],[-0.18932,43.87396],[-0.20128,43.88421],[-0.21386,43.88877],[-0.22556,43.89021],[-0.23906,43.89723],[-0.22858,43.90964],[-0.21627,43.90736],[-0.19781,43.91996],[-0.1804,43.93409],[-0.16562,43.92761],[-0.15347,43.93981],[-0.12736,43.94232],[-0.1098,43.9329],[-0.09551,43.93008],[-0.09442,43.94528],[-0.07882,43.94325],[-0.06222,43.9584],[-0.04057,43.96947],[0.00145,43.95989],[-0.00968,43.93842],[-0.01813,43.92666],[0.00401,43.91676],[0.0225,43.90868],[0.04792,43.90072],[0.06926,43.90436],[0.07657,43.91521],[0.07058,43.93517],[0.06064,43.94893],[0.05555,43.96144],[0.06762,43.96708],[0.07605,43.98314]]]},"properties":{"code":"32","nom":"Gers"}},{"type":"Feature","geometry":{"type":"MultiPolygon","coordinates":[[[[-1.23902,44.59278],[-1.23788,44.59169],[-1.23442,44.58436],[-1.2438,44.57299],[-1.23902,44.59278]]],[[[-1.02997,44.6492],[-1.03261,44.6513],[-1.03092,44.65257],[-1.02872,44.6561],[-1.0292,44.66125],[-1.02626,44.66247],[-1.01974,44.65698],[-1.01735,44.65561],[-1.01378,44.6518],[-1.01417,44.65089],[-1.01862,44.65049],[-1.02061,44.64993],[-1.02101,44.65145],[-1.02456,44.65288],[-1.02648,44.6522],[-1.02997,44.6492]]],[[[-1.02374,44.64416],[-1.02602,44.64415],[-1.02756,44.64698],[-1.02745,44.6491],[-1.02681,44.6502],[-1.02531,44.65038],[-1.02108,44.64713],[-1.02059,44.64624],[-1.02374,44.64416]]],[[[-1.17789,44.69736],[-1.1826,44.69901],[-1.18516,44.69722],[-1.188,44.69962],[-1.18765,44.70219],[-1.18537,44.70315],[-1.18254,44.7023],[-1.17943,44.70398],[-1.17772,44.70191],[-1.17922,44.70069],[-1.17915,44.69934],[-1.17789,44.69736]]],[[[-1.18001,44.69279],[-1.18142,44.69305],[-1.18471,44.69512],[-1.18473,44.6966],[-1.18183,44.69683],[-1.18128,44.6949],[-1.18001,44.69279]]],[[[-1.02574,45.57469],[-0.84106,45.43508],[-0.71367,45.3279],[-0.63524,45.31819],[-0.60351,45.32168],[-0.5907,45.33717],[-0.57728,45.3354],[-0.5732,45.3201],[-0.57043,45.29933],[-0.55442,45.29663],[-0.53917,45.29255],[-0.51359,45.28633],[-0.49126,45.29106],[-0.46852,45.29018],[-0.44479,45.28615],[-0.42231,45.27588],[-0.41912,45.26132],[-0.41688,45.24747],[-0.41275,45.23019],[-0.42056,45.20944],[-0.40453,45.19217],[-0.39745,45.17424],[-0.39066,45.15698],[-0.38092,45.14992],[-0.36928,45.16266],[-0.33771,45.16641],[-0.316,45.13944],[-0.2904,45.14592],[-0.27127,45.13357],[-0.25987,45.12009],[-0.24684,45.10863],[-0.20972,45.10023],[-0.17994,45.09466],[-0.15585,45.09028],[-0.13243,45.09537],[-0.12013,45.10837],[-0.09788,45.12104],[-0.07681,45.11035],[-0.05273,45.10118],[-0.03411,45.10466],[-0.01348,45.11777],[0.01143,45.1181],[0.04446,45.11537],[0.05279,45.10222],[0.06362,45.08537],[0.0623,45.05065],[0.04421,45.03445],[0.03544,45.0138],[0.04011,44.9935],[0.02515,44.977],[0.00923,44.96277],[0.00325,44.94744],[0.02105,44.92547],[0.02984,44.91138],[0.01846,44.89647],[0.00856,44.88268],[0.00062,44.87208],[-0.00902,44.86131],[-0.03304,44.85596],[-0.00107,44.84617],[0.02357,44.84881],[0.03748,44.82983],[0.06975,44.81971],[0.09871,44.83297],[0.11233,44.81897],[0.15177,44.82822],[0.18362,44.82392],[0.20856,44.84071],[0.24175,44.85689],[0.2414,44.8725],[0.27906,44.86698],[0.31507,44.84541],[0.29989,44.83715],[0.28682,44.82302],[0.26463,44.82045],[0.26986,44.80694],[0.27412,44.78461],[0.28499,44.77193],[0.28856,44.75665],[0.25574,44.75011],[0.23347,44.76537],[0.21715,44.75558],[0.20999,44.74045],[0.21756,44.72458],[0.19823,44.73034],[0.18966,44.74904],[0.17506,44.73373],[0.15081,44.73013],[0.13984,44.72641],[0.13767,44.71191],[0.12846,44.70828],[0.10768,44.71067],[0.1057,44.69578],[0.1183,44.6831],[0.13059,44.67541],[0.14072,44.66584],[0.15905,44.66822],[0.17849,44.66439],[0.1704,44.64803],[0.16539,44.63484],[0.14345,44.63685],[0.13944,44.62922],[0.15503,44.61516],[0.13172,44.60449],[0.10802,44.58986],[0.08618,44.57629],[0.07447,44.55183],[0.04463,44.55119],[0.02155,44.54322],[-0.00028,44.54738],[0.01349,44.53667],[0.00438,44.52203],[-0.01034,44.51254],[-0.01751,44.49034],[-0.01216,44.4728],[-0.00965,44.45895],[0.00296,44.44345],[-0.0057,44.43552],[-0.0139,44.4187],[0.00424,44.4017],[0.01928,44.38747],[0.0236,44.37747],[0.0061,44.36721],[-0.01351,44.37112],[-0.03507,44.36109],[-0.05843,44.36134],[-0.05951,44.32137],[-0.04067,44.27107],[-0.06427,44.24901],[-0.0751,44.24892],[-0.08818,44.23915],[-0.12014,44.23675],[-0.1692,44.24618],[-0.19385,44.27185],[-0.21889,44.26548],[-0.27212,44.19381],[-0.37025,44.20625],[-0.39122,44.25645],[-0.40214,44.28673],[-0.42035,44.29948],[-0.47887,44.32489],[-0.60311,44.39094],[-0.62591,44.40711],[-0.67603,44.45733],[-0.68193,44.4441],[-0.72973,44.4482],[-0.77681,44.43739],[-0.78474,44.42933],[-0.80409,44.4244],[-0.83357,44.41886],[-0.94877,44.43557],[-0.98091,44.48436],[-1.07505,44.52826],[-1.19248,44.48121],[-1.2514,44.48889],[-1.25266,44.51787],[-1.26019,44.54317],[-1.23251,44.56849],[-1.20741,44.60889],[-1.20423,44.63679],[-1.18944,44.66155],[-1.15347,44.66247],[-1.14402,44.6565],[-1.14948,44.64741],[-1.1435,44.6466],[-1.11742,44.64302],[-1.09001,44.64131],[-1.07652,44.64149],[-1.06556,44.64718],[-1.05151,44.64862],[-1.03708,44.64987],[-1.01965,44.64528],[-1.00362,44.64836],[-1.01334,44.65865],[-1.02575,44.67689],[-1.04048,44.68272],[-1.05899,44.68758],[-1.04907,44.6926],[-1.04569,44.70081],[-1.05804,44.70913],[-1.08317,44.72546],[-1.10448,44.74195],[-1.12258,44.75096],[-1.12629,44.75062],[-1.14862,44.76261],[-1.16478,44.77301],[-1.17464,44.76438],[-1.17405,44.75233],[-1.18202,44.74312],[-1.1927,44.72946],[-1.2114,44.71367],[-1.22727,44.70151],[-1.23641,44.68357],[-1.24379,44.65033],[-1.24128,44.64334],[-1.24465,44.6231],[-1.26114,44.62758],[-1.25981,44.66163],[-1.25173,44.71202],[-1.23703,44.78494],[-1.22792,44.83472],[-1.22031,44.8844],[-1.21306,44.93011],[-1.20795,44.96395],[-1.20277,45.00212],[-1.20018,45.02517],[-1.19614,45.05402],[-1.19298,45.0846],[-1.1889,45.11593],[-1.18385,45.15035],[-1.17878,45.18855],[-1.17455,45.21566],[-1.16784,45.26178],[-1.16203,45.29969],[-1.16075,45.33139],[-1.16006,45.38359],[-1.15926,45.41762],[-1.15225,45.45327],[-1.15261,45.48325],[-1.13879,45.50776],[-1.11707,45.52596],[-1.10608,45.53895],[-1.09536,45.55706],[-1.0789,45.56521],[-1.02574,45.57469]]]]},"properties":{"code":"33","nom":"Gironde"}},{"type":"Feature","geometry":{"type":"MultiPolygon","coordinates":[[[[3.50066,43.2629],[3.50223,43.26419],[3.50355,43.2631],[3.50066,43.2629]]],[[[3.35836,43.91383],[3.37017,43.91748],[3.38339,43.91057],[3.39781,43.91389],[3.41799,43.9143],[3.43132,43.9044],[3.43462,43.89019],[3.43212,43.86285],[3.47451,43.88332],[3.49566,43.8895],[3.50358,43.89569],[3.51607,43.89199],[3.5226,43.88589],[3.52171,43.87892],[3.52225,43.86564],[3.52825,43.85432],[3.54258,43.85238],[3.56791,43.85264],[3.58054,43.84724],[3.60087,43.84945],[3.58267,43.87733],[3.5977,43.88562],[3.61283,43.90305],[3.64015,43.91427],[3.64227,43.89792],[3.64509,43.91488],[3.67145,43.9096],[3.67579,43.93146],[3.68261,43.9465],[3.7004,43.95943],[3.72033,43.96361],[3.73733,43.96875],[3.75614,43.96834],[3.78734,43.96687],[3.80751,43.94105],[3.82557,43.93096],[3.81926,43.91041],[3.81116,43.87734],[3.84733,43.86846],[3.8671,43.87687],[3.8971,43.87759],[3.91819,43.88667],[3.92708,43.85553],[3.95795,43.85216],[3.9759,43.84352],[3.97513,43.82766],[3.96218,43.80614],[4.00134,43.81305],[4.03032,43.80065],[4.04932,43.78925],[4.054,43.77221],[4.06845,43.76626],[4.09268,43.76306],[4.10443,43.74875],[4.12509,43.73969],[4.14572,43.72797],[4.16096,43.70878],[4.1631,43.68924],[4.17752,43.67223],[4.19127,43.65562],[4.19377,43.64207],[4.1561,43.59987],[4.12401,43.58895],[4.07467,43.58859],[4.10104,43.55437],[4.07746,43.55636],[4.01119,43.55245],[3.97449,43.54173],[3.93546,43.52568],[3.90025,43.51356],[3.8512,43.48646],[3.80959,43.45118],[3.76612,43.42933],[3.72537,43.40836],[3.7018,43.39528],[3.67631,43.39059],[3.64607,43.38477],[3.59403,43.34846],[3.55976,43.31948],[3.52548,43.28807],[3.51122,43.27409],[3.47726,43.27659],[3.442,43.28456],[3.39396,43.28588],[3.34969,43.27237],[3.31162,43.25448],[3.28712,43.24199],[3.25009,43.2202],[3.2127,43.23356],[3.18726,43.25107],[3.15434,43.2434],[3.14383,43.25833],[3.11693,43.25977],[3.08656,43.26376],[3.03653,43.28303],[3.01413,43.2748],[3.00484,43.2925],[3.00264,43.31564],[2.9678,43.31418],[2.92973,43.32307],[2.90279,43.32388],[2.88415,43.33504],[2.8899,43.35735],[2.8727,43.37768],[2.85623,43.37163],[2.86692,43.35947],[2.87133,43.34235],[2.86832,43.32959],[2.82868,43.32229],[2.80635,43.31999],[2.80933,43.30428],[2.7833,43.26738],[2.76745,43.25683],[2.73789,43.26734],[2.70491,43.27456],[2.7037,43.28864],[2.69981,43.30486],[2.69359,43.32049],[2.67576,43.31426],[2.66558,43.29998],[2.64282,43.29613],[2.61708,43.28427],[2.60517,43.29713],[2.59871,43.31077],[2.58665,43.33092],[2.55245,43.33621],[2.54312,43.34793],[2.55081,43.362],[2.55307,43.37293],[2.55634,43.38891],[2.58063,43.39835],[2.59449,43.41147],[2.56579,43.42296],[2.58736,43.42845],[2.60343,43.43083],[2.60934,43.44041],[2.62783,43.44658],[2.64457,43.45792],[2.64536,43.46894],[2.66554,43.46195],[2.6565,43.48219],[2.65922,43.5158],[2.6692,43.52086],[2.64991,43.53509],[2.62675,43.55454],[2.62269,43.57351],[2.62754,43.58943],[2.61614,43.60174],[2.62676,43.61729],[2.6408,43.63949],[2.65006,43.65945],[2.66217,43.64914],[2.69235,43.64973],[2.7202,43.64537],[2.73827,43.63157],[2.76377,43.61587],[2.79486,43.62443],[2.81383,43.64105],[2.83407,43.63898],[2.87114,43.64543],[2.89248,43.65505],[2.91396,43.6594],[2.91921,43.68174],[2.92993,43.69343],[2.95787,43.69965],[2.98132,43.70796],[3.00904,43.70172],[3.02917,43.69332],[3.06017,43.69294],[3.06881,43.70814],[3.0538,43.71954],[3.05393,43.73075],[3.05388,43.74758],[3.06847,43.75681],[3.07442,43.76757],[3.06269,43.77727],[3.05589,43.79024],[3.05592,43.80811],[3.05818,43.82038],[3.08646,43.83581],[3.11602,43.82471],[3.14959,43.81364],[3.18272,43.81281],[3.22472,43.82033],[3.24904,43.82958],[3.24624,43.84577],[3.23658,43.86784],[3.25898,43.88095],[3.2785,43.89564],[3.3115,43.89365],[3.34027,43.90173],[3.35836,43.91383]]]]},"properties":{"code":"34","nom":"Hérault"}},{"type":"Feature","geometry":{"type":"MultiPolygon","coordinates":[[[[-2.15926,48.6372],[-2.16138,48.63725],[-2.16176,48.6385],[-2.16047,48.63935],[-2.15857,48.63938],[-2.15926,48.6372]]],[[[-1.83982,48.70717],[-1.83923,48.7098],[-1.83711,48.71199],[-1.83556,48.71223],[-1.83982,48.70717]]],[[[-1.95373,48.69689],[-1.95481,48.6992],[-1.95253,48.69878],[-1.95373,48.69689]]],[[[-2.12371,48.60441],[-2.13703,48.61596],[-2.14615,48.62668],[-2.14567,48.63183],[-2.13125,48.63713],[-2.11287,48.64122],[-2.09232,48.63411],[-2.077,48.64078],[-2.05607,48.63614],[-2.05284,48.63045],[-2.03561,48.62517],[-2.02905,48.61687],[-2.02849,48.60356],[-2.0197,48.59768],[-2.00523,48.58837],[-1.99621,48.57976],[-2.00689,48.56611],[-2.02243,48.55592],[-2.03743,48.54669],[-2.05239,48.55557],[-2.06877,48.56975],[-2.09506,48.57387],[-2.10932,48.58386],[-2.12354,48.60239],[-2.12371,48.60441]]],[[[-2.07416,48.67467],[-2.07529,48.67597],[-2.07352,48.67726],[-2.07057,48.67791],[-2.06943,48.67877],[-2.06783,48.67699],[-2.07213,48.67566],[-2.07416,48.67467]]],[[[-1.94804,48.53881],[-1.96657,48.54071],[-1.97058,48.55741],[-1.98167,48.57248],[-1.97535,48.58272],[-1.96571,48.5843],[-1.9771,48.59268],[-2.00074,48.59539],[-2.00625,48.59937],[-2.01164,48.60435],[-2.00346,48.61483],[-2.01536,48.62195],[-2.02227,48.63177],[-2.02492,48.63743],[-2.02408,48.64566],[-1.98882,48.66457],[-1.98908,48.68015],[-1.97657,48.68427],[-1.96367,48.68435],[-1.94468,48.68494],[-1.94792,48.69013],[-1.95125,48.69176],[-1.93279,48.70097],[-1.92099,48.69285],[-1.90162,48.69119],[-1.87972,48.69763],[-1.86058,48.70145],[-1.84504,48.70607],[-1.84861,48.69509],[-1.8358,48.6803],[-1.85411,48.67061],[-1.8642,48.65493],[-1.86918,48.64146],[-1.84255,48.61484],[-1.78603,48.60551],[-1.74919,48.60509],[-1.67515,48.61143],[-1.59681,48.62186],[-1.55466,48.60923],[-1.54299,48.58044],[-1.5281,48.57636],[-1.52666,48.56574],[-1.52629,48.55656],[-1.52974,48.54416],[-1.51663,48.53236],[-1.50797,48.52289],[-1.49814,48.51066],[-1.48999,48.49621],[-1.48189,48.48676],[-1.45767,48.48533],[-1.44016,48.48024],[-1.4304,48.46503],[-1.41365,48.46167],[-1.38858,48.45877],[-1.36505,48.46643],[-1.34569,48.47556],[-1.33936,48.49094],[-1.32782,48.49402],[-1.30956,48.4982],[-1.29016,48.50712],[-1.27816,48.51164],[-1.2686,48.52945],[-1.24901,48.54366],[-1.22936,48.53794],[-1.20792,48.53856],[-1.19891,48.5321],[-1.17377,48.53022],[-1.15138,48.51908],[-1.11632,48.52154],[-1.08611,48.51103],[-1.07044,48.50264],[-1.07853,48.4901],[-1.07883,48.48159],[-1.07218,48.47129],[-1.06709,48.46102],[-1.07336,48.44601],[-1.08359,48.43373],[-1.08046,48.41694],[-1.06358,48.39946],[-1.05303,48.38097],[-1.06484,48.36723],[-1.05996,48.34921],[-1.04667,48.32633],[-1.06269,48.31073],[-1.08699,48.28996],[-1.09499,48.27185],[-1.09891,48.25611],[-1.09239,48.23985],[-1.08412,48.22696],[-1.08448,48.21385],[-1.07809,48.20355],[-1.07818,48.18964],[-1.07839,48.17398],[-1.07265,48.16127],[-1.06112,48.1369],[-1.05404,48.11681],[-1.04978,48.09038],[-1.02162,48.06801],[-1.02842,48.04793],[-1.02958,48.03601],[-1.02141,48.01743],[-1.01714,48.00186],[-1.03846,47.99121],[-1.06361,47.9853],[-1.08779,47.98689],[-1.11046,47.98811],[-1.12522,47.98314],[-1.12579,47.97339],[-1.13991,47.96892],[-1.15649,47.96429],[-1.16167,47.952],[-1.16716,47.93332],[-1.17187,47.91252],[-1.1819,47.89218],[-1.19425,47.87665],[-1.20358,47.85758],[-1.2218,47.84966],[-1.21517,47.83667],[-1.22028,47.82112],[-1.23825,47.80999],[-1.23618,47.79812],[-1.24588,47.77672],[-1.31173,47.79124],[-1.36148,47.80345],[-1.38057,47.81833],[-1.40156,47.8259],[-1.41784,47.82748],[-1.44216,47.83094],[-1.45675,47.83208],[-1.4718,47.83304],[-1.47483,47.82492],[-1.46675,47.80921],[-1.48778,47.79983],[-1.52305,47.79042],[-1.55898,47.7831],[-1.57856,47.77849],[-1.5952,47.77419],[-1.60134,47.76506],[-1.62306,47.76357],[-1.63129,47.74771],[-1.63913,47.72758],[-1.65204,47.71732],[-1.66411,47.71115],[-1.6895,47.71338],[-1.71127,47.70038],[-1.73196,47.70145],[-1.75321,47.70629],[-1.7716,47.69826],[-1.80445,47.70336],[-1.82547,47.70976],[-1.85831,47.70827],[-1.87828,47.69535],[-1.90829,47.69321],[-1.94018,47.68511],[-1.96945,47.67669],[-1.97873,47.6909],[-1.99683,47.67649],[-2.02484,47.6667],[-2.0484,47.65734],[-2.06906,47.65066],[-2.09125,47.64104],[-2.09981,47.63751],[-2.10209,47.64405],[-2.10941,47.65813],[-2.10805,47.67783],[-2.12287,47.69532],[-2.13147,47.72224],[-2.10704,47.73187],[-2.08483,47.73857],[-2.0587,47.73826],[-2.07251,47.75079],[-2.09039,47.76268],[-2.12713,47.76498],[-2.11036,47.77133],[-2.09493,47.77868],[-2.07188,47.79249],[-2.07046,47.8114],[-2.04953,47.81692],[-2.04012,47.82844],[-2.04455,47.83598],[-2.05287,47.84913],[-2.05451,47.8656],[-2.06863,47.852],[-2.10183,47.84408],[-2.09561,47.86166],[-2.10941,47.8737],[-2.116,47.89011],[-2.10403,47.89822],[-2.08653,47.90357],[-2.08125,47.92219],[-2.09686,47.93416],[-2.10013,47.94832],[-2.11052,47.9586],[-2.12532,47.9647],[-2.13626,47.9768],[-2.15953,47.98136],[-2.18242,47.98163],[-2.193,47.98998],[-2.21442,47.99324],[-2.2329,47.99887],[-2.26568,47.9948],[-2.28951,48.00092],[-2.27838,48.01488],[-2.26447,48.03916],[-2.23893,48.05291],[-2.21346,48.05201],[-2.18907,48.05592],[-2.17121,48.07085],[-2.18258,48.08212],[-2.22194,48.07861],[-2.23257,48.0687],[-2.25361,48.06251],[-2.25497,48.07583],[-2.25172,48.09402],[-2.26148,48.11431],[-2.28325,48.1453],[-2.26685,48.15175],[-2.24949,48.14491],[-2.24897,48.1566],[-2.2313,48.16323],[-2.2246,48.18443],[-2.22114,48.20127],[-2.22692,48.21122],[-2.19041,48.20823],[-2.19046,48.222],[-2.18664,48.24504],[-2.16196,48.2563],[-2.14214,48.25948],[-2.10609,48.25316],[-2.09805,48.26524],[-2.11185,48.27257],[-2.09469,48.27513],[-2.07497,48.28491],[-2.05329,48.29833],[-2.03592,48.2859],[-2.01431,48.28191],[-1.99939,48.29042],[-1.97506,48.30175],[-1.9574,48.29571],[-1.9636,48.30435],[-1.95978,48.32989],[-1.93631,48.34538],[-1.93347,48.35886],[-1.94724,48.37044],[-1.93983,48.39298],[-1.9396,48.40388],[-1.93679,48.42007],[-1.94855,48.43647],[-1.94084,48.44842],[-1.92569,48.46444],[-1.92488,48.47731],[-1.92216,48.49718],[-1.91053,48.51482],[-1.92665,48.53785],[-1.93476,48.54863],[-1.94804,48.53881]]]]},"properties":{"code":"35","nom":"Ille-et-Vilaine"}},{"type":"Feature","geometry":{"type":"Polygon","coordinates":[[[1.32667,47.18623],[1.40965,47.21769],[1.43494,47.23296],[1.4637,47.23907],[1.50161,47.23449],[1.53117,47.21851],[1.52841,47.24481],[1.54478,47.25882],[1.59104,47.25746],[1.60876,47.27579],[1.62515,47.27539],[1.64859,47.27316],[1.64946,47.26164],[1.67141,47.26074],[1.70453,47.26497],[1.71595,47.27678],[1.74545,47.25107],[1.78,47.23145],[1.79582,47.23782],[1.83892,47.21562],[1.83857,47.18881],[1.82256,47.17345],[1.79624,47.14652],[1.77478,47.13062],[1.79367,47.12091],[1.82509,47.12146],[1.88307,47.10051],[1.90493,47.1091],[1.92554,47.10265],[1.96004,47.12283],[1.97988,47.12285],[2.00023,47.1244],[2.00261,47.11293],[2.0042,47.10093],[2.0234,47.09635],[2.04481,47.10599],[2.05046,47.0984],[2.05389,47.08653],[2.05121,47.06849],[2.03779,47.05559],[2.03338,47.04285],[2.0604,47.03482],[2.07889,47.02178],[2.09676,47.0125],[2.10577,46.99588],[2.09582,46.98592],[2.08761,46.97128],[2.0702,46.95442],[2.09659,46.91881],[2.15483,46.91163],[2.11022,46.87507],[2.09132,46.86135],[2.08028,46.8414],[2.04535,46.83813],[2.07794,46.80671],[2.09704,46.79839],[2.11158,46.78443],[2.10803,46.77381],[2.09594,46.75548],[2.06689,46.7515],[2.07927,46.73366],[2.09274,46.7243],[2.10184,46.70784],[2.11811,46.71027],[2.15545,46.69216],[2.14673,46.6791],[2.13919,46.66959],[2.15785,46.65537],[2.171,46.64819],[2.18789,46.63705],[2.18113,46.6249],[2.18359,46.61186],[2.17664,46.60042],[2.16156,46.55811],[2.17317,46.53546],[2.18151,46.5154],[2.19352,46.50585],[2.19877,46.4933],[2.19979,46.47886],[2.16558,46.46347],[2.15287,46.44677],[2.15654,46.43157],[2.15348,46.42257],[2.12701,46.4191],[2.11109,46.41673],[2.08894,46.4089],[2.05849,46.42099],[2.02034,46.42943],[1.99078,46.43523],[1.96076,46.4381],[1.92481,46.43375],[1.90918,46.4435],[1.89027,46.44118],[1.88456,46.4343],[1.84571,46.43146],[1.83018,46.42954],[1.81629,46.4392],[1.7898,46.45302],[1.75759,46.452],[1.75666,46.44129],[1.75333,46.41851],[1.73102,46.39487],[1.7076,46.39605],[1.70088,46.40347],[1.68677,46.41482],[1.6611,46.40262],[1.6424,46.38514],[1.62503,46.3911],[1.61537,46.39842],[1.62001,46.42166],[1.59864,46.41914],[1.58148,46.40895],[1.55985,46.39791],[1.54602,46.40133],[1.54409,46.4191],[1.52998,46.42557],[1.51105,46.41868],[1.49963,46.40284],[1.49293,46.39834],[1.46701,46.37673],[1.44643,46.375],[1.43676,46.36523],[1.43339,46.35433],[1.41519,46.34722],[1.40055,46.36748],[1.36439,46.39412],[1.34119,46.40021],[1.31276,46.39429],[1.32281,46.38548],[1.31516,46.37385],[1.29181,46.37481],[1.24511,46.37324],[1.22495,46.36674],[1.21158,46.37894],[1.19559,46.38152],[1.18219,46.37608],[1.19211,46.40547],[1.20685,46.42514],[1.19849,46.43149],[1.18685,46.43986],[1.15736,46.44772],[1.14483,46.4704],[1.13945,46.4869],[1.14406,46.4995],[1.10829,46.53151],[1.07575,46.53709],[1.05069,46.53582],[1.02291,46.53591],[1.01936,46.56381],[0.98724,46.56556],[0.9769,46.57411],[0.95388,46.57896],[0.93529,46.58634],[0.91587,46.59663],[0.90935,46.60964],[0.89874,46.62322],[0.90643,46.6486],[0.90671,46.66557],[0.90266,46.68001],[0.9262,46.69236],[0.9132,46.71416],[0.90308,46.73063],[0.88416,46.73866],[0.88464,46.75487],[0.91794,46.75565],[0.94152,46.74222],[0.96107,46.74043],[0.97959,46.75604],[1.0112,46.76716],[1.005,46.79053],[0.9856,46.80353],[1.00457,46.81324],[1.00694,46.8233],[1.02264,46.84562],[1.02349,46.86731],[1.03419,46.90797],[1.03579,46.93912],[1.06437,46.95581],[1.05821,46.97176],[1.05576,46.98613],[1.06681,46.99988],[1.07841,47.01585],[1.11281,47.02737],[1.14178,47.03204],[1.1836,47.03994],[1.22306,47.02431],[1.26053,47.02913],[1.26901,47.04931],[1.29324,47.06946],[1.31265,47.07377],[1.31044,47.09593],[1.33224,47.09963],[1.36536,47.12205],[1.35562,47.1467],[1.33563,47.17906],[1.32667,47.18623]]]},"properties":{"code":"36","nom":"Indre"}},{"type":"Feature","geometry":{"type":"Polygon","coordinates":[[[0.61443,47.69421],[0.62672,47.70748],[0.64232,47.70578],[0.64387,47.68808],[0.66723,47.69337],[0.69185,47.68963],[0.71215,47.68181],[0.73869,47.69612],[0.77734,47.6845],[0.81178,47.68222],[0.8533,47.68622],[0.86252,47.68507],[0.86001,47.66534],[0.84856,47.64099],[0.86085,47.6277],[0.85443,47.61211],[0.86078,47.5991],[0.88213,47.60161],[0.89615,47.60901],[0.90651,47.61748],[0.91569,47.62722],[0.92989,47.62901],[0.95623,47.62623],[0.99129,47.61886],[0.98479,47.60236],[0.99297,47.58887],[1.00391,47.59008],[1.03279,47.60813],[1.06346,47.56623],[1.07777,47.56252],[1.05901,47.54684],[1.04553,47.53253],[1.06346,47.52183],[1.07392,47.5121],[1.08113,47.49046],[1.09456,47.4695],[1.11416,47.46238],[1.13281,47.4471],[1.10511,47.43179],[1.09736,47.42087],[1.11001,47.40665],[1.12352,47.39195],[1.11321,47.37992],[1.10801,47.36632],[1.12003,47.35304],[1.10958,47.33822],[1.09896,47.31171],[1.11338,47.29688],[1.14442,47.28349],[1.17625,47.28804],[1.20381,47.28885],[1.22407,47.29359],[1.24215,47.27573],[1.27667,47.25509],[1.29883,47.22943],[1.32238,47.1928],[1.34671,47.16876],[1.36276,47.13476],[1.35311,47.1071],[1.32674,47.10489],[1.31568,47.08734],[1.30463,47.07132],[1.2866,47.05887],[1.27616,47.0438],[1.24557,47.02053],[1.19864,47.02803],[1.17718,47.04104],[1.12565,47.02652],[1.09726,47.02559],[1.07395,47.00828],[1.05638,46.99644],[1.05202,46.97777],[1.0616,46.96455],[1.05972,46.95001],[1.03774,46.93217],[1.02855,46.89139],[1.0218,46.86148],[1.01503,46.84217],[1.00909,46.81577],[0.99563,46.81017],[0.99084,46.79703],[1.00232,46.78491],[0.99118,46.76103],[0.9728,46.75272],[0.95638,46.73709],[0.93453,46.75185],[0.90876,46.75832],[0.86495,46.75201],[0.84327,46.76383],[0.82743,46.77825],[0.8119,46.79451],[0.81006,46.80856],[0.8008,46.83206],[0.79484,46.84602],[0.7688,46.85075],[0.77191,46.86352],[0.75186,46.86253],[0.73194,46.8798],[0.7036,46.90765],[0.70303,46.92627],[0.69618,46.95681],[0.67249,46.9773],[0.64769,46.98827],[0.62398,46.99369],[0.61333,47.00801],[0.57246,47.00483],[0.57404,46.98285],[0.60169,46.97139],[0.58755,46.95719],[0.55002,46.95953],[0.51343,46.95559],[0.47662,46.94986],[0.44012,46.93069],[0.41604,46.93735],[0.37944,46.9446],[0.35252,46.9422],[0.32383,46.93145],[0.30534,46.9511],[0.30145,46.96902],[0.30293,46.98188],[0.29309,46.99003],[0.30497,47.00261],[0.30225,47.02259],[0.30893,47.04602],[0.28793,47.04964],[0.26724,47.04496],[0.26276,47.0586],[0.24554,47.07129],[0.22773,47.06044],[0.2006,47.05867],[0.17997,47.05919],[0.17843,47.07477],[0.19447,47.08678],[0.18653,47.10417],[0.17369,47.11213],[0.14591,47.10489],[0.13694,47.118],[0.12292,47.12866],[0.10462,47.1248],[0.08417,47.11867],[0.0802,47.12999],[0.06554,47.14775],[0.05383,47.16373],[0.06194,47.19051],[0.05785,47.20294],[0.07452,47.21444],[0.0729,47.22637],[0.07483,47.24805],[0.08036,47.26733],[0.07951,47.28278],[0.09824,47.30601],[0.12335,47.33232],[0.14593,47.35467],[0.17089,47.3743],[0.1758,47.38519],[0.15386,47.39873],[0.17668,47.41432],[0.18259,47.43886],[0.1937,47.4711],[0.20359,47.4859],[0.22216,47.51805],[0.21702,47.52678],[0.20555,47.53466],[0.20327,47.5469],[0.21108,47.5658],[0.22751,47.57551],[0.23373,47.59294],[0.23989,47.61052],[0.26245,47.60885],[0.29089,47.59747],[0.32483,47.59168],[0.33972,47.57938],[0.36551,47.57416],[0.38837,47.57445],[0.39703,47.59219],[0.38182,47.61007],[0.36997,47.63017],[0.39625,47.64085],[0.41823,47.62385],[0.44167,47.61991],[0.45307,47.63378],[0.47536,47.64735],[0.49842,47.64476],[0.52107,47.65331],[0.54375,47.65631],[0.55911,47.66702],[0.58903,47.6705],[0.61481,47.68275],[0.61443,47.69421]]]},"properties":{"code":"37","nom":"Indre-et-Loire"}},{"type":"Feature","geometry":{"type":"Polygon","coordinates":[[[5.62375,45.61327],[5.63766,45.58963],[5.65187,45.57215],[5.66996,45.56278],[5.67517,45.55245],[5.6775,45.54126],[5.68323,45.52903],[5.70043,45.51802],[5.70597,45.50912],[5.71284,45.49671],[5.72211,45.48207],[5.73519,45.46361],[5.73912,45.4454],[5.75766,45.43492],[5.77642,45.44025],[5.79701,45.43623],[5.80995,45.42576],[5.83232,45.42108],[5.85427,45.41657],[5.87323,45.40817],[5.89171,45.39814],[5.90962,45.3904],[5.92503,45.41228],[5.90839,45.408],[5.90486,45.43072],[5.91955,45.44222],[5.92446,45.46273],[5.93698,45.48102],[5.97919,45.48825],[6.00374,45.47326],[6.00992,45.45342],[6.07196,45.44376],[6.09553,45.43954],[6.10772,45.43431],[6.12281,45.43889],[6.14066,45.42144],[6.15792,45.40738],[6.17745,45.39316],[6.18462,45.37936],[6.17461,45.35948],[6.18808,45.3535],[6.1903,45.34082],[6.18696,45.32125],[6.16677,45.31322],[6.15175,45.30327],[6.13486,45.28999],[6.13291,45.27569],[6.13898,45.25924],[6.1257,45.24427],[6.13923,45.22406],[6.15682,45.20488],[6.15596,45.17807],[6.14828,45.16008],[6.16599,45.15427],[6.18871,45.16312],[6.2119,45.15483],[6.22969,45.14289],[6.25219,45.14893],[6.26123,45.13205],[6.23922,45.11225],[6.23071,45.0961],[6.23801,45.07873],[6.22979,45.06729],[6.21558,45.04831],[6.2073,45.02697],[6.23077,45.00319],[6.2697,44.99835],[6.30133,45.00408],[6.32125,44.99727],[6.31528,44.9822],[6.32954,44.96924],[6.33052,44.94641],[6.35046,44.94396],[6.35564,44.92982],[6.35767,44.91321],[6.35688,44.89518],[6.35078,44.8812],[6.35279,44.85969],[6.33632,44.84837],[6.31717,44.8602],[6.29231,44.87385],[6.26941,44.87047],[6.25324,44.85603],[6.23011,44.85222],[6.20843,44.85547],[6.18948,44.85429],[6.15854,44.85857],[6.13622,44.86407],[6.11833,44.85277],[6.09908,44.8398],[6.0733,44.82779],[6.05451,44.81682],[6.03414,44.83518],[6.01142,44.83104],[5.99617,44.81787],[5.96024,44.81198],[5.96067,44.79855],[5.97937,44.78585],[5.95112,44.75962],[5.92682,44.75714],[5.9139,44.75573],[5.88942,44.75239],[5.87395,44.74845],[5.85084,44.75078],[5.8267,44.75416],[5.82542,44.73673],[5.81116,44.71789],[5.79679,44.70557],[5.77177,44.69677],[5.74819,44.70058],[5.73652,44.71381],[5.71492,44.71929],[5.68806,44.72351],[5.65485,44.72253],[5.63882,44.73289],[5.62708,44.75246],[5.59164,44.76148],[5.58232,44.7748],[5.56149,44.78917],[5.55413,44.77726],[5.52409,44.7771],[5.47693,44.78887],[5.45855,44.79991],[5.4781,44.81637],[5.46748,44.82525],[5.48031,44.89681],[5.49359,44.99613],[5.47605,45.02502],[5.46694,45.0552],[5.47979,45.0721],[5.48381,45.08168],[5.46042,45.08536],[5.44974,45.0711],[5.43524,45.05412],[5.41265,45.04463],[5.39117,45.04935],[5.3834,45.04887],[5.39653,45.03954],[5.38006,45.04081],[5.36033,45.04632],[5.342,45.06143],[5.32409,45.05509],[5.30831,45.05352],[5.29689,45.06264],[5.2798,45.06109],[5.26626,45.05981],[5.24451,45.06697],[5.21133,45.08358],[5.17731,45.08138],[5.16246,45.06575],[5.14569,45.07656],[5.14098,45.07641],[5.1611,45.09293],[5.17704,45.10834],[5.18849,45.1267],[5.18809,45.14197],[5.19087,45.1532],[5.18857,45.17127],[5.16624,45.20017],[5.17473,45.21374],[5.19518,45.22296],[5.18183,45.24282],[5.15669,45.24739],[5.15191,45.25548],[5.13661,45.24455],[5.12089,45.24763],[5.12489,45.26207],[5.13859,45.29667],[5.11863,45.29117],[5.081,45.28404],[5.05911,45.31363],[5.00965,45.34223],[4.99262,45.34392],[4.96865,45.33596],[4.9519,45.32828],[4.92939,45.32423],[4.90285,45.31123],[4.85931,45.30444],[4.81972,45.3016],[4.78512,45.30858],[4.76139,45.34063],[4.77044,45.35549],[4.75814,45.38089],[4.74616,45.40636],[4.75947,45.43184],[4.76199,45.45721],[4.78144,45.46035],[4.81201,45.48335],[4.85515,45.51173],[4.85893,45.53869],[4.81805,45.56215],[4.77778,45.58477],[4.81734,45.58804],[4.84696,45.58095],[4.85978,45.59083],[4.88696,45.60183],[4.91124,45.60703],[4.93608,45.60884],[5.00199,45.61395],[5.02709,45.61695],[5.04225,45.62406],[5.03995,45.64387],[5.05441,45.65855],[5.07645,45.67394],[5.10813,45.68802],[5.10893,45.69982],[5.1219,45.70216],[5.14024,45.70271],[5.15429,45.70255],[5.15879,45.71283],[5.14076,45.72341],[5.12266,45.73781],[5.09453,45.73945],[5.09107,45.7602],[5.08412,45.76541],[5.06011,45.78425],[5.09612,45.79802],[5.10495,45.80333],[5.11246,45.80991],[5.14498,45.8046],[5.16791,45.79515],[5.18754,45.78034],[5.21066,45.77111],[5.24826,45.78139],[5.28255,45.8076],[5.29994,45.83541],[5.31822,45.86009],[5.3439,45.88196],[5.38092,45.86724],[5.41654,45.84744],[5.43619,45.82813],[5.42149,45.80932],[5.44609,45.78685],[5.48468,45.75268],[5.51224,45.73453],[5.54287,45.7139],[5.55848,45.69971],[5.57402,45.68644],[5.56053,45.69394],[5.54568,45.69063],[5.55656,45.6724],[5.57183,45.67136],[5.60266,45.65153],[5.61997,45.61887],[5.62375,45.61327]]]},"properties":{"code":"38","nom":"Isère"}},{"type":"Feature","geometry":{"type":"MultiPolygon","coordinates":[[[[5.44441,46.84534],[5.44078,46.84616],[5.44209,46.84829],[5.43983,46.84893],[5.44031,46.85059],[5.44199,46.85113],[5.4429,46.84984],[5.44616,46.84944],[5.44783,46.84673],[5.44592,46.84543],[5.44441,46.84534]]],[[[5.45608,46.85084],[5.45369,46.85139],[5.45186,46.85266],[5.45231,46.85364],[5.45523,46.85315],[5.45661,46.85437],[5.45803,46.85397],[5.45638,46.85244],[5.45608,46.85084]]],[[[5.51854,47.30419],[5.52743,47.30002],[5.53418,47.28345],[5.55356,47.28012],[5.56069,47.27006],[5.5692,47.26312],[5.58236,47.25456],[5.60242,47.26151],[5.61395,47.25862],[5.63072,47.25611],[5.65266,47.26021],[5.66,47.26432],[5.66956,47.27463],[5.68868,47.27029],[5.69692,47.26663],[5.70854,47.25396],[5.71403,47.23601],[5.72068,47.22316],[5.73914,47.20263],[5.758,47.20014],[5.78636,47.18808],[5.78669,47.17678],[5.80539,47.17203],[5.81626,47.15224],[5.81107,47.1262],[5.79285,47.10653],[5.7703,47.09218],[5.77993,47.06361],[5.76003,47.04701],[5.73696,47.04981],[5.75072,47.03311],[5.74806,47.01823],[5.76024,47.01292],[5.79443,47.02567],[5.80804,47.04588],[5.81453,47.03515],[5.81373,47.01743],[5.83945,47.01534],[5.84694,47.0031],[5.87649,47.00589],[5.89053,46.9973],[5.91851,47.0153],[5.91493,46.99416],[5.92163,46.9821],[5.94,46.9822],[5.94552,46.98207],[5.969,46.97809],[5.97321,46.95963],[5.96407,46.94808],[5.9933,46.9358],[5.98134,46.90791],[6.0108,46.89179],[6.01562,46.87231],[6.03118,46.87281],[6.02496,46.85684],[6.04781,46.84836],[6.06723,46.85863],[6.08671,46.84321],[6.11325,46.83622],[6.15615,46.81178],[6.17414,46.80107],[6.18584,46.78931],[6.19857,46.76109],[6.17748,46.73996],[6.12046,46.71259],[6.06983,46.68952],[6.10552,46.65048],[6.08059,46.63613],[6.06139,46.62608],[6.06027,46.6136],[6.0684,46.59595],[6.12633,46.5563],[6.14461,46.52839],[6.10321,46.49333],[6.07345,46.45982],[6.07395,46.42819],[6.05152,46.40884],[6.03615,46.3916],[6.01786,46.38089],[5.99917,46.3692],[5.98054,46.35624],[5.96433,46.33736],[5.95018,46.32119],[5.93744,46.30982],[5.91717,46.30161],[5.89463,46.28661],[5.87272,46.26644],[5.84628,46.26218],[5.80063,46.26502],[5.75102,46.26581],[5.71605,46.27991],[5.71472,46.30877],[5.68334,46.31497],[5.66217,46.32485],[5.64916,46.33745],[5.63409,46.33239],[5.60893,46.31809],[5.59913,46.29991],[5.56753,46.29402],[5.54529,46.27263],[5.50912,46.26455],[5.48797,46.26816],[5.46681,46.27172],[5.46258,46.28944],[5.4753,46.31539],[5.46206,46.3225],[5.44082,46.31679],[5.42789,46.34212],[5.41556,46.33215],[5.40397,46.31666],[5.39966,46.33942],[5.3753,46.3505],[5.36435,46.36945],[5.37147,46.3829],[5.3599,46.39117],[5.33803,46.40175],[5.32608,46.40198],[5.30242,46.417],[5.30807,46.42276],[5.32271,46.42728],[5.31432,46.44163],[5.31203,46.45231],[5.32511,46.46255],[5.35908,46.46422],[5.38006,46.46784],[5.40976,46.46998],[5.42116,46.48821],[5.4099,46.49991],[5.39142,46.51013],[5.37321,46.51656],[5.36045,46.52748],[5.36253,46.55196],[5.36788,46.56694],[5.37345,46.57996],[5.40321,46.58112],[5.41076,46.59455],[5.40734,46.60568],[5.39596,46.61112],[5.41983,46.61736],[5.43871,46.63211],[5.41809,46.65225],[5.42689,46.66327],[5.41106,46.67819],[5.40138,46.69192],[5.40445,46.70349],[5.39718,46.7171],[5.39124,46.72905],[5.36416,46.73821],[5.36853,46.75249],[5.38891,46.76545],[5.37172,46.77657],[5.36953,46.78311],[5.34801,46.78985],[5.33175,46.80257],[5.32739,46.8151],[5.34076,46.822],[5.34455,46.82284],[5.36169,46.81879],[5.38544,46.82712],[5.40181,46.83001],[5.4145,46.82828],[5.44056,46.8269],[5.45318,46.83004],[5.45954,46.83433],[5.46034,46.84288],[5.45796,46.85488],[5.44077,46.8562],[5.44641,46.85281],[5.43519,46.85604],[5.42004,46.861],[5.40183,46.86832],[5.40169,46.8875],[5.38641,46.89282],[5.36952,46.88737],[5.35163,46.89329],[5.32882,46.88759],[5.31513,46.90644],[5.30876,46.93145],[5.29443,46.93857],[5.26966,46.92778],[5.25796,46.93991],[5.26324,46.95225],[5.25737,46.96658],[5.25562,46.97558],[5.26087,46.9836],[5.27587,46.99577],[5.30313,47.00331],[5.31648,47.01268],[5.27533,47.02693],[5.28291,47.04524],[5.30577,47.06302],[5.319,47.07001],[5.34791,47.0769],[5.36718,47.07739],[5.38603,47.08198],[5.39824,47.10551],[5.41138,47.1285],[5.42892,47.13696],[5.43963,47.15428],[5.45207,47.16731],[5.4578,47.18867],[5.46924,47.21056],[5.47706,47.22443],[5.48423,47.24075],[5.48706,47.26521],[5.50498,47.28322],[5.51854,47.30419]]]]},"properties":{"code":"39","nom":"Jura"}},{"type":"Feature","geometry":{"type":"Polygon","coordinates":[[[-0.24284,43.58498],[-0.25923,43.58889],[-0.28385,43.58377],[-0.3012,43.5713],[-0.316,43.55704],[-0.34123,43.55254],[-0.36155,43.56357],[-0.37546,43.56833],[-0.41485,43.56328],[-0.43341,43.55467],[-0.45222,43.55165],[-0.46045,43.56517],[-0.45623,43.56475],[-0.44759,43.56936],[-0.43212,43.57903],[-0.43866,43.59049],[-0.4611,43.58692],[-0.47739,43.58534],[-0.49747,43.57497],[-0.51073,43.56622],[-0.52307,43.55866],[-0.53967,43.54973],[-0.56224,43.55046],[-0.57229,43.55218],[-0.59613,43.54179],[-0.61541,43.53859],[-0.63375,43.5541],[-0.65829,43.56056],[-0.64126,43.57074],[-0.66081,43.56883],[-0.68374,43.55917],[-0.70052,43.56165],[-0.7086,43.55022],[-0.72394,43.5426],[-0.74307,43.55996],[-0.77218,43.57853],[-0.78178,43.56417],[-0.8183,43.56144],[-0.84267,43.55356],[-0.85628,43.54174],[-0.88592,43.54814],[-0.91051,43.54851],[-0.92255,43.53872],[-0.93566,43.53721],[-0.95509,43.53255],[-0.98339,43.53708],[-1.0011,43.53611],[-0.98922,43.52623],[-1.00043,43.50513],[-1.02341,43.50338],[-1.04419,43.50879],[-1.05445,43.51258],[-1.07295,43.51478],[-1.08282,43.51741],[-1.11115,43.51054],[-1.13235,43.49958],[-1.14758,43.48795],[-1.16409,43.49091],[-1.1711,43.50597],[-1.14394,43.51049],[-1.1308,43.51873],[-1.15038,43.52741],[-1.1844,43.54709],[-1.22094,43.52927],[-1.2727,43.50667],[-1.31503,43.50338],[-1.34594,43.50098],[-1.38654,43.49686],[-1.41868,43.50233],[-1.43112,43.51461],[-1.45434,43.51624],[-1.46115,43.53168],[-1.4766,43.53935],[-1.49027,43.53141],[-1.52487,43.5297],[-1.50703,43.55497],[-1.47054,43.60431],[-1.4468,43.64561],[-1.44043,43.69002],[-1.43287,43.7219],[-1.42526,43.75183],[-1.41564,43.78464],[-1.40564,43.81656],[-1.39654,43.84501],[-1.38983,43.86631],[-1.37535,43.91229],[-1.36639,43.94777],[-1.35527,43.98755],[-1.34867,44.01295],[-1.34217,44.03911],[-1.33505,44.06222],[-1.32717,44.08838],[-1.31987,44.11599],[-1.31177,44.14882],[-1.30648,44.17062],[-1.30006,44.20483],[-1.29405,44.23651],[-1.28839,44.26471],[-1.28255,44.29535],[-1.27604,44.33028],[-1.27047,44.36159],[-1.26484,44.39465],[-1.25915,44.42816],[-1.25389,44.4676],[-1.08942,44.52513],[-0.98773,44.5083],[-1.00758,44.43662],[-0.87442,44.42686],[-0.80928,44.42154],[-0.79306,44.4287],[-0.77825,44.43361],[-0.76978,44.44005],[-0.69238,44.44068],[-0.67958,44.45433],[-0.62741,44.42968],[-0.63357,44.39992],[-0.5281,44.36465],[-0.42859,44.3],[-0.40861,44.29211],[-0.38339,44.28631],[-0.39096,44.21391],[-0.30234,44.20081],[-0.22646,44.23343],[-0.20192,44.26595],[-0.17481,44.25745],[-0.13298,44.21109],[-0.11369,44.15234],[-0.08672,44.1562],[-0.03671,44.15044],[0.02517,44.13843],[0.11292,44.12567],[0.13529,44.11178],[0.12361,44.10554],[0.11401,44.0968],[0.10418,44.08211],[0.08351,44.06388],[0.07911,44.04501],[0.06531,44.02574],[0.06192,44.00996],[0.07191,43.98989],[0.0726,43.97862],[0.06102,43.96523],[0.05644,43.95466],[0.06236,43.94127],[0.07255,43.92089],[0.07221,43.91013],[0.05955,43.89943],[0.03449,43.89996],[0.01766,43.91169],[-0.00606,43.92389],[-0.02026,43.93002],[0.00551,43.9435],[-0.01868,43.97069],[-0.04692,43.96082],[-0.07031,43.94606],[-0.08667,43.94734],[-0.09925,43.93622],[-0.10434,43.92814],[-0.11927,43.93999],[-0.13582,43.93607],[-0.16066,43.93119],[-0.17225,43.93299],[-0.19203,43.92618],[-0.20557,43.91201],[-0.22148,43.91255],[-0.23337,43.90265],[-0.23848,43.8938],[-0.21886,43.89195],[-0.20917,43.8854],[-0.19519,43.88115],[-0.18572,43.86689],[-0.19508,43.87055],[-0.20302,43.86061],[-0.19778,43.84613],[-0.18858,43.83341],[-0.19639,43.82076],[-0.20082,43.80671],[-0.22714,43.80827],[-0.22057,43.79271],[-0.21471,43.77519],[-0.2075,43.75608],[-0.21299,43.74963],[-0.19595,43.74022],[-0.2058,43.72784],[-0.22945,43.7147],[-0.25063,43.70779],[-0.24027,43.69496],[-0.25201,43.68379],[-0.23973,43.67124],[-0.243,43.65783],[-0.26075,43.65366],[-0.26376,43.63592],[-0.28141,43.63426],[-0.26987,43.61674],[-0.24758,43.61171],[-0.25465,43.59708],[-0.24286,43.58692],[-0.24284,43.58498]]]},"properties":{"code":"40","nom":"Landes"}},{"type":"Feature","geometry":{"type":"Polygon","coordinates":[[[0.84122,48.10306],[0.89857,48.10251],[0.92133,48.10716],[0.94577,48.10205],[0.95674,48.10102],[0.97391,48.11475],[1.00175,48.12937],[1.04057,48.13187],[1.038,48.11629],[1.01961,48.11046],[0.99095,48.09692],[1.00544,48.08678],[1.0323,48.08591],[1.0637,48.08649],[1.09561,48.07983],[1.11394,48.07841],[1.11321,48.05562],[1.12657,48.03481],[1.16143,48.02887],[1.16113,48.01488],[1.17599,48.00432],[1.19164,47.98671],[1.19887,47.97474],[1.2113,47.96892],[1.2422,47.97789],[1.26025,47.96583],[1.2754,47.96475],[1.30362,47.96006],[1.33883,47.95744],[1.37052,47.9555],[1.38521,47.98031],[1.40076,47.97369],[1.42831,47.97405],[1.43846,47.99144],[1.43966,48.01195],[1.47625,47.99936],[1.50308,47.988],[1.53924,47.98906],[1.55757,47.98626],[1.55375,47.96857],[1.55498,47.95324],[1.52706,47.94428],[1.53744,47.92709],[1.57411,47.90755],[1.5848,47.88468],[1.57211,47.86144],[1.55306,47.84774],[1.53514,47.84042],[1.53302,47.82601],[1.54156,47.81699],[1.56351,47.8],[1.57125,47.78696],[1.58574,47.74776],[1.58538,47.7268],[1.62433,47.75292],[1.65382,47.74849],[1.68113,47.73916],[1.71444,47.73039],[1.72229,47.69697],[1.73193,47.68164],[1.73994,47.66153],[1.77882,47.64284],[1.79956,47.63799],[1.82675,47.65416],[1.84476,47.66472],[1.84353,47.68244],[1.86335,47.68607],[1.87268,47.67671],[1.89144,47.67822],[1.90474,47.67333],[1.92202,47.67815],[1.93903,47.67264],[1.94751,47.66035],[1.96986,47.66348],[1.99615,47.66396],[2.00168,47.67495],[2.02544,47.67507],[2.05814,47.67478],[2.07975,47.68073],[2.10682,47.67435],[2.12604,47.67807],[2.14678,47.67146],[2.16894,47.67149],[2.18964,47.67592],[2.2057,47.66736],[2.22163,47.66449],[2.23957,47.64176],[2.24055,47.62278],[2.22147,47.6161],[2.19309,47.60645],[2.15759,47.60114],[2.13564,47.58846],[2.12841,47.56753],[2.13127,47.55027],[2.17385,47.54921],[2.21318,47.51652],[2.2019,47.48854],[2.23732,47.49613],[2.23697,47.47126],[2.24522,47.45822],[2.24538,47.4378],[2.21608,47.40661],[2.15239,47.41485],[2.12377,47.41507],[2.10169,47.38678],[2.12311,47.34756],[2.12918,47.33295],[2.13162,47.32095],[2.15156,47.31072],[2.13695,47.29125],[2.12721,47.28181],[2.08501,47.28596],[2.02576,47.26791],[1.99704,47.26544],[1.95726,47.28408],[1.92856,47.27763],[1.92146,47.26272],[1.89218,47.24876],[1.90381,47.21525],[1.86825,47.21259],[1.82265,47.22472],[1.79097,47.2315],[1.76653,47.23782],[1.73417,47.26091],[1.7113,47.27293],[1.68301,47.26297],[1.6667,47.25716],[1.64592,47.26663],[1.63925,47.27396],[1.61866,47.27208],[1.59958,47.27556],[1.56958,47.26114],[1.53181,47.25562],[1.52743,47.2394],[1.52602,47.22392],[1.49506,47.23539],[1.44637,47.23687],[1.4241,47.22954],[1.37868,47.20286],[1.32238,47.1928],[1.29883,47.22943],[1.27667,47.25509],[1.24215,47.27573],[1.22407,47.29359],[1.20381,47.28885],[1.17625,47.28804],[1.14442,47.28349],[1.11338,47.29688],[1.09896,47.31171],[1.10958,47.33822],[1.12003,47.35304],[1.10801,47.36632],[1.11321,47.37992],[1.12352,47.39195],[1.11001,47.40665],[1.09736,47.42087],[1.10511,47.43179],[1.13281,47.4471],[1.11416,47.46238],[1.09456,47.4695],[1.08113,47.49046],[1.07392,47.5121],[1.06346,47.52183],[1.04553,47.53253],[1.05901,47.54684],[1.07777,47.56252],[1.06346,47.56623],[1.03279,47.60813],[1.00391,47.59008],[0.99297,47.58887],[0.98479,47.60236],[0.99129,47.61886],[0.95623,47.62623],[0.92989,47.62901],[0.91569,47.62722],[0.90651,47.61748],[0.89615,47.60901],[0.88213,47.60161],[0.86078,47.5991],[0.85443,47.61211],[0.86085,47.6277],[0.84856,47.64099],[0.86001,47.66534],[0.86252,47.68507],[0.8533,47.68622],[0.81178,47.68222],[0.77734,47.6845],[0.73869,47.69612],[0.71215,47.68181],[0.69185,47.68963],[0.66723,47.69337],[0.64387,47.68808],[0.64232,47.70578],[0.62672,47.70748],[0.61443,47.69421],[0.5916,47.69771],[0.58114,47.71356],[0.6116,47.72813],[0.61943,47.74557],[0.64535,47.75283],[0.67871,47.76951],[0.6981,47.76586],[0.69122,47.78339],[0.71213,47.78715],[0.72644,47.79918],[0.73841,47.8159],[0.75427,47.83064],[0.77485,47.84381],[0.75916,47.85922],[0.76,47.88293],[0.76398,47.89958],[0.79156,47.9098],[0.80659,47.89219],[0.81715,47.8971],[0.81299,47.91363],[0.81635,47.93428],[0.84512,47.94126],[0.84188,47.95669],[0.83539,47.97051],[0.8229,47.98347],[0.83149,47.99932],[0.83732,48.01586],[0.83815,48.03418],[0.81833,48.03032],[0.80598,48.03834],[0.79407,48.04857],[0.79484,48.06819],[0.81377,48.07042],[0.84302,48.07264],[0.84565,48.08859],[0.84099,48.08974],[0.82793,48.09115],[0.81435,48.0988],[0.84122,48.10306]]]},"properties":{"code":"41","nom":"Loir-et-Cher"}},{"type":"Feature","geometry":{"type":"Polygon","coordinates":[[[3.89953,46.27591],[3.90612,46.26335],[3.90825,46.24722],[3.89765,46.23963],[3.89537,46.22318],[3.91356,46.20692],[3.94277,46.2062],[3.97255,46.20271],[3.97938,46.18209],[4.00267,46.17041],[4.03346,46.17369],[4.05163,46.18124],[4.07087,46.18698],[4.09542,46.19457],[4.11793,46.18953],[4.14036,46.17632],[4.18689,46.17687],[4.18524,46.1894],[4.21449,46.18847],[4.23167,46.17941],[4.25001,46.18725],[4.26343,46.17627],[4.25004,46.1638],[4.28461,46.15812],[4.29726,46.17339],[4.31183,46.1712],[4.33406,46.18206],[4.35317,46.18599],[4.36832,46.1855],[4.36558,46.1936],[4.3735,46.20462],[4.38971,46.21661],[4.41033,46.21862],[4.42054,46.20426],[4.39743,46.18772],[4.42451,46.17557],[4.43523,46.16146],[4.41736,46.13591],[4.3902,46.14699],[4.36159,46.13846],[4.32764,46.13245],[4.3095,46.11031],[4.31074,46.09639],[4.3109,46.08302],[4.30073,46.06983],[4.28574,46.05353],[4.25784,46.05437],[4.26101,46.03937],[4.27568,46.02513],[4.29535,46.02074],[4.30992,46.00829],[4.30266,45.99388],[4.2899,45.9964],[4.27295,45.9917],[4.26834,46.00041],[4.2525,45.99591],[4.24804,45.98672],[4.27517,45.97978],[4.29151,45.97112],[4.30026,45.95608],[4.30763,45.9456],[4.32303,45.93953],[4.34558,45.92846],[4.33476,45.91646],[4.3349,45.90782],[4.33255,45.89292],[4.34215,45.87718],[4.36855,45.86789],[4.39621,45.86005],[4.38428,45.84244],[4.3812,45.82545],[4.37996,45.81444],[4.3826,45.8058],[4.37528,45.79752],[4.37695,45.78336],[4.35842,45.78329],[4.34848,45.76826],[4.35478,45.75771],[4.37098,45.749],[4.39664,45.75263],[4.39148,45.73688],[4.38247,45.71931],[4.37292,45.70257],[4.37345,45.69078],[4.36737,45.67567],[4.38228,45.66578],[4.39319,45.65383],[4.41336,45.63037],[4.44196,45.62197],[4.45373,45.60415],[4.47331,45.59676],[4.47015,45.58489],[4.49098,45.58476],[4.50595,45.57908],[4.52602,45.5732],[4.56861,45.58347],[4.5986,45.57117],[4.61353,45.57442],[4.62773,45.56441],[4.63474,45.54937],[4.65127,45.54057],[4.65592,45.5492],[4.653,45.56344],[4.66699,45.5685],[4.68689,45.56061],[4.67564,45.55176],[4.66677,45.54511],[4.6508,45.53086],[4.65434,45.49975],[4.66738,45.48528],[4.67352,45.47782],[4.69633,45.47672],[4.71315,45.48873],[4.7397,45.48452],[4.74693,45.46407],[4.76047,45.43709],[4.7425,45.41284],[4.75841,45.38578],[4.756,45.36567],[4.72583,45.36181],[4.71268,45.35077],[4.69371,45.34598],[4.666,45.34064],[4.64898,45.33121],[4.6408,45.31836],[4.61447,45.3106],[4.62405,45.29457],[4.60734,45.29125],[4.59461,45.27868],[4.60195,45.26598],[4.59184,45.24758],[4.57045,45.24553],[4.5497,45.24426],[4.52923,45.23978],[4.51225,45.23947],[4.49146,45.23167],[4.46871,45.2473],[4.44196,45.26303],[4.4245,45.2755],[4.4034,45.27011],[4.38738,45.26234],[4.3746,45.2627],[4.36091,45.27041],[4.34972,45.28027],[4.36128,45.29232],[4.36472,45.30109],[4.35162,45.30612],[4.33382,45.31669],[4.35392,45.332],[4.35924,45.3504],[4.32979,45.36928],[4.30877,45.37079],[4.30123,45.36508],[4.29354,45.3594],[4.28484,45.35661],[4.27375,45.35897],[4.26857,45.37492],[4.25187,45.37566],[4.23772,45.38566],[4.21906,45.38503],[4.20214,45.38149],[4.17793,45.3926],[4.15404,45.38674],[4.15812,45.37277],[4.14621,45.36545],[4.1194,45.36948],[4.10918,45.35564],[4.09197,45.35842],[4.07647,45.35451],[4.07841,45.34502],[4.06376,45.33706],[4.05529,45.35091],[4.03529,45.35013],[4.02298,45.34525],[4.01999,45.33257],[4.01522,45.33322],[4.00248,45.35599],[3.98618,45.36713],[3.96692,45.37208],[3.95026,45.3744],[3.93346,45.36506],[3.9353,45.359],[3.92334,45.35601],[3.91899,45.34373],[3.90502,45.33412],[3.89817,45.35199],[3.89085,45.3702],[3.89537,45.38337],[3.8931,45.39563],[3.89919,45.41031],[3.90833,45.41765],[3.92617,45.42446],[3.94462,45.43196],[3.96019,45.44318],[3.97411,45.44927],[3.97016,45.46454],[3.97531,45.47899],[3.98469,45.49523],[3.96147,45.5061],[3.95539,45.52369],[3.94762,45.53788],[3.94825,45.55965],[3.93141,45.57982],[3.90667,45.5978],[3.87776,45.60847],[3.84877,45.62677],[3.80555,45.65592],[3.77699,45.69458],[3.77708,45.71806],[3.76571,45.73534],[3.74591,45.74225],[3.73063,45.76062],[3.71511,45.77966],[3.68858,45.79114],[3.71793,45.80744],[3.72268,45.82262],[3.72574,45.83654],[3.72076,45.85113],[3.72796,45.86305],[3.7155,45.86942],[3.72853,45.87056],[3.74515,45.87818],[3.75342,45.88883],[3.73963,45.9092],[3.72491,45.92072],[3.69116,45.94053],[3.70423,45.96039],[3.70961,45.97413],[3.74179,45.96596],[3.75445,45.98172],[3.7742,45.97666],[3.78971,45.9748],[3.81788,45.98595],[3.82792,45.99671],[3.82198,46.01347],[3.81344,46.03732],[3.80699,46.06127],[3.81632,46.07632],[3.82153,46.08983],[3.80256,46.11033],[3.80111,46.12879],[3.79346,46.14518],[3.79349,46.15616],[3.80352,46.16813],[3.78994,46.18819],[3.79445,46.20419],[3.78543,46.22069],[3.76972,46.23214],[3.78557,46.24292],[3.80573,46.24517],[3.82156,46.25977],[3.85818,46.26351],[3.88442,46.27395],[3.89953,46.27591]]]},"properties":{"code":"42","nom":"Loire"}},{"type":"Feature","geometry":{"type":"Polygon","coordinates":[[[3.89741,45.35708],[3.90248,45.33915],[3.91728,45.33931],[3.91461,45.35405],[3.93239,45.35769],[3.93633,45.36474],[3.94499,45.37335],[3.96378,45.37154],[3.98237,45.37434],[3.99208,45.35542],[4.01077,45.34044],[4.02074,45.32999],[4.02482,45.34289],[4.03155,45.3481],[4.04839,45.35451],[4.06188,45.33992],[4.07649,45.34011],[4.08053,45.35166],[4.08611,45.35864],[4.10638,45.35621],[4.11494,45.36775],[4.14138,45.36823],[4.15696,45.37044],[4.14561,45.38431],[4.1719,45.38987],[4.19599,45.38443],[4.21622,45.38427],[4.2326,45.38889],[4.2506,45.37936],[4.26212,45.37314],[4.2717,45.35983],[4.28089,45.35888],[4.29035,45.35953],[4.29782,45.36802],[4.30722,45.36704],[4.32536,45.36874],[4.34842,45.36046],[4.3617,45.337],[4.33754,45.32125],[4.34758,45.30705],[4.36063,45.30439],[4.3669,45.29403],[4.35817,45.28131],[4.35733,45.27205],[4.37121,45.26079],[4.38713,45.25511],[4.39928,45.26865],[4.41857,45.27542],[4.43812,45.26963],[4.46416,45.24962],[4.48313,45.23645],[4.48133,45.21592],[4.4779,45.19029],[4.4578,45.16789],[4.44737,45.15235],[4.44611,45.13147],[4.45252,45.11912],[4.43523,45.11753],[4.43446,45.11174],[4.42652,45.11917],[4.42783,45.13095],[4.4116,45.14081],[4.38425,45.14243],[4.37444,45.13482],[4.37746,45.12257],[4.40019,45.11839],[4.38797,45.10541],[4.37224,45.10633],[4.36294,45.09346],[4.35766,45.08155],[4.34793,45.072],[4.35615,45.06016],[4.37534,45.05487],[4.37323,45.03642],[4.35758,45.03354],[4.34132,45.02594],[4.31029,45.03152],[4.302,45.02455],[4.29615,45.00939],[4.29325,44.99179],[4.30922,44.98118],[4.30316,44.97174],[4.28373,44.96779],[4.26541,44.96197],[4.24289,44.96577],[4.2217,44.96134],[4.22069,44.94585],[4.20235,44.92669],[4.1797,44.8933],[4.16154,44.87716],[4.13573,44.87418],[4.11322,44.87863],[4.08543,44.87009],[4.06695,44.86853],[4.04625,44.87028],[4.03099,44.86739],[4.02476,44.8557],[4.02391,44.84404],[4.02003,44.82952],[4.00528,44.83802],[4.00039,44.81931],[3.9871,44.83252],[3.98256,44.82417],[3.98429,44.81173],[3.96318,44.82975],[3.9411,44.81621],[3.93728,44.79879],[3.92498,44.78542],[3.91112,44.77745],[3.914,44.7651],[3.89876,44.75265],[3.87558,44.75715],[3.8648,44.74604],[3.84334,44.74678],[3.83293,44.75677],[3.83512,44.77339],[3.81233,44.76878],[3.80339,44.77735],[3.78763,44.79231],[3.77126,44.7972],[3.76414,44.80038],[3.76138,44.8119],[3.74979,44.82405],[3.74255,44.83895],[3.72591,44.83289],[3.69791,44.83637],[3.68339,44.82921],[3.66199,44.83149],[3.67182,44.84339],[3.66604,44.85892],[3.65772,44.87153],[3.6396,44.8785],[3.61802,44.87585],[3.59373,44.87657],[3.59866,44.86207],[3.59171,44.84508],[3.58892,44.8264],[3.56885,44.83422],[3.54305,44.82838],[3.50565,44.82385],[3.48704,44.80644],[3.46469,44.82727],[3.4556,44.84468],[3.43777,44.87253],[3.4172,44.91016],[3.41581,44.92741],[3.40438,44.95703],[3.38907,44.95137],[3.37031,44.96999],[3.34896,44.97692],[3.35552,44.98951],[3.36905,45.00531],[3.34849,45.01242],[3.33354,45.02052],[3.31856,45.02456],[3.30421,45.02778],[3.30327,45.04353],[3.30105,45.05503],[3.30765,45.06672],[3.31263,45.08377],[3.30053,45.08887],[3.28716,45.09087],[3.28331,45.10376],[3.2971,45.10743],[3.32294,45.09629],[3.34583,45.10117],[3.35244,45.10472],[3.33494,45.11103],[3.31701,45.11739],[3.29545,45.12333],[3.27713,45.13433],[3.28054,45.14856],[3.26998,45.15687],[3.26061,45.17094],[3.26572,45.18805],[3.27016,45.20325],[3.26575,45.21359],[3.25018,45.2161],[3.23893,45.21687],[3.23266,45.23852],[3.224,45.24843],[3.22622,45.26394],[3.22055,45.27694],[3.20235,45.28238],[3.18351,45.27941],[3.17626,45.27191],[3.16872,45.27458],[3.16742,45.28614],[3.16099,45.29533],[3.1405,45.28885],[3.118,45.28419],[3.10165,45.2909],[3.08361,45.29125],[3.10165,45.30014],[3.11142,45.31087],[3.09046,45.32252],[3.11342,45.32709],[3.11128,45.34366],[3.10871,45.35259],[3.12791,45.35156],[3.14373,45.35164],[3.16714,45.35186],[3.17746,45.35436],[3.19557,45.36576],[3.2113,45.36847],[3.22173,45.38179],[3.24154,45.39112],[3.26901,45.39225],[3.29241,45.40532],[3.29817,45.4203],[3.32096,45.40793],[3.32758,45.39682],[3.34274,45.41586],[3.35339,45.42206],[3.36863,45.41089],[3.38644,45.40367],[3.40392,45.40224],[3.42211,45.39892],[3.44549,45.40197],[3.46295,45.4071],[3.48632,45.42207],[3.50398,45.42328],[3.51219,45.40718],[3.52541,45.40389],[3.54701,45.39898],[3.56495,45.3955],[3.57691,45.38799],[3.58582,45.36976],[3.60779,45.34377],[3.63731,45.34614],[3.64722,45.35955],[3.6668,45.37211],[3.67395,45.38034],[3.68628,45.37822],[3.69851,45.37168],[3.70276,45.36794],[3.71475,45.36015],[3.73153,45.35855],[3.74914,45.35326],[3.76385,45.35204],[3.77949,45.35477],[3.78726,45.36071],[3.7854,45.37018],[3.79587,45.38585],[3.81072,45.38857],[3.82805,45.38019],[3.83552,45.3732],[3.84325,45.36865],[3.85855,45.35934],[3.88247,45.35674],[3.89741,45.35708]]]},"properties":{"code":"43","nom":"Haute-Loire"}},{"type":"Feature","geometry":{"type":"MultiPolygon","coordinates":[[[[-2.62284,47.40975],[-2.62341,47.41085],[-2.62134,47.41139],[-2.62008,47.41356],[-2.61777,47.41153],[-2.62024,47.41107],[-2.6209,47.41018],[-2.62284,47.40975]]],[[[-2.45849,47.44812],[-2.44614,47.46445],[-2.43031,47.47294],[-2.42224,47.46985],[-2.41353,47.45939],[-2.38393,47.462],[-2.35487,47.45489],[-2.33287,47.46002],[-2.31437,47.47635],[-2.3018,47.49758],[-2.29642,47.51599],[-2.2795,47.51022],[-2.26136,47.51361],[-2.25668,47.4987],[-2.22668,47.50147],[-2.20667,47.51004],[-2.18873,47.49993],[-2.17249,47.49201],[-2.15388,47.4998],[-2.14534,47.52482],[-2.12837,47.52962],[-2.1008,47.53289],[-2.1018,47.55207],[-2.09669,47.57052],[-2.09953,47.58077],[-2.08369,47.61114],[-2.09148,47.63832],[-2.07387,47.65165],[-2.04959,47.65478],[-2.02939,47.66689],[-2.00001,47.67542],[-1.97993,47.68914],[-1.96853,47.67947],[-1.94634,47.6797],[-1.91116,47.69167],[-1.88259,47.69513],[-1.86401,47.70698],[-1.82753,47.71059],[-1.80749,47.70399],[-1.77678,47.69965],[-1.75573,47.70602],[-1.73515,47.704],[-1.71339,47.69931],[-1.69368,47.7121],[-1.66936,47.71254],[-1.65561,47.71518],[-1.63999,47.72575],[-1.63276,47.74581],[-1.62363,47.76215],[-1.60495,47.76251],[-1.59435,47.7726],[-1.58081,47.77827],[-1.56146,47.78127],[-1.52771,47.78653],[-1.49089,47.79837],[-1.46675,47.80731],[-1.47546,47.82359],[-1.47487,47.83383],[-1.4588,47.83179],[-1.44235,47.83156],[-1.42055,47.83074],[-1.40412,47.82441],[-1.38103,47.82196],[-1.36305,47.80398],[-1.31849,47.79233],[-1.25311,47.77802],[-1.24837,47.76318],[-1.23752,47.75267],[-1.25353,47.73678],[-1.23735,47.72351],[-1.20571,47.71916],[-1.19622,47.7099],[-1.18129,47.69708],[-1.17593,47.68058],[-1.1803,47.66704],[-1.16685,47.66006],[-1.15853,47.65225],[-1.15741,47.63522],[-1.13736,47.62187],[-1.1072,47.62097],[-1.08139,47.6089],[-1.05044,47.60162],[-1.02816,47.5987],[-1.00879,47.59026],[-1.02256,47.57641],[-1.04442,47.56753],[-1.05381,47.56352],[-1.05239,47.55244],[-1.03978,47.54884],[-1.03981,47.52662],[-1.039,47.50526],[-1.01284,47.48968],[-0.98012,47.49003],[-0.95913,47.48122],[-0.95561,47.45562],[-0.95041,47.43249],[-0.95733,47.42329],[-0.95042,47.40688],[-0.94581,47.38702],[-0.97487,47.37138],[-0.99649,47.36955],[-1.02884,47.36555],[-1.07602,47.37083],[-1.12567,47.36688],[-1.15507,47.36554],[-1.1916,47.35183],[-1.21735,47.34869],[-1.26767,47.34156],[-1.31134,47.32997],[-1.3542,47.30415],[-1.33472,47.30208],[-1.31825,47.30125],[-1.29498,47.30441],[-1.28094,47.29562],[-1.27806,47.28639],[-1.27836,47.27328],[-1.26814,47.26104],[-1.2539,47.2477],[-1.23857,47.2421],[-1.21815,47.24421],[-1.19502,47.2484],[-1.18383,47.231],[-1.17827,47.21667],[-1.17542,47.2006],[-1.17034,47.18661],[-1.16444,47.18116],[-1.16955,47.17051],[-1.1821,47.16433],[-1.19442,47.15507],[-1.20685,47.14736],[-1.2173,47.14483],[-1.2303,47.1379],[-1.23774,47.1337],[-1.22707,47.11999],[-1.23845,47.10482],[-1.23833,47.09609],[-1.21337,47.09749],[-1.1855,47.0956],[-1.16651,47.08763],[-1.15504,47.07244],[-1.12541,47.06469],[-1.12147,47.05576],[-1.12534,47.038],[-1.14399,47.03108],[-1.16267,47.03178],[-1.18974,47.03879],[-1.20747,47.04603],[-1.22043,47.05566],[-1.23971,47.06809],[-1.25594,47.07546],[-1.27202,47.0832],[-1.2887,47.07253],[-1.29166,47.05299],[-1.30492,47.0406],[-1.29694,47.03742],[-1.31736,47.03457],[-1.3357,47.04164],[-1.34146,47.04037],[-1.36385,47.04123],[-1.37661,47.03317],[-1.36662,47.01435],[-1.36833,47.00105],[-1.37376,46.98651],[-1.35906,46.98113],[-1.36235,46.97072],[-1.36503,46.95694],[-1.38279,46.95038],[-1.41308,46.94538],[-1.44626,46.93078],[-1.47174,46.93318],[-1.45802,46.95214],[-1.46376,46.96267],[-1.4732,46.9752],[-1.46358,46.98889],[-1.4732,47.01609],[-1.48213,47.03786],[-1.50704,47.03707],[-1.53119,47.02316],[-1.55232,47.01835],[-1.54599,47.00545],[-1.55125,46.98546],[-1.54747,46.9732],[-1.54442,46.95736],[-1.53206,46.94463],[-1.52022,46.93719],[-1.53269,46.92425],[-1.53767,46.92081],[-1.53129,46.90827],[-1.50785,46.89388],[-1.50484,46.88129],[-1.52915,46.87307],[-1.54886,46.87218],[-1.55819,46.86223],[-1.59732,46.87035],[-1.613,46.87283],[-1.64146,46.87855],[-1.67018,46.87692],[-1.68357,46.88645],[-1.70103,46.88799],[-1.72294,46.88402],[-1.7358,46.89775],[-1.73648,46.91264],[-1.74186,46.92133],[-1.75043,46.93037],[-1.7783,46.92498],[-1.79892,46.92982],[-1.82638,46.93802],[-1.83182,46.95381],[-1.85773,46.95377],[-1.88245,46.95687],[-1.89654,46.96198],[-1.91167,46.9712],[-1.9123,46.97915],[-1.91864,46.98427],[-1.91918,46.99311],[-1.93731,46.9947],[-1.95596,47.00901],[-1.98804,47.03862],[-2.00824,47.0634],[-2.03775,47.07841],[-2.05207,47.09381],[-2.07899,47.10102],[-2.10083,47.10591],[-2.10681,47.11203],[-2.1302,47.11143],[-2.16031,47.11477],[-2.17939,47.12209],[-2.2034,47.12492],[-2.22682,47.13094],[-2.24473,47.13032],[-2.22886,47.14487],[-2.20909,47.15615],[-2.18295,47.15727],[-2.16208,47.18165],[-2.15848,47.20485],[-2.18099,47.23263],[-2.16937,47.24849],[-2.19304,47.27734],[-2.2105,47.27013],[-2.22436,47.25791],[-2.24926,47.25363],[-2.26699,47.24031],[-2.28682,47.23726],[-2.30405,47.23761],[-2.31912,47.24502],[-2.3421,47.26176],[-2.39257,47.28169],[-2.42363,47.26982],[-2.42048,47.25832],[-2.44596,47.26187],[-2.46112,47.27002],[-2.48135,47.27256],[-2.49909,47.28074],[-2.5189,47.28586],[-2.53912,47.28906],[-2.536,47.29916],[-2.51193,47.29958],[-2.50389,47.33156],[-2.51832,47.35239],[-2.53562,47.36613],[-2.55377,47.37019],[-2.54698,47.3822],[-2.52241,47.39224],[-2.49771,47.40377],[-2.47975,47.41281],[-2.46716,47.4205],[-2.45533,47.41441],[-2.43162,47.41575],[-2.44938,47.42421],[-2.45365,47.43116],[-2.45071,47.44358],[-2.45849,47.44812]]]]},"properties":{"code":"44","nom":"Loire-Atlantique"}},{"type":"Feature","geometry":{"type":"Polygon","coordinates":[[[2.93631,48.16339],[2.97126,48.15183],[2.99115,48.14678],[3.00961,48.14577],[3.01896,48.12058],[3.03529,48.11599],[3.04592,48.09358],[3.06089,48.06422],[3.08832,48.05394],[3.09463,48.04041],[3.12262,48.02929],[3.10502,48.02405],[3.11287,48.01149],[3.12283,47.99871],[3.12371,47.98949],[3.11435,47.96352],[3.10527,47.94694],[3.08386,47.94263],[3.06174,47.92613],[3.05049,47.91064],[3.01996,47.90732],[3.01697,47.89892],[3.01188,47.87737],[3.00131,47.8665],[3.02906,47.85712],[3.03179,47.84163],[3.01331,47.82776],[3.02294,47.81277],[3.02518,47.79018],[2.98822,47.78603],[2.95068,47.77009],[2.92587,47.7647],[2.89904,47.76379],[2.87018,47.76487],[2.85475,47.7548],[2.85483,47.74009],[2.84865,47.7258],[2.86841,47.71514],[2.88407,47.70765],[2.90431,47.69424],[2.92675,47.68176],[2.92842,47.65805],[2.94774,47.64302],[2.93552,47.62653],[2.94144,47.60429],[2.95064,47.58885],[2.96409,47.58002],[2.96236,47.56276],[2.90937,47.55916],[2.87622,47.55325],[2.86085,47.55036],[2.84519,47.54493],[2.87074,47.52314],[2.83928,47.51037],[2.80781,47.49436],[2.79014,47.50725],[2.77973,47.51768],[2.746,47.52482],[2.72931,47.53208],[2.72895,47.51876],[2.72418,47.50168],[2.71539,47.488],[2.67847,47.48366],[2.6551,47.49178],[2.65442,47.51063],[2.64243,47.51565],[2.61532,47.52386],[2.61177,47.54428],[2.59636,47.55714],[2.56989,47.56475],[2.5218,47.57266],[2.48426,47.57492],[2.45017,47.60567],[2.40075,47.59942],[2.37322,47.58575],[2.35062,47.59848],[2.31245,47.61512],[2.28204,47.62824],[2.24348,47.62084],[2.24037,47.63865],[2.22717,47.65838],[2.20532,47.66111],[2.19463,47.67638],[2.17148,47.67221],[2.15105,47.67052],[2.13523,47.67854],[2.11103,47.66968],[2.08722,47.67799],[2.06646,47.67431],[2.03383,47.67607],[2.00747,47.67623],[1.99666,47.66684],[1.98149,47.66549],[1.95682,47.66195],[1.93947,47.66814],[1.93552,47.67974],[1.91139,47.67537],[1.89492,47.67706],[1.87796,47.67543],[1.86109,47.67779],[1.8488,47.68812],[1.84326,47.66823],[1.83857,47.65701],[1.80431,47.64242],[1.78798,47.63919],[1.74405,47.65728],[1.73075,47.67988],[1.72263,47.69103],[1.71287,47.72206],[1.69735,47.73839],[1.65709,47.74734],[1.62273,47.75507],[1.59792,47.73043],[1.5997,47.74199],[1.56404,47.78246],[1.56694,47.79836],[1.55672,47.80823],[1.52694,47.82205],[1.53367,47.83577],[1.5485,47.84433],[1.56836,47.8566],[1.58459,47.88171],[1.57758,47.89948],[1.5517,47.92161],[1.52636,47.93785],[1.54861,47.95334],[1.54784,47.96547],[1.56595,47.98128],[1.54653,47.98574],[1.52009,47.9893],[1.52402,48.00811],[1.51377,48.02432],[1.54078,48.03795],[1.57803,48.03541],[1.60837,48.04293],[1.62266,48.05687],[1.62819,48.06917],[1.6526,48.07458],[1.67048,48.06237],[1.7004,48.07224],[1.72572,48.07049],[1.74422,48.06532],[1.76891,48.07125],[1.79242,48.07626],[1.81311,48.08566],[1.83802,48.08509],[1.87248,48.09607],[1.89913,48.12702],[1.9161,48.13872],[1.91427,48.16746],[1.94963,48.1731],[1.97002,48.17835],[1.95112,48.19505],[1.97542,48.19692],[1.97195,48.21238],[1.96484,48.22854],[1.96546,48.24112],[1.97065,48.25724],[1.98788,48.26871],[2.00468,48.28477],[2.02499,48.28923],[2.04937,48.28975],[2.08534,48.29401],[2.10463,48.30731],[2.16031,48.29853],[2.1548,48.31493],[2.18457,48.32278],[2.19148,48.33385],[2.20709,48.34494],[2.21961,48.33552],[2.23546,48.32932],[2.24631,48.32996],[2.24661,48.30887],[2.25888,48.30721],[2.27222,48.31384],[2.29569,48.30808],[2.31124,48.32882],[2.32645,48.32965],[2.34198,48.31683],[2.3558,48.31043],[2.38262,48.31123],[2.40266,48.32072],[2.41477,48.30452],[2.42128,48.28541],[2.41789,48.27215],[2.42844,48.25659],[2.45016,48.25116],[2.47634,48.24444],[2.50771,48.23282],[2.51534,48.21762],[2.51939,48.20065],[2.51814,48.18991],[2.51235,48.17068],[2.49753,48.15955],[2.47465,48.14883],[2.45157,48.13218],[2.45438,48.12237],[2.48111,48.12869],[2.52936,48.13441],[2.57683,48.13195],[2.62105,48.13603],[2.66475,48.12054],[2.69278,48.12397],[2.71911,48.13494],[2.74996,48.15574],[2.74626,48.1638],[2.76938,48.16287],[2.79302,48.16588],[2.80823,48.16624],[2.80353,48.15552],[2.79803,48.14482],[2.81364,48.13144],[2.842,48.1387],[2.86342,48.15143],[2.93631,48.16339]]]},"properties":{"code":"45","nom":"Loiret"}},{"type":"Feature","geometry":{"type":"Polygon","coordinates":[[[1.44826,45.01931],[1.47251,45.01801],[1.48138,45.02725],[1.49795,45.03562],[1.52061,45.03996],[1.54006,45.04667],[1.55435,45.02931],[1.58504,45.03828],[1.60772,45.03177],[1.62596,45.03377],[1.64762,45.02594],[1.6558,45.01576],[1.67021,45.00875],[1.68612,44.99857],[1.70264,44.98436],[1.71003,44.96951],[1.73302,44.96477],[1.7508,44.95573],[1.75129,44.9376],[1.7716,44.92699],[1.78914,44.93418],[1.80129,44.92209],[1.82391,44.92768],[1.83752,44.9439],[1.84741,44.94349],[1.86659,44.95207],[1.88582,44.95786],[1.89899,44.96772],[1.90982,44.97789],[1.92718,44.9788],[1.94017,44.96995],[1.94916,44.95252],[1.97183,44.96527],[1.99358,44.97466],[2.01706,44.97761],[2.04031,44.98172],[2.05829,44.97568],[2.06923,44.96572],[2.07977,44.94915],[2.07671,44.93658],[2.09476,44.92366],[2.10728,44.91028],[2.08704,44.90403],[2.08352,44.8871],[2.09351,44.87237],[2.10919,44.85792],[2.12462,44.84588],[2.13301,44.83199],[2.14664,44.82103],[2.16772,44.81096],[2.16936,44.79269],[2.16562,44.77549],[2.15288,44.76966],[2.15221,44.75914],[2.15408,44.7487],[2.15248,44.73569],[2.14036,44.71633],[2.13295,44.7038],[2.14303,44.69365],[2.16303,44.69022],[2.17625,44.67251],[2.16469,44.66129],[2.16926,44.64788],[2.17989,44.63471],[2.19757,44.62339],[2.20811,44.61374],[2.20196,44.60415],[2.19977,44.5982],[2.18642,44.58712],[2.17408,44.59169],[2.15932,44.57929],[2.13776,44.57147],[2.1225,44.57873],[2.09853,44.57567],[2.07096,44.573],[2.05938,44.57122],[2.05737,44.58291],[2.03551,44.56341],[2.00174,44.55653],[1.97056,44.5289],[1.93838,44.51597],[1.91299,44.50516],[1.91414,44.48555],[1.90503,44.50135],[1.88492,44.49142],[1.86158,44.48732],[1.8396,44.4759],[1.85028,44.46167],[1.8508,44.45245],[1.84977,44.44029],[1.86267,44.42914],[1.87077,44.42121],[1.86725,44.39761],[1.88852,44.38199],[1.89923,44.36898],[1.90891,44.35007],[1.88982,44.35086],[1.876,44.33807],[1.84723,44.33781],[1.83101,44.3268],[1.80714,44.33389],[1.79183,44.33342],[1.78887,44.32256],[1.77519,44.31713],[1.75536,44.32582],[1.73621,44.32122],[1.71911,44.31446],[1.6995,44.31381],[1.68488,44.30351],[1.6695,44.29466],[1.66321,44.29156],[1.6566,44.28936],[1.63882,44.29843],[1.64822,44.2772],[1.62509,44.27319],[1.6143,44.28049],[1.60726,44.29612],[1.57705,44.30164],[1.57489,44.28952],[1.56076,44.27947],[1.57924,44.26363],[1.57775,44.24277],[1.57403,44.23565],[1.55215,44.23252],[1.52693,44.23721],[1.51799,44.25065],[1.51879,44.26438],[1.49882,44.27211],[1.48682,44.27517],[1.46587,44.2769],[1.45535,44.26849],[1.45055,44.25833],[1.4425,44.25283],[1.43057,44.24319],[1.41125,44.237],[1.38858,44.22872],[1.37054,44.21772],[1.35758,44.20334],[1.34372,44.22011],[1.32642,44.22625],[1.31377,44.22704],[1.2912,44.23232],[1.28439,44.25252],[1.30263,44.26569],[1.29575,44.27557],[1.30366,44.29266],[1.28111,44.2889],[1.26705,44.28364],[1.252,44.28012],[1.24205,44.2667],[1.22819,44.27809],[1.21676,44.27089],[1.20031,44.28164],[1.17754,44.29186],[1.18115,44.30926],[1.16521,44.30735],[1.14606,44.30882],[1.13072,44.31699],[1.11255,44.32277],[1.11372,44.33616],[1.09841,44.34779],[1.08584,44.35507],[1.09377,44.36942],[1.1145,44.37023],[1.13277,44.38263],[1.13185,44.39378],[1.10351,44.39231],[1.07784,44.38073],[1.06133,44.38635],[1.0583,44.39901],[1.06051,44.41532],[1.05084,44.4298],[1.03421,44.43226],[1.02301,44.44411],[1.0234,44.46055],[1.02301,44.47544],[1.01699,44.48905],[1.01623,44.50587],[1.00208,44.52276],[0.98855,44.53359],[0.99148,44.54915],[1.01223,44.53855],[1.03094,44.5488],[1.04439,44.56159],[1.0717,44.56785],[1.07841,44.5748],[1.10348,44.57435],[1.09958,44.58854],[1.11566,44.60854],[1.13851,44.62521],[1.15272,44.64251],[1.14929,44.65674],[1.15932,44.67222],[1.18402,44.68265],[1.20219,44.68292],[1.22841,44.68988],[1.24389,44.69565],[1.25936,44.70854],[1.27078,44.72273],[1.2886,44.71834],[1.30032,44.7337],[1.31727,44.74596],[1.31365,44.76509],[1.30216,44.78295],[1.30151,44.79793],[1.34282,44.80689],[1.36595,44.81518],[1.35995,44.83425],[1.37283,44.84669],[1.39436,44.84948],[1.40538,44.86329],[1.42039,44.87085],[1.43975,44.87495],[1.43052,44.89134],[1.41968,44.90404],[1.41355,44.91182],[1.42703,44.91989],[1.43842,44.92516],[1.43359,44.9383],[1.42587,44.9494],[1.41663,44.96062],[1.41259,44.97238],[1.41215,44.9879],[1.41968,45.00847],[1.44131,45.01533],[1.44826,45.01931]]]},"properties":{"code":"46","nom":"Lot"}},{"type":"Feature","geometry":{"type":"Polygon","coordinates":[[[0.29733,44.76228],[0.32008,44.75094],[0.33783,44.73433],[0.34763,44.71713],[0.34511,44.70047],[0.3565,44.68345],[0.34868,44.66362],[0.3588,44.65911],[0.3786,44.65356],[0.39358,44.65403],[0.41517,44.64589],[0.43766,44.65229],[0.45944,44.66129],[0.478,44.66879],[0.49663,44.66996],[0.52228,44.67851],[0.53852,44.66939],[0.55351,44.66611],[0.57154,44.67743],[0.588,44.69856],[0.61628,44.69367],[0.62629,44.70304],[0.65069,44.69751],[0.65869,44.68003],[0.67764,44.67746],[0.7014,44.67667],[0.72203,44.67751],[0.75987,44.67799],[0.77364,44.68594],[0.78857,44.69462],[0.81074,44.69875],[0.82955,44.68878],[0.83004,44.67191],[0.84765,44.66669],[0.84404,44.65441],[0.83379,44.63852],[0.817,44.627],[0.83083,44.61409],[0.83436,44.60387],[0.8523,44.60001],[0.87254,44.60414],[0.88042,44.61449],[0.90964,44.62233],[0.92955,44.6355],[0.95297,44.63969],[0.97169,44.6401],[0.99084,44.63713],[1.01361,44.6144],[1.04227,44.6059],[1.07031,44.59667],[1.07593,44.58143],[1.06376,44.56455],[1.04054,44.55666],[1.02475,44.54702],[1.01023,44.54582],[0.98243,44.54548],[0.99076,44.53065],[1.00618,44.51922],[1.01651,44.49899],[1.01168,44.48862],[1.02401,44.47307],[1.02178,44.45746],[1.02695,44.44241],[1.04226,44.43497],[1.05394,44.4319],[1.06026,44.41285],[1.0556,44.3961],[1.06306,44.3821],[1.06065,44.3656],[1.02437,44.3635],[0.99671,44.36914],[0.97515,44.35798],[0.95924,44.35875],[0.94702,44.35577],[0.93916,44.35594],[0.92686,44.37506],[0.8979,44.38127],[0.8872,44.36462],[0.89286,44.34835],[0.88758,44.33357],[0.87744,44.32547],[0.86957,44.31115],[0.88619,44.30623],[0.90528,44.29922],[0.92441,44.28843],[0.94218,44.2799],[0.9491,44.27185],[0.93119,44.26637],[0.93204,44.25437],[0.91938,44.23958],[0.92676,44.22927],[0.91456,44.20851],[0.90743,44.19501],[0.88482,44.1913],[0.859,44.19079],[0.86123,44.17362],[0.88663,44.17203],[0.8874,44.15712],[0.89455,44.14084],[0.87798,44.13657],[0.87274,44.12823],[0.85762,44.13004],[0.83201,44.13719],[0.8011,44.14303],[0.79505,44.12859],[0.79889,44.11064],[0.77864,44.11315],[0.76246,44.10812],[0.74743,44.09616],[0.74168,44.08023],[0.74188,44.0652],[0.71638,44.05737],[0.69673,44.04534],[0.67936,44.03695],[0.6604,44.02542],[0.65491,44.04167],[0.63621,44.04992],[0.62394,44.06345],[0.60512,44.07294],[0.5826,44.07641],[0.5693,44.06406],[0.54231,44.05621],[0.51736,44.05982],[0.50325,44.05401],[0.48406,44.05272],[0.45344,44.04787],[0.44236,44.0336],[0.41834,44.02953],[0.39687,44.02231],[0.37663,44.00736],[0.35647,44.01578],[0.32079,44.00821],[0.3195,43.9986],[0.30285,43.99098],[0.27088,44.00133],[0.25492,44.00631],[0.23908,44.00786],[0.23506,44.01784],[0.21654,44.02253],[0.2038,44.01594],[0.18546,44.00956],[0.16471,43.99499],[0.15754,43.97284],[0.14166,43.99424],[0.12642,43.9965],[0.11432,43.98813],[0.08873,43.9856],[0.07572,43.98503],[0.0627,44.00084],[0.06136,44.02296],[0.08198,44.04039],[0.08728,44.05211],[0.09856,44.07885],[0.10593,44.09047],[0.12095,44.10135],[0.13466,44.10873],[0.1307,44.12166],[0.04969,44.12988],[-0.01048,44.14955],[-0.0754,44.15328],[-0.10222,44.15479],[-0.13125,44.18934],[-0.12318,44.24065],[-0.08825,44.23627],[-0.07956,44.24743],[-0.06752,44.24844],[-0.04578,44.27025],[-0.04086,44.2947],[-0.06956,44.35294],[-0.04024,44.36008],[-0.02128,44.36471],[0.00261,44.37132],[0.02109,44.37372],[0.0138,44.38542],[0.00426,44.39773],[-0.00651,44.41541],[-0.006,44.4303],[0.0003,44.44262],[-0.00277,44.46074],[-0.01418,44.47035],[-0.01633,44.48758],[-0.01513,44.50659],[-0.00087,44.51765],[0.0181,44.52978],[0.00448,44.54504],[0.01837,44.54198],[0.03423,44.55272],[0.06856,44.54822],[0.08305,44.56947],[0.09909,44.58774],[0.12679,44.60034],[0.15114,44.6095],[0.14213,44.62635],[0.14119,44.64131],[0.16289,44.63259],[0.1683,44.64471],[0.18275,44.66136],[0.16724,44.66841],[0.14759,44.6661],[0.12998,44.67292],[0.12328,44.68319],[0.10384,44.68858],[0.10729,44.70571],[0.12382,44.71084],[0.13423,44.70956],[0.13939,44.72131],[0.1494,44.73271],[0.16941,44.73628],[0.18417,44.74871],[0.19648,44.73508],[0.21153,44.72375],[0.21352,44.73733],[0.21643,44.7525],[0.2285,44.76466],[0.24786,44.75136],[0.28078,44.7533],[0.29733,44.76228]]]},"properties":{"code":"47","nom":"Lot-et-Garonne"}},{"type":"Feature","geometry":{"type":"Polygon","coordinates":[[[3.36134,44.97141],[3.37135,44.96025],[3.39357,44.95524],[3.41233,44.94534],[3.41038,44.91778],[3.41798,44.90077],[3.44683,44.8499],[3.45535,44.83177],[3.47459,44.81651],[3.49365,44.8147],[3.52048,44.82541],[3.5623,44.82592],[3.57723,44.82985],[3.58663,44.83812],[3.5944,44.85514],[3.59544,44.86845],[3.60828,44.87933],[3.63021,44.88093],[3.65108,44.87431],[3.66155,44.86496],[3.67165,44.85283],[3.65742,44.83612],[3.66902,44.82888],[3.69406,44.83156],[3.71161,44.83572],[3.73699,44.83614],[3.74915,44.82851],[3.75589,44.81705],[3.75877,44.80558],[3.77175,44.80173],[3.779,44.79817],[3.79853,44.78609],[3.806,44.768],[3.82262,44.77346],[3.84287,44.76766],[3.83619,44.75109],[3.85527,44.74625],[3.87546,44.74063],[3.86686,44.72842],[3.86187,44.71057],[3.8672,44.70227],[3.88211,44.69793],[3.87691,44.68534],[3.87878,44.67209],[3.88491,44.65586],[3.89507,44.64667],[3.89322,44.62941],[3.9071,44.61059],[3.90371,44.59746],[3.91716,44.58467],[3.93041,44.56896],[3.94855,44.57131],[3.95823,44.557],[3.96593,44.54006],[3.97104,44.52662],[3.98267,44.5129],[3.98846,44.49963],[3.98696,44.48615],[3.99081,44.47111],[3.99473,44.45836],[3.98813,44.44963],[3.97676,44.44035],[3.96983,44.42383],[3.94874,44.41257],[3.94144,44.40033],[3.91649,44.40465],[3.8887,44.39296],[3.90198,44.37585],[3.926,44.35194],[3.93292,44.33897],[3.95223,44.33154],[3.94388,44.31771],[3.92765,44.29903],[3.94017,44.28446],[3.94296,44.26924],[3.963,44.26739],[3.97512,44.25906],[3.96453,44.24797],[3.95106,44.24753],[3.94774,44.23073],[3.94624,44.21276],[3.9441,44.19427],[3.95795,44.18581],[3.96135,44.17523],[3.97188,44.17386],[3.96618,44.16701],[3.94646,44.17502],[3.9224,44.1786],[3.92729,44.16243],[3.91185,44.15549],[3.89874,44.14855],[3.8782,44.13312],[3.86137,44.13257],[3.83817,44.13437],[3.82025,44.13244],[3.79457,44.13003],[3.77769,44.14018],[3.76086,44.14432],[3.74447,44.15518],[3.72239,44.16445],[3.69794,44.17029],[3.66805,44.18445],[3.65511,44.17592],[3.63628,44.17011],[3.63351,44.15217],[3.64931,44.14321],[3.63529,44.13352],[3.62469,44.11785],[3.59804,44.11913],[3.56627,44.12331],[3.54532,44.11345],[3.53225,44.122],[3.50206,44.12519],[3.47138,44.12717],[3.43973,44.12901],[3.42535,44.14944],[3.40607,44.16155],[3.38907,44.16918],[3.36458,44.18777],[3.3591,44.20102],[3.3398,44.20248],[3.31649,44.20048],[3.29063,44.20535],[3.27374,44.1998],[3.25219,44.19705],[3.227,44.19001],[3.20668,44.1933],[3.2247,44.21189],[3.22434,44.23003],[3.19722,44.2409],[3.17455,44.24521],[3.15995,44.25859],[3.14649,44.27669],[3.12807,44.26166],[3.1217,44.26813],[3.12828,44.28789],[3.14545,44.30096],[3.14578,44.32057],[3.15171,44.33242],[3.13462,44.33505],[3.1284,44.35247],[3.12121,44.368],[3.12167,44.38874],[3.13764,44.4043],[3.12938,44.41601],[3.14345,44.43534],[3.13535,44.44904],[3.12453,44.46235],[3.10138,44.47952],[3.07598,44.49408],[3.0766,44.51851],[3.07856,44.54424],[3.07847,44.56688],[3.06042,44.5796],[3.02984,44.60134],[3.00856,44.62482],[2.98564,44.64407],[2.98594,44.65874],[3.00199,44.68452],[3.00716,44.69538],[3.01268,44.70934],[3.02892,44.71689],[3.03535,44.72721],[3.03068,44.73705],[3.03534,44.75272],[3.048,44.76547],[3.04968,44.78485],[3.0466,44.80174],[3.0614,44.81786],[3.07149,44.83579],[3.09894,44.83557],[3.09799,44.85034],[3.10206,44.86115],[3.10285,44.87424],[3.11178,44.88817],[3.12391,44.89173],[3.13162,44.90374],[3.15317,44.89302],[3.16394,44.87957],[3.17489,44.87094],[3.19236,44.86273],[3.20405,44.87416],[3.22735,44.88347],[3.23023,44.8938],[3.23188,44.91111],[3.24818,44.9211],[3.24169,44.93515],[3.25127,44.94016],[3.26229,44.93669],[3.28448,44.92609],[3.30181,44.94002],[3.31535,44.94184],[3.35275,44.95457],[3.36134,44.97141]]]},"properties":{"code":"48","nom":"Lozère"}},{"type":"Feature","geometry":{"type":"MultiPolygon","coordinates":[[[[-0.7408,47.74228],[-0.74019,47.73972],[-0.74208,47.74],[-0.74278,47.74173],[-0.7408,47.74228]]],[[[-1.24588,47.77672],[-1.23618,47.79812],[-1.23825,47.80999],[-1.21364,47.80287],[-1.19567,47.79274],[-1.16415,47.7788],[-1.13707,47.78221],[-1.09336,47.78189],[-1.06768,47.77297],[-1.04151,47.77085],[-1.02467,47.77503],[-1.02278,47.77423],[-1.00634,47.76808],[-0.97564,47.764],[-0.9521,47.76976],[-0.96916,47.78201],[-0.95682,47.79515],[-0.93647,47.78798],[-0.92215,47.78541],[-0.89318,47.76353],[-0.83929,47.75227],[-0.82826,47.77085],[-0.80084,47.76313],[-0.78506,47.75262],[-0.76276,47.75344],[-0.75574,47.74426],[-0.74171,47.73811],[-0.72034,47.74241],[-0.70585,47.74225],[-0.67742,47.74082],[-0.64886,47.73477],[-0.62823,47.73813],[-0.60606,47.73995],[-0.58976,47.75491],[-0.57279,47.75366],[-0.54912,47.75424],[-0.51795,47.76887],[-0.52282,47.78226],[-0.49698,47.78113],[-0.47779,47.77426],[-0.45019,47.75719],[-0.41923,47.7649],[-0.41601,47.78014],[-0.38954,47.77016],[-0.37522,47.76049],[-0.37581,47.74586],[-0.36132,47.73512],[-0.36337,47.72162],[-0.34808,47.71477],[-0.32527,47.71993],[-0.29667,47.71734],[-0.27196,47.71349],[-0.25812,47.70885],[-0.23343,47.7071],[-0.20844,47.72245],[-0.19071,47.72104],[-0.18234,47.71075],[-0.20535,47.69265],[-0.21545,47.68118],[-0.19506,47.66138],[-0.18579,47.64709],[-0.14545,47.63594],[-0.12548,47.63745],[-0.11418,47.64637],[-0.09902,47.66132],[-0.08377,47.65551],[-0.06829,47.65484],[-0.03706,47.64608],[0.00258,47.64229],[0.01373,47.622],[0.03773,47.61776],[0.07001,47.60822],[0.10587,47.60527],[0.12622,47.59567],[0.13984,47.59112],[0.15148,47.58279],[0.17555,47.59444],[0.18948,47.61679],[0.20598,47.6053],[0.22413,47.61229],[0.23145,47.58512],[0.22399,47.57383],[0.20812,47.56189],[0.19994,47.54216],[0.20316,47.52792],[0.22227,47.5284],[0.21911,47.50945],[0.19977,47.48341],[0.1905,47.46128],[0.18299,47.43374],[0.17172,47.41112],[0.16399,47.39744],[0.18059,47.38326],[0.16208,47.36761],[0.14804,47.34669],[0.11831,47.32624],[0.096,47.30404],[0.09,47.28164],[0.08052,47.26513],[0.06796,47.24503],[0.07152,47.22314],[0.06571,47.21334],[0.05436,47.19964],[0.06497,47.18153],[0.0501,47.16787],[0.01255,47.17135],[-0.01218,47.15595],[-0.035,47.11976],[-0.02745,47.09962],[-0.04155,47.09365],[-0.06738,47.09941],[-0.09713,47.09155],[-0.10338,47.07531],[-0.11823,47.06023],[-0.13665,47.06384],[-0.15475,47.07069],[-0.17503,47.07331],[-0.1437,47.09379],[-0.16683,47.10378],[-0.18765,47.1049],[-0.20627,47.09319],[-0.22993,47.10005],[-0.25185,47.10239],[-0.26732,47.10353],[-0.29101,47.10106],[-0.32069,47.09105],[-0.35228,47.09401],[-0.36891,47.09177],[-0.39592,47.09159],[-0.41568,47.0696],[-0.44613,47.06756],[-0.47191,47.05785],[-0.48554,47.06521],[-0.46397,47.07608],[-0.47343,47.08176],[-0.49445,47.08309],[-0.51667,47.07709],[-0.55075,47.06517],[-0.55573,47.04258],[-0.54483,47.0311],[-0.56398,47.02608],[-0.5823,47.01288],[-0.59503,47.00269],[-0.61446,46.99359],[-0.62728,46.99687],[-0.64638,46.99385],[-0.66207,46.99782],[-0.67853,46.99212],[-0.69637,46.9947],[-0.71803,46.98693],[-0.74357,46.99507],[-0.76525,46.99466],[-0.78173,47.00205],[-0.79508,46.99736],[-0.80509,46.98967],[-0.82052,46.99348],[-0.84428,46.98931],[-0.85259,46.97071],[-0.8727,46.97371],[-0.89477,46.98023],[-0.90759,46.99492],[-0.91874,46.99658],[-0.92506,46.99978],[-0.92785,47.00682],[-0.94031,47.00256],[-0.95354,47.00189],[-0.96351,46.99803],[-0.96858,47.00781],[-0.97585,47.01674],[-0.98192,47.01054],[-1.00374,47.01944],[-1.01963,47.0053],[-1.04108,47.00611],[-1.06035,47.00909],[-1.07775,47.01051],[-1.09425,47.01534],[-1.12282,47.02146],[-1.14525,47.02618],[-1.13256,47.03463],[-1.1168,47.0414],[-1.11554,47.0627],[-1.13887,47.06798],[-1.16099,47.0787],[-1.17198,47.09273],[-1.19984,47.09615],[-1.22854,47.10045],[-1.24964,47.09844],[-1.22652,47.11482],[-1.23223,47.12811],[-1.23354,47.13784],[-1.22316,47.14046],[-1.21163,47.14473],[-1.1985,47.14892],[-1.18593,47.15939],[-1.17663,47.16278],[-1.16733,47.17693],[-1.16178,47.18583],[-1.17795,47.19592],[-1.17572,47.21108],[-1.18843,47.22257],[-1.18097,47.24081],[-1.20738,47.2532],[-1.22645,47.24081],[-1.2426,47.24675],[-1.25654,47.2537],[-1.27305,47.26588],[-1.27543,47.27764],[-1.27635,47.29135],[-1.28697,47.29777],[-1.30806,47.30413],[-1.32284,47.30344],[-1.34183,47.30049],[-1.32608,47.31986],[-1.29164,47.33975],[-1.23417,47.34716],[-1.20818,47.34904],[-1.1778,47.3589],[-1.13915,47.36746],[-1.0987,47.36705],[-1.04918,47.36644],[-1.00883,47.3678],[-0.98776,47.37092],[-0.96213,47.37808],[-0.94835,47.39483],[-0.95737,47.41433],[-0.94835,47.42273],[-0.95352,47.43907],[-0.96805,47.46994],[-0.96748,47.4928],[-0.99882,47.48949],[-1.02393,47.5002],[-1.0435,47.51958],[-1.0387,47.54042],[-1.05037,47.54719],[-1.0536,47.55709],[-1.04872,47.56407],[-1.03633,47.57119],[-1.01685,47.58183],[-1.02038,47.59556],[-1.03685,47.60246],[-1.06741,47.60468],[-1.09149,47.61477],[-1.12433,47.61916],[-1.14628,47.627],[-1.15597,47.64463],[-1.16053,47.6593],[-1.17095,47.6616],[-1.18162,47.67073],[-1.17848,47.68888],[-1.1819,47.7012],[-1.19458,47.71945],[-1.2255,47.72198],[-1.24854,47.73211],[-1.24172,47.74286],[-1.24106,47.75872],[-1.24755,47.76883],[-1.24588,47.77672]]]]},"properties":{"code":"49","nom":"Maine-et-Loire"}},{"type":"Feature","geometry":{"type":"MultiPolygon","coordinates":[[[[-1.24053,49.58545],[-1.24371,49.58639],[-1.24488,49.58717],[-1.24801,49.5876],[-1.24895,49.58826],[-1.24911,49.59037],[-1.2474,49.59141],[-1.24458,49.59078],[-1.24274,49.59128],[-1.23912,49.58887],[-1.23896,49.58775],[-1.24053,49.58545]]],[[[-1.84184,48.87556],[-1.84264,48.8785],[-1.841,48.87789],[-1.84184,48.87556]]],[[[-1.5109,48.63502],[-1.5132,48.63585],[-1.5111,48.63695],[-1.50962,48.63597],[-1.5109,48.63502]]],[[[-1.82137,48.86824],[-1.83363,48.87298],[-1.83205,48.8752],[-1.82137,48.86824]]],[[[-1.76603,48.87183],[-1.76733,48.87277],[-1.76782,48.8745],[-1.76609,48.87506],[-1.76603,48.87183]]],[[[-1.11962,49.35557],[-1.13954,49.30987],[-1.1329,49.28509],[-1.1264,49.2748],[-1.13311,49.2732],[-1.12646,49.27175],[-1.11493,49.2643],[-1.09641,49.25428],[-1.08435,49.23992],[-1.06581,49.23025],[-1.05035,49.22799],[-1.03613,49.21718],[-1.02376,49.20709],[-1.00401,49.20146],[-0.98271,49.19316],[-0.9544,49.20023],[-0.94338,49.21331],[-0.93137,49.21741],[-0.92815,49.22911],[-0.91846,49.21976],[-0.90131,49.20548],[-0.9067,49.19538],[-0.91386,49.18504],[-0.92135,49.17822],[-0.93306,49.16322],[-0.95569,49.16604],[-0.93828,49.15915],[-0.93303,49.14612],[-0.91051,49.13866],[-0.89145,49.12172],[-0.92055,49.10673],[-0.89783,49.11449],[-0.87934,49.1159],[-0.87796,49.10221],[-0.87019,49.07214],[-0.87674,49.05519],[-0.89038,49.04295],[-0.86861,49.03835],[-0.88071,49.02442],[-0.90032,49.01231],[-0.91099,48.99354],[-0.93958,48.97086],[-0.96124,48.96245],[-0.98379,48.95423],[-1.00089,48.93911],[-1.01959,48.93878],[-1.03556,48.93458],[-1.06587,48.92027],[-1.03357,48.92437],[-1.0194,48.9229],[-1.01926,48.90765],[-1.04919,48.89403],[-1.06822,48.87308],[-1.08357,48.87197],[-1.09928,48.86827],[-1.12172,48.85531],[-1.13149,48.84949],[-1.14169,48.83755],[-1.15949,48.82612],[-1.14057,48.8195],[-1.12136,48.81598],[-1.1023,48.81426],[-1.09211,48.79512],[-1.09604,48.78583],[-1.0739,48.77767],[-1.04852,48.78113],[-1.02392,48.77596],[-1.0008,48.77723],[-0.97329,48.77334],[-0.95691,48.78704],[-0.93993,48.78056],[-0.92286,48.77066],[-0.90539,48.76782],[-0.88444,48.76095],[-0.86079,48.76044],[-0.82286,48.77185],[-0.8341,48.76132],[-0.84926,48.74844],[-0.84644,48.7306],[-0.82979,48.7312],[-0.80773,48.72542],[-0.79883,48.7124],[-0.77869,48.70139],[-0.75555,48.69013],[-0.73627,48.6795],[-0.75492,48.67457],[-0.77107,48.65897],[-0.76454,48.64012],[-0.74113,48.62626],[-0.7523,48.6157],[-0.75826,48.59475],[-0.76939,48.58392],[-0.77317,48.56729],[-0.79826,48.55],[-0.8176,48.53978],[-0.83324,48.52868],[-0.85602,48.50874],[-0.8738,48.49996],[-0.89892,48.49758],[-0.92336,48.50579],[-0.94325,48.51489],[-0.96196,48.50692],[-0.97085,48.49586],[-0.99634,48.49218],[-1.01755,48.49232],[-1.03762,48.50375],[-1.05449,48.51004],[-1.06833,48.51017],[-1.09637,48.51134],[-1.12393,48.52073],[-1.15648,48.52039],[-1.18086,48.52982],[-1.20122,48.53693],[-1.21393,48.53932],[-1.23351,48.53817],[-1.25953,48.54077],[-1.26957,48.52406],[-1.27976,48.50861],[-1.29514,48.50488],[-1.31733,48.49592],[-1.3313,48.49264],[-1.34384,48.48719],[-1.34635,48.47167],[-1.36975,48.46055],[-1.39558,48.46097],[-1.41905,48.4615],[-1.43583,48.46769],[-1.44174,48.48343],[-1.46186,48.48541],[-1.48377,48.49102],[-1.49199,48.49844],[-1.50088,48.51358],[-1.51149,48.52371],[-1.5189,48.53467],[-1.53101,48.54664],[-1.52861,48.56108],[-1.52396,48.56417],[-1.52927,48.57947],[-1.54224,48.59002],[-1.56511,48.61439],[-1.52813,48.62948],[-1.49545,48.62047],[-1.45428,48.62572],[-1.43308,48.6326],[-1.42493,48.64358],[-1.40408,48.6435],[-1.3775,48.64249],[-1.35175,48.63122],[-1.3778,48.65098],[-1.40089,48.65892],[-1.38112,48.68265],[-1.37996,48.68643],[-1.40669,48.67308],[-1.43713,48.65938],[-1.45244,48.67116],[-1.48384,48.68533],[-1.50988,48.69575],[-1.51763,48.71499],[-1.53609,48.73129],[-1.56426,48.73807],[-1.57261,48.75777],[-1.56863,48.80594],[-1.58268,48.82599],[-1.6073,48.8346],[-1.59917,48.83952],[-1.58159,48.8544],[-1.56721,48.90775],[-1.55121,48.9318],[-1.56064,48.91783],[-1.55411,48.90014],[-1.55013,48.90509],[-1.54856,48.92509],[-1.55556,48.94119],[-1.56179,48.96476],[-1.55967,48.99684],[-1.55408,48.99806],[-1.54971,48.99479],[-1.55462,49.01548],[-1.54357,49.03165],[-1.51996,49.02637],[-1.50641,49.02458],[-1.53146,49.03696],[-1.55819,49.03637],[-1.57291,49.02327],[-1.57492,49.00901],[-1.58923,49.01509],[-1.60178,49.0533],[-1.60102,49.07124],[-1.60922,49.07695],[-1.60694,49.11003],[-1.58436,49.1316],[-1.59131,49.13786],[-1.59819,49.16482],[-1.60688,49.19788],[-1.61166,49.219],[-1.58646,49.22032],[-1.57728,49.22757],[-1.60892,49.23207],[-1.62582,49.22329],[-1.63612,49.21808],[-1.65652,49.24767],[-1.67676,49.2851],[-1.65995,49.2788],[-1.67411,49.28713],[-1.69995,49.30847],[-1.70891,49.32693],[-1.67792,49.32963],[-1.69012,49.32962],[-1.7131,49.32936],[-1.73606,49.33872],[-1.76923,49.3664],[-1.77798,49.37361],[-1.76422,49.37302],[-1.78728,49.37589],[-1.80916,49.3721],[-1.82366,49.40147],[-1.82462,49.44539],[-1.84542,49.47327],[-1.85089,49.50883],[-1.8756,49.51496],[-1.88568,49.52814],[-1.87639,49.54496],[-1.85735,49.5538],[-1.84103,49.57173],[-1.84238,49.59487],[-1.86409,49.65172],[-1.8873,49.65935],[-1.90647,49.66697],[-1.93486,49.67183],[-1.94694,49.67661],[-1.93589,49.6899],[-1.94438,49.70359],[-1.94798,49.71539],[-1.93774,49.72681],[-1.91746,49.72525],[-1.9003,49.71886],[-1.88865,49.7063],[-1.85871,49.71492],[-1.85052,49.7135],[-1.83618,49.70578],[-1.82897,49.69775],[-1.80982,49.68965],[-1.78211,49.68375],[-1.75586,49.67847],[-1.71149,49.678],[-1.68748,49.67393],[-1.68314,49.66498],[-1.64769,49.6573],[-1.63124,49.65367],[-1.61657,49.64894],[-1.60346,49.64993],[-1.58439,49.65234],[-1.54776,49.6546],[-1.52686,49.65864],[-1.49831,49.66616],[-1.48563,49.67067],[-1.4737,49.68488],[-1.47326,49.69701],[-1.45126,49.6916],[-1.43049,49.70047],[-1.39991,49.70349],[-1.3571,49.70536],[-1.3121,49.69678],[-1.27827,49.69437],[-1.26758,49.68702],[-1.25916,49.67342],[-1.25424,49.66398],[-1.23992,49.65483],[-1.24078,49.64405],[-1.22943,49.62122],[-1.23421,49.60801],[-1.25693,49.60717],[-1.26229,49.58482],[-1.2754,49.57483],[-1.28322,49.58714],[-1.30423,49.57175],[-1.3092,49.54734],[-1.29128,49.5222],[-1.25838,49.48641],[-1.21082,49.44597],[-1.16759,49.40719],[-1.17327,49.37843],[-1.16395,49.36666],[-1.11962,49.35557]]]]},"properties":{"code":"50","nom":"Manche"}},{"type":"Feature","geometry":{"type":"Polygon","coordinates":[[[4.04797,49.40564],[4.11503,49.40193],[4.17463,49.4018],[4.22945,49.38405],[4.24779,49.37777],[4.26354,49.361],[4.29197,49.354],[4.3083,49.32665],[4.34394,49.32358],[4.35854,49.31883],[4.39073,49.30001],[4.40782,49.29112],[4.45951,49.27758],[4.5112,49.28173],[4.54122,49.28623],[4.56541,49.29496],[4.59792,49.29145],[4.59374,49.27846],[4.5996,49.2696],[4.612,49.25856],[4.61865,49.23864],[4.65292,49.23844],[4.68607,49.25676],[4.71518,49.25041],[4.74386,49.24374],[4.76472,49.2446],[4.79541,49.24395],[4.81713,49.24146],[4.82582,49.23672],[4.84457,49.23227],[4.86333,49.23689],[4.8717,49.24678],[4.88072,49.25649],[4.89554,49.26012],[4.91866,49.26343],[4.93167,49.25729],[4.93324,49.24766],[4.95099,49.23687],[4.97451,49.22414],[4.98976,49.20633],[4.96023,49.19693],[4.94337,49.18328],[4.95837,49.16225],[4.9694,49.14381],[4.9806,49.12614],[4.99775,49.09611],[5.00215,49.07202],[4.97133,49.02693],[4.97981,49.02548],[5.01531,49.03414],[5.03665,49.0176],[5.03155,48.99956],[5.01692,48.99447],[4.9938,48.98416],[5.00934,48.97966],[5.02828,48.97957],[5.03642,48.96832],[5.02746,48.95197],[5.01514,48.94128],[4.98746,48.93208],[4.95754,48.92777],[4.93755,48.9177],[4.91479,48.90009],[4.91919,48.87718],[4.92525,48.86404],[4.92801,48.85003],[4.93605,48.84071],[4.90601,48.82934],[4.88887,48.81685],[4.89075,48.80291],[4.90158,48.7952],[4.92357,48.79217],[4.93703,48.78922],[4.94576,48.77516],[4.96502,48.75858],[4.98136,48.74564],[5.00576,48.7353],[5.01292,48.7153],[4.99876,48.70735],[4.99088,48.69322],[4.96974,48.68679],[4.94521,48.68426],[4.9177,48.68434],[4.88594,48.67629],[4.86381,48.66805],[4.84924,48.67171],[4.82065,48.67841],[4.79627,48.6729],[4.77243,48.65646],[4.81193,48.654],[4.84195,48.64253],[4.85123,48.62721],[4.85656,48.61539],[4.83957,48.61132],[4.81712,48.60696],[4.79678,48.59529],[4.77922,48.59383],[4.76396,48.59379],[4.77145,48.57232],[4.79372,48.5703],[4.79604,48.53453],[4.78312,48.53247],[4.76508,48.53327],[4.74514,48.53832],[4.72264,48.54087],[4.69489,48.53596],[4.67374,48.53396],[4.64648,48.54055],[4.63478,48.54817],[4.62473,48.55377],[4.59116,48.55022],[4.56831,48.54819],[4.54883,48.53661],[4.54206,48.52599],[4.5275,48.53365],[4.51666,48.54443],[4.48973,48.54021],[4.45618,48.548],[4.41617,48.55662],[4.38198,48.5759],[4.34667,48.5979],[4.31754,48.61731],[4.32596,48.64009],[4.32282,48.66385],[4.32289,48.68366],[4.31751,48.70617],[4.28145,48.71023],[4.25411,48.70928],[4.22852,48.70324],[4.19976,48.70371],[4.17837,48.70851],[4.15777,48.70434],[4.10085,48.69521],[4.06282,48.68208],[4.04705,48.66199],[4.0234,48.66114],[3.98647,48.65507],[3.97867,48.62639],[3.95546,48.61548],[3.93076,48.60481],[3.90733,48.59075],[3.89695,48.57488],[3.88018,48.57912],[3.86329,48.5783],[3.85426,48.57722],[3.86239,48.56231],[3.86558,48.53793],[3.84763,48.52207],[3.82758,48.5169],[3.80265,48.52353],[3.79259,48.52896],[3.77322,48.52912],[3.74885,48.53356],[3.73176,48.53754],[3.70881,48.53517],[3.67943,48.53731],[3.65814,48.53699],[3.64313,48.53762],[3.63316,48.54452],[3.63192,48.56774],[3.61525,48.5785],[3.5927,48.58763],[3.56414,48.60341],[3.56052,48.61467],[3.53798,48.63162],[3.51738,48.63719],[3.52893,48.64597],[3.48596,48.64224],[3.46184,48.6349],[3.45543,48.64419],[3.45096,48.65753],[3.4427,48.67251],[3.46939,48.68644],[3.47628,48.69755],[3.46726,48.70857],[3.46973,48.73787],[3.43917,48.74036],[3.42852,48.75839],[3.40458,48.75362],[3.40738,48.7778],[3.42697,48.78085],[3.44069,48.78225],[3.43994,48.79812],[3.42013,48.80338],[3.41927,48.81643],[3.46059,48.81511],[3.48092,48.81218],[3.49034,48.8386],[3.48183,48.86594],[3.50899,48.88529],[3.52115,48.9052],[3.55246,48.9141],[3.57367,48.92793],[3.58889,48.94391],[3.59855,48.96412],[3.62233,48.96943],[3.63989,49.00409],[3.67772,49.01397],[3.66579,49.03432],[3.64261,49.03701],[3.60507,49.03465],[3.58771,49.05939],[3.61216,49.07356],[3.63905,49.08131],[3.62229,49.10528],[3.60708,49.12389],[3.62225,49.1511],[3.66047,49.14973],[3.69244,49.15327],[3.70759,49.14306],[3.73956,49.15693],[3.75115,49.1777],[3.71988,49.17556],[3.69731,49.18843],[3.70465,49.20066],[3.68158,49.19747],[3.66457,49.21071],[3.65382,49.22208],[3.67049,49.22885],[3.66861,49.24089],[3.65959,49.25807],[3.65541,49.26123],[3.65264,49.28284],[3.64845,49.29395],[3.6476,49.31595],[3.68301,49.3257],[3.72162,49.33573],[3.75557,49.34822],[3.7969,49.35807],[3.82789,49.35266],[3.8575,49.35215],[3.85065,49.36365],[3.85983,49.37266],[3.85498,49.38773],[3.83668,49.39671],[3.83856,49.40111],[3.85796,49.40291],[3.89079,49.39976],[3.91472,49.40353],[3.94472,49.38994],[3.96131,49.37734],[4.0007,49.36868],[4.02751,49.35985],[4.03709,49.38372],[4.04793,49.40424],[4.04797,49.40564]]]},"properties":{"code":"51","nom":"Marne"}},{"type":"Feature","geometry":{"type":"Polygon","coordinates":[[[4.67018,48.53189],[4.69447,48.53692],[4.71801,48.54199],[4.73946,48.53871],[4.76185,48.53361],[4.78092,48.53306],[4.79607,48.53246],[4.79633,48.56804],[4.77602,48.56596],[4.76589,48.59172],[4.77643,48.59375],[4.79158,48.59568],[4.81345,48.60438],[4.83585,48.61144],[4.85798,48.61433],[4.84858,48.62447],[4.84449,48.64171],[4.81735,48.65292],[4.77188,48.65188],[4.79548,48.66937],[4.81997,48.6799],[4.8448,48.67243],[4.86036,48.66835],[4.88218,48.67682],[4.91127,48.68871],[4.94339,48.6807],[4.96718,48.68839],[4.99902,48.68166],[5.0086,48.66896],[4.99561,48.65218],[5.00297,48.63738],[4.99631,48.62561],[5.00761,48.61113],[5.03558,48.61641],[5.05667,48.63233],[5.06384,48.61078],[5.08993,48.59292],[5.12126,48.5928],[5.12512,48.57934],[5.14629,48.56028],[5.16716,48.56502],[5.18717,48.54972],[5.20531,48.53864],[5.21916,48.52745],[5.24989,48.52337],[5.28619,48.51547],[5.30562,48.51591],[5.3288,48.5044],[5.34491,48.49056],[5.36402,48.47721],[5.38939,48.47394],[5.40642,48.46035],[5.41156,48.44391],[5.43609,48.43573],[5.4526,48.42277],[5.46194,48.41764],[5.43587,48.40828],[5.41575,48.39646],[5.40037,48.38693],[5.4362,48.37636],[5.41855,48.36069],[5.41823,48.33983],[5.44718,48.33881],[5.46909,48.34904],[5.50296,48.35193],[5.5253,48.33811],[5.5385,48.31744],[5.5717,48.29251],[5.59695,48.28153],[5.6398,48.27685],[5.65113,48.25659],[5.65699,48.23726],[5.6905,48.23239],[5.71648,48.21532],[5.73006,48.19832],[5.71563,48.18974],[5.69281,48.1853],[5.68684,48.16653],[5.68536,48.15062],[5.67714,48.1367],[5.65737,48.12165],[5.67034,48.11237],[5.65094,48.10505],[5.63759,48.09147],[5.62901,48.08442],[5.6451,48.07731],[5.65867,48.07107],[5.65281,48.08037],[5.66798,48.0813],[5.69217,48.07525],[5.70893,48.06536],[5.72504,48.04438],[5.75412,48.04065],[5.77505,48.03117],[5.78307,48.01542],[5.79315,47.98991],[5.77905,47.97426],[5.78463,47.96028],[5.79527,47.9498],[5.8111,47.95517],[5.83827,47.96377],[5.8462,47.97312],[5.85031,47.96121],[5.85753,47.94506],[5.87611,47.93643],[5.88358,47.92491],[5.8873,47.90364],[5.85958,47.90349],[5.84285,47.89441],[5.82777,47.87704],[5.82806,47.85803],[5.82568,47.85536],[5.81219,47.84851],[5.79561,47.85584],[5.76358,47.85891],[5.7455,47.84413],[5.75056,47.83031],[5.72624,47.819],[5.70108,47.82364],[5.68357,47.81097],[5.67715,47.7835],[5.68558,47.76886],[5.70752,47.76112],[5.69334,47.73754],[5.68715,47.72097],[5.68785,47.71096],[5.69276,47.6988],[5.68123,47.68626],[5.65924,47.68311],[5.63026,47.67696],[5.60123,47.67525],[5.59046,47.68541],[5.58209,47.70112],[5.56325,47.70265],[5.54067,47.68418],[5.51625,47.67387],[5.49306,47.68058],[5.46501,47.67404],[5.44027,47.6712],[5.41816,47.6762],[5.39906,47.64992],[5.39159,47.63928],[5.3726,47.61839],[5.37193,47.6041],[5.35929,47.59372],[5.34547,47.60474],[5.33045,47.61085],[5.30868,47.60718],[5.28363,47.59333],[5.27122,47.58063],[5.24882,47.58583],[5.25604,47.61926],[5.23744,47.62095],[5.22127,47.63224],[5.19148,47.64764],[5.1737,47.66131],[5.16839,47.68047],[5.15496,47.66721],[5.14016,47.65578],[5.12918,47.64821],[5.10888,47.64968],[5.08871,47.65755],[5.06916,47.66858],[5.05617,47.66857],[5.05316,47.68659],[5.04172,47.69343],[5.03263,47.70619],[5.01341,47.7057],[5.00254,47.6964],[4.97682,47.68709],[4.95984,47.69697],[4.95924,47.71021],[4.9707,47.72764],[4.9605,47.73281],[4.96258,47.74811],[4.95082,47.76264],[4.93074,47.76134],[4.91714,47.7669],[4.92492,47.78013],[4.96948,47.79714],[4.99134,47.80806],[4.99144,47.81549],[4.98492,47.82526],[4.96043,47.8394],[4.95409,47.86677],[4.93003,47.87504],[4.91401,47.90559],[4.8965,47.92266],[4.86725,47.91169],[4.85464,47.8968],[4.83122,47.91787],[4.85213,47.92997],[4.8617,47.9465],[4.82749,47.96086],[4.81101,47.95933],[4.78571,47.97146],[4.80028,47.98487],[4.79557,47.99617],[4.7808,48.00719],[4.73535,48.00556],[4.71551,48.01155],[4.71227,48.02304],[4.71618,48.03965],[4.70545,48.05916],[4.68882,48.07313],[4.66074,48.07715],[4.6919,48.08625],[4.7041,48.10011],[4.73103,48.11883],[4.75246,48.11477],[4.78688,48.10927],[4.83489,48.11167],[4.83161,48.13018],[4.84898,48.14524],[4.83975,48.15579],[4.84703,48.17466],[4.85959,48.19666],[4.8589,48.21179],[4.83616,48.21898],[4.85265,48.23027],[4.84633,48.24516],[4.84499,48.2572],[4.84799,48.27553],[4.85085,48.29625],[4.82628,48.30224],[4.81648,48.32139],[4.83074,48.33529],[4.83249,48.34623],[4.81225,48.34631],[4.79248,48.35592],[4.76695,48.36255],[4.75933,48.38507],[4.74031,48.39128],[4.70224,48.39474],[4.68696,48.41745],[4.68214,48.4315],[4.67388,48.44413],[4.65577,48.45082],[4.63509,48.45779],[4.62781,48.46864],[4.65215,48.47283],[4.65944,48.49297],[4.67096,48.51212],[4.67353,48.52623],[4.67018,48.53189]]]},"properties":{"code":"52","nom":"Haute-Marne"}},{"type":"Feature","geometry":{"type":"Polygon","coordinates":[[[-1.07016,48.50849],[-1.05534,48.51249],[-1.03798,48.50536],[-1.01757,48.49471],[-0.99929,48.48958],[-0.97225,48.4946],[-0.96213,48.50421],[-0.94505,48.5143],[-0.92265,48.50761],[-0.90007,48.49754],[-0.87647,48.49929],[-0.84916,48.49778],[-0.83783,48.48464],[-0.82626,48.47843],[-0.8155,48.46753],[-0.80513,48.45761],[-0.78854,48.46508],[-0.77862,48.45882],[-0.77076,48.44231],[-0.75184,48.43734],[-0.73024,48.44548],[-0.71832,48.45404],[-0.73757,48.46458],[-0.72462,48.47321],[-0.70084,48.47489],[-0.69177,48.46811],[-0.67654,48.48049],[-0.66884,48.48646],[-0.65673,48.47634],[-0.65391,48.45071],[-0.63668,48.45233],[-0.60751,48.46462],[-0.58563,48.47216],[-0.56481,48.47725],[-0.54987,48.47978],[-0.52522,48.4962],[-0.51345,48.5046],[-0.49332,48.50177],[-0.47727,48.50312],[-0.47061,48.50972],[-0.45033,48.51291],[-0.43197,48.51138],[-0.41356,48.50693],[-0.39125,48.50869],[-0.38218,48.4972],[-0.36819,48.48786],[-0.3554,48.49267],[-0.34277,48.50085],[-0.328,48.516],[-0.30487,48.51793],[-0.28557,48.50992],[-0.26818,48.51688],[-0.25396,48.52599],[-0.25508,48.54517],[-0.24865,48.56206],[-0.22666,48.56165],[-0.20273,48.55895],[-0.17945,48.54084],[-0.16026,48.53344],[-0.14916,48.5187],[-0.1725,48.51054],[-0.16668,48.50203],[-0.14915,48.48024],[-0.15056,48.46514],[-0.12454,48.44924],[-0.08267,48.45014],[-0.06656,48.45705],[-0.05044,48.44354],[-0.05298,48.42496],[-0.05506,48.40327],[-0.05513,48.38316],[-0.06853,48.37955],[-0.09053,48.37517],[-0.11923,48.36721],[-0.13692,48.35751],[-0.12808,48.34097],[-0.14348,48.34266],[-0.158,48.33451],[-0.14839,48.3139],[-0.14005,48.29928],[-0.14881,48.28676],[-0.1557,48.26529],[-0.16591,48.2525],[-0.15617,48.23287],[-0.14999,48.21906],[-0.18597,48.18357],[-0.21607,48.17294],[-0.24105,48.16155],[-0.24568,48.15155],[-0.24806,48.14129],[-0.24157,48.13765],[-0.23888,48.12656],[-0.22358,48.11745],[-0.22246,48.10415],[-0.23372,48.09118],[-0.22345,48.08025],[-0.23094,48.05899],[-0.27145,48.06524],[-0.28551,48.05516],[-0.31721,48.04509],[-0.33472,48.04784],[-0.3337,48.02627],[-0.30853,48.00565],[-0.31086,47.99165],[-0.30379,47.97949],[-0.3012,47.9678],[-0.28068,47.95801],[-0.29326,47.94563],[-0.32376,47.93544],[-0.33877,47.93064],[-0.36434,47.9306],[-0.39226,47.9281],[-0.40243,47.91378],[-0.40826,47.919],[-0.40365,47.90232],[-0.40074,47.89286],[-0.37933,47.88881],[-0.37087,47.8751],[-0.37938,47.86887],[-0.37609,47.85694],[-0.40117,47.85721],[-0.41099,47.84663],[-0.43098,47.84679],[-0.44786,47.83222],[-0.43329,47.81416],[-0.41678,47.80253],[-0.38543,47.80197],[-0.37664,47.77378],[-0.38659,47.76982],[-0.41074,47.77919],[-0.41371,47.76531],[-0.44911,47.7583],[-0.47642,47.77362],[-0.49431,47.7811],[-0.5221,47.78398],[-0.51795,47.77018],[-0.54658,47.75296],[-0.57097,47.75505],[-0.58863,47.75588],[-0.60415,47.7432],[-0.62673,47.73749],[-0.64644,47.73685],[-0.66863,47.74119],[-0.70232,47.74212],[-0.71986,47.74099],[-0.73979,47.73839],[-0.75434,47.74322],[-0.75931,47.75375],[-0.78339,47.75018],[-0.79745,47.76362],[-0.82109,47.77037],[-0.83832,47.75928],[-0.88626,47.764],[-0.91916,47.78351],[-0.93486,47.78564],[-0.95474,47.79498],[-0.97122,47.78281],[-0.95407,47.77466],[-0.97542,47.76577],[-1.00711,47.76639],[-1.02325,47.77255],[-1.02758,47.77553],[-1.03943,47.77078],[-1.06281,47.77302],[-1.09056,47.78081],[-1.13258,47.7838],[-1.15995,47.77879],[-1.19309,47.78918],[-1.21328,47.80126],[-1.23713,47.80832],[-1.22315,47.81901],[-1.21631,47.83561],[-1.21766,47.84871],[-1.20601,47.85855],[-1.19153,47.87498],[-1.18672,47.89231],[-1.17558,47.91178],[-1.16638,47.93172],[-1.16096,47.94791],[-1.15646,47.96181],[-1.14103,47.96772],[-1.1254,47.97169],[-1.12733,47.98271],[-1.11366,47.98883],[-1.09173,47.98786],[-1.06816,47.98301],[-1.04491,47.98841],[-1.02013,48.00033],[-1.01825,48.01289],[-1.03133,48.03515],[-1.02643,48.04556],[-1.02696,48.06525],[-1.04394,48.082],[-1.05469,48.11441],[-1.06024,48.13391],[-1.07393,48.1593],[-1.07654,48.17363],[-1.07725,48.18661],[-1.0767,48.20197],[-1.08461,48.21169],[-1.08454,48.22308],[-1.08963,48.23908],[-1.09884,48.25329],[-1.09774,48.27078],[-1.09056,48.28918],[-1.06611,48.30945],[-1.04926,48.32467],[-1.05679,48.34533],[-1.05901,48.36709],[-1.05424,48.37912],[-1.06226,48.39705],[-1.08026,48.41398],[-1.08218,48.43236],[-1.07605,48.44494],[-1.06684,48.45933],[-1.07135,48.4693],[-1.07805,48.48107],[-1.07796,48.48845],[-1.07257,48.50198],[-1.07016,48.50849]],[[-0.7408,47.74228],[-0.74278,47.74173],[-0.74208,47.74],[-0.74019,47.73972],[-0.7408,47.74228]]]},"properties":{"code":"53","nom":"Mayenne"}},{"type":"Feature","geometry":{"type":"MultiPolygon","coordinates":[[[[5.45245,49.41235],[5.46144,49.41382],[5.46379,49.41478],[5.46751,49.41793],[5.46947,49.42085],[5.47154,49.41988],[5.47071,49.41748],[5.47064,49.41536],[5.46916,49.41473],[5.4709,49.41275],[5.45883,49.40863],[5.45598,49.40812],[5.45147,49.40679],[5.45188,49.4088],[5.4517,49.41138],[5.45245,49.41235]]],[[[5.42599,49.48614],[5.44454,49.5022],[5.46881,49.48709],[5.45007,49.48468],[5.42963,49.48694],[5.42599,49.48614]]],[[[5.47091,49.49721],[5.49076,49.50752],[5.53526,49.51467],[5.56071,49.52646],[5.58819,49.52164],[5.60362,49.50866],[5.62136,49.51955],[5.62824,49.53766],[5.64781,49.54989],[5.66542,49.5515],[5.69004,49.54638],[5.70752,49.53897],[5.72339,49.54149],[5.73861,49.53865],[5.75727,49.54832],[5.76244,49.56094],[5.78169,49.55827],[5.80778,49.55055],[5.81193,49.54198],[5.83887,49.53733],[5.83657,49.51962],[5.85643,49.50641],[5.87728,49.49844],[5.89537,49.49248],[5.90649,49.48588],[5.92961,49.48535],[5.93171,49.47159],[5.94024,49.45517],[5.93598,49.43946],[5.92872,49.42709],[5.9199,49.40458],[5.93209,49.38755],[5.92979,49.3756],[5.93924,49.36166],[5.95784,49.35785],[5.97257,49.3454],[5.94357,49.33898],[5.95825,49.32492],[5.98219,49.30693],[6.00464,49.30527],[6.00153,49.28655],[6.00984,49.27246],[6.00519,49.25709],[6.02328,49.2543],[6.02606,49.24202],[6.02059,49.22941],[6.0062,49.21731],[5.99753,49.20867],[5.98666,49.20127],[5.98142,49.1868],[6.00658,49.18362],[6.02817,49.16731],[6.01119,49.1535],[5.98909,49.15495],[5.98646,49.13902],[5.99486,49.13101],[5.99678,49.12069],[5.9974,49.10784],[5.92495,49.09411],[5.93884,49.0852],[5.93682,49.06883],[5.95541,49.05033],[5.97317,49.04136],[5.99198,49.04012],[6.01265,49.03735],[6.03332,49.01526],[6.0448,48.99939],[6.04494,48.98306],[6.03412,48.983],[6.05757,48.97819],[6.0719,48.97412],[6.08871,48.96577],[6.1162,48.96595],[6.12943,48.9494],[6.13221,48.93472],[6.15253,48.94034],[6.17149,48.94422],[6.18184,48.93599],[6.20577,48.93959],[6.22531,48.93245],[6.23662,48.9249],[6.25611,48.92945],[6.2718,48.93188],[6.2888,48.92306],[6.31381,48.91877],[6.32237,48.90816],[6.31533,48.89341],[6.30056,48.88304],[6.31243,48.86749],[6.29739,48.86041],[6.28974,48.85094],[6.29317,48.84267],[6.31232,48.83543],[6.33455,48.83457],[6.32794,48.82521],[6.30998,48.82588],[6.31882,48.82197],[6.33459,48.81399],[6.35454,48.81275],[6.3541,48.79723],[6.35789,48.77913],[6.37426,48.78351],[6.39596,48.77471],[6.41126,48.78106],[6.43195,48.7883],[6.44809,48.7783],[6.45437,48.76843],[6.47229,48.76531],[6.49634,48.76199],[6.50506,48.74732],[6.52701,48.75006],[6.55047,48.75324],[6.56813,48.74746],[6.58741,48.73243],[6.60831,48.71631],[6.63442,48.70612],[6.65407,48.70591],[6.67185,48.68816],[6.6665,48.67116],[6.67887,48.67582],[6.69436,48.67956],[6.70741,48.67262],[6.72608,48.66441],[6.75253,48.66762],[6.75884,48.66117],[6.77798,48.65385],[6.82206,48.64509],[6.84272,48.63221],[6.86086,48.62026],[6.88596,48.62406],[6.91018,48.62027],[6.9275,48.63488],[6.9439,48.62044],[6.96429,48.60879],[6.98581,48.61304],[7.00975,48.61166],[6.99655,48.59702],[7.00945,48.58834],[7.03424,48.58042],[7.04564,48.56031],[7.06633,48.54782],[7.07264,48.54134],[7.07936,48.53642],[7.08072,48.51255],[7.10222,48.5187],[7.11961,48.51482],[7.09232,48.51236],[7.06881,48.50241],[7.04451,48.49494],[7.01773,48.48641],[6.99644,48.48175],[6.97524,48.47593],[6.95804,48.46576],[6.94219,48.45185],[6.92539,48.43865],[6.90263,48.42706],[6.88071,48.41668],[6.86459,48.4367],[6.83661,48.42052],[6.80806,48.39949],[6.78471,48.39482],[6.78134,48.40266],[6.76097,48.40621],[6.73872,48.41329],[6.7187,48.41794],[6.69463,48.4143],[6.66574,48.42665],[6.64777,48.43247],[6.63595,48.45012],[6.63473,48.46827],[6.60598,48.46629],[6.58497,48.46051],[6.57207,48.44167],[6.57872,48.42675],[6.57402,48.41487],[6.56408,48.42081],[6.54253,48.42751],[6.52233,48.42555],[6.49141,48.41733],[6.46002,48.41321],[6.42125,48.40566],[6.4,48.39617],[6.38942,48.4009],[6.38339,48.40662],[6.37208,48.40968],[6.34347,48.40542],[6.31503,48.40932],[6.30439,48.42612],[6.29157,48.42805],[6.28071,48.42344],[6.25265,48.40722],[6.2321,48.40023],[6.20787,48.39804],[6.18791,48.39786],[6.18159,48.40979],[6.16275,48.4057],[6.14944,48.40408],[6.15263,48.38911],[6.14422,48.37634],[6.12509,48.36726],[6.10604,48.35565],[6.09288,48.36117],[6.09422,48.37454],[6.08213,48.38193],[6.07738,48.37358],[6.06689,48.35965],[6.04676,48.36504],[6.02965,48.36024],[6.01153,48.36088],[5.99433,48.35473],[5.97177,48.35276],[5.95365,48.35915],[5.95,48.37133],[5.95348,48.38314],[5.94551,48.39906],[5.93156,48.3987],[5.92045,48.4031],[5.91192,48.40572],[5.90823,48.41843],[5.9187,48.42463],[5.91133,48.43544],[5.90907,48.42921],[5.8947,48.40685],[5.87591,48.40122],[5.85791,48.40885],[5.87559,48.42923],[5.89895,48.44672],[5.89221,48.46237],[5.89574,48.47414],[5.9058,48.49462],[5.86825,48.50098],[5.84612,48.5068],[5.82302,48.49612],[5.79715,48.49133],[5.7786,48.48619],[5.76278,48.51613],[5.77618,48.53788],[5.7561,48.54736],[5.7239,48.55648],[5.71561,48.58479],[5.73705,48.59615],[5.76334,48.60953],[5.79589,48.61195],[5.79284,48.62888],[5.76045,48.621],[5.75633,48.637],[5.74428,48.65155],[5.74496,48.67138],[5.75771,48.6957],[5.75101,48.71404],[5.72574,48.73744],[5.74125,48.76052],[5.75631,48.78333],[5.77608,48.79931],[5.773,48.82199],[5.77768,48.83728],[5.77602,48.85178],[5.76792,48.86679],[5.77744,48.87614],[5.78819,48.88747],[5.76544,48.89896],[5.74774,48.91488],[5.76085,48.92268],[5.78288,48.93008],[5.78967,48.93932],[5.8112,48.9442],[5.83454,48.95065],[5.84982,48.959],[5.83419,48.97281],[5.81473,48.98006],[5.80839,48.99007],[5.82779,49.00712],[5.82016,49.02022],[5.85028,49.03786],[5.83971,49.05177],[5.83606,49.06606],[5.81117,49.06187],[5.80838,49.07582],[5.82552,49.08952],[5.81862,49.09761],[5.80335,49.11242],[5.77669,49.10787],[5.7566,49.11223],[5.75192,49.12621],[5.77181,49.13903],[5.75764,49.15326],[5.74885,49.16722],[5.76342,49.19114],[5.75357,49.19872],[5.72513,49.19565],[5.72051,49.21356],[5.73884,49.22729],[5.7284,49.24218],[5.72708,49.25995],[5.73969,49.27339],[5.75413,49.28026],[5.76313,49.28701],[5.76633,49.30127],[5.75721,49.31374],[5.72995,49.31275],[5.71969,49.33056],[5.73933,49.34586],[5.73171,49.36103],[5.71603,49.37058],[5.70829,49.37923],[5.69026,49.39203],[5.69131,49.41631],[5.6751,49.42151],[5.64962,49.42823],[5.62952,49.43416],[5.61436,49.42213],[5.59889,49.42374],[5.57864,49.42025],[5.56052,49.41955],[5.5291,49.40737],[5.50002,49.40881],[5.49249,49.38925],[5.474,49.38895],[5.46093,49.39839],[5.4552,49.40579],[5.48032,49.40384],[5.50164,49.41573],[5.49466,49.42187],[5.4716,49.42712],[5.48066,49.44038],[5.46981,49.44882],[5.47053,49.46235],[5.46486,49.47294],[5.47299,49.48352],[5.47095,49.49599],[5.47091,49.49721]]]]},"properties":{"code":"54","nom":"Meurthe-et-Moselle"}},{"type":"Feature","geometry":{"type":"Polygon","coordinates":[[[4.95099,49.23687],[4.97612,49.25159],[4.99942,49.25947],[5.02575,49.27416],[5.05118,49.27405],[5.05824,49.28887],[5.03981,49.2952],[5.03581,49.3074],[5.03631,49.31895],[5.02572,49.33309],[5.05413,49.35762],[5.07345,49.36928],[5.09436,49.37373],[5.10308,49.38792],[5.09204,49.39617],[5.08012,49.40366],[5.10668,49.41491],[5.10488,49.42588],[5.1046,49.44425],[5.10556,49.46128],[5.08312,49.47707],[5.0717,49.49151],[5.06463,49.50846],[5.08657,49.51891],[5.09637,49.5284],[5.10038,49.53717],[5.08804,49.54492],[5.10222,49.55629],[5.10806,49.56187],[5.10539,49.57934],[5.13381,49.59098],[5.15412,49.57592],[5.16593,49.56348],[5.19751,49.56672],[5.22021,49.5715],[5.23812,49.56191],[5.25817,49.54926],[5.2763,49.5443],[5.30857,49.55811],[5.3225,49.57651],[5.34323,49.5942],[5.36861,49.59151],[5.38106,49.5997],[5.38834,49.61422],[5.41394,49.60553],[5.43042,49.586],[5.45101,49.55931],[5.45663,49.54336],[5.45886,49.523],[5.46113,49.51097],[5.47017,49.49769],[5.47779,49.48609],[5.46971,49.47961],[5.46511,49.46367],[5.46315,49.45247],[5.48133,49.44424],[5.47691,49.43036],[5.49018,49.42212],[5.50655,49.41957],[5.49173,49.40655],[5.46629,49.40747],[5.45659,49.39945],[5.47653,49.39397],[5.48506,49.38513],[5.49399,49.40402],[5.52259,49.40706],[5.55415,49.41914],[5.57644,49.42257],[5.59403,49.4214],[5.6148,49.42572],[5.62252,49.43137],[5.64691,49.43204],[5.66997,49.42211],[5.68751,49.41539],[5.68728,49.39375],[5.70779,49.38411],[5.71402,49.37344],[5.72813,49.36209],[5.73852,49.35192],[5.72804,49.33498],[5.72903,49.31826],[5.74777,49.30952],[5.76759,49.30457],[5.76553,49.28977],[5.75746,49.27796],[5.74278,49.2733],[5.72298,49.2643],[5.72304,49.24521],[5.73857,49.23121],[5.71904,49.21599],[5.72319,49.19931],[5.74948,49.19834],[5.76577,49.1975],[5.75538,49.17917],[5.75194,49.15335],[5.76693,49.14008],[5.75505,49.12792],[5.75566,49.11489],[5.7713,49.1061],[5.78996,49.11121],[5.81623,49.10267],[5.82464,49.09166],[5.80883,49.07823],[5.80698,49.06267],[5.82959,49.06473],[5.83642,49.05857],[5.85417,49.04242],[5.82149,49.02252],[5.8239,49.00819],[5.81704,48.99931],[5.80882,48.98254],[5.83446,48.97573],[5.84315,48.96416],[5.83842,48.95135],[5.82446,48.94344],[5.79525,48.94487],[5.77976,48.93431],[5.76725,48.92325],[5.75001,48.919],[5.76281,48.90353],[5.78495,48.88793],[5.78234,48.87617],[5.76741,48.86933],[5.77738,48.8548],[5.77852,48.84167],[5.78005,48.82538],[5.76241,48.7939],[5.76773,48.79014],[5.7372,48.76095],[5.72581,48.75273],[5.74126,48.71573],[5.7587,48.70337],[5.74807,48.67624],[5.74552,48.65471],[5.75331,48.6416],[5.75931,48.62508],[5.781,48.62451],[5.79735,48.61641],[5.76694,48.60873],[5.74494,48.59761],[5.71536,48.58863],[5.71609,48.56142],[5.74796,48.55134],[5.76832,48.54284],[5.76139,48.52375],[5.75533,48.49174],[5.73967,48.46698],[5.70221,48.46193],[5.68057,48.47112],[5.64224,48.47244],[5.64833,48.45446],[5.62053,48.44449],[5.61576,48.43232],[5.58902,48.44237],[5.56701,48.43562],[5.54685,48.43772],[5.52808,48.4328],[5.51241,48.41989],[5.50193,48.40951],[5.47006,48.42093],[5.44981,48.4236],[5.43335,48.43198],[5.40734,48.44776],[5.40433,48.46377],[5.38137,48.47114],[5.36118,48.4778],[5.34119,48.49395],[5.32851,48.50715],[5.29836,48.51038],[5.27899,48.51357],[5.23924,48.52567],[5.21131,48.52994],[5.19509,48.53772],[5.18504,48.55278],[5.15882,48.56365],[5.14415,48.56347],[5.12534,48.58208],[5.11945,48.59572],[5.07345,48.59544],[5.0596,48.61247],[5.05204,48.6333],[5.03292,48.61356],[5.0007,48.61373],[4.99779,48.62792],[5.00077,48.64049],[4.99353,48.65753],[5.00886,48.67503],[4.98843,48.68442],[5.00521,48.69829],[5.01464,48.70811],[5.00747,48.72285],[4.99988,48.74233],[4.97366,48.7558],[4.95464,48.76813],[4.93508,48.7832],[4.92797,48.79051],[4.91233,48.79356],[4.88956,48.79821],[4.89508,48.81045],[4.89838,48.82299],[4.92457,48.83773],[4.93738,48.84811],[4.92322,48.85757],[4.91573,48.86839],[4.91998,48.89489],[4.93352,48.91262],[4.95067,48.93089],[4.97544,48.92935],[5.01106,48.93638],[5.0228,48.94902],[5.0311,48.96088],[5.0347,48.97564],[5.01695,48.97997],[5.00121,48.98322],[5.00467,48.99301],[5.03458,48.99347],[5.03879,49.01069],[5.03652,49.02383],[4.99383,49.02907],[4.96543,49.02144],[5.00574,49.05987],[4.99813,49.08494],[4.98969,49.11802],[4.97114,49.13901],[4.96537,49.15304],[4.95188,49.17436],[4.94902,49.19161],[4.97851,49.1999],[4.98222,49.2178],[4.96824,49.23666],[4.95099,49.23687]],[[5.45245,49.41235],[5.4517,49.41138],[5.45188,49.4088],[5.45147,49.40679],[5.45598,49.40812],[5.45883,49.40863],[5.4709,49.41275],[5.46916,49.41473],[5.47064,49.41536],[5.47071,49.41748],[5.47154,49.41988],[5.46947,49.42085],[5.46751,49.41793],[5.46379,49.41478],[5.46144,49.41382],[5.45245,49.41235]],[[5.42599,49.48614],[5.44433,49.48461],[5.46542,49.48586],[5.4451,49.50101],[5.43482,49.49054],[5.42599,49.48614]]]},"properties":{"code":"55","nom":"Meuse"}},{"type":"Feature","geometry":{"type":"MultiPolygon","coordinates":[[[[-3.01322,47.41074],[-3.01772,47.41124],[-3.01572,47.41247],[-3.01214,47.41191],[-3.01322,47.41074]]],[[[-3.42179,47.62],[-3.43557,47.62779],[-3.45378,47.62224],[-3.47371,47.62702],[-3.4845,47.63112],[-3.50626,47.63972],[-3.50915,47.65134],[-3.48014,47.64978],[-3.45961,47.64567],[-3.42991,47.64304],[-3.41542,47.63136],[-3.42179,47.62]]],[[[-2.9974,47.39276],[-2.99872,47.39328],[-2.99932,47.3947],[-2.99567,47.39536],[-2.99561,47.3941],[-2.9974,47.39276]]],[[[-3.19531,47.29175],[-3.19711,47.29306],[-3.19484,47.29353],[-3.19531,47.29175]]],[[[-2.96893,47.35552],[-2.97103,47.35588],[-2.97266,47.35761],[-2.97048,47.3583],[-2.96854,47.35753],[-2.96893,47.35552]]],[[[-2.8837,47.34309],[-2.86336,47.34897],[-2.87455,47.33526],[-2.88192,47.33335],[-2.88808,47.3433],[-2.8837,47.34309]]],[[[-3.23545,47.32382],[-3.24965,47.33341],[-3.25592,47.34262],[-3.26355,47.35226],[-3.26184,47.36695],[-3.24964,47.37457],[-3.24722,47.38754],[-3.22747,47.37835],[-3.21642,47.37297],[-3.19967,47.37022],[-3.18296,47.36457],[-3.15729,47.36462],[-3.15126,47.34547],[-3.1425,47.33182],[-3.12405,47.32517],[-3.09051,47.31616],[-3.0702,47.3172],[-3.06474,47.30709],[-3.0722,47.29501],[-3.08121,47.284],[-3.09464,47.28314],[-3.11227,47.28767],[-3.13023,47.28705],[-3.14186,47.28943],[-3.16425,47.29778],[-3.17538,47.3015],[-3.19617,47.29373],[-3.20645,47.29631],[-3.22474,47.29628],[-3.23595,47.30147],[-3.24488,47.31073],[-3.24006,47.3217],[-3.23545,47.32382]]],[[[-2.94815,47.37334],[-2.96078,47.38421],[-2.97975,47.38952],[-2.99375,47.39473],[-2.98121,47.39878],[-2.96065,47.39372],[-2.94132,47.39488],[-2.95395,47.38367],[-2.94815,47.37334]]],[[[-3.2514,47.38631],[-3.25302,47.38784],[-3.25305,47.38929],[-3.24912,47.38926],[-3.25007,47.38691],[-3.2514,47.38631]]],[[[-2.59313,47.52759],[-2.59179,47.52688],[-2.59191,47.5253],[-2.59361,47.52495],[-2.59472,47.52617],[-2.59313,47.52759]]],[[[-3.13883,47.71281],[-3.13646,47.71377],[-3.13674,47.71205],[-3.13883,47.71281]]],[[[-2.85956,47.55989],[-2.85809,47.5789],[-2.85168,47.59518],[-2.84611,47.59944],[-2.84194,47.59701],[-2.82446,47.59066],[-2.84506,47.59002],[-2.85547,47.57464],[-2.85152,47.56625],[-2.85956,47.55989]]],[[[-2.80961,47.57826],[-2.81105,47.58843],[-2.79559,47.59862],[-2.79179,47.60072],[-2.79859,47.58965],[-2.80961,47.57826]]],[[[-2.72741,47.57259],[-2.72987,47.57461],[-2.73347,47.57886],[-2.73818,47.58069],[-2.73787,47.58164],[-2.73874,47.58377],[-2.73643,47.58405],[-2.73302,47.58181],[-2.73032,47.58139],[-2.72873,47.58019],[-2.72668,47.57961],[-2.72524,47.5771],[-2.72405,47.57644],[-2.72577,47.57492],[-2.72741,47.57259]]],[[[-2.78595,47.56848],[-2.79349,47.57627],[-2.78907,47.5725],[-2.78595,47.56848]]],[[[-2.75329,47.6022],[-2.75727,47.6054],[-2.75989,47.60646],[-2.76266,47.60548],[-2.7663,47.60649],[-2.77026,47.60613],[-2.76988,47.60701],[-2.771,47.61034],[-2.76887,47.61043],[-2.76674,47.60913],[-2.76489,47.60985],[-2.7619,47.6079],[-2.75955,47.60706],[-2.75692,47.60735],[-2.75474,47.60682],[-2.75235,47.60354],[-2.75329,47.6022]]],[[[-2.77709,47.58636],[-2.78142,47.59334],[-2.77647,47.58693],[-2.77709,47.58636]]],[[[-2.90904,47.56668],[-2.91015,47.56709],[-2.91075,47.56985],[-2.91057,47.57211],[-2.912,47.5757],[-2.91045,47.57761],[-2.90875,47.57724],[-2.90816,47.57389],[-2.90828,47.56983],[-2.90632,47.56883],[-2.90668,47.56774],[-2.90904,47.56668]]],[[[-2.89901,47.57105],[-2.90147,47.5723],[-2.90013,47.57353],[-2.89853,47.57635],[-2.89608,47.57642],[-2.89574,47.57296],[-2.89901,47.57105]]],[[[-2.72586,47.5906],[-2.72945,47.59256],[-2.72934,47.59351],[-2.72758,47.59543],[-2.72333,47.59337],[-2.72272,47.59267],[-2.72354,47.59074],[-2.72586,47.5906]]],[[[-2.88918,47.56523],[-2.89041,47.56685],[-2.88877,47.57044],[-2.88889,47.57165],[-2.88673,47.57143],[-2.88664,47.56977],[-2.8856,47.56883],[-2.88656,47.56703],[-2.88844,47.56653],[-2.88918,47.56523]]],[[[-2.78787,47.56142],[-2.78919,47.56203],[-2.79228,47.56226],[-2.79531,47.56474],[-2.79301,47.56502],[-2.79107,47.56353],[-2.78724,47.56329],[-2.78787,47.56142]]],[[[-2.7743,47.61285],[-2.77564,47.61347],[-2.77864,47.61365],[-2.78423,47.61552],[-2.78303,47.61693],[-2.78073,47.61595],[-2.77998,47.61499],[-2.77476,47.61488],[-2.7743,47.61285]]],[[[-2.8469,47.60959],[-2.85187,47.61076],[-2.85237,47.61173],[-2.85079,47.61329],[-2.84837,47.61241],[-2.84562,47.61082],[-2.8469,47.60959]]],[[[-2.8468,47.55397],[-2.84741,47.55611],[-2.84575,47.55618],[-2.84451,47.55715],[-2.84492,47.56001],[-2.84263,47.56038],[-2.84271,47.55776],[-2.8442,47.55531],[-2.8468,47.55397]]],[[[-2.92842,47.57739],[-2.92996,47.5789],[-2.93082,47.58143],[-2.92944,47.58167],[-2.92583,47.5789],[-2.92842,47.57739]]],[[[-2.80915,47.59424],[-2.81152,47.59593],[-2.81293,47.59812],[-2.81239,47.59873],[-2.8085,47.59647],[-2.80915,47.59424]]],[[[-2.80512,47.56079],[-2.8062,47.56165],[-2.80757,47.56406],[-2.80651,47.56559],[-2.80336,47.56326],[-2.80499,47.56228],[-2.80512,47.56079]]],[[[-2.83027,47.55656],[-2.83209,47.55743],[-2.83267,47.55857],[-2.83124,47.56026],[-2.82879,47.55839],[-2.82904,47.55689],[-2.83027,47.55656]]],[[[-2.84854,47.56021],[-2.85076,47.5611],[-2.85039,47.56287],[-2.84877,47.56258],[-2.84671,47.56128],[-2.84854,47.56021]]],[[[-2.9298,47.58391],[-2.93327,47.58465],[-2.93302,47.58548],[-2.93062,47.58612],[-2.92867,47.58603],[-2.9298,47.58391]]],[[[-2.8046,47.60714],[-2.80562,47.60863],[-2.80269,47.60867],[-2.8009,47.60942],[-2.80051,47.60759],[-2.80295,47.60789],[-2.8046,47.60714]]],[[[-2.74768,47.5749],[-2.74993,47.57621],[-2.74824,47.57727],[-2.74633,47.57618],[-2.74768,47.5749]]],[[[-2.88379,47.56525],[-2.88737,47.56298],[-2.88607,47.56546],[-2.88379,47.56525]]],[[[-2.76314,47.59036],[-2.76477,47.59195],[-2.76232,47.59216],[-2.76314,47.59036]]],[[[-2.91346,47.5777],[-2.91456,47.57811],[-2.91461,47.57987],[-2.91222,47.57862],[-2.91346,47.5777]]],[[[-2.86899,47.57664],[-2.86955,47.57762],[-2.86788,47.57894],[-2.8666,47.57811],[-2.86899,47.57664]]],[[[-2.72368,47.59848],[-2.72593,47.59965],[-2.72346,47.60043],[-2.72368,47.59848]]],[[[-3.16005,47.71906],[-3.1587,47.70673],[-3.16285,47.72033],[-3.16005,47.71906]]],[[[-3.17005,47.68541],[-3.17199,47.68559],[-3.17288,47.68766],[-3.1702,47.68878],[-3.16944,47.68733],[-3.17005,47.68541]]],[[[-3.17801,47.68629],[-3.17983,47.68711],[-3.17898,47.68926],[-3.17764,47.68974],[-3.17658,47.68735],[-3.17801,47.68629]]],[[[-3.18521,47.68609],[-3.18693,47.68794],[-3.18515,47.68812],[-3.18391,47.68714],[-3.18521,47.68609]]],[[[-3.56484,48.18575],[-3.53654,48.17869],[-3.50603,48.1813],[-3.47632,48.1839],[-3.45485,48.17977],[-3.43805,48.18412],[-3.42151,48.17159],[-3.43869,48.15984],[-3.42284,48.14989],[-3.40399,48.15613],[-3.3861,48.15646],[-3.36649,48.16324],[-3.34387,48.17096],[-3.32545,48.15815],[-3.31228,48.15468],[-3.2973,48.15143],[-3.28888,48.14756],[-3.27416,48.14164],[-3.25946,48.14329],[-3.24109,48.1516],[-3.22151,48.14617],[-3.2154,48.14822],[-3.20528,48.16023],[-3.17537,48.1589],[-3.1496,48.16042],[-3.13366,48.17298],[-3.13673,48.19022],[-3.11654,48.20608],[-3.09997,48.20613],[-3.0854,48.20743],[-3.06293,48.20523],[-3.03732,48.20399],[-3.01428,48.19651],[-3.01241,48.17649],[-2.99564,48.17072],[-2.99048,48.16086],[-2.95463,48.17077],[-2.92579,48.16802],[-2.89929,48.16366],[-2.87575,48.15178],[-2.85292,48.14157],[-2.82901,48.14488],[-2.80612,48.1407],[-2.78934,48.13085],[-2.7825,48.11587],[-2.77911,48.09904],[-2.7731,48.08637],[-2.76001,48.09842],[-2.755,48.1154],[-2.72481,48.11419],[-2.70319,48.11683],[-2.67623,48.13181],[-2.6578,48.12202],[-2.65156,48.11228],[-2.6517,48.09601],[-2.66233,48.08191],[-2.66983,48.06542],[-2.66586,48.05396],[-2.65914,48.04478],[-2.65567,48.03448],[-2.64543,48.03546],[-2.62549,48.03564],[-2.59967,48.05033],[-2.58089,48.06652],[-2.56215,48.06817],[-2.54911,48.08345],[-2.55362,48.09502],[-2.53943,48.10429],[-2.52607,48.11913],[-2.51397,48.13242],[-2.5237,48.14556],[-2.53217,48.15782],[-2.50621,48.15917],[-2.48412,48.15687],[-2.47812,48.16552],[-2.45746,48.16356],[-2.43574,48.17275],[-2.40363,48.16243],[-2.39043,48.14882],[-2.37605,48.13706],[-2.36847,48.12003],[-2.35226,48.12085],[-2.33652,48.11931],[-2.32031,48.13081],[-2.29627,48.13505],[-2.25507,48.10948],[-2.25363,48.08981],[-2.25794,48.07297],[-2.24528,48.06414],[-2.23342,48.07159],[-2.21554,48.08003],[-2.17845,48.08088],[-2.17043,48.06344],[-2.18878,48.05243],[-2.22121,48.05161],[-2.24422,48.05202],[-2.26989,48.03449],[-2.27916,48.00615],[-2.2883,47.99552],[-2.25907,47.9973],[-2.22857,47.99548],[-2.20819,47.99411],[-2.18964,47.98903],[-2.17782,47.97957],[-2.15275,47.9836],[-2.13415,47.97476],[-2.12227,47.96351],[-2.10997,47.9529],[-2.1002,47.94431],[-2.09323,47.93236],[-2.08303,47.91532],[-2.09306,47.90238],[-2.10201,47.89493],[-2.11382,47.88574],[-2.10708,47.87068],[-2.10446,47.85948],[-2.0976,47.84397],[-2.06487,47.85584],[-2.05141,47.86054],[-2.05037,47.84395],[-2.04038,47.83529],[-2.04201,47.82549],[-2.05408,47.81621],[-2.0693,47.80537],[-2.07408,47.78897],[-2.09987,47.77858],[-2.11907,47.77087],[-2.12598,47.76096],[-2.08394,47.75986],[-2.06697,47.75096],[-2.06621,47.73855],[-2.09232,47.73783],[-2.11345,47.72793],[-2.1265,47.71631],[-2.12161,47.68843],[-2.10385,47.67619],[-2.1127,47.65206],[-2.09637,47.64742],[-2.10301,47.63914],[-2.08499,47.62123],[-2.10314,47.59445],[-2.10051,47.57726],[-2.10066,47.55753],[-2.09683,47.54033],[-2.11466,47.52839],[-2.13619,47.52585],[-2.15296,47.50948],[-2.16462,47.48915],[-2.19216,47.49664],[-2.18452,47.51226],[-2.22102,47.50525],[-2.24428,47.4936],[-2.25499,47.50827],[-2.27531,47.51256],[-2.28896,47.51517],[-2.29902,47.50467],[-2.31314,47.4859],[-2.32201,47.46045],[-2.34674,47.4577],[-2.37097,47.46339],[-2.39994,47.45598],[-2.4182,47.46709],[-2.42808,47.47586],[-2.4377,47.46597],[-2.45336,47.45536],[-2.47653,47.44558],[-2.49295,47.44791],[-2.49624,47.46079],[-2.48957,47.47432],[-2.49836,47.49509],[-2.4729,47.49083],[-2.45961,47.48552],[-2.44066,47.49446],[-2.43273,47.49718],[-2.45295,47.50544],[-2.47533,47.51325],[-2.49814,47.51618],[-2.51716,47.52629],[-2.53348,47.52722],[-2.54447,47.52091],[-2.57317,47.51686],[-2.60878,47.51133],[-2.62791,47.50547],[-2.6264,47.51071],[-2.61183,47.50918],[-2.6126,47.52252],[-2.60252,47.52354],[-2.57964,47.52149],[-2.5841,47.52644],[-2.5784,47.53322],[-2.56899,47.53434],[-2.5804,47.53755],[-2.56282,47.55326],[-2.57757,47.55011],[-2.57448,47.55903],[-2.58425,47.55258],[-2.5904,47.53987],[-2.59116,47.53732],[-2.60762,47.53404],[-2.61418,47.54296],[-2.61691,47.55765],[-2.61393,47.56514],[-2.61989,47.55289],[-2.62372,47.54967],[-2.62181,47.54137],[-2.62602,47.53069],[-2.63766,47.53493],[-2.65154,47.54181],[-2.65861,47.54984],[-2.66777,47.54462],[-2.67085,47.5357],[-2.65581,47.53437],[-2.6499,47.52936],[-2.63264,47.5269],[-2.62255,47.51994],[-2.63164,47.524],[-2.65019,47.51826],[-2.66763,47.51065],[-2.68116,47.49682],[-2.69057,47.49853],[-2.72464,47.50642],[-2.7475,47.49866],[-2.77922,47.49587],[-2.79192,47.48534],[-2.81531,47.48665],[-2.83398,47.49335],[-2.84898,47.50331],[-2.855,47.51801],[-2.86061,47.52429],[-2.8912,47.53833],[-2.90235,47.5394],[-2.89502,47.54371],[-2.91276,47.54222],[-2.91005,47.5486],[-2.91081,47.55692],[-2.89731,47.5633],[-2.89103,47.56173],[-2.88118,47.56303],[-2.8752,47.55429],[-2.87138,47.54936],[-2.86238,47.54175],[-2.8454,47.53953],[-2.84636,47.54737],[-2.82718,47.55007],[-2.82719,47.53651],[-2.81913,47.54191],[-2.82428,47.55651],[-2.80532,47.55465],[-2.80771,47.5435],[-2.79656,47.54247],[-2.78493,47.55168],[-2.77844,47.54368],[-2.76503,47.54003],[-2.76762,47.53568],[-2.74142,47.5435],[-2.7298,47.55013],[-2.72641,47.56281],[-2.7138,47.5794],[-2.71239,47.5855],[-2.7046,47.57922],[-2.70195,47.58992],[-2.68931,47.59088],[-2.69067,47.6051],[-2.68688,47.61509],[-2.69538,47.62454],[-2.69994,47.62975],[-2.69589,47.63561],[-2.69993,47.63683],[-2.70914,47.64251],[-2.71505,47.62964],[-2.70256,47.62514],[-2.71318,47.62598],[-2.70466,47.6177],[-2.69564,47.6098],[-2.70873,47.61712],[-2.71321,47.61097],[-2.70275,47.60251],[-2.72121,47.58999],[-2.72384,47.60294],[-2.7353,47.60568],[-2.74106,47.60539],[-2.75792,47.61236],[-2.77504,47.61769],[-2.7642,47.62285],[-2.74595,47.61684],[-2.74227,47.62142],[-2.74793,47.62073],[-2.75442,47.63414],[-2.77598,47.63229],[-2.78735,47.63337],[-2.78928,47.64027],[-2.79447,47.63747],[-2.78112,47.62409],[-2.79788,47.61952],[-2.82219,47.61795],[-2.83014,47.61895],[-2.84817,47.61787],[-2.8673,47.61719],[-2.86838,47.60705],[-2.86653,47.59785],[-2.8898,47.60257],[-2.8884,47.58289],[-2.8913,47.57939],[-2.90186,47.58301],[-2.91076,47.59225],[-2.92055,47.5828],[-2.92037,47.58903],[-2.91982,47.601],[-2.92744,47.60123],[-2.93705,47.59652],[-2.93966,47.58999],[-2.94687,47.60752],[-2.94909,47.61783],[-2.93958,47.62741],[-2.95616,47.62589],[-2.9579,47.63789],[-2.96772,47.64952],[-2.979,47.65284],[-2.97199,47.6408],[-2.9614,47.62957],[-2.9565,47.61389],[-2.96725,47.60604],[-2.96191,47.60129],[-2.9543,47.59717],[-2.96657,47.58855],[-2.95791,47.58124],[-2.94418,47.57109],[-2.93174,47.55984],[-2.94711,47.55648],[-2.95956,47.56177],[-2.96843,47.55717],[-2.96913,47.56151],[-2.97217,47.57193],[-2.98627,47.57709],[-2.99443,47.59069],[-2.99311,47.5775],[-2.99799,47.56903],[-3.00898,47.57168],[-3.02302,47.59145],[-3.02611,47.58112],[-3.02136,47.56764],[-3.03382,47.57959],[-3.04352,47.58135],[-3.05387,47.571],[-3.07934,47.56792],[-3.09785,47.56597],[-3.10331,47.57829],[-3.09232,47.57903],[-3.11033,47.58567],[-3.12444,47.59794],[-3.13052,47.58567],[-3.11793,47.57612],[-3.12945,47.55137],[-3.13323,47.53244],[-3.12656,47.51557],[-3.11963,47.50314],[-3.10867,47.48896],[-3.093,47.4782],[-3.08144,47.469],[-3.10558,47.47369],[-3.12768,47.4753],[-3.14181,47.48329],[-3.1451,47.49197],[-3.15272,47.511],[-3.15954,47.52934],[-3.1386,47.54263],[-3.13918,47.57281],[-3.15842,47.60612],[-3.18053,47.61626],[-3.19992,47.63084],[-3.20561,47.65081],[-3.20865,47.66333],[-3.20163,47.67075],[-3.19102,47.67914],[-3.18353,47.68409],[-3.16855,47.68137],[-3.15868,47.68978],[-3.14857,47.69589],[-3.13596,47.7005],[-3.15365,47.69601],[-3.16852,47.69842],[-3.15434,47.70391],[-3.14968,47.71117],[-3.14192,47.71559],[-3.14025,47.7072],[-3.13141,47.71283],[-3.12527,47.7258],[-3.10311,47.71823],[-3.12086,47.72645],[-3.14542,47.72164],[-3.15154,47.72397],[-3.14701,47.72599],[-3.14051,47.73035],[-3.14549,47.73269],[-3.14381,47.73971],[-3.1404,47.74424],[-3.14712,47.75235],[-3.15588,47.74139],[-3.15754,47.73027],[-3.17421,47.73709],[-3.18948,47.74377],[-3.19998,47.74377],[-3.19289,47.7374],[-3.18103,47.73646],[-3.16974,47.72807],[-3.16934,47.71529],[-3.17506,47.69897],[-3.18424,47.70246],[-3.19795,47.69824],[-3.18928,47.69261],[-3.208,47.69141],[-3.21479,47.6945],[-3.20984,47.68671],[-3.20246,47.67882],[-3.21514,47.66784],[-3.21094,47.65506],[-3.24325,47.66298],[-3.2709,47.67887],[-3.33882,47.69541],[-3.35761,47.6862],[-3.35246,47.70038],[-3.33121,47.69858],[-3.3111,47.69465],[-3.28213,47.68591],[-3.28579,47.69776],[-3.30733,47.70384],[-3.31618,47.70283],[-3.31383,47.70773],[-3.3346,47.70716],[-3.35604,47.70467],[-3.35646,47.71097],[-3.34679,47.71355],[-3.35194,47.72417],[-3.34907,47.72931],[-3.33843,47.72974],[-3.31575,47.74072],[-3.30392,47.75518],[-3.29653,47.77119],[-3.28816,47.78173],[-3.27759,47.79311],[-3.29517,47.78288],[-3.2883,47.77177],[-3.30019,47.77033],[-3.32095,47.75629],[-3.32451,47.75706],[-3.33543,47.74283],[-3.35353,47.76074],[-3.36004,47.77098],[-3.37882,47.79251],[-3.38657,47.80043],[-3.38685,47.81294],[-3.39224,47.82125],[-3.39811,47.80748],[-3.38856,47.79713],[-3.3837,47.78316],[-3.37159,47.76956],[-3.35547,47.75772],[-3.35588,47.74417],[-3.35423,47.73754],[-3.36704,47.72857],[-3.36912,47.71431],[-3.38104,47.70504],[-3.40816,47.70287],[-3.43044,47.70321],[-3.44499,47.69946],[-3.45838,47.69912],[-3.47041,47.70713],[-3.4771,47.71504],[-3.49141,47.72497],[-3.50279,47.74082],[-3.51472,47.7551],[-3.52602,47.76715],[-3.5257,47.78773],[-3.51891,47.80016],[-3.52388,47.81109],[-3.53842,47.82334],[-3.52837,47.84261],[-3.52177,47.83988],[-3.50231,47.83039],[-3.4843,47.82624],[-3.46555,47.83584],[-3.44889,47.85073],[-3.44831,47.8632],[-3.41948,47.86909],[-3.4014,47.86245],[-3.40224,47.88437],[-3.40427,47.89929],[-3.41224,47.90547],[-3.40882,47.91592],[-3.38703,47.92524],[-3.40104,47.94232],[-3.39228,47.95628],[-3.40231,47.96385],[-3.41486,47.97501],[-3.43306,47.96518],[-3.45603,47.95665],[-3.46229,47.9489],[-3.4814,47.95187],[-3.49154,47.9749],[-3.51233,47.97473],[-3.52886,47.98322],[-3.54362,47.98739],[-3.56084,47.99122],[-3.57696,47.99058],[-3.59005,47.98929],[-3.61641,47.98416],[-3.6322,47.98431],[-3.64383,47.99557],[-3.65962,48.01455],[-3.6621,48.03034],[-3.67314,48.04457],[-3.68489,48.05974],[-3.70871,48.06681],[-3.70349,48.07814],[-3.70319,48.09781],[-3.73324,48.09826],[-3.73234,48.11357],[-3.72394,48.12445],[-3.71142,48.13774],[-3.6933,48.1518],[-3.66501,48.15365],[-3.62261,48.17021],[-3.58065,48.18243],[-3.56484,48.18575]]]]},"properties":{"code":"56","nom":"Morbihan"}},{"type":"Feature","geometry":{"type":"Polygon","coordinates":[[[7.63529,49.05416],[7.61732,49.02926],[7.60715,49.01926],[7.59933,49.00313],[7.59233,48.98484],[7.58052,48.9632],[7.55168,48.94217],[7.54145,48.93407],[7.51972,48.94024],[7.48277,48.95386],[7.46534,48.96145],[7.43836,48.96396],[7.39231,48.95271],[7.35888,48.9576],[7.32122,48.94597],[7.29193,48.96266],[7.27468,48.97597],[7.23919,48.9878],[7.18689,48.9937],[7.16244,49.00378],[7.12754,49.01482],[7.1235,49.0256],[7.11594,49.03322],[7.10636,49.04534],[7.10169,49.06373],[7.10915,49.07162],[7.07593,49.07399],[7.07866,49.05036],[7.05403,49.02411],[7.05454,49.01171],[7.04709,49.00026],[7.03593,48.99004],[7.0375,48.97929],[7.03539,48.97364],[7.02592,48.95605],[6.98922,48.95993],[6.98428,48.94387],[6.97509,48.93126],[6.95512,48.92839],[6.94187,48.93049],[6.9541,48.91927],[6.97549,48.89011],[7.02792,48.87874],[7.04629,48.86956],[7.06315,48.86003],[7.09602,48.85758],[7.07776,48.84778],[7.05149,48.84655],[7.04721,48.82014],[7.08308,48.81279],[7.06719,48.79948],[7.08215,48.78877],[7.10825,48.79786],[7.12445,48.81251],[7.14304,48.83047],[7.14885,48.8446],[7.17452,48.84184],[7.18591,48.84951],[7.18808,48.83451],[7.20668,48.828],[7.21775,48.82811],[7.24752,48.81732],[7.25049,48.81498],[7.25663,48.80384],[7.28837,48.79649],[7.30322,48.77516],[7.30371,48.75838],[7.28008,48.72606],[7.26418,48.69899],[7.24751,48.68809],[7.26465,48.66459],[7.30435,48.6602],[7.28449,48.64309],[7.26472,48.63287],[7.27675,48.62333],[7.26272,48.60588],[7.26514,48.59172],[7.24227,48.57545],[7.21832,48.55264],[7.19005,48.54043],[7.15382,48.53049],[7.12425,48.53638],[7.07011,48.53771],[7.08092,48.54153],[7.05666,48.55124],[7.04334,48.56392],[7.02906,48.58027],[7.00183,48.59185],[7.01031,48.60254],[7.00405,48.60843],[6.98198,48.61127],[6.9608,48.60829],[6.93705,48.62418],[6.91971,48.63376],[6.90188,48.62154],[6.87933,48.62461],[6.85403,48.62144],[6.83759,48.63876],[6.8105,48.64743],[6.77281,48.65157],[6.75732,48.66379],[6.74839,48.66705],[6.72315,48.66813],[6.704,48.6747],[6.68876,48.68171],[6.67433,48.67232],[6.67124,48.67405],[6.6764,48.68886],[6.64902,48.70647],[6.62936,48.71117],[6.60261,48.71591],[6.5801,48.73463],[6.56448,48.7494],[6.54605,48.75369],[6.52148,48.75234],[6.50501,48.75254],[6.49111,48.76513],[6.46594,48.76671],[6.45347,48.77148],[6.44431,48.77857],[6.42891,48.78692],[6.40806,48.78023],[6.39038,48.77985],[6.36782,48.78401],[6.35479,48.78465],[6.34846,48.80148],[6.35111,48.81246],[6.33308,48.81972],[6.31228,48.82139],[6.31481,48.82733],[6.33802,48.82679],[6.32714,48.83582],[6.30885,48.83295],[6.28847,48.84351],[6.29943,48.85169],[6.29544,48.86339],[6.30825,48.87498],[6.30584,48.88762],[6.32692,48.89661],[6.31633,48.90864],[6.3045,48.91864],[6.2828,48.92849],[6.26887,48.93275],[6.25242,48.92706],[6.23212,48.92875],[6.22327,48.93697],[6.2006,48.93706],[6.17246,48.93643],[6.16295,48.94247],[6.14859,48.93705],[6.12489,48.9391],[6.12596,48.95672],[6.11114,48.96936],[6.08132,48.96305],[6.07457,48.97868],[6.04577,48.97667],[6.0296,48.98729],[6.0452,48.98844],[6.0424,49.00383],[6.02244,49.02178],[6.0093,49.03552],[5.98731,49.04361],[5.96962,49.04241],[5.95199,49.05895],[5.9354,49.07185],[5.93877,49.08804],[5.92669,49.09828],[6.00449,49.11197],[5.99266,49.12545],[5.99733,49.13471],[5.98612,49.14547],[5.99761,49.15514],[6.0167,49.16074],[6.01656,49.17195],[6.0004,49.18508],[5.98152,49.19302],[5.98605,49.20399],[6.00116,49.21045],[6.00957,49.22179],[6.02748,49.22882],[6.02642,49.24597],[6.0178,49.2575],[6.0065,49.26088],[6.00563,49.27413],[6.00197,49.2915],[6.0058,49.30994],[5.97325,49.31559],[5.94981,49.32834],[5.94948,49.34244],[5.96299,49.34648],[5.94913,49.36217],[5.93735,49.36497],[5.93198,49.37738],[5.9337,49.39425],[5.91192,49.40771],[5.93278,49.42687],[5.93089,49.44628],[5.93855,49.46057],[5.94134,49.47566],[5.92377,49.48495],[5.90159,49.48401],[5.8917,49.4961],[5.91189,49.50202],[5.93399,49.50064],[5.95435,49.49403],[5.96859,49.48652],[5.97235,49.47105],[5.98255,49.46343],[5.98254,49.45106],[6.02171,49.45499],[6.03067,49.44939],[6.06211,49.46517],[6.08729,49.45495],[6.09949,49.4591],[6.10631,49.47126],[6.12422,49.47769],[6.14179,49.49058],[6.15541,49.49345],[6.15891,49.50451],[6.18079,49.50774],[6.2147,49.50639],[6.23564,49.50807],[6.25214,49.50944],[6.27424,49.50384],[6.28955,49.49322],[6.28901,49.48469],[6.29616,49.48016],[6.32095,49.47734],[6.34034,49.46847],[6.36439,49.45949],[6.37519,49.4646],[6.40163,49.46624],[6.43457,49.47255],[6.45497,49.46381],[6.47999,49.45633],[6.5162,49.43963],[6.5419,49.43244],[6.55612,49.42102],[6.53739,49.40801],[6.55619,49.39296],[6.58707,49.38494],[6.59508,49.37144],[6.58967,49.35102],[6.57424,49.35853],[6.57536,49.34182],[6.58584,49.33707],[6.59528,49.31753],[6.62525,49.30284],[6.6397,49.29458],[6.65323,49.28112],[6.66604,49.27669],[6.66968,49.25518],[6.68976,49.24969],[6.68957,49.23534],[6.69593,49.21501],[6.72683,49.21299],[6.72886,49.16988],[6.77379,49.16765],[6.80255,49.16192],[6.83454,49.15147],[6.84728,49.17349],[6.85641,49.18773],[6.85218,49.19865],[6.83538,49.21132],[6.86811,49.2193],[6.90026,49.21373],[6.92545,49.22359],[6.95637,49.20424],[6.99151,49.20139],[7.01553,49.19153],[7.03331,49.19126],[7.02765,49.17008],[7.03855,49.14901],[7.04462,49.12195],[7.06786,49.116],[7.0819,49.14123],[7.08332,49.1532],[7.10683,49.1547],[7.10278,49.1405],[7.12676,49.14009],[7.14077,49.12806],[7.1636,49.12706],[7.18372,49.12995],[7.19668,49.12211],[7.20824,49.12373],[7.24911,49.12739],[7.28389,49.12359],[7.3042,49.12474],[7.34093,49.14523],[7.36311,49.1571],[7.38137,49.17528],[7.44478,49.18423],[7.44154,49.17292],[7.44457,49.16752],[7.46742,49.16722],[7.49544,49.15659],[7.49566,49.1436],[7.4986,49.13355],[7.52161,49.11128],[7.53601,49.09346],[7.59265,49.08272],[7.63143,49.07003],[7.63529,49.05416]]]},"properties":{"code":"57","nom":"Moselle"}},{"type":"Feature","geometry":{"type":"Polygon","coordinates":[[[2.87463,47.52042],[2.84663,47.54241],[2.86159,47.5508],[2.8739,47.55281],[2.90684,47.55832],[2.95866,47.55738],[2.99338,47.56645],[3.02564,47.55875],[3.05227,47.56705],[3.08056,47.58549],[3.11158,47.5839],[3.11652,47.56299],[3.12303,47.53943],[3.14043,47.53526],[3.16172,47.52472],[3.1827,47.52038],[3.19938,47.52184],[3.22065,47.5067],[3.24072,47.48905],[3.26713,47.4924],[3.29574,47.49306],[3.34,47.47892],[3.34956,47.4796],[3.3739,47.48582],[3.39042,47.50915],[3.43047,47.50654],[3.44888,47.5046],[3.46155,47.50156],[3.49158,47.50239],[3.49223,47.53224],[3.49229,47.55069],[3.50317,47.55889],[3.50965,47.54547],[3.54434,47.51124],[3.573,47.49885],[3.5801,47.47857],[3.58886,47.45892],[3.60801,47.46667],[3.62134,47.45563],[3.64366,47.45165],[3.67124,47.44855],[3.67322,47.4353],[3.69693,47.42877],[3.71492,47.40944],[3.74055,47.3965],[3.77461,47.4062],[3.78102,47.39623],[3.79975,47.39032],[3.81296,47.37967],[3.82742,47.38983],[3.82362,47.40388],[3.83409,47.40356],[3.84547,47.41456],[3.85139,47.43406],[3.87649,47.42841],[3.89123,47.41782],[3.8859,47.4054],[3.86688,47.39611],[3.86517,47.38273],[3.8721,47.36576],[3.89415,47.37263],[3.92621,47.38186],[3.9447,47.38425],[3.95587,47.38991],[3.97036,47.37881],[3.96287,47.36556],[3.9685,47.34816],[3.97256,47.33582],[3.98046,47.32375],[3.9907,47.31717],[4.01683,47.31283],[4.02819,47.3226],[4.03986,47.32743],[4.0466,47.33988],[4.07367,47.33961],[4.10393,47.33825],[4.12436,47.34356],[4.1399,47.35686],[4.12923,47.34079],[4.12744,47.32484],[4.11411,47.30796],[4.13201,47.30737],[4.11836,47.29462],[4.11643,47.27639],[4.12246,47.26482],[4.12558,47.2475],[4.14951,47.24213],[4.17316,47.24981],[4.1841,47.24698],[4.19475,47.23398],[4.22328,47.21323],[4.23195,47.19878],[4.2215,47.18914],[4.21256,47.17632],[4.21026,47.16017],[4.19445,47.14751],[4.17593,47.14984],[4.14969,47.14571],[4.1265,47.14275],[4.11878,47.13792],[4.10825,47.1289],[4.1026,47.12358],[4.08989,47.11618],[4.06341,47.12063],[4.04822,47.10745],[4.0392,47.08247],[4.05838,47.06662],[4.06512,47.04898],[4.06021,47.02921],[4.05384,47.01311],[4.02215,46.99675],[3.996,46.98674],[4.00309,46.97409],[4.0225,46.97995],[4.04127,46.9737],[4.03996,46.94443],[4.04836,46.93213],[4.03604,46.92152],[4.04261,46.90671],[4.05697,46.90107],[4.07771,46.88975],[4.09385,46.87473],[4.09271,46.85806],[4.04674,46.83122],[4.05864,46.80981],[4.06271,46.78936],[4.05352,46.77879],[4.03232,46.78536],[4.01519,46.77716],[3.99766,46.77858],[3.97693,46.77123],[3.96257,46.76199],[3.93895,46.7513],[3.93445,46.74303],[3.91256,46.73961],[3.89733,46.73347],[3.88251,46.72805],[3.87416,46.72672],[3.84782,46.72289],[3.83801,46.7137],[3.82612,46.70432],[3.79939,46.70309],[3.78651,46.72283],[3.77817,46.73845],[3.74946,46.74655],[3.72224,46.74999],[3.70135,46.74664],[3.67518,46.73903],[3.64863,46.74263],[3.63195,46.74835],[3.59818,46.75417],[3.58691,46.75673],[3.58455,46.73939],[3.57731,46.71485],[3.56882,46.71549],[3.55039,46.71586],[3.55863,46.6868],[3.53783,46.68329],[3.51442,46.68358],[3.50246,46.67114],[3.47699,46.6535],[3.44734,46.66356],[3.45434,46.68013],[3.44867,46.6904],[3.4301,46.70304],[3.41873,46.71313],[3.39737,46.71455],[3.37085,46.69626],[3.33848,46.68507],[3.31204,46.6948],[3.29786,46.71646],[3.26515,46.71305],[3.23805,46.69896],[3.22084,46.68649],[3.20518,46.68068],[3.17987,46.68793],[3.14925,46.70822],[3.12118,46.72964],[3.07769,46.74105],[3.04907,46.75808],[3.03572,46.78917],[3.04134,46.81302],[3.05568,46.84106],[3.06815,46.85744],[3.06359,46.88868],[3.05029,46.91063],[3.07229,46.94513],[3.06667,46.9713],[3.0663,47.00225],[3.0688,47.04006],[3.03787,47.05519],[3.01949,47.07442],[3.03065,47.09775],[3.01735,47.13948],[3.01281,47.17171],[2.99124,47.20957],[2.98269,47.2559],[2.95547,47.27913],[2.9169,47.30492],[2.87234,47.33234],[2.87896,47.35314],[2.90081,47.3852],[2.91953,47.41253],[2.92804,47.44483],[2.90723,47.47664],[2.89132,47.50398],[2.87463,47.52042]]]},"properties":{"code":"58","nom":"Nièvre"}},{"type":"Feature","geometry":{"type":"MultiPolygon","coordinates":[[[[3.0404,50.15971],[3.06039,50.17135],[3.0925,50.17048],[3.09404,50.1618],[3.07625,50.151],[3.07095,50.13883],[3.06102,50.13063],[3.03333,50.12476],[3.01311,50.11428],[3.00099,50.12765],[3.00826,50.14739],[3.02215,50.15167],[3.04029,50.15174],[3.0404,50.15971]]],[[[2.06771,51.00651],[2.09543,51.0044],[2.11282,50.99936],[2.12586,51.01552],[2.14499,51.02197],[2.15299,51.01992],[2.17182,51.01159],[2.17892,51.01601],[2.17847,51.02337],[2.19317,51.03858],[2.19132,51.04127],[2.21401,51.03168],[2.2643,51.04454],[2.33971,51.057],[2.38105,51.04864],[2.44815,51.06197],[2.50061,51.07468],[2.54303,51.08854],[2.5635,51.05459],[2.57141,51.01021],[2.59595,50.9917],[2.61003,50.97652],[2.62217,50.96046],[2.61766,50.94129],[2.60306,50.9277],[2.5941,50.91437],[2.60728,50.90823],[2.60857,50.89632],[2.60714,50.88307],[2.61103,50.86796],[2.59959,50.85333],[2.61541,50.84827],[2.62561,50.83656],[2.65762,50.81365],[2.67847,50.81484],[2.71408,50.81416],[2.72242,50.80091],[2.73751,50.78267],[2.76215,50.77076],[2.76816,50.75415],[2.78181,50.74331],[2.79375,50.72624],[2.81504,50.71743],[2.84006,50.72053],[2.8666,50.7059],[2.89041,50.70277],[2.91091,50.6945],[2.9247,50.70436],[2.93165,50.7282],[2.93741,50.74277],[2.96201,50.75001],[2.99909,50.76303],[3.01958,50.77289],[3.04651,50.77754],[3.08365,50.7725],[3.1068,50.78386],[3.11938,50.79101],[3.15169,50.78513],[3.16668,50.76584],[3.18167,50.75252],[3.19235,50.73927],[3.19123,50.72441],[3.20859,50.71381],[3.23578,50.71307],[3.25554,50.70312],[3.25371,50.68893],[3.26485,50.67612],[3.24194,50.66502],[3.24937,50.64693],[3.25453,50.63234],[3.26366,50.6177],[3.27393,50.60449],[3.27659,50.58946],[3.27791,50.57003],[3.27904,50.55523],[3.27913,50.53797],[3.29127,50.52462],[3.32059,50.51758],[3.34126,50.50779],[3.36902,50.49771],[3.3885,50.49547],[3.41651,50.50303],[3.44242,50.50797],[3.45421,50.51519],[3.46794,50.52935],[3.49431,50.52932],[3.51991,50.52332],[3.50668,50.50745],[3.49905,50.48877],[3.51732,50.49228],[3.54177,50.49535],[3.56037,50.49782],[3.57888,50.49453],[3.6124,50.49314],[3.63473,50.47185],[3.66145,50.45748],[3.6614,50.44278],[3.66904,50.42314],[3.67343,50.40731],[3.67274,50.39176],[3.66563,50.37912],[3.66599,50.36379],[3.66897,50.34694],[3.67368,50.33492],[3.68527,50.32495],[3.69466,50.3167],[3.71966,50.30481],[3.71056,50.31765],[3.72105,50.31132],[3.73099,50.31987],[3.7348,50.3374],[3.74211,50.34761],[3.76145,50.34833],[3.78332,50.35354],[3.80985,50.35452],[3.82484,50.35033],[3.84741,50.3531],[3.87229,50.33794],[3.88615,50.33646],[3.90005,50.32728],[3.95165,50.3437],[3.96736,50.34057],[3.98595,50.34207],[4.00059,50.34861],[4.01738,50.35664],[4.03397,50.35087],[4.05378,50.33921],[4.07061,50.32426],[4.08473,50.31096],[4.11215,50.30232],[4.12589,50.28499],[4.13565,50.26824],[4.1445,50.25867],[4.16443,50.26852],[4.15118,50.27813],[4.17667,50.28443],[4.19325,50.27387],[4.21525,50.2639],[4.20945,50.24447],[4.18893,50.23585],[4.17165,50.21692],[4.15164,50.21346],[4.15986,50.19225],[4.15145,50.17982],[4.15103,50.15856],[4.13167,50.14029],[4.15488,50.12842],[4.19704,50.13531],[4.20249,50.11718],[4.20124,50.10076],[4.21711,50.08832],[4.228,50.06637],[4.19553,50.05096],[4.17311,50.04674],[4.15222,50.03902],[4.13578,50.01939],[4.1448,50.00675],[4.16005,49.99293],[4.1409,49.97876],[4.10866,49.97246],[4.08428,49.96932],[4.03368,49.98335],[4.00537,49.99606],[3.98454,50.01084],[3.97355,50.0368],[3.9474,50.02929],[3.91848,50.02223],[3.8934,50.01322],[3.88691,50.02376],[3.8681,50.0381],[3.83725,50.04753],[3.80186,50.04547],[3.77793,50.04599],[3.7519,50.05147],[3.72222,50.06334],[3.6945,50.06169],[3.67347,50.05615],[3.6563,50.04338],[3.659,50.04012],[3.64599,50.03647],[3.62035,50.02826],[3.60036,50.04017],[3.57144,50.05209],[3.53993,50.05285],[3.53197,50.04576],[3.51514,50.03566],[3.49626,50.02241],[3.45798,50.02144],[3.42492,50.02748],[3.39259,50.03104],[3.37736,50.03666],[3.35052,50.03464],[3.33965,50.02179],[3.30916,50.01931],[3.27923,50.01497],[3.27327,50.02696],[3.24426,50.03077],[3.22374,50.02884],[3.1962,50.01721],[3.17142,50.01426],[3.15074,50.02042],[3.13119,50.02461],[3.1164,50.03779],[3.09025,50.05374],[3.09658,50.0666],[3.09023,50.07946],[3.10046,50.08114],[3.1122,50.0981],[3.10394,50.11124],[3.09772,50.12554],[3.11169,50.13219],[3.13336,50.14026],[3.12255,50.14601],[3.10263,50.16043],[3.11253,50.16711],[3.13742,50.16986],[3.15802,50.18402],[3.1314,50.1994],[3.13839,50.21212],[3.16009,50.21885],[3.18199,50.22494],[3.18235,50.23402],[3.16907,50.24369],[3.15569,50.24319],[3.1479,50.26131],[3.12442,50.26602],[3.10204,50.26981],[3.05464,50.27533],[3.03026,50.26711],[3.01293,50.27197],[3.01527,50.28378],[3.0551,50.28229],[3.0558,50.30038],[3.06927,50.30536],[3.06936,50.32114],[3.05549,50.33776],[3.03874,50.34402],[3.00647,50.36116],[2.99749,50.37932],[2.99082,50.39478],[2.99239,50.39987],[3.01998,50.40755],[3.03736,50.41892],[3.06342,50.42591],[3.07712,50.4416],[3.06551,50.4477],[3.05465,50.45531],[3.03316,50.4434],[3.01603,50.44749],[3.00827,50.45585],[3.01722,50.47049],[3.02818,50.48392],[3.00473,50.49503],[2.98066,50.5028],[2.9579,50.50935],[2.93349,50.50822],[2.90483,50.50346],[2.88937,50.5079],[2.88754,50.52664],[2.86325,50.53035],[2.80377,50.52691],[2.80194,50.53483],[2.81631,50.55297],[2.81462,50.56746],[2.7935,50.58117],[2.80653,50.60676],[2.83794,50.62552],[2.86199,50.62751],[2.83765,50.65775],[2.80919,50.66937],[2.78179,50.6648],[2.75918,50.65067],[2.78754,50.62991],[2.75922,50.63252],[2.75462,50.62214],[2.73959,50.6094],[2.71919,50.62012],[2.71009,50.6304],[2.68446,50.63272],[2.67381,50.62579],[2.65034,50.6237],[2.62188,50.62611],[2.61008,50.63442],[2.58973,50.63633],[2.56863,50.63305],[2.55612,50.62921],[2.54081,50.62925],[2.53885,50.64012],[2.51954,50.63682],[2.49572,50.63165],[2.47318,50.6386],[2.435,50.65593],[2.40321,50.68166],[2.3831,50.67183],[2.3721,50.67868],[2.38611,50.69745],[2.36093,50.71214],[2.35081,50.72752],[2.34133,50.7379],[2.37106,50.75592],[2.40048,50.76458],[2.39873,50.77514],[2.37188,50.78446],[2.36088,50.77565],[2.31226,50.7872],[2.28581,50.7867],[2.25483,50.78803],[2.2228,50.8097],[2.2129,50.82237],[2.20505,50.84132],[2.19123,50.86211],[2.18021,50.88843],[2.15649,50.92373],[2.14487,50.94586],[2.13128,50.96627],[2.11638,50.9821],[2.10073,50.99575],[2.08024,51.00617],[2.06771,51.00651]]]]},"properties":{"code":"59","nom":"Nord"}},{"type":"Feature","geometry":{"type":"MultiPolygon","coordinates":[[[[3.04449,49.22949],[3.04702,49.22943],[3.04835,49.22753],[3.04523,49.22704],[3.04336,49.22775],[3.04449,49.22949]]],[[[2.99023,49.21067],[2.99526,49.22278],[2.99694,49.21401],[2.99023,49.21067]]],[[[2.99856,49.19307],[2.99888,49.19111],[2.99665,49.19124],[2.99668,49.19262],[2.99856,49.19307]]],[[[1.78384,49.75831],[1.79791,49.75092],[1.82046,49.73905],[1.83954,49.73091],[1.83759,49.71836],[1.85369,49.7031],[1.88348,49.69796],[1.91965,49.7159],[1.93938,49.71101],[1.95826,49.7064],[1.97534,49.71266],[2.00641,49.71267],[2.03472,49.71068],[2.04692,49.6969],[2.06169,49.68651],[2.05946,49.68543],[2.09283,49.69157],[2.11939,49.68883],[2.14025,49.69134],[2.16771,49.70187],[2.19274,49.70298],[2.22192,49.70117],[2.24988,49.69715],[2.27969,49.69109],[2.31157,49.68567],[2.33396,49.67676],[2.34767,49.66557],[2.38346,49.65593],[2.40883,49.66204],[2.43644,49.65626],[2.45034,49.64712],[2.46467,49.63727],[2.46548,49.62898],[2.48677,49.62596],[2.50557,49.63897],[2.51896,49.62933],[2.54062,49.62461],[2.55048,49.61704],[2.56088,49.61094],[2.56983,49.59776],[2.58716,49.60379],[2.59703,49.61168],[2.61238,49.60976],[2.6277,49.60379],[2.62587,49.58734],[2.64081,49.57593],[2.66655,49.57973],[2.6718,49.58955],[2.6741,49.60002],[2.6851,49.6121],[2.69614,49.62567],[2.7182,49.6234],[2.7479,49.62335],[2.78096,49.61378],[2.79633,49.62964],[2.79315,49.6448],[2.805,49.65986],[2.84335,49.65853],[2.85037,49.67378],[2.85712,49.68378],[2.87782,49.68158],[2.88973,49.67455],[2.88201,49.68988],[2.8662,49.70249],[2.88207,49.70925],[2.88641,49.70527],[2.90912,49.70265],[2.9212,49.69886],[2.9289,49.68731],[2.93126,49.67696],[2.94995,49.67038],[2.95608,49.67831],[2.94844,49.69399],[2.97559,49.70247],[2.99658,49.70618],[3.00867,49.69276],[3.02914,49.68037],[3.04405,49.69588],[3.05753,49.70213],[3.05795,49.71172],[3.08082,49.7122],[3.07811,49.69319],[3.09405,49.70141],[3.1238,49.6988],[3.11435,49.68376],[3.12771,49.66189],[3.10442,49.65757],[3.11033,49.64424],[3.10618,49.62642],[3.12201,49.60374],[3.13039,49.59182],[3.13524,49.57456],[3.13005,49.56183],[3.13165,49.54608],[3.12668,49.52911],[3.11342,49.52103],[3.10003,49.50785],[3.11571,49.49547],[3.12317,49.48229],[3.11395,49.46665],[3.15377,49.45469],[3.16264,49.44064],[3.1245,49.43182],[3.09784,49.43723],[3.09317,49.39849],[3.09536,49.37946],[3.07903,49.37394],[3.06125,49.34532],[3.04198,49.33052],[3.02392,49.33332],[3.00151,49.34002],[2.96542,49.32026],[2.98015,49.31141],[2.9687,49.3041],[2.98276,49.3007],[2.98907,49.29885],[2.98611,49.28898],[3.00885,49.29277],[3.01386,49.28212],[3.03316,49.28673],[3.0272,49.26793],[3.03197,49.25036],[3.03966,49.23152],[3.03309,49.22391],[3.02606,49.22158],[3.01648,49.21817],[3.00807,49.22595],[3.00339,49.23502],[2.96476,49.23259],[2.96205,49.2183],[2.96715,49.20474],[2.96916,49.19501],[2.98521,49.18862],[2.9968,49.1892],[3.01703,49.17792],[3.0379,49.16921],[3.02927,49.18491],[3.01594,49.18881],[3.00259,49.19082],[3.00296,49.20296],[3.01879,49.21662],[3.04081,49.2056],[3.06269,49.20498],[3.05941,49.19602],[3.08185,49.19272],[3.08757,49.18513],[3.08157,49.16479],[3.09807,49.15434],[3.08601,49.16787],[3.0895,49.18084],[3.0969,49.19469],[3.11537,49.18175],[3.11241,49.17327],[3.14688,49.16233],[3.12926,49.14986],[3.1055,49.14688],[3.09343,49.14206],[3.08935,49.12625],[3.07224,49.11832],[3.05935,49.10365],[3.0631,49.09058],[3.051,49.08509],[3.02652,49.08717],[2.99641,49.08774],[2.9834,49.07218],[2.97228,49.08519],[2.95674,49.08541],[2.93408,49.07909],[2.91745,49.07982],[2.88376,49.07612],[2.85465,49.07018],[2.83363,49.08295],[2.79386,49.0908],[2.77256,49.08149],[2.76962,49.06766],[2.73242,49.0704],[2.72097,49.07601],[2.691,49.06658],[2.67315,49.09086],[2.64343,49.09926],[2.63175,49.10627],[2.61834,49.09474],[2.59602,49.08171],[2.5799,49.08971],[2.56289,49.09748],[2.55153,49.1126],[2.53976,49.11645],[2.53106,49.0996],[2.49369,49.10546],[2.47548,49.13116],[2.45432,49.13927],[2.43105,49.14846],[2.39129,49.14935],[2.36657,49.15399],[2.35598,49.14869],[2.33611,49.17027],[2.31093,49.18641],[2.29572,49.17323],[2.2852,49.16319],[2.25871,49.15563],[2.21752,49.15366],[2.22632,49.17251],[2.19905,49.17529],[2.17495,49.17501],[2.17113,49.16496],[2.16499,49.17846],[2.14118,49.18134],[2.13057,49.19243],[2.10958,49.18895],[2.09257,49.19411],[2.0916,49.20513],[2.08089,49.21045],[2.05397,49.19897],[2.02818,49.18797],[1.98831,49.17887],[1.96072,49.17352],[1.93433,49.17356],[1.89453,49.16604],[1.87704,49.17145],[1.84555,49.1699],[1.83493,49.17421],[1.81567,49.17484],[1.80637,49.18013],[1.78863,49.18146],[1.74269,49.17979],[1.73211,49.19519],[1.71992,49.20154],[1.72895,49.20957],[1.73852,49.2241],[1.71211,49.23302],[1.70727,49.2355],[1.70134,49.24387],[1.7085,49.25776],[1.73106,49.26724],[1.75663,49.27164],[1.7651,49.26326],[1.78908,49.24904],[1.79997,49.27333],[1.79149,49.288],[1.77184,49.29447],[1.77068,49.31065],[1.76827,49.32363],[1.77008,49.33861],[1.76011,49.3556],[1.7567,49.37024],[1.74259,49.3816],[1.72047,49.39398],[1.73755,49.40458],[1.72116,49.40477],[1.7201,49.41794],[1.7226,49.43279],[1.73148,49.44034],[1.74582,49.45113],[1.75782,49.46292],[1.77646,49.47343],[1.77348,49.48606],[1.78883,49.49193],[1.78907,49.50543],[1.76807,49.51202],[1.75803,49.50878],[1.74687,49.48989],[1.73427,49.49913],[1.71785,49.50296],[1.74067,49.51836],[1.74186,49.53294],[1.7271,49.54261],[1.73037,49.55621],[1.71088,49.57804],[1.69661,49.57573],[1.69728,49.58243],[1.72004,49.5816],[1.7052,49.59093],[1.69518,49.59973],[1.71493,49.61341],[1.71725,49.63307],[1.71231,49.65143],[1.72266,49.67131],[1.75238,49.68258],[1.74354,49.70213],[1.71474,49.68238],[1.69188,49.69309],[1.71376,49.70585],[1.71283,49.72481],[1.73143,49.734],[1.73915,49.74905],[1.74769,49.76096],[1.78124,49.75864],[1.78384,49.75831]]]]},"properties":{"code":"60","nom":"Oise"}},{"type":"Feature","geometry":{"type":"Polygon","coordinates":[[[-0.84094,48.75222],[-0.81276,48.75854],[-0.7939,48.7749],[-0.77636,48.78722],[-0.74999,48.79135],[-0.72296,48.79924],[-0.69175,48.81592],[-0.69784,48.82971],[-0.69502,48.84593],[-0.67225,48.8437],[-0.65604,48.83751],[-0.64356,48.82933],[-0.6129,48.83053],[-0.57457,48.83038],[-0.55025,48.84545],[-0.52005,48.84932],[-0.49405,48.84857],[-0.48284,48.85911],[-0.46375,48.87137],[-0.44324,48.87277],[-0.43591,48.87357],[-0.42454,48.86773],[-0.40418,48.86081],[-0.38403,48.849],[-0.36339,48.84913],[-0.37464,48.84049],[-0.36619,48.83552],[-0.34624,48.822],[-0.33043,48.83736],[-0.33143,48.85218],[-0.31307,48.85809],[-0.29855,48.84916],[-0.28062,48.85421],[-0.26072,48.85318],[-0.24582,48.84843],[-0.22711,48.84394],[-0.20273,48.84319],[-0.17842,48.83545],[-0.16882,48.82743],[-0.14153,48.82001],[-0.14295,48.82817],[-0.13077,48.83671],[-0.12442,48.84738],[-0.09944,48.84239],[-0.06938,48.84257],[-0.05167,48.85814],[-0.02986,48.8724],[-0.00693,48.87235],[0.00876,48.89106],[0.04554,48.89824],[0.06409,48.91786],[0.08694,48.9377],[0.10937,48.94169],[0.12761,48.95222],[0.14603,48.94051],[0.17557,48.9284],[0.18732,48.94107],[0.22255,48.94218],[0.24031,48.94853],[0.25575,48.96312],[0.27754,48.96181],[0.27828,48.9521],[0.30196,48.9523],[0.33323,48.94278],[0.37181,48.96329],[0.39341,48.96663],[0.40647,48.95178],[0.39494,48.93058],[0.38619,48.91041],[0.41488,48.90078],[0.42142,48.89037],[0.44277,48.88689],[0.44311,48.88128],[0.46315,48.8885],[0.50096,48.87885],[0.53358,48.87815],[0.56593,48.88716],[0.59718,48.88499],[0.59353,48.87409],[0.60526,48.87023],[0.60936,48.85436],[0.63621,48.85428],[0.61311,48.83639],[0.6353,48.82296],[0.6651,48.8099],[0.69772,48.79329],[0.73194,48.78546],[0.75423,48.77129],[0.76524,48.74841],[0.76049,48.7282],[0.73844,48.71444],[0.7419,48.70402],[0.76787,48.69502],[0.76913,48.67854],[0.7754,48.66945],[0.79538,48.67521],[0.81225,48.66801],[0.82224,48.65178],[0.82738,48.6339],[0.81717,48.61546],[0.83305,48.61077],[0.84757,48.59904],[0.85747,48.58051],[0.89927,48.56917],[0.93412,48.55428],[0.92285,48.53844],[0.94066,48.53102],[0.95967,48.52451],[0.95616,48.50679],[0.94996,48.49345],[0.95371,48.48027],[0.9397,48.46621],[0.94872,48.45251],[0.97134,48.44167],[0.9566,48.42728],[0.94372,48.4144],[0.94406,48.39956],[0.92435,48.38467],[0.91284,48.37395],[0.89639,48.37091],[0.8813,48.35578],[0.86181,48.35089],[0.8438,48.35107],[0.82979,48.34324],[0.81064,48.34712],[0.78543,48.34043],[0.76887,48.32194],[0.75973,48.30397],[0.77542,48.30198],[0.80247,48.29066],[0.79169,48.28107],[0.79144,48.26101],[0.80157,48.245],[0.81833,48.22845],[0.83048,48.21071],[0.80879,48.19761],[0.77245,48.18495],[0.74536,48.1849],[0.72886,48.20059],[0.71579,48.21467],[0.70625,48.22083],[0.69739,48.23307],[0.68828,48.24606],[0.674,48.25453],[0.64992,48.26374],[0.63418,48.24916],[0.62806,48.2373],[0.61473,48.24284],[0.59514,48.24457],[0.56144,48.24558],[0.54394,48.24934],[0.52447,48.26625],[0.50543,48.27499],[0.49456,48.28681],[0.50159,48.30065],[0.4805,48.29859],[0.45574,48.30637],[0.4288,48.30956],[0.416,48.32163],[0.40065,48.31885],[0.39084,48.32682],[0.38523,48.34646],[0.38118,48.36524],[0.37619,48.38431],[0.37297,48.40773],[0.38244,48.4249],[0.37041,48.4371],[0.36376,48.45161],[0.34736,48.45901],[0.33316,48.46767],[0.31193,48.47224],[0.2926,48.47877],[0.26884,48.484],[0.24442,48.47389],[0.22083,48.47309],[0.20222,48.4673],[0.17721,48.46543],[0.17114,48.44943],[0.14921,48.45751],[0.15353,48.44702],[0.13855,48.43712],[0.10846,48.42947],[0.097,48.41093],[0.07055,48.40909],[0.05803,48.3896],[0.04352,48.38061],[0.01255,48.38462],[0.00341,48.39357],[-0.01865,48.3945],[-0.03575,48.38487],[-0.05181,48.37869],[-0.0572,48.38443],[-0.05505,48.40706],[-0.05571,48.42782],[-0.05019,48.44715],[-0.07053,48.45801],[-0.08909,48.45006],[-0.12888,48.4505],[-0.14947,48.46656],[-0.15092,48.48169],[-0.16805,48.50367],[-0.16901,48.51249],[-0.14538,48.52055],[-0.16182,48.53363],[-0.18095,48.54351],[-0.20532,48.56065],[-0.22975,48.56122],[-0.24707,48.56047],[-0.24636,48.54262],[-0.26018,48.52697],[-0.26842,48.51481],[-0.28633,48.5117],[-0.30896,48.51833],[-0.32981,48.51315],[-0.34601,48.50068],[-0.35299,48.49219],[-0.36912,48.48883],[-0.38302,48.49668],[-0.39514,48.5103],[-0.41518,48.50671],[-0.43155,48.51243],[-0.45594,48.51269],[-0.46868,48.50922],[-0.4782,48.50157],[-0.49762,48.50373],[-0.51454,48.50362],[-0.52808,48.49524],[-0.55027,48.47855],[-0.56713,48.4751],[-0.59,48.47165],[-0.61108,48.46291],[-0.64215,48.44833],[-0.65393,48.45777],[-0.65839,48.47688],[-0.66861,48.48349],[-0.67765,48.47879],[-0.69572,48.46855],[-0.705,48.47559],[-0.72625,48.47326],[-0.73586,48.46112],[-0.71489,48.45435],[-0.73545,48.4457],[-0.75449,48.43748],[-0.77397,48.44271],[-0.77742,48.46021],[-0.79204,48.46575],[-0.80862,48.45728],[-0.81863,48.46902],[-0.82732,48.47922],[-0.83763,48.48568],[-0.85909,48.50051],[-0.85051,48.51803],[-0.82695,48.53223],[-0.80809,48.54693],[-0.78584,48.55606],[-0.7741,48.57568],[-0.76673,48.59123],[-0.75195,48.60356],[-0.75242,48.62214],[-0.76208,48.63101],[-0.77096,48.64728],[-0.75999,48.66428],[-0.74554,48.67892],[-0.73644,48.6866],[-0.7648,48.69357],[-0.79035,48.70407],[-0.80317,48.71665],[-0.82044,48.7315],[-0.8368,48.72791],[-0.85114,48.73507],[-0.84094,48.75222]],[[-0.43055,48.86309],[-0.43131,48.86545],[-0.43336,48.86555],[-0.43295,48.86331],[-0.43055,48.86309]]]},"properties":{"code":"61","nom":"Orne"}},{"type":"Feature","geometry":{"type":"Polygon","coordinates":[[[2.06771,51.00651],[2.09502,51.00018],[2.10858,50.98617],[2.12507,50.97036],[2.14045,50.94939],[2.15147,50.93172],[2.17278,50.89817],[2.19005,50.87281],[2.20369,50.84856],[2.20785,50.83023],[2.21669,50.812],[2.24425,50.79517],[2.27326,50.78301],[2.2995,50.78135],[2.34693,50.7801],[2.36726,50.77825],[2.38853,50.77717],[2.40997,50.76705],[2.37794,50.75223],[2.34266,50.74082],[2.34259,50.72752],[2.35172,50.7205],[2.38356,50.70059],[2.36536,50.6823],[2.37413,50.6722],[2.39166,50.67762],[2.41613,50.66583],[2.45464,50.65061],[2.4877,50.63349],[2.51419,50.63637],[2.52975,50.64305],[2.53777,50.63472],[2.54984,50.62614],[2.56657,50.62816],[2.58293,50.63535],[2.60127,50.63083],[2.61418,50.62729],[2.63683,50.62067],[2.66625,50.62424],[2.67677,50.63607],[2.69517,50.62878],[2.72264,50.62636],[2.72946,50.61231],[2.75754,50.61837],[2.75744,50.62458],[2.78034,50.63078],[2.771,50.64556],[2.77187,50.66493],[2.79902,50.66312],[2.82687,50.6613],[2.85518,50.64482],[2.85104,50.62772],[2.81802,50.6118],[2.79734,50.59171],[2.81151,50.57376],[2.81099,50.55785],[2.8007,50.55124],[2.79859,50.52934],[2.82598,50.52539],[2.88654,50.53223],[2.88078,50.51481],[2.89468,50.50337],[2.92183,50.50504],[2.94734,50.5103],[2.97158,50.50982],[2.99804,50.49678],[3.02075,50.48499],[3.02081,50.48177],[3.01361,50.46054],[3.01703,50.45311],[3.0254,50.44286],[3.04642,50.45069],[3.06713,50.45182],[3.08179,50.44373],[3.06921,50.4294],[3.04893,50.42577],[3.0298,50.41046],[3.00142,50.39994],[2.98014,50.40314],[2.99466,50.38342],[3.00672,50.3656],[3.0291,50.35351],[3.05212,50.34142],[3.06415,50.32413],[3.08209,50.31262],[3.05925,50.30223],[3.05099,50.28556],[3.03118,50.28783],[3.01711,50.27488],[3.02386,50.26648],[3.04858,50.27769],[3.08966,50.27165],[3.11395,50.26803],[3.14061,50.26502],[3.14717,50.24622],[3.16174,50.24154],[3.17908,50.23507],[3.18828,50.2285],[3.16743,50.21807],[3.1422,50.21744],[3.1342,50.20447],[3.15258,50.18499],[3.14638,50.17794],[3.12366,50.16717],[3.10436,50.16434],[3.11376,50.15218],[3.13475,50.14322],[3.12415,50.13696],[3.10394,50.12837],[3.09714,50.11847],[3.10971,50.10474],[3.10864,50.085],[3.09476,50.08316],[3.09313,50.07287],[3.08482,50.05939],[3.08081,50.04777],[3.05663,50.0518],[3.03432,50.05809],[3.00978,50.05599],[2.98782,50.04878],[2.96883,50.04839],[2.93845,50.04693],[2.91966,50.04802],[2.9132,50.03816],[2.87938,50.02861],[2.86313,50.02248],[2.85368,50.03192],[2.87517,50.04159],[2.86796,50.05568],[2.85535,50.06541],[2.84809,50.07833],[2.83609,50.06643],[2.82132,50.06236],[2.78896,50.04531],[2.76332,50.03833],[2.74255,50.04823],[2.76898,50.07528],[2.77916,50.0872],[2.77978,50.10574],[2.7684,50.11174],[2.74788,50.11506],[2.71183,50.12781],[2.70986,50.1181],[2.69795,50.106],[2.70974,50.09208],[2.70729,50.08386],[2.67816,50.09451],[2.65962,50.09955],[2.63647,50.09854],[2.62654,50.10881],[2.6076,50.1093],[2.59146,50.11244],[2.56935,50.12063],[2.58444,50.13269],[2.56187,50.13941],[2.54708,50.12762],[2.5331,50.11404],[2.51619,50.13722],[2.47449,50.13556],[2.4554,50.13109],[2.42615,50.08738],[2.4136,50.09818],[2.40018,50.10196],[2.38656,50.10903],[2.38238,50.12889],[2.38897,50.13999],[2.38898,50.15469],[2.40327,50.1648],[2.41547,50.17153],[2.44208,50.18136],[2.4563,50.18157],[2.49316,50.19429],[2.48018,50.20811],[2.4524,50.22617],[2.43083,50.22776],[2.41024,50.23385],[2.39411,50.2272],[2.37861,50.21831],[2.3709,50.20887],[2.35325,50.21728],[2.33267,50.23805],[2.32431,50.22847],[2.32677,50.21486],[2.30568,50.21413],[2.27169,50.22827],[2.25538,50.2164],[2.22893,50.20914],[2.21307,50.21834],[2.19691,50.21085],[2.17415,50.2089],[2.14976,50.19043],[2.12504,50.21012],[2.10312,50.20801],[2.08999,50.2021],[2.08551,50.21369],[2.075,50.22697],[2.07078,50.24265],[2.06792,50.25343],[2.04756,50.25675],[2.03293,50.26544],[2.01117,50.26745],[1.99427,50.27566],[1.97466,50.28244],[1.95184,50.28538],[1.93145,50.29906],[1.96174,50.3123],[1.95699,50.32639],[1.93355,50.32433],[1.91421,50.31218],[1.89793,50.31836],[1.87304,50.32407],[1.86879,50.33398],[1.8517,50.34291],[1.82608,50.34806],[1.7935,50.35947],[1.7593,50.35804],[1.71956,50.34499],[1.69132,50.33863],[1.66538,50.32999],[1.65442,50.33667],[1.6453,50.34448],[1.64154,50.35242],[1.61373,50.37037],[1.59421,50.37811],[1.57202,50.38979],[1.55566,50.39768],[1.56997,50.44448],[1.57742,50.51653],[1.59503,50.53557],[1.6331,50.51211],[1.65869,50.50642],[1.62668,50.52193],[1.60845,50.53866],[1.60009,50.54949],[1.57661,50.57223],[1.57824,50.59772],[1.57738,50.62621],[1.57036,50.66769],[1.56292,50.6903],[1.57169,50.71211],[1.57476,50.7278],[1.57816,50.72761],[1.58294,50.72553],[1.60059,50.7251],[1.59594,50.75087],[1.60523,50.77789],[1.60472,50.79707],[1.59393,50.82016],[1.57932,50.8508],[1.58185,50.87104],[1.60967,50.87206],[1.64577,50.88056],[1.67907,50.902],[1.71403,50.92982],[1.77249,50.95254],[1.84067,50.96529],[1.85149,50.96407],[1.8643,50.971],[1.88969,50.97231],[1.91578,50.98408],[1.94514,50.98855],[1.97511,50.99031],[2.04541,50.99832],[2.06771,51.00651]],[[3.0404,50.15971],[3.03048,50.15121],[3.01315,50.15311],[2.99349,50.137],[3.00071,50.11794],[3.02289,50.11684],[3.04501,50.13054],[3.07085,50.13236],[3.06853,50.14576],[3.08432,50.15353],[3.09363,50.16656],[3.07956,50.17168],[3.0553,50.16446],[3.0404,50.15971]]]},"properties":{"code":"62","nom":"Pas-de-Calais"}},{"type":"Feature","geometry":{"type":"Polygon","coordinates":[[[2.56538,46.14303],[2.58938,46.12827],[2.61344,46.12804],[2.63145,46.11972],[2.65596,46.12842],[2.66135,46.14258],[2.67035,46.15479],[2.67555,46.16733],[2.70387,46.181],[2.72427,46.19034],[2.72217,46.20528],[2.73214,46.2217],[2.7574,46.2119],[2.7826,46.20338],[2.81479,46.20083],[2.81792,46.21813],[2.81942,46.23437],[2.83016,46.24727],[2.85409,46.25374],[2.86846,46.25129],[2.89435,46.25206],[2.92143,46.25031],[2.94462,46.24196],[2.93516,46.22401],[2.92362,46.21781],[2.91228,46.20717],[2.91653,46.19702],[2.91446,46.17882],[2.93426,46.17206],[2.95524,46.16583],[2.95528,46.14697],[2.96561,46.12812],[2.98499,46.12512],[3.0113,46.11282],[3.0293,46.10426],[3.04808,46.10031],[3.07448,46.10734],[3.09081,46.10517],[3.10112,46.09309],[3.12018,46.07788],[3.14029,46.06987],[3.17127,46.06627],[3.19033,46.07437],[3.21913,46.06902],[3.23094,46.06712],[3.25657,46.06579],[3.28289,46.06643],[3.30127,46.06097],[3.33115,46.05459],[3.34138,46.04878],[3.37012,46.05518],[3.38787,46.06461],[3.41159,46.07049],[3.42667,46.06558],[3.45359,46.06379],[3.45983,46.05288],[3.46286,46.03729],[3.46363,46.021],[3.4826,46.01415],[3.50642,46.01696],[3.52531,46.01208],[3.52834,46.02096],[3.5487,46.01584],[3.57388,46.0189],[3.59209,46.024],[3.60208,46.01242],[3.61318,46.00082],[3.6256,45.98539],[3.6302,45.96406],[3.66974,45.96121],[3.68935,45.93501],[3.72613,45.91814],[3.74144,45.90464],[3.75324,45.88739],[3.74327,45.87776],[3.72701,45.8713],[3.71715,45.86845],[3.72852,45.86251],[3.71902,45.85115],[3.72575,45.83464],[3.71991,45.82239],[3.71592,45.80435],[3.69165,45.79052],[3.72152,45.77923],[3.72942,45.75829],[3.75018,45.74544],[3.76772,45.73064],[3.77834,45.71678],[3.77695,45.69084],[3.81172,45.65142],[3.85877,45.62471],[3.87959,45.6068],[3.90809,45.59669],[3.93502,45.57838],[3.95435,45.55596],[3.9501,45.53745],[3.95682,45.52016],[3.96484,45.50322],[3.98437,45.49331],[3.97315,45.47696],[3.9715,45.46231],[3.97363,45.44816],[3.96281,45.44094],[3.94409,45.43023],[3.92528,45.42487],[3.90893,45.41606],[3.89854,45.40982],[3.89074,45.39594],[3.89524,45.3813],[3.89377,45.36759],[3.89215,45.35405],[3.86371,45.35942],[3.85083,45.36828],[3.837,45.37094],[3.83585,45.38301],[3.81754,45.386],[3.79958,45.38723],[3.78928,45.37427],[3.78955,45.36311],[3.78614,45.35334],[3.77028,45.35138],[3.75269,45.35501],[3.73541,45.35594],[3.71969,45.36085],[3.69709,45.36549],[3.70548,45.37466],[3.6916,45.37917],[3.6791,45.38177],[3.66735,45.37656],[3.65303,45.35829],[3.64494,45.35101],[3.61863,45.33771],[3.58615,45.36503],[3.58093,45.38507],[3.56672,45.39787],[3.55481,45.39597],[3.52994,45.39822],[3.51829,45.4059],[3.50345,45.41933],[3.49138,45.42296],[3.46875,45.4128],[3.45097,45.4016],[3.42465,45.40123],[3.40795,45.40256],[3.39021,45.40363],[3.37599,45.40449],[3.35898,45.42101],[3.34094,45.41919],[3.33026,45.39721],[3.32448,45.40674],[3.30779,45.41904],[3.29322,45.40779],[3.2805,45.39629],[3.24668,45.38928],[3.22558,45.38288],[3.21405,45.3684],[3.19401,45.36825],[3.17797,45.35899],[3.17144,45.35247],[3.14862,45.35047],[3.13495,45.35371],[3.11408,45.35255],[3.09194,45.34824],[3.07885,45.33699],[3.06211,45.32554],[3.06242,45.31338],[3.04337,45.29893],[3.02138,45.29397],[3.00203,45.29017],[2.9756,45.30387],[2.94862,45.30913],[2.92576,45.34264],[2.92247,45.36811],[2.88999,45.38028],[2.86773,45.37608],[2.84752,45.39205],[2.82372,45.39436],[2.80863,45.39757],[2.7857,45.38961],[2.76122,45.38602],[2.74621,45.3926],[2.72441,45.38769],[2.70678,45.38685],[2.69887,45.39844],[2.68073,45.40717],[2.6886,45.42896],[2.68009,45.43695],[2.6586,45.43485],[2.64339,45.44389],[2.62603,45.4465],[2.62231,45.46851],[2.60984,45.45657],[2.58821,45.44965],[2.57348,45.45909],[2.56021,45.46276],[2.53546,45.45948],[2.54396,45.47898],[2.51968,45.48325],[2.5101,45.48727],[2.50888,45.50504],[2.51291,45.52425],[2.51475,45.54192],[2.51467,45.55428],[2.49873,45.55683],[2.49146,45.56795],[2.47112,45.57922],[2.46883,45.588],[2.46888,45.60239],[2.47941,45.61677],[2.4826,45.63305],[2.49512,45.64041],[2.52079,45.64289],[2.52828,45.65854],[2.51546,45.66354],[2.5175,45.67817],[2.52651,45.68539],[2.51891,45.69764],[2.521,45.70893],[2.51314,45.71951],[2.50051,45.72875],[2.48793,45.74356],[2.47307,45.7467],[2.46012,45.75719],[2.44143,45.76238],[2.43279,45.78659],[2.4186,45.79848],[2.40614,45.81315],[2.39322,45.82971],[2.40572,45.83802],[2.42825,45.83504],[2.43514,45.84479],[2.44777,45.84839],[2.44374,45.85878],[2.45714,45.86565],[2.47955,45.86841],[2.50058,45.88513],[2.52072,45.89303],[2.53712,45.90094],[2.55035,45.90901],[2.5415,45.92153],[2.55362,45.93582],[2.56682,45.94735],[2.57984,45.96014],[2.60088,45.96423],[2.6056,45.98069],[2.59366,45.99381],[2.59773,46.0081],[2.60026,46.02308],[2.58975,46.03902],[2.57298,46.04684],[2.56606,46.0599],[2.55597,46.07311],[2.5504,46.0876],[2.55182,46.10397],[2.55066,46.1185],[2.55398,46.12637],[2.56165,46.13328],[2.56538,46.14303]]]},"properties":{"code":"63","nom":"Puy-de-Dôme"}},{"type":"Feature","geometry":{"type":"Polygon","coordinates":[[[-0.24284,43.58498],[-0.22005,43.59086],[-0.20474,43.5836],[-0.17877,43.59637],[-0.16456,43.58274],[-0.13924,43.58121],[-0.12146,43.58422],[-0.09919,43.58178],[-0.09119,43.56811],[-0.0915,43.55379],[-0.085,43.54363],[-0.06068,43.54212],[-0.04807,43.52721],[-0.0421,43.51518],[-0.04557,43.49056],[-0.029,43.4733],[-0.02603,43.46599],[-0.05192,43.46522],[-0.06469,43.45864],[-0.06618,43.44042],[-0.0567,43.4254],[-0.06645,43.41174],[-0.04256,43.41183],[-0.03586,43.42202],[-0.02751,43.43102],[-0.00996,43.44376],[-0.00421,43.43389],[0.00666,43.41345],[-0.0004,43.39633],[0.00088,43.38551],[0.00154,43.36894],[0.0142,43.35745],[0.02093,43.3367],[-0.01398,43.33156],[-0.03426,43.30958],[-0.0455,43.29583],[-0.02397,43.28021],[-0.02563,43.26099],[-0.03542,43.24526],[-0.04585,43.23018],[-0.0623,43.22248],[-0.07233,43.21025],[-0.0707,43.19435],[-0.0804,43.17681],[-0.09753,43.16662],[-0.11278,43.18015],[-0.12688,43.1654],[-0.14155,43.14373],[-0.15361,43.12599],[-0.17094,43.117],[-0.19257,43.11551],[-0.19795,43.10187],[-0.19114,43.07856],[-0.1962,43.05969],[-0.19699,43.04569],[-0.21424,43.03638],[-0.25406,43.03885],[-0.25653,43.0278],[-0.2627,43.0114],[-0.28843,43.00216],[-0.29157,42.98534],[-0.28727,42.96703],[-0.28603,42.95678],[-0.28159,42.93356],[-0.30525,42.92652],[-0.32717,42.9165],[-0.32064,42.89883],[-0.31587,42.88223],[-0.30993,42.8654],[-0.31474,42.84687],[-0.33154,42.83507],[-0.34754,42.83591],[-0.36039,42.82205],[-0.37527,42.81165],[-0.3995,42.80218],[-0.42538,42.80227],[-0.4488,42.80106],[-0.47291,42.80816],[-0.49354,42.8179],[-0.51308,42.82091],[-0.52573,42.81033],[-0.53345,42.79243],[-0.56019,42.78021],[-0.56486,42.80117],[-0.59055,42.80266],[-0.60205,42.82023],[-0.60363,42.83262],[-0.62731,42.84515],[-0.64886,42.8552],[-0.6671,42.87623],[-0.68302,42.88337],[-0.7053,42.88453],[-0.7273,42.89325],[-0.73169,42.90389],[-0.72997,42.91719],[-0.73251,42.92841],[-0.73925,42.94764],[-0.75296,42.96771],[-0.77989,42.9644],[-0.80721,42.95413],[-0.84518,42.95234],[-0.88394,42.95592],[-0.9098,42.9636],[-0.94012,42.95374],[-0.97042,42.96177],[-0.98688,42.97228],[-1.00644,42.98899],[-1.0334,42.99476],[-1.059,42.99597],[-1.08306,43.00168],[-1.09187,43.01128],[-1.12278,43.0157],[-1.14095,43.00763],[-1.15064,43.02721],[-1.17139,43.03651],[-1.2115,43.04958],[-1.2532,43.04213],[-1.27054,43.05472],[-1.29542,43.0642],[-1.30859,43.0726],[-1.30116,43.08793],[-1.29267,43.10014],[-1.27702,43.11272],[-1.28501,43.11764],[-1.31468,43.11312],[-1.33847,43.10086],[-1.34173,43.07592],[-1.34877,43.03929],[-1.45228,43.05909],[-1.47087,43.09171],[-1.451,43.10419],[-1.42676,43.11874],[-1.41488,43.13049],[-1.41567,43.14998],[-1.404,43.16037],[-1.39861,43.18159],[-1.38306,43.19988],[-1.38406,43.21902],[-1.37859,43.23515],[-1.39606,43.26344],[-1.42059,43.26917],[-1.46184,43.27128],[-1.48598,43.2825],[-1.50117,43.28757],[-1.53189,43.29351],[-1.56399,43.28514],[-1.56209,43.27038],[-1.5825,43.25328],[-1.60867,43.25191],[-1.62691,43.27709],[-1.62407,43.30607],[-1.65889,43.31367],[-1.68802,43.30926],[-1.71352,43.30032],[-1.73384,43.30621],[-1.73824,43.32007],[-1.7492,43.33139],[-1.76284,43.34392],[-1.78054,43.34814],[-1.7884,43.36436],[-1.77848,43.37295],[-1.75815,43.38113],[-1.74871,43.38323],[-1.72991,43.38282],[-1.69583,43.3935],[-1.68216,43.39404],[-1.66262,43.39118],[-1.65903,43.40383],[-1.63792,43.40998],[-1.62969,43.41821],[-1.619,43.42669],[-1.60145,43.43329],[-1.59489,43.44835],[-1.58075,43.462],[-1.57007,43.47471],[-1.5648,43.48486],[-1.55331,43.49475],[-1.53247,43.51697],[-1.50421,43.52716],[-1.49034,43.53357],[-1.47394,43.53742],[-1.46469,43.5221],[-1.4429,43.51441],[-1.42595,43.50979],[-1.41774,43.50007],[-1.36791,43.4949],[-1.33429,43.50292],[-1.299,43.50164],[-1.26274,43.51204],[-1.21272,43.53394],[-1.1669,43.54416],[-1.14128,43.52458],[-1.13082,43.51468],[-1.14826,43.50945],[-1.16855,43.50159],[-1.15883,43.49526],[-1.14069,43.48871],[-1.11798,43.50146],[-1.10733,43.51431],[-1.08155,43.52217],[-1.069,43.50845],[-1.05169,43.50893],[-1.03579,43.50895],[-1.01707,43.50626],[-0.99339,43.50539],[-0.98909,43.53052],[-0.99793,43.53822],[-0.97864,43.53987],[-0.94629,43.53239],[-0.93035,43.53412],[-0.92252,43.54272],[-0.90536,43.55051],[-0.88112,43.54788],[-0.8491,43.54167],[-0.83709,43.55556],[-0.81296,43.55983],[-0.78076,43.56826],[-0.7664,43.57684],[-0.73849,43.55806],[-0.71246,43.54201],[-0.70775,43.55285],[-0.69612,43.55938],[-0.67917,43.55956],[-0.65387,43.57231],[-0.64462,43.57079],[-0.65782,43.55611],[-0.62811,43.55006],[-0.61211,43.5385],[-0.58984,43.54524],[-0.56908,43.55722],[-0.55717,43.5428],[-0.53624,43.55049],[-0.51975,43.56045],[-0.50766,43.56923],[-0.49124,43.57851],[-0.47266,43.58641],[-0.44921,43.5963],[-0.43531,43.58912],[-0.43785,43.57717],[-0.44789,43.56657],[-0.45496,43.56694],[-0.46075,43.56211],[-0.44971,43.54987],[-0.43179,43.55742],[-0.40604,43.56823],[-0.37219,43.56607],[-0.35669,43.56296],[-0.33596,43.55085],[-0.30913,43.55855],[-0.29671,43.56776],[-0.28146,43.58563],[-0.2536,43.58631],[-0.24284,43.58498]],[[-0.10333,43.35858],[-0.08865,43.34661],[-0.09368,43.33362],[-0.11552,43.33238],[-0.1115,43.31814],[-0.07583,43.30694],[-0.06952,43.32102],[-0.06534,43.33594],[-0.06424,43.35154],[-0.08056,43.36907],[-0.10671,43.36742],[-0.10333,43.35858]],[[-0.10308,43.24282],[-0.08397,43.25782],[-0.09572,43.28629],[-0.11149,43.3104],[-0.12514,43.29443],[-0.13849,43.28036],[-0.12948,43.25603],[-0.10492,43.24291],[-0.10308,43.24282]]]},"properties":{"code":"64","nom":"Pyrénées-Atlantiques"}},{"type":"Feature","geometry":{"type":"MultiPolygon","coordinates":[[[[-0.10308,43.24282],[-0.12811,43.25425],[-0.1383,43.2742],[-0.12808,43.29229],[-0.11327,43.30879],[-0.09335,43.2931],[-0.07967,43.26264],[-0.10413,43.24465],[-0.10308,43.24282]]],[[[-0.10333,43.35858],[-0.09735,43.37406],[-0.07616,43.36303],[-0.0625,43.34671],[-0.06733,43.32887],[-0.06987,43.31378],[-0.09281,43.31045],[-0.11564,43.32288],[-0.11064,43.33659],[-0.08727,43.33384],[-0.09002,43.35454],[-0.10333,43.35858]]],[[[-0.09678,43.58241],[-0.08661,43.58947],[-0.07397,43.60631],[-0.0436,43.61046],[-0.02078,43.60401],[-0.00728,43.59479],[-0.00406,43.57738],[0.00085,43.56263],[0.01566,43.54483],[0.0454,43.52946],[0.06584,43.52055],[0.082,43.51704],[0.10511,43.51476],[0.11866,43.50949],[0.13047,43.4949],[0.13052,43.47473],[0.14989,43.46392],[0.16228,43.44789],[0.14138,43.43497],[0.13231,43.4242],[0.14788,43.40902],[0.16698,43.39994],[0.17689,43.39405],[0.17643,43.37945],[0.19256,43.3721],[0.21534,43.37011],[0.24148,43.37078],[0.25696,43.3766],[0.28,43.38653],[0.29793,43.38216],[0.30099,43.37147],[0.31885,43.37115],[0.32699,43.3604],[0.33184,43.34316],[0.35391,43.34886],[0.37819,43.35324],[0.39059,43.35112],[0.39509,43.34354],[0.41439,43.32883],[0.44466,43.33066],[0.44498,43.34074],[0.47914,43.33257],[0.49783,43.32667],[0.5147,43.33333],[0.54105,43.32706],[0.56211,43.32509],[0.57839,43.32151],[0.5963,43.31585],[0.63254,43.30119],[0.61831,43.29035],[0.60672,43.27753],[0.58741,43.26562],[0.5668,43.25232],[0.55566,43.23734],[0.57413,43.22741],[0.55904,43.21075],[0.54145,43.21218],[0.51998,43.21183],[0.51304,43.19538],[0.52193,43.19209],[0.50226,43.17756],[0.48495,43.16412],[0.45957,43.14895],[0.46103,43.12268],[0.48904,43.11517],[0.50082,43.09574],[0.5324,43.09332],[0.55649,43.07826],[0.55569,43.06605],[0.56228,43.05274],[0.56672,43.03737],[0.54717,43.04485],[0.53481,43.02705],[0.53208,43.00769],[0.54814,43.0063],[0.56563,43.02034],[0.58524,43.02178],[0.59379,43.03303],[0.60879,43.0297],[0.61878,43.00659],[0.62013,42.99128],[0.61883,42.97242],[0.64612,42.96094],[0.62663,42.94179],[0.60429,42.9301],[0.59549,42.91007],[0.58657,42.89882],[0.57628,42.87993],[0.56247,42.86261],[0.53744,42.86279],[0.50646,42.86913],[0.48927,42.8769],[0.47272,42.86186],[0.46651,42.84714],[0.4592,42.83017],[0.45596,42.81044],[0.46143,42.78762],[0.45864,42.76539],[0.46061,42.74733],[0.45611,42.7346],[0.45955,42.72606],[0.48327,42.70724],[0.46456,42.6945],[0.43627,42.69002],[0.41676,42.69487],[0.39327,42.70652],[0.37575,42.71422],[0.34725,42.71368],[0.32462,42.7003],[0.31926,42.68363],[0.29063,42.67673],[0.26633,42.69177],[0.26057,42.71165],[0.2336,42.7188],[0.20599,42.7293],[0.18529,42.73439],[0.1679,42.73094],[0.15152,42.72451],[0.13325,42.71614],[0.09904,42.71329],[0.07648,42.71288],[0.05855,42.69766],[0.03516,42.69962],[0.01367,42.69336],[-0.01064,42.68439],[-0.032,42.69055],[-0.05672,42.69215],[-0.064,42.71009],[-0.08532,42.71903],[-0.11153,42.72566],[-0.11759,42.73832],[-0.13186,42.75867],[-0.14669,42.76842],[-0.15421,42.78077],[-0.16221,42.79671],[-0.18161,42.78683],[-0.1976,42.7952],[-0.21804,42.80131],[-0.23915,42.80888],[-0.24336,42.82314],[-0.26372,42.8243],[-0.28325,42.83758],[-0.30636,42.84121],[-0.31112,42.86181],[-0.31301,42.87852],[-0.3162,42.89393],[-0.3252,42.91192],[-0.30904,42.92373],[-0.28656,42.92939],[-0.28191,42.95094],[-0.28814,42.96439],[-0.29086,42.98305],[-0.28878,43.0003],[-0.26662,43.00856],[-0.25643,43.02425],[-0.26062,43.03595],[-0.22395,43.03369],[-0.20228,43.04255],[-0.19232,43.05687],[-0.19264,43.076],[-0.19649,43.09608],[-0.19153,43.11254],[-0.17196,43.11356],[-0.15577,43.12325],[-0.14282,43.14015],[-0.12625,43.15766],[-0.11839,43.17899],[-0.10595,43.16653],[-0.08644,43.17676],[-0.07077,43.1898],[-0.0712,43.20686],[-0.07253,43.22439],[-0.04468,43.22737],[-0.03688,43.24342],[-0.02356,43.25541],[-0.02321,43.27456],[-0.04397,43.2883],[-0.03775,43.30585],[-0.0215,43.32872],[0.01277,43.32753],[0.01772,43.35263],[0.00494,43.37176],[-0.00152,43.38068],[-0.00443,43.39512],[0.00221,43.40868],[-0.0035,43.43068],[-0.0053,43.44458],[-0.02223,43.43334],[-0.03307,43.42815],[-0.04165,43.41533],[-0.0647,43.40934],[-0.05358,43.42304],[-0.07005,43.43651],[-0.06249,43.45576],[-0.05839,43.46467],[-0.0304,43.46674],[-0.02634,43.47341],[-0.04002,43.48969],[-0.04013,43.51261],[-0.04596,43.52514],[-0.05853,43.53649],[-0.08062,43.54688],[-0.09389,43.55082],[-0.09356,43.56371],[-0.09605,43.57792],[-0.09678,43.58241]]]]},"properties":{"code":"65","nom":"Hautes-Pyrénées"}},{"type":"Feature","geometry":{"type":"Polygon","coordinates":[[[2.16605,42.66392],[2.18261,42.65175],[2.20489,42.66605],[2.2267,42.67417],[2.25515,42.698],[2.29047,42.70014],[2.32244,42.70824],[2.35539,42.72701],[2.35259,42.75946],[2.34392,42.78534],[2.33237,42.81723],[2.33073,42.83794],[2.35353,42.84424],[2.38217,42.84847],[2.43149,42.83961],[2.47645,42.842],[2.51523,42.8455],[2.55218,42.84534],[2.59103,42.83878],[2.62805,42.83667],[2.69105,42.83109],[2.72474,42.83398],[2.74609,42.8421],[2.78905,42.89599],[2.82912,42.90878],[2.85459,42.91511],[2.88043,42.90143],[2.93241,42.88018],[3.02058,42.84871],[3.0402,42.80657],[3.03927,42.78535],[3.03848,42.75789],[3.03905,42.73386],[3.03625,42.704],[3.02999,42.7031],[3.03573,42.68329],[3.03608,42.63991],[3.04128,42.62057],[3.0453,42.59408],[3.04834,42.55644],[3.06543,42.53607],[3.08665,42.52838],[3.09942,42.52456],[3.11794,42.52097],[3.13092,42.51839],[3.13185,42.5106],[3.12833,42.5015],[3.13254,42.49377],[3.13033,42.48186],[3.15313,42.47787],[3.16226,42.46421],[3.16737,42.45622],[3.16672,42.44842],[3.173,42.44096],[3.17145,42.43498],[3.14476,42.43306],[3.12226,42.43584],[3.10646,42.4309],[3.0861,42.42519],[3.06955,42.43759],[3.0533,42.4512],[3.04199,42.4708],[3.02352,42.47182],[2.99619,42.47334],[2.9713,42.46614],[2.94877,42.47946],[2.93022,42.47208],[2.91178,42.45728],[2.87841,42.46394],[2.86385,42.45936],[2.83598,42.4549],[2.82351,42.43944],[2.80675,42.43136],[2.79791,42.41834],[2.77018,42.4118],[2.7532,42.42536],[2.71849,42.4218],[2.70288,42.41146],[2.67394,42.4047],[2.66953,42.38654],[2.65187,42.38498],[2.66395,42.36473],[2.67597,42.35439],[2.67013,42.34073],[2.65122,42.34411],[2.63249,42.34638],[2.60817,42.34832],[2.58758,42.35449],[2.56757,42.35625],[2.55364,42.34763],[2.53522,42.33399],[2.50668,42.34061],[2.48532,42.34077],[2.47273,42.34974],[2.45638,42.36722],[2.43346,42.37709],[2.42882,42.39433],[2.40083,42.39472],[2.37211,42.40026],[2.34918,42.40675],[2.33126,42.41543],[2.31414,42.42785],[2.28862,42.42487],[2.25246,42.43672],[2.23316,42.42609],[2.20658,42.41729],[2.1827,42.41847],[2.15695,42.42338],[2.13317,42.41434],[2.12084,42.39654],[2.11512,42.38205],[2.09259,42.37453],[2.08116,42.36442],[2.03551,42.35751],[2.00889,42.35271],[1.99072,42.35918],[1.9717,42.37379],[1.96015,42.3954],[1.95728,42.42058],[1.94233,42.43781],[1.92065,42.44682],[1.89657,42.44943],[1.88266,42.45611],[1.86283,42.4663],[1.84336,42.47714],[1.8168,42.48306],[1.76062,42.48979],[1.73863,42.49445],[1.726,42.50973],[1.72888,42.5247],[1.7345,42.5365],[1.73638,42.55016],[1.76789,42.56436],[1.78456,42.57218],[1.81599,42.57818],[1.84176,42.58303],[1.86038,42.58401],[1.87423,42.59],[1.89361,42.60476],[1.92228,42.60932],[1.94379,42.60855],[1.9581,42.61746],[1.97726,42.62355],[1.98668,42.64032],[1.997,42.65611],[2.01248,42.65944],[2.0443,42.66016],[2.07634,42.66477],[2.09824,42.66402],[2.1301,42.67115],[2.15965,42.66435],[2.16605,42.66392]],[[1.96006,42.47045],[1.9895,42.44688],[2.00236,42.45835],[1.98766,42.46941],[1.99832,42.48516],[1.97812,42.48887],[1.96006,42.47045]]]},"properties":{"code":"66","nom":"Pyrénées-Orientales"}},{"type":"Feature","geometry":{"type":"Polygon","coordinates":[[[7.63529,49.05416],[7.69333,49.0492],[7.70061,49.05702],[7.72275,49.0513],[7.73574,49.04392],[7.76415,49.04596],[7.78901,49.05934],[7.81305,49.05706],[7.84343,49.0448],[7.86068,49.03526],[7.88823,49.04862],[7.91216,49.04232],[7.93106,49.0561],[7.94579,49.04983],[7.96739,49.03889],[7.9747,49.02697],[8.00248,49.02619],[8.02147,49.01871],[8.04491,49.0139],[8.06331,49.00546],[8.07487,48.99508],[8.09757,48.98857],[8.12339,48.9855],[8.14216,48.97802],[8.16248,48.97742],[8.1847,48.97851],[8.196,48.96896],[8.22494,48.97542],[8.1958,48.95621],[8.15267,48.90903],[8.10877,48.83699],[8.08912,48.80363],[8.04326,48.79073],[8.02034,48.76505],[7.97551,48.75948],[7.96586,48.72434],[7.86748,48.65275],[7.83326,48.6256],[7.80054,48.57718],[7.80409,48.53077],[7.7947,48.50209],[7.767,48.47674],[7.74344,48.41683],[7.73602,48.36305],[7.7358,48.31906],[7.69338,48.30153],[7.68065,48.25683],[7.65639,48.21442],[7.61961,48.17458],[7.60082,48.1423],[7.58288,48.12652],[7.54101,48.12371],[7.51889,48.1451],[7.49492,48.15472],[7.46894,48.17131],[7.47232,48.19211],[7.44608,48.21474],[7.42051,48.22135],[7.40249,48.23168],[7.37439,48.2407],[7.32852,48.24535],[7.32016,48.26119],[7.3115,48.26846],[7.29055,48.2742],[7.29049,48.29073],[7.27048,48.30432],[7.24173,48.30243],[7.21874,48.31103],[7.19669,48.31587],[7.18051,48.32923],[7.16483,48.33768],[7.12049,48.33335],[7.10056,48.34542],[7.07997,48.35489],[7.10148,48.37425],[7.09712,48.39039],[7.08842,48.40269],[7.09778,48.42158],[7.10635,48.44127],[7.10407,48.4528],[7.11733,48.47747],[7.09366,48.48928],[7.09878,48.50119],[7.12207,48.5007],[7.12996,48.50041],[7.12317,48.51359],[7.10438,48.51857],[7.08191,48.51339],[7.07539,48.53479],[7.12757,48.53133],[7.16011,48.52891],[7.18994,48.5449],[7.22027,48.55467],[7.24343,48.57823],[7.26457,48.59291],[7.26552,48.60872],[7.27843,48.6252],[7.26797,48.63345],[7.28824,48.64333],[7.29035,48.66032],[7.26306,48.66706],[7.24249,48.69154],[7.26545,48.70147],[7.28506,48.73031],[7.30604,48.76033],[7.30084,48.77725],[7.2876,48.79774],[7.25623,48.80507],[7.25237,48.81589],[7.24546,48.81683],[7.21841,48.82586],[7.2037,48.82695],[7.18734,48.83616],[7.18257,48.84952],[7.17145,48.84256],[7.14735,48.84317],[7.14708,48.82494],[7.12223,48.80917],[7.10639,48.79628],[7.07924,48.78629],[7.06909,48.80058],[7.0793,48.81404],[7.04916,48.82268],[7.05501,48.84775],[7.07992,48.84804],[7.09573,48.86214],[7.05601,48.85889],[7.04835,48.87366],[7.02622,48.88042],[6.95467,48.89389],[6.95643,48.92098],[6.94436,48.93448],[6.95685,48.92763],[6.97981,48.93481],[6.98635,48.94717],[6.99252,48.96052],[7.03222,48.95605],[7.03642,48.9756],[7.03576,48.97823],[7.03447,48.99132],[7.04572,49.0014],[7.05208,49.01308],[7.05359,49.02635],[7.07621,49.05262],[7.08365,49.06867],[7.11252,49.07229],[7.10191,49.05913],[7.10836,49.04273],[7.11337,49.03253],[7.12343,49.02444],[7.12797,49.01319],[7.1681,49.00479],[7.19429,48.99518],[7.24486,48.98596],[7.28036,48.97514],[7.29146,48.96069],[7.32685,48.94337],[7.36259,48.95473],[7.39483,48.95513],[7.44393,48.96416],[7.4691,48.96205],[7.48348,48.95229],[7.5219,48.94195],[7.54995,48.93481],[7.55409,48.94436],[7.5821,48.96516],[7.5925,48.98717],[7.60186,49.00423],[7.60643,49.02003],[7.61975,49.03166],[7.63529,49.05416]]]},"properties":{"code":"67","nom":"Bas-Rhin"}},{"type":"Feature","geometry":{"type":"Polygon","coordinates":[[[7.19828,48.31047],[7.22483,48.30905],[7.24813,48.30416],[7.27508,48.30561],[7.29482,48.28731],[7.29251,48.27078],[7.31671,48.27062],[7.31429,48.26244],[7.34688,48.24675],[7.38058,48.23798],[7.40274,48.22865],[7.43116,48.22071],[7.45477,48.20982],[7.47319,48.18684],[7.47159,48.16821],[7.49947,48.15443],[7.51535,48.13313],[7.55287,48.12183],[7.57909,48.10002],[7.57376,48.05664],[7.59664,48.01056],[7.62209,47.97227],[7.58537,47.93378],[7.58351,47.90358],[7.5567,47.87994],[7.56311,47.84379],[7.53897,47.7998],[7.53985,47.75433],[7.53473,47.7145],[7.51927,47.67531],[7.53842,47.64881],[7.57096,47.62372],[7.59304,47.5986],[7.56954,47.57736],[7.54776,47.56185],[7.5226,47.54838],[7.49804,47.53599],[7.51683,47.53345],[7.52771,47.52155],[7.50733,47.51521],[7.50565,47.51164],[7.5013,47.49285],[7.47612,47.48],[7.44857,47.49154],[7.4278,47.49048],[7.43184,47.4807],[7.45021,47.47533],[7.4382,47.46041],[7.41733,47.44425],[7.38244,47.43293],[7.35569,47.43378],[7.33071,47.44157],[7.30288,47.43871],[7.28034,47.43269],[7.24618,47.42022],[7.23281,47.43881],[7.19631,47.43535],[7.17286,47.44633],[7.17844,47.4667],[7.1957,47.48918],[7.17161,47.48951],[7.13035,47.50303],[7.13788,47.53065],[7.13027,47.54125],[7.10687,47.55054],[7.10303,47.57007],[7.08599,47.58699],[7.07724,47.59807],[7.06587,47.60128],[7.04634,47.60103],[7.01944,47.59012],[7.01217,47.60044],[7.00876,47.60937],[7.00736,47.62098],[7.01693,47.62719],[7.01218,47.63765],[7.01981,47.65068],[7.03553,47.66338],[7.03895,47.67854],[7.03842,47.68705],[7.03133,47.6995],[7.03573,47.72126],[7.02155,47.73327],[6.99537,47.74613],[6.97046,47.75437],[6.94595,47.76522],[6.92216,47.77281],[6.88606,47.7804],[6.86244,47.78637],[6.84855,47.80448],[6.84618,47.82295],[6.87487,47.82917],[6.89756,47.8386],[6.91844,47.85423],[6.90653,47.86514],[6.9097,47.88164],[6.9043,47.8927],[6.92547,47.90593],[6.91366,47.91805],[6.92542,47.93385],[6.9221,47.94803],[6.92806,47.96181],[6.9374,47.97514],[6.9451,47.9873],[6.95291,48.00294],[6.97002,48.00645],[6.99021,48.01939],[7.00909,48.03278],[7.01423,48.04789],[7.02588,48.0649],[7.0476,48.08006],[7.06811,48.1018],[7.08416,48.12921],[7.05865,48.14097],[7.07536,48.16065],[7.08533,48.18087],[7.10841,48.1976],[7.11996,48.21514],[7.13403,48.23768],[7.14151,48.25794],[7.15949,48.26875],[7.1736,48.2878],[7.18028,48.30026],[7.19828,48.31047]]]},"properties":{"code":"68","nom":"Haut-Rhin"}},{"type":"Feature","geometry":{"type":"Polygon","coordinates":[[[4.38808,46.21979],[4.39241,46.23542],[4.39096,46.24998],[4.39611,46.26877],[4.40243,46.2873],[4.42187,46.29495],[4.43876,46.29338],[4.46922,46.28728],[4.49239,46.28045],[4.50869,46.26758],[4.54313,46.27227],[4.55323,46.28567],[4.56883,46.29385],[4.57218,46.27796],[4.59275,46.26855],[4.62194,46.26973],[4.62381,46.28494],[4.63682,46.30066],[4.65525,46.30226],[4.67188,46.29782],[4.683,46.30286],[4.70191,46.28636],[4.70769,46.26965],[4.68914,46.26879],[4.68174,46.25549],[4.70075,46.25069],[4.72235,46.2433],[4.73666,46.23247],[4.71953,46.22788],[4.72885,46.21405],[4.72539,46.20698],[4.72521,46.1886],[4.73429,46.17716],[4.75976,46.17284],[4.78021,46.17668],[4.80295,46.15508],[4.77506,46.12084],[4.75415,46.096],[4.75533,46.08017],[4.75139,46.05524],[4.74697,46.03153],[4.74845,46.00193],[4.74846,45.96241],[4.73436,45.93936],[4.77485,45.93907],[4.7935,45.92215],[4.80463,45.90273],[4.82445,45.90504],[4.84912,45.91286],[4.87201,45.89458],[4.89614,45.87733],[4.9034,45.86479],[4.91335,45.84705],[4.91873,45.83414],[4.91962,45.82201],[4.9238,45.804],[4.97134,45.80722],[5.00603,45.80744],[5.04119,45.81051],[5.08971,45.81141],[5.08931,45.78428],[5.05952,45.78254],[5.08634,45.76585],[5.08938,45.74966],[5.09715,45.73912],[5.12397,45.73827],[5.14291,45.72381],[5.16021,45.71176],[5.15017,45.70581],[5.13788,45.70291],[5.11909,45.69971],[5.10489,45.70038],[5.10057,45.68444],[5.0753,45.67218],[5.05755,45.6547],[5.03673,45.6397],[5.04364,45.62133],[5.0196,45.61858],[4.99796,45.60341],[4.93307,45.60747],[4.90564,45.60662],[4.88234,45.6018],[4.86136,45.58886],[4.84393,45.5821],[4.81629,45.58874],[4.77978,45.58203],[4.82227,45.55652],[4.86444,45.53734],[4.84915,45.50673],[4.80805,45.48208],[4.78132,45.45778],[4.75694,45.45571],[4.74194,45.47709],[4.72183,45.4944],[4.70614,45.48069],[4.6798,45.48102],[4.66625,45.47811],[4.65134,45.4917],[4.65028,45.5239],[4.66622,45.54125],[4.67533,45.54811],[4.68618,45.55581],[4.67495,45.56888],[4.65859,45.56377],[4.64624,45.55507],[4.65522,45.54175],[4.63903,45.5451],[4.62985,45.56157],[4.61878,45.57391],[4.6037,45.57178],[4.58173,45.5769],[4.54554,45.58059],[4.51049,45.57778],[4.49977,45.58495],[4.48056,45.58843],[4.4741,45.59242],[4.46147,45.60067],[4.44746,45.61462],[4.42187,45.62967],[4.40063,45.64325],[4.39176,45.66025],[4.36592,45.67124],[4.36742,45.68553],[4.36552,45.69852],[4.37634,45.71498],[4.38893,45.73054],[4.39983,45.74362],[4.3799,45.75226],[4.36039,45.75301],[4.34923,45.76433],[4.35906,45.77639],[4.37263,45.78173],[4.377,45.79191],[4.37369,45.80506],[4.38646,45.80906],[4.38479,45.81949],[4.38812,45.83463],[4.39203,45.85337],[4.38522,45.86394],[4.35068,45.87059],[4.33808,45.88886],[4.32555,45.90425],[4.34315,45.91654],[4.33898,45.92449],[4.33615,45.93169],[4.31178,45.94076],[4.29728,45.95186],[4.29527,45.96629],[4.28071,45.97586],[4.25542,45.98317],[4.24399,45.99586],[4.26285,46.00191],[4.26923,45.98884],[4.2851,45.99387],[4.29755,45.99006],[4.30949,46.00272],[4.30292,46.02083],[4.28106,46.02188],[4.2652,46.03571],[4.25099,46.0489],[4.27701,46.05381],[4.29801,46.0643],[4.30781,46.07988],[4.31046,46.09032],[4.30702,46.1063],[4.32157,46.12922],[4.35217,46.13597],[4.37703,46.14984],[4.40691,46.13867],[4.43005,46.15454],[4.43271,46.17334],[4.407,46.18214],[4.41522,46.2004],[4.41511,46.21291],[4.39542,46.21849],[4.38808,46.21979]]]},"properties":{"code":"69","nom":"Rhône"}},{"type":"Feature","geometry":{"type":"Polygon","coordinates":[[[5.88473,47.92605],[5.8952,47.94054],[5.91857,47.954],[5.92254,47.97198],[5.94749,47.97922],[5.95422,47.96204],[5.93731,47.94793],[5.93543,47.93593],[5.96054,47.94258],[5.97688,47.95724],[5.99697,47.95702],[6.00724,47.96579],[6.02291,47.97727],[6.02492,47.99157],[6.05571,48.00882],[6.10931,48.01355],[6.13321,48.02227],[6.15209,48.00955],[6.15733,47.99209],[6.16375,47.97527],[6.15064,47.96548],[6.16798,47.95235],[6.18664,47.95354],[6.20806,47.94676],[6.21597,47.93128],[6.24324,47.93964],[6.29596,47.95552],[6.3245,47.94928],[6.35635,47.95913],[6.38516,47.95899],[6.40583,47.94959],[6.42973,47.94331],[6.44346,47.92945],[6.46274,47.91733],[6.46229,47.89943],[6.47826,47.88544],[6.52455,47.90023],[6.55225,47.91157],[6.57781,47.93703],[6.6041,47.94481],[6.6303,47.92836],[6.63977,47.91216],[6.66298,47.89712],[6.68969,47.8864],[6.71073,47.87525],[6.73286,47.86528],[6.74991,47.8595],[6.77976,47.85076],[6.79038,47.83622],[6.80805,47.82207],[6.82354,47.81305],[6.80796,47.79339],[6.7847,47.78144],[6.76941,47.76315],[6.76036,47.738],[6.76895,47.71461],[6.77779,47.69819],[6.77815,47.67228],[6.78675,47.65322],[6.80103,47.63604],[6.77822,47.62138],[6.78834,47.60469],[6.80079,47.59187],[6.80871,47.58075],[6.80701,47.5628],[6.78527,47.54341],[6.77342,47.53689],[6.74423,47.55137],[6.71951,47.55253],[6.68525,47.56315],[6.66875,47.57228],[6.66381,47.57688],[6.66158,47.56665],[6.65832,47.5455],[6.63384,47.53236],[6.61088,47.53038],[6.5988,47.53988],[6.5747,47.53719],[6.57603,47.52873],[6.58133,47.50845],[6.55546,47.49574],[6.53725,47.50406],[6.51579,47.49659],[6.50057,47.51025],[6.47591,47.49654],[6.46856,47.49514],[6.46349,47.51212],[6.42857,47.51691],[6.40802,47.52124],[6.38625,47.50768],[6.36065,47.51105],[6.33435,47.50597],[6.32118,47.48639],[6.30071,47.48519],[6.29409,47.46597],[6.28771,47.44795],[6.26212,47.44301],[6.25654,47.42491],[6.2334,47.42975],[6.24381,47.41242],[6.22733,47.42104],[6.2065,47.43124],[6.19863,47.41776],[6.1818,47.41539],[6.17381,47.40657],[6.18667,47.40143],[6.17102,47.39],[6.1639,47.3896],[6.15314,47.38748],[6.12634,47.39391],[6.11354,47.38721],[6.10806,47.38113],[6.1197,47.36846],[6.11519,47.36559],[6.10061,47.37156],[6.08266,47.36858],[6.07697,47.35443],[6.05307,47.35013],[6.04364,47.34611],[6.03083,47.33697],[6.00737,47.33669],[5.99356,47.32961],[5.98098,47.32728],[5.97365,47.32902],[5.95999,47.33927],[5.94237,47.34135],[5.92443,47.34155],[5.92449,47.32758],[5.90885,47.33131],[5.89609,47.3277],[5.89772,47.31045],[5.88095,47.321],[5.86006,47.31441],[5.84949,47.30594],[5.83162,47.29873],[5.81243,47.29666],[5.78413,47.28999],[5.76694,47.27672],[5.75426,47.27292],[5.74023,47.26468],[5.73366,47.26727],[5.72005,47.26843],[5.70138,47.2652],[5.69197,47.27231],[5.67914,47.27426],[5.66743,47.26897],[5.652,47.2623],[5.63984,47.25589],[5.62177,47.25569],[5.60687,47.25954],[5.59116,47.25908],[5.57231,47.25776],[5.56664,47.2712],[5.55927,47.27717],[5.54158,47.28118],[5.53097,47.29286],[5.52405,47.30448],[5.50911,47.30809],[5.49467,47.31461],[5.4746,47.31565],[5.47661,47.32388],[5.48227,47.32881],[5.49254,47.34797],[5.4924,47.37377],[5.49507,47.39071],[5.47204,47.39381],[5.45181,47.3832],[5.43454,47.39622],[5.44146,47.41044],[5.4313,47.43313],[5.43677,47.45053],[5.41416,47.45438],[5.40063,47.4591],[5.38248,47.45508],[5.3673,47.46447],[5.39175,47.46968],[5.3936,47.48103],[5.39541,47.49408],[5.42095,47.49718],[5.432,47.49081],[5.4513,47.50435],[5.47194,47.52727],[5.49686,47.54414],[5.49129,47.56338],[5.48528,47.57205],[5.47954,47.60084],[5.45905,47.6157],[5.44158,47.62999],[5.41763,47.62446],[5.40569,47.60461],[5.38572,47.60099],[5.37173,47.61473],[5.38302,47.63163],[5.40562,47.64813],[5.40634,47.6734],[5.43026,47.67327],[5.45443,47.67307],[5.47965,47.68257],[5.5078,47.67645],[5.53092,47.67523],[5.55824,47.69715],[5.57703,47.70442],[5.58637,47.68953],[5.59416,47.67523],[5.6187,47.67431],[5.64796,47.67533],[5.67105,47.68223],[5.69464,47.69159],[5.69353,47.70481],[5.68407,47.71746],[5.68946,47.73194],[5.70611,47.75153],[5.69656,47.77039],[5.67661,47.77916],[5.68141,47.80117],[5.69224,47.82133],[5.72168,47.82174],[5.74525,47.82668],[5.74675,47.84068],[5.75606,47.85332],[5.78045,47.85607],[5.79608,47.84675],[5.82949,47.85336],[5.82241,47.85748],[5.8207,47.8691],[5.83863,47.88539],[5.85132,47.90599],[5.87843,47.90112],[5.88795,47.91735],[5.88473,47.92605]]]},"properties":{"code":"70","nom":"Haute-Saône"}},{"type":"Feature","geometry":{"type":"Polygon","coordinates":[[[4.11597,47.12334],[4.1331,47.12154],[4.15842,47.11953],[4.17753,47.11342],[4.17996,47.12503],[4.18834,47.13848],[4.1819,47.15051],[4.2013,47.15258],[4.21368,47.14675],[4.22929,47.1442],[4.24234,47.14606],[4.24101,47.13632],[4.25267,47.12299],[4.26491,47.11144],[4.28623,47.11032],[4.30206,47.10722],[4.33351,47.10227],[4.34843,47.0927],[4.34566,47.07497],[4.3588,47.06191],[4.37053,47.07957],[4.40527,47.08183],[4.41076,47.07404],[4.40519,47.06271],[4.40416,47.05301],[4.42203,47.04702],[4.43338,47.04096],[4.45922,47.04183],[4.46969,47.0339],[4.48975,47.03344],[4.49989,47.01885],[4.52862,47.0116],[4.55481,47.02005],[4.55614,47.00288],[4.55052,46.99408],[4.56704,46.99273],[4.59349,46.96507],[4.6009,46.94988],[4.61752,46.94259],[4.63624,46.94024],[4.67578,46.9313],[4.66895,46.91303],[4.6871,46.90011],[4.70871,46.9051],[4.71968,46.91724],[4.73682,46.92353],[4.76274,46.91774],[4.77557,46.91815],[4.79194,46.92604],[4.81395,46.93168],[4.8344,46.93925],[4.86354,46.94527],[4.87911,46.95087],[4.89345,46.95519],[4.91244,46.96737],[4.94414,46.96494],[4.96641,46.962],[4.9878,46.95993],[4.99523,46.96142],[5.01253,46.97182],[5.02324,46.97725],[5.0493,46.98159],[5.06857,46.96839],[5.08655,46.96009],[5.10119,46.95856],[5.10204,46.94805],[5.12013,46.96103],[5.13827,46.96239],[5.16254,46.96369],[5.18074,46.97211],[5.196,46.97865],[5.21783,46.98586],[5.25477,46.98168],[5.25594,46.97174],[5.26325,46.96346],[5.25977,46.94613],[5.26252,46.93543],[5.28336,46.93927],[5.30319,46.93907],[5.307,46.92358],[5.32402,46.90103],[5.33663,46.88563],[5.35782,46.88534],[5.37844,46.88823],[5.39077,46.8924],[5.40055,46.88046],[5.40732,46.86813],[5.43082,46.85989],[5.44081,46.85345],[5.45004,46.85631],[5.43609,46.8615],[5.45833,46.85014],[5.46409,46.83954],[5.45942,46.82925],[5.44998,46.82736],[5.433,46.82715],[5.40969,46.83142],[5.39665,46.83054],[5.37689,46.82654],[5.35157,46.81357],[5.33915,46.8261],[5.33584,46.82073],[5.33132,46.81032],[5.3328,46.79561],[5.35667,46.7898],[5.37158,46.7836],[5.38048,46.77633],[5.38198,46.76004],[5.36617,46.748],[5.3625,46.73494],[5.39096,46.72748],[5.3952,46.70995],[5.40746,46.69994],[5.39772,46.68279],[5.41932,46.66937],[5.42375,46.65863],[5.43132,46.64366],[5.42952,46.62574],[5.4102,46.61479],[5.39922,46.60896],[5.41032,46.60177],[5.40517,46.58818],[5.38987,46.57968],[5.363,46.57783],[5.36248,46.56272],[5.36131,46.54051],[5.3583,46.51969],[5.38192,46.51623],[5.39882,46.50576],[5.41955,46.5023],[5.41916,46.47944],[5.39975,46.46803],[5.37331,46.4601],[5.35132,46.46299],[5.32318,46.45828],[5.31056,46.44677],[5.28748,46.44733],[5.25765,46.44985],[5.24146,46.46125],[5.22183,46.46923],[5.21133,46.47777],[5.20728,46.48999],[5.19994,46.50385],[5.18663,46.50878],[5.16597,46.51775],[5.16231,46.5051],[5.13444,46.50548],[5.11817,46.4971],[5.09725,46.49996],[5.07895,46.48855],[5.05643,46.48393],[5.03773,46.49175],[5.01297,46.50129],[5.0057,46.5097],[4.9646,46.51318],[4.96505,46.50632],[4.94751,46.50349],[4.94762,46.51393],[4.94237,46.51302],[4.92699,46.49925],[4.91596,46.47338],[4.89563,46.44683],[4.88895,46.40607],[4.85853,46.36802],[4.85363,46.33452],[4.83183,46.29689],[4.81358,46.26334],[4.80776,46.23697],[4.79362,46.20411],[4.77089,46.17539],[4.75164,46.17234],[4.72716,46.18002],[4.72168,46.19385],[4.73428,46.20642],[4.72772,46.21912],[4.72982,46.22753],[4.73041,46.23612],[4.71436,46.24594],[4.69324,46.24823],[4.67998,46.26278],[4.69471,46.2717],[4.70875,46.27969],[4.69472,46.29205],[4.67633,46.30461],[4.66625,46.29667],[4.65045,46.30379],[4.6367,46.29336],[4.61702,46.28062],[4.61243,46.26721],[4.5854,46.26974],[4.5724,46.28461],[4.55705,46.29361],[4.54821,46.28383],[4.52127,46.27067],[4.50146,46.27011],[4.48455,46.28753],[4.45863,46.29693],[4.43498,46.29988],[4.40581,46.29606],[4.3977,46.28045],[4.39205,46.26302],[4.3864,46.24404],[4.38695,46.22791],[4.38382,46.21182],[4.3671,46.20153],[4.36959,46.19344],[4.36515,46.18371],[4.34567,46.18784],[4.32709,46.18479],[4.30868,46.17377],[4.29231,46.17248],[4.27732,46.15708],[4.24869,46.16603],[4.25768,46.18212],[4.2459,46.18808],[4.22703,46.17822],[4.20373,46.19423],[4.18318,46.18597],[4.18701,46.17457],[4.13339,46.17732],[4.11165,46.19197],[4.09088,46.19284],[4.0664,46.18709],[4.04775,46.17969],[4.0305,46.16977],[3.99012,46.16911],[3.97814,46.18602],[3.96517,46.20286],[3.93352,46.20642],[3.90124,46.21056],[3.89809,46.22518],[3.90185,46.23894],[3.90548,46.25207],[3.90732,46.26667],[3.89243,46.28388],[3.91226,46.29643],[3.94785,46.3056],[3.9589,46.31881],[3.98402,46.31872],[3.99741,46.32329],[3.98474,46.32973],[3.98794,46.35357],[3.98304,46.3806],[3.98307,46.40336],[3.99531,46.4251],[4.00043,46.43915],[4.00154,46.45862],[3.97915,46.47388],[3.95501,46.47693],[3.94687,46.49185],[3.91016,46.49538],[3.88668,46.48305],[3.8607,46.49965],[3.84947,46.51303],[3.84459,46.52735],[3.81402,46.52271],[3.7879,46.52805],[3.76746,46.53901],[3.73739,46.54348],[3.7431,46.5655],[3.73706,46.59923],[3.71286,46.61023],[3.72271,46.62761],[3.70324,46.64796],[3.67361,46.67048],[3.66807,46.68436],[3.65066,46.70517],[3.63534,46.72852],[3.62882,46.746],[3.63952,46.73944],[3.66042,46.73754],[3.6878,46.74127],[3.71443,46.7486],[3.73894,46.75231],[3.76387,46.74237],[3.78153,46.72987],[3.79278,46.70988],[3.8137,46.70453],[3.83587,46.7095],[3.84068,46.71785],[3.86406,46.72538],[3.87636,46.73227],[3.88726,46.72717],[3.90767,46.73598],[3.92352,46.73847],[3.92879,46.74892],[3.95718,46.75611],[3.96603,46.76797],[3.99156,46.77665],[4.00388,46.77867],[4.02512,46.77962],[4.03961,46.7862],[4.05604,46.77966],[4.05907,46.79985],[4.05811,46.81765],[4.04799,46.83764],[4.09937,46.86691],[4.08441,46.88312],[4.06662,46.89819],[4.04681,46.89947],[4.03857,46.91539],[4.04214,46.93064],[4.04351,46.93839],[4.05572,46.95675],[4.03771,46.98558],[4.01172,46.97234],[3.99366,46.97899],[4.00867,46.99043],[4.03787,47.00547],[4.05873,47.01992],[4.05591,47.03661],[4.06975,47.06006],[4.04434,47.07633],[4.05104,47.09647],[4.05292,47.11421],[4.07777,47.11812],[4.09438,47.12417],[4.10993,47.11821],[4.11597,47.12334]],[[5.45608,46.85084],[5.45638,46.85244],[5.45803,46.85397],[5.45661,46.85437],[5.45523,46.85315],[5.45231,46.85364],[5.45186,46.85266],[5.45369,46.85139],[5.45608,46.85084]],[[5.44441,46.84534],[5.44592,46.84543],[5.44783,46.84673],[5.44616,46.84944],[5.4429,46.84984],[5.44199,46.85113],[5.44031,46.85059],[5.43983,46.84893],[5.44209,46.84829],[5.44078,46.84616],[5.44441,46.84534]]]},"properties":{"code":"71","nom":"Saône-et-Loire"}},{"type":"Feature","geometry":{"type":"Polygon","coordinates":[[[-0.05453,48.382],[-0.04691,48.37929],[-0.02785,48.38625],[-0.01151,48.39358],[0.00331,48.38989],[0.01531,48.38167],[0.05233,48.37994],[0.05414,48.39195],[0.07557,48.40868],[0.10343,48.41357],[0.11718,48.43603],[0.14436,48.43731],[0.14737,48.45002],[0.15248,48.45736],[0.17358,48.45115],[0.18244,48.46508],[0.20415,48.46967],[0.22852,48.47247],[0.25504,48.47583],[0.27118,48.48126],[0.30072,48.48049],[0.31598,48.47276],[0.33852,48.46547],[0.35121,48.45943],[0.36562,48.44881],[0.3714,48.43438],[0.38186,48.4199],[0.37521,48.39864],[0.37878,48.38026],[0.38232,48.35827],[0.38063,48.34306],[0.39271,48.32365],[0.40622,48.31462],[0.42367,48.31825],[0.43133,48.30664],[0.46063,48.30551],[0.48757,48.3078],[0.50703,48.29583],[0.49459,48.28196],[0.51157,48.26915],[0.5329,48.26428],[0.54862,48.25005],[0.56732,48.24503],[0.59942,48.24521],[0.61842,48.24367],[0.63241,48.2358],[0.6311,48.25258],[0.65526,48.2631],[0.6799,48.25515],[0.68659,48.24198],[0.7002,48.22884],[0.70652,48.21863],[0.71787,48.21034],[0.73116,48.19865],[0.75231,48.18378],[0.78161,48.18894],[0.80551,48.18592],[0.82482,48.17637],[0.83951,48.16567],[0.8661,48.16421],[0.88922,48.15898],[0.90926,48.14393],[0.89464,48.1357],[0.87269,48.1325],[0.84987,48.11527],[0.82104,48.09273],[0.83348,48.0919],[0.84414,48.09478],[0.84492,48.08368],[0.83223,48.06994],[0.8028,48.07163],[0.79808,48.05609],[0.79755,48.03724],[0.80837,48.03167],[0.82986,48.03069],[0.83878,48.02357],[0.83677,48.00881],[0.82622,47.99147],[0.82677,47.97444],[0.83899,47.96191],[0.84542,47.94756],[0.83307,47.93693],[0.8121,47.92618],[0.81404,47.90502],[0.81478,47.891],[0.79507,47.89991],[0.78051,47.91038],[0.75841,47.89326],[0.76157,47.8727],[0.77387,47.85033],[0.76841,47.8311],[0.74587,47.82756],[0.73772,47.81018],[0.71949,47.79275],[0.70102,47.79006],[0.70195,47.77104],[0.6893,47.76538],[0.6647,47.76265],[0.62756,47.75194],[0.6165,47.73527],[0.59409,47.72311],[0.59006,47.706],[0.60419,47.68561],[0.61586,47.6874],[0.59688,47.67285],[0.55879,47.6708],[0.54914,47.6586],[0.52296,47.6531],[0.49967,47.64528],[0.47645,47.64679],[0.45663,47.63883],[0.44652,47.61986],[0.41974,47.62091],[0.39768,47.63827],[0.37356,47.63238],[0.37596,47.61172],[0.39696,47.59399],[0.39135,47.57652],[0.36786,47.57209],[0.34125,47.57954],[0.32635,47.59207],[0.29771,47.5966],[0.26784,47.60867],[0.24595,47.61062],[0.21129,47.61228],[0.20215,47.61117],[0.18429,47.61012],[0.16527,47.59389],[0.14398,47.5844],[0.13372,47.59424],[0.12132,47.59836],[0.09645,47.60464],[0.06033,47.60426],[0.02642,47.62077],[0.01187,47.62808],[-0.00451,47.64769],[-0.05468,47.64842],[-0.07127,47.65883],[-0.09242,47.65101],[-0.10836,47.65459],[-0.11133,47.63536],[-0.13326,47.63432],[-0.15267,47.64222],[-0.19696,47.65085],[-0.20486,47.67007],[-0.21977,47.68765],[-0.19467,47.69927],[-0.17341,47.71341],[-0.19644,47.72511],[-0.21904,47.71669],[-0.23897,47.70424],[-0.26409,47.71237],[-0.28073,47.71725],[-0.30821,47.71731],[-0.33544,47.7206],[-0.36251,47.71516],[-0.36102,47.7255],[-0.36734,47.73673],[-0.37885,47.75177],[-0.3817,47.76056],[-0.38147,47.78613],[-0.40221,47.8049],[-0.42872,47.80617],[-0.43986,47.82359],[-0.43279,47.84036],[-0.42385,47.84853],[-0.41349,47.85611],[-0.38781,47.86009],[-0.37613,47.86153],[-0.36922,47.87028],[-0.37394,47.88268],[-0.3915,47.89122],[-0.40708,47.89748],[-0.40732,47.90863],[-0.40241,47.91982],[-0.39518,47.92106],[-0.38496,47.93057],[-0.35311,47.93351],[-0.33275,47.93609],[-0.30903,47.9409],[-0.28466,47.95297],[-0.29627,47.96297],[-0.30103,47.97519],[-0.30477,47.98441],[-0.31217,47.99828],[-0.33503,48.01149],[-0.338,48.03689],[-0.32637,48.04983],[-0.30609,48.04939],[-0.28399,48.05848],[-0.24696,48.06146],[-0.2258,48.07047],[-0.23519,48.08274],[-0.23359,48.09937],[-0.21643,48.10968],[-0.22296,48.12272],[-0.24597,48.13131],[-0.25217,48.13467],[-0.23742,48.14742],[-0.24951,48.157],[-0.22988,48.16945],[-0.19874,48.17902],[-0.14684,48.20501],[-0.14894,48.22831],[-0.16099,48.24128],[-0.16734,48.26351],[-0.15006,48.27657],[-0.14252,48.29329],[-0.14247,48.30584],[-0.15795,48.32152],[-0.1571,48.34088],[-0.12808,48.33963],[-0.13428,48.35029],[-0.13322,48.36457],[-0.11216,48.37425],[-0.07782,48.36901],[-0.05971,48.37731],[-0.05453,48.382]]]},"properties":{"code":"72","nom":"Sarthe"}},{"type":"Feature","geometry":{"type":"Polygon","coordinates":[[[6.80252,45.77837],[6.80488,45.75994],[6.81267,45.74332],[6.80926,45.72908],[6.82221,45.71131],[6.84167,45.69904],[6.86697,45.68396],[6.89334,45.6755],[6.90661,45.67036],[6.91603,45.65309],[6.93298,45.64608],[6.97046,45.65387],[6.9907,45.64247],[6.99798,45.63141],[6.98636,45.6131],[6.9806,45.59428],[6.99529,45.57456],[6.99064,45.55966],[6.99261,45.53745],[7.00271,45.51288],[7.02708,45.49654],[7.04955,45.4969],[7.04783,45.48192],[7.06285,45.47331],[7.09374,45.47064],[7.09918,45.45879],[7.1151,45.4399],[7.1295,45.42806],[7.15689,45.41701],[7.18427,45.40748],[7.17319,45.38539],[7.16007,45.37208],[7.15814,45.35867],[7.13748,45.35001],[7.13175,45.32924],[7.10962,45.3189],[7.11996,45.30184],[7.13582,45.27811],[7.13174,45.26287],[7.13001,45.24793],[7.10614,45.23846],[7.09054,45.2286],[7.08079,45.21707],[7.06189,45.21508],[7.04276,45.22531],[7.02329,45.21858],[7.00356,45.21991],[6.97999,45.20905],[6.96447,45.19818],[6.95226,45.1865],[6.94291,45.17619],[6.92427,45.16632],[6.89395,45.16852],[6.88865,45.15201],[6.89438,45.13737],[6.87107,45.13482],[6.84789,45.1272],[6.83037,45.14031],[6.80992,45.14836],[6.78262,45.15612],[6.75858,45.15217],[6.73759,45.13734],[6.71211,45.14465],[6.68882,45.1398],[6.66442,45.12233],[6.6482,45.11477],[6.62482,45.11524],[6.60171,45.1218],[6.57475,45.12131],[6.55866,45.10397],[6.52971,45.09857],[6.50736,45.10523],[6.48049,45.09417],[6.48447,45.07587],[6.48721,45.05995],[6.46657,45.0547],[6.44163,45.05803],[6.42278,45.06008],[6.39464,45.06143],[6.36488,45.07017],[6.37241,45.08544],[6.35548,45.1082],[6.33789,45.12065],[6.31733,45.11199],[6.28628,45.11016],[6.26772,45.1225],[6.26343,45.14094],[6.23798,45.14679],[6.21835,45.14533],[6.19718,45.16108],[6.17436,45.16161],[6.15601,45.15167],[6.14912,45.16794],[6.16192,45.18841],[6.14156,45.2179],[6.12709,45.23243],[6.13171,45.25051],[6.13939,45.26656],[6.13056,45.28189],[6.14124,45.29879],[6.15394,45.31135],[6.17895,45.31782],[6.18499,45.33013],[6.19347,45.34999],[6.17592,45.35516],[6.19184,45.36933],[6.18028,45.38703],[6.16687,45.40014],[6.14466,45.4136],[6.13337,45.42979],[6.11338,45.43677],[6.09538,45.43167],[6.08808,45.44376],[6.05318,45.43948],[6.00857,45.46113],[5.98371,45.48103],[5.9728,45.49166],[5.92136,45.46801],[5.9219,45.45084],[5.91362,45.43548],[5.90203,45.41361],[5.92184,45.41639],[5.91939,45.40616],[5.89161,45.39066],[5.88195,45.40547],[5.86072,45.40925],[5.8417,45.41899],[5.81972,45.42112],[5.80373,45.43116],[5.78732,45.4386],[5.76539,45.43887],[5.74928,45.43678],[5.73197,45.45282],[5.73382,45.47464],[5.71482,45.49138],[5.70984,45.50233],[5.70361,45.51238],[5.69246,45.52375],[5.66974,45.53807],[5.67645,45.54597],[5.67091,45.55722],[5.66087,45.56611],[5.64567,45.58421],[5.62303,45.60428],[5.63402,45.61251],[5.64863,45.63135],[5.67812,45.63836],[5.68377,45.66367],[5.70976,45.68648],[5.70835,45.71057],[5.74045,45.70901],[5.76091,45.71578],[5.76984,45.74131],[5.77904,45.75989],[5.78423,45.79129],[5.78564,45.8211],[5.82854,45.9093],[5.82288,45.93185],[5.85388,45.93299],[5.86909,45.88686],[5.8746,45.85449],[5.87678,45.83511],[5.89834,45.82686],[5.90997,45.8096],[5.93061,45.80711],[5.95066,45.81051],[5.95893,45.803],[5.97389,45.79562],[5.97717,45.77912],[5.97991,45.76895],[5.99646,45.75468],[6.00948,45.75114],[6.04823,45.74784],[6.0842,45.74236],[6.09769,45.73552],[6.1017,45.75092],[6.11873,45.75535],[6.1352,45.75533],[6.15763,45.75682],[6.17713,45.73949],[6.19197,45.71991],[6.1922,45.6947],[6.21239,45.70387],[6.22831,45.69733],[6.23103,45.68215],[6.26052,45.68753],[6.29092,45.68834],[6.32294,45.69305],[6.3408,45.70994],[6.34768,45.73717],[6.36252,45.76857],[6.39151,45.78379],[6.41363,45.79632],[6.42558,45.80909],[6.43837,45.82673],[6.44859,45.84203],[6.45425,45.85475],[6.46229,45.86892],[6.49038,45.8891],[6.50264,45.90104],[6.52735,45.90106],[6.56959,45.88227],[6.56663,45.86896],[6.5544,45.86],[6.54022,45.85513],[6.54938,45.83758],[6.56556,45.81571],[6.58425,45.8009],[6.60407,45.79569],[6.64056,45.80033],[6.67105,45.78672],[6.68464,45.77362],[6.68705,45.75862],[6.69901,45.74478],[6.689,45.72805],[6.71764,45.72585],[6.73714,45.74351],[6.751,45.75843],[6.76851,45.77035],[6.79945,45.77953],[6.80252,45.77837]]]},"properties":{"code":"73","nom":"Savoie"}},{"type":"Feature","geometry":{"type":"Polygon","coordinates":[[[6.80252,45.77837],[6.77059,45.76964],[6.75108,45.76018],[6.73984,45.74512],[6.72097,45.72824],[6.69193,45.7268],[6.69774,45.73924],[6.68615,45.75533],[6.68883,45.77135],[6.67357,45.78528],[6.65449,45.79962],[6.60963,45.79516],[6.58982,45.79829],[6.56854,45.81771],[6.5511,45.83481],[6.54126,45.85432],[6.55344,45.86013],[6.5678,45.86757],[6.57142,45.87923],[6.53024,45.89994],[6.50645,45.90269],[6.49467,45.88953],[6.46711,45.87554],[6.45318,45.85678],[6.44741,45.84239],[6.44015,45.82824],[6.4258,45.81119],[6.41681,45.7976],[6.39312,45.78468],[6.36612,45.7712],[6.37031,45.75289],[6.34167,45.71474],[6.32863,45.69281],[6.29476,45.6892],[6.26449,45.68638],[6.23495,45.68214],[6.22915,45.69464],[6.21432,45.70682],[6.19618,45.69277],[6.1906,45.7112],[6.17741,45.73786],[6.16623,45.75572],[6.13792,45.75659],[6.12089,45.75293],[6.10084,45.75419],[6.09717,45.7336],[6.08761,45.74419],[6.05122,45.74733],[6.01434,45.74797],[5.99494,45.75311],[5.98575,45.76673],[5.97732,45.77754],[5.98055,45.79617],[5.95869,45.79953],[5.95256,45.81005],[5.93336,45.81003],[5.91171,45.80775],[5.90123,45.82668],[5.88154,45.83104],[5.87461,45.85143],[5.8715,45.88026],[5.8621,45.9324],[5.8252,45.9389],[5.83269,45.95919],[5.81051,45.9882],[5.8074,46.01247],[5.80902,46.03909],[5.81086,46.05888],[5.81295,46.07999],[5.81956,46.10311],[5.84194,46.0998],[5.86752,46.08577],[5.89177,46.09157],[5.88929,46.11408],[5.91688,46.12942],[5.93841,46.12847],[5.96495,46.1301],[5.98299,46.14096],[5.99786,46.14286],[6.02426,46.14038],[6.04188,46.1401],[6.07268,46.14993],[6.10627,46.14411],[6.12662,46.14046],[6.14858,46.14959],[6.18516,46.16386],[6.19145,46.18128],[6.20673,46.19216],[6.22778,46.20251],[6.24755,46.20516],[6.2807,46.2177],[6.30882,46.24735],[6.29407,46.25791],[6.28328,46.25594],[6.26662,46.24747],[6.24532,46.26902],[6.24292,46.28523],[6.24839,46.29634],[6.25333,46.31161],[6.26584,46.33273],[6.28727,46.35701],[6.30878,46.36642],[6.3362,46.37028],[6.35017,46.36209],[6.37256,46.34393],[6.40287,46.35026],[6.43144,46.36004],[6.46268,46.37104],[6.48307,46.388],[6.50598,46.40306],[6.53719,46.39678],[6.58343,46.40096],[6.62009,46.40377],[6.64968,46.40621],[6.68333,46.40682],[6.72039,46.40746],[6.75228,46.40321],[6.78754,46.39386],[6.80318,46.39104],[6.7975,46.37175],[6.77431,46.36279],[6.77368,46.34781],[6.78671,46.33216],[6.80722,46.32059],[6.82813,46.30205],[6.84778,46.28978],[6.86451,46.28299],[6.85235,46.25238],[6.83248,46.23582],[6.81904,46.22086],[6.80491,46.2061],[6.80752,46.17859],[6.79274,46.16364],[6.79508,46.14385],[6.81369,46.13132],[6.834,46.13231],[6.85472,46.12657],[6.87955,46.12355],[6.89705,46.11901],[6.88969,46.10151],[6.88861,46.08695],[6.88386,46.07038],[6.87558,46.04774],[6.90359,46.04926],[6.91888,46.05937],[6.93499,46.05866],[6.95022,46.05166],[6.97724,46.02179],[6.98451,46.00544],[7.0054,46.00157],[7.01532,45.98682],[7.00976,45.97011],[7.03123,45.95664],[7.03676,45.94357],[7.04371,45.92588],[7.02476,45.91725],[7.01152,45.906],[7.00452,45.88966],[6.99921,45.87366],[6.97085,45.8669],[6.95097,45.8592],[6.93371,45.84481],[6.9153,45.84201],[6.88793,45.84627],[6.87025,45.83932],[6.87049,45.82882],[6.86158,45.82868],[6.84436,45.84046],[6.82215,45.83752],[6.81091,45.82215],[6.81121,45.80443],[6.80364,45.78739],[6.80252,45.77837]]]},"properties":{"code":"74","nom":"Haute-Savoie"}},{"type":"Feature","geometry":{"type":"Polygon","coordinates":[[[2.3319,48.81701],[2.26722,48.83154],[2.25062,48.84555],[2.23545,48.87059],[2.27995,48.87857],[2.31852,48.89963],[2.3949,48.89844],[2.41394,48.87083],[2.4135,48.83372],[2.43354,48.84105],[2.46226,48.84254],[2.46504,48.82409],[2.43746,48.81818],[2.4077,48.82635],[2.36293,48.81608],[2.3319,48.81701]]]},"properties":{"code":"75","nom":"Paris"}},{"type":"Feature","geometry":{"type":"Polygon","coordinates":[[[1.38155,50.06577],[1.39632,50.06427],[1.41165,50.06011],[1.42527,50.07028],[1.44185,50.06959],[1.45535,50.05249],[1.45322,50.04227],[1.47081,50.03511],[1.48871,50.0218],[1.50472,50.0167],[1.51663,50.00634],[1.53371,49.99258],[1.55488,49.98189],[1.57488,49.97321],[1.58687,49.95967],[1.60337,49.94308],[1.62024,49.93672],[1.65062,49.92724],[1.67012,49.92182],[1.68462,49.91103],[1.69196,49.89685],[1.71289,49.88298],[1.71873,49.86571],[1.71795,49.84758],[1.72704,49.83562],[1.73411,49.81476],[1.74349,49.80411],[1.75752,49.78646],[1.77292,49.77611],[1.78441,49.76065],[1.75763,49.75962],[1.7419,49.75226],[1.73966,49.73673],[1.71277,49.73389],[1.71511,49.71353],[1.69688,49.69735],[1.70471,49.68202],[1.72898,49.69675],[1.749,49.69214],[1.73363,49.67394],[1.71972,49.6566],[1.69868,49.6439],[1.72161,49.62199],[1.69986,49.6024],[1.70369,49.59522],[1.72015,49.58966],[1.70213,49.58138],[1.69952,49.58041],[1.70335,49.57769],[1.72733,49.56298],[1.72434,49.54642],[1.7483,49.53845],[1.73561,49.52481],[1.71747,49.50601],[1.72798,49.4996],[1.7434,49.49189],[1.75121,49.50213],[1.76361,49.51124],[1.78026,49.50983],[1.79053,49.49793],[1.78061,49.49082],[1.77282,49.47792],[1.76635,49.46615],[1.75186,49.45372],[1.73611,49.44424],[1.72883,49.4371],[1.72078,49.42374],[1.71122,49.4077],[1.6944,49.40107],[1.67471,49.40555],[1.64671,49.40349],[1.63109,49.40933],[1.62222,49.41418],[1.60466,49.41511],[1.58704,49.42915],[1.57342,49.44013],[1.54714,49.4409],[1.53719,49.43008],[1.51477,49.43945],[1.44865,49.45002],[1.412,49.45563],[1.39402,49.45099],[1.38392,49.45567],[1.38097,49.45853],[1.35759,49.44813],[1.34711,49.44062],[1.33594,49.43747],[1.3229,49.43105],[1.3134,49.42059],[1.31013,49.40221],[1.29154,49.38827],[1.28552,49.37338],[1.27217,49.35708],[1.20503,49.35207],[1.20427,49.3375],[1.18753,49.34124],[1.16859,49.33597],[1.15922,49.33898],[1.141,49.32993],[1.12877,49.30983],[1.0701,49.30503],[1.05193,49.2943],[1.06246,49.28331],[1.05211,49.27159],[1.06374,49.26044],[1.0484,49.26204],[1.02761,49.25958],[1.00554,49.25079],[0.99201,49.258],[1.00209,49.26338],[0.9808,49.26888],[0.9708,49.28053],[0.95112,49.27771],[0.95901,49.28674],[0.9626,49.29237],[0.94688,49.30548],[0.94022,49.32286],[0.90729,49.30775],[0.89299,49.30506],[0.89481,49.31601],[0.87101,49.32259],[0.85123,49.32404],[0.85233,49.33309],[0.86012,49.34632],[0.87981,49.34644],[0.89912,49.34475],[0.92745,49.34109],[0.9227,49.35552],[0.9146,49.38571],[0.89466,49.37748],[0.88022,49.37657],[0.88078,49.38773],[0.86611,49.39285],[0.81662,49.39969],[0.80167,49.42383],[0.78661,49.4116],[0.76886,49.41959],[0.74807,49.4145],[0.72578,49.41077],[0.70717,49.40471],[0.67901,49.4054],[0.65978,49.41618],[0.63976,49.4192],[0.63504,49.42399],[0.63645,49.43679],[0.61163,49.42922],[0.56493,49.44475],[0.50252,49.48511],[0.43153,49.45896],[0.32645,49.45049],[0.27204,49.44245],[0.24918,49.44957],[0.23094,49.45024],[0.15305,49.4594],[0.0905,49.48638],[0.06955,49.5064],[0.07161,49.52919],[0.09034,49.55776],[0.11545,49.5941],[0.13587,49.6186],[0.15201,49.64324],[0.15271,49.66174],[0.16337,49.68209],[0.1743,49.69372],[0.20405,49.71113],[0.24916,49.72315],[0.28573,49.73797],[0.31422,49.74049],[0.35492,49.75501],[0.38161,49.76971],[0.41792,49.78206],[0.45199,49.7957],[0.48842,49.80977],[0.52694,49.82769],[0.56924,49.84796],[0.61056,49.85762],[0.65257,49.86551],[0.71001,49.87299],[0.73894,49.87118],[0.79345,49.87654],[0.84453,49.88976],[0.9142,49.90376],[0.96319,49.91986],[1.01118,49.91682],[1.0659,49.92561],[1.10053,49.93574],[1.14303,49.94981],[1.19452,49.96803],[1.20758,49.97985],[1.24323,49.99359],[1.30297,50.03059],[1.34252,50.0519],[1.377,50.06409],[1.38155,50.06577]]]},"properties":{"code":"76","nom":"Seine-Maritime"}},{"type":"Feature","geometry":{"type":"Polygon","coordinates":[[[2.57166,48.69201],[2.57056,48.70502],[2.57748,48.71939],[2.59415,48.73567],[2.59047,48.74657],[2.60274,48.75897],[2.60787,48.77283],[2.58931,48.77152],[2.59196,48.78536],[2.59422,48.80168],[2.59237,48.82381],[2.57384,48.85338],[2.5844,48.86546],[2.56801,48.87435],[2.56149,48.88888],[2.57823,48.89337],[2.5842,48.90335],[2.589,48.91727],[2.60208,48.93462],[2.58981,48.95344],[2.56907,48.98042],[2.58099,48.99047],[2.56433,49.00745],[2.55328,49.01184],[2.5345,49.01858],[2.55716,49.02559],[2.57703,49.0461],[2.58658,49.05565],[2.5855,49.07262],[2.60818,49.09013],[2.62763,49.10147],[2.63647,49.1036],[2.65903,49.09617],[2.69502,49.07474],[2.70523,49.06504],[2.724,49.07793],[2.73501,49.06045],[2.78708,49.0755],[2.78887,49.08287],[2.80925,49.09754],[2.84827,49.08167],[2.87359,49.07165],[2.90151,49.08537],[2.9297,49.07939],[2.94459,49.08161],[2.96873,49.09146],[2.97713,49.07442],[2.98884,49.08029],[3.00396,49.08874],[3.03966,49.08673],[3.05854,49.08855],[3.05562,49.09643],[3.06766,49.11439],[3.07978,49.11295],[3.10264,49.108],[3.12582,49.10599],[3.14397,49.10192],[3.15859,49.08774],[3.18159,49.06275],[3.1909,49.04762],[3.17895,49.03588],[3.16103,49.02423],[3.18561,49.01028],[3.2033,49.00166],[3.22918,48.98842],[3.24419,48.97683],[3.25721,48.95249],[3.27187,48.93755],[3.31022,48.93937],[3.3267,48.91283],[3.34649,48.91702],[3.37059,48.9261],[3.37205,48.90591],[3.38103,48.8869],[3.38143,48.87157],[3.40586,48.87588],[3.40723,48.86329],[3.42729,48.86219],[3.44846,48.853],[3.45909,48.84136],[3.48519,48.85191],[3.48565,48.82007],[3.47485,48.81938],[3.44136,48.81157],[3.41113,48.8037],[3.43045,48.80177],[3.44395,48.79139],[3.4348,48.78319],[3.41466,48.78449],[3.39583,48.75925],[3.42335,48.75393],[3.43638,48.7514],[3.45304,48.73806],[3.46817,48.71833],[3.47035,48.70144],[3.47251,48.69119],[3.45456,48.68212],[3.44257,48.66228],[3.45797,48.65022],[3.4533,48.63614],[3.47262,48.63656],[3.49861,48.64716],[3.52969,48.64321],[3.52567,48.63255],[3.55482,48.62201],[3.54091,48.61427],[3.50858,48.59893],[3.46902,48.57305],[3.47694,48.55541],[3.48175,48.54145],[3.44948,48.53046],[3.41424,48.53347],[3.42906,48.50497],[3.42361,48.4904],[3.40966,48.48569],[3.39997,48.48738],[3.38616,48.47728],[3.40024,48.46646],[3.40359,48.45449],[3.40159,48.43575],[3.39167,48.42325],[3.41146,48.41742],[3.41355,48.41416],[3.4182,48.40386],[3.4059,48.3911],[3.38816,48.3972],[3.36722,48.39432],[3.35768,48.37102],[3.33547,48.37018],[3.31091,48.37297],[3.29437,48.37679],[3.27218,48.37889],[3.25673,48.36648],[3.23206,48.3693],[3.20034,48.36368],[3.18253,48.37331],[3.15707,48.37215],[3.14132,48.3706],[3.12569,48.36802],[3.10547,48.3513],[3.08869,48.35725],[3.05833,48.35817],[3.03714,48.34257],[3.04358,48.33044],[3.02703,48.31701],[3.02143,48.30332],[3.02977,48.28584],[3.04616,48.2669],[3.03566,48.2509],[3.02281,48.23032],[3.00206,48.20715],[2.98593,48.208],[2.97131,48.19477],[2.93695,48.18303],[2.93631,48.16339],[2.85901,48.14735],[2.83618,48.13414],[2.80739,48.13102],[2.79928,48.14674],[2.80892,48.15878],[2.80168,48.16428],[2.78596,48.16648],[2.76724,48.1649],[2.73641,48.16631],[2.75358,48.15321],[2.7145,48.12965],[2.68324,48.12449],[2.65694,48.12735],[2.61297,48.1329],[2.57056,48.14082],[2.52152,48.1273],[2.47205,48.1282],[2.44921,48.12548],[2.4546,48.13564],[2.47534,48.15611],[2.50284,48.15811],[2.5121,48.17644],[2.51376,48.19042],[2.51959,48.20443],[2.51334,48.22436],[2.50055,48.23884],[2.47594,48.25028],[2.44351,48.2546],[2.42352,48.26037],[2.41984,48.27503],[2.4225,48.29071],[2.40892,48.30911],[2.39903,48.32252],[2.40234,48.33295],[2.42656,48.33765],[2.42981,48.34803],[2.43766,48.36075],[2.44539,48.36823],[2.45746,48.37561],[2.47383,48.39039],[2.50288,48.39292],[2.52161,48.40493],[2.51738,48.42746],[2.50736,48.43803],[2.50072,48.45527],[2.50218,48.47214],[2.51013,48.48838],[2.51382,48.50953],[2.49882,48.51683],[2.50075,48.52739],[2.51082,48.54312],[2.50528,48.54843],[2.53063,48.57092],[2.53002,48.5876],[2.54244,48.60898],[2.52141,48.63188],[2.54236,48.63671],[2.53362,48.65733],[2.54941,48.66913],[2.56475,48.66743],[2.58306,48.67778],[2.57166,48.69201]]]},"properties":{"code":"77","nom":"Seine-et-Marne"}},{"type":"Feature","geometry":{"type":"Polygon","coordinates":[[[1.6088,49.07789],[1.64043,49.07894],[1.66976,49.07917],[1.69637,49.06342],[1.71676,49.04912],[1.75266,49.05601],[1.77386,49.05701],[1.79223,49.06066],[1.81614,49.07651],[1.84144,49.06479],[1.85831,49.05991],[1.852,49.0352],[1.86296,49.0207],[1.87515,49.01718],[1.88708,49.03544],[1.90852,49.04802],[1.92533,49.03306],[1.9496,49.02447],[1.97406,49.01943],[2.00887,49.00698],[2.04144,49.00132],[2.07169,49.00171],[2.10539,49.00956],[2.12081,48.99417],[2.15493,48.98572],[2.17706,48.96737],[2.17792,48.95438],[2.20566,48.94456],[2.201,48.93165],[2.2037,48.91439],[2.17165,48.89747],[2.15759,48.87989],[2.15376,48.8644],[2.15424,48.85332],[2.14572,48.84178],[2.16056,48.81305],[2.17635,48.81099],[2.19654,48.79755],[2.2115,48.78814],[2.22782,48.77193],[2.20529,48.76972],[2.19152,48.76919],[2.18812,48.75393],[2.16096,48.74994],[2.138,48.74604],[2.11612,48.74093],[2.10224,48.73109],[2.10999,48.71592],[2.09785,48.69403],[2.0872,48.69419],[2.06719,48.68872],[2.04237,48.6827],[2.02903,48.66424],[2.01188,48.65133],[2.03596,48.6419],[2.04046,48.62762],[2.06024,48.61759],[2.04973,48.60813],[2.03449,48.59348],[2.02265,48.57991],[2.01651,48.5647],[1.9965,48.55695],[1.97191,48.55885],[1.93626,48.5608],[1.94108,48.54306],[1.95411,48.53851],[1.96828,48.53735],[1.97482,48.52686],[1.9565,48.52279],[1.94661,48.51042],[1.93267,48.48556],[1.91575,48.47116],[1.92215,48.4576],[1.90426,48.43861],[1.87169,48.43978],[1.85779,48.44557],[1.8396,48.45232],[1.81573,48.4657],[1.79852,48.47506],[1.7921,48.48786],[1.7819,48.50507],[1.77939,48.53599],[1.77885,48.55357],[1.76185,48.5716],[1.73178,48.57554],[1.70912,48.59532],[1.7154,48.61391],[1.68958,48.61165],[1.68143,48.61887],[1.66622,48.61371],[1.65699,48.62966],[1.63832,48.6451],[1.62577,48.64957],[1.60146,48.6652],[1.61066,48.6854],[1.58219,48.69605],[1.5876,48.71062],[1.61175,48.73154],[1.62305,48.74983],[1.58281,48.76237],[1.57783,48.78124],[1.57817,48.79877],[1.57943,48.80889],[1.58427,48.83253],[1.58218,48.84421],[1.57804,48.86087],[1.55369,48.86695],[1.55624,48.88221],[1.55097,48.89625],[1.53843,48.90848],[1.53547,48.92241],[1.50734,48.9276],[1.511,48.95357],[1.49935,48.96046],[1.51839,48.97835],[1.49165,48.97924],[1.47089,48.97482],[1.47059,48.9918],[1.48003,49.00753],[1.45776,49.02629],[1.44728,49.05351],[1.466,49.0595],[1.4857,49.05137],[1.50948,49.07043],[1.50792,49.08539],[1.52041,49.06958],[1.53865,49.07261],[1.55814,49.06916],[1.57226,49.0768],[1.59216,49.08292],[1.6088,49.07789]]]},"properties":{"code":"78","nom":"Yvelines"}},{"type":"Feature","geometry":{"type":"Polygon","coordinates":[[[-0.89196,46.97582],[-0.86587,46.97286],[-0.85527,46.97711],[-0.83625,46.98579],[-0.81531,46.9933],[-0.81085,46.99135],[-0.78972,47.0035],[-0.77615,47.00315],[-0.75642,46.99211],[-0.73629,46.99783],[-0.70678,46.98917],[-0.68948,46.9903],[-0.67469,46.99892],[-0.65675,46.99912],[-0.64053,46.99612],[-0.62499,46.99454],[-0.60265,46.99764],[-0.58775,47.00544],[-0.57059,47.01799],[-0.56226,47.03066],[-0.54222,47.03513],[-0.55816,47.05612],[-0.53934,47.07],[-0.50934,47.07817],[-0.48769,47.08105],[-0.46601,47.08239],[-0.46984,47.0736],[-0.48272,47.05798],[-0.46426,47.06758],[-0.43522,47.07044],[-0.40274,47.06906],[-0.38614,47.08737],[-0.36354,47.09246],[-0.34088,47.09202],[-0.30819,47.09557],[-0.2815,47.09947],[-0.26288,47.10548],[-0.2458,47.10554],[-0.2185,47.09828],[-0.19929,47.09735],[-0.18524,47.10842],[-0.15631,47.10144],[-0.15686,47.0864],[-0.16921,47.06579],[-0.14732,47.06968],[-0.13717,47.05658],[-0.10797,47.06328],[-0.09274,47.04533],[-0.07925,47.01038],[-0.09405,47.01326],[-0.07476,46.99103],[-0.05102,46.99099],[-0.03371,46.98324],[-0.04465,46.96727],[-0.0358,46.95323],[-0.02083,46.93221],[-0.02299,46.89625],[-0.03322,46.87642],[-0.01586,46.87282],[0.00453,46.86113],[0.02177,46.8402],[0.00662,46.84295],[-0.0116,46.8473],[-0.03092,46.83619],[-0.04804,46.82162],[-0.03127,46.82025],[-0.00702,46.82213],[-0.0058,46.80301],[-0.02125,46.78302],[-0.01927,46.76321],[-0.00132,46.76165],[0.02458,46.74071],[0.02627,46.72886],[0.00008,46.70781],[-0.0148,46.69656],[-0.00695,46.68291],[-0.03097,46.66995],[-0.03339,46.65365],[-0.05919,46.63844],[-0.05317,46.62353],[-0.02767,46.62907],[-0.00915,46.64191],[-0.00244,46.63088],[-0.01151,46.61923],[0.00368,46.61076],[0.02285,46.61453],[0.03191,46.59365],[0.01653,46.58231],[-0.00728,46.5685],[-0.00787,46.55351],[0.00432,46.53976],[-0.01773,46.52657],[-0.03155,46.52331],[-0.03004,46.50989],[-0.04091,46.49328],[-0.0415,46.48431],[-0.0423,46.47003],[-0.01289,46.47348],[-0.01791,46.45586],[-0.01422,46.43496],[-0.01611,46.42165],[-0.01709,46.41132],[-0.00946,46.40158],[-0.00899,46.39106],[0.01249,46.39177],[0.02348,46.37967],[0.02123,46.36247],[0.03496,46.34525],[0.0219,46.32684],[0.04479,46.32317],[0.06338,46.31198],[0.08461,46.31375],[0.0978,46.3308],[0.12372,46.34714],[0.15861,46.34076],[0.17695,46.33036],[0.16916,46.30729],[0.15739,46.29658],[0.16826,46.28118],[0.15552,46.26712],[0.12884,46.26723],[0.14373,46.2294],[0.12454,46.22133],[0.11078,46.20423],[0.11673,46.18554],[0.13862,46.18102],[0.15051,46.16536],[0.17336,46.15113],[0.19468,46.16049],[0.2204,46.15531],[0.21411,46.13881],[0.19728,46.129],[0.19173,46.11201],[0.19064,46.09215],[0.17422,46.08202],[0.1537,46.09396],[0.12899,46.10172],[0.09998,46.10411],[0.09799,46.09399],[0.07858,46.09437],[0.05544,46.08139],[0.05621,46.0707],[0.0327,46.06684],[0.00515,46.05949],[-0.01818,46.05495],[-0.03441,46.04183],[-0.02567,46.02635],[-0.04856,46.01038],[-0.05198,45.9983],[-0.04406,45.99451],[-0.06201,45.97972],[-0.08743,45.975],[-0.12351,45.97785],[-0.13665,45.98724],[-0.14477,46.00264],[-0.16325,46.01681],[-0.1635,46.03796],[-0.18913,46.02614],[-0.19405,46.04871],[-0.21296,46.0441],[-0.2735,46.06108],[-0.28098,46.07963],[-0.31204,46.07873],[-0.36273,46.07554],[-0.36763,46.08821],[-0.39081,46.09531],[-0.4057,46.08639],[-0.42157,46.11243],[-0.43822,46.10014],[-0.45574,46.10227],[-0.47514,46.10429],[-0.50549,46.10801],[-0.511,46.11836],[-0.51155,46.13022],[-0.52941,46.13103],[-0.54363,46.14305],[-0.56573,46.14213],[-0.58677,46.1397],[-0.61264,46.1415],[-0.63362,46.14847],[-0.60506,46.15925],[-0.63295,46.1659],[-0.65569,46.17175],[-0.67764,46.18327],[-0.6921,46.18329],[-0.69543,46.19549],[-0.68488,46.20045],[-0.69072,46.2192],[-0.74535,46.24254],[-0.74255,46.26179],[-0.74844,46.28329],[-0.73951,46.30465],[-0.71647,46.30612],[-0.71558,46.317],[-0.67695,46.31852],[-0.64343,46.31968],[-0.6366,46.33759],[-0.6186,46.34014],[-0.60325,46.36147],[-0.56133,46.36057],[-0.5378,46.38647],[-0.57154,46.39582],[-0.59708,46.41092],[-0.62088,46.39046],[-0.6311,46.40229],[-0.63599,46.42499],[-0.61654,46.44472],[-0.6145,46.45152],[-0.61627,46.46224],[-0.62975,46.48007],[-0.62503,46.49748],[-0.64632,46.51138],[-0.6381,46.52199],[-0.6271,46.52953],[-0.61238,46.52996],[-0.60472,46.54613],[-0.60659,46.56373],[-0.6198,46.5691],[-0.61607,46.58311],[-0.61477,46.59638],[-0.62569,46.60505],[-0.61732,46.61923],[-0.62979,46.63461],[-0.65888,46.63592],[-0.64934,46.65378],[-0.64188,46.66419],[-0.66585,46.68031],[-0.66447,46.69556],[-0.66178,46.70711],[-0.67812,46.72573],[-0.68917,46.73219],[-0.69777,46.73627],[-0.69487,46.74494],[-0.71435,46.75177],[-0.72705,46.76642],[-0.72625,46.78341],[-0.71572,46.80134],[-0.70088,46.81142],[-0.71276,46.82083],[-0.73503,46.82392],[-0.75396,46.83133],[-0.77638,46.84014],[-0.7829,46.84847],[-0.79346,46.85772],[-0.8059,46.86715],[-0.81633,46.88064],[-0.82853,46.88723],[-0.82136,46.90931],[-0.82386,46.92059],[-0.83137,46.93407],[-0.84801,46.94099],[-0.85385,46.93983],[-0.85984,46.94656],[-0.881,46.94646],[-0.87018,46.95257],[-0.86425,46.95224],[-0.86671,46.95825],[-0.87854,46.95599],[-0.88044,46.96998],[-0.89249,46.96597],[-0.90239,46.97075],[-0.89196,46.97582]]]},"properties":{"code":"79","nom":"Deux-Sèvres"}},{"type":"Feature","geometry":{"type":"Polygon","coordinates":[[[1.38155,50.06577],[1.42135,50.08908],[1.44936,50.10548],[1.46804,50.13908],[1.49168,50.18416],[1.52713,50.20788],[1.56673,50.21493],[1.58209,50.19188],[1.61684,50.19035],[1.64754,50.1779],[1.67297,50.19234],[1.64967,50.21626],[1.62329,50.21412],[1.59842,50.2408],[1.58944,50.25563],[1.54771,50.26471],[1.54113,50.30175],[1.55094,50.35032],[1.62426,50.36629],[1.64154,50.35215],[1.64666,50.34359],[1.65547,50.33613],[1.66628,50.33116],[1.68919,50.34006],[1.72333,50.34573],[1.76171,50.36161],[1.79538,50.35992],[1.82763,50.34797],[1.85294,50.33945],[1.87144,50.33463],[1.87535,50.32367],[1.89879,50.31779],[1.91927,50.31161],[1.93495,50.32601],[1.95946,50.32577],[1.95923,50.31154],[1.93356,50.29786],[1.95538,50.28867],[1.97705,50.28209],[1.99774,50.27397],[2.01474,50.26768],[2.03453,50.26666],[2.05023,50.25689],[2.06826,50.25221],[2.06517,50.24133],[2.07656,50.22409],[2.08343,50.2099],[2.09369,50.20175],[2.106,50.20681],[2.12874,50.2099],[2.1522,50.19439],[2.1785,50.20728],[2.2018,50.21352],[2.21713,50.21709],[2.23164,50.21117],[2.25468,50.21721],[2.27554,50.22572],[2.30941,50.21561],[2.32755,50.21328],[2.3213,50.23297],[2.3342,50.23782],[2.36005,50.21463],[2.37069,50.21031],[2.37886,50.21981],[2.39551,50.22832],[2.41171,50.23407],[2.43685,50.22726],[2.45744,50.22118],[2.4822,50.20842],[2.49035,50.19268],[2.45425,50.18167],[2.43717,50.18101],[2.41581,50.16821],[2.40202,50.16382],[2.3913,50.15281],[2.3868,50.14049],[2.37972,50.12381],[2.39012,50.10601],[2.40256,50.10173],[2.41547,50.09552],[2.42966,50.08818],[2.45925,50.12943],[2.47598,50.13686],[2.51624,50.13407],[2.53534,50.11485],[2.54743,50.12922],[2.56837,50.13596],[2.57967,50.13081],[2.57115,50.11932],[2.59188,50.11096],[2.60815,50.10894],[2.62814,50.1093],[2.63869,50.09713],[2.66156,50.0987],[2.68222,50.09517],[2.70972,50.08303],[2.70702,50.0941],[2.70678,50.10872],[2.71223,50.11779],[2.71672,50.12779],[2.74743,50.11438],[2.77099,50.11318],[2.7803,50.10454],[2.77612,50.08524],[2.76611,50.07426],[2.74575,50.04615],[2.7749,50.04239],[2.79451,50.05005],[2.82235,50.06752],[2.83563,50.06855],[2.85597,50.07794],[2.85478,50.0641],[2.86681,50.05235],[2.87364,50.0392],[2.85031,50.03055],[2.8638,50.0201],[2.87927,50.03041],[2.914,50.03537],[2.92073,50.04891],[2.94002,50.05047],[2.96936,50.04601],[2.99261,50.05086],[3.01,50.05711],[3.03295,50.05509],[3.06059,50.04961],[3.0832,50.04884],[3.09778,50.04385],[3.11906,50.02617],[3.14523,50.02576],[3.1611,50.01874],[3.17159,50.01006],[3.16201,49.99678],[3.17018,49.99101],[3.17948,49.98687],[3.19555,49.98536],[3.18462,49.97531],[3.16348,49.96313],[3.16324,49.9496],[3.14472,49.93707],[3.12475,49.9233],[3.11707,49.9097],[3.11651,49.89642],[3.11274,49.87794],[3.08755,49.8661],[3.08477,49.87861],[3.07958,49.86211],[3.08453,49.84262],[3.06425,49.83307],[3.07828,49.82242],[3.08144,49.8108],[3.08303,49.79711],[3.07002,49.78474],[3.06548,49.77045],[3.09477,49.76552],[3.09576,49.75357],[3.1005,49.73261],[3.11409,49.72159],[3.12061,49.70819],[3.09405,49.70141],[3.07811,49.69319],[3.08082,49.7122],[3.05795,49.71172],[3.05753,49.70213],[3.04405,49.69588],[3.02914,49.68037],[3.00867,49.69276],[2.99658,49.70618],[2.97559,49.70247],[2.94844,49.69399],[2.95608,49.67831],[2.94995,49.67038],[2.93126,49.67696],[2.9289,49.68731],[2.9212,49.69886],[2.90912,49.70265],[2.88641,49.70527],[2.88207,49.70925],[2.8662,49.70249],[2.88201,49.68988],[2.88973,49.67455],[2.87782,49.68158],[2.85712,49.68378],[2.85037,49.67378],[2.84335,49.65853],[2.805,49.65986],[2.79315,49.6448],[2.79633,49.62964],[2.78096,49.61378],[2.7479,49.62335],[2.7182,49.6234],[2.69614,49.62567],[2.6851,49.6121],[2.6741,49.60002],[2.6718,49.58955],[2.66655,49.57973],[2.64081,49.57593],[2.62587,49.58734],[2.6277,49.60379],[2.61238,49.60976],[2.59703,49.61168],[2.58716,49.60379],[2.56983,49.59776],[2.56088,49.61094],[2.55048,49.61704],[2.54062,49.62461],[2.51896,49.62933],[2.50557,49.63897],[2.48677,49.62596],[2.46548,49.62898],[2.46467,49.63727],[2.45034,49.64712],[2.43644,49.65626],[2.40883,49.66204],[2.38346,49.65593],[2.34767,49.66557],[2.33396,49.67676],[2.31157,49.68567],[2.27969,49.69109],[2.24988,49.69715],[2.22192,49.70117],[2.19274,49.70298],[2.16771,49.70187],[2.14025,49.69134],[2.11939,49.68883],[2.09283,49.69157],[2.05946,49.68543],[2.06169,49.68651],[2.04692,49.6969],[2.03472,49.71068],[2.00641,49.71267],[1.97534,49.71266],[1.95826,49.7064],[1.93938,49.71101],[1.91965,49.7159],[1.88348,49.69796],[1.85369,49.7031],[1.83759,49.71836],[1.83954,49.73091],[1.82046,49.73905],[1.79791,49.75092],[1.78384,49.75831],[1.77894,49.77101],[1.75794,49.7808],[1.74631,49.80003],[1.73554,49.81167],[1.72766,49.83014],[1.72114,49.84661],[1.72055,49.86027],[1.71442,49.87598],[1.70245,49.89314],[1.68408,49.90859],[1.67476,49.91892],[1.65473,49.92604],[1.62746,49.93402],[1.61245,49.94135],[1.58987,49.95532],[1.57438,49.97001],[1.55827,49.97876],[1.53969,49.99024],[1.52105,50.00445],[1.50985,50.01368],[1.49135,50.01831],[1.47525,50.03209],[1.45479,50.03778],[1.45549,50.0488],[1.45333,50.06438],[1.42903,50.07058],[1.4136,50.06322],[1.39587,50.06122],[1.38524,50.064],[1.38155,50.06577]]]},"properties":{"code":"80","nom":"Somme"}},{"type":"Feature","geometry":{"type":"Polygon","coordinates":[[[1.99017,44.14945],[2.02033,44.15467],[2.02983,44.16883],[2.05936,44.17637],[2.062,44.18912],[2.08091,44.17997],[2.09596,44.18712],[2.09701,44.1748],[2.10301,44.19236],[2.13369,44.20096],[2.15309,44.19727],[2.16146,44.18657],[2.17028,44.18046],[2.18212,44.17013],[2.20171,44.16601],[2.21752,44.1685],[2.23629,44.1602],[2.22456,44.15208],[2.21295,44.14586],[2.19137,44.14845],[2.18653,44.13738],[2.20759,44.13744],[2.23965,44.13445],[2.25912,44.14344],[2.27663,44.14663],[2.29782,44.13805],[2.2929,44.12162],[2.31296,44.11911],[2.33501,44.11978],[2.34562,44.11015],[2.36536,44.09916],[2.3889,44.09236],[2.40186,44.07571],[2.41233,44.05734],[2.42531,44.05345],[2.44927,44.05276],[2.46155,44.04609],[2.46863,44.03091],[2.49155,44.01882],[2.49539,44.00693],[2.50213,43.98551],[2.52329,43.97612],[2.51083,43.95723],[2.50437,43.94576],[2.51888,43.93998],[2.53652,43.92564],[2.54729,43.92432],[2.55642,43.91826],[2.55104,43.89299],[2.57315,43.88267],[2.56381,43.86577],[2.56416,43.84133],[2.58145,43.82812],[2.60083,43.81106],[2.60985,43.80001],[2.63385,43.77754],[2.65707,43.76227],[2.67717,43.74834],[2.69582,43.74266],[2.72471,43.73812],[2.74734,43.73231],[2.78119,43.73696],[2.79236,43.75289],[2.81628,43.76202],[2.83159,43.75219],[2.85479,43.74848],[2.87303,43.73998],[2.90785,43.7395],[2.91907,43.73071],[2.92686,43.70295],[2.92812,43.69344],[2.92153,43.67862],[2.91022,43.65662],[2.88908,43.65728],[2.86659,43.64437],[2.83196,43.63832],[2.81306,43.63764],[2.7891,43.62392],[2.75855,43.61476],[2.73493,43.63065],[2.71697,43.64473],[2.68945,43.65059],[2.65708,43.6506],[2.64616,43.66031],[2.64004,43.63893],[2.6281,43.61503],[2.61464,43.59986],[2.62666,43.5883],[2.62046,43.57073],[2.62711,43.55239],[2.65236,43.53081],[2.67116,43.51811],[2.65936,43.50847],[2.65815,43.47899],[2.66307,43.46219],[2.64256,43.4691],[2.64278,43.4577],[2.6261,43.44532],[2.60575,43.44091],[2.60219,43.43133],[2.58698,43.42764],[2.56078,43.42022],[2.51922,43.42357],[2.49308,43.43716],[2.46813,43.43513],[2.44534,43.43375],[2.42521,43.43269],[2.40327,43.4247],[2.39276,43.41966],[2.36733,43.42318],[2.33646,43.43497],[2.3065,43.44708],[2.28201,43.44123],[2.26275,43.45746],[2.25047,43.44898],[2.23172,43.43417],[2.22377,43.42466],[2.22985,43.40554],[2.22223,43.39346],[2.21211,43.3845],[2.18516,43.39641],[2.17013,43.41676],[2.14848,43.40961],[2.13061,43.40152],[2.11248,43.39663],[2.08995,43.39722],[2.07149,43.3982],[2.06883,43.41058],[2.05512,43.42814],[2.0267,43.44229],[2.01565,43.45149],[2.01814,43.47035],[2.03967,43.47932],[2.04809,43.49829],[2.03995,43.51173],[2.03382,43.49969],[2.01355,43.50738],[2.01614,43.48763],[1.98639,43.47903],[1.95949,43.49281],[1.9349,43.49992],[1.91304,43.50309],[1.89161,43.51565],[1.87555,43.5311],[1.87652,43.54151],[1.85344,43.55391],[1.84149,43.57251],[1.82694,43.5792],[1.80366,43.58016],[1.78802,43.58459],[1.77379,43.59524],[1.75931,43.60178],[1.74054,43.60625],[1.72435,43.61595],[1.69673,43.62079],[1.69077,43.63239],[1.70636,43.65301],[1.73021,43.66162],[1.71863,43.68424],[1.69498,43.69222],[1.66915,43.69427],[1.66103,43.70565],[1.68806,43.70761],[1.7025,43.71989],[1.68103,43.73656],[1.65792,43.74353],[1.65346,43.75876],[1.64244,43.783],[1.64479,43.80026],[1.61946,43.80405],[1.59103,43.81549],[1.58973,43.82988],[1.58761,43.84467],[1.56068,43.86358],[1.56145,43.87271],[1.55248,43.88723],[1.55055,43.91148],[1.57416,43.91876],[1.57277,43.93517],[1.56101,43.94455],[1.53777,43.94969],[1.54058,43.95763],[1.55229,43.96303],[1.58534,43.96109],[1.62272,43.96071],[1.62838,43.98401],[1.64686,43.99167],[1.65309,44.00234],[1.66139,44.01251],[1.67396,44.01582],[1.68388,44.02111],[1.70421,44.04435],[1.6817,44.0647],[1.66813,44.06256],[1.66539,44.07861],[1.65602,44.0943],[1.66136,44.11355],[1.69442,44.11311],[1.72228,44.11836],[1.75055,44.10901],[1.77306,44.09727],[1.79272,44.10211],[1.79343,44.11367],[1.81148,44.12001],[1.83283,44.10656],[1.83773,44.11874],[1.83491,44.14226],[1.8552,44.13695],[1.87305,44.14017],[1.89563,44.13721],[1.91662,44.13777],[1.90648,44.15052],[1.90121,44.16053],[1.93181,44.15637],[1.95104,44.15099],[1.97932,44.14689],[1.98597,44.15322],[1.99017,44.14945]]]},"properties":{"code":"81","nom":"Tarn"}},{"type":"Feature","geometry":{"type":"Polygon","coordinates":[[[1.06408,44.37851],[1.09114,44.38668],[1.12066,44.39199],[1.13475,44.38962],[1.12965,44.3726],[1.10709,44.3648],[1.09263,44.3633],[1.08869,44.34799],[1.1079,44.34158],[1.10905,44.32818],[1.11859,44.31906],[1.14052,44.31299],[1.15597,44.30811],[1.17023,44.30366],[1.17857,44.29978],[1.18714,44.28799],[1.20934,44.27426],[1.21654,44.27802],[1.23874,44.27603],[1.25053,44.26795],[1.25626,44.28426],[1.27582,44.28323],[1.29111,44.29358],[1.30181,44.28031],[1.29786,44.26961],[1.29747,44.26019],[1.28627,44.24128],[1.30293,44.22757],[1.32278,44.23112],[1.32947,44.23055],[1.34992,44.21278],[1.36287,44.20952],[1.37872,44.22346],[1.40075,44.23246],[1.42218,44.24241],[1.43901,44.24748],[1.44975,44.25343],[1.45098,44.26279],[1.46453,44.26901],[1.47718,44.28379],[1.48799,44.27257],[1.51116,44.27233],[1.52189,44.25747],[1.52274,44.246],[1.53975,44.22829],[1.56472,44.23472],[1.57467,44.23708],[1.58725,44.24901],[1.57139,44.27402],[1.57685,44.28337],[1.57003,44.2975],[1.59501,44.30342],[1.61816,44.29132],[1.62107,44.27784],[1.63516,44.2692],[1.65194,44.28667],[1.65106,44.29671],[1.66097,44.28484],[1.66611,44.28985],[1.67649,44.29803],[1.69073,44.30701],[1.71049,44.31153],[1.72836,44.31802],[1.73961,44.32699],[1.76617,44.31686],[1.7816,44.31528],[1.78724,44.32606],[1.79917,44.33349],[1.81981,44.32658],[1.83589,44.336],[1.85379,44.33217],[1.88563,44.33527],[1.86218,44.31793],[1.8717,44.29466],[1.89324,44.28134],[1.92343,44.2819],[1.94556,44.27968],[1.97044,44.27644],[1.96504,44.25824],[1.96202,44.24234],[1.94307,44.24759],[1.93099,44.23917],[1.91716,44.22194],[1.90435,44.20952],[1.90369,44.20402],[1.9111,44.18546],[1.92927,44.18863],[1.93324,44.17451],[1.94446,44.1813],[1.96985,44.18084],[1.97319,44.16687],[1.98781,44.15934],[1.99017,44.14945],[1.98082,44.15473],[1.96187,44.14634],[1.93962,44.14767],[1.92278,44.16084],[1.89426,44.15334],[1.91366,44.14186],[1.90505,44.12976],[1.88909,44.14185],[1.86376,44.14405],[1.84367,44.14],[1.8305,44.13193],[1.8382,44.10843],[1.8231,44.11291],[1.80397,44.12238],[1.78797,44.10892],[1.78619,44.09838],[1.76753,44.10405],[1.74211,44.11585],[1.70762,44.11724],[1.68216,44.11502],[1.65256,44.10788],[1.67027,44.08809],[1.66228,44.07193],[1.67311,44.06372],[1.69285,44.06126],[1.6956,44.03283],[1.67498,44.01993],[1.67041,44.01527],[1.64963,44.01051],[1.6581,43.99561],[1.63403,43.99038],[1.61857,43.974],[1.6061,43.96001],[1.5716,43.96437],[1.55025,43.95721],[1.53845,43.95461],[1.54696,43.94674],[1.57365,43.93959],[1.57388,43.92632],[1.55562,43.91832],[1.53185,43.91729],[1.51856,43.90527],[1.50238,43.89251],[1.4901,43.89741],[1.47466,43.90211],[1.45424,43.87724],[1.43276,43.87047],[1.41465,43.87838],[1.39411,43.88212],[1.36518,43.88957],[1.35584,43.87477],[1.36411,43.8563],[1.34694,43.85309],[1.32737,43.85522],[1.30451,43.85312],[1.30105,43.84525],[1.31811,43.83267],[1.35707,43.83405],[1.34336,43.81052],[1.32228,43.80688],[1.28664,43.79809],[1.26711,43.79863],[1.27264,43.78473],[1.24969,43.77915],[1.21574,43.76847],[1.21165,43.7805],[1.20964,43.79199],[1.1919,43.79322],[1.17737,43.80274],[1.15779,43.81838],[1.14188,43.8152],[1.11868,43.80326],[1.1089,43.80432],[1.08527,43.8145],[1.06819,43.8045],[1.04657,43.79863],[1.01735,43.80194],[0.9818,43.7886],[0.96188,43.79039],[0.9409,43.79149],[0.91855,43.7859],[0.90022,43.78538],[0.90146,43.79663],[0.90367,43.80727],[0.91399,43.82037],[0.91978,43.83327],[0.89674,43.84283],[0.90813,43.84955],[0.9019,43.86302],[0.88345,43.88016],[0.89983,43.89666],[0.88651,43.90757],[0.86975,43.92041],[0.84492,43.91478],[0.82758,43.92368],[0.80599,43.92979],[0.78647,43.92403],[0.76545,43.92732],[0.75949,43.94302],[0.77165,43.95169],[0.78735,43.95925],[0.79633,43.97571],[0.81327,43.98358],[0.8229,43.99368],[0.82018,44.00812],[0.81832,44.01799],[0.82531,44.02988],[0.84418,44.02869],[0.85147,44.0364],[0.85486,44.04319],[0.84323,44.04678],[0.82323,44.05493],[0.80338,44.04805],[0.77513,44.03528],[0.75656,44.04137],[0.75344,44.05777],[0.73971,44.06662],[0.74377,44.08306],[0.75215,44.09864],[0.76603,44.11112],[0.78309,44.11231],[0.79698,44.11412],[0.79518,44.13333],[0.80731,44.14483],[0.83855,44.13557],[0.85999,44.12814],[0.87678,44.12881],[0.88269,44.14207],[0.89422,44.14389],[0.88482,44.16082],[0.87643,44.17107],[0.85228,44.17648],[0.85969,44.19274],[0.89126,44.19106],[0.90518,44.19732],[0.91803,44.21471],[0.9278,44.23266],[0.92483,44.24698],[0.93362,44.25686],[0.94029,44.26333],[0.95079,44.27506],[0.93726,44.28222],[0.92344,44.29211],[0.90069,44.29992],[0.883,44.30817],[0.87124,44.31455],[0.88333,44.32838],[0.88846,44.33866],[0.89097,44.35354],[0.88999,44.36843],[0.90448,44.38171],[0.93324,44.37279],[0.94142,44.34535],[0.94892,44.35768],[0.96456,44.36134],[0.97969,44.35841],[1.00456,44.36559],[1.02821,44.36424],[1.05932,44.37096],[1.06408,44.37851]]]},"properties":{"code":"82","nom":"Tarn-et-Garonne"}},{"type":"Feature","geometry":{"type":"MultiPolygon","coordinates":[[[[6.39497,42.98688],[6.39391,42.98841],[6.39506,42.98927],[6.39678,42.98912],[6.39598,42.98734],[6.39497,42.98688]]],[[[6.4348,43.01554],[6.44817,43.02559],[6.46168,43.03347],[6.47334,43.04693],[6.492,43.04979],[6.50769,43.0485],[6.50055,43.04314],[6.48488,43.04015],[6.47283,43.02509],[6.45233,43.0171],[6.43371,43.00692],[6.4348,43.01554]]],[[[6.14515,43.02003],[6.14699,43.01942],[6.14445,43.01793],[6.14479,43.0163],[6.14065,43.01801],[6.13946,43.01972],[6.13983,43.02061],[6.14265,43.0206],[6.14515,43.02003]]],[[[5.74996,43.12661],[5.74802,43.12725],[5.74976,43.12856],[5.75245,43.1273],[5.74996,43.12661]]],[[[6.3971,42.9928],[6.38053,42.99763],[6.37452,43.00407],[6.38044,43.00989],[6.39375,43.01441],[6.40893,43.01917],[6.41291,43.0089],[6.4135,43.00316],[6.39842,42.99424],[6.3971,42.9928]]],[[[6.36377,43.00396],[6.36239,43.0046],[6.36154,43.00633],[6.35918,43.0089],[6.36061,43.01186],[6.35996,43.01505],[6.36151,43.01624],[6.36171,43.01742],[6.3684,43.01807],[6.36758,43.01508],[6.36476,43.01343],[6.36373,43.00991],[6.36463,43.006],[6.36377,43.00396]]],[[[5.76735,43.07892],[5.7657,43.0801],[5.76796,43.08191],[5.76959,43.08065],[5.76911,43.07968],[5.76735,43.07892]]],[[[6.24407,43.02004],[6.25171,43.00554],[6.23857,42.99686],[6.22715,42.99229],[6.21293,42.9868],[6.19719,42.9863],[6.18093,42.99393],[6.16931,42.99942],[6.16204,43.00184],[6.17694,43.00646],[6.19393,43.00357],[6.21173,43.00256],[6.22094,43.01283],[6.23619,43.01419],[6.24407,43.02004]]],[[[5.78064,43.06977],[5.78105,43.08233],[5.79007,43.07989],[5.78064,43.06977]]],[[[5.91334,43.11608],[5.91393,43.11872],[5.92061,43.11945],[5.91986,43.11812],[5.91566,43.11776],[5.91568,43.11704],[5.91334,43.11608]]],[[[5.79082,43.06871],[5.78718,43.07224],[5.79033,43.07258],[5.79254,43.06936],[5.79082,43.06871]]],[[[5.75365,43.72462],[5.77623,43.75122],[5.82368,43.74828],[5.84256,43.73685],[5.85453,43.7226],[5.87353,43.72255],[5.90167,43.73419],[5.90822,43.75327],[5.93054,43.75013],[5.94344,43.73636],[5.95723,43.71892],[5.97362,43.71475],[5.98566,43.70125],[6.00574,43.68763],[6.02174,43.66828],[6.03513,43.69407],[6.0704,43.70493],[6.09056,43.72342],[6.10287,43.73634],[6.11668,43.74165],[6.1443,43.74005],[6.18289,43.76218],[6.20945,43.79692],[6.24563,43.80239],[6.26199,43.7834],[6.28318,43.77199],[6.30336,43.76389],[6.31733,43.75791],[6.32543,43.74812],[6.34709,43.73947],[6.37063,43.74197],[6.38528,43.73703],[6.40681,43.75208],[6.41101,43.77427],[6.43069,43.7919],[6.44425,43.79638],[6.46836,43.79789],[6.48208,43.79107],[6.51136,43.80249],[6.53381,43.7996],[6.54484,43.78192],[6.55271,43.78276],[6.57238,43.79157],[6.6023,43.80294],[6.62327,43.79846],[6.6354,43.78566],[6.64513,43.77649],[6.65399,43.76223],[6.66418,43.74927],[6.69694,43.75518],[6.72294,43.7385],[6.75121,43.73997],[6.75652,43.73021],[6.76658,43.71688],[6.77236,43.69759],[6.76446,43.68821],[6.7598,43.67392],[6.77628,43.65989],[6.78931,43.64397],[6.79721,43.63095],[6.81679,43.62976],[6.83577,43.61905],[6.84664,43.61082],[6.8564,43.6089],[6.86737,43.6045],[6.89427,43.61153],[6.90801,43.59908],[6.9029,43.58738],[6.90786,43.57271],[6.8878,43.55274],[6.87981,43.53156],[6.89638,43.52716],[6.88853,43.50854],[6.89291,43.50102],[6.91266,43.49369],[6.92307,43.48077],[6.92995,43.47694],[6.92478,43.46362],[6.92131,43.45217],[6.91035,43.44654],[6.89623,43.43714],[6.88214,43.42839],[6.86887,43.42964],[6.85973,43.42821],[6.86055,43.41704],[6.84543,43.41557],[6.82294,43.41669],[6.79904,43.41295],[6.78219,43.41261],[6.76627,43.42375],[6.73338,43.40534],[6.72899,43.38677],[6.72133,43.37737],[6.71408,43.36521],[6.71527,43.35192],[6.6932,43.34159],[6.67192,43.33584],[6.66541,43.31991],[6.65924,43.31391],[6.63891,43.30758],[6.62431,43.29601],[6.60433,43.28739],[6.58387,43.2773],[6.58533,43.26558],[6.60331,43.26266],[6.62718,43.26688],[6.64017,43.27436],[6.6567,43.26747],[6.66917,43.27609],[6.68913,43.27235],[6.69249,43.25924],[6.68061,43.24853],[6.66312,43.2323],[6.66776,43.20786],[6.67529,43.19531],[6.65487,43.19313],[6.64331,43.18303],[6.64681,43.16919],[6.6308,43.17088],[6.61829,43.15942],[6.60351,43.17337],[6.58482,43.18589],[6.562,43.18909],[6.53503,43.17149],[6.5298,43.16537],[6.50959,43.15864],[6.49171,43.1511],[6.47441,43.1557],[6.45091,43.15382],[6.43917,43.14411],[6.42055,43.1483],[6.402,43.14867],[6.38757,43.1449],[6.36872,43.13697],[6.36261,43.1212],[6.35876,43.10665],[6.36395,43.09325],[6.36207,43.08715],[6.34772,43.08852],[6.33202,43.09188],[6.32537,43.0954],[6.31259,43.10774],[6.29243,43.109],[6.28348,43.11513],[6.26572,43.12098],[6.23946,43.11325],[6.20808,43.11644],[6.17637,43.1037],[6.16003,43.08575],[6.15309,43.07188],[6.15315,43.03525],[6.16922,43.0329],[6.14877,43.0259],[6.13616,43.03551],[6.12544,43.03191],[6.10807,43.03222],[6.09702,43.02727],[6.09122,43.03676],[6.10623,43.0409],[6.13161,43.04801],[6.12406,43.07931],[6.09231,43.08578],[6.07087,43.0851],[6.04389,43.07909],[6.01791,43.0813],[6.01918,43.09806],[5.99219,43.10319],[5.97482,43.10767],[5.95579,43.10823],[5.94094,43.10776],[5.93079,43.11173],[5.92851,43.12082],[5.92318,43.12325],[5.91466,43.12276],[5.89921,43.11301],[5.88629,43.11293],[5.88577,43.10524],[5.901,43.104],[5.91038,43.0932],[5.90017,43.08145],[5.92195,43.08301],[5.93165,43.08284],[5.94785,43.06903],[5.93237,43.07115],[5.91494,43.06733],[5.89973,43.07611],[5.8806,43.07261],[5.86528,43.05981],[5.84963,43.04985],[5.82881,43.04936],[5.81686,43.06276],[5.79378,43.06856],[5.80628,43.08043],[5.80892,43.09102],[5.80914,43.10142],[5.80321,43.11705],[5.7855,43.11598],[5.77369,43.12012],[5.78096,43.13012],[5.75973,43.13631],[5.74981,43.13284],[5.73401,43.13628],[5.72089,43.14461],[5.70981,43.14661],[5.69344,43.14755],[5.68396,43.15949],[5.69511,43.16989],[5.67697,43.1789],[5.67798,43.20156],[5.68391,43.23606],[5.70892,43.24934],[5.73273,43.25768],[5.75043,43.26396],[5.76246,43.28083],[5.73523,43.30351],[5.69363,43.31377],[5.68533,43.32274],[5.69347,43.34446],[5.7003,43.3602],[5.69317,43.37349],[5.68745,43.40198],[5.73071,43.40623],[5.76516,43.40465],[5.78651,43.4205],[5.76214,43.42875],[5.74629,43.44256],[5.72513,43.46858],[5.70373,43.48261],[5.71196,43.49707],[5.71407,43.51494],[5.71976,43.53909],[5.72051,43.55115],[5.69582,43.56214],[5.67119,43.56495],[5.65597,43.5774],[5.68851,43.58426],[5.6818,43.60736],[5.68513,43.61575],[5.69973,43.63739],[5.71557,43.64656],[5.74166,43.65594],[5.7796,43.66089],[5.80158,43.67076],[5.80695,43.69267],[5.78727,43.69809],[5.7767,43.72247],[5.75365,43.72462]]]]},"properties":{"code":"83","nom":"Var"}},{"type":"Feature","geometry":{"type":"MultiPolygon","coordinates":[[[[4.89291,44.36482],[4.90896,44.37734],[4.9254,44.40879],[4.94621,44.41486],[4.96439,44.42349],[4.97764,44.42485],[5.00997,44.41083],[5.01331,44.40535],[5.03105,44.39084],[5.04509,44.38222],[5.06474,44.38356],[5.06839,44.37546],[5.04783,44.36379],[5.02389,44.36056],[5.01786,44.34112],[5.01154,44.32479],[4.99067,44.31005],[4.98702,44.29271],[4.95698,44.30241],[4.93305,44.30701],[4.89091,44.30562],[4.88644,44.32969],[4.86953,44.34508],[4.88793,44.35844],[4.89291,44.36482]]],[[[4.64922,44.27036],[4.65165,44.30681],[4.67132,44.32366],[4.71302,44.32065],[4.74289,44.32551],[4.77182,44.31747],[4.79347,44.30661],[4.80472,44.28782],[4.80617,44.26735],[4.81325,44.23731],[4.83231,44.2319],[4.85709,44.24598],[4.87523,44.26004],[4.89701,44.25973],[4.92841,44.26267],[4.97401,44.28099],[5.00302,44.28608],[5.04289,44.30125],[5.06814,44.29545],[5.09891,44.28179],[5.12163,44.288],[5.14995,44.30193],[5.16007,44.31285],[5.17035,44.30391],[5.16116,44.28739],[5.14872,44.26942],[5.16237,44.25498],[5.1554,44.2334],[5.16792,44.22544],[5.18467,44.21961],[5.20673,44.21376],[5.22684,44.21497],[5.24045,44.23083],[5.26855,44.22544],[5.2976,44.20793],[5.31575,44.20862],[5.34436,44.20886],[5.38011,44.20302],[5.38366,44.17293],[5.39053,44.15342],[5.41036,44.15353],[5.43576,44.15225],[5.44302,44.13827],[5.45472,44.11923],[5.49845,44.1092],[5.49922,44.08278],[5.51643,44.06325],[5.54499,44.06842],[5.54412,44.04645],[5.54045,44.02124],[5.52435,43.99809],[5.51269,43.9689],[5.51563,43.94469],[5.55324,43.94161],[5.56808,43.93817],[5.58159,43.91508],[5.60545,43.91071],[5.59118,43.89008],[5.58341,43.87882],[5.56832,43.86232],[5.55174,43.85139],[5.54625,43.81697],[5.56733,43.82707],[5.60062,43.82603],[5.6277,43.83093],[5.65451,43.82393],[5.67463,43.80448],[5.68991,43.7852],[5.71289,43.77838],[5.72888,43.75008],[5.74587,43.7429],[5.74971,43.7209],[5.72223,43.69964],[5.68282,43.69283],[5.65609,43.68447],[5.63149,43.66735],[5.57814,43.66174],[5.53145,43.65901],[5.47619,43.67078],[5.43758,43.68171],[5.39087,43.70144],[5.33619,43.72231],[5.27527,43.74128],[5.17331,43.73881],[5.04966,43.78873],[5.03705,43.8178],[4.97546,43.86644],[4.90232,43.88793],[4.7945,43.91673],[4.76878,43.9338],[4.79716,43.95672],[4.81012,43.97957],[4.84211,43.98647],[4.8409,44.01293],[4.81617,44.03214],[4.7872,44.05575],[4.76325,44.07476],[4.75487,44.08831],[4.71995,44.08346],[4.71074,44.11846],[4.71722,44.15857],[4.72191,44.18378],[4.70444,44.20057],[4.68016,44.21213],[4.67786,44.23412],[4.64918,44.26358],[4.64922,44.27036]]]]},"properties":{"code":"84","nom":"Vaucluse"}},{"type":"Feature","geometry":{"type":"MultiPolygon","coordinates":[[[[-2.30479,46.70942],[-2.28351,46.68787],[-2.30197,46.69334],[-2.31802,46.69143],[-2.34094,46.69122],[-2.35772,46.69497],[-2.377,46.70012],[-2.38698,46.70825],[-2.39787,46.71991],[-2.387,46.72962],[-2.36383,46.73071],[-2.34453,46.72799],[-2.32841,46.72065],[-2.31227,46.7134],[-2.30479,46.70942]]],[[[-1.14857,47.02955],[-1.12948,47.02171],[-1.09928,47.0146],[-1.081,47.0129],[-1.0638,47.00962],[-1.04715,47.00534],[-1.02732,47.00395],[-1.00666,47.01458],[-0.98823,47.01364],[-0.97894,47.01868],[-0.97279,47.00914],[-0.9634,47.00062],[-0.95555,46.99801],[-0.94334,47.00053],[-0.93201,47.00799],[-0.92999,47.00199],[-0.91819,46.99831],[-0.91007,46.99372],[-0.89366,46.98441],[-0.89783,46.97066],[-0.89413,46.96915],[-0.88358,46.96922],[-0.88161,46.95905],[-0.86379,46.96225],[-0.86457,46.95538],[-0.87014,46.95181],[-0.88169,46.94816],[-0.86206,46.94519],[-0.85213,46.94173],[-0.85271,46.93717],[-0.83728,46.93197],[-0.82736,46.92522],[-0.82054,46.911],[-0.82608,46.89005],[-0.81979,46.88127],[-0.80847,46.86856],[-0.79466,46.85904],[-0.78487,46.84985],[-0.7767,46.84116],[-0.75924,46.83218],[-0.7372,46.82513],[-0.71563,46.8217],[-0.70182,46.81292],[-0.71378,46.80297],[-0.72353,46.78425],[-0.72717,46.76863],[-0.7156,46.75183],[-0.69513,46.7476],[-0.69999,46.73392],[-0.69208,46.73282],[-0.68188,46.72599],[-0.6627,46.70965],[-0.66014,46.69887],[-0.66943,46.68112],[-0.64338,46.66555],[-0.64857,46.65636],[-0.65942,46.63983],[-0.63419,46.63739],[-0.61397,46.62012],[-0.62294,46.60742],[-0.61359,46.59754],[-0.61462,46.58405],[-0.61841,46.57238],[-0.61085,46.56416],[-0.60222,46.54804],[-0.60904,46.52608],[-0.62589,46.52883],[-0.63962,46.52222],[-0.64376,46.51208],[-0.6298,46.50002],[-0.62974,46.48115],[-0.61684,46.46573],[-0.61479,46.44954],[-0.61773,46.44496],[-0.63465,46.42912],[-0.62911,46.40406],[-0.62539,46.39209],[-0.60187,46.41287],[-0.57218,46.39693],[-0.54118,46.3889],[-0.55851,46.36154],[-0.5894,46.35786],[-0.61605,46.34083],[-0.63425,46.33856],[-0.63747,46.32362],[-0.67227,46.31622],[-0.71014,46.31705],[-0.71642,46.30748],[-0.73383,46.30502],[-0.76155,46.31266],[-0.78893,46.32251],[-0.80645,46.33437],[-0.80733,46.3393],[-0.83052,46.34153],[-0.84487,46.32456],[-0.86045,46.32529],[-0.87884,46.32419],[-0.89259,46.31948],[-0.91308,46.31322],[-0.9286,46.31084],[-0.94609,46.31758],[-0.95947,46.32418],[-0.94055,46.34192],[-0.93224,46.364],[-0.942,46.36822],[-0.98146,46.35099],[-1.01381,46.35562],[-1.06452,46.33551],[-1.07912,46.32081],[-1.09097,46.3173],[-1.10656,46.3148],[-1.12216,46.3231],[-1.13075,46.31108],[-1.16718,46.31969],[-1.20295,46.313],[-1.20458,46.2709],[-1.22101,46.27316],[-1.26136,46.2972],[-1.2959,46.32393],[-1.29808,46.30409],[-1.29267,46.29507],[-1.27908,46.28808],[-1.29681,46.28985],[-1.32159,46.32517],[-1.34475,46.34181],[-1.3696,46.34866],[-1.40098,46.3405],[-1.43789,46.34024],[-1.47095,46.34606],[-1.49378,46.38871],[-1.52687,46.40637],[-1.57397,46.40863],[-1.62352,46.41295],[-1.64406,46.41971],[-1.64775,46.42823],[-1.66776,46.43793],[-1.6958,46.44707],[-1.71428,46.45903],[-1.73254,46.46603],[-1.75377,46.4745],[-1.77501,46.49135],[-1.79953,46.48875],[-1.8159,46.50418],[-1.82326,46.52852],[-1.84021,46.56893],[-1.85702,46.60985],[-1.87598,46.6283],[-1.89779,46.64038],[-1.91631,46.66546],[-1.94703,46.6948],[-1.96927,46.69419],[-1.98028,46.71085],[-2.00303,46.73576],[-2.04443,46.76455],[-2.07983,46.7862],[-2.12958,46.81026],[-2.14594,46.84288],[-2.15576,46.88652],[-2.1284,46.89182],[-2.11518,46.89968],[-2.11073,46.91427],[-2.08497,46.93284],[-2.07498,46.9402],[-2.03287,46.99182],[-2.03208,47.00163],[-2.01431,47.01389],[-1.96658,47.02569],[-1.94323,46.99471],[-1.92203,46.99225],[-1.91864,46.9877],[-1.91434,46.98069],[-1.9149,46.97203],[-1.90016,46.96454],[-1.88745,46.95763],[-1.86518,46.95466],[-1.83787,46.95377],[-1.82575,46.94255],[-1.80528,46.92955],[-1.78406,46.92887],[-1.75833,46.92866],[-1.74384,46.92319],[-1.73855,46.91482],[-1.73561,46.90132],[-1.73085,46.8878],[-1.70424,46.88784],[-1.686,46.89032],[-1.67288,46.87871],[-1.652,46.8789],[-1.6181,46.87508],[-1.60071,46.87257],[-1.56707,46.8644],[-1.5491,46.86735],[-1.53593,46.87496],[-1.51389,46.88003],[-1.50218,46.89291],[-1.52673,46.90527],[-1.5385,46.91626],[-1.54069,46.92294],[-1.52037,46.93287],[-1.52545,46.94602],[-1.54134,46.95566],[-1.54786,46.9695],[-1.55557,46.9805],[-1.54293,47.00042],[-1.5548,47.01628],[-1.53549,47.02418],[-1.51108,47.03365],[-1.48917,47.04065],[-1.47593,47.02572],[-1.46024,46.99296],[-1.47696,46.98097],[-1.46804,46.96461],[-1.4585,46.95623],[-1.46932,46.9361],[-1.44828,46.92779],[-1.4251,46.93941],[-1.38945,46.94791],[-1.36737,46.95574],[-1.36508,46.96734],[-1.35861,46.97736],[-1.36917,46.98559],[-1.37267,46.9943],[-1.3644,47.01082],[-1.37645,47.02714],[-1.36699,47.04077],[-1.34702,47.03777],[-1.33753,47.04446],[-1.32134,47.03593],[-1.30074,47.03411],[-1.29647,47.04316],[-1.29544,47.05224],[-1.29139,47.06827],[-1.27422,47.08064],[-1.26058,47.07577],[-1.24377,47.06786],[-1.22424,47.06041],[-1.2102,47.05054],[-1.19564,47.03928],[-1.16825,47.03435],[-1.14857,47.02955]]],[[[-2.19807,46.95117],[-2.23808,46.96513],[-2.26438,46.96088],[-2.29068,46.9851],[-2.2924,47.00891],[-2.30326,47.02244],[-2.28217,47.02694],[-2.25391,47.02803],[-2.23062,47.0167],[-2.22032,47.00476],[-2.22608,46.99273],[-2.23607,46.98562],[-2.22937,46.97332],[-2.15718,46.95004],[-2.15328,46.93176],[-2.15103,46.91733],[-2.1515,46.90245],[-2.16682,46.90544],[-2.18501,46.94065],[-2.19807,46.95117]]]]},"properties":{"code":"85","nom":"Vendée"}},{"type":"Feature","geometry":{"type":"Polygon","coordinates":[[[-0.10212,47.0648],[-0.10065,47.08459],[-0.07842,47.09882],[-0.05733,47.09436],[-0.034,47.08985],[-0.03966,47.1121],[-0.02161,47.14361],[0.00573,47.16734],[0.04506,47.1653],[0.05722,47.15892],[0.07839,47.14633],[0.07963,47.12314],[0.09293,47.12214],[0.11118,47.13028],[0.12576,47.12228],[0.13398,47.10998],[0.16033,47.10202],[0.18316,47.11438],[0.19385,47.09774],[0.18888,47.08204],[0.17363,47.06803],[0.18932,47.06081],[0.20693,47.05501],[0.23282,47.06656],[0.26106,47.07022],[0.26187,47.05431],[0.27169,47.04548],[0.29555,47.05167],[0.30665,47.03507],[0.30467,47.01413],[0.3116,46.99625],[0.29806,46.98359],[0.30457,46.97507],[0.30787,46.9628],[0.30897,46.94221],[0.33505,46.9351],[0.3622,46.94705],[0.38815,46.94363],[0.42607,46.934],[0.45109,46.94179],[0.49508,46.95614],[0.52775,46.95577],[0.56442,46.95553],[0.59835,46.95676],[0.59354,46.97762],[0.57369,46.99553],[0.58557,47.00607],[0.62385,47.00394],[0.63341,46.98672],[0.65722,46.98437],[0.69257,46.97431],[0.70438,46.94433],[0.70779,46.92116],[0.71283,46.89771],[0.73757,46.87349],[0.75686,46.85999],[0.77021,46.85896],[0.78698,46.85234],[0.7868,46.84046],[0.80932,46.82786],[0.81709,46.80348],[0.81628,46.78777],[0.83382,46.77437],[0.85484,46.76002],[0.87471,46.74435],[0.8954,46.73696],[0.91323,46.72571],[0.92495,46.69999],[0.91436,46.68767],[0.91071,46.67718],[0.91654,46.6518],[0.89638,46.63345],[0.9051,46.61755],[0.91129,46.60327],[0.93513,46.59479],[0.94405,46.58077],[0.96367,46.57107],[0.98521,46.57097],[1.00239,46.56731],[1.02494,46.54948],[1.03789,46.53675],[1.06654,46.53812],[1.09133,46.53767],[1.12527,46.52125],[1.13341,46.49763],[1.15747,46.46999],[1.14537,46.45772],[1.176,46.44404],[1.1834,46.42923],[1.20717,46.43459],[1.19764,46.41412],[1.17728,46.38395],[1.15701,46.38923],[1.14663,46.36793],[1.1301,46.35998],[1.10748,46.3542],[1.0745,46.35883],[1.04985,46.35688],[1.02526,46.33897],[1.02517,46.3265],[1.02275,46.31379],[1.0074,46.30187],[1.0026,46.29097],[0.99291,46.28366],[0.97698,46.28527],[0.95096,46.28512],[0.93285,46.28549],[0.92049,46.28372],[0.89932,46.28939],[0.89065,46.26854],[0.8592,46.25121],[0.84585,46.2415],[0.84801,46.22875],[0.80993,46.22734],[0.7935,46.2121],[0.80176,46.20006],[0.8182,46.19353],[0.82991,46.18474],[0.82831,46.17464],[0.83629,46.16228],[0.83115,46.15357],[0.84127,46.14115],[0.83552,46.13117],[0.81507,46.13365],[0.80137,46.13297],[0.78698,46.12949],[0.77397,46.13394],[0.75514,46.1384],[0.73812,46.13614],[0.71098,46.13633],[0.68842,46.123],[0.682,46.10658],[0.67411,46.09765],[0.64852,46.09474],[0.62462,46.09362],[0.60619,46.08564],[0.598,46.07459],[0.5797,46.08096],[0.5625,46.08915],[0.54442,46.08639],[0.53299,46.09944],[0.51534,46.11671],[0.50412,46.1248],[0.49159,46.13396],[0.4749,46.12973],[0.46308,46.11239],[0.44675,46.10374],[0.44785,46.08675],[0.46789,46.08695],[0.47573,46.077],[0.4693,46.06821],[0.44958,46.05164],[0.42922,46.0499],[0.40386,46.05973],[0.37909,46.06209],[0.35529,46.06392],[0.33203,46.06554],[0.3144,46.06509],[0.2845,46.06077],[0.26078,46.07244],[0.24347,46.08044],[0.22737,46.08897],[0.20265,46.0958],[0.19545,46.11461],[0.19938,46.13007],[0.21579,46.13893],[0.22015,46.15814],[0.19232,46.15617],[0.17188,46.15583],[0.14755,46.16648],[0.137,46.18072],[0.11275,46.18631],[0.11109,46.20771],[0.12624,46.22082],[0.14277,46.23231],[0.13279,46.26744],[0.15956,46.26657],[0.17099,46.28424],[0.15541,46.29713],[0.16957,46.31019],[0.17437,46.33156],[0.15697,46.34275],[0.12139,46.34503],[0.09613,46.32874],[0.08342,46.31125],[0.06047,46.31318],[0.04028,46.32389],[0.0218,46.32594],[0.03656,46.34573],[0.02479,46.36578],[0.02339,46.38191],[0.01188,46.39117],[-0.00634,46.39413],[-0.00847,46.40422],[-0.01651,46.41282],[-0.0142,46.42408],[-0.01519,46.43625],[-0.01722,46.45934],[-0.01597,46.47548],[-0.04188,46.47201],[-0.03557,46.48731],[-0.03941,46.4961],[-0.03071,46.51181],[-0.03135,46.52498],[-0.01477,46.52622],[0.00634,46.54151],[-0.01051,46.55277],[-0.00319,46.57209],[0.02006,46.58513],[0.029,46.59449],[0.02037,46.6147],[0.00107,46.61098],[-0.01032,46.62074],[-0.00014,46.63283],[-0.01391,46.64015],[-0.02976,46.62726],[-0.05926,46.62259],[-0.05448,46.64264],[-0.03454,46.65746],[-0.02949,46.67201],[-0.00791,46.68424],[-0.00936,46.69636],[0.00322,46.71093],[0.0319,46.72717],[0.01621,46.74693],[-0.00414,46.7602],[-0.02021,46.76508],[-0.02628,46.78858],[0.00025,46.8056],[-0.00906,46.82077],[-0.0364,46.82042],[-0.04909,46.82308],[-0.02966,46.83901],[-0.01156,46.84798],[0.00623,46.84179],[0.02457,46.84377],[0.00173,46.86225],[-0.02076,46.87375],[-0.03126,46.87687],[-0.0168,46.89863],[-0.02222,46.93848],[-0.03903,46.95623],[-0.04345,46.97],[-0.03604,46.98693],[-0.05323,46.99193],[-0.07839,46.9884],[-0.08952,47.01197],[-0.08613,47.01996],[-0.09425,47.04831],[-0.10212,47.0648]]]},"properties":{"code":"86","nom":"Vienne"}},{"type":"Feature","geometry":{"type":"Polygon","coordinates":[[[0.82343,46.12858],[0.84482,46.13418],[0.83346,46.14766],[0.83042,46.15936],[0.83099,46.16653],[0.8338,46.17984],[0.82021,46.18623],[0.81413,46.19793],[0.80215,46.20906],[0.80036,46.21714],[0.82467,46.22925],[0.84866,46.23821],[0.84754,46.24827],[0.86776,46.2632],[0.89823,46.28115],[0.90919,46.28402],[0.92782,46.28138],[0.93873,46.2911],[0.96423,46.28637],[0.98414,46.28175],[1.00589,46.28097],[1.01002,46.29533],[1.01199,46.31034],[1.02456,46.31974],[1.03019,46.33421],[1.03451,46.34636],[1.06169,46.36156],[1.1007,46.36411],[1.13056,46.3481],[1.1324,46.36463],[1.14864,46.3796],[1.16722,46.38632],[1.18219,46.37608],[1.19559,46.38152],[1.21158,46.37894],[1.22495,46.36674],[1.24511,46.37324],[1.29181,46.37481],[1.31516,46.37385],[1.32281,46.38548],[1.31276,46.39429],[1.34119,46.40021],[1.36439,46.39412],[1.40055,46.36748],[1.41519,46.34722],[1.42141,46.33988],[1.43902,46.33567],[1.43996,46.32613],[1.43656,46.31225],[1.43695,46.30033],[1.42421,46.29312],[1.41957,46.28395],[1.4314,46.27807],[1.42672,46.2675],[1.40772,46.26316],[1.40647,46.25276],[1.42064,46.24711],[1.4077,46.24166],[1.39479,46.23822],[1.38183,46.22677],[1.37452,46.21817],[1.38367,46.21033],[1.38494,46.20062],[1.39554,46.19072],[1.41377,46.18196],[1.42678,46.17829],[1.44254,46.17684],[1.46176,46.1778],[1.46575,46.16703],[1.45136,46.15266],[1.4705,46.1498],[1.48391,46.13609],[1.49746,46.1428],[1.50333,46.13146],[1.50016,46.11839],[1.4905,46.11175],[1.50052,46.10405],[1.5049,46.08815],[1.52607,46.08888],[1.52646,46.08196],[1.53865,46.07976],[1.53783,46.06459],[1.53457,46.05323],[1.54808,46.03671],[1.53787,46.02635],[1.53438,46.00478],[1.55065,45.99585],[1.56884,45.99625],[1.57736,45.97772],[1.55883,45.96442],[1.54149,45.95521],[1.52076,45.95245],[1.522,45.94283],[1.51168,45.93421],[1.53048,45.93178],[1.54439,45.9191],[1.55938,45.92141],[1.58037,45.91913],[1.57929,45.93135],[1.60713,45.93348],[1.62756,45.93253],[1.63713,45.92597],[1.62762,45.91826],[1.63414,45.90787],[1.64008,45.9017],[1.63745,45.89066],[1.62738,45.89748],[1.62,45.88515],[1.61728,45.88599],[1.603,45.88923],[1.59785,45.8792],[1.60365,45.8747],[1.60775,45.85637],[1.62348,45.8504],[1.64382,45.84495],[1.65992,45.8338],[1.67664,45.83511],[1.69217,45.84474],[1.72463,45.84312],[1.73968,45.84919],[1.7561,45.86097],[1.77745,45.85802],[1.77601,45.84757],[1.78285,45.83231],[1.79726,45.82595],[1.81396,45.81622],[1.82961,45.82106],[1.84452,45.81582],[1.85645,45.80512],[1.88693,45.79161],[1.8951,45.76696],[1.88236,45.75971],[1.88559,45.74263],[1.87566,45.72414],[1.8884,45.7219],[1.88631,45.70921],[1.90101,45.69437],[1.90769,45.68577],[1.89183,45.67846],[1.87706,45.67102],[1.86395,45.66647],[1.85175,45.66759],[1.83197,45.66349],[1.81538,45.6811],[1.79651,45.68056],[1.78302,45.67649],[1.76511,45.65791],[1.75013,45.6491],[1.73256,45.64249],[1.71297,45.64013],[1.6921,45.63133],[1.67386,45.61836],[1.65928,45.60387],[1.65447,45.59454],[1.63644,45.5812],[1.62489,45.57794],[1.60092,45.5789],[1.59209,45.57295],[1.5826,45.55499],[1.55495,45.54948],[1.54027,45.55604],[1.52499,45.56321],[1.51435,45.55491],[1.49823,45.54993],[1.4858,45.56306],[1.47305,45.5541],[1.45494,45.54627],[1.43954,45.52041],[1.42833,45.52963],[1.40675,45.526],[1.39861,45.51144],[1.38775,45.49564],[1.3649,45.482],[1.35008,45.46689],[1.31783,45.47852],[1.29984,45.48655],[1.28746,45.48175],[1.26978,45.47362],[1.263,45.45731],[1.25184,45.44619],[1.23401,45.43994],[1.22321,45.45909],[1.19294,45.45739],[1.17553,45.46472],[1.16739,45.4748],[1.14976,45.47376],[1.12865,45.47389],[1.11762,45.48187],[1.13248,45.50102],[1.14489,45.51244],[1.16481,45.527],[1.13162,45.54068],[1.11686,45.54763],[1.10484,45.5385],[1.08668,45.53731],[1.07865,45.53992],[1.05948,45.55387],[1.04431,45.56454],[1.03468,45.57891],[1.03344,45.59362],[1.02047,45.61087],[0.99597,45.61409],[0.97576,45.60436],[0.95382,45.61007],[0.94127,45.60928],[0.92562,45.60743],[0.9019,45.60474],[0.88911,45.60413],[0.87769,45.61675],[0.8565,45.60567],[0.8323,45.58119],[0.80599,45.58745],[0.79456,45.59508],[0.77332,45.59617],[0.75739,45.61058],[0.75936,45.62473],[0.76408,45.64209],[0.77245,45.65394],[0.76991,45.6687],[0.7527,45.6802],[0.7369,45.68956],[0.71899,45.69587],[0.70313,45.68718],[0.68579,45.68738],[0.66868,45.68667],[0.65311,45.68973],[0.64233,45.69771],[0.63091,45.71203],[0.64019,45.71756],[0.65057,45.72861],[0.66074,45.7406],[0.67098,45.75051],[0.70085,45.76183],[0.71521,45.7719],[0.71125,45.79033],[0.71051,45.8022],[0.73833,45.80391],[0.75564,45.79704],[0.7684,45.78913],[0.77745,45.79897],[0.7831,45.81012],[0.78792,45.82696],[0.80199,45.83687],[0.81463,45.85473],[0.81492,45.86985],[0.82591,45.88223],[0.81674,45.89462],[0.81679,45.90443],[0.81249,45.92021],[0.81693,45.9321],[0.83501,45.92415],[0.85955,45.91786],[0.89084,45.92686],[0.91205,45.93658],[0.92373,45.95095],[0.94259,45.95744],[0.9435,45.97009],[0.93448,45.97749],[0.93231,45.98642],[0.92252,45.99552],[0.92643,46.00924],[0.91518,46.01467],[0.89385,46.02539],[0.86874,46.01994],[0.85784,46.02191],[0.84568,46.03651],[0.82901,46.04597],[0.81633,46.056],[0.8258,46.0663],[0.81858,46.07723],[0.83225,46.09528],[0.82606,46.11107],[0.81714,46.1178],[0.81041,46.12454],[0.82343,46.12858]]]},"properties":{"code":"87","nom":"Haute-Vienne"}},{"type":"Feature","geometry":{"type":"Polygon","coordinates":[[[5.47006,48.42093],[5.50193,48.40951],[5.51241,48.41989],[5.52808,48.4328],[5.54685,48.43772],[5.56701,48.43562],[5.58902,48.44237],[5.61576,48.43232],[5.62053,48.44449],[5.64833,48.45446],[5.64224,48.47244],[5.68057,48.47112],[5.70221,48.46193],[5.73967,48.46698],[5.75533,48.49174],[5.78702,48.48291],[5.81049,48.49601],[5.83662,48.50088],[5.85313,48.50626],[5.88633,48.49492],[5.9043,48.48293],[5.88874,48.4682],[5.88899,48.4532],[5.88461,48.43727],[5.86375,48.41952],[5.86772,48.40706],[5.88459,48.40446],[5.90487,48.41868],[5.89821,48.43436],[5.93133,48.43395],[5.91096,48.42359],[5.91039,48.41359],[5.90885,48.40158],[5.92769,48.39369],[5.93385,48.40336],[5.95084,48.39133],[5.9482,48.37445],[5.95647,48.36729],[5.95924,48.35042],[5.98534,48.35179],[6.00553,48.35824],[6.02049,48.3614],[6.03854,48.36067],[6.05462,48.36546],[6.07729,48.36227],[6.06907,48.37529],[6.08896,48.38111],[6.09804,48.3687],[6.09729,48.35788],[6.11705,48.35384],[6.13908,48.36738],[6.15213,48.3826],[6.1473,48.39456],[6.15005,48.4095],[6.17844,48.40669],[6.18058,48.40361],[6.19617,48.39646],[6.21997,48.40074],[6.24071,48.40303],[6.26812,48.42153],[6.28279,48.43003],[6.29797,48.43454],[6.30626,48.41628],[6.32541,48.40705],[6.35876,48.40471],[6.38176,48.41191],[6.3929,48.40875],[6.38876,48.39093],[6.41532,48.39845],[6.44876,48.41452],[6.47099,48.40921],[6.50601,48.4163],[6.52981,48.42915],[6.55373,48.42408],[6.57097,48.41596],[6.58387,48.41723],[6.5675,48.43315],[6.57714,48.44878],[6.59582,48.46456],[6.62109,48.47275],[6.63854,48.45746],[6.64388,48.44252],[6.65357,48.42833],[6.68141,48.42073],[6.70901,48.41922],[6.7306,48.41703],[6.75749,48.41125],[6.76696,48.39908],[6.78386,48.39662],[6.79869,48.40287],[6.82282,48.40494],[6.84936,48.42397],[6.86842,48.42519],[6.89306,48.41852],[6.91312,48.43106],[6.93415,48.44681],[6.95048,48.46017],[6.96563,48.47013],[6.98545,48.47941],[7.00643,48.48104],[7.03009,48.49297],[7.0601,48.49885],[7.07781,48.50729],[7.1057,48.51233],[7.12878,48.50213],[7.1333,48.4977],[7.10993,48.49932],[7.09388,48.49654],[7.11688,48.48489],[7.11063,48.46411],[7.10521,48.44555],[7.09959,48.43418],[7.09743,48.40564],[7.09295,48.39417],[7.10934,48.37874],[7.08735,48.36147],[7.09376,48.34858],[7.11324,48.3374],[7.14978,48.33364],[7.18482,48.33615],[7.19177,48.32485],[7.19439,48.30438],[7.17244,48.29748],[7.16353,48.28061],[7.15155,48.2654],[7.13903,48.25025],[7.12993,48.22892],[7.11772,48.20821],[7.09982,48.18912],[7.08323,48.17249],[7.07076,48.15304],[7.06567,48.13379],[7.08162,48.11734],[7.05848,48.09048],[7.0374,48.07809],[7.02251,48.05805],[7.00975,48.04289],[7.00747,48.02789],[6.98497,48.01321],[6.96537,48.00259],[6.94336,47.99796],[6.94374,47.98092],[6.93072,47.96927],[6.92534,47.95597],[6.92145,47.94284],[6.92574,47.92983],[6.92268,47.91689],[6.91698,47.90211],[6.89815,47.88659],[6.90494,47.87601],[6.91123,47.86356],[6.91685,47.84739],[6.89206,47.83351],[6.8593,47.82396],[6.83591,47.82176],[6.81857,47.81766],[6.80035,47.82587],[6.79223,47.84222],[6.76447,47.85346],[6.74146,47.86175],[6.72698,47.86942],[6.705,47.88042],[6.68359,47.89032],[6.6548,47.90107],[6.63527,47.92029],[6.61855,47.93141],[6.58977,47.94245],[6.56342,47.93139],[6.54452,47.90537],[6.50321,47.89622],[6.47409,47.891],[6.45596,47.90677],[6.45291,47.92002],[6.4363,47.9365],[6.41538,47.94326],[6.39451,47.95502],[6.37466,47.96003],[6.34833,47.95675],[6.3128,47.94945],[6.27733,47.95381],[6.23799,47.93284],[6.20522,47.93205],[6.19712,47.94744],[6.18033,47.95618],[6.16075,47.95871],[6.15094,47.97056],[6.16186,47.97862],[6.15242,47.99838],[6.1459,48.01583],[6.12309,48.02058],[6.08081,48.01279],[6.03562,48.00087],[6.019,47.98748],[6.01896,47.9697],[6.00927,47.96149],[5.99243,47.95806],[5.97088,47.95567],[5.9508,47.9364],[5.9315,47.94028],[5.94645,47.95517],[5.96013,47.96803],[5.93947,47.97946],[5.91883,47.96686],[5.91479,47.94674],[5.89545,47.93527],[5.88169,47.93078],[5.86981,47.94027],[5.85415,47.95465],[5.85356,47.96988],[5.84054,47.97162],[5.82786,47.95836],[5.80527,47.94697],[5.7884,47.95423],[5.78335,47.96729],[5.78528,47.98128],[5.78679,48.00234],[5.77642,48.02241],[5.76441,48.03477],[5.74485,48.04777],[5.72128,48.05272],[5.69682,48.07247],[5.67522,48.07902],[5.66209,48.08488],[5.65766,48.07633],[5.64849,48.07155],[5.64093,48.08044],[5.63388,48.09022],[5.64325,48.10013],[5.6675,48.10656],[5.66338,48.11581],[5.66251,48.12879],[5.67561,48.14172],[5.68404,48.15644],[5.6839,48.17962],[5.70182,48.19044],[5.72412,48.19079],[5.72116,48.20698],[5.70503,48.22271],[5.67742,48.22898],[5.64205,48.24529],[5.65381,48.26852],[5.61165,48.29182],[5.58842,48.27785],[5.55469,48.30393],[5.53478,48.32354],[5.52158,48.3488],[5.48618,48.35572],[5.45988,48.34876],[5.42892,48.33265],[5.42273,48.35158],[5.43283,48.37089],[5.42888,48.38246],[5.40589,48.3921],[5.42118,48.39892],[5.4466,48.41532],[5.47006,48.42093]]]},"properties":{"code":"88","nom":"Vosges"}},{"type":"Feature","geometry":{"type":"Polygon","coordinates":[[[2.93631,48.16339],[2.93695,48.18303],[2.97131,48.19477],[2.98593,48.208],[3.00206,48.20715],[3.02281,48.23032],[3.03566,48.2509],[3.04616,48.2669],[3.02977,48.28584],[3.02143,48.30332],[3.02703,48.31701],[3.04358,48.33044],[3.03714,48.34257],[3.05833,48.35817],[3.08869,48.35725],[3.10547,48.3513],[3.12569,48.36802],[3.14132,48.3706],[3.15707,48.37215],[3.18253,48.37331],[3.20034,48.36368],[3.23206,48.3693],[3.25673,48.36648],[3.27218,48.37889],[3.29437,48.37679],[3.31091,48.37297],[3.33547,48.37018],[3.35768,48.37102],[3.36722,48.39432],[3.38816,48.3972],[3.4059,48.3911],[3.42256,48.36826],[3.43719,48.3647],[3.45697,48.3743],[3.47488,48.36926],[3.51354,48.36002],[3.54511,48.33454],[3.56503,48.31333],[3.58141,48.30299],[3.57805,48.28698],[3.60044,48.27949],[3.62108,48.26477],[3.60557,48.24251],[3.60792,48.23255],[3.61221,48.21555],[3.58786,48.19603],[3.58818,48.18141],[3.63189,48.18939],[3.65066,48.16823],[3.66976,48.13951],[3.69783,48.14961],[3.72234,48.15683],[3.71847,48.17537],[3.75419,48.15381],[3.73983,48.1346],[3.76213,48.13181],[3.77879,48.12239],[3.79687,48.11083],[3.80109,48.09567],[3.80898,48.08024],[3.82955,48.05772],[3.82198,48.04392],[3.84255,48.03619],[3.86611,48.01897],[3.87068,48.00295],[3.85162,48.00428],[3.84388,47.99588],[3.8618,47.97644],[3.8833,47.9852],[3.88214,47.99831],[3.90028,47.99788],[3.91169,47.9671],[3.9051,47.95257],[3.89403,47.9293],[3.91172,47.93009],[3.93891,47.93273],[3.98048,47.93099],[3.99988,47.93931],[4.0166,47.93043],[4.03992,47.92955],[4.05695,47.93856],[4.08535,47.94503],[4.09193,47.9318],[4.10831,47.92751],[4.13038,47.93679],[4.14582,47.94797],[4.16945,47.95724],[4.18533,47.94439],[4.20709,47.94468],[4.20603,47.95993],[4.19727,47.96413],[4.2158,47.97251],[4.22415,47.95339],[4.24272,47.93196],[4.26973,47.92368],[4.30477,47.92135],[4.30364,47.90162],[4.27849,47.89993],[4.24699,47.87588],[4.26402,47.87178],[4.26256,47.86092],[4.26623,47.84273],[4.2934,47.84741],[4.31648,47.84819],[4.32723,47.84247],[4.32056,47.83211],[4.32381,47.81716],[4.33742,47.80096],[4.33495,47.77802],[4.33172,47.76327],[4.31797,47.75028],[4.29364,47.73436],[4.26807,47.74122],[4.25855,47.73243],[4.23946,47.72443],[4.25627,47.71002],[4.26892,47.68921],[4.28406,47.68266],[4.25181,47.68391],[4.2254,47.67418],[4.2493,47.66066],[4.23694,47.64659],[4.22399,47.63264],[4.21359,47.62066],[4.20871,47.60099],[4.19716,47.59407],[4.18716,47.57048],[4.17442,47.5521],[4.15344,47.54452],[4.15071,47.5325],[4.12783,47.51828],[4.11761,47.50638],[4.1194,47.4884],[4.12548,47.4741],[4.12885,47.46577],[4.12395,47.45001],[4.10766,47.44675],[4.09617,47.43217],[4.08376,47.43195],[4.08048,47.41869],[4.06569,47.40415],[4.08831,47.39652],[4.07724,47.38427],[4.09551,47.37603],[4.10787,47.37328],[4.09794,47.35535],[4.10845,47.34075],[4.07367,47.33961],[4.0466,47.33988],[4.03986,47.32743],[4.02819,47.3226],[4.01683,47.31283],[3.9907,47.31717],[3.98046,47.32375],[3.97256,47.33582],[3.9685,47.34816],[3.96287,47.36556],[3.97036,47.37881],[3.95587,47.38991],[3.9447,47.38425],[3.92621,47.38186],[3.89415,47.37263],[3.8721,47.36576],[3.86517,47.38273],[3.86688,47.39611],[3.8859,47.4054],[3.89123,47.41782],[3.87649,47.42841],[3.85139,47.43406],[3.84547,47.41456],[3.83409,47.40356],[3.82362,47.40388],[3.82742,47.38983],[3.81296,47.37967],[3.79975,47.39032],[3.78102,47.39623],[3.77461,47.4062],[3.74055,47.3965],[3.71492,47.40944],[3.69693,47.42877],[3.67322,47.4353],[3.67124,47.44855],[3.64366,47.45165],[3.62134,47.45563],[3.60801,47.46667],[3.58886,47.45892],[3.5801,47.47857],[3.573,47.49885],[3.54434,47.51124],[3.50965,47.54547],[3.50317,47.55889],[3.49229,47.55069],[3.49223,47.53224],[3.49158,47.50239],[3.46155,47.50156],[3.44888,47.5046],[3.43047,47.50654],[3.39042,47.50915],[3.3739,47.48582],[3.34956,47.4796],[3.34,47.47892],[3.29574,47.49306],[3.26713,47.4924],[3.24072,47.48905],[3.22065,47.5067],[3.19938,47.52184],[3.1827,47.52038],[3.16172,47.52472],[3.14043,47.53526],[3.12303,47.53943],[3.11652,47.56299],[3.11158,47.5839],[3.08056,47.58549],[3.05227,47.56705],[3.02564,47.55875],[2.99338,47.56645],[2.96227,47.57679],[2.95306,47.59038],[2.93923,47.60259],[2.93483,47.62501],[2.94413,47.64119],[2.93531,47.65734],[2.92277,47.67751],[2.90774,47.69094],[2.88213,47.70806],[2.87228,47.71643],[2.84923,47.72296],[2.85579,47.73966],[2.85612,47.7538],[2.86543,47.76336],[2.89565,47.76457],[2.92286,47.7643],[2.9497,47.76587],[2.98045,47.78252],[3.02528,47.78767],[3.02434,47.81308],[3.01546,47.82316],[3.03108,47.83795],[3.02505,47.8566],[3.00536,47.86405],[3.01039,47.87634],[3.01318,47.89575],[3.01802,47.90764],[3.04561,47.90968],[3.05684,47.92508],[3.08411,47.94177],[3.10279,47.94731],[3.10931,47.96207],[3.12172,47.9868],[3.12127,47.99702],[3.11542,48.01297],[3.1031,48.02405],[3.12007,48.02908],[3.09817,48.03934],[3.09536,48.05398],[3.06417,48.06389],[3.04901,48.09374],[3.03831,48.10154],[3.01677,48.11786],[3.01215,48.14446],[2.99334,48.14506],[2.97292,48.15043],[2.95327,48.16501],[2.93631,48.16339]]]},"properties":{"code":"89","nom":"Yonne"}},{"type":"Feature","geometry":{"type":"Polygon","coordinates":[[[6.82354,47.81305],[6.84618,47.82295],[6.84855,47.80448],[6.86244,47.78637],[6.88606,47.7804],[6.92216,47.77281],[6.94595,47.76522],[6.97046,47.75437],[6.99537,47.74613],[7.02155,47.73327],[7.03573,47.72126],[7.03133,47.6995],[7.03842,47.68705],[7.03895,47.67854],[7.03553,47.66338],[7.01981,47.65068],[7.01218,47.63765],[7.01693,47.62719],[7.00736,47.62098],[7.00876,47.60937],[7.01217,47.60044],[7.01944,47.59012],[7.04634,47.60103],[7.06587,47.60128],[7.07724,47.59807],[7.08599,47.58699],[7.10303,47.57007],[7.10687,47.55054],[7.13027,47.54125],[7.13788,47.53065],[7.13035,47.50303],[7.08891,47.49329],[7.06081,47.49512],[7.03624,47.499],[7.00013,47.49979],[6.98869,47.48669],[6.99101,47.46844],[7.00135,47.45598],[6.97498,47.44768],[6.95444,47.43507],[6.93403,47.45094],[6.922,47.46249],[6.91098,47.475],[6.90796,47.4939],[6.93018,47.50041],[6.94327,47.48719],[6.9472,47.50568],[6.93461,47.51776],[6.91683,47.52469],[6.91244,47.53675],[6.89759,47.54977],[6.86915,47.55088],[6.83444,47.54737],[6.80822,47.56469],[6.80616,47.58216],[6.79871,47.59086],[6.78835,47.6063],[6.78058,47.62417],[6.79784,47.64085],[6.78363,47.65496],[6.77872,47.67829],[6.77394,47.69924],[6.76825,47.71743],[6.75959,47.73916],[6.77235,47.76565],[6.78563,47.78207],[6.81132,47.79429],[6.82354,47.81305]]]},"properties":{"code":"90","nom":"Territoire de Belfort"}},{"type":"Feature","geometry":{"type":"Polygon","coordinates":[[[2.22656,48.7761],[2.24096,48.76371],[2.26717,48.76233],[2.27727,48.75383],[2.27544,48.73829],[2.30384,48.72949],[2.31304,48.7382],[2.32688,48.75116],[2.34775,48.74148],[2.37071,48.72018],[2.39966,48.72466],[2.42072,48.72105],[2.44337,48.72079],[2.45333,48.72253],[2.46739,48.72871],[2.50754,48.7331],[2.52643,48.70927],[2.5416,48.70012],[2.55036,48.68854],[2.57789,48.69053],[2.57396,48.67663],[2.55941,48.67239],[2.54482,48.67118],[2.54741,48.65165],[2.54141,48.63236],[2.51857,48.62682],[2.54248,48.599],[2.52337,48.58648],[2.51918,48.57013],[2.5029,48.54601],[2.50762,48.53814],[2.49736,48.52542],[2.50444,48.51655],[2.5146,48.50264],[2.50189,48.48477],[2.50718,48.46969],[2.50658,48.45203],[2.50728,48.43515],[2.52746,48.41572],[2.52094,48.40174],[2.49856,48.39678],[2.48481,48.38345],[2.45146,48.37494],[2.43774,48.36636],[2.4415,48.35809],[2.43047,48.34282],[2.42177,48.33667],[2.39318,48.33627],[2.40266,48.32072],[2.38262,48.31123],[2.3558,48.31043],[2.34198,48.31683],[2.32645,48.32965],[2.31124,48.32882],[2.29569,48.30808],[2.27222,48.31384],[2.25888,48.30721],[2.24661,48.30887],[2.24631,48.32996],[2.23546,48.32932],[2.21961,48.33552],[2.20709,48.34494],[2.19148,48.33385],[2.18457,48.32278],[2.1548,48.31493],[2.16031,48.29853],[2.10463,48.30731],[2.08534,48.29401],[2.04937,48.28975],[2.02499,48.28923],[2.00468,48.28477],[1.97509,48.28801],[1.97141,48.29353],[1.95987,48.3075],[1.97909,48.31266],[1.97055,48.33898],[1.97291,48.35405],[1.9839,48.36667],[1.98012,48.37484],[1.97288,48.38898],[1.96791,48.40232],[1.92837,48.40605],[1.94072,48.42548],[1.93633,48.43481],[1.92855,48.45097],[1.91619,48.46317],[1.92514,48.48117],[1.93428,48.49578],[1.94579,48.51784],[1.96698,48.52843],[1.97779,48.53297],[1.96674,48.53347],[1.94969,48.54281],[1.93437,48.54733],[1.94972,48.5597],[1.98255,48.55763],[2.00972,48.55641],[2.01951,48.57212],[2.02945,48.58577],[2.03451,48.6035],[2.0554,48.61219],[2.04613,48.62148],[2.03689,48.63314],[2.01628,48.64104],[2.02074,48.65747],[2.03746,48.67961],[2.06265,48.68729],[2.07755,48.68653],[2.09098,48.69874],[2.09694,48.70275],[2.11008,48.72504],[2.10255,48.73761],[2.13498,48.73714],[2.14952,48.75258],[2.17345,48.75787],[2.19258,48.76027],[2.19107,48.77512],[2.22008,48.77107],[2.22656,48.7761]]]},"properties":{"code":"91","nom":"Essonne"}},{"type":"Feature","geometry":{"type":"Polygon","coordinates":[[[2.29097,48.95097],[2.3339,48.94248],[2.31982,48.91594],[2.31246,48.89778],[2.27749,48.87797],[2.23174,48.86907],[2.25248,48.84548],[2.26754,48.82779],[2.32551,48.80953],[2.32512,48.78631],[2.31567,48.7668],[2.31235,48.75135],[2.3146,48.73686],[2.30154,48.73623],[2.27535,48.73974],[2.27501,48.75525],[2.26201,48.75979],[2.23859,48.76647],[2.22496,48.77665],[2.21162,48.79126],[2.18696,48.8007],[2.17674,48.81401],[2.15158,48.81702],[2.15095,48.84799],[2.15032,48.85801],[2.15725,48.86891],[2.16185,48.88188],[2.1836,48.90278],[2.22509,48.92364],[2.26872,48.94658],[2.29097,48.95097]]]},"properties":{"code":"92","nom":"Hauts-de-Seine"}},{"type":"Feature","geometry":{"type":"Polygon","coordinates":[[[2.55306,49.00982],[2.56466,49.00565],[2.57934,48.99016],[2.56352,48.98039],[2.59212,48.94867],[2.60315,48.93048],[2.59045,48.91581],[2.5847,48.90213],[2.57663,48.89223],[2.56139,48.88763],[2.5682,48.87214],[2.58733,48.86501],[2.58006,48.8437],[2.5946,48.82129],[2.57801,48.81211],[2.56132,48.82648],[2.5382,48.8368],[2.51898,48.84818],[2.49972,48.85568],[2.49101,48.86081],[2.4673,48.85666],[2.43443,48.85085],[2.41394,48.87083],[2.3949,48.89844],[2.31961,48.90131],[2.33243,48.92634],[2.32069,48.94653],[2.28982,48.96145],[2.3228,48.95754],[2.3441,48.96824],[2.36616,48.97413],[2.40241,48.95793],[2.42816,48.95904],[2.45949,48.95505],[2.48381,48.96831],[2.50052,48.97529],[2.51265,48.98587],[2.52787,49.00028],[2.54777,49.00487],[2.55306,49.00982]]]},"properties":{"code":"93","nom":"Seine-Saint-Denis"}},{"type":"Feature","geometry":{"type":"Polygon","coordinates":[[[2.3319,48.81701],[2.38153,48.82242],[2.41996,48.82408],[2.45333,48.81716],[2.46496,48.83044],[2.44653,48.84575],[2.41987,48.84345],[2.41574,48.84531],[2.44438,48.85178],[2.47357,48.86025],[2.49612,48.86076],[2.5068,48.85508],[2.53443,48.84528],[2.55284,48.83252],[2.57098,48.82268],[2.59228,48.80744],[2.59423,48.78832],[2.58552,48.77692],[2.60136,48.77397],[2.61133,48.7612],[2.59619,48.74732],[2.59151,48.73743],[2.5809,48.72194],[2.56814,48.70897],[2.57064,48.69494],[2.55036,48.68854],[2.5416,48.70012],[2.52643,48.70927],[2.50754,48.7331],[2.46739,48.72871],[2.45333,48.72253],[2.44337,48.72079],[2.42072,48.72105],[2.39966,48.72466],[2.37071,48.72018],[2.34775,48.74148],[2.32688,48.75116],[2.31146,48.75433],[2.32572,48.77707],[2.324,48.80537],[2.3319,48.81701]]]},"properties":{"code":"94","nom":"Val-de-Marne"}},{"type":"Feature","geometry":{"type":"Polygon","coordinates":[[[2.59052,49.07965],[2.57419,49.05415],[2.59447,49.04714],[2.56888,49.03271],[2.53501,49.02381],[2.54523,49.01454],[2.54798,49.00304],[2.52903,49.00036],[2.51702,48.98618],[2.50215,48.97657],[2.48683,48.96729],[2.46086,48.95846],[2.43219,48.95768],[2.40329,48.95802],[2.36952,48.97314],[2.35142,48.96667],[2.32511,48.95809],[2.29896,48.9663],[2.26084,48.94344],[2.21501,48.91711],[2.20198,48.92073],[2.20146,48.93772],[2.20141,48.95022],[2.17511,48.95473],[2.17554,48.9724],[2.13183,48.98861],[2.12667,49.01221],[2.08322,49.01103],[2.05918,49.00618],[2.02654,49.00078],[2.00075,49.01349],[1.96423,49.02555],[1.94442,49.02375],[1.91818,49.03748],[1.90089,49.04355],[1.88196,49.02813],[1.86634,49.01643],[1.85957,49.0239],[1.8577,49.04009],[1.85078,49.06209],[1.83887,49.06977],[1.80371,49.07389],[1.78917,49.05804],[1.76554,49.05985],[1.74803,49.04862],[1.7055,49.05248],[1.69111,49.07033],[1.65927,49.08135],[1.61558,49.07186],[1.61524,49.08202],[1.62084,49.09757],[1.63452,49.11313],[1.6471,49.12471],[1.65734,49.13585],[1.65835,49.14893],[1.66468,49.16587],[1.67182,49.18088],[1.6765,49.20016],[1.68016,49.21425],[1.69164,49.22345],[1.70727,49.2355],[1.71211,49.23302],[1.73852,49.2241],[1.72895,49.20957],[1.71992,49.20154],[1.73211,49.19519],[1.74269,49.17979],[1.78863,49.18146],[1.80637,49.18013],[1.81567,49.17484],[1.83493,49.17421],[1.84555,49.1699],[1.87704,49.17145],[1.89453,49.16604],[1.93433,49.17356],[1.96072,49.17352],[1.98831,49.17887],[2.02818,49.18797],[2.05397,49.19897],[2.08089,49.21045],[2.0916,49.20513],[2.09257,49.19411],[2.10958,49.18895],[2.13057,49.19243],[2.14118,49.18134],[2.16499,49.17846],[2.17113,49.16496],[2.17495,49.17501],[2.19905,49.17529],[2.22632,49.17251],[2.21752,49.15366],[2.25871,49.15563],[2.2852,49.16319],[2.29572,49.17323],[2.31093,49.18641],[2.33611,49.17027],[2.35598,49.14869],[2.36657,49.15399],[2.39129,49.14935],[2.43105,49.14846],[2.45432,49.13927],[2.47548,49.13116],[2.49369,49.10546],[2.53106,49.0996],[2.53976,49.11645],[2.55153,49.1126],[2.56289,49.09748],[2.5799,49.08971],[2.59052,49.07965]]]},"properties":{"code":"95","nom":"Val-d'Oise"}},{"type":"Feature","geometry":{"type":"MultiPolygon","coordinates":[[[[55.56891,-21.3767],[55.56843,-21.37745],[55.56725,-21.37728],[55.56819,-21.37591],[55.56891,-21.3767]]],[[[55.25415,-21.10974],[55.238,-21.09682],[55.22038,-21.07434],[55.22545,-21.05486],[55.21653,-21.03957],[55.22601,-21.02656],[55.23743,-21.01837],[55.25477,-21.01673],[55.27443,-21.00303],[55.28254,-20.98004],[55.27735,-20.95672],[55.28193,-20.94042],[55.28381,-20.94414],[55.2868,-20.93873],[55.28797,-20.93332],[55.28545,-20.93234],[55.28419,-20.93258],[55.29054,-20.92387],[55.31829,-20.9283],[55.32176,-20.93492],[55.32207,-20.92615],[55.34451,-20.92222],[55.35995,-20.90796],[55.37919,-20.89293],[55.40384,-20.87963],[55.4333,-20.87553],[55.45334,-20.87323],[55.47455,-20.88483],[55.50077,-20.88291],[55.52808,-20.88964],[55.55064,-20.89544],[55.56419,-20.89195],[55.5838,-20.89768],[55.60294,-20.9015],[55.62192,-20.91106],[55.65952,-20.92209],[55.67448,-20.93716],[55.68927,-20.95539],[55.69878,-20.97171],[55.70039,-21.00252],[55.70508,-21.0199],[55.71832,-21.03233],[55.73122,-21.04831],[55.73874,-21.07151],[55.76142,-21.09907],[55.77725,-21.11644],[55.78941,-21.12462],[55.80753,-21.13385],[55.81871,-21.13957],[55.82586,-21.14683],[55.83078,-21.15584],[55.83298,-21.1684],[55.83562,-21.18421],[55.82478,-21.18974],[55.82553,-21.20049],[55.81403,-21.21662],[55.80785,-21.23252],[55.8048,-21.25081],[55.80343,-21.26676],[55.80494,-21.28152],[55.80563,-21.29809],[55.80444,-21.30884],[55.80497,-21.31962],[55.80189,-21.34345],[55.79133,-21.35397],[55.77989,-21.36191],[55.76872,-21.36558],[55.75639,-21.363],[55.74744,-21.36852],[55.73392,-21.36881],[55.71719,-21.37487],[55.70017,-21.37652],[55.67895,-21.37546],[55.67086,-21.38382],[55.65283,-21.38583],[55.64184,-21.38439],[55.61378,-21.38622],[55.59806,-21.3786],[55.58841,-21.37333],[55.57564,-21.37563],[55.55907,-21.37233],[55.54999,-21.37348],[55.54082,-21.36585],[55.52285,-21.36085],[55.50978,-21.35475],[55.49671,-21.35083],[55.48372,-21.3501],[55.47634,-21.34399],[55.45617,-21.33816],[55.44167,-21.32819],[55.4196,-21.32155],[55.40872,-21.30784],[55.39396,-21.29396],[55.3685,-21.28504],[55.35245,-21.28218],[55.33834,-21.27933],[55.33258,-21.26573],[55.32219,-21.25305],[55.31357,-21.24453],[55.30419,-21.23634],[55.29216,-21.22752],[55.28568,-21.21144],[55.28266,-21.2011],[55.28634,-21.18688],[55.28612,-21.16953],[55.27623,-21.15092],[55.27099,-21.14225],[55.26798,-21.12793],[55.25621,-21.11716],[55.25415,-21.10974]]]]},"properties":{"code":"974","nom":"La Réunion"}}]}