annee;new_dpt;libgeo;classe_d_age;sexe;part_activite;reg;reglib
2020;01;Ain;25-44 ans;Hommes;573.728378146943;84;Auvergne et Rhône-Alpes
2020;01;Ain;25-44 ans;Femmes;882.23632038065;84;Auvergne et Rhône-Alpes
2020;01;Ain;45-64 ans;Femmes;786.129657548999;84;Auvergne et Rhône-Alpes
2020;01;Ain;Tous;Femmes;564.883100580574;84;Auvergne et Rhône-Alpes
2020;01;Ain;18-24 ans;Hommes et Femmes;675.827889164226;84;Auvergne et Rhône-Alpes
2020;01;Ain;45-64 ans;Hommes et Femmes;576.13584676808;84;Auvergne et Rhône-Alpes
2021;01;Ain;25-44 ans;Femmes;785.319336485295;84;Auvergne et Rhône-Alpes
2021;01;Ain;45-64 ans;Femmes;560.9573672400901;84;Auvergne et Rhône-Alpes
2021;01;Ain;45-64 ans;Hommes et Femmes;430.69694596710997;84;Auvergne et Rhône-Alpes
2021;01;Ain;Tous;Hommes et Femmes;371.433098033693;84;Auvergne et Rhône-Alpes
2022;01;Ain;18-24 ans;Hommes;290.909090909091;84;Auvergne et Rhône-Alpes
2022;01;Ain;25-44 ans;Hommes;388.213581111182;84;Auvergne et Rhône-Alpes
2022;01;Ain;Tous;Hommes;209.82383540485802;84;Auvergne et Rhône-Alpes
2022;01;Ain;18-24 ans;Femmes;549.858820032694;84;Auvergne et Rhône-Alpes
2022;01;Ain;25-44 ans;Femmes;467.88062721294904;84;Auvergne et Rhône-Alpes
2022;01;Ain;65 ans et plus;Femmes;117.067159581023;84;Auvergne et Rhône-Alpes
2022;01;Ain;00-17 ans;Hommes et Femmes;238.841618151963;84;Auvergne et Rhône-Alpes
2022;01;Ain;18-24 ans;Hommes et Femmes;418.90203571691;84;Auvergne et Rhône-Alpes
2022;01;Ain;Tous;Hommes et Femmes;297.288902693349;84;Auvergne et Rhône-Alpes
2023;01;Ain;65 ans et plus;Hommes;85.37886872998929;84;Auvergne et Rhône-Alpes
2023;01;Ain;25-44 ans;Femmes;416.798231765077;84;Auvergne et Rhône-Alpes
2023;01;Ain;Tous;Femmes;403.08932582540996;84;Auvergne et Rhône-Alpes
2023;01;Ain;25-44 ans;Hommes et Femmes;422.11633782098403;84;Auvergne et Rhône-Alpes
2024;01;Ain;00-17 ans;Hommes;70.5591815134944;84;Auvergne et Rhône-Alpes
2024;01;Ain;18-24 ans;Femmes;638.231631382316;84;Auvergne et Rhône-Alpes
2024;01;Ain;65 ans et plus;Femmes;112.206933207347;84;Auvergne et Rhône-Alpes
2024;01;Ain;18-24 ans;Hommes et Femmes;451.713395638629;84;Auvergne et Rhône-Alpes
2020;02;Aisne;18-24 ans;Hommes;750.0;32;Hauts-de-France
2020;02;Aisne;45-64 ans;Hommes;588.9919436734141;32;Hauts-de-France
2020;02;Aisne;Tous;Hommes;453.37616008868605;32;Hauts-de-France
2020;02;Aisne;25-44 ans;Femmes;900.3317011530561;32;Hauts-de-France
2020;02;Aisne;25-44 ans;Hommes et Femmes;839.030453697949;32;Hauts-de-France
2020;02;Aisne;45-64 ans;Hommes et Femmes;817.539947974731;32;Hauts-de-France
2020;02;Aisne;65 ans et plus;Hommes et Femmes;196.909123456053;32;Hauts-de-France
2021;02;Aisne;00-17 ans;Hommes;164.306392301072;32;Hauts-de-France
2021;02;Aisne;25-44 ans;Hommes;571.456012293508;32;Hauts-de-France
2021;02;Aisne;65 ans et plus;Hommes;98.5275603481307;32;Hauts-de-France
2021;02;Aisne;00-17 ans;Femmes;514.942124026231;32;Hauts-de-France
2021;02;Aisne;65 ans et plus;Femmes;249.071642061408;32;Hauts-de-France
2021;02;Aisne;00-17 ans;Hommes et Femmes;329.27435387673995;32;Hauts-de-France
2021;02;Aisne;65 ans et plus;Hommes et Femmes;180.908009516257;32;Hauts-de-France
2022;02;Aisne;25-44 ans;Hommes;606.520090978014;32;Hauts-de-France
2022;02;Aisne;25-44 ans;Femmes;1036.29942685115;32;Hauts-de-France
2022;02;Aisne;Tous;Femmes;682.4012860230159;32;Hauts-de-France
2022;02;Aisne;45-64 ans;Hommes et Femmes;781.138637853864;32;Hauts-de-France
2022;02;Aisne;Tous;Hommes et Femmes;518.9845777283509;32;Hauts-de-France
2023;02;Aisne;00-17 ans;Hommes;182.55443441317001;32;Hauts-de-France
2023;02;Aisne;18-24 ans;Hommes;379.527217523314;32;Hauts-de-France
2023;02;Aisne;45-64 ans;Hommes;484.636007424211;32;Hauts-de-France
2023;02;Aisne;65 ans et plus;Hommes;79.69621677370961;32;Hauts-de-France
2023;02;Aisne;18-24 ans;Femmes;1229.15906048436;32;Hauts-de-France
2023;02;Aisne;45-64 ans;Femmes;824.729671940864;32;Hauts-de-France
2023;02;Aisne;65 ans et plus;Femmes;196.889151407757;32;Hauts-de-France
2023;02;Aisne;25-44 ans;Hommes et Femmes;741.036453005314;32;Hauts-de-France
2024;02;Aisne;45-64 ans;Hommes;505.928045789043;32;Hauts-de-France
2024;02;Aisne;00-17 ans;Femmes;693.197327778177;32;Hauts-de-France
2024;02;Aisne;18-24 ans;Femmes;1333.95740697402;32;Hauts-de-France
2024;02;Aisne;25-44 ans;Femmes;882.5932988286571;32;Hauts-de-France
2024;02;Aisne;45-64 ans;Hommes et Femmes;687.4640519295559;32;Hauts-de-France
2024;02;Aisne;Tous;Hommes et Femmes;513.6734273350801;32;Hauts-de-France
2020;03;Allier;18-24 ans;Hommes;418.67954911433196;84;Auvergne et Rhône-Alpes
2020;03;Allier;25-44 ans;Hommes;555.4784057769749;84;Auvergne et Rhône-Alpes
2020;03;Allier;65 ans et plus;Hommes;108.613011838818;84;Auvergne et Rhône-Alpes
2020;03;Allier;00-17 ans;Femmes;253.86568197553697;84;Auvergne et Rhône-Alpes
2020;03;Allier;18-24 ans;Femmes;715.990453460621;84;Auvergne et Rhône-Alpes
2020;03;Allier;45-64 ans;Femmes;901.2072776738651;84;Auvergne et Rhône-Alpes
2020;03;Allier;Tous;Hommes et Femmes;374.986037753913;84;Auvergne et Rhône-Alpes
2021;03;Allier;25-44 ans;Hommes;325.497287522604;84;Auvergne et Rhône-Alpes
2021;03;Allier;Tous;Hommes;268.43188866592;84;Auvergne et Rhône-Alpes
2021;03;Allier;00-17 ans;Hommes et Femmes;280.981958000592;84;Auvergne et Rhône-Alpes
2021;03;Allier;45-64 ans;Hommes et Femmes;603.4193764666439;84;Auvergne et Rhône-Alpes
2021;03;Allier;65 ans et plus;Hommes et Femmes;151.158884783339;84;Auvergne et Rhône-Alpes
2021;03;Allier;Tous;Hommes et Femmes;357.483317445186;84;Auvergne et Rhône-Alpes
2022;03;Allier;18-24 ans;Hommes;307.422046552481;84;Auvergne et Rhône-Alpes
2022;03;Allier;Tous;Hommes;226.683315723754;84;Auvergne et Rhône-Alpes
2022;03;Allier;65 ans et plus;Femmes;232.850849590938;84;Auvergne et Rhône-Alpes
2022;03;Allier;00-17 ans;Hommes et Femmes;237.64435037688898;84;Auvergne et Rhône-Alpes
2022;03;Allier;18-24 ans;Hommes et Femmes;610.365109310842;84;Auvergne et Rhône-Alpes
2022;03;Allier;25-44 ans;Hommes et Femmes;528.110903289691;84;Auvergne et Rhône-Alpes
2022;03;Allier;45-64 ans;Hommes et Femmes;470.547228999651;84;Auvergne et Rhône-Alpes
2023;03;Allier;25-44 ans;Hommes;408.087553329623;84;Auvergne et Rhône-Alpes
2023;03;Allier;45-64 ans;Hommes;270.975511842633;84;Auvergne et Rhône-Alpes
2023;03;Allier;45-64 ans;Femmes;833.1291350159271;84;Auvergne et Rhône-Alpes
2023;03;Allier;65 ans et plus;Femmes;148.623744129362;84;Auvergne et Rhône-Alpes
2023;03;Allier;00-17 ans;Hommes et Femmes;307.381193124368;84;Auvergne et Rhône-Alpes
2023;03;Allier;25-44 ans;Hommes et Femmes;438.77977434183003;84;Auvergne et Rhône-Alpes
2023;03;Allier;45-64 ans;Hommes et Femmes;524.109014675052;84;Auvergne et Rhône-Alpes
2024;03;Allier;18-24 ans;Hommes;342.880193626462;84;Auvergne et Rhône-Alpes
2024;03;Allier;25-44 ans;Hommes;391.389432485323;84;Auvergne et Rhône-Alpes
2024;03;Allier;45-64 ans;Hommes;288.15765012084;84;Auvergne et Rhône-Alpes
2024;03;Allier;00-17 ans;Hommes et Femmes;268.76632471514597;84;Auvergne et Rhône-Alpes
2024;03;Allier;18-24 ans;Hommes et Femmes;676.357762971936;84;Auvergne et Rhône-Alpes
2024;03;Allier;65 ans et plus;Hommes et Femmes;150.887573964497;84;Auvergne et Rhône-Alpes
2024;03;Allier;Tous;Hommes et Femmes;335.07040091038;84;Auvergne et Rhône-Alpes
2020;04;Alpes-de-Haute-Provence;25-44 ans;Hommes;407.48566254150296;93;Provence-Alpes-Côte d'Azur
2020;04;Alpes-de-Haute-Provence;65 ans et plus;Hommes;200.534759358289;93;Provence-Alpes-Côte d'Azur
2020;04;Alpes-de-Haute-Provence;65 ans et plus;Femmes;307.510348905973;93;Provence-Alpes-Côte d'Azur
2020;04;Alpes-de-Haute-Provence;00-17 ans;Hommes et Femmes;189.018901890189;93;Provence-Alpes-Côte d'Azur
2020;04;Alpes-de-Haute-Provence;18-24 ans;Hommes et Femmes;495.83498611662;93;Provence-Alpes-Côte d'Azur
2020;04;Alpes-de-Haute-Provence;25-44 ans;Hommes et Femmes;441.77012719933;93;Provence-Alpes-Côte d'Azur
2020;04;Alpes-de-Haute-Provence;Tous;Hommes et Femmes;426.537848810319;93;Provence-Alpes-Côte d'Azur
2021;04;Alpes-de-Haute-Provence;25-44 ans;Hommes;379.044266955462;93;Provence-Alpes-Côte d'Azur
2021;04;Alpes-de-Haute-Provence;Tous;Femmes;536.783642061497;93;Provence-Alpes-Côte d'Azur
2021;04;Alpes-de-Haute-Provence;65 ans et plus;Hommes et Femmes;239.011309315612;93;Provence-Alpes-Côte d'Azur
2022;04;Alpes-de-Haute-Provence;00-17 ans;Hommes;72.65681763138771;93;Provence-Alpes-Côte d'Azur
2022;04;Alpes-de-Haute-Provence;18-24 ans;Hommes;257.92188651437;93;Provence-Alpes-Côte d'Azur
2022;04;Alpes-de-Haute-Provence;25-44 ans;Hommes;346.212435950699;93;Provence-Alpes-Côte d'Azur
2022;04;Alpes-de-Haute-Provence;45-64 ans;Hommes;410.97901071480993;93;Provence-Alpes-Côte d'Azur
2022;04;Alpes-de-Haute-Provence;65 ans et plus;Hommes;98.80202544152151;93;Provence-Alpes-Côte d'Azur
2022;04;Alpes-de-Haute-Provence;45-64 ans;Femmes;472.44094488189;93;Provence-Alpes-Côte d'Azur
2022;04;Alpes-de-Haute-Provence;Tous;Femmes;392.710314781862;93;Provence-Alpes-Côte d'Azur
2022;04;Alpes-de-Haute-Provence;18-24 ans;Hommes et Femmes;387.460373370905;93;Provence-Alpes-Côte d'Azur
2022;04;Alpes-de-Haute-Provence;25-44 ans;Hommes et Femmes;373.976855771945;93;Provence-Alpes-Côte d'Azur
2022;04;Alpes-de-Haute-Provence;Tous;Hommes et Femmes;308.975510266206;93;Provence-Alpes-Côte d'Azur
2023;04;Alpes-de-Haute-Provence;18-24 ans;Hommes;112.401648557512;93;Provence-Alpes-Côte d'Azur
2023;04;Alpes-de-Haute-Provence;25-44 ans;Hommes;301.854247520483;93;Provence-Alpes-Côte d'Azur
2023;04;Alpes-de-Haute-Provence;Tous;Hommes;201.13015994636498;93;Provence-Alpes-Côte d'Azur
2023;04;Alpes-de-Haute-Provence;00-17 ans;Femmes;269.370939629219;93;Provence-Alpes-Côte d'Azur
2023;04;Alpes-de-Haute-Provence;45-64 ans;Femmes;445.32409698169204;93;Provence-Alpes-Côte d'Azur
2023;04;Alpes-de-Haute-Provence;65 ans et plus;Femmes;224.215246636771;93;Provence-Alpes-Côte d'Azur
2023;04;Alpes-de-Haute-Provence;45-64 ans;Hommes et Femmes;394.321766561514;93;Provence-Alpes-Côte d'Azur
2024;04;Alpes-de-Haute-Provence;45-64 ans;Hommes;402.07739989948095;93;Provence-Alpes-Côte d'Azur
2024;04;Alpes-de-Haute-Provence;65 ans et plus;Hommes;174.895735234764;93;Provence-Alpes-Côte d'Azur
2024;04;Alpes-de-Haute-Provence;00-17 ans;Femmes;336.64068036853297;93;Provence-Alpes-Côte d'Azur
2024;04;Alpes-de-Haute-Provence;25-44 ans;Femmes;756.302521008403;93;Provence-Alpes-Côte d'Azur
2024;04;Alpes-de-Haute-Provence;Tous;Hommes et Femmes;392.129279572351;93;Provence-Alpes-Côte d'Azur
2020;05;Hautes-Alpes;00-17 ans;Hommes;149.452009299236;93;Provence-Alpes-Côte d'Azur
2020;05;Hautes-Alpes;Tous;Hommes;395.72341016384297;93;Provence-Alpes-Côte d'Azur
2020;05;Hautes-Alpes;65 ans et plus;Femmes;208.88455646845802;93;Provence-Alpes-Côte d'Azur
2020;05;Hautes-Alpes;Tous;Femmes;569.577842305115;93;Provence-Alpes-Côte d'Azur
2020;05;Hautes-Alpes;Tous;Hommes et Femmes;479.61199928148;93;Provence-Alpes-Côte d'Azur
2021;05;Hautes-Alpes;Tous;Hommes;266.19638638405496;93;Provence-Alpes-Côte d'Azur
2021;05;Hautes-Alpes;65 ans et plus;Femmes;208.441896821261;93;Provence-Alpes-Côte d'Azur
2021;05;Hautes-Alpes;Tous;Hommes et Femmes;324.52480296708404;93;Provence-Alpes-Côte d'Azur
2022;05;Hautes-Alpes;18-24 ans;Hommes;238.826339133402;93;Provence-Alpes-Côte d'Azur
2022;05;Hautes-Alpes;25-44 ans;Hommes;330.943188086045;93;Provence-Alpes-Côte d'Azur
2022;05;Hautes-Alpes;Tous;Hommes;174.387266558864;93;Provence-Alpes-Côte d'Azur
2022;05;Hautes-Alpes;65 ans et plus;Hommes et Femmes;79.8775211342608;93;Provence-Alpes-Côte d'Azur
2022;05;Hautes-Alpes;Tous;Hommes et Femmes;265.399022390943;93;Provence-Alpes-Côte d'Azur
2023;05;Hautes-Alpes;18-24 ans;Hommes;208.550573514077;93;Provence-Alpes-Côte d'Azur
2023;05;Hautes-Alpes;45-64 ans;Femmes;365.789932067584;93;Provence-Alpes-Côte d'Azur
2023;05;Hautes-Alpes;65 ans et plus;Femmes;109.555690809495;93;Provence-Alpes-Côte d'Azur
2023;05;Hautes-Alpes;Tous;Hommes et Femmes;244.551655298619;93;Provence-Alpes-Côte d'Azur
2024;05;Hautes-Alpes;00-17 ans;Hommes;95.2251394368113;93;Provence-Alpes-Côte d'Azur
2024;05;Hautes-Alpes;45-64 ans;Hommes;299.197606419149;93;Provence-Alpes-Côte d'Azur
2024;05;Hautes-Alpes;65 ans et plus;Hommes;58.71990604815031;93;Provence-Alpes-Côte d'Azur
2024;05;Hautes-Alpes;Tous;Hommes;203.435147781104;93;Provence-Alpes-Côte d'Azur
2024;05;Hautes-Alpes;25-44 ans;Femmes;306.122448979592;93;Provence-Alpes-Côte d'Azur
2024;05;Hautes-Alpes;Tous;Femmes;403.543307086614;93;Provence-Alpes-Côte d'Azur
2020;06;Alpes-Maritimes;45-64 ans;Hommes;641.522298323364;93;Provence-Alpes-Côte d'Azur
2020;06;Alpes-Maritimes;25-44 ans;Femmes;663.803201874268;93;Provence-Alpes-Côte d'Azur
2020;06;Alpes-Maritimes;18-24 ans;Hommes et Femmes;907.6910608639271;93;Provence-Alpes-Côte d'Azur
2020;06;Alpes-Maritimes;65 ans et plus;Hommes et Femmes;294.46983211554;93;Provence-Alpes-Côte d'Azur
2020;06;Alpes-Maritimes;Tous;Hommes et Femmes;532.320150646603;93;Provence-Alpes-Côte d'Azur
2021;06;Alpes-Maritimes;45-64 ans;Hommes;561.6141205836029;93;Provence-Alpes-Côte d'Azur
2021;06;Alpes-Maritimes;Tous;Hommes;415.806361208183;93;Provence-Alpes-Côte d'Azur
2021;06;Alpes-Maritimes;18-24 ans;Femmes;1283.07939053729;93;Provence-Alpes-Côte d'Azur
2021;06;Alpes-Maritimes;Tous;Femmes;631.872991089127;93;Provence-Alpes-Côte d'Azur
2021;06;Alpes-Maritimes;Tous;Hommes et Femmes;521.11903455842;93;Provence-Alpes-Côte d'Azur
2022;06;Alpes-Maritimes;18-24 ans;Femmes;1537.8013017666801;93;Provence-Alpes-Côte d'Azur
2022;06;Alpes-Maritimes;65 ans et plus;Femmes;319.06980386015704;93;Provence-Alpes-Côte d'Azur
2022;06;Alpes-Maritimes;Tous;Hommes et Femmes;463.13428332318097;93;Provence-Alpes-Côte d'Azur
2023;06;Alpes-Maritimes;25-44 ans;Hommes;451.24091250940097;93;Provence-Alpes-Côte d'Azur
2023;06;Alpes-Maritimes;65 ans et plus;Hommes;145.081948631923;93;Provence-Alpes-Côte d'Azur
2023;06;Alpes-Maritimes;Tous;Hommes;292.755297341986;93;Provence-Alpes-Côte d'Azur
2023;06;Alpes-Maritimes;65 ans et plus;Femmes;239.577438219204;93;Provence-Alpes-Côte d'Azur
2023;06;Alpes-Maritimes;00-17 ans;Hommes et Femmes;343.651231625947;93;Provence-Alpes-Côte d'Azur
2023;06;Alpes-Maritimes;25-44 ans;Hommes et Femmes;541.433549443989;93;Provence-Alpes-Côte d'Azur
2023;06;Alpes-Maritimes;45-64 ans;Hommes et Femmes;581.873571972582;93;Provence-Alpes-Côte d'Azur
2023;06;Alpes-Maritimes;Tous;Hommes et Femmes;432.02047923519194;93;Provence-Alpes-Côte d'Azur
2024;06;Alpes-Maritimes;18-24 ans;Hommes;576.9366073313159;93;Provence-Alpes-Côte d'Azur
2024;06;Alpes-Maritimes;25-44 ans;Hommes;560.2857702094341;93;Provence-Alpes-Côte d'Azur
2024;06;Alpes-Maritimes;18-24 ans;Femmes;1532.21208665906;93;Provence-Alpes-Côte d'Azur
2020;07;Ardèche;00-17 ans;Hommes;158.259149357072;84;Auvergne et Rhône-Alpes
2020;07;Ardèche;18-24 ans;Hommes;468.01872074883005;84;Auvergne et Rhône-Alpes
2020;07;Ardèche;Tous;Hommes;318.643660193591;84;Auvergne et Rhône-Alpes
2020;07;Ardèche;45-64 ans;Femmes;579.3902607256169;84;Auvergne et Rhône-Alpes
2020;07;Ardèche;Tous;Femmes;375.95172653461;84;Auvergne et Rhône-Alpes
2021;07;Ardèche;45-64 ans;Hommes;289.681350514434;84;Auvergne et Rhône-Alpes
2021;07;Ardèche;Tous;Hommes;227.143668370244;84;Auvergne et Rhône-Alpes
2021;07;Ardèche;18-24 ans;Femmes;530.5039787798411;84;Auvergne et Rhône-Alpes
2021;07;Ardèche;65 ans et plus;Femmes;140.880086185464;84;Auvergne et Rhône-Alpes
2021;07;Ardèche;Tous;Hommes et Femmes;272.221564682211;84;Auvergne et Rhône-Alpes
2022;07;Ardèche;18-24 ans;Hommes;197.726149283243;84;Auvergne et Rhône-Alpes
2022;07;Ardèche;65 ans et plus;Hommes;136.861313868613;84;Auvergne et Rhône-Alpes
2022;07;Ardèche;25-44 ans;Femmes;478.850758180367;84;Auvergne et Rhône-Alpes
2022;07;Ardèche;Tous;Femmes;500.710141787632;84;Auvergne et Rhône-Alpes
2022;07;Ardèche;Tous;Hommes et Femmes;359.02126686485303;84;Auvergne et Rhône-Alpes
2023;07;Ardèche;18-24 ans;Hommes;299.850074962519;84;Auvergne et Rhône-Alpes
2023;07;Ardèche;45-64 ans;Hommes;391.995048483598;84;Auvergne et Rhône-Alpes
2023;07;Ardèche;00-17 ans;Femmes;474.062034403359;84;Auvergne et Rhône-Alpes
2023;07;Ardèche;18-24 ans;Femmes;930.6514560192131;84;Auvergne et Rhône-Alpes
2023;07;Ardèche;45-64 ans;Hommes et Femmes;599.818922589407;84;Auvergne et Rhône-Alpes
2023;07;Ardèche;65 ans et plus;Hommes et Femmes;200.443534629819;84;Auvergne et Rhône-Alpes
2024;07;Ardèche;00-17 ans;Femmes;698.125404007757;84;Auvergne et Rhône-Alpes
2024;07;Ardèche;18-24 ans;Femmes;991.735537190083;84;Auvergne et Rhône-Alpes
2024;07;Ardèche;45-64 ans;Femmes;757.147700305119;84;Auvergne et Rhône-Alpes
2024;07;Ardèche;Tous;Femmes;549.270755422588;84;Auvergne et Rhône-Alpes
2024;07;Ardèche;45-64 ans;Hommes et Femmes;575.866441251057;84;Auvergne et Rhône-Alpes
2024;07;Ardèche;Tous;Hommes et Femmes;401.29305540073597;84;Auvergne et Rhône-Alpes
2020;08;Ardennes;18-24 ans;Hommes;678.3493499152061;44;Grand Est
2020;08;Ardennes;45-64 ans;Hommes;648.181490817429;44;Grand Est
2020;08;Ardennes;00-17 ans;Femmes;413.675629638642;44;Grand Est
2020;08;Ardennes;45-64 ans;Femmes;1323.7979306147301;44;Grand Est
2020;08;Ardennes;65 ans et plus;Femmes;289.995166747221;44;Grand Est
2020;08;Ardennes;Tous;Femmes;726.287575294694;44;Grand Est
2020;08;Ardennes;00-17 ans;Hommes et Femmes;343.701666953085;44;Grand Est
2020;08;Ardennes;18-24 ans;Hommes et Femmes;823.1707317073169;44;Grand Est
2021;08;Ardennes;65 ans et plus;Hommes;117.994100294985;44;Grand Est
2021;08;Ardennes;18-24 ans;Femmes;1133.14447592068;44;Grand Est
2021;08;Ardennes;65 ans et plus;Femmes;249.520153550864;44;Grand Est
2021;08;Ardennes;25-44 ans;Hommes et Femmes;642.813826561552;44;Grand Est
2021;08;Ardennes;65 ans et plus;Hommes et Femmes;190.516511430991;44;Grand Est
2021;08;Ardennes;Tous;Hommes et Femmes;511.28238227216895;44;Grand Est
2022;08;Ardennes;45-64 ans;Femmes;797.3421926910299;44;Grand Est
2022;08;Ardennes;65 ans et plus;Femmes;179.50252158304102;44;Grand Est
2022;08;Ardennes;18-24 ans;Hommes et Femmes;695.426685525695;44;Grand Est
2022;08;Ardennes;Tous;Hommes et Femmes;451.245614422207;44;Grand Est
2023;08;Ardennes;18-24 ans;Hommes;466.045272969374;44;Grand Est
2023;08;Ardennes;Tous;Hommes;287.468429806369;44;Grand Est
2023;08;Ardennes;Tous;Femmes;540.73459130786;44;Grand Est
2023;08;Ardennes;00-17 ans;Hommes et Femmes;280.678581747637;44;Grand Est
2023;08;Ardennes;18-24 ans;Hommes et Femmes;769.66610073571;44;Grand Est
2023;08;Ardennes;Tous;Hommes et Femmes;408.46957920128705;44;Grand Est
2024;08;Ardennes;00-17 ans;Hommes;144.323284156511;44;Grand Est
2024;08;Ardennes;Tous;Hommes;262.027041190651;44;Grand Est
2024;08;Ardennes;00-17 ans;Hommes et Femmes;340.894743487227;44;Grand Est
2024;08;Ardennes;18-24 ans;Hommes et Femmes;712.283979448856;44;Grand Est
2024;08;Ardennes;25-44 ans;Hommes et Femmes;575.785869903517;44;Grand Est
2024;08;Ardennes;45-64 ans;Hommes et Femmes;452.20012754362597;44;Grand Est
2020;09;Ariège;00-17 ans;Hommes;201.00502512562798;76;Occitanie
2020;09;Ariège;25-44 ans;Hommes;463.060408335087;76;Occitanie
2020;09;Ariège;65 ans et plus;Hommes;86.6250866250866;76;Occitanie
2020;09;Ariège;Tous;Hommes;242.01584966544897;76;Occitanie
2020;09;Ariège;18-24 ans;Femmes;310.945273631841;76;Occitanie
2020;09;Ariège;65 ans et plus;Femmes;135.35870055647501;76;Occitanie
2020;09;Ariège;00-17 ans;Hommes et Femmes;299.686691186487;76;Occitanie
2020;09;Ariège;18-24 ans;Hommes et Femmes;354.714750221697;76;Occitanie
2020;09;Ariège;45-64 ans;Hommes et Femmes;403.81379697139596;76;Occitanie
2020;09;Ariège;65 ans et plus;Hommes et Femmes;112.712342001449;76;Occitanie
2021;09;Ariège;18-24 ans;Hommes;251.130085384229;76;Occitanie
2021;09;Ariège;25-44 ans;Hommes;382.490437739057;76;Occitanie
2021;09;Ariège;18-24 ans;Femmes;984.9362688296641;76;Occitanie
2021;09;Ariège;25-44 ans;Hommes et Femmes;564.71651231082;76;Occitanie
2021;09;Ariège;45-64 ans;Hommes et Femmes;310.451879958606;76;Occitanie
2022;09;Ariège;00-17 ans;Hommes;132.216835610401;76;Occitanie
2022;09;Ariège;Tous;Hommes;205.31964535697603;76;Occitanie
2022;09;Ariège;25-44 ans;Femmes;661.745991346399;76;Occitanie
2022;09;Ariège;25-44 ans;Hommes et Femmes;568.5773961475979;76;Occitanie
2022;09;Ariège;65 ans et plus;Hommes et Femmes;184.99831819710698;76;Occitanie
2022;09;Ariège;Tous;Hommes et Femmes;340.51101148918497;76;Occitanie
2023;09;Ariège;00-17 ans;Hommes;131.628431741256;76;Occitanie
2023;09;Ariège;25-44 ans;Hommes;370.828182941904;76;Occitanie
2023;09;Ariège;Tous;Hommes;249.941419979692;76;Occitanie
2023;09;Ariège;25-44 ans;Femmes;712.127751402676;76;Occitanie
2023;09;Ariège;45-64 ans;Femmes;463.26935804103204;76;Occitanie
2023;09;Ariège;18-24 ans;Hommes et Femmes;589.592412201999;76;Occitanie
2023;09;Ariège;45-64 ans;Hommes et Femmes;424.02826855123703;76;Occitanie
2023;09;Ariège;Tous;Hommes et Femmes;365.438216165996;76;Occitanie
2024;09;Ariège;00-17 ans;Femmes;846.488217799131;76;Occitanie
2024;09;Ariège;25-44 ans;Femmes;657.219141507496;76;Occitanie
2024;09;Ariège;Tous;Femmes;530.38212570474;76;Occitanie
2024;09;Ariège;18-24 ans;Hommes et Femmes;443.748368572174;76;Occitanie
2024;09;Ariège;45-64 ans;Hommes et Femmes;452.355197167863;76;Occitanie
2020;10;Aube;65 ans et plus;Hommes;107.023411371237;44;Grand Est
2020;10;Aube;00-17 ans;Femmes;968.8934217236101;44;Grand Est
2020;10;Aube;18-24 ans;Femmes;1471.88695908154;44;Grand Est
2020;10;Aube;25-44 ans;Femmes;1139.36362373211;44;Grand Est
2020;10;Aube;45-64 ans;Femmes;1525.99849284099;44;Grand Est
2020;10;Aube;65 ans et plus;Femmes;226.568089673265;44;Grand Est
2020;10;Aube;Tous;Femmes;957.8734546418749;44;Grand Est
2020;10;Aube;25-44 ans;Hommes et Femmes;955.5970685443309;44;Grand Est
2020;10;Aube;45-64 ans;Hommes et Femmes;1131.94198797312;44;Grand Est
2020;10;Aube;65 ans et plus;Hommes et Femmes;170.22886324947999;44;Grand Est
2021;10;Aube;00-17 ans;Hommes;238.21464393179502;44;Grand Est
2021;10;Aube;45-64 ans;Hommes;559.731328962098;44;Grand Est
2021;10;Aube;65 ans et plus;Hommes;189.933523266857;44;Grand Est
2021;10;Aube;18-24 ans;Femmes;1703.7647705413601;44;Grand Est
2021;10;Aube;Tous;Femmes;875.2258144895039;44;Grand Est
2021;10;Aube;00-17 ans;Hommes et Femmes;531.52614444223;44;Grand Est
2021;10;Aube;18-24 ans;Hommes et Femmes;1201.06761565836;44;Grand Est
2022;10;Aube;18-24 ans;Hommes;771.035869929601;44;Grand Est
2022;10;Aube;45-64 ans;Hommes;536.703601108033;44;Grand Est
2022;10;Aube;00-17 ans;Femmes;866.6584127770211;44;Grand Est
2022;10;Aube;25-44 ans;Femmes;856.0311284046691;44;Grand Est
2022;10;Aube;45-64 ans;Hommes et Femmes;964.1873278236909;44;Grand Est
2023;10;Aube;18-24 ans;Hommes;582.959641255605;44;Grand Est
2023;10;Aube;65 ans et plus;Hommes;177.184135205125;44;Grand Est
2023;10;Aube;00-17 ans;Femmes;1211.3055181695802;44;Grand Est
2023;10;Aube;18-24 ans;Femmes;1938.71169480926;44;Grand Est
2023;10;Aube;00-17 ans;Hommes et Femmes;697.982829622391;44;Grand Est
2023;10;Aube;25-44 ans;Hommes et Femmes;991.24020285846;44;Grand Est
2023;10;Aube;65 ans et plus;Hommes et Femmes;272.32425585813803;44;Grand Est
2024;10;Aube;00-17 ans;Hommes;251.959686450168;44;Grand Est
2024;10;Aube;25-44 ans;Hommes;1067.61565836299;44;Grand Est
2024;10;Aube;45-64 ans;Femmes;1547.1780344301599;44;Grand Est
2024;10;Aube;18-24 ans;Hommes et Femmes;1816.80545041635;44;Grand Est
2020;11;Aude;00-17 ans;Femmes;505.050505050505;76;Occitanie
2020;11;Aude;18-24 ans;Femmes;929.820677440779;76;Occitanie
2020;11;Aude;25-44 ans;Femmes;869.9014111734;76;Occitanie
2020;11;Aude;00-17 ans;Hommes et Femmes;329.200043893339;76;Occitanie
2020;11;Aude;Tous;Hommes et Femmes;524.223267208537;76;Occitanie
2021;11;Aude;00-17 ans;Hommes;197.044334975369;76;Occitanie
2021;11;Aude;Tous;Hommes;364.564345607;76;Occitanie
2021;11;Aude;00-17 ans;Femmes;705.723124516628;76;Occitanie
2021;11;Aude;18-24 ans;Femmes;1138.27993254637;76;Occitanie
2021;11;Aude;00-17 ans;Hommes et Femmes;430.594397833711;76;Occitanie
2021;11;Aude;45-64 ans;Hommes et Femmes;670.056550872024;76;Occitanie
2021;11;Aude;65 ans et plus;Hommes et Femmes;228.2165438288;76;Occitanie
2022;11;Aude;18-24 ans;Hommes;339.702760084926;76;Occitanie
2022;11;Aude;18-24 ans;Femmes;1162.0258715194;76;Occitanie
2022;11;Aude;65 ans et plus;Femmes;271.985494106981;76;Occitanie
2022;11;Aude;00-17 ans;Hommes et Femmes;478.447703008018;76;Occitanie
2023;11;Aude;18-24 ans;Femmes;880.475456746643;76;Occitanie
2023;11;Aude;45-64 ans;Femmes;825.740318906606;76;Occitanie
2023;11;Aude;65 ans et plus;Femmes;276.385139478082;76;Occitanie
2023;11;Aude;Tous;Femmes;562.015503875969;76;Occitanie
2023;11;Aude;18-24 ans;Hommes et Femmes;614.797540809837;76;Occitanie
2023;11;Aude;45-64 ans;Hommes et Femmes;573.9273025416779;76;Occitanie
2023;11;Aude;Tous;Hommes et Femmes;424.72820214055497;76;Occitanie
2024;11;Aude;25-44 ans;Hommes;561.183587202099;76;Occitanie
2024;11;Aude;45-64 ans;Hommes;413.31629969189095;76;Occitanie
2024;11;Aude;Tous;Hommes;315.210037517683;76;Occitanie
2024;11;Aude;00-17 ans;Femmes;690.60773480663;76;Occitanie
2024;11;Aude;18-24 ans;Femmes;1105.4729974628501;76;Occitanie
2020;12;Aveyron;45-64 ans;Hommes;502.60610573343297;76;Occitanie
2021;12;Aveyron;Tous;Hommes;334.40219880897797;76;Occitanie
2021;12;Aveyron;18-24 ans;Femmes;1007.7059869591001;76;Occitanie
2021;12;Aveyron;25-44 ans;Femmes;783.062645011601;76;Occitanie
2021;12;Aveyron;18-24 ans;Hommes et Femmes;843.3079434167571;76;Occitanie
2021;12;Aveyron;45-64 ans;Hommes et Femmes;394.68963042698203;76;Occitanie
2021;12;Aveyron;65 ans et plus;Hommes et Femmes;199.076286032808;76;Occitanie
2022;12;Aveyron;45-64 ans;Hommes;382.072005878031;76;Occitanie
2022;12;Aveyron;Tous;Hommes;317.153472075392;76;Occitanie
2022;12;Aveyron;18-24 ans;Femmes;1417.25719049604;76;Occitanie
2022;12;Aveyron;18-24 ans;Hommes et Femmes;999.0749306197961;76;Occitanie
2022;12;Aveyron;65 ans et plus;Hommes et Femmes;154.798761609907;76;Occitanie
2023;12;Aveyron;Tous;Hommes;334.817691766833;76;Occitanie
2023;12;Aveyron;00-17 ans;Hommes et Femmes;486.514168658245;76;Occitanie
2023;12;Aveyron;65 ans et plus;Hommes et Femmes;172.308376410427;76;Occitanie
2024;12;Aveyron;45-64 ans;Hommes;434.78260869565196;76;Occitanie
2024;12;Aveyron;Tous;Femmes;783.717393847234;76;Occitanie
2020;13;Bouches-du-Rhône;18-24 ans;Hommes;775.407203487038;93;Provence-Alpes-Côte d'Azur
2020;13;Bouches-du-Rhône;25-44 ans;Hommes et Femmes;832.888020785347;93;Provence-Alpes-Côte d'Azur
2020;13;Bouches-du-Rhône;Tous;Hommes et Femmes;607.50743018247;93;Provence-Alpes-Côte d'Azur
2021;13;Bouches-du-Rhône;25-44 ans;Hommes;736.109263447297;93;Provence-Alpes-Côte d'Azur
2021;13;Bouches-du-Rhône;65 ans et plus;Hommes;225.45684676845198;93;Provence-Alpes-Côte d'Azur
2021;13;Bouches-du-Rhône;00-17 ans;Femmes;514.197306152166;93;Provence-Alpes-Côte d'Azur
2021;13;Bouches-du-Rhône;45-64 ans;Femmes;947.023176002954;93;Provence-Alpes-Côte d'Azur
2021;13;Bouches-du-Rhône;18-24 ans;Hommes et Femmes;1144.6981900881299;93;Provence-Alpes-Côte d'Azur
2021;13;Bouches-du-Rhône;45-64 ans;Hommes et Femmes;750.133772173369;93;Provence-Alpes-Côte d'Azur
2021;13;Bouches-du-Rhône;Tous;Hommes et Femmes;575.209264564534;93;Provence-Alpes-Côte d'Azur
2022;13;Bouches-du-Rhône;45-64 ans;Femmes;949.572997153314;93;Provence-Alpes-Côte d'Azur
2022;13;Bouches-du-Rhône;18-24 ans;Hommes et Femmes;1053.80412681012;93;Provence-Alpes-Côte d'Azur
2023;13;Bouches-du-Rhône;25-44 ans;Hommes;550.007857255104;93;Provence-Alpes-Côte d'Azur
2023;13;Bouches-du-Rhône;18-24 ans;Femmes;1716.32987022872;93;Provence-Alpes-Côte d'Azur
2023;13;Bouches-du-Rhône;45-64 ans;Femmes;958.334195765115;93;Provence-Alpes-Côte d'Azur
2023;13;Bouches-du-Rhône;65 ans et plus;Femmes;299.631760966662;93;Provence-Alpes-Côte d'Azur
2023;13;Bouches-du-Rhône;Tous;Femmes;690.657553129564;93;Provence-Alpes-Côte d'Azur
2023;13;Bouches-du-Rhône;25-44 ans;Hommes et Femmes;643.888901880998;93;Provence-Alpes-Côte d'Azur
2024;13;Bouches-du-Rhône;00-17 ans;Hommes;124.94965871188299;93;Provence-Alpes-Côte d'Azur
2024;13;Bouches-du-Rhône;45-64 ans;Hommes;514.064887211288;93;Provence-Alpes-Côte d'Azur
2024;13;Bouches-du-Rhône;65 ans et plus;Hommes;147.502188219276;93;Provence-Alpes-Côte d'Azur
2024;13;Bouches-du-Rhône;Tous;Femmes;773.599553273497;93;Provence-Alpes-Côte d'Azur
2020;14;Calvados;18-24 ans;Hommes;355.315520181922;28;Normandie
2020;14;Calvados;65 ans et plus;Hommes;118.136813681368;28;Normandie
2020;14;Calvados;18-24 ans;Femmes;903.8867128653211;28;Normandie
2020;14;Calvados;45-64 ans;Femmes;654.011804115489;28;Normandie
2020;14;Calvados;Tous;Femmes;484.640508119986;28;Normandie
2020;14;Calvados;65 ans et plus;Hommes et Femmes;147.558694105557;28;Normandie
2021;14;Calvados;00-17 ans;Hommes;149.398013885227;28;Normandie
2021;14;Calvados;18-24 ans;Hommes;881.445570736007;28;Normandie
2021;14;Calvados;45-64 ans;Hommes;649.985619787173;28;Normandie
2021;14;Calvados;65 ans et plus;Hommes;221.89349112426;28;Normandie
2021;14;Calvados;Tous;Hommes;499.190809418522;28;Normandie
2021;14;Calvados;00-17 ans;Femmes;643.6041834271921;28;Normandie
2021;14;Calvados;65 ans et plus;Femmes;367.197062423501;28;Normandie
2021;14;Calvados;45-64 ans;Hommes et Femmes;835.9522313010681;28;Normandie
2021;14;Calvados;Tous;Hommes et Femmes;704.9195904696301;28;Normandie
2022;14;Calvados;18-24 ans;Hommes;991.433246703244;28;Normandie
2022;14;Calvados;25-44 ans;Hommes;789.337474120083;28;Normandie
2022;14;Calvados;Tous;Hommes;472.92002765614194;28;Normandie
2022;14;Calvados;65 ans et plus;Femmes;370.115995115995;28;Normandie
2022;14;Calvados;00-17 ans;Hommes et Femmes;510.387111502462;28;Normandie
2022;14;Calvados;65 ans et plus;Hommes et Femmes;288.969955322376;28;Normandie
2022;14;Calvados;Tous;Hommes et Femmes;707.731378327224;28;Normandie
2023;14;Calvados;00-17 ans;Hommes;180.843718146845;28;Normandie
2023;14;Calvados;18-24 ans;Hommes;1020.40816326531;28;Normandie
2023;14;Calvados;25-44 ans;Hommes;1009.4339622641501;28;Normandie
2023;14;Calvados;65 ans et plus;Hommes;199.45367038113;28;Normandie
2023;14;Calvados;00-17 ans;Femmes;980.972828903531;28;Normandie
2023;14;Calvados;25-44 ans;Femmes;1423.27472790336;28;Normandie
2023;14;Calvados;00-17 ans;Hommes et Femmes;557.1903675715209;28;Normandie
2024;14;Calvados;Tous;Hommes;484.922536488512;28;Normandie
2024;14;Calvados;25-44 ans;Femmes;1433.94452280207;28;Normandie
2024;14;Calvados;25-44 ans;Hommes et Femmes;1101.45540030112;28;Normandie
2024;14;Calvados;45-64 ans;Hommes et Femmes;800.496082079035;28;Normandie
2020;15;Cantal;00-17 ans;Hommes;118.24990145841501;84;Auvergne et Rhône-Alpes
2020;15;Cantal;18-24 ans;Hommes;410.846343467543;84;Auvergne et Rhône-Alpes
2020;15;Cantal;00-17 ans;Femmes;185.0994909764;84;Auvergne et Rhône-Alpes
2020;15;Cantal;18-24 ans;Femmes;457.45654162854504;84;Auvergne et Rhône-Alpes
2020;15;Cantal;25-44 ans;Femmes;438.59649122807;84;Auvergne et Rhône-Alpes
2020;15;Cantal;25-44 ans;Hommes et Femmes;531.208499335989;84;Auvergne et Rhône-Alpes
2021;15;Cantal;18-24 ans;Hommes;419.58041958042;84;Auvergne et Rhône-Alpes
2021;15;Cantal;25-44 ans;Hommes;676.714856967087;84;Auvergne et Rhône-Alpes
2021;15;Cantal;45-64 ans;Hommes;260.64291920069496;84;Auvergne et Rhône-Alpes
2021;15;Cantal;Tous;Hommes;265.080493954872;84;Auvergne et Rhône-Alpes
2021;15;Cantal;25-44 ans;Femmes;405.022276225192;84;Auvergne et Rhône-Alpes
2021;15;Cantal;45-64 ans;Femmes;766.143743159431;84;Auvergne et Rhône-Alpes
2021;15;Cantal;Tous;Femmes;538.444970923972;84;Auvergne et Rhône-Alpes
2021;15;Cantal;65 ans et plus;Hommes et Femmes;169.923534409516;84;Auvergne et Rhône-Alpes
2021;15;Cantal;Tous;Hommes et Femmes;394.571243919861;84;Auvergne et Rhône-Alpes
2022;15;Cantal;18-24 ans;Hommes;446.67783361250696;84;Auvergne et Rhône-Alpes
2022;15;Cantal;25-44 ans;Hommes;513.874614594039;84;Auvergne et Rhône-Alpes
2022;15;Cantal;45-64 ans;Femmes;621.931260229133;84;Auvergne et Rhône-Alpes
2022;15;Cantal;00-17 ans;Hommes et Femmes;326.126343761324;84;Auvergne et Rhône-Alpes
2022;15;Cantal;18-24 ans;Hommes et Femmes;536.512667660209;84;Auvergne et Rhône-Alpes
2023;15;Cantal;18-24 ans;Hommes;352.526439482961;84;Auvergne et Rhône-Alpes
2023;15;Cantal;45-64 ans;Femmes;430.46357615894;84;Auvergne et Rhône-Alpes
2023;15;Cantal;45-64 ans;Hommes et Femmes;451.040302633493;84;Auvergne et Rhône-Alpes
2023;15;Cantal;65 ans et plus;Hommes et Femmes;96.3020030816641;84;Auvergne et Rhône-Alpes
2023;15;Cantal;Tous;Hommes et Femmes;313.755388089024;84;Auvergne et Rhône-Alpes
2024;15;Cantal;45-64 ans;Hommes;500.300180108065;84;Auvergne et Rhône-Alpes
2024;15;Cantal;65 ans et plus;Hommes;104.50880859958201;84;Auvergne et Rhône-Alpes
2024;15;Cantal;Tous;Hommes;292.586377522482;84;Auvergne et Rhône-Alpes
2024;15;Cantal;25-44 ans;Femmes;705.946239478686;84;Auvergne et Rhône-Alpes
2024;15;Cantal;65 ans et plus;Hommes et Femmes;174.634359310194;84;Auvergne et Rhône-Alpes
2020;16;Charente;00-17 ans;Hommes;196.40429067834998;75;Nouvelle Aquitaine
2020;16;Charente;Tous;Hommes;545.336907292726;75;Nouvelle Aquitaine
2020;16;Charente;25-44 ans;Femmes;1281.54831960246;75;Nouvelle Aquitaine
2020;16;Charente;25-44 ans;Hommes et Femmes;956.4828280568299;75;Nouvelle Aquitaine
2020;16;Charente;45-64 ans;Hommes et Femmes;1130.1594234549;75;Nouvelle Aquitaine
2020;16;Charente;Tous;Hommes et Femmes;691.3364625404799;75;Nouvelle Aquitaine
2021;16;Charente;00-17 ans;Hommes;166.91836896908;75;Nouvelle Aquitaine
2021;16;Charente;18-24 ans;Hommes;556.0131795716641;75;Nouvelle Aquitaine
2021;16;Charente;65 ans et plus;Femmes;271.55465037338803;75;Nouvelle Aquitaine
2021;16;Charente;25-44 ans;Hommes et Femmes;796.0147904683649;75;Nouvelle Aquitaine
2022;16;Charente;25-44 ans;Hommes;584.40474202705;75;Nouvelle Aquitaine
2022;16;Charente;65 ans et plus;Hommes;184.406579626761;75;Nouvelle Aquitaine
2022;16;Charente;Tous;Hommes;322.563206170148;75;Nouvelle Aquitaine
2022;16;Charente;45-64 ans;Hommes et Femmes;727.254488915638;75;Nouvelle Aquitaine
2022;16;Charente;65 ans et plus;Hommes et Femmes;258.587552853199;75;Nouvelle Aquitaine
2023;16;Charente;Tous;Hommes;291.251465416178;75;Nouvelle Aquitaine
2023;16;Charente;45-64 ans;Femmes;946.887244231606;75;Nouvelle Aquitaine
2023;16;Charente;65 ans et plus;Femmes;348.088795481413;75;Nouvelle Aquitaine
2023;16;Charente;00-17 ans;Hommes et Femmes;349.426854732177;75;Nouvelle Aquitaine
2023;16;Charente;25-44 ans;Hommes et Femmes;668.237103985385;75;Nouvelle Aquitaine
2023;16;Charente;65 ans et plus;Hommes et Femmes;230.547550432277;75;Nouvelle Aquitaine
2024;16;Charente;18-24 ans;Hommes;371.05751391465697;75;Nouvelle Aquitaine
2024;16;Charente;45-64 ans;Hommes;475.71127984630897;75;Nouvelle Aquitaine
2024;16;Charente;00-17 ans;Femmes;595.810109552181;75;Nouvelle Aquitaine
2024;16;Charente;18-24 ans;Femmes;1002.0974131904;75;Nouvelle Aquitaine
2024;16;Charente;25-44 ans;Femmes;800.6924908028569;75;Nouvelle Aquitaine
2024;16;Charente;00-17 ans;Hommes et Femmes;322.381204734146;75;Nouvelle Aquitaine
2024;16;Charente;65 ans et plus;Hommes et Femmes;183.312056041114;75;Nouvelle Aquitaine
2020;17;Charente-Maritime;65 ans et plus;Hommes;158.547703040152;75;Nouvelle Aquitaine
2020;17;Charente-Maritime;00-17 ans;Femmes;550.805656034199;75;Nouvelle Aquitaine
2020;17;Charente-Maritime;Tous;Femmes;720.246637963111;75;Nouvelle Aquitaine
2020;17;Charente-Maritime;00-17 ans;Hommes et Femmes;367.396409362927;75;Nouvelle Aquitaine
2020;17;Charente-Maritime;18-24 ans;Hommes et Femmes;804.004854368932;75;Nouvelle Aquitaine
2020;17;Charente-Maritime;25-44 ans;Hommes et Femmes;793.306889770341;75;Nouvelle Aquitaine
2021;17;Charente-Maritime;25-44 ans;Hommes;590.876861262113;75;Nouvelle Aquitaine
2021;17;Charente-Maritime;45-64 ans;Hommes;471.175166297118;75;Nouvelle Aquitaine
2021;17;Charente-Maritime;65 ans et plus;Femmes;323.756943734451;75;Nouvelle Aquitaine
2021;17;Charente-Maritime;00-17 ans;Hommes et Femmes;294.899215762525;75;Nouvelle Aquitaine
2021;17;Charente-Maritime;25-44 ans;Hommes et Femmes;718.978554605182;75;Nouvelle Aquitaine
2021;17;Charente-Maritime;45-64 ans;Hommes et Femmes;778.816199376947;75;Nouvelle Aquitaine
2021;17;Charente-Maritime;Tous;Hommes et Femmes;525.453114552329;75;Nouvelle Aquitaine
2022;17;Charente-Maritime;25-44 ans;Hommes;768.103195543829;75;Nouvelle Aquitaine
2022;17;Charente-Maritime;65 ans et plus;Hommes;125.20569507047301;75;Nouvelle Aquitaine
2022;17;Charente-Maritime;Tous;Hommes;387.938834600072;75;Nouvelle Aquitaine
2022;17;Charente-Maritime;25-44 ans;Femmes;947.897859169461;75;Nouvelle Aquitaine
2022;17;Charente-Maritime;45-64 ans;Femmes;1240.51934695976;75;Nouvelle Aquitaine
2022;17;Charente-Maritime;25-44 ans;Hommes et Femmes;853.729693210085;75;Nouvelle Aquitaine
2022;17;Charente-Maritime;65 ans et plus;Hommes et Femmes;230.903106852997;75;Nouvelle Aquitaine
2022;17;Charente-Maritime;Tous;Hommes et Femmes;573.73046875;75;Nouvelle Aquitaine
2023;17;Charente-Maritime;00-17 ans;Hommes;184.392100880324;75;Nouvelle Aquitaine
2023;17;Charente-Maritime;65 ans et plus;Hommes;129.496402877698;75;Nouvelle Aquitaine
2023;17;Charente-Maritime;00-17 ans;Femmes;870.0028760425649;75;Nouvelle Aquitaine
2023;17;Charente-Maritime;18-24 ans;Femmes;1382.97872340426;75;Nouvelle Aquitaine
2023;17;Charente-Maritime;18-24 ans;Hommes et Femmes;966.723661712482;75;Nouvelle Aquitaine
2024;17;Charente-Maritime;65 ans et plus;Hommes;99.2379939748361;75;Nouvelle Aquitaine
2024;17;Charente-Maritime;Tous;Hommes;347.611183610306;75;Nouvelle Aquitaine
2024;17;Charente-Maritime;00-17 ans;Hommes et Femmes;542.716564783062;75;Nouvelle Aquitaine
2024;17;Charente-Maritime;45-64 ans;Hommes et Femmes;770.505893909627;75;Nouvelle Aquitaine
2020;18;Cher;00-17 ans;Hommes et Femmes;493.21824907521597;24;Centre-Val de Loire
2020;18;Cher;18-24 ans;Hommes et Femmes;872.093023255814;24;Centre-Val de Loire
2021;18;Cher;45-64 ans;Hommes;1023.4899328859101;24;Centre-Val de Loire
2021;18;Cher;65 ans et plus;Hommes;115.785411038209;24;Centre-Val de Loire
2021;18;Cher;18-24 ans;Femmes;1126.76056338028;24;Centre-Val de Loire
2021;18;Cher;25-44 ans;Femmes;1219.0166598943501;24;Centre-Val de Loire
2021;18;Cher;45-64 ans;Femmes;1435.59488692232;24;Centre-Val de Loire
2021;18;Cher;Tous;Femmes;864.840891451381;24;Centre-Val de Loire
2021;18;Cher;00-17 ans;Hommes et Femmes;427.611484422724;24;Centre-Val de Loire
2022;18;Cher;65 ans et plus;Hommes;129.157248950597;24;Centre-Val de Loire
2022;18;Cher;18-24 ans;Femmes;1668.98470097357;24;Centre-Val de Loire
2022;18;Cher;18-24 ans;Hommes et Femmes;1109.66057441253;24;Centre-Val de Loire
2022;18;Cher;25-44 ans;Hommes et Femmes;717.3279533736829;24;Centre-Val de Loire
2023;18;Cher;18-24 ans;Hommes;321.449444769141;24;Centre-Val de Loire
2023;18;Cher;Tous;Hommes;271.846579675761;24;Centre-Val de Loire
2023;18;Cher;18-24 ans;Femmes;1346.4696223316898;24;Centre-Val de Loire
2023;18;Cher;45-64 ans;Femmes;805.891343615395;24;Centre-Val de Loire
2023;18;Cher;65 ans et plus;Femmes;293.190647218354;24;Centre-Val de Loire
2023;18;Cher;Tous;Femmes;652.1739130434779;24;Centre-Val de Loire
2024;18;Cher;25-44 ans;Hommes;521.308484295582;24;Centre-Val de Loire
2024;18;Cher;65 ans et plus;Hommes;40.0922120878019;24;Centre-Val de Loire
2024;18;Cher;00-17 ans;Femmes;606.4474944142991;24;Centre-Val de Loire
2024;18;Cher;18-24 ans;Femmes;1000.0;24;Centre-Val de Loire
2024;18;Cher;45-64 ans;Femmes;681.890263241357;24;Centre-Val de Loire
2024;18;Cher;65 ans et plus;Femmes;159.42272193321;24;Centre-Val de Loire
2024;18;Cher;Tous;Femmes;573.504684122027;24;Centre-Val de Loire
2024;18;Cher;00-17 ans;Hommes et Femmes;357.85857429144;24;Centre-Val de Loire
2024;18;Cher;18-24 ans;Hommes et Femmes;692.04152249135;24;Centre-Val de Loire
2024;18;Cher;45-64 ans;Hommes et Femmes;623.145400593472;24;Centre-Val de Loire
2024;18;Cher;Tous;Hommes et Femmes;436.516020137939;24;Centre-Val de Loire
2020;19;Corrèze;25-44 ans;Femmes;631.427025076673;75;Nouvelle Aquitaine
2020;19;Corrèze;18-24 ans;Hommes et Femmes;777.20207253886;75;Nouvelle Aquitaine
2020;19;Corrèze;Tous;Hommes et Femmes;542.327611478453;75;Nouvelle Aquitaine
2021;19;Corrèze;45-64 ans;Hommes;551.777235981009;75;Nouvelle Aquitaine
2021;19;Corrèze;Tous;Femmes;694.2366389371;75;Nouvelle Aquitaine
2021;19;Corrèze;45-64 ans;Hommes et Femmes;828.7292817679561;75;Nouvelle Aquitaine
2022;19;Corrèze;18-24 ans;Hommes;294.827124095417;75;Nouvelle Aquitaine
2022;19;Corrèze;25-44 ans;Hommes;307.06243602865896;75;Nouvelle Aquitaine
2022;19;Corrèze;45-64 ans;Hommes;429.855412270418;75;Nouvelle Aquitaine
2022;19;Corrèze;00-17 ans;Femmes;540.394487976223;75;Nouvelle Aquitaine
2022;19;Corrèze;45-64 ans;Femmes;1358.2342954159599;75;Nouvelle Aquitaine
2022;19;Corrèze;65 ans et plus;Femmes;395.002015316405;75;Nouvelle Aquitaine
2022;19;Corrèze;00-17 ans;Hommes et Femmes;327.808015833746;75;Nouvelle Aquitaine
2023;19;Corrèze;25-44 ans;Hommes;402.11108318672996;75;Nouvelle Aquitaine
2023;19;Corrèze;65 ans et plus;Hommes;209.49084616085298;75;Nouvelle Aquitaine
2023;19;Corrèze;00-17 ans;Femmes;461.07946840249497;75;Nouvelle Aquitaine
2023;19;Corrèze;25-44 ans;Femmes;774.953502789833;75;Nouvelle Aquitaine
2023;19;Corrèze;65 ans et plus;Femmes;289.482148600836;75;Nouvelle Aquitaine
2023;19;Corrèze;00-17 ans;Hommes et Femmes;250.642270818974;75;Nouvelle Aquitaine
2023;19;Corrèze;18-24 ans;Hommes et Femmes;629.391100702576;75;Nouvelle Aquitaine
2023;19;Corrèze;45-64 ans;Hommes et Femmes;829.268292682927;75;Nouvelle Aquitaine
2024;19;Corrèze;00-17 ans;Hommes;87.989441267048;75;Nouvelle Aquitaine
2024;19;Corrèze;45-64 ans;Hommes;392.343359885864;75;Nouvelle Aquitaine
2024;19;Corrèze;00-17 ans;Femmes;673.60685854256;75;Nouvelle Aquitaine
2024;19;Corrèze;45-64 ans;Femmes;746.775288526816;75;Nouvelle Aquitaine
2024;19;Corrèze;00-17 ans;Hommes et Femmes;365.069247261981;75;Nouvelle Aquitaine
2024;19;Corrèze;25-44 ans;Hommes et Femmes;518.167860798362;75;Nouvelle Aquitaine
2020;21;Côte-d'Or;65 ans et plus;Hommes;192.35037360361;27;Bourgogne et Franche-Comté
2020;21;Côte-d'Or;Tous;Hommes;597.161037689672;27;Bourgogne et Franche-Comté
2020;21;Côte-d'Or;Tous;Femmes;909.286328460877;27;Bourgogne et Franche-Comté
2020;21;Côte-d'Or;18-24 ans;Hommes et Femmes;1511.265799597;27;Bourgogne et Franche-Comté
2020;21;Côte-d'Or;25-44 ans;Hommes et Femmes;1080.76159918943;27;Bourgogne et Franche-Comté
2020;21;Côte-d'Or;65 ans et plus;Hommes et Femmes;236.414838507805;27;Bourgogne et Franche-Comté
2021;21;Côte-d'Or;00-17 ans;Hommes;215.19990938951202;27;Bourgogne et Franche-Comté
2021;21;Côte-d'Or;25-44 ans;Hommes;869.6196196196199;27;Bourgogne et Franche-Comté
2021;21;Côte-d'Or;65 ans et plus;Hommes;118.668415464368;27;Bourgogne et Franche-Comté
2021;21;Côte-d'Or;00-17 ans;Femmes;835.189309576838;27;Bourgogne et Franche-Comté
2021;21;Côte-d'Or;25-44 ans;Femmes;905.04922197523;27;Bourgogne et Franche-Comté
2021;21;Côte-d'Or;00-17 ans;Hommes et Femmes;493.349153812527;27;Bourgogne et Franche-Comté
2021;21;Côte-d'Or;18-24 ans;Hommes et Femmes;1615.0365471632401;27;Bourgogne et Franche-Comté
2021;21;Côte-d'Or;45-64 ans;Hommes et Femmes;778.828270303782;27;Bourgogne et Franche-Comté
2021;21;Côte-d'Or;65 ans et plus;Hommes et Femmes;190.19194756554302;27;Bourgogne et Franche-Comté
2022;21;Côte-d'Or;18-24 ans;Hommes;879.20028905215;27;Bourgogne et Franche-Comté
2022;21;Côte-d'Or;00-17 ans;Femmes;938.386182005672;27;Bourgogne et Franche-Comté
2022;21;Côte-d'Or;65 ans et plus;Femmes;261.199546597013;27;Bourgogne et Franche-Comté
2023;21;Côte-d'Or;18-24 ans;Hommes;916.176671680569;27;Bourgogne et Franche-Comté
2023;21;Côte-d'Or;25-44 ans;Hommes;984.9570200573069;27;Bourgogne et Franche-Comté
2023;21;Côte-d'Or;Tous;Hommes;479.93358756842304;27;Bourgogne et Franche-Comté
2023;21;Côte-d'Or;65 ans et plus;Femmes;326.684155818443;27;Bourgogne et Franche-Comté
2023;21;Côte-d'Or;Tous;Femmes;1121.39373221003;27;Bourgogne et Franche-Comté
2023;21;Côte-d'Or;18-24 ans;Hommes et Femmes;2276.8081591611;27;Bourgogne et Franche-Comté
2023;21;Côte-d'Or;25-44 ans;Hommes et Femmes;1076.44048208684;27;Bourgogne et Franche-Comté
2023;21;Côte-d'Or;Tous;Hommes et Femmes;784.985953240958;27;Bourgogne et Franche-Comté
2024;21;Côte-d'Or;18-24 ans;Hommes;1231.88405797101;27;Bourgogne et Franche-Comté
2024;21;Côte-d'Or;25-44 ans;Hommes;805.1223532395079;27;Bourgogne et Franche-Comté
2024;21;Côte-d'Or;25-44 ans;Femmes;1185.80179048217;27;Bourgogne et Franche-Comté
2024;21;Côte-d'Or;45-64 ans;Femmes;935.056103366202;27;Bourgogne et Franche-Comté
2024;21;Côte-d'Or;Tous;Femmes;1171.72129355699;27;Bourgogne et Franche-Comté
2024;21;Côte-d'Or;18-24 ans;Hommes et Femmes;2321.19978898184;27;Bourgogne et Franche-Comté
2024;21;Côte-d'Or;25-44 ans;Hommes et Femmes;975.1648660025261;27;Bourgogne et Franche-Comté
2024;21;Côte-d'Or;45-64 ans;Hommes et Femmes;732.120838471023;27;Bourgogne et Franche-Comté
2020;22;Côtes-d'Armor;00-17 ans;Hommes;285.963936770196;53;Bretagne
2020;22;Côtes-d'Armor;18-24 ans;Hommes;759.909632368043;53;Bretagne
2020;22;Côtes-d'Armor;25-44 ans;Hommes;1156.57583457461;53;Bretagne
2020;22;Côtes-d'Armor;45-64 ans;Femmes;1804.09518539015;53;Bretagne
2021;22;Côtes-d'Armor;25-44 ans;Hommes;1069.5187165775399;53;Bretagne
2021;22;Côtes-d'Armor;45-64 ans;Hommes;858.369098712446;53;Bretagne
2021;22;Côtes-d'Armor;Tous;Femmes;938.410936696232;53;Bretagne
2021;22;Côtes-d'Armor;25-44 ans;Hommes et Femmes;1069.3184655072;53;Bretagne
2022;22;Côtes-d'Armor;00-17 ans;Hommes;225.23649832323903;53;Bretagne
2022;22;Côtes-d'Armor;25-44 ans;Hommes;780.216873842899;53;Bretagne
2022;22;Côtes-d'Armor;45-64 ans;Femmes;1492.14886787542;53;Bretagne
2022;22;Côtes-d'Armor;Tous;Femmes;973.672598911605;53;Bretagne
2022;22;Côtes-d'Armor;45-64 ans;Hommes et Femmes;1122.9017943276099;53;Bretagne
2023;22;Côtes-d'Armor;18-24 ans;Femmes;2353.6392405063298;53;Bretagne
2023;22;Côtes-d'Armor;65 ans et plus;Femmes;281.866583150642;53;Bretagne
2023;22;Côtes-d'Armor;18-24 ans;Hommes et Femmes;1472.3045156656801;53;Bretagne
2023;22;Côtes-d'Armor;45-64 ans;Hommes et Femmes;1012.3390762883399;53;Bretagne
2023;22;Côtes-d'Armor;65 ans et plus;Hommes et Femmes;235.854791256352;53;Bretagne
2024;22;Côtes-d'Armor;25-44 ans;Femmes;1316.14777162567;53;Bretagne
2024;22;Côtes-d'Armor;65 ans et plus;Femmes;290.433048680047;53;Bretagne
2024;22;Côtes-d'Armor;18-24 ans;Hommes et Femmes;1737.5033413525798;53;Bretagne
2024;22;Côtes-d'Armor;45-64 ans;Hommes et Femmes;994.762425110215;53;Bretagne
2020;23;Creuse;18-24 ans;Hommes;200.0;75;Nouvelle Aquitaine
2020;23;Creuse;45-64 ans;Femmes;1245.16960068699;75;Nouvelle Aquitaine
2020;23;Creuse;00-17 ans;Hommes et Femmes;505.36955148452296;75;Nouvelle Aquitaine
2020;23;Creuse;65 ans et plus;Hommes et Femmes;176.949392473752;75;Nouvelle Aquitaine
2020;23;Creuse;Tous;Hommes et Femmes;556.394220401121;75;Nouvelle Aquitaine
2021;23;Creuse;00-17 ans;Hommes;196.560196560197;75;Nouvelle Aquitaine
2021;23;Creuse;25-44 ans;Hommes;549.234994115339;75;Nouvelle Aquitaine
2021;23;Creuse;45-64 ans;Hommes;349.162011173184;75;Nouvelle Aquitaine
2021;23;Creuse;65 ans et plus;Hommes;159.780871947044;75;Nouvelle Aquitaine
2021;23;Creuse;25-44 ans;Femmes;915.2215799614639;75;Nouvelle Aquitaine
2021;23;Creuse;45-64 ans;Femmes;828.9703315881329;75;Nouvelle Aquitaine
2021;23;Creuse;00-17 ans;Hommes et Femmes;450.56983832494;75;Nouvelle Aquitaine
2022;23;Creuse;Tous;Hommes;368.704372833862;75;Nouvelle Aquitaine
2022;23;Creuse;00-17 ans;Femmes;585.080448561677;75;Nouvelle Aquitaine
2022;23;Creuse;65 ans et plus;Femmes;316.64357807243204;75;Nouvelle Aquitaine
2022;23;Creuse;Tous;Femmes;577.663671373556;75;Nouvelle Aquitaine
2022;23;Creuse;25-44 ans;Hommes et Femmes;416.49312786339;75;Nouvelle Aquitaine
2023;23;Creuse;00-17 ans;Hommes;82.2706705059646;75;Nouvelle Aquitaine
2023;23;Creuse;Tous;Hommes;279.115204800781;75;Nouvelle Aquitaine
2023;23;Creuse;00-17 ans;Femmes;740.740740740741;75;Nouvelle Aquitaine
2023;23;Creuse;18-24 ans;Femmes;1347.15025906736;75;Nouvelle Aquitaine
2023;23;Creuse;65 ans et plus;Femmes;282.752120640905;75;Nouvelle Aquitaine
2023;23;Creuse;Tous;Femmes;582.343349638947;75;Nouvelle Aquitaine
2023;23;Creuse;65 ans et plus;Hommes et Femmes;218.600953895072;75;Nouvelle Aquitaine
2024;23;Creuse;25-44 ans;Hommes;672.804532577904;75;Nouvelle Aquitaine
2024;23;Creuse;45-64 ans;Hommes;326.90421706440003;75;Nouvelle Aquitaine
2024;23;Creuse;65 ans et plus;Hommes;43.497172683775595;75;Nouvelle Aquitaine
2024;23;Creuse;65 ans et plus;Femmes;287.907869481766;75;Nouvelle Aquitaine
2024;23;Creuse;25-44 ans;Hommes et Femmes;627.820286443006;75;Nouvelle Aquitaine
2020;24;Dordogne;65 ans et plus;Hommes;299.457233763803;75;Nouvelle Aquitaine
2020;24;Dordogne;Tous;Hommes;732.068761114404;75;Nouvelle Aquitaine
2020;24;Dordogne;00-17 ans;Femmes;975.134080936129;75;Nouvelle Aquitaine
2020;24;Dordogne;65 ans et plus;Femmes;346.677672307057;75;Nouvelle Aquitaine
2020;24;Dordogne;Tous;Hommes et Femmes;841.4337788578371;75;Nouvelle Aquitaine
2021;24;Dordogne;00-17 ans;Hommes;284.83536515893803;75;Nouvelle Aquitaine
2021;24;Dordogne;Tous;Hommes;579.087470228366;75;Nouvelle Aquitaine
2021;24;Dordogne;00-17 ans;Hommes et Femmes;466.34349880346105;75;Nouvelle Aquitaine
2021;24;Dordogne;Tous;Hommes et Femmes;688.146239898366;75;Nouvelle Aquitaine
2022;24;Dordogne;00-17 ans;Hommes;212.393803098451;75;Nouvelle Aquitaine
2022;24;Dordogne;18-24 ans;Femmes;1127.04918032787;75;Nouvelle Aquitaine
2022;24;Dordogne;25-44 ans;Femmes;1022.9185549656901;75;Nouvelle Aquitaine
2022;24;Dordogne;25-44 ans;Hommes et Femmes;854.651162790698;75;Nouvelle Aquitaine
2023;24;Dordogne;00-17 ans;Hommes;160.814794961136;75;Nouvelle Aquitaine
2023;24;Dordogne;25-44 ans;Hommes;825.536598789213;75;Nouvelle Aquitaine
2023;24;Dordogne;00-17 ans;Femmes;812.445980985307;75;Nouvelle Aquitaine
2023;24;Dordogne;18-24 ans;Femmes;1726.1556465769502;75;Nouvelle Aquitaine
2023;24;Dordogne;00-17 ans;Hommes et Femmes;445.383860496716;75;Nouvelle Aquitaine
2023;24;Dordogne;18-24 ans;Hommes et Femmes;1150.7479861910201;75;Nouvelle Aquitaine
2023;24;Dordogne;65 ans et plus;Hommes et Femmes;253.50805155853902;75;Nouvelle Aquitaine
2024;24;Dordogne;65 ans et plus;Hommes;113.990424804316;75;Nouvelle Aquitaine
2024;24;Dordogne;Tous;Femmes;807.4655639685959;75;Nouvelle Aquitaine
2024;24;Dordogne;25-44 ans;Hommes et Femmes;786.2807564563141;75;Nouvelle Aquitaine
2024;24;Dordogne;65 ans et plus;Hommes et Femmes;197.505577703815;75;Nouvelle Aquitaine
2020;25;Doubs;00-17 ans;Hommes;333.30409613191796;27;Bourgogne et Franche-Comté
2020;25;Doubs;65 ans et plus;Hommes;170.85427135678398;27;Bourgogne et Franche-Comté
2020;25;Doubs;Tous;Hommes;620.449064643769;27;Bourgogne et Franche-Comté
2020;25;Doubs;00-17 ans;Femmes;756.1643835616441;27;Bourgogne et Franche-Comté
2020;25;Doubs;45-64 ans;Femmes;1466.84628049693;27;Bourgogne et Franche-Comté
2020;25;Doubs;Tous;Femmes;1061.87624750499;27;Bourgogne et Franche-Comté
2020;25;Doubs;00-17 ans;Hommes et Femmes;521.2646757928579;27;Bourgogne et Franche-Comté
2020;25;Doubs;25-44 ans;Hommes et Femmes;1357.92825812654;27;Bourgogne et Franche-Comté
2020;25;Doubs;65 ans et plus;Hommes et Femmes;217.780573972802;27;Bourgogne et Franche-Comté
2021;25;Doubs;25-44 ans;Hommes;869.990224828934;27;Bourgogne et Franche-Comté
2021;25;Doubs;45-64 ans;Hommes;510.37767948281703;27;Bourgogne et Franche-Comté
2021;25;Doubs;00-17 ans;Femmes;1177.48917748918;27;Bourgogne et Franche-Comté
2021;25;Doubs;65 ans et plus;Femmes;252.34318673395802;27;Bourgogne et Franche-Comté
2021;25;Doubs;Tous;Femmes;1125.6676166982;27;Bourgogne et Franche-Comté
2021;25;Doubs;45-64 ans;Hommes et Femmes;907.838717756073;27;Bourgogne et Franche-Comté
2021;25;Doubs;65 ans et plus;Hommes et Femmes;182.832497304393;27;Bourgogne et Franche-Comté
2022;25;Doubs;25-44 ans;Hommes;721.4466410568721;27;Bourgogne et Franche-Comté
2022;25;Doubs;25-44 ans;Femmes;1163.9676113360301;27;Bourgogne et Franche-Comté
2022;25;Doubs;45-64 ans;Femmes;1236.9974697779;27;Bourgogne et Franche-Comté
2022;25;Doubs;Tous;Hommes et Femmes;688.683675066521;27;Bourgogne et Franche-Comté
2023;25;Doubs;00-17 ans;Hommes;264.584408879711;27;Bourgogne et Franche-Comté
2023;25;Doubs;65 ans et plus;Hommes;175.828243568388;27;Bourgogne et Franche-Comté
2023;25;Doubs;45-64 ans;Femmes;1281.86867967526;27;Bourgogne et Franche-Comté
2023;25;Doubs;18-24 ans;Hommes et Femmes;1727.74292945967;27;Bourgogne et Franche-Comté
2023;25;Doubs;25-44 ans;Hommes et Femmes;1004.03739906502;27;Bourgogne et Franche-Comté
2023;25;Doubs;Tous;Hommes et Femmes;752.150133821367;27;Bourgogne et Franche-Comté
2024;25;Doubs;00-17 ans;Hommes;267.567051028859;27;Bourgogne et Franche-Comté
2024;25;Doubs;18-24 ans;Hommes;1132.55033557047;27;Bourgogne et Franche-Comté
2024;25;Doubs;65 ans et plus;Hommes;249.077490774908;27;Bourgogne et Franche-Comté
2024;25;Doubs;00-17 ans;Femmes;1033.51318489247;27;Bourgogne et Franche-Comté
2024;25;Doubs;18-24 ans;Femmes;2779.0973871734;27;Bourgogne et Franche-Comté
2024;25;Doubs;45-64 ans;Femmes;1457.96430031339;27;Bourgogne et Franche-Comté
2024;25;Doubs;Tous;Femmes;1104.97237569061;27;Bourgogne et Franche-Comté
2024;25;Doubs;18-24 ans;Hommes et Femmes;1904.65582535086;27;Bourgogne et Franche-Comté
2024;25;Doubs;25-44 ans;Hommes et Femmes;1116.79851093532;27;Bourgogne et Franche-Comté
2024;25;Doubs;65 ans et plus;Hommes et Femmes;231.162480551234;27;Bourgogne et Franche-Comté
2020;26;Drôme;00-17 ans;Hommes;85.2459016393443;84;Auvergne et Rhône-Alpes
2020;26;Drôme;18-24 ans;Hommes;261.380962753213;84;Auvergne et Rhône-Alpes
2020;26;Drôme;Tous;Hommes;210.39003074931202;84;Auvergne et Rhône-Alpes
2020;26;Drôme;18-24 ans;Femmes;804.9678012879481;84;Auvergne et Rhône-Alpes
2020;26;Drôme;45-64 ans;Femmes;722.28619281901;84;Auvergne et Rhône-Alpes
2020;26;Drôme;25-44 ans;Hommes et Femmes;560.6478597490429;84;Auvergne et Rhône-Alpes
2020;26;Drôme;45-64 ans;Hommes et Femmes;501.71257658353;84;Auvergne et Rhône-Alpes
2020;26;Drôme;Tous;Hommes et Femmes;364.918995487763;84;Auvergne et Rhône-Alpes
2021;26;Drôme;45-64 ans;Hommes;320.51282051282;84;Auvergne et Rhône-Alpes
2021;26;Drôme;45-64 ans;Femmes;532.875722543353;84;Auvergne et Rhône-Alpes
2021;26;Drôme;45-64 ans;Hommes et Femmes;419.041233657392;84;Auvergne et Rhône-Alpes
2021;26;Drôme;65 ans et plus;Hommes et Femmes;170.05134242454;84;Auvergne et Rhône-Alpes
2022;26;Drôme;00-17 ans;Hommes;96.5773004712972;84;Auvergne et Rhône-Alpes
2022;26;Drôme;18-24 ans;Hommes;447.16053063049605;84;Auvergne et Rhône-Alpes
2022;26;Drôme;45-64 ans;Hommes;253.075571177504;84;Auvergne et Rhône-Alpes
2022;26;Drôme;00-17 ans;Femmes;636.458630189038;84;Auvergne et Rhône-Alpes
2022;26;Drôme;00-17 ans;Hommes et Femmes;338.730293992331;84;Auvergne et Rhône-Alpes
2022;26;Drôme;18-24 ans;Hommes et Femmes;768.514205868654;84;Auvergne et Rhône-Alpes
2022;26;Drôme;25-44 ans;Hommes et Femmes;448.61864187968;84;Auvergne et Rhône-Alpes
2022;26;Drôme;45-64 ans;Hommes et Femmes;415.66806470940696;84;Auvergne et Rhône-Alpes
2023;26;Drôme;18-24 ans;Femmes;1236.3996043521302;84;Auvergne et Rhône-Alpes
2023;26;Drôme;25-44 ans;Femmes;687.262293988123;84;Auvergne et Rhône-Alpes
2023;26;Drôme;45-64 ans;Femmes;778.937529210157;84;Auvergne et Rhône-Alpes
2023;26;Drôme;65 ans et plus;Femmes;192.366103067733;84;Auvergne et Rhône-Alpes
2023;26;Drôme;25-44 ans;Hommes et Femmes;541.4371557336;84;Auvergne et Rhône-Alpes
2023;26;Drôme;45-64 ans;Hommes et Femmes;517.925359976491;84;Auvergne et Rhône-Alpes
2023;26;Drôme;Tous;Hommes et Femmes;406.087367923041;84;Auvergne et Rhône-Alpes
2024;26;Drôme;00-17 ans;Hommes;115.58911921091199;84;Auvergne et Rhône-Alpes
2024;26;Drôme;18-24 ans;Hommes;334.19413641197;84;Auvergne et Rhône-Alpes
2024;26;Drôme;65 ans et plus;Hommes;87.5417191005088;84;Auvergne et Rhône-Alpes
2024;26;Drôme;Tous;Hommes;228.985437010831;84;Auvergne et Rhône-Alpes
2024;26;Drôme;18-24 ans;Femmes;952.834683182468;84;Auvergne et Rhône-Alpes
2024;26;Drôme;65 ans et plus;Femmes;232.2206095791;84;Auvergne et Rhône-Alpes
2024;26;Drôme;Tous;Femmes;565.221345876483;84;Auvergne et Rhône-Alpes
2024;26;Drôme;00-17 ans;Hommes et Femmes;334.518524752267;84;Auvergne et Rhône-Alpes
2024;26;Drôme;18-24 ans;Hommes et Femmes;636.645962732919;84;Auvergne et Rhône-Alpes
2024;26;Drôme;Tous;Hommes et Femmes;391.22257053291503;84;Auvergne et Rhône-Alpes
2020;27;Eure;18-24 ans;Hommes;285.06271379703503;28;Normandie
2020;27;Eure;00-17 ans;Femmes;142.577080734272;28;Normandie
2020;27;Eure;25-44 ans;Femmes;179.602309172546;28;Normandie
2021;27;Eure;00-17 ans;Femmes;612.654483997042;28;Normandie
2021;27;Eure;25-44 ans;Femmes;450.45045045045003;28;Normandie
2021;27;Eure;00-17 ans;Hommes et Femmes;354.071825998988;28;Normandie
2021;27;Eure;25-44 ans;Hommes et Femmes;378.91545975075803;28;Normandie
2021;27;Eure;65 ans et plus;Hommes et Femmes;185.18518518518502;28;Normandie
2021;27;Eure;Tous;Hommes et Femmes;350.790053705026;28;Normandie
2022;27;Eure;00-17 ans;Hommes;140.756959649672;28;Normandie
2022;27;Eure;25-44 ans;Hommes;161.99953714418;28;Normandie
2022;27;Eure;65 ans et plus;Hommes;86.6269626421224;28;Normandie
2022;27;Eure;Tous;Hommes;177.63029474917;28;Normandie
2022;27;Eure;00-17 ans;Femmes;150.37593984962402;28;Normandie
2022;27;Eure;45-64 ans;Femmes;278.471288649894;28;Normandie
2022;27;Eure;00-17 ans;Hommes et Femmes;145.25835235526;28;Normandie
2023;27;Eure;65 ans et plus;Hommes;121.16574198074099;28;Normandie
2023;27;Eure;Tous;Hommes;311.465598319307;28;Normandie
2023;27;Eure;25-44 ans;Femmes;712.029859316681;28;Normandie
2023;27;Eure;18-24 ans;Hommes et Femmes;774.78660538411;28;Normandie
2024;27;Eure;25-44 ans;Hommes;526.7694665261951;28;Normandie
2024;27;Eure;45-64 ans;Hommes;315.73699662106003;28;Normandie
2024;27;Eure;65 ans et plus;Hommes;105.66480774875299;28;Normandie
2024;27;Eure;Tous;Femmes;568.261051457258;28;Normandie
2020;28;Eure-et-Loir;25-44 ans;Hommes;511.12230940897;24;Centre-Val de Loire
2020;28;Eure-et-Loir;45-64 ans;Hommes;340.316115858731;24;Centre-Val de Loire
2020;28;Eure-et-Loir;00-17 ans;Femmes;343.99286533316297;24;Centre-Val de Loire
2020;28;Eure-et-Loir;25-44 ans;Femmes;593.0504510524561;24;Centre-Val de Loire
2020;28;Eure-et-Loir;65 ans et plus;Femmes;224.310397090027;24;Centre-Val de Loire
2020;28;Eure-et-Loir;00-17 ans;Hommes et Femmes;192.80205655527;24;Centre-Val de Loire
2020;28;Eure-et-Loir;18-24 ans;Hommes et Femmes;604.722595507775;24;Centre-Val de Loire
2020;28;Eure-et-Loir;25-44 ans;Hommes et Femmes;549.0469009782311;24;Centre-Val de Loire
2020;28;Eure-et-Loir;Tous;Hommes et Femmes;395.504706413814;24;Centre-Val de Loire
2021;28;Eure-et-Loir;65 ans et plus;Hommes;100.57663939922199;24;Centre-Val de Loire
2021;28;Eure-et-Loir;Tous;Hommes;289.147336631755;24;Centre-Val de Loire
2021;28;Eure-et-Loir;00-17 ans;Femmes;349.21939194741196;24;Centre-Val de Loire
2021;28;Eure-et-Loir;18-24 ans;Femmes;760.7776838546071;24;Centre-Val de Loire
2021;28;Eure-et-Loir;45-64 ans;Hommes et Femmes;558.510638297872;24;Centre-Val de Loire
2021;28;Eure-et-Loir;Tous;Hommes et Femmes;368.034084598105;24;Centre-Val de Loire
2022;28;Eure-et-Loir;25-44 ans;Femmes;448.194041655682;24;Centre-Val de Loire
2022;28;Eure-et-Loir;45-64 ans;Femmes;562.973655719957;24;Centre-Val de Loire
2022;28;Eure-et-Loir;Tous;Hommes et Femmes;340.2144299714;24;Centre-Val de Loire
2023;28;Eure-et-Loir;18-24 ans;Femmes;1264.94300806227;24;Centre-Val de Loire
2023;28;Eure-et-Loir;25-44 ans;Femmes;561.447286338116;24;Centre-Val de Loire
2023;28;Eure-et-Loir;45-64 ans;Femmes;481.412142284033;24;Centre-Val de Loire
2023;28;Eure-et-Loir;00-17 ans;Hommes et Femmes;231.723154490591;24;Centre-Val de Loire
2023;28;Eure-et-Loir;45-64 ans;Hommes et Femmes;415.68473422361893;24;Centre-Val de Loire
2023;28;Eure-et-Loir;Tous;Hommes et Femmes;341.915498026916;24;Centre-Val de Loire
2024;28;Eure-et-Loir;00-17 ans;Hommes;135.490555511278;24;Centre-Val de Loire
2024;28;Eure-et-Loir;25-44 ans;Hommes;328.41668587232095;24;Centre-Val de Loire
2024;28;Eure-et-Loir;Tous;Hommes;230.97728523899602;24;Centre-Val de Loire
2024;28;Eure-et-Loir;25-44 ans;Femmes;465.857545666299;24;Centre-Val de Loire
2024;28;Eure-et-Loir;45-64 ans;Femmes;484.99147987940796;24;Centre-Val de Loire
2024;28;Eure-et-Loir;65 ans et plus;Femmes;157.196356743261;24;Centre-Val de Loire
2024;28;Eure-et-Loir;Tous;Femmes;419.033657076538;24;Centre-Val de Loire
2024;28;Eure-et-Loir;00-17 ans;Hommes et Femmes;258.40345107419;24;Centre-Val de Loire
2024;28;Eure-et-Loir;18-24 ans;Hommes et Femmes;707.547169811321;24;Centre-Val de Loire
2024;28;Eure-et-Loir;Tous;Hommes et Femmes;323.929702419803;24;Centre-Val de Loire
2020;29;Finistère;65 ans et plus;Hommes;161.654135338346;53;Bretagne
2020;29;Finistère;00-17 ans;Femmes;372.139803872266;53;Bretagne
2020;29;Finistère;18-24 ans;Hommes et Femmes;795.4367052174371;53;Bretagne
2021;29;Finistère;00-17 ans;Femmes;543.978240870365;53;Bretagne
2021;29;Finistère;25-44 ans;Femmes;648.532636588438;53;Bretagne
2021;29;Finistère;45-64 ans;Femmes;865.027502233087;53;Bretagne
2021;29;Finistère;00-17 ans;Hommes et Femmes;309.716673386358;53;Bretagne
2021;29;Finistère;18-24 ans;Hommes et Femmes;651.4236410698879;53;Bretagne
2021;29;Finistère;25-44 ans;Hommes et Femmes;586.800151432297;53;Bretagne
2021;29;Finistère;Tous;Hommes et Femmes;416.621076818193;53;Bretagne
2022;29;Finistère;45-64 ans;Hommes;473.180672123787;53;Bretagne
2022;29;Finistère;25-44 ans;Femmes;771.336153271958;53;Bretagne
2022;29;Finistère;Tous;Hommes et Femmes;515.709210832107;53;Bretagne
2023;29;Finistère;18-24 ans;Hommes;464.2166344294;53;Bretagne
2023;29;Finistère;25-44 ans;Hommes;599.851722046236;53;Bretagne
2023;29;Finistère;25-44 ans;Femmes;880.0171710667531;53;Bretagne
2023;29;Finistère;65 ans et plus;Femmes;216.26195905126798;53;Bretagne
2023;29;Finistère;Tous;Femmes;728.6697411555531;53;Bretagne
2024;29;Finistère;00-17 ans;Hommes;124.917589090531;53;Bretagne
2024;29;Finistère;65 ans et plus;Hommes;110.66425544549101;53;Bretagne
2024;29;Finistère;25-44 ans;Femmes;828.637719588996;53;Bretagne
2024;29;Finistère;Tous;Femmes;574.5252402913;53;Bretagne
2024;29;Finistère;00-17 ans;Hommes et Femmes;368.137337766007;53;Bretagne
2024;29;Finistère;45-64 ans;Hommes et Femmes;495.72134052097897;53;Bretagne
2020;2A;Corse-du-Sud;18-24 ans;Hommes;600.961538461539;94;Corse
2020;2A;Corse-du-Sud;65 ans et plus;Hommes;352.035203520352;94;Corse
2020;2A;Corse-du-Sud;Tous;Hommes;531.268973891925;94;Corse
2020;2A;Corse-du-Sud;65 ans et plus;Femmes;308.388157894737;94;Corse
2020;2A;Corse-du-Sud;Tous;Femmes;574.5184183845889;94;Corse
2020;2A;Corse-du-Sud;45-64 ans;Hommes et Femmes;741.063644289451;94;Corse
2020;2A;Corse-du-Sud;65 ans et plus;Hommes et Femmes;329.471782336061;94;Corse
2021;2A;Corse-du-Sud;25-44 ans;Hommes;755.627009646302;94;Corse
2021;2A;Corse-du-Sud;65 ans et plus;Hommes;196.920873612603;94;Corse
2021;2A;Corse-du-Sud;25-44 ans;Femmes;607.955532395345;94;Corse
2021;2A;Corse-du-Sud;45-64 ans;Femmes;818.148010412793;94;Corse
2021;2A;Corse-du-Sud;65 ans et plus;Femmes;339.860818902735;94;Corse
2021;2A;Corse-du-Sud;Tous;Hommes et Femmes;530.423119131813;94;Corse
2022;2A;Corse-du-Sud;25-44 ans;Hommes;208.085612366231;94;Corse
2022;2A;Corse-du-Sud;25-44 ans;Femmes;473.083197389886;94;Corse
2022;2A;Corse-du-Sud;00-17 ans;Hommes et Femmes;229.25263640531898;94;Corse
2023;2A;Corse-du-Sud;18-24 ans;Hommes;124.792013311148;94;Corse
2023;2A;Corse-du-Sud;65 ans et plus;Hommes;56.330094352908;94;Corse
2023;2A;Corse-du-Sud;00-17 ans;Femmes;388.726919339164;94;Corse
2023;2A;Corse-du-Sud;25-44 ans;Femmes;422.20484753713794;94;Corse
2023;2A;Corse-du-Sud;00-17 ans;Hommes et Femmes;215.33161068044802;94;Corse
2023;2A;Corse-du-Sud;65 ans et plus;Hommes et Femmes;156.76028739386;94;Corse
2024;2A;Corse-du-Sud;00-17 ans;Hommes;113.93229166666701;94;Corse
2024;2A;Corse-du-Sud;65 ans et plus;Hommes;135.869565217391;94;Corse
2024;2A;Corse-du-Sud;45-64 ans;Femmes;651.1627906976739;94;Corse
2020;2B;Haute-Corse;00-17 ans;Hommes;97.3472864443904;94;Corse
2020;2B;Haute-Corse;65 ans et plus;Hommes;272.386789240722;94;Corse
2020;2B;Haute-Corse;65 ans et plus;Femmes;334.874820602775;94;Corse
2020;2B;Haute-Corse;Tous;Femmes;607.627080215844;94;Corse
2020;2B;Haute-Corse;18-24 ans;Hommes et Femmes;587.268029128494;94;Corse
2020;2B;Haute-Corse;25-44 ans;Hommes et Femmes;708.119119216219;94;Corse
2021;2B;Haute-Corse;18-24 ans;Hommes;539.811066126856;94;Corse
2021;2B;Haute-Corse;25-44 ans;Hommes;829.5886622882821;94;Corse
2021;2B;Haute-Corse;18-24 ans;Femmes;919.5402298850571;94;Corse
2021;2B;Haute-Corse;25-44 ans;Femmes;1011.77336276674;94;Corse
2021;2B;Haute-Corse;65 ans et plus;Femmes;264.628050573361;94;Corse
2021;2B;Haute-Corse;Tous;Femmes;730.284362123128;94;Corse
2021;2B;Haute-Corse;65 ans et plus;Hommes et Femmes;256.836380117843;94;Corse
2022;2B;Haute-Corse;18-24 ans;Hommes;186.76627534685198;94;Corse
2022;2B;Haute-Corse;25-44 ans;Hommes;169.061707523246;94;Corse
2022;2B;Haute-Corse;45-64 ans;Hommes;348.182283666155;94;Corse
2022;2B;Haute-Corse;65 ans et plus;Hommes;216.727416018126;94;Corse
2022;2B;Haute-Corse;Tous;Hommes;200.959123087463;94;Corse
2022;2B;Haute-Corse;18-24 ans;Femmes;758.589915216421;94;Corse
2022;2B;Haute-Corse;45-64 ans;Femmes;581.926061159288;94;Corse
2022;2B;Haute-Corse;18-24 ans;Hommes et Femmes;498.177399756987;94;Corse
2022;2B;Haute-Corse;65 ans et plus;Hommes et Femmes;228.484386900229;94;Corse
2023;2B;Haute-Corse;25-44 ans;Hommes;279.160092244204;94;Corse
2023;2B;Haute-Corse;00-17 ans;Femmes;407.497962510187;94;Corse
2023;2B;Haute-Corse;45-64 ans;Femmes;489.457831325301;94;Corse
2023;2B;Haute-Corse;65 ans et plus;Femmes;362.560824348822;94;Corse
2023;2B;Haute-Corse;18-24 ans;Hommes et Femmes;297.95686719636797;94;Corse
2023;2B;Haute-Corse;25-44 ans;Hommes et Femmes;268.407246995669;94;Corse
2023;2B;Haute-Corse;45-64 ans;Hommes et Femmes;343.00156456854;94;Corse
2024;2B;Haute-Corse;18-24 ans;Hommes;355.71365051133796;94;Corse
2024;2B;Haute-Corse;Tous;Femmes;576.45298989383;94;Corse
2024;2B;Haute-Corse;Tous;Hommes et Femmes;422.783110449819;94;Corse
2020;30;Gard;00-17 ans;Femmes;515.8960469465401;76;Occitanie
2020;30;Gard;25-44 ans;Femmes;549.450549450549;76;Occitanie
2020;30;Gard;45-64 ans;Femmes;882.9174664107491;76;Occitanie
2020;30;Gard;Tous;Femmes;557.078763708873;76;Occitanie
2021;30;Gard;00-17 ans;Hommes;124.52299658566;76;Occitanie
2021;30;Gard;18-24 ans;Hommes;496.39522515069103;76;Occitanie
2021;30;Gard;65 ans et plus;Hommes;184.092518291244;76;Occitanie
2021;30;Gard;25-44 ans;Femmes;633.670971148769;76;Occitanie
2021;30;Gard;Tous;Femmes;670.558798999166;76;Occitanie
2021;30;Gard;00-17 ans;Hommes et Femmes;400.371615643249;76;Occitanie
2022;30;Gard;00-17 ans;Hommes;186.82003003773;76;Occitanie
2022;30;Gard;18-24 ans;Hommes;291.681250729203;76;Occitanie
2022;30;Gard;45-64 ans;Hommes;515.297906602254;76;Occitanie
2022;30;Gard;Tous;Hommes;317.166644641205;76;Occitanie
2022;30;Gard;Tous;Femmes;625.5721696673791;76;Occitanie
2022;30;Gard;45-64 ans;Hommes et Femmes;704.14664133229;76;Occitanie
2023;30;Gard;18-24 ans;Hommes;408.948761125812;76;Occitanie
2023;30;Gard;25-44 ans;Hommes;435.271677996772;76;Occitanie
2023;30;Gard;65 ans et plus;Hommes;181.134809582031;76;Occitanie
2023;30;Gard;00-17 ans;Femmes;707.821426765762;76;Occitanie
2023;30;Gard;65 ans et plus;Femmes;271.80527383367104;76;Occitanie
2023;30;Gard;Tous;Hommes et Femmes;468.090330225185;76;Occitanie
2024;30;Gard;Tous;Hommes;259.706137957517;76;Occitanie
2024;30;Gard;18-24 ans;Femmes;1305.81297388374;76;Occitanie
2024;30;Gard;45-64 ans;Femmes;727.192595857206;76;Occitanie
2024;30;Gard;Tous;Femmes;628.656601401296;76;Occitanie
2024;30;Gard;00-17 ans;Hommes et Femmes;351.614424767377;76;Occitanie
2024;30;Gard;45-64 ans;Hommes et Femmes;541.691866733283;76;Occitanie
2024;30;Gard;Tous;Hommes et Femmes;435.09753725863794;76;Occitanie
2020;31;Haute-Garonne;00-17 ans;Hommes;168.37742447301102;76;Occitanie
2020;31;Haute-Garonne;18-24 ans;Hommes;742.663494123585;76;Occitanie
2020;31;Haute-Garonne;18-24 ans;Femmes;1506.36492220651;76;Occitanie
2020;31;Haute-Garonne;65 ans et plus;Femmes;278.15532446186404;76;Occitanie
2020;31;Haute-Garonne;Tous;Femmes;797.1357699625111;76;Occitanie
2020;31;Haute-Garonne;00-17 ans;Hommes et Femmes;341.401734104046;76;Occitanie
2020;31;Haute-Garonne;18-24 ans;Hommes et Femmes;1128.08796230187;76;Occitanie
2020;31;Haute-Garonne;45-64 ans;Hommes et Femmes;770.240871763714;76;Occitanie
2021;31;Haute-Garonne;00-17 ans;Hommes;126.238567073171;76;Occitanie
2021;31;Haute-Garonne;18-24 ans;Hommes;571.89070533187;76;Occitanie
2021;31;Haute-Garonne;00-17 ans;Femmes;574.26571753305;76;Occitanie
2021;31;Haute-Garonne;45-64 ans;Femmes;989.579428742784;76;Occitanie
2021;31;Haute-Garonne;65 ans et plus;Femmes;296.615098290101;76;Occitanie
2021;31;Haute-Garonne;18-24 ans;Hommes et Femmes;1095.41242420776;76;Occitanie
2021;31;Haute-Garonne;25-44 ans;Hommes et Femmes;724.1623592999761;76;Occitanie
2021;31;Haute-Garonne;45-64 ans;Hommes et Femmes;737.4242823281539;76;Occitanie
2021;31;Haute-Garonne;Tous;Hommes et Femmes;570.2252585053719;76;Occitanie
2022;31;Haute-Garonne;18-24 ans;Hommes;710.698379607694;76;Occitanie
2022;31;Haute-Garonne;Tous;Hommes;375.509023342754;76;Occitanie
2022;31;Haute-Garonne;00-17 ans;Femmes;635.424940428912;76;Occitanie
2022;31;Haute-Garonne;65 ans et plus;Femmes;316.69971359330196;76;Occitanie
2022;31;Haute-Garonne;25-44 ans;Hommes et Femmes;730.795182927527;76;Occitanie
2022;31;Haute-Garonne;45-64 ans;Hommes et Femmes;747.626451420821;76;Occitanie
2023;31;Haute-Garonne;18-24 ans;Hommes;575.806372907822;76;Occitanie
2023;31;Haute-Garonne;25-44 ans;Femmes;827.2542678799731;76;Occitanie
2023;31;Haute-Garonne;65 ans et plus;Hommes et Femmes;210.94059686279;76;Occitanie
2024;31;Haute-Garonne;00-17 ans;Hommes;144.630329195899;76;Occitanie
2024;31;Haute-Garonne;65 ans et plus;Hommes;117.298612943902;76;Occitanie
2024;31;Haute-Garonne;Tous;Hommes;348.24465137505;76;Occitanie
2024;31;Haute-Garonne;00-17 ans;Femmes;784.4834582194931;76;Occitanie
2024;31;Haute-Garonne;18-24 ans;Femmes;2062.05159880268;76;Occitanie
2024;31;Haute-Garonne;65 ans et plus;Femmes;245.89534079557401;76;Occitanie
2024;31;Haute-Garonne;Tous;Femmes;837.4061094596749;76;Occitanie
2024;31;Haute-Garonne;25-44 ans;Hommes et Femmes;699.594389982427;76;Occitanie
2024;31;Haute-Garonne;45-64 ans;Hommes et Femmes;574.410107140645;76;Occitanie
2024;31;Haute-Garonne;Tous;Hommes et Femmes;582.530867342606;76;Occitanie
2020;32;Gers;00-17 ans;Hommes;304.745319982586;76;Occitanie
2020;32;Gers;25-44 ans;Hommes;1445.51519644181;76;Occitanie
2020;32;Gers;Tous;Femmes;929.4696555494809;76;Occitanie
2020;32;Gers;00-17 ans;Hommes et Femmes;428.571428571429;76;Occitanie
2021;32;Gers;45-64 ans;Hommes;633.102200783841;76;Occitanie
2021;32;Gers;00-17 ans;Femmes;941.7808219178079;76;Occitanie
2021;32;Gers;25-44 ans;Femmes;1846.64793255721;76;Occitanie
2021;32;Gers;45-64 ans;Femmes;1436.6729678638899;76;Occitanie
2021;32;Gers;65 ans et plus;Femmes;385.626643295355;76;Occitanie
2021;32;Gers;00-17 ans;Hommes et Femmes;508.28313253012;76;Occitanie
2021;32;Gers;18-24 ans;Hommes et Femmes;749.228735125606;76;Occitanie
2021;32;Gers;25-44 ans;Hommes et Femmes;1551.1119416931401;76;Occitanie
2021;32;Gers;45-64 ans;Hommes et Femmes;989.60080509896;76;Occitanie
2021;32;Gers;65 ans et plus;Hommes et Femmes;268.916913946588;76;Occitanie
2022;32;Gers;18-24 ans;Hommes;687.022900763359;76;Occitanie
2022;32;Gers;65 ans et plus;Hommes;190.912562046583;76;Occitanie
2022;32;Gers;00-17 ans;Femmes;1346.80134680135;76;Occitanie
2022;32;Gers;18-24 ans;Femmes;1531.1004784689;76;Occitanie
2022;32;Gers;45-64 ans;Femmes;1670.6443914081099;76;Occitanie
2022;32;Gers;18-24 ans;Hommes et Femmes;1061.57112526539;76;Occitanie
2023;32;Gers;18-24 ans;Hommes;1000.76982294072;76;Occitanie
2023;32;Gers;25-44 ans;Hommes;986.730180333447;76;Occitanie
2023;32;Gers;45-64 ans;Hommes;735.510444248308;76;Occitanie
2023;32;Gers;00-17 ans;Hommes et Femmes;500.86688499325805;76;Occitanie
2023;32;Gers;18-24 ans;Hommes et Femmes;1720.52035249685;76;Occitanie
2023;32;Gers;25-44 ans;Hommes et Femmes;1187.28456530065;76;Occitanie
2023;32;Gers;45-64 ans;Hommes et Femmes;1028.77350908214;76;Occitanie
2023;32;Gers;65 ans et plus;Hommes et Femmes;312.026388517429;76;Occitanie
2024;32;Gers;00-17 ans;Hommes;207.972270363951;76;Occitanie
2024;32;Gers;18-24 ans;Hommes;755.667506297229;76;Occitanie
2024;32;Gers;65 ans et plus;Hommes;127.458120903132;76;Occitanie
2024;32;Gers;00-17 ans;Femmes;1669.5957820738101;76;Occitanie
2024;32;Gers;00-17 ans;Hommes et Femmes;852.5479558225151;76;Occitanie
2024;32;Gers;25-44 ans;Hommes et Femmes;1110.27474595408;76;Occitanie
2020;33;Gironde;45-64 ans;Hommes;698.225216080711;75;Nouvelle Aquitaine
2020;33;Gironde;65 ans et plus;Hommes;196.899525777198;75;Nouvelle Aquitaine
2020;33;Gironde;Tous;Hommes;481.10449308092404;75;Nouvelle Aquitaine
2020;33;Gironde;25-44 ans;Femmes;1044.94174218606;75;Nouvelle Aquitaine
2020;33;Gironde;Tous;Femmes;833.3105839316429;75;Nouvelle Aquitaine
2021;33;Gironde;00-17 ans;Hommes;149.547957310856;75;Nouvelle Aquitaine
2021;33;Gironde;45-64 ans;Hommes;580.164186464769;75;Nouvelle Aquitaine
2021;33;Gironde;Tous;Hommes;416.6595418455;75;Nouvelle Aquitaine
2021;33;Gironde;00-17 ans;Femmes;771.787195473647;75;Nouvelle Aquitaine
2021;33;Gironde;45-64 ans;Hommes et Femmes;848.7050201998059;75;Nouvelle Aquitaine
2021;33;Gironde;Tous;Hommes et Femmes;651.36293340574;75;Nouvelle Aquitaine
2022;33;Gironde;00-17 ans;Femmes;804.8011505061121;75;Nouvelle Aquitaine
2022;33;Gironde;25-44 ans;Femmes;1133.01895749596;75;Nouvelle Aquitaine
2022;33;Gironde;45-64 ans;Femmes;1179.09846570728;75;Nouvelle Aquitaine
2022;33;Gironde;18-24 ans;Hommes et Femmes;1608.52047349845;75;Nouvelle Aquitaine
2023;33;Gironde;45-64 ans;Hommes;691.44032338132;75;Nouvelle Aquitaine
2023;33;Gironde;65 ans et plus;Hommes;175.453490675496;75;Nouvelle Aquitaine
2023;33;Gironde;Tous;Hommes;481.203007518797;75;Nouvelle Aquitaine
2023;33;Gironde;00-17 ans;Femmes;833.589559632401;75;Nouvelle Aquitaine
2023;33;Gironde;18-24 ans;Femmes;2773.89277389277;75;Nouvelle Aquitaine
2023;33;Gironde;00-17 ans;Hommes et Femmes;459.06308708563097;75;Nouvelle Aquitaine
2023;33;Gironde;18-24 ans;Hommes et Femmes;1775.6037437892398;75;Nouvelle Aquitaine
2023;33;Gironde;25-44 ans;Hommes et Femmes;1064.74724691522;75;Nouvelle Aquitaine
2024;33;Gironde;65 ans et plus;Hommes;149.711104353318;75;Nouvelle Aquitaine
2024;33;Gironde;Tous;Hommes;484.13313369881206;75;Nouvelle Aquitaine
2024;33;Gironde;18-24 ans;Femmes;2671.63106669279;75;Nouvelle Aquitaine
2024;33;Gironde;45-64 ans;Femmes;1019.9862164024801;75;Nouvelle Aquitaine
2024;33;Gironde;18-24 ans;Hommes et Femmes;1817.58205508824;75;Nouvelle Aquitaine
2020;34;Hérault;65 ans et plus;Hommes;174.38225907281299;76;Occitanie
2020;34;Hérault;Tous;Hommes;386.559828758925;76;Occitanie
2020;34;Hérault;18-24 ans;Hommes et Femmes;875.804579508283;76;Occitanie
2021;34;Hérault;25-44 ans;Hommes;438.75509269304;76;Occitanie
2021;34;Hérault;45-64 ans;Hommes;426.551361458455;76;Occitanie
2021;34;Hérault;65 ans et plus;Hommes;136.42564802182798;76;Occitanie
2021;34;Hérault;00-17 ans;Femmes;463.991203958219;76;Occitanie
2021;34;Hérault;18-24 ans;Femmes;1071.4893134531399;76;Occitanie
2021;34;Hérault;65 ans et plus;Femmes;270.236767075741;76;Occitanie
2021;34;Hérault;25-44 ans;Hommes et Femmes;524.310663498171;76;Occitanie
2022;34;Hérault;45-64 ans;Hommes;437.78801843317996;76;Occitanie
2022;34;Hérault;Tous;Hommes;287.427077808925;76;Occitanie
2022;34;Hérault;18-24 ans;Femmes;1119.94569960244;76;Occitanie
2022;34;Hérault;25-44 ans;Femmes;530.290071112632;76;Occitanie
2022;34;Hérault;65 ans et plus;Femmes;236.326087419362;76;Occitanie
2022;34;Hérault;Tous;Femmes;576.0926695041891;76;Occitanie
2022;34;Hérault;00-17 ans;Hommes et Femmes;316.441431288935;76;Occitanie
2023;34;Hérault;00-17 ans;Hommes;106.031635668347;76;Occitanie
2023;34;Hérault;25-44 ans;Hommes;422.149014656856;76;Occitanie
2023;34;Hérault;45-64 ans;Hommes;337.495781302734;76;Occitanie
2023;34;Hérault;65 ans et plus;Hommes;137.419565928673;76;Occitanie
2023;34;Hérault;00-17 ans;Femmes;487.98634513545494;76;Occitanie
2023;34;Hérault;65 ans et plus;Femmes;242.440966610163;76;Occitanie
2023;34;Hérault;Tous;Femmes;535.425663402405;76;Occitanie
2023;34;Hérault;25-44 ans;Hommes et Femmes;489.80281214373196;76;Occitanie
2023;34;Hérault;45-64 ans;Hommes et Femmes;517.84307103456;76;Occitanie
2023;34;Hérault;Tous;Hommes et Femmes;393.820200376488;76;Occitanie
2024;34;Hérault;45-64 ans;Hommes;365.26797591937;76;Occitanie
2024;34;Hérault;Tous;Hommes;268.548259701964;76;Occitanie
2024;34;Hérault;18-24 ans;Femmes;1039.0671083080001;76;Occitanie
2024;34;Hérault;25-44 ans;Femmes;502.025338274584;76;Occitanie
2024;34;Hérault;65 ans et plus;Femmes;197.12201852947;76;Occitanie
2024;34;Hérault;Tous;Femmes;506.82731669281293;76;Occitanie
2024;34;Hérault;18-24 ans;Hommes et Femmes;730.489171023152;76;Occitanie
2024;34;Hérault;45-64 ans;Hommes et Femmes;455.032119914347;76;Occitanie
2024;34;Hérault;65 ans et plus;Hommes et Femmes;166.03415559772301;76;Occitanie
2020;35;Ille-et-Vilaine;Tous;Hommes;571.76788330955;53;Bretagne
2020;35;Ille-et-Vilaine;00-17 ans;Hommes et Femmes;464.518679580945;53;Bretagne
2021;35;Ille-et-Vilaine;00-17 ans;Hommes et Femmes;523.923929718934;53;Bretagne
2021;35;Ille-et-Vilaine;18-24 ans;Hommes et Femmes;1437.17966477351;53;Bretagne
2021;35;Ille-et-Vilaine;45-64 ans;Hommes et Femmes;862.104868601891;53;Bretagne
2021;35;Ille-et-Vilaine;Tous;Hommes et Femmes;733.954086711488;53;Bretagne
2022;35;Ille-et-Vilaine;00-17 ans;Hommes;217.449730020279;53;Bretagne
2022;35;Ille-et-Vilaine;25-44 ans;Hommes;847.753889180213;53;Bretagne
2022;35;Ille-et-Vilaine;00-17 ans;Femmes;1021.73399480274;53;Bretagne
2022;35;Ille-et-Vilaine;18-24 ans;Femmes;2317.27898221472;53;Bretagne
2022;35;Ille-et-Vilaine;Tous;Femmes;1128.94554949697;53;Bretagne
2022;35;Ille-et-Vilaine;65 ans et plus;Hommes et Femmes;271.721444842174;53;Bretagne
2022;35;Ille-et-Vilaine;Tous;Hommes et Femmes;797.491135993792;53;Bretagne
2023;35;Ille-et-Vilaine;45-64 ans;Hommes;583.58096738391;53;Bretagne
2023;35;Ille-et-Vilaine;18-24 ans;Femmes;3063.5347389274098;53;Bretagne
2024;35;Ille-et-Vilaine;Tous;Hommes;520.791006365976;53;Bretagne
2024;35;Ille-et-Vilaine;00-17 ans;Femmes;1206.98749573366;53;Bretagne
2024;35;Ille-et-Vilaine;65 ans et plus;Femmes;272.425437725248;53;Bretagne
2024;35;Ille-et-Vilaine;00-17 ans;Hommes et Femmes;662.838204622725;53;Bretagne
2024;35;Ille-et-Vilaine;Tous;Hommes et Femmes;848.5618828842579;53;Bretagne
2020;36;Indre;00-17 ans;Hommes;171.184022824536;24;Centre-Val de Loire
2020;36;Indre;18-24 ans;Hommes;396.82539682539704;24;Centre-Val de Loire
2020;36;Indre;25-44 ans;Femmes;817.353033637221;24;Centre-Val de Loire
2020;36;Indre;45-64 ans;Femmes;1131.41862489121;24;Centre-Val de Loire
2020;36;Indre;00-17 ans;Hommes et Femmes;335.110434120335;24;Centre-Val de Loire
2020;36;Indre;45-64 ans;Hommes et Femmes;788.981010965499;24;Centre-Val de Loire
2021;36;Indre;00-17 ans;Hommes;215.568862275449;24;Centre-Val de Loire
2021;36;Indre;00-17 ans;Femmes;471.451021477213;24;Centre-Val de Loire
2021;36;Indre;25-44 ans;Femmes;878.734622144113;24;Centre-Val de Loire
2021;36;Indre;Tous;Hommes et Femmes;484.18666941382503;24;Centre-Val de Loire
2022;36;Indre;00-17 ans;Hommes;122.78978388998001;24;Centre-Val de Loire
2022;36;Indre;45-64 ans;Hommes;348.05890227577;24;Centre-Val de Loire
2022;36;Indre;Tous;Hommes;294.985250737463;24;Centre-Val de Loire
2022;36;Indre;45-64 ans;Femmes;769.2307692307689;24;Centre-Val de Loire
2022;36;Indre;65 ans et plus;Femmes;144.822592324403;24;Centre-Val de Loire
2022;36;Indre;Tous;Femmes;492.67003124249;24;Centre-Val de Loire
2022;36;Indre;00-17 ans;Hommes et Femmes;250.957601373663;24;Centre-Val de Loire
2022;36;Indre;25-44 ans;Hommes et Femmes;543.2388782851269;24;Centre-Val de Loire
2023;36;Indre;25-44 ans;Hommes;583.941605839416;24;Centre-Val de Loire
2023;36;Indre;Tous;Hommes;279.642058165548;24;Centre-Val de Loire
2023;36;Indre;65 ans et plus;Femmes;204.96003279360502;24;Centre-Val de Loire
2023;36;Indre;45-64 ans;Hommes et Femmes;538.315389487017;24;Centre-Val de Loire
2023;36;Indre;65 ans et plus;Hommes et Femmes;153.072381368904;24;Centre-Val de Loire
2024;36;Indre;18-24 ans;Hommes;502.51256281407007;24;Centre-Val de Loire
2024;36;Indre;25-44 ans;Hommes;426.257459505541;24;Centre-Val de Loire
2024;36;Indre;65 ans et plus;Hommes;120.048019207683;24;Centre-Val de Loire
2024;36;Indre;Tous;Hommes;250.07442691277203;24;Centre-Val de Loire
2024;36;Indre;00-17 ans;Femmes;330.639235855988;24;Centre-Val de Loire
2024;36;Indre;45-64 ans;Hommes et Femmes;454.94570002935103;24;Centre-Val de Loire
2020;37;Indre-et-Loire;45-64 ans;Hommes;298.248989801809;24;Centre-Val de Loire
2020;37;Indre-et-Loire;00-17 ans;Femmes;490.230905861457;24;Centre-Val de Loire
2020;37;Indre-et-Loire;45-64 ans;Femmes;530.245644410778;24;Centre-Val de Loire
2020;37;Indre-et-Loire;00-17 ans;Hommes et Femmes;310.79782121115;24;Centre-Val de Loire
2020;37;Indre-et-Loire;45-64 ans;Hommes et Femmes;407.228302367015;24;Centre-Val de Loire
2021;37;Indre-et-Loire;00-17 ans;Hommes;152.02040015692398;24;Centre-Val de Loire
2021;37;Indre-et-Loire;45-64 ans;Hommes;326.969728931547;24;Centre-Val de Loire
2021;37;Indre-et-Loire;18-24 ans;Hommes et Femmes;705.389617546567;24;Centre-Val de Loire
2021;37;Indre-et-Loire;65 ans et plus;Hommes et Femmes;73.32572918364019;24;Centre-Val de Loire
2022;37;Indre-et-Loire;00-17 ans;Hommes;110.137010440989;24;Centre-Val de Loire
2022;37;Indre-et-Loire;18-24 ans;Hommes;376.925598164536;24;Centre-Val de Loire
2022;37;Indre-et-Loire;18-24 ans;Femmes;1524.09046214356;24;Centre-Val de Loire
2022;37;Indre-et-Loire;65 ans et plus;Femmes;109.491154267274;24;Centre-Val de Loire
2022;37;Indre-et-Loire;65 ans et plus;Hommes et Femmes;91.0661014287957;24;Centre-Val de Loire
2022;37;Indre-et-Loire;Tous;Hommes et Femmes;387.495024894302;24;Centre-Val de Loire
2023;37;Indre-et-Loire;18-24 ans;Hommes;397.21946375372397;24;Centre-Val de Loire
2023;37;Indre-et-Loire;45-64 ans;Hommes;212.696335078534;24;Centre-Val de Loire
2023;37;Indre-et-Loire;25-44 ans;Femmes;579.506541399596;24;Centre-Val de Loire
2023;37;Indre-et-Loire;Tous;Femmes;550.070521861777;24;Centre-Val de Loire
2023;37;Indre-et-Loire;18-24 ans;Hommes et Femmes;778.338991471392;24;Centre-Val de Loire
2023;37;Indre-et-Loire;Tous;Hommes et Femmes;369.237261314485;24;Centre-Val de Loire
2024;37;Indre-et-Loire;65 ans et plus;Hommes;80.87125296527931;24;Centre-Val de Loire
2024;37;Indre-et-Loire;Tous;Hommes;224.289962062955;24;Centre-Val de Loire
2024;37;Indre-et-Loire;18-24 ans;Hommes et Femmes;1010.62260253762;24;Centre-Val de Loire
2020;38;Isère;65 ans et plus;Hommes;108.01770096519002;84;Auvergne et Rhône-Alpes
2020;38;Isère;Tous;Hommes;288.336284999195;84;Auvergne et Rhône-Alpes
2020;38;Isère;25-44 ans;Femmes;706.9189263028479;84;Auvergne et Rhône-Alpes
2020;38;Isère;65 ans et plus;Femmes;224.71262712108603;84;Auvergne et Rhône-Alpes
2020;38;Isère;Tous;Femmes;576.351111864511;84;Auvergne et Rhône-Alpes
2020;38;Isère;18-24 ans;Hommes et Femmes;935.4464630846539;84;Auvergne et Rhône-Alpes
2020;38;Isère;45-64 ans;Hommes et Femmes;580.749517666089;84;Auvergne et Rhône-Alpes
2020;38;Isère;65 ans et plus;Hommes et Femmes;171.897177101404;84;Auvergne et Rhône-Alpes
2021;38;Isère;45-64 ans;Hommes;382.306583051075;84;Auvergne et Rhône-Alpes
2021;38;Isère;65 ans et plus;Hommes;106.312292358804;84;Auvergne et Rhône-Alpes
2021;38;Isère;Tous;Hommes;245.93979192613;84;Auvergne et Rhône-Alpes
2021;38;Isère;00-17 ans;Femmes;471.919486885331;84;Auvergne et Rhône-Alpes
2021;38;Isère;Tous;Femmes;542.2839485303559;84;Auvergne et Rhône-Alpes
2021;38;Isère;18-24 ans;Hommes et Femmes;810.0781374581411;84;Auvergne et Rhône-Alpes
2021;38;Isère;Tous;Hommes et Femmes;388.756370651338;84;Auvergne et Rhône-Alpes
2022;38;Isère;25-44 ans;Hommes;263.028111129377;84;Auvergne et Rhône-Alpes
2022;38;Isère;65 ans et plus;Hommes;84.5941109484301;84;Auvergne et Rhône-Alpes
2022;38;Isère;00-17 ans;Femmes;474.05539208817896;84;Auvergne et Rhône-Alpes
2022;38;Isère;18-24 ans;Femmes;1026.85624012638;84;Auvergne et Rhône-Alpes
2022;38;Isère;25-44 ans;Femmes;513.910478063636;84;Auvergne et Rhône-Alpes
2022;38;Isère;00-17 ans;Hommes et Femmes;265.550313974195;84;Auvergne et Rhône-Alpes
2022;38;Isère;18-24 ans;Hommes et Femmes;655.665009027272;84;Auvergne et Rhône-Alpes
2022;38;Isère;65 ans et plus;Hommes et Femmes;140.388607613842;84;Auvergne et Rhône-Alpes
2023;38;Isère;18-24 ans;Hommes;377.786173026067;84;Auvergne et Rhône-Alpes
2023;38;Isère;45-64 ans;Hommes;310.120257744392;84;Auvergne et Rhône-Alpes
2023;38;Isère;65 ans et plus;Femmes;148.873971416197;84;Auvergne et Rhône-Alpes
2023;38;Isère;65 ans et plus;Hommes et Femmes;123.11252187843;84;Auvergne et Rhône-Alpes
2024;38;Isère;45-64 ans;Hommes;231.22959738846598;84;Auvergne et Rhône-Alpes
2024;38;Isère;00-17 ans;Femmes;553.131631023055;84;Auvergne et Rhône-Alpes
2024;38;Isère;25-44 ans;Femmes;412.00706297822205;84;Auvergne et Rhône-Alpes
2024;38;Isère;45-64 ans;Femmes;472.795211042056;84;Auvergne et Rhône-Alpes
2024;38;Isère;18-24 ans;Hommes et Femmes;772.9088884522171;84;Auvergne et Rhône-Alpes
2024;38;Isère;65 ans et plus;Hommes et Femmes;125.14564363699101;84;Auvergne et Rhône-Alpes
2020;39;Jura;00-17 ans;Hommes;175.746924428822;27;Bourgogne et Franche-Comté
2020;39;Jura;18-24 ans;Hommes;249.60998439937597;27;Bourgogne et Franche-Comté
2020;39;Jura;65 ans et plus;Hommes;316.648398489831;27;Bourgogne et Franche-Comté
2020;39;Jura;Tous;Hommes;396.229813291709;27;Bourgogne et Franche-Comté
2020;39;Jura;18-24 ans;Femmes;562.913907284768;27;Bourgogne et Franche-Comté
2020;39;Jura;Tous;Femmes;530.291351934638;27;Bourgogne et Franche-Comté
2020;39;Jura;65 ans et plus;Hommes et Femmes;268.40490797546;27;Bourgogne et Franche-Comté
2020;39;Jura;Tous;Hommes et Femmes;462.28710462287097;27;Bourgogne et Franche-Comté
2021;39;Jura;25-44 ans;Hommes;518.8727235731;27;Bourgogne et Franche-Comté
2021;39;Jura;Tous;Hommes;359.24769306628497;27;Bourgogne et Franche-Comté
2021;39;Jura;00-17 ans;Femmes;666.283744974153;27;Bourgogne et Franche-Comté
2021;39;Jura;18-24 ans;Femmes;856.20750440695;27;Bourgogne et Franche-Comté
2021;39;Jura;18-24 ans;Hommes et Femmes;856.5834557023979;27;Bourgogne et Franche-Comté
2021;39;Jura;25-44 ans;Hommes et Femmes;589.0694883822409;27;Bourgogne et Franche-Comté
2021;39;Jura;45-64 ans;Hommes et Femmes;619.772549491546;27;Bourgogne et Franche-Comté
2021;39;Jura;65 ans et plus;Hommes et Femmes;220.436280137773;27;Bourgogne et Franche-Comté
2021;39;Jura;Tous;Hommes et Femmes;484.218077474892;27;Bourgogne et Franche-Comté
2022;39;Jura;00-17 ans;Hommes;137.209501757997;27;Bourgogne et Franche-Comté
2022;39;Jura;18-24 ans;Hommes;573.476702508961;27;Bourgogne et Franche-Comté
2022;39;Jura;Tous;Femmes;628.566127012107;27;Bourgogne et Franche-Comté
2022;39;Jura;00-17 ans;Hommes et Femmes;381.153563556209;27;Bourgogne et Franche-Comté
2022;39;Jura;18-24 ans;Hommes et Femmes;781.25;27;Bourgogne et Franche-Comté
2022;39;Jura;Tous;Hommes et Femmes;468.20088425348604;27;Bourgogne et Franche-Comté
2023;39;Jura;00-17 ans;Hommes;67.07550785741661;27;Bourgogne et Franche-Comté
2023;39;Jura;45-64 ans;Hommes;444.39246871710895;27;Bourgogne et Franche-Comté
2023;39;Jura;18-24 ans;Femmes;915.4550350026931;27;Bourgogne et Franche-Comté
2023;39;Jura;45-64 ans;Femmes;799.086757990868;27;Bourgogne et Franche-Comté
2023;39;Jura;Tous;Femmes;576.662143826323;27;Bourgogne et Franche-Comté
2023;39;Jura;00-17 ans;Hommes et Femmes;312.728030855832;27;Bourgogne et Franche-Comté
2024;39;Jura;00-17 ans;Hommes;154.70297029703;27;Bourgogne et Franche-Comté
2024;39;Jura;00-17 ans;Femmes;598.664517614552;27;Bourgogne et Franche-Comté
2024;39;Jura;Tous;Femmes;567.595459236326;27;Bourgogne et Franche-Comté
2024;39;Jura;00-17 ans;Hommes et Femmes;364.486998150364;27;Bourgogne et Franche-Comté
2024;39;Jura;18-24 ans;Hommes et Femmes;675.586170353689;27;Bourgogne et Franche-Comté
2024;39;Jura;25-44 ans;Hommes et Femmes;572.757173641828;27;Bourgogne et Franche-Comté
2024;39;Jura;45-64 ans;Hommes et Femmes;637.802036060346;27;Bourgogne et Franche-Comté
2024;39;Jura;65 ans et plus;Hommes et Femmes;143.609382479655;27;Bourgogne et Franche-Comté
2020;40;Landes;Tous;Hommes;630.085895117541;75;Nouvelle Aquitaine
2020;40;Landes;00-17 ans;Femmes;683.148991541965;75;Nouvelle Aquitaine
2020;40;Landes;65 ans et plus;Femmes;403.544170541276;75;Nouvelle Aquitaine
2020;40;Landes;Tous;Femmes;933.786078098472;75;Nouvelle Aquitaine
2020;40;Landes;65 ans et plus;Hommes et Femmes;370.892018779343;75;Nouvelle Aquitaine
2021;40;Landes;65 ans et plus;Hommes;241.092954728101;75;Nouvelle Aquitaine
2021;40;Landes;18-24 ans;Femmes;1101.51830902054;75;Nouvelle Aquitaine
2021;40;Landes;25-44 ans;Femmes;1305.86186883343;75;Nouvelle Aquitaine
2021;40;Landes;65 ans et plus;Femmes;410.334346504559;75;Nouvelle Aquitaine
2021;40;Landes;00-17 ans;Hommes et Femmes;407.01145058880996;75;Nouvelle Aquitaine
2021;40;Landes;25-44 ans;Hommes et Femmes;1054.06104500776;75;Nouvelle Aquitaine
2022;40;Landes;45-64 ans;Hommes;544.990723562152;75;Nouvelle Aquitaine
2022;40;Landes;Tous;Hommes;428.680230660429;75;Nouvelle Aquitaine
2022;40;Landes;00-17 ans;Femmes;691.636518408172;75;Nouvelle Aquitaine
2022;40;Landes;18-24 ans;Femmes;1239.4366197183099;75;Nouvelle Aquitaine
2022;40;Landes;25-44 ans;Femmes;1243.91563007031;75;Nouvelle Aquitaine
2022;40;Landes;18-24 ans;Hommes et Femmes;854.7008547008551;75;Nouvelle Aquitaine
2022;40;Landes;25-44 ans;Hommes et Femmes;1000.0;75;Nouvelle Aquitaine
2022;40;Landes;45-64 ans;Hommes et Femmes;812.332096712294;75;Nouvelle Aquitaine
2023;40;Landes;00-17 ans;Hommes;200.41992746707402;75;Nouvelle Aquitaine
2023;40;Landes;18-24 ans;Hommes;839.091806515301;75;Nouvelle Aquitaine
2023;40;Landes;45-64 ans;Hommes;721.942682126449;75;Nouvelle Aquitaine
2023;40;Landes;00-17 ans;Femmes;1037.07235665753;75;Nouvelle Aquitaine
2023;40;Landes;45-64 ans;Femmes;1078.35107835108;75;Nouvelle Aquitaine
2023;40;Landes;00-17 ans;Hommes et Femmes;572.4280489744;75;Nouvelle Aquitaine
2024;40;Landes;00-17 ans;Hommes;252.47620897261598;75;Nouvelle Aquitaine
2024;40;Landes;18-24 ans;Femmes;1538.46153846154;75;Nouvelle Aquitaine
2024;40;Landes;Tous;Femmes;965.8333528214961;75;Nouvelle Aquitaine
2024;40;Landes;00-17 ans;Hommes et Femmes;758.293838862559;75;Nouvelle Aquitaine
2024;40;Landes;25-44 ans;Hommes et Femmes;927.937980853938;75;Nouvelle Aquitaine
2024;40;Landes;45-64 ans;Hommes et Femmes;965.775336512344;75;Nouvelle Aquitaine
2024;40;Landes;65 ans et plus;Hommes et Femmes;250.47625767303998;75;Nouvelle Aquitaine
2020;41;Loir-et-Cher;25-44 ans;Hommes;641.482537419815;24;Centre-Val de Loire
2020;41;Loir-et-Cher;65 ans et plus;Hommes;204.43626699376497;24;Centre-Val de Loire
2020;41;Loir-et-Cher;00-17 ans;Hommes et Femmes;536.4744299959181;24;Centre-Val de Loire
2021;41;Loir-et-Cher;18-24 ans;Hommes;474.64401698726004;24;Centre-Val de Loire
2021;41;Loir-et-Cher;25-44 ans;Hommes;581.459133296764;24;Centre-Val de Loire
2021;41;Loir-et-Cher;Tous;Femmes;906.7938696956099;24;Centre-Val de Loire
2021;41;Loir-et-Cher;65 ans et plus;Hommes et Femmes;309.757356737222;24;Centre-Val de Loire
2022;41;Loir-et-Cher;18-24 ans;Hommes;464.876033057851;24;Centre-Val de Loire
2022;41;Loir-et-Cher;25-44 ans;Hommes;590.726705305395;24;Centre-Val de Loire
2022;41;Loir-et-Cher;45-64 ans;Hommes;713.533746637034;24;Centre-Val de Loire
2022;41;Loir-et-Cher;00-17 ans;Femmes;1044.53441295547;24;Centre-Val de Loire
2022;41;Loir-et-Cher;18-24 ans;Femmes;1692.0943134535398;24;Centre-Val de Loire
2022;41;Loir-et-Cher;25-44 ans;Femmes;830.2931186312741;24;Centre-Val de Loire
2022;41;Loir-et-Cher;45-64 ans;Femmes;1052.48769819574;24;Centre-Val de Loire
2022;41;Loir-et-Cher;00-17 ans;Hommes et Femmes;600.0444477368691;24;Centre-Val de Loire
2022;41;Loir-et-Cher;18-24 ans;Hommes et Femmes;1056.2909479877;24;Centre-Val de Loire
2022;41;Loir-et-Cher;45-64 ans;Hommes et Femmes;869.400869400869;24;Centre-Val de Loire
2022;41;Loir-et-Cher;65 ans et plus;Hommes et Femmes;180.285941889229;24;Centre-Val de Loire
2022;41;Loir-et-Cher;Tous;Hommes et Femmes;593.553200359862;24;Centre-Val de Loire
2023;41;Loir-et-Cher;18-24 ans;Hommes;535.57765876052;24;Centre-Val de Loire
2023;41;Loir-et-Cher;00-17 ans;Femmes;1047.7196689558;24;Centre-Val de Loire
2023;41;Loir-et-Cher;25-44 ans;Femmes;778.436156616707;24;Centre-Val de Loire
2023;41;Loir-et-Cher;25-44 ans;Hommes et Femmes;707.260470770251;24;Centre-Val de Loire
2024;41;Loir-et-Cher;00-17 ans;Hommes;227.946204695692;24;Centre-Val de Loire
2024;41;Loir-et-Cher;18-24 ans;Hommes;676.223965377333;24;Centre-Val de Loire
2024;41;Loir-et-Cher;65 ans et plus;Hommes;181.723779854621;24;Centre-Val de Loire
2024;41;Loir-et-Cher;45-64 ans;Femmes;739.4460876579731;24;Centre-Val de Loire
2024;41;Loir-et-Cher;65 ans et plus;Femmes;303.14513073133804;24;Centre-Val de Loire
2024;41;Loir-et-Cher;00-17 ans;Hommes et Femmes;709.651257096513;24;Centre-Val de Loire
2024;41;Loir-et-Cher;25-44 ans;Hommes et Femmes;781.702374059062;24;Centre-Val de Loire
2020;42;Loire;00-17 ans;Hommes;123.087743977493;84;Auvergne et Rhône-Alpes
2020;42;Loire;18-24 ans;Hommes;431.756101859195;84;Auvergne et Rhône-Alpes
2020;42;Loire;25-44 ans;Hommes;590.0575306092339;84;Auvergne et Rhône-Alpes
2020;42;Loire;25-44 ans;Hommes et Femmes;614.4423589844911;84;Auvergne et Rhône-Alpes
2020;42;Loire;65 ans et plus;Hommes et Femmes;224.54679883892902;84;Auvergne et Rhône-Alpes
2021;42;Loire;00-17 ans;Hommes;132.62599469495999;84;Auvergne et Rhône-Alpes
2021;42;Loire;00-17 ans;Femmes;411.13978752775904;84;Auvergne et Rhône-Alpes
2021;42;Loire;18-24 ans;Hommes et Femmes;707.250121104473;84;Auvergne et Rhône-Alpes
2021;42;Loire;45-64 ans;Hommes et Femmes;651.036544589119;84;Auvergne et Rhône-Alpes
2021;42;Loire;Tous;Hommes et Femmes;434.13226966772294;84;Auvergne et Rhône-Alpes
2022;42;Loire;65 ans et plus;Hommes;143.163922691482;84;Auvergne et Rhône-Alpes
2022;42;Loire;18-24 ans;Femmes;953.64238410596;84;Auvergne et Rhône-Alpes
2022;42;Loire;25-44 ans;Femmes;512.020616459259;84;Auvergne et Rhône-Alpes
2022;42;Loire;45-64 ans;Femmes;684.327637600235;84;Auvergne et Rhône-Alpes
2022;42;Loire;65 ans et plus;Femmes;214.95381397780798;84;Auvergne et Rhône-Alpes
2022;42;Loire;00-17 ans;Hommes et Femmes;245.064358022995;84;Auvergne et Rhône-Alpes
2023;42;Loire;00-17 ans;Hommes;99.3026745520346;84;Auvergne et Rhône-Alpes
2023;42;Loire;25-44 ans;Hommes;348.61126985941297;84;Auvergne et Rhône-Alpes
2023;42;Loire;45-64 ans;Hommes;348.940715684529;84;Auvergne et Rhône-Alpes
2023;42;Loire;65 ans et plus;Hommes;120.757180156658;84;Auvergne et Rhône-Alpes
2023;42;Loire;45-64 ans;Hommes et Femmes;459.757066636395;84;Auvergne et Rhône-Alpes
2023;42;Loire;Tous;Hommes et Femmes;337.09940067486997;84;Auvergne et Rhône-Alpes
2024;42;Loire;00-17 ans;Hommes;141.101897277819;84;Auvergne et Rhône-Alpes
2024;42;Loire;Tous;Hommes;230.796469130182;84;Auvergne et Rhône-Alpes
2024;42;Loire;45-64 ans;Femmes;508.079611873018;84;Auvergne et Rhône-Alpes
2024;42;Loire;65 ans et plus;Femmes;215.75835064727502;84;Auvergne et Rhône-Alpes
2024;42;Loire;18-24 ans;Hommes et Femmes;633.472697326745;84;Auvergne et Rhône-Alpes
2024;42;Loire;45-64 ans;Hommes et Femmes;407.800775727698;84;Auvergne et Rhône-Alpes
2020;43;Haute-Loire;25-44 ans;Hommes;289.855072463768;84;Auvergne et Rhône-Alpes
2020;43;Haute-Loire;45-64 ans;Hommes;238.09523809523802;84;Auvergne et Rhône-Alpes
2020;43;Haute-Loire;65 ans et plus;Hommes;143.47202295552398;84;Auvergne et Rhône-Alpes
2020;43;Haute-Loire;Tous;Hommes;160.57808109193098;84;Auvergne et Rhône-Alpes
2020;43;Haute-Loire;00-17 ans;Femmes;589.970501474926;84;Auvergne et Rhône-Alpes
2020;43;Haute-Loire;25-44 ans;Femmes;348.027842227378;84;Auvergne et Rhône-Alpes
2020;43;Haute-Loire;00-17 ans;Hommes et Femmes;262.123197903014;84;Auvergne et Rhône-Alpes
2020;43;Haute-Loire;65 ans et plus;Hommes et Femmes;160.61676839062;84;Auvergne et Rhône-Alpes
2021;43;Haute-Loire;25-44 ans;Hommes;268.672756582483;84;Auvergne et Rhône-Alpes
2021;43;Haute-Loire;25-44 ans;Hommes et Femmes;502.51256281407007;84;Auvergne et Rhône-Alpes
2021;43;Haute-Loire;45-64 ans;Hommes et Femmes;374.25149700598797;84;Auvergne et Rhône-Alpes
2021;43;Haute-Loire;Tous;Hommes et Femmes;249.444173309473;84;Auvergne et Rhône-Alpes
2022;43;Haute-Loire;00-17 ans;Hommes;133.779264214047;84;Auvergne et Rhône-Alpes
2022;43;Haute-Loire;18-24 ans;Femmes;945.017182130584;84;Auvergne et Rhône-Alpes
2022;43;Haute-Loire;45-64 ans;Femmes;639.470782800441;84;Auvergne et Rhône-Alpes
2022;43;Haute-Loire;25-44 ans;Hommes et Femmes;478.518672630812;84;Auvergne et Rhône-Alpes
2022;43;Haute-Loire;45-64 ans;Hommes et Femmes;516.267290083772;84;Auvergne et Rhône-Alpes
2023;43;Haute-Loire;00-17 ans;Hommes;130.548302872063;84;Auvergne et Rhône-Alpes
2023;43;Haute-Loire;00-17 ans;Femmes;481.87241854061506;84;Auvergne et Rhône-Alpes
2023;43;Haute-Loire;65 ans et plus;Hommes et Femmes;150.120749298349;84;Auvergne et Rhône-Alpes
2023;43;Haute-Loire;Tous;Hommes et Femmes;439.123410248975;84;Auvergne et Rhône-Alpes
2024;43;Haute-Loire;18-24 ans;Hommes;451.6711833785;84;Auvergne et Rhône-Alpes
2024;43;Haute-Loire;65 ans et plus;Hommes;183.2220913493;84;Auvergne et Rhône-Alpes
2024;43;Haute-Loire;Tous;Hommes;285.328706381338;84;Auvergne et Rhône-Alpes
2024;43;Haute-Loire;25-44 ans;Femmes;631.726719700515;84;Auvergne et Rhône-Alpes
2024;43;Haute-Loire;65 ans et plus;Femmes;372.830012816032;84;Auvergne et Rhône-Alpes
2024;43;Haute-Loire;00-17 ans;Hommes et Femmes;462.052693668895;84;Auvergne et Rhône-Alpes
2024;43;Haute-Loire;18-24 ans;Hommes et Femmes;852.878464818763;84;Auvergne et Rhône-Alpes
2024;43;Haute-Loire;45-64 ans;Hommes et Femmes;508.668120004152;84;Auvergne et Rhône-Alpes
2020;44;Loire-Atlantique;18-24 ans;Femmes;1400.43763676149;52;Pays de la Loire
2020;44;Loire-Atlantique;45-64 ans;Femmes;1189.99596611537;52;Pays de la Loire
2020;44;Loire-Atlantique;65 ans et plus;Femmes;328.545554104713;52;Pays de la Loire
2020;44;Loire-Atlantique;Tous;Femmes;782.706871836507;52;Pays de la Loire
2020;44;Loire-Atlantique;18-24 ans;Hommes et Femmes;985.8287122612451;52;Pays de la Loire
2020;44;Loire-Atlantique;45-64 ans;Hommes et Femmes;805.0270755509221;52;Pays de la Loire
2021;44;Loire-Atlantique;18-24 ans;Hommes;745.252023399311;52;Pays de la Loire
2021;44;Loire-Atlantique;45-64 ans;Femmes;1130.31192261711;52;Pays de la Loire
2021;44;Loire-Atlantique;Tous;Femmes;900.2294702571239;52;Pays de la Loire
2021;44;Loire-Atlantique;25-44 ans;Hommes et Femmes;838.143758088703;52;Pays de la Loire
2021;44;Loire-Atlantique;45-64 ans;Hommes et Femmes;772.372992769274;52;Pays de la Loire
2022;44;Loire-Atlantique;00-17 ans;Hommes;168.44131624857098;52;Pays de la Loire
2022;44;Loire-Atlantique;45-64 ans;Hommes;590.928006658344;52;Pays de la Loire
2022;44;Loire-Atlantique;65 ans et plus;Hommes;125.628140703518;52;Pays de la Loire
2022;44;Loire-Atlantique;00-17 ans;Femmes;967.0595346025991;52;Pays de la Loire
2022;44;Loire-Atlantique;65 ans et plus;Femmes;312.105717511123;52;Pays de la Loire
2022;44;Loire-Atlantique;00-17 ans;Hommes et Femmes;522.376814506002;52;Pays de la Loire
2022;44;Loire-Atlantique;18-24 ans;Hommes et Femmes;1144.35110577747;52;Pays de la Loire
2022;44;Loire-Atlantique;65 ans et plus;Hommes et Femmes;230.14959723820502;52;Pays de la Loire
2022;44;Loire-Atlantique;Tous;Hommes et Femmes;657.994678750157;52;Pays de la Loire
2023;44;Loire-Atlantique;18-24 ans;Hommes;700.873929220386;52;Pays de la Loire
2023;44;Loire-Atlantique;65 ans et plus;Hommes;179.897420194442;52;Pays de la Loire
2023;44;Loire-Atlantique;Tous;Femmes;946.845771910242;52;Pays de la Loire
2023;44;Loire-Atlantique;00-17 ans;Hommes et Femmes;573.569627446106;52;Pays de la Loire
2023;44;Loire-Atlantique;18-24 ans;Hommes et Femmes;1306.5233506301001;52;Pays de la Loire
2023;44;Loire-Atlantique;65 ans et plus;Hommes et Femmes;256.08194622279103;52;Pays de la Loire
2024;44;Loire-Atlantique;00-17 ans;Hommes;230.490615739216;52;Pays de la Loire
2024;44;Loire-Atlantique;Tous;Hommes;449.082697558113;52;Pays de la Loire
2024;44;Loire-Atlantique;00-17 ans;Femmes;1205.4925754430799;52;Pays de la Loire
2024;44;Loire-Atlantique;18-24 ans;Femmes;1859.1492371425702;52;Pays de la Loire
2024;44;Loire-Atlantique;65 ans et plus;Femmes;359.490883181656;52;Pays de la Loire
2024;44;Loire-Atlantique;25-44 ans;Hommes et Femmes;917.818335267433;52;Pays de la Loire
2020;45;Loiret;65 ans et plus;Femmes;280.479799486782;24;Centre-Val de Loire
2020;45;Loiret;Tous;Femmes;545.3891953555969;24;Centre-Val de Loire
2020;45;Loiret;18-24 ans;Hommes et Femmes;881.674357284113;24;Centre-Val de Loire
2020;45;Loiret;45-64 ans;Hommes et Femmes;532.195815559618;24;Centre-Val de Loire
2021;45;Loiret;18-24 ans;Hommes;251.64113785558;24;Centre-Val de Loire
2021;45;Loiret;45-64 ans;Hommes;321.85914570945397;24;Centre-Val de Loire
2021;45;Loiret;Tous;Hommes;209.16373968980602;24;Centre-Val de Loire
2021;45;Loiret;25-44 ans;Femmes;416.70441163148803;24;Centre-Val de Loire
2021;45;Loiret;45-64 ans;Femmes;707.152161776565;24;Centre-Val de Loire
2021;45;Loiret;45-64 ans;Hommes et Femmes;502.147915941019;24;Centre-Val de Loire
2021;45;Loiret;65 ans et plus;Hommes et Femmes;149.27638902945;24;Centre-Val de Loire
2022;45;Loiret;00-17 ans;Hommes;79.1746641074856;24;Centre-Val de Loire
2022;45;Loiret;65 ans et plus;Hommes;190.397776977307;24;Centre-Val de Loire
2022;45;Loiret;65 ans et plus;Femmes;237.22033582957297;24;Centre-Val de Loire
2022;45;Loiret;Tous;Femmes;540.301916488326;24;Centre-Val de Loire
2022;45;Loiret;00-17 ans;Hommes et Femmes;218.863721719311;24;Centre-Val de Loire
2022;45;Loiret;18-24 ans;Hommes et Femmes;820.3356899994599;24;Centre-Val de Loire
2022;45;Loiret;65 ans et plus;Hommes et Femmes;214.980212048664;24;Centre-Val de Loire
2022;45;Loiret;Tous;Hommes et Femmes;389.340635798847;24;Centre-Val de Loire
2023;45;Loiret;65 ans et plus;Hommes;142.90818149339;24;Centre-Val de Loire
2023;45;Loiret;00-17 ans;Femmes;407.673103055968;24;Centre-Val de Loire
2023;45;Loiret;18-24 ans;Femmes;1640.9266409266402;24;Centre-Val de Loire
2023;45;Loiret;25-44 ans;Femmes;794.212869283691;24;Centre-Val de Loire
2023;45;Loiret;45-64 ans;Femmes;917.310103609846;24;Centre-Val de Loire
2023;45;Loiret;65 ans et plus;Femmes;234.62061845995;24;Centre-Val de Loire
2023;45;Loiret;Tous;Femmes;635.37951187047;24;Centre-Val de Loire
2024;45;Loiret;65 ans et plus;Hommes;88.4303610906411;24;Centre-Val de Loire
2024;45;Loiret;Tous;Hommes;229.885057471264;24;Centre-Val de Loire
2024;45;Loiret;00-17 ans;Hommes et Femmes;267.887191222993;24;Centre-Val de Loire
2024;45;Loiret;45-64 ans;Hommes et Femmes;522.767101315829;24;Centre-Val de Loire
2020;46;Lot;65 ans et plus;Hommes;210.557978643405;76;Occitanie
2020;46;Lot;Tous;Hommes;387.771665614573;76;Occitanie
2020;46;Lot;45-64 ans;Femmes;704.556129638328;76;Occitanie
2020;46;Lot;65 ans et plus;Femmes;216.860937923557;76;Occitanie
2020;46;Lot;00-17 ans;Hommes et Femmes;255.995688493667;76;Occitanie
2020;46;Lot;18-24 ans;Hommes et Femmes;584.469802393543;76;Occitanie
2020;46;Lot;Tous;Hommes et Femmes;416.804031460462;76;Occitanie
2021;46;Lot;00-17 ans;Hommes;117.16461628588199;76;Occitanie
2021;46;Lot;45-64 ans;Hommes;296.632350375153;76;Occitanie
2021;46;Lot;65 ans et plus;Hommes;130.344108446298;76;Occitanie
2021;46;Lot;65 ans et plus;Femmes;156.494522691706;76;Occitanie
2021;46;Lot;Tous;Femmes;533.905074200193;76;Occitanie
2021;46;Lot;45-64 ans;Hommes et Femmes;540.8429690414021;76;Occitanie
2021;46;Lot;65 ans et plus;Hommes et Femmes;143.93891983228;76;Occitanie
2022;46;Lot;00-17 ans;Hommes;127.08498808578199;76;Occitanie
2022;46;Lot;45-64 ans;Femmes;631.266245822503;76;Occitanie
2022;46;Lot;65 ans et plus;Femmes;166.20498614958402;76;Occitanie
2022;46;Lot;Tous;Femmes;496.37978651937004;76;Occitanie
2022;46;Lot;18-24 ans;Hommes et Femmes;571.7665615141959;76;Occitanie
2022;46;Lot;65 ans et plus;Hommes et Femmes;147.258722247395;76;Occitanie
2022;46;Lot;Tous;Hommes et Femmes;367.920189620405;76;Occitanie
2023;46;Lot;00-17 ans;Hommes;102.88065843621399;76;Occitanie
2023;46;Lot;18-24 ans;Hommes;329.489291598023;76;Occitanie
2023;46;Lot;00-17 ans;Femmes;797.9840403191939;76;Occitanie
2023;46;Lot;45-64 ans;Femmes;634.859561369758;76;Occitanie
2023;46;Lot;Tous;Femmes;562.1486570893189;76;Occitanie
2023;46;Lot;25-44 ans;Hommes et Femmes;496.20822020410105;76;Occitanie
2023;46;Lot;45-64 ans;Hommes et Femmes;542.2013374299661;76;Occitanie
2023;46;Lot;65 ans et plus;Hommes et Femmes;161.933954080157;76;Occitanie
2024;46;Lot;25-44 ans;Hommes;418.881907523763;76;Occitanie
2024;46;Lot;45-64 ans;Hommes;239.769820971867;76;Occitanie
2024;46;Lot;65 ans et plus;Hommes;87.269553834406;76;Occitanie
2024;46;Lot;00-17 ans;Femmes;799.180327868852;76;Occitanie
2024;46;Lot;45-64 ans;Femmes;711.1882046834351;76;Occitanie
2024;46;Lot;00-17 ans;Hommes et Femmes;480.406932931424;76;Occitanie
2024;46;Lot;25-44 ans;Hommes et Femmes;469.60836434520604;76;Occitanie
2024;46;Lot;45-64 ans;Hommes et Femmes;465.61902386297504;76;Occitanie
2020;47;Lot-et-Garonne;25-44 ans;Femmes;1013.97304315568;75;Nouvelle Aquitaine
2020;47;Lot-et-Garonne;00-17 ans;Hommes et Femmes;376.375217139548;75;Nouvelle Aquitaine
2020;47;Lot-et-Garonne;25-44 ans;Hommes et Femmes;930.204645021905;75;Nouvelle Aquitaine
2021;47;Lot-et-Garonne;45-64 ans;Hommes;685.900925421884;75;Nouvelle Aquitaine
2021;47;Lot-et-Garonne;65 ans et plus;Hommes;189.066995478833;75;Nouvelle Aquitaine
2021;47;Lot-et-Garonne;18-24 ans;Femmes;1337.3299515794301;75;Nouvelle Aquitaine
2021;47;Lot-et-Garonne;00-17 ans;Hommes et Femmes;550.729574745926;75;Nouvelle Aquitaine
2021;47;Lot-et-Garonne;25-44 ans;Hommes et Femmes;727.057302886687;75;Nouvelle Aquitaine
2021;47;Lot-et-Garonne;65 ans et plus;Hommes et Femmes;285.284095411681;75;Nouvelle Aquitaine
2021;47;Lot-et-Garonne;Tous;Hommes et Femmes;607.6990618790151;75;Nouvelle Aquitaine
2022;47;Lot-et-Garonne;18-24 ans;Hommes;509.21435499515;75;Nouvelle Aquitaine
2022;47;Lot-et-Garonne;25-44 ans;Hommes;522.755227552276;75;Nouvelle Aquitaine
2022;47;Lot-et-Garonne;Tous;Hommes;299.38820670803096;75;Nouvelle Aquitaine
2022;47;Lot-et-Garonne;18-24 ans;Femmes;1037.54940711462;75;Nouvelle Aquitaine
2022;47;Lot-et-Garonne;00-17 ans;Hommes et Femmes;561.946668080369;75;Nouvelle Aquitaine
2022;47;Lot-et-Garonne;25-44 ans;Hommes et Femmes;528.084493518963;75;Nouvelle Aquitaine
2022;47;Lot-et-Garonne;45-64 ans;Hommes et Femmes;519.062108466082;75;Nouvelle Aquitaine
2022;47;Lot-et-Garonne;Tous;Hommes et Femmes;460.124424844469;75;Nouvelle Aquitaine
2023;47;Lot-et-Garonne;45-64 ans;Hommes;542.32492336713;75;Nouvelle Aquitaine
2023;47;Lot-et-Garonne;00-17 ans;Femmes;1062.63982102908;75;Nouvelle Aquitaine
2023;47;Lot-et-Garonne;18-24 ans;Hommes et Femmes;791.55672823219;75;Nouvelle Aquitaine
2023;47;Lot-et-Garonne;65 ans et plus;Hommes et Femmes;154.86468697975099;75;Nouvelle Aquitaine
2023;47;Lot-et-Garonne;Tous;Hommes et Femmes;504.252733900365;75;Nouvelle Aquitaine
2024;47;Lot-et-Garonne;18-24 ans;Hommes;696.055684454756;75;Nouvelle Aquitaine
2024;47;Lot-et-Garonne;18-24 ans;Femmes;1520.46783625731;75;Nouvelle Aquitaine
2024;47;Lot-et-Garonne;45-64 ans;Hommes et Femmes;629.951941810625;75;Nouvelle Aquitaine
2020;48;Lozère;18-24 ans;Hommes;840.336134453782;76;Occitanie
2020;48;Lozère;25-44 ans;Hommes;271.739130434783;76;Occitanie
2020;48;Lozère;00-17 ans;Femmes;487.21071863581005;76;Occitanie
2020;48;Lozère;18-24 ans;Femmes;1084.0108401084;76;Occitanie
2020;48;Lozère;25-44 ans;Femmes;677.200902934537;76;Occitanie
2020;48;Lozère;Tous;Femmes;573.8247627455311;76;Occitanie
2020;48;Lozère;00-17 ans;Hommes et Femmes;219.178082191781;76;Occitanie
2020;48;Lozère;45-64 ans;Hommes et Femmes;640.146319158665;76;Occitanie
2021;48;Lozère;18-24 ans;Hommes;614.754098360656;76;Occitanie
2021;48;Lozère;25-44 ans;Femmes;550.1222493887531;76;Occitanie
2021;48;Lozère;45-64 ans;Femmes;989.4867037724181;76;Occitanie
2021;48;Lozère;25-44 ans;Hommes et Femmes;500.27793218454696;76;Occitanie
2021;48;Lozère;45-64 ans;Hommes et Femmes;662.083015024191;76;Occitanie
2021;48;Lozère;65 ans et plus;Hommes et Femmes;77.4143603638475;76;Occitanie
2022;48;Lozère;25-44 ans;Hommes;439.88269794721407;76;Occitanie
2022;48;Lozère;65 ans et plus;Hommes;147.92899408284;76;Occitanie
2022;48;Lozère;18-24 ans;Femmes;595.238095238095;76;Occitanie
2022;48;Lozère;65 ans et plus;Femmes;73.2064421669107;76;Occitanie
2022;48;Lozère;Tous;Femmes;452.08953578123305;76;Occitanie
2022;48;Lozère;18-24 ans;Hommes et Femmes;404.157043879908;76;Occitanie
2022;48;Lozère;65 ans et plus;Hommes et Femmes;110.37527593819001;76;Occitanie
2023;48;Lozère;00-17 ans;Hommes;233.281493001555;76;Occitanie
2023;48;Lozère;65 ans et plus;Hommes;136.472193790515;76;Occitanie
2023;48;Lozère;Tous;Hommes;163.058248029713;76;Occitanie
2023;48;Lozère;00-17 ans;Femmes;371.747211895911;76;Occitanie
2023;48;Lozère;18-24 ans;Femmes;1051.4018691588801;76;Occitanie
2023;48;Lozère;45-64 ans;Femmes;669.068450849202;76;Occitanie
2023;48;Lozère;Tous;Femmes;394.218134034166;76;Occitanie
2023;48;Lozère;Tous;Hommes et Femmes;272.310338238104;76;Occitanie
2024;48;Lozère;18-24 ans;Hommes;476.644423260248;76;Occitanie
2024;48;Lozère;25-44 ans;Hommes;264.31718061674;76;Occitanie
2024;48;Lozère;Tous;Hommes;202.64317180616703;76;Occitanie
2024;48;Lozère;65 ans et plus;Femmes;94.0144155437167;76;Occitanie
2024;48;Lozère;Tous;Femmes;482.90881545308196;76;Occitanie
2024;48;Lozère;18-24 ans;Hommes et Femmes;992.0634920634919;76;Occitanie
2020;49;Maine-et-Loire;25-44 ans;Hommes;806.7970869627301;52;Pays de la Loire
2020;49;Maine-et-Loire;25-44 ans;Femmes;1064.97151820358;52;Pays de la Loire
2020;49;Maine-et-Loire;00-17 ans;Hommes et Femmes;250.81365142874202;52;Pays de la Loire
2020;49;Maine-et-Loire;45-64 ans;Hommes et Femmes;780.017528483786;52;Pays de la Loire
2021;49;Maine-et-Loire;00-17 ans;Hommes;168.608975948425;52;Pays de la Loire
2021;49;Maine-et-Loire;65 ans et plus;Hommes;207.948243992606;52;Pays de la Loire
2021;49;Maine-et-Loire;18-24 ans;Femmes;1867.57215619694;52;Pays de la Loire
2021;49;Maine-et-Loire;25-44 ans;Femmes;1053.89942788317;52;Pays de la Loire
2021;49;Maine-et-Loire;00-17 ans;Hommes et Femmes;356.35592067680403;52;Pays de la Loire
2022;49;Maine-et-Loire;00-17 ans;Hommes;89.8876404494382;52;Pays de la Loire
2022;49;Maine-et-Loire;45-64 ans;Hommes;609.756097560976;52;Pays de la Loire
2022;49;Maine-et-Loire;Tous;Hommes;379.310344827586;52;Pays de la Loire
2022;49;Maine-et-Loire;00-17 ans;Femmes;515.106488360575;52;Pays de la Loire
2022;49;Maine-et-Loire;25-44 ans;Femmes;834.893882646692;52;Pays de la Loire
2022;49;Maine-et-Loire;45-64 ans;Femmes;977.615349474646;52;Pays de la Loire
2022;49;Maine-et-Loire;65 ans et plus;Femmes;278.30346209506797;52;Pays de la Loire
2022;49;Maine-et-Loire;65 ans et plus;Hommes et Femmes;223.11468094600602;52;Pays de la Loire
2023;49;Maine-et-Loire;00-17 ans;Hommes;73.1812311665949;52;Pays de la Loire
2023;49;Maine-et-Loire;25-44 ans;Hommes;744.010088272383;52;Pays de la Loire
2023;49;Maine-et-Loire;Tous;Hommes;356.803044719315;52;Pays de la Loire
2023;49;Maine-et-Loire;18-24 ans;Femmes;1991.1504424778802;52;Pays de la Loire
2023;49;Maine-et-Loire;65 ans et plus;Femmes;218.05244735181;52;Pays de la Loire
2023;49;Maine-et-Loire;25-44 ans;Hommes et Femmes;790.623482904501;52;Pays de la Loire
2023;49;Maine-et-Loire;Tous;Hommes et Femmes;531.9185872908961;52;Pays de la Loire
2024;49;Maine-et-Loire;00-17 ans;Hommes;111.786487808286;52;Pays de la Loire
2024;49;Maine-et-Loire;18-24 ans;Hommes;599.880023995201;52;Pays de la Loire
2024;49;Maine-et-Loire;65 ans et plus;Hommes;161.20032240064498;52;Pays de la Loire
2024;49;Maine-et-Loire;18-24 ans;Hommes et Femmes;1099.5052226498099;52;Pays de la Loire
2024;49;Maine-et-Loire;25-44 ans;Hommes et Femmes;674.88164389081;52;Pays de la Loire
2020;50;Manche;45-64 ans;Hommes;575.039045861139;28;Normandie
2020;50;Manche;65 ans et plus;Hommes;113.17607815105998;28;Normandie
2020;50;Manche;Tous;Hommes;428.127021283149;28;Normandie
2020;50;Manche;25-44 ans;Femmes;1073.29336685361;28;Normandie
2020;50;Manche;65 ans et plus;Femmes;257.549742450258;28;Normandie
2020;50;Manche;00-17 ans;Hommes et Femmes;235.985918217339;28;Normandie
2020;50;Manche;25-44 ans;Hommes et Femmes;948.3071708163511;28;Normandie
2021;50;Manche;25-44 ans;Hommes;450.650587115202;28;Normandie
2021;50;Manche;00-17 ans;Femmes;551.165416030281;28;Normandie
2021;50;Manche;18-24 ans;Femmes;835.0730688935281;28;Normandie
2021;50;Manche;25-44 ans;Femmes;978.240994697385;28;Normandie
2022;50;Manche;65 ans et plus;Hommes;143.195733754691;28;Normandie
2022;50;Manche;25-44 ans;Femmes;1121.16933809484;28;Normandie
2022;50;Manche;45-64 ans;Hommes et Femmes;704.790481839433;28;Normandie
2023;50;Manche;00-17 ans;Hommes;85.6615709014233;28;Normandie
2023;50;Manche;25-44 ans;Hommes;695.256260382699;28;Normandie
2023;50;Manche;Tous;Hommes;395.890410958904;28;Normandie
2023;50;Manche;18-24 ans;Femmes;1573.39531557304;28;Normandie
2023;50;Manche;65 ans et plus;Femmes;231.11808826094503;28;Normandie
2023;50;Manche;Tous;Hommes et Femmes;583.881100575883;28;Normandie
2024;50;Manche;18-24 ans;Hommes;876.7657087189481;28;Normandie
2024;50;Manche;00-17 ans;Femmes;764.273939757231;28;Normandie
2024;50;Manche;25-44 ans;Femmes;1378.42308399191;28;Normandie
2024;50;Manche;Tous;Femmes;795.846146713851;28;Normandie
2024;50;Manche;Tous;Hommes et Femmes;590.688744547347;28;Normandie
2020;51;Marne;25-44 ans;Hommes;467.256128243836;44;Grand Est
2020;51;Marne;45-64 ans;Hommes;503.733021498606;44;Grand Est
2020;51;Marne;00-17 ans;Femmes;563.453536754508;44;Grand Est
2020;51;Marne;18-24 ans;Femmes;1108.03324099723;44;Grand Est
2020;51;Marne;45-64 ans;Femmes;901.296988349088;44;Grand Est
2020;51;Marne;18-24 ans;Hommes et Femmes;784.10407199501;44;Grand Est
2020;51;Marne;45-64 ans;Hommes et Femmes;682.5938566552901;44;Grand Est
2020;51;Marne;65 ans et plus;Hommes et Femmes;203.622788783778;44;Grand Est
2021;51;Marne;00-17 ans;Femmes;607.7636910207821;44;Grand Est
2021;51;Marne;18-24 ans;Femmes;874.26073540756;44;Grand Est
2021;51;Marne;65 ans et plus;Femmes;232.444335698556;44;Grand Est
2021;51;Marne;00-17 ans;Hommes et Femmes;337.797795424914;44;Grand Est
2021;51;Marne;18-24 ans;Hommes et Femmes;707.371556217424;44;Grand Est
2021;51;Marne;65 ans et plus;Hommes et Femmes;184.20967585560498;44;Grand Est
2022;51;Marne;00-17 ans;Hommes;129.62631861255102;44;Grand Est
2022;51;Marne;45-64 ans;Femmes;892.993436116623;44;Grand Est
2022;51;Marne;65 ans et plus;Femmes;205.047318611987;44;Grand Est
2022;51;Marne;Tous;Femmes;699.005007994292;44;Grand Est
2022;51;Marne;18-24 ans;Hommes et Femmes;1048.85299231589;44;Grand Est
2022;51;Marne;65 ans et plus;Hommes et Femmes;152.693340873745;44;Grand Est
2022;51;Marne;Tous;Hommes et Femmes;509.31755225383995;44;Grand Est
2023;51;Marne;00-17 ans;Hommes;121.421566338206;44;Grand Est
2023;51;Marne;18-24 ans;Femmes;1868.39012925969;44;Grand Est
2023;51;Marne;Tous;Femmes;766.8443883375189;44;Grand Est
2023;51;Marne;00-17 ans;Hommes et Femmes;376.4274995549;44;Grand Est
2024;51;Marne;00-17 ans;Hommes;127.70829663554699;44;Grand Est
2024;51;Marne;25-44 ans;Hommes;595.321801903155;44;Grand Est
2024;51;Marne;25-44 ans;Femmes;987.906659853517;44;Grand Est
2024;51;Marne;18-24 ans;Hommes et Femmes;1184.7422908708402;44;Grand Est
2024;51;Marne;45-64 ans;Hommes et Femmes;503.382602840745;44;Grand Est
2020;52;Haute-Marne;00-17 ans;Hommes;187.71788683293101;44;Grand Est
2020;52;Haute-Marne;25-44 ans;Femmes;1996.4166879958998;44;Grand Est
2020;52;Haute-Marne;45-64 ans;Femmes;764.7679324894509;44;Grand Est
2020;52;Haute-Marne;Tous;Femmes;759.265158755442;44;Grand Est
2020;52;Haute-Marne;45-64 ans;Hommes et Femmes;549.188156638013;44;Grand Est
2020;52;Haute-Marne;65 ans et plus;Hommes et Femmes;152.370708971946;44;Grand Est
2020;52;Haute-Marne;Tous;Hommes et Femmes;536.704941297897;44;Grand Est
2021;52;Haute-Marne;18-24 ans;Hommes;393.23633503735704;44;Grand Est
2021;52;Haute-Marne;Tous;Hommes;363.547240717291;44;Grand Est
2021;52;Haute-Marne;00-17 ans;Femmes;457.715780296425;44;Grand Est
2021;52;Haute-Marne;65 ans et plus;Femmes;186.835297499281;44;Grand Est
2021;52;Haute-Marne;18-24 ans;Hommes et Femmes;547.556276617319;44;Grand Est
2021;52;Haute-Marne;Tous;Hommes et Femmes;413.074332196496;44;Grand Est
2022;52;Haute-Marne;65 ans et plus;Hommes;106.54490106544901;44;Grand Est
2022;52;Haute-Marne;Tous;Hommes;211.74065420560703;44;Grand Est
2022;52;Haute-Marne;00-17 ans;Femmes;480.42704626334495;44;Grand Est
2022;52;Haute-Marne;65 ans et plus;Hommes et Femmes;180.555555555556;44;Grand Est
2023;52;Haute-Marne;18-24 ans;Hommes;788.643533123028;44;Grand Est
2023;52;Haute-Marne;25-44 ans;Hommes;518.783542039356;44;Grand Est
2023;52;Haute-Marne;65 ans et plus;Hommes;80.9847748623259;44;Grand Est
2023;52;Haute-Marne;25-44 ans;Femmes;823.529411764706;44;Grand Est
2024;52;Haute-Marne;00-17 ans;Hommes;72.5163161711385;44;Grand Est
2024;52;Haute-Marne;Tous;Hommes;292.51482609392497;44;Grand Est
2024;52;Haute-Marne;00-17 ans;Femmes;1009.06095551895;44;Grand Est
2024;52;Haute-Marne;25-44 ans;Femmes;939.597315436242;44;Grand Est
2024;52;Haute-Marne;Tous;Femmes;687.810470003821;44;Grand Est
2024;52;Haute-Marne;00-17 ans;Hommes et Femmes;510.991129965291;44;Grand Est
2024;52;Haute-Marne;18-24 ans;Hommes et Femmes;744.997871434653;44;Grand Est
2024;52;Haute-Marne;25-44 ans;Hommes et Femmes;724.63768115942;44;Grand Est
2020;53;Mayenne;00-17 ans;Hommes;153.964588144727;52;Pays de la Loire
2020;53;Mayenne;65 ans et plus;Hommes;159.134309357097;52;Pays de la Loire
2020;53;Mayenne;Tous;Hommes;363.12849162011196;52;Pays de la Loire
2020;53;Mayenne;Tous;Femmes;581.129312711632;52;Pays de la Loire
2020;53;Mayenne;18-24 ans;Hommes et Femmes;727.197174319551;52;Pays de la Loire
2021;53;Mayenne;Tous;Hommes;309.745816834845;52;Pays de la Loire
2021;53;Mayenne;00-17 ans;Femmes;512.142739137618;52;Pays de la Loire
2021;53;Mayenne;18-24 ans;Femmes;1161.97183098592;52;Pays de la Loire
2021;53;Mayenne;45-64 ans;Femmes;1092.6665265812098;52;Pays de la Loire
2022;53;Mayenne;18-24 ans;Hommes;633.663366336634;52;Pays de la Loire
2022;53;Mayenne;45-64 ans;Hommes;446.218882104274;52;Pays de la Loire
2022;53;Mayenne;65 ans et plus;Hommes;157.047506870828;52;Pays de la Loire
2022;53;Mayenne;25-44 ans;Femmes;940.6231628453851;52;Pays de la Loire
2022;53;Mayenne;45-64 ans;Femmes;1148.40989399293;52;Pays de la Loire
2022;53;Mayenne;18-24 ans;Hommes et Femmes;1141.96148678907;52;Pays de la Loire
2022;53;Mayenne;45-64 ans;Hommes et Femmes;757.7737130911939;52;Pays de la Loire
2023;53;Mayenne;00-17 ans;Hommes;103.644843669027;52;Pays de la Loire
2023;53;Mayenne;Tous;Hommes;371.195248700817;52;Pays de la Loire
2023;53;Mayenne;18-24 ans;Femmes;2058.82352941176;52;Pays de la Loire
2023;53;Mayenne;25-44 ans;Femmes;993.7065253395159;52;Pays de la Loire
2023;53;Mayenne;18-24 ans;Hommes et Femmes;1259.8425196850399;52;Pays de la Loire
2023;53;Mayenne;Tous;Hommes et Femmes;572.646157943801;52;Pays de la Loire
2024;53;Mayenne;00-17 ans;Hommes;0.0;52;Pays de la Loire
2024;53;Mayenne;25-44 ans;Femmes;1421.8009478673;52;Pays de la Loire
2024;53;Mayenne;45-64 ans;Femmes;1767.19170188244;52;Pays de la Loire
2024;53;Mayenne;18-24 ans;Hommes et Femmes;1647.19976040731;52;Pays de la Loire
2024;53;Mayenne;25-44 ans;Hommes et Femmes;1198.90221002456;52;Pays de la Loire
2024;53;Mayenne;45-64 ans;Hommes et Femmes;1037.34439834025;52;Pays de la Loire
2020;54;Meurthe-et-Moselle;00-17 ans;Hommes;415.958755638877;44;Grand Est
2020;54;Meurthe-et-Moselle;18-24 ans;Hommes;726.626836751171;44;Grand Est
2020;54;Meurthe-et-Moselle;25-44 ans;Hommes;963.5109094299739;44;Grand Est
2020;54;Meurthe-et-Moselle;65 ans et plus;Hommes;118.439097369405;44;Grand Est
2020;54;Meurthe-et-Moselle;25-44 ans;Femmes;1090.5974916257699;44;Grand Est
2020;54;Meurthe-et-Moselle;Tous;Femmes;844.711508211162;44;Grand Est
2020;54;Meurthe-et-Moselle;18-24 ans;Hommes et Femmes;1303.01068306895;44;Grand Est
2020;54;Meurthe-et-Moselle;45-64 ans;Hommes et Femmes;939.8568942177529;44;Grand Est
2020;54;Meurthe-et-Moselle;65 ans et plus;Hommes et Femmes;134.46628329471;44;Grand Est
2021;54;Meurthe-et-Moselle;18-24 ans;Hommes;820.83215397679;44;Grand Est
2021;54;Meurthe-et-Moselle;45-64 ans;Hommes;737.829264928975;44;Grand Est
2021;54;Meurthe-et-Moselle;Tous;Hommes;483.52341409575905;44;Grand Est
2021;54;Meurthe-et-Moselle;00-17 ans;Femmes;1095.8594588487802;44;Grand Est
2021;54;Meurthe-et-Moselle;18-24 ans;Femmes;1579.09847832328;44;Grand Est
2021;54;Meurthe-et-Moselle;25-44 ans;Femmes;1182.41987060311;44;Grand Est
2021;54;Meurthe-et-Moselle;65 ans et plus;Femmes;303.536196691455;44;Grand Est
2021;54;Meurthe-et-Moselle;Tous;Femmes;936.4873160216421;44;Grand Est
2021;54;Meurthe-et-Moselle;18-24 ans;Hommes et Femmes;1197.26339794755;44;Grand Est
2021;54;Meurthe-et-Moselle;25-44 ans;Hommes et Femmes;940.658460922646;44;Grand Est
2021;54;Meurthe-et-Moselle;65 ans et plus;Hommes et Femmes;215.605469283044;44;Grand Est
2021;54;Meurthe-et-Moselle;Tous;Hommes et Femmes;700.582906871733;44;Grand Est
2022;54;Meurthe-et-Moselle;45-64 ans;Hommes;602.292597629687;44;Grand Est
2022;54;Meurthe-et-Moselle;00-17 ans;Femmes;1153.49123346663;44;Grand Est
2022;54;Meurthe-et-Moselle;Tous;Femmes;955.024838615413;44;Grand Est
2023;54;Meurthe-et-Moselle;00-17 ans;Hommes;187.223160874926;44;Grand Est
2023;54;Meurthe-et-Moselle;45-64 ans;Hommes;538.6842636859469;44;Grand Est
2023;54;Meurthe-et-Moselle;65 ans et plus;Hommes;102.552415679125;44;Grand Est
2023;54;Meurthe-et-Moselle;00-17 ans;Femmes;1398.52558542931;44;Grand Est
2023;54;Meurthe-et-Moselle;45-64 ans;Femmes;1076.24055208676;44;Grand Est
2023;54;Meurthe-et-Moselle;18-24 ans;Hommes et Femmes;1743.39417052574;44;Grand Est
2023;54;Meurthe-et-Moselle;45-64 ans;Hommes et Femmes;780.816341634904;44;Grand Est
2023;54;Meurthe-et-Moselle;65 ans et plus;Hommes et Femmes;214.38165099700402;44;Grand Est
2024;54;Meurthe-et-Moselle;00-17 ans;Hommes;335.753176043557;44;Grand Est
2024;54;Meurthe-et-Moselle;00-17 ans;Femmes;1501.5338248748699;44;Grand Est
2024;54;Meurthe-et-Moselle;65 ans et plus;Femmes;228.56609758373;44;Grand Est
2024;54;Meurthe-et-Moselle;18-24 ans;Hommes et Femmes;1887.67032236623;44;Grand Est
2020;55;Meuse;25-44 ans;Hommes;621.712099473936;44;Grand Est
2020;55;Meuse;00-17 ans;Femmes;693.1074316519059;44;Grand Est
2020;55;Meuse;65 ans et plus;Femmes;107.52688172042998;44;Grand Est
2020;55;Meuse;00-17 ans;Hommes et Femmes;437.292286164072;44;Grand Est
2020;55;Meuse;25-44 ans;Hommes et Femmes;687.88777987591;44;Grand Est
2021;55;Meuse;25-44 ans;Hommes;552.61893320519;44;Grand Est
2021;55;Meuse;00-17 ans;Femmes;623.1551328304361;44;Grand Est
2021;55;Meuse;18-24 ans;Femmes;603.8647342995171;44;Grand Est
2021;55;Meuse;25-44 ans;Femmes;402.414486921529;44;Grand Est
2021;55;Meuse;45-64 ans;Femmes;783.034257748777;44;Grand Est
2021;55;Meuse;Tous;Femmes;466.56298600311106;44;Grand Est
2021;55;Meuse;00-17 ans;Hommes et Femmes;400.712377560107;44;Grand Est
2021;55;Meuse;18-24 ans;Hommes et Femmes;545.7025920873119;44;Grand Est
2021;55;Meuse;25-44 ans;Hommes et Femmes;489.853044086774;44;Grand Est
2021;55;Meuse;65 ans et plus;Hommes et Femmes;130.482786309345;44;Grand Est
2022;55;Meuse;18-24 ans;Hommes;355.239786856128;44;Grand Est
2022;55;Meuse;65 ans et plus;Hommes;171.556013038257;44;Grand Est
2022;55;Meuse;18-24 ans;Femmes;763.358778625954;44;Grand Est
2022;55;Meuse;45-64 ans;Femmes;509.38337801608606;44;Grand Est
2022;55;Meuse;00-17 ans;Hommes et Femmes;293.326814959668;44;Grand Est
2022;55;Meuse;18-24 ans;Hommes et Femmes;538.423886441508;44;Grand Est
2022;55;Meuse;45-64 ans;Hommes et Femmes;412.271128895356;44;Grand Est
2022;55;Meuse;Tous;Hommes et Femmes;396.208070004861;44;Grand Est
2023;55;Meuse;18-24 ans;Hommes;625.279142474319;44;Grand Est
2023;55;Meuse;65 ans et plus;Hommes;296.78483099752697;44;Grand Est
2023;55;Meuse;Tous;Hommes;461.873251321224;44;Grand Est
2023;55;Meuse;45-64 ans;Femmes;298.345538378085;44;Grand Est
2023;55;Meuse;25-44 ans;Hommes et Femmes;747.684410222073;44;Grand Est
2024;55;Meuse;00-17 ans;Hommes;92.93680297397769;44;Grand Est
2024;55;Meuse;18-24 ans;Hommes;137.174211248285;44;Grand Est
2024;55;Meuse;Tous;Hommes;315.990920824247;44;Grand Est
2024;55;Meuse;25-44 ans;Femmes;742.574257425743;44;Grand Est
2024;55;Meuse;45-64 ans;Femmes;936.7681498829039;44;Grand Est
2024;55;Meuse;65 ans et plus;Femmes;146.070698217938;44;Grand Est
2024;55;Meuse;Tous;Hommes et Femmes;444.59081178989;44;Grand Est
2020;56;Morbihan;25-44 ans;Hommes;1051.18167319124;53;Bretagne
2020;56;Morbihan;45-64 ans;Hommes;712.683119968325;53;Bretagne
2020;56;Morbihan;65 ans et plus;Hommes;171.379605826907;53;Bretagne
2020;56;Morbihan;18-24 ans;Femmes;1454.898157129;53;Bretagne
2020;56;Morbihan;45-64 ans;Femmes;1568.3711811795501;53;Bretagne
2020;56;Morbihan;00-17 ans;Hommes et Femmes;337.114162306423;53;Bretagne
2020;56;Morbihan;18-24 ans;Hommes et Femmes;1076.3569457221702;53;Bretagne
2020;56;Morbihan;Tous;Hommes et Femmes;688.664847268271;53;Bretagne
2021;56;Morbihan;00-17 ans;Hommes;150.844730490748;53;Bretagne
2021;56;Morbihan;45-64 ans;Hommes;717.960990786167;53;Bretagne
2021;56;Morbihan;65 ans et plus;Hommes;127.807193719189;53;Bretagne
2021;56;Morbihan;00-17 ans;Femmes;780.308680934075;53;Bretagne
2021;56;Morbihan;18-24 ans;Femmes;1427.90625485023;53;Bretagne
2021;56;Morbihan;00-17 ans;Hommes et Femmes;444.813633805836;53;Bretagne
2021;56;Morbihan;45-64 ans;Hommes et Femmes;1052.35202337085;53;Bretagne
2022;56;Morbihan;45-64 ans;Hommes;716.178875542773;53;Bretagne
2022;56;Morbihan;18-24 ans;Femmes;1686.74698795181;53;Bretagne
2022;56;Morbihan;18-24 ans;Hommes et Femmes;1125.29161520516;53;Bretagne
2022;56;Morbihan;65 ans et plus;Hommes et Femmes;181.967598027706;53;Bretagne
2023;56;Morbihan;18-24 ans;Hommes;628.4153005464481;53;Bretagne
2023;56;Morbihan;65 ans et plus;Hommes;174.165457184325;53;Bretagne
2023;56;Morbihan;00-17 ans;Femmes;915.318957771788;53;Bretagne
2023;56;Morbihan;65 ans et plus;Femmes;252.645454212588;53;Bretagne
2023;56;Morbihan;45-64 ans;Hommes et Femmes;939.1458848911731;53;Bretagne
2023;56;Morbihan;65 ans et plus;Hommes et Femmes;215.83992844225799;53;Bretagne
2024;56;Morbihan;00-17 ans;Femmes;1016.00635713475;53;Bretagne
2024;56;Morbihan;25-44 ans;Hommes et Femmes;827.387532241316;53;Bretagne
2020;57;Moselle;25-44 ans;Hommes;743.521000893655;44;Grand Est
2020;57;Moselle;Tous;Hommes;432.126110614254;44;Grand Est
2020;57;Moselle;18-24 ans;Femmes;1040.39167686658;44;Grand Est
2020;57;Moselle;18-24 ans;Hommes et Femmes;822.0012177795819;44;Grand Est
2020;57;Moselle;45-64 ans;Hommes et Femmes;780.367156350611;44;Grand Est
2020;57;Moselle;65 ans et plus;Hommes et Femmes;249.618638191652;44;Grand Est
2021;57;Moselle;65 ans et plus;Hommes;109.934405804537;44;Grand Est
2021;57;Moselle;Tous;Femmes;680.210560947524;44;Grand Est
2022;57;Moselle;45-64 ans;Hommes;479.99370500058996;44;Grand Est
2022;57;Moselle;65 ans et plus;Hommes;119.84068238694401;44;Grand Est
2022;57;Moselle;Tous;Hommes;316.020294092355;44;Grand Est
2022;57;Moselle;65 ans et plus;Femmes;246.47780178316;44;Grand Est
2022;57;Moselle;00-17 ans;Hommes et Femmes;367.562877354511;44;Grand Est
2022;57;Moselle;45-64 ans;Hommes et Femmes;630.292226395874;44;Grand Est
2022;57;Moselle;65 ans et plus;Hommes et Femmes;187.801094145505;44;Grand Est
2022;57;Moselle;Tous;Hommes et Femmes;462.47674488387497;44;Grand Est
2023;57;Moselle;00-17 ans;Hommes;137.481541830032;44;Grand Est
2023;57;Moselle;18-24 ans;Hommes;392.269422120168;44;Grand Est
2023;57;Moselle;45-64 ans;Hommes;430.614234644134;44;Grand Est
2023;57;Moselle;18-24 ans;Femmes;1397.2055888223601;44;Grand Est
2023;57;Moselle;25-44 ans;Femmes;735.753143672523;44;Grand Est
2023;57;Moselle;45-64 ans;Femmes;776.974198592651;44;Grand Est
2023;57;Moselle;65 ans et plus;Femmes;178.725502280291;44;Grand Est
2023;57;Moselle;00-17 ans;Hommes et Femmes;324.203465623253;44;Grand Est
2023;57;Moselle;45-64 ans;Hommes et Femmes;587.791677757076;44;Grand Est
2024;57;Moselle;00-17 ans;Femmes;661.128013105546;44;Grand Est
2024;57;Moselle;18-24 ans;Femmes;1194.4138184491;44;Grand Est
2024;57;Moselle;Tous;Femmes;540.986180904523;44;Grand Est
2020;58;Nièvre;00-17 ans;Hommes;175.284837861525;27;Bourgogne et Franche-Comté
2020;58;Nièvre;45-64 ans;Hommes;293.470286133529;27;Bourgogne et Franche-Comté
2020;58;Nièvre;00-17 ans;Femmes;340.193910529002;27;Bourgogne et Franche-Comté
2020;58;Nièvre;Tous;Femmes;416.806722689076;27;Bourgogne et Franche-Comté
2020;58;Nièvre;18-24 ans;Hommes et Femmes;518.349574953349;27;Bourgogne et Franche-Comté
2020;58;Nièvre;45-64 ans;Hommes et Femmes;411.164703091642;27;Bourgogne et Franche-Comté
2020;58;Nièvre;Tous;Hommes et Femmes;329.183234469722;27;Bourgogne et Franche-Comté
2021;58;Nièvre;25-44 ans;Hommes;346.489906598373;27;Bourgogne et Franche-Comté
2021;58;Nièvre;Tous;Hommes;221.763169086822;27;Bourgogne et Franche-Comté
2021;58;Nièvre;00-17 ans;Femmes;398.23638173801703;27;Bourgogne et Franche-Comté
2021;58;Nièvre;65 ans et plus;Femmes;200.91848450057398;27;Bourgogne et Franche-Comté
2021;58;Nièvre;25-44 ans;Hommes et Femmes;471.182162389567;27;Bourgogne et Franche-Comté
2021;58;Nièvre;65 ans et plus;Hommes et Femmes;150.89234611582302;27;Bourgogne et Franche-Comté
2022;58;Nièvre;00-17 ans;Hommes;63.7890708058686;27;Bourgogne et Franche-Comté
2022;58;Nièvre;18-24 ans;Hommes;384.480950716533;27;Bourgogne et Franche-Comté
2022;58;Nièvre;00-17 ans;Femmes;556.6082425390811;27;Bourgogne et Franche-Comté
2022;58;Nièvre;45-64 ans;Femmes;918.2571119913581;27;Bourgogne et Franche-Comté
2022;58;Nièvre;Tous;Femmes;501.57118685037506;27;Bourgogne et Franche-Comté
2022;58;Nièvre;25-44 ans;Hommes et Femmes;445.21395003710103;27;Bourgogne et Franche-Comté
2022;58;Nièvre;Tous;Hommes et Femmes;352.558966215527;27;Bourgogne et Franche-Comté
2023;58;Nièvre;65 ans et plus;Hommes;128.548473486877;27;Bourgogne et Franche-Comté
2023;58;Nièvre;18-24 ans;Femmes;1469.98775010208;27;Bourgogne et Franche-Comté
2023;58;Nièvre;25-44 ans;Femmes;832.3424494649229;27;Bourgogne et Franche-Comté
2023;58;Nièvre;45-64 ans;Femmes;789.804343923892;27;Bourgogne et Franche-Comté
2023;58;Nièvre;45-64 ans;Hommes et Femmes;512.653592643828;27;Bourgogne et Franche-Comté
2023;58;Nièvre;Tous;Hommes et Femmes;384.97120176669;27;Bourgogne et Franche-Comté
2024;58;Nièvre;18-24 ans;Hommes;319.616460247703;27;Bourgogne et Franche-Comté
2024;58;Nièvre;25-44 ans;Hommes;402.28995822373497;27;Bourgogne et Franche-Comté
2024;58;Nièvre;00-17 ans;Hommes et Femmes;420.001135138203;27;Bourgogne et Franche-Comté
2024;58;Nièvre;18-24 ans;Hommes et Femmes;1056.99481865285;27;Bourgogne et Franche-Comté
2024;58;Nièvre;25-44 ans;Hommes et Femmes;572.5687516266161;27;Bourgogne et Franche-Comté
2024;58;Nièvre;45-64 ans;Hommes et Femmes;486.036741082461;27;Bourgogne et Franche-Comté
2020;59;Nord;65 ans et plus;Hommes;136.824199393536;32;Hauts-de-France
2020;59;Nord;00-17 ans;Femmes;574.282147315855;32;Hauts-de-France
2020;59;Nord;Tous;Femmes;764.088848811512;32;Hauts-de-France
2020;59;Nord;25-44 ans;Hommes et Femmes;901.886149301216;32;Hauts-de-France
2020;59;Nord;Tous;Hommes et Femmes;628.547344291681;32;Hauts-de-France
2021;59;Nord;00-17 ans;Hommes;168.660590224677;32;Hauts-de-France
2021;59;Nord;65 ans et plus;Hommes;179.965016146394;32;Hauts-de-France
2021;59;Nord;25-44 ans;Femmes;949.166842438304;32;Hauts-de-France
2021;59;Nord;18-24 ans;Hommes et Femmes;879.9872581030501;32;Hauts-de-France
2021;59;Nord;45-64 ans;Hommes et Femmes;950.818089676143;32;Hauts-de-France
2021;59;Nord;Tous;Hommes et Femmes;612.930605144464;32;Hauts-de-France
2022;59;Nord;18-24 ans;Hommes;568.773144226348;32;Hauts-de-France
2022;59;Nord;45-64 ans;Hommes;646.877213616498;32;Hauts-de-France
2022;59;Nord;00-17 ans;Femmes;551.991388589882;32;Hauts-de-France
2022;59;Nord;25-44 ans;Femmes;784.392598551891;32;Hauts-de-France
2022;59;Nord;65 ans et plus;Hommes et Femmes;222.226383764989;32;Hauts-de-France
2022;59;Nord;Tous;Hommes et Femmes;538.3869001107689;32;Hauts-de-France
2023;59;Nord;00-17 ans;Hommes;131.909742698408;32;Hauts-de-France
2023;59;Nord;00-17 ans;Femmes;544.42036836403;32;Hauts-de-France
2023;59;Nord;18-24 ans;Femmes;1378.59338275176;32;Hauts-de-France
2023;59;Nord;25-44 ans;Femmes;732.125001436666;32;Hauts-de-France
2023;59;Nord;45-64 ans;Femmes;958.078161500095;32;Hauts-de-France
2023;59;Nord;Tous;Femmes;674.363360178554;32;Hauts-de-France
2023;59;Nord;18-24 ans;Hommes et Femmes;999.762808349146;32;Hauts-de-France
2024;59;Nord;00-17 ans;Hommes;148.61397910018098;32;Hauts-de-France
2024;59;Nord;25-44 ans;Hommes;673.9766684529451;32;Hauts-de-France
2024;59;Nord;45-64 ans;Hommes;613.441703747524;32;Hauts-de-France
2024;59;Nord;65 ans et plus;Hommes;134.159757439159;32;Hauts-de-France
2024;59;Nord;Tous;Hommes;410.040741227494;32;Hauts-de-France
2024;59;Nord;18-24 ans;Femmes;1248.0633499741798;32;Hauts-de-France
2024;59;Nord;Tous;Hommes et Femmes;552.033138895934;32;Hauts-de-France
2020;60;Oise;65 ans et plus;Hommes;88.0724710619024;32;Hauts-de-France
2020;60;Oise;Tous;Hommes;312.670991948722;32;Hauts-de-France
2020;60;Oise;25-44 ans;Femmes;646.756705345254;32;Hauts-de-France
2020;60;Oise;45-64 ans;Femmes;979.363413781042;32;Hauts-de-France
2020;60;Oise;65 ans et plus;Femmes;294.869274621584;32;Hauts-de-France
2020;60;Oise;Tous;Femmes;553.965711885321;32;Hauts-de-France
2020;60;Oise;00-17 ans;Hommes et Femmes;31.062331745703;32;Hauts-de-France
2020;60;Oise;18-24 ans;Hommes et Femmes;547.530288909599;32;Hauts-de-France
2021;60;Oise;00-17 ans;Hommes;30.361299463616998;32;Hauts-de-France
2021;60;Oise;45-64 ans;Hommes;356.644440998604;32;Hauts-de-France
2021;60;Oise;65 ans et plus;Hommes;180.728621706459;32;Hauts-de-France
2021;60;Oise;00-17 ans;Femmes;111.30348750927499;32;Hauts-de-France
2021;60;Oise;45-64 ans;Femmes;718.931872646354;32;Hauts-de-France
2021;60;Oise;18-24 ans;Hommes et Femmes;529.587842505181;32;Hauts-de-France
2021;60;Oise;25-44 ans;Hommes et Femmes;527.40877476349;32;Hauts-de-France
2021;60;Oise;45-64 ans;Hommes et Femmes;528.820729772607;32;Hauts-de-France
2022;60;Oise;25-44 ans;Hommes;413.173652694611;32;Hauts-de-France
2022;60;Oise;65 ans et plus;Femmes;314.580437486283;32;Hauts-de-France
2022;60;Oise;00-17 ans;Hommes et Femmes;233.29693239352702;32;Hauts-de-France
2023;60;Oise;18-24 ans;Hommes;471.339516496883;32;Hauts-de-France
2023;60;Oise;25-44 ans;Hommes;628.441465166387;32;Hauts-de-France
2023;60;Oise;65 ans et plus;Hommes;163.545670128383;32;Hauts-de-France
2023;60;Oise;18-24 ans;Femmes;1096.17071031862;32;Hauts-de-France
2023;60;Oise;Tous;Femmes;575.8946935417521;32;Hauts-de-France
2024;60;Oise;65 ans et plus;Hommes;84.2696629213483;32;Hauts-de-France
2024;60;Oise;Tous;Hommes;294.825966284005;32;Hauts-de-France
2024;60;Oise;25-44 ans;Femmes;523.273198445131;32;Hauts-de-France
2024;60;Oise;18-24 ans;Hommes et Femmes;834.525512637101;32;Hauts-de-France
2020;61;Orne;18-24 ans;Hommes;347.003154574133;28;Normandie
2020;61;Orne;45-64 ans;Hommes;407.55332155957103;28;Normandie
2020;61;Orne;65 ans et plus;Hommes;36.0273808094152;28;Normandie
2020;61;Orne;18-24 ans;Femmes;278.121137206428;28;Normandie
2020;61;Orne;25-44 ans;Femmes;596.4526761889811;28;Normandie
2020;61;Orne;65 ans et plus;Femmes;177.182793582045;28;Normandie
2020;61;Orne;45-64 ans;Hommes et Femmes;438.988095238095;28;Normandie
2021;61;Orne;25-44 ans;Hommes;304.083405734144;28;Normandie
2021;61;Orne;Tous;Hommes;207.983780760626;28;Normandie
2021;61;Orne;00-17 ans;Femmes;355.871886120996;28;Normandie
2021;61;Orne;18-24 ans;Femmes;768.667642752562;28;Normandie
2021;61;Orne;25-44 ans;Femmes;617.7681898411449;28;Normandie
2021;61;Orne;65 ans et plus;Femmes;253.312548713952;28;Normandie
2021;61;Orne;Tous;Femmes;467.187784039266;28;Normandie
2021;61;Orne;18-24 ans;Hommes et Femmes;582.050319188885;28;Normandie
2022;61;Orne;00-17 ans;Hommes;94.2460317460317;28;Normandie
2022;61;Orne;Tous;Hommes;288.679098072872;28;Normandie
2022;61;Orne;25-44 ans;Femmes;553.236921285063;28;Normandie
2022;61;Orne;Tous;Femmes;450.905175314624;28;Normandie
2022;61;Orne;Tous;Hommes et Femmes;366.733320919991;28;Normandie
2023;61;Orne;00-17 ans;Hommes;156.801254410035;28;Normandie
2023;61;Orne;45-64 ans;Hommes;333.562248601982;28;Normandie
2023;61;Orne;00-17 ans;Femmes;271.125169453231;28;Normandie
2023;61;Orne;18-24 ans;Femmes;1310.61598951507;28;Normandie
2023;61;Orne;25-44 ans;Femmes;912.66051151438;28;Normandie
2023;61;Orne;Tous;Femmes;521.860996883586;28;Normandie
2023;61;Orne;18-24 ans;Hommes et Femmes;956.3722329679781;28;Normandie
2023;61;Orne;25-44 ans;Hommes et Femmes;701.907251428018;28;Normandie
2024;61;Orne;18-24 ans;Hommes;565.50424128181;28;Normandie
2024;61;Orne;25-44 ans;Hommes;623.650755576877;28;Normandie
2024;61;Orne;Tous;Hommes;286.528415387051;28;Normandie
2024;61;Orne;18-24 ans;Femmes;1422.68813178585;28;Normandie
2024;61;Orne;65 ans et plus;Femmes;175.812466702184;28;Normandie
2024;61;Orne;Tous;Femmes;533.328957300863;28;Normandie
2024;61;Orne;25-44 ans;Hommes et Femmes;647.628982483592;28;Normandie
2024;61;Orne;45-64 ans;Hommes et Femmes;555.326081967965;28;Normandie
2024;61;Orne;65 ans et plus;Hommes et Femmes;141.47538617005898;28;Normandie
2020;62;Pas-de-Calais;45-64 ans;Hommes;734.189888202903;32;Hauts-de-France
2020;62;Pas-de-Calais;65 ans et plus;Hommes;166.07985119245302;32;Hauts-de-France
2020;62;Pas-de-Calais;Tous;Hommes;539.0101168052689;32;Hauts-de-France
2020;62;Pas-de-Calais;00-17 ans;Femmes;504.607283896446;32;Hauts-de-France
2020;62;Pas-de-Calais;45-64 ans;Femmes;1199.51206288967;32;Hauts-de-France
2020;62;Pas-de-Calais;65 ans et plus;Hommes et Femmes;293.86155855463596;32;Hauts-de-France
2021;62;Pas-de-Calais;18-24 ans;Hommes;553.66269165247;32;Hauts-de-France
2021;62;Pas-de-Calais;18-24 ans;Femmes;1163.9676113360301;32;Hauts-de-France
2021;62;Pas-de-Calais;00-17 ans;Hommes et Femmes;375.37537537537503;32;Hauts-de-France
2021;62;Pas-de-Calais;18-24 ans;Hommes et Femmes;866.452215419736;32;Hauts-de-France
2022;62;Pas-de-Calais;00-17 ans;Hommes;135.304600356412;32;Hauts-de-France
2022;62;Pas-de-Calais;Tous;Hommes;424.235567910014;32;Hauts-de-France
2022;62;Pas-de-Calais;00-17 ans;Femmes;539.650949173301;32;Hauts-de-France
2022;62;Pas-de-Calais;Tous;Femmes;681.075346099218;32;Hauts-de-France
2022;62;Pas-de-Calais;45-64 ans;Hommes et Femmes;757.5107296137339;32;Hauts-de-France
2023;62;Pas-de-Calais;00-17 ans;Hommes;154.602951510892;32;Hauts-de-France
2023;62;Pas-de-Calais;25-44 ans;Hommes;608.5140396565511;32;Hauts-de-France
2023;62;Pas-de-Calais;Tous;Hommes;433.430941293327;32;Hauts-de-France
2023;62;Pas-de-Calais;18-24 ans;Femmes;1539.42821237826;32;Hauts-de-France
2023;62;Pas-de-Calais;25-44 ans;Femmes;937.24663531701;32;Hauts-de-France
2023;62;Pas-de-Calais;00-17 ans;Hommes et Femmes;371.154304793704;32;Hauts-de-France
2024;62;Pas-de-Calais;25-44 ans;Hommes;646.422820335864;32;Hauts-de-France
2024;62;Pas-de-Calais;45-64 ans;Hommes;611.562610421027;32;Hauts-de-France
2024;62;Pas-de-Calais;Tous;Hommes;419.703635607503;32;Hauts-de-France
2024;62;Pas-de-Calais;45-64 ans;Femmes;1014.9987070080201;32;Hauts-de-France
2024;62;Pas-de-Calais;00-17 ans;Hommes et Femmes;370.769704704484;32;Hauts-de-France
2024;62;Pas-de-Calais;18-24 ans;Hommes et Femmes;1159.82561487209;32;Hauts-de-France
2024;62;Pas-de-Calais;Tous;Hommes et Femmes;590.573664314586;32;Hauts-de-France
2020;63;Puy-de-Dôme;18-24 ans;Hommes;548.3207676490749;84;Auvergne et Rhône-Alpes
2020;63;Puy-de-Dôme;25-44 ans;Hommes;677.048070412999;84;Auvergne et Rhône-Alpes
2020;63;Puy-de-Dôme;18-24 ans;Femmes;1203.91271632807;84;Auvergne et Rhône-Alpes
2020;63;Puy-de-Dôme;45-64 ans;Femmes;1180.25751072961;84;Auvergne et Rhône-Alpes
2020;63;Puy-de-Dôme;18-24 ans;Hommes et Femmes;860.523485120115;84;Auvergne et Rhône-Alpes
2020;63;Puy-de-Dôme;45-64 ans;Hommes et Femmes;721.8080700508821;84;Auvergne et Rhône-Alpes
2021;63;Puy-de-Dôme;00-17 ans;Hommes;123.523093447905;84;Auvergne et Rhône-Alpes
2021;63;Puy-de-Dôme;65 ans et plus;Hommes;174.745479410424;84;Auvergne et Rhône-Alpes
2021;63;Puy-de-Dôme;18-24 ans;Femmes;1538.46153846154;84;Auvergne et Rhône-Alpes
2021;63;Puy-de-Dôme;Tous;Femmes;876.115466599227;84;Auvergne et Rhône-Alpes
2021;63;Puy-de-Dôme;45-64 ans;Hommes et Femmes;834.920169913578;84;Auvergne et Rhône-Alpes
2022;63;Puy-de-Dôme;45-64 ans;Hommes;368.505097653851;84;Auvergne et Rhône-Alpes
2022;63;Puy-de-Dôme;18-24 ans;Femmes;1338.77921488541;84;Auvergne et Rhône-Alpes
2022;63;Puy-de-Dôme;00-17 ans;Hommes et Femmes;341.624066063704;84;Auvergne et Rhône-Alpes
2022;63;Puy-de-Dôme;45-64 ans;Hommes et Femmes;522.193211488251;84;Auvergne et Rhône-Alpes
2022;63;Puy-de-Dôme;Tous;Hommes et Femmes;450.58985182526;84;Auvergne et Rhône-Alpes
2023;63;Puy-de-Dôme;00-17 ans;Hommes;189.77088636889602;84;Auvergne et Rhône-Alpes
2023;63;Puy-de-Dôme;25-44 ans;Hommes;748.9929506545819;84;Auvergne et Rhône-Alpes
2023;63;Puy-de-Dôme;18-24 ans;Femmes;2850.67873303167;84;Auvergne et Rhône-Alpes
2023;63;Puy-de-Dôme;18-24 ans;Hommes et Femmes;1785.58674380401;84;Auvergne et Rhône-Alpes
2023;63;Puy-de-Dôme;25-44 ans;Hommes et Femmes;992.448759439051;84;Auvergne et Rhône-Alpes
2023;63;Puy-de-Dôme;65 ans et plus;Hommes et Femmes;258.021090419565;84;Auvergne et Rhône-Alpes
2024;63;Puy-de-Dôme;25-44 ans;Hommes;744.149057032493;84;Auvergne et Rhône-Alpes
2024;63;Puy-de-Dôme;00-17 ans;Femmes;1232.344831467;84;Auvergne et Rhône-Alpes
2024;63;Puy-de-Dôme;25-44 ans;Femmes;1242.64224983649;84;Auvergne et Rhône-Alpes
2024;63;Puy-de-Dôme;25-44 ans;Hommes et Femmes;962.764600867126;84;Auvergne et Rhône-Alpes
2024;63;Puy-de-Dôme;45-64 ans;Hommes et Femmes;853.004665413272;84;Auvergne et Rhône-Alpes
2024;63;Puy-de-Dôme;65 ans et plus;Hommes et Femmes;249.55524807274202;84;Auvergne et Rhône-Alpes
2020;64;Pyrénées-Atlantiques;25-44 ans;Hommes;488.958990536278;75;Nouvelle Aquitaine
2020;64;Pyrénées-Atlantiques;45-64 ans;Hommes;361.05093595511903;75;Nouvelle Aquitaine
2020;64;Pyrénées-Atlantiques;45-64 ans;Femmes;908.027791153608;75;Nouvelle Aquitaine
2020;64;Pyrénées-Atlantiques;25-44 ans;Hommes et Femmes;650.5828137706701;75;Nouvelle Aquitaine
2021;64;Pyrénées-Atlantiques;25-44 ans;Hommes;364.837548686092;75;Nouvelle Aquitaine
2021;64;Pyrénées-Atlantiques;45-64 ans;Femmes;642.606776580553;75;Nouvelle Aquitaine
2021;64;Pyrénées-Atlantiques;00-17 ans;Hommes et Femmes;358.100227137858;75;Nouvelle Aquitaine
2022;64;Pyrénées-Atlantiques;25-44 ans;Hommes;436.90688715587703;75;Nouvelle Aquitaine
2022;64;Pyrénées-Atlantiques;45-64 ans;Hommes;335.691783298043;75;Nouvelle Aquitaine
2022;64;Pyrénées-Atlantiques;65 ans et plus;Hommes;106.265582212776;75;Nouvelle Aquitaine
2022;64;Pyrénées-Atlantiques;Tous;Hommes;248.103164757811;75;Nouvelle Aquitaine
2022;64;Pyrénées-Atlantiques;00-17 ans;Femmes;621.779310932243;75;Nouvelle Aquitaine
2022;64;Pyrénées-Atlantiques;00-17 ans;Hommes et Femmes;339.046901488039;75;Nouvelle Aquitaine
2022;64;Pyrénées-Atlantiques;Tous;Hommes et Femmes;408.414571575167;75;Nouvelle Aquitaine
2023;64;Pyrénées-Atlantiques;00-17 ans;Hommes;102.556848321958;75;Nouvelle Aquitaine
2023;64;Pyrénées-Atlantiques;45-64 ans;Hommes;433.402207327521;75;Nouvelle Aquitaine
2023;64;Pyrénées-Atlantiques;65 ans et plus;Hommes;100.373389007106;75;Nouvelle Aquitaine
2023;64;Pyrénées-Atlantiques;Tous;Hommes;250.912854158124;75;Nouvelle Aquitaine
2023;64;Pyrénées-Atlantiques;Tous;Femmes;569.398967756257;75;Nouvelle Aquitaine
2024;64;Pyrénées-Atlantiques;Tous;Hommes;243.69520359286997;75;Nouvelle Aquitaine
2024;64;Pyrénées-Atlantiques;65 ans et plus;Hommes et Femmes;172.580422476874;75;Nouvelle Aquitaine
2020;65;Hautes-Pyrénées;00-17 ans;Hommes;308.08729139922997;76;Occitanie
2020;65;Hautes-Pyrénées;18-24 ans;Hommes;671.785028790787;76;Occitanie
2020;65;Hautes-Pyrénées;65 ans et plus;Hommes;288.87818969667796;76;Occitanie
2020;65;Hautes-Pyrénées;Tous;Hommes;374.763358188773;76;Occitanie
2020;65;Hautes-Pyrénées;Tous;Femmes;843.812722729693;76;Occitanie
2020;65;Hautes-Pyrénées;45-64 ans;Hommes et Femmes;1204.61486257211;76;Occitanie
2020;65;Hautes-Pyrénées;65 ans et plus;Hommes et Femmes;218.511878081578;76;Occitanie
2021;65;Hautes-Pyrénées;25-44 ans;Hommes;792.725577057589;76;Occitanie
2021;65;Hautes-Pyrénées;Tous;Hommes;456.383456690865;76;Occitanie
2021;65;Hautes-Pyrénées;45-64 ans;Femmes;755.635245901639;76;Occitanie
2021;65;Hautes-Pyrénées;65 ans et plus;Femmes;210.65772021533903;76;Occitanie
2021;65;Hautes-Pyrénées;18-24 ans;Hommes et Femmes;816.9517487873369;76;Occitanie
2021;65;Hautes-Pyrénées;25-44 ans;Hommes et Femmes;753.237051792829;76;Occitanie
2021;65;Hautes-Pyrénées;45-64 ans;Hommes et Femmes;616.803401401282;76;Occitanie
2021;65;Hautes-Pyrénées;Tous;Hommes et Femmes;493.431047264861;76;Occitanie
2022;65;Hautes-Pyrénées;25-44 ans;Hommes;254.831174346995;76;Occitanie
2022;65;Hautes-Pyrénées;45-64 ans;Hommes;368.683582736933;76;Occitanie
2022;65;Hautes-Pyrénées;25-44 ans;Femmes;460.284061020516;76;Occitanie
2022;65;Hautes-Pyrénées;18-24 ans;Hommes et Femmes;592.2881663241869;76;Occitanie
2022;65;Hautes-Pyrénées;Tous;Hommes et Femmes;357.584617114584;76;Occitanie
2023;65;Hautes-Pyrénées;00-17 ans;Hommes;62.0237462342725;76;Occitanie
2023;65;Hautes-Pyrénées;18-24 ans;Hommes;302.255289467566;76;Occitanie
2023;65;Hautes-Pyrénées;25-44 ans;Hommes;327.557058326289;76;Occitanie
2023;65;Hautes-Pyrénées;65 ans et plus;Hommes;123.489459292582;76;Occitanie
2023;65;Hautes-Pyrénées;00-17 ans;Femmes;486.40282998010196;76;Occitanie
2023;65;Hautes-Pyrénées;18-24 ans;Femmes;827.1077908217719;76;Occitanie
2023;65;Hautes-Pyrénées;45-64 ans;Femmes;829.0155440414511;76;Occitanie
2023;65;Hautes-Pyrénées;Tous;Femmes;505.230199957304;76;Occitanie
2023;65;Hautes-Pyrénées;45-64 ans;Hommes et Femmes;565.005710164092;76;Occitanie
2024;65;Hautes-Pyrénées;18-24 ans;Femmes;1205.72720422005;76;Occitanie
2024;65;Hautes-Pyrénées;65 ans et plus;Femmes;162.83185840708;76;Occitanie
2020;66;Pyrénées-Orientales;18-24 ans;Femmes;879.8240351929611;76;Occitanie
2020;66;Pyrénées-Orientales;25-44 ans;Femmes;935.9436716469171;76;Occitanie
2020;66;Pyrénées-Orientales;45-64 ans;Femmes;801.760729445056;76;Occitanie
2020;66;Pyrénées-Orientales;65 ans et plus;Femmes;285.51034975017797;76;Occitanie
2020;66;Pyrénées-Orientales;45-64 ans;Hommes et Femmes;627.575516993686;76;Occitanie
2020;66;Pyrénées-Orientales;65 ans et plus;Hommes et Femmes;204.293206488596;76;Occitanie
2021;66;Pyrénées-Orientales;18-24 ans;Hommes;330.708661417323;76;Occitanie
2021;66;Pyrénées-Orientales;00-17 ans;Hommes et Femmes;287.30775730944697;76;Occitanie
2021;66;Pyrénées-Orientales;Tous;Hommes et Femmes;368.554615921836;76;Occitanie
2022;66;Pyrénées-Orientales;25-44 ans;Hommes;332.68812000967796;76;Occitanie
2022;66;Pyrénées-Orientales;00-17 ans;Femmes;553.556601162469;76;Occitanie
2022;66;Pyrénées-Orientales;25-44 ans;Femmes;583.405358686258;76;Occitanie
2022;66;Pyrénées-Orientales;Tous;Femmes;496.973735354545;76;Occitanie
2022;66;Pyrénées-Orientales;00-17 ans;Hommes et Femmes;315.504807692308;76;Occitanie
2022;66;Pyrénées-Orientales;18-24 ans;Hommes et Femmes;541.856447306424;76;Occitanie
2022;66;Pyrénées-Orientales;45-64 ans;Hommes et Femmes;508.888814489939;76;Occitanie
2023;66;Pyrénées-Orientales;00-17 ans;Hommes;109.458181999104;76;Occitanie
2023;66;Pyrénées-Orientales;65 ans et plus;Hommes;147.058823529412;76;Occitanie
2023;66;Pyrénées-Orientales;Tous;Hommes;242.01038682416998;76;Occitanie
2023;66;Pyrénées-Orientales;25-44 ans;Femmes;655.241935483871;76;Occitanie
2023;66;Pyrénées-Orientales;65 ans et plus;Femmes;209.59002147019697;76;Occitanie
2023;66;Pyrénées-Orientales;18-24 ans;Hommes et Femmes;589.945990859992;76;Occitanie
2023;66;Pyrénées-Orientales;45-64 ans;Hommes et Femmes;485.870104115022;76;Occitanie
2023;66;Pyrénées-Orientales;65 ans et plus;Hommes et Femmes;179.31070854099102;76;Occitanie
2023;66;Pyrénées-Orientales;Tous;Hommes et Femmes;384.539471445392;76;Occitanie
2024;66;Pyrénées-Orientales;00-17 ans;Hommes;163.321215952795;76;Occitanie
2024;66;Pyrénées-Orientales;00-17 ans;Femmes;711.246586651426;76;Occitanie
2024;66;Pyrénées-Orientales;25-44 ans;Femmes;743.083003952569;76;Occitanie
2024;66;Pyrénées-Orientales;45-64 ans;Hommes et Femmes;573.519580591816;76;Occitanie
2020;67;Bas-Rhin;25-44 ans;Hommes;930.2587810791;44;Grand Est
2020;67;Bas-Rhin;18-24 ans;Femmes;1636.47918652685;44;Grand Est
2020;67;Bas-Rhin;65 ans et plus;Hommes et Femmes;230.601280573069;44;Grand Est
2021;67;Bas-Rhin;18-24 ans;Hommes;474.24013796076696;44;Grand Est
2021;67;Bas-Rhin;45-64 ans;Hommes;559.815590158536;44;Grand Est
2021;67;Bas-Rhin;00-17 ans;Femmes;725.579834752338;44;Grand Est
2021;67;Bas-Rhin;18-24 ans;Femmes;1947.75951362306;44;Grand Est
2021;67;Bas-Rhin;45-64 ans;Femmes;1036.4979600838;44;Grand Est
2021;67;Bas-Rhin;Tous;Femmes;804.3935403523809;44;Grand Est
2021;67;Bas-Rhin;00-17 ans;Hommes et Femmes;418.13171148911897;44;Grand Est
2021;67;Bas-Rhin;18-24 ans;Hommes et Femmes;1214.35243694709;44;Grand Est
2021;67;Bas-Rhin;45-64 ans;Hommes et Femmes;779.286711511613;44;Grand Est
2021;67;Bas-Rhin;65 ans et plus;Hommes et Femmes;217.77943455826102;44;Grand Est
2022;67;Bas-Rhin;45-64 ans;Femmes;1082.21522831428;44;Grand Est
2022;67;Bas-Rhin;18-24 ans;Hommes et Femmes;1605.41895567764;44;Grand Est
2022;67;Bas-Rhin;65 ans et plus;Hommes et Femmes;230.77221424969898;44;Grand Est
2023;67;Bas-Rhin;45-64 ans;Hommes;594.8383382903199;44;Grand Est
2023;67;Bas-Rhin;Tous;Hommes;398.73243055489496;44;Grand Est
2023;67;Bas-Rhin;18-24 ans;Femmes;2992.72683915584;44;Grand Est
2023;67;Bas-Rhin;45-64 ans;Femmes;904.414674128088;44;Grand Est
2023;67;Bas-Rhin;00-17 ans;Hommes et Femmes;353.079639074147;44;Grand Est
2023;67;Bas-Rhin;18-24 ans;Hommes et Femmes;1883.22839152833;44;Grand Est
2023;67;Bas-Rhin;65 ans et plus;Hommes et Femmes;230.680507497117;44;Grand Est
2024;67;Bas-Rhin;00-17 ans;Hommes;170.749326853615;44;Grand Est
2024;67;Bas-Rhin;18-24 ans;Hommes;755.8997050147491;44;Grand Est
2024;67;Bas-Rhin;25-44 ans;Hommes;565.5854371113941;44;Grand Est
2024;67;Bas-Rhin;65 ans et plus;Hommes;137.123373976207;44;Grand Est
2024;67;Bas-Rhin;65 ans et plus;Femmes;268.783202630913;44;Grand Est
2024;67;Bas-Rhin;00-17 ans;Hommes et Femmes;492.619726442672;44;Grand Est
2020;68;Haut-Rhin;00-17 ans;Hommes;195.234281137365;44;Grand Est
2020;68;Haut-Rhin;25-44 ans;Hommes;660.165949972745;44;Grand Est
2020;68;Haut-Rhin;45-64 ans;Hommes;632.8343677741269;44;Grand Est
2020;68;Haut-Rhin;Tous;Hommes;443.88161416243497;44;Grand Est
2020;68;Haut-Rhin;18-24 ans;Femmes;1271.4899713467;44;Grand Est
2020;68;Haut-Rhin;65 ans et plus;Femmes;296.363271046815;44;Grand Est
2020;68;Haut-Rhin;Tous;Femmes;703.117104370299;44;Grand Est
2020;68;Haut-Rhin;Tous;Hommes et Femmes;566.9703763120191;44;Grand Est
2021;68;Haut-Rhin;00-17 ans;Hommes;209.728456840091;44;Grand Est
2021;68;Haut-Rhin;00-17 ans;Femmes;685.673042223024;44;Grand Est
2021;68;Haut-Rhin;25-44 ans;Femmes;689.483818870737;44;Grand Est
2021;68;Haut-Rhin;00-17 ans;Hommes et Femmes;423.539901917075;44;Grand Est
2022;68;Haut-Rhin;18-24 ans;Hommes;548.7493619193469;44;Grand Est
2022;68;Haut-Rhin;45-64 ans;Hommes;517.136483471912;44;Grand Est
2022;68;Haut-Rhin;00-17 ans;Femmes;554.394986340993;44;Grand Est
2022;68;Haut-Rhin;18-24 ans;Femmes;1356.07437438837;44;Grand Est
2022;68;Haut-Rhin;45-64 ans;Femmes;582.951638807923;44;Grand Est
2022;68;Haut-Rhin;Tous;Femmes;533.061876771856;44;Grand Est
2023;68;Haut-Rhin;65 ans et plus;Hommes;109.38157341186401;44;Grand Est
2023;68;Haut-Rhin;18-24 ans;Femmes;1260.32768519815;44;Grand Est
2023;68;Haut-Rhin;45-64 ans;Femmes;624.141090242785;44;Grand Est
2023;68;Haut-Rhin;65 ans et plus;Femmes;155.769157706774;44;Grand Est
2023;68;Haut-Rhin;Tous;Femmes;505.110852822646;44;Grand Est
2023;68;Haut-Rhin;00-17 ans;Hommes et Femmes;316.1741040156;44;Grand Est
2023;68;Haut-Rhin;18-24 ans;Hommes et Femmes;865.0290544109881;44;Grand Est
2023;68;Haut-Rhin;65 ans et plus;Hommes et Femmes;133.75656305523898;44;Grand Est
2023;68;Haut-Rhin;Tous;Hommes et Femmes;396.933254698838;44;Grand Est
2024;68;Haut-Rhin;00-17 ans;Hommes;84.0553472132419;44;Grand Est
2024;68;Haut-Rhin;45-64 ans;Hommes;337.189153748888;44;Grand Est
2024;68;Haut-Rhin;18-24 ans;Femmes;959.429824561404;44;Grand Est
2024;68;Haut-Rhin;25-44 ans;Femmes;627.010522872253;44;Grand Est
2024;68;Haut-Rhin;25-44 ans;Hommes et Femmes;535.982101148182;44;Grand Est
2020;69;Rhône;18-24 ans;Hommes;478.177300642258;84;Auvergne et Rhône-Alpes
2020;69;Rhône;45-64 ans;Hommes;523.963630759747;84;Auvergne et Rhône-Alpes
2020;69;Rhône;65 ans et plus;Hommes;199.42795665066;84;Auvergne et Rhône-Alpes
2020;69;Rhône;25-44 ans;Femmes;728.449129602324;84;Auvergne et Rhône-Alpes
2020;69;Rhône;Tous;Femmes;661.886665686871;84;Auvergne et Rhône-Alpes
2020;69;Rhône;25-44 ans;Hommes et Femmes;621.368624919303;84;Auvergne et Rhône-Alpes
2021;69;Rhône;18-24 ans;Hommes;408.822316888828;84;Auvergne et Rhône-Alpes
2021;69;Rhône;25-44 ans;Hommes;365.066409438302;84;Auvergne et Rhône-Alpes
2021;69;Rhône;65 ans et plus;Hommes;95.3998650440933;84;Auvergne et Rhône-Alpes
2021;69;Rhône;Tous;Hommes;262.15314080373;84;Auvergne et Rhône-Alpes
2021;69;Rhône;00-17 ans;Femmes;557.652711050103;84;Auvergne et Rhône-Alpes
2021;69;Rhône;00-17 ans;Hommes et Femmes;316.644486255794;84;Auvergne et Rhône-Alpes
2021;69;Rhône;45-64 ans;Hommes et Femmes;547.7299383946159;84;Auvergne et Rhône-Alpes
2021;69;Rhône;65 ans et plus;Hommes et Femmes;166.958932302878;84;Auvergne et Rhône-Alpes
2022;69;Rhône;18-24 ans;Hommes;554.08560311284;84;Auvergne et Rhône-Alpes
2022;69;Rhône;25-44 ans;Hommes;366.00531343621003;84;Auvergne et Rhône-Alpes
2022;69;Rhône;45-64 ans;Hommes;373.766875676559;84;Auvergne et Rhône-Alpes
2022;69;Rhône;Tous;Hommes;271.45571700027097;84;Auvergne et Rhône-Alpes
2022;69;Rhône;18-24 ans;Femmes;1474.79910095754;84;Auvergne et Rhône-Alpes
2022;69;Rhône;45-64 ans;Femmes;669.780157193302;84;Auvergne et Rhône-Alpes
2022;69;Rhône;00-17 ans;Hommes et Femmes;288.184438040346;84;Auvergne et Rhône-Alpes
2022;69;Rhône;18-24 ans;Hommes et Femmes;1016.93341175742;84;Auvergne et Rhône-Alpes
2023;69;Rhône;00-17 ans;Hommes;113.89521640091101;84;Auvergne et Rhône-Alpes
2023;69;Rhône;65 ans et plus;Hommes;124.21074422937599;84;Auvergne et Rhône-Alpes
2023;69;Rhône;00-17 ans;Femmes;599.219620958751;84;Auvergne et Rhône-Alpes
2023;69;Rhône;18-24 ans;Femmes;1970.2492365284202;84;Auvergne et Rhône-Alpes
2023;69;Rhône;25-44 ans;Hommes et Femmes;462.778701254107;84;Auvergne et Rhône-Alpes
2024;69;Rhône;65 ans et plus;Hommes;100.00192311390602;84;Auvergne et Rhône-Alpes
2024;69;Rhône;Tous;Hommes;289.600098464033;84;Auvergne et Rhône-Alpes
2024;69;Rhône;00-17 ans;Femmes;761.408173483658;84;Auvergne et Rhône-Alpes
2024;69;Rhône;18-24 ans;Hommes et Femmes;1188.9352317944301;84;Auvergne et Rhône-Alpes
2024;69;Rhône;25-44 ans;Hommes et Femmes;476.526385303476;84;Auvergne et Rhône-Alpes
2020;70;Haute-Saône;45-64 ans;Hommes;783.956244302644;27;Bourgogne et Franche-Comté
2020;70;Haute-Saône;65 ans et plus;Hommes et Femmes;291.379432876128;27;Bourgogne et Franche-Comté
2020;70;Haute-Saône;Tous;Hommes et Femmes;773.1265686626031;27;Bourgogne et Franche-Comté
2021;70;Haute-Saône;25-44 ans;Hommes et Femmes;896.468787580628;27;Bourgogne et Franche-Comté
2021;70;Haute-Saône;45-64 ans;Hommes et Femmes;1014.64535273284;27;Bourgogne et Franche-Comté
2022;70;Haute-Saône;65 ans et plus;Hommes;65.65988181221269;27;Bourgogne et Franche-Comté
2022;70;Haute-Saône;65 ans et plus;Femmes;207.68431983385298;27;Bourgogne et Franche-Comté
2022;70;Haute-Saône;Tous;Femmes;860.2237389443079;27;Bourgogne et Franche-Comté
2022;70;Haute-Saône;18-24 ans;Hommes et Femmes;1053.55575065847;27;Bourgogne et Franche-Comté
2022;70;Haute-Saône;25-44 ans;Hommes et Femmes;778.2898105478749;27;Bourgogne et Franche-Comté
2022;70;Haute-Saône;45-64 ans;Hommes et Femmes;969.439571600037;27;Bourgogne et Franche-Comté
2022;70;Haute-Saône;65 ans et plus;Hommes et Femmes;141.260287433976;27;Bourgogne et Franche-Comté
2023;70;Haute-Saône;65 ans et plus;Hommes;200.66889632107;27;Bourgogne et Franche-Comté
2023;70;Haute-Saône;Tous;Hommes;510.729436961984;27;Bourgogne et Franche-Comté
2023;70;Haute-Saône;00-17 ans;Femmes;1271.8204488778101;27;Bourgogne et Franche-Comté
2023;70;Haute-Saône;18-24 ans;Femmes;2159.4684385382097;27;Bourgogne et Franche-Comté
2023;70;Haute-Saône;45-64 ans;Femmes;1082.2012433801501;27;Bourgogne et Franche-Comté
2024;70;Haute-Saône;18-24 ans;Hommes;1065.98984771574;27;Bourgogne et Franche-Comté
2024;70;Haute-Saône;25-44 ans;Hommes;747.224594363792;27;Bourgogne et Franche-Comté
2024;70;Haute-Saône;45-64 ans;Hommes;656.194074368662;27;Bourgogne et Franche-Comté
2024;70;Haute-Saône;Tous;Hommes;452.374968585072;27;Bourgogne et Franche-Comté
2024;70;Haute-Saône;45-64 ans;Femmes;1156.20040807073;27;Bourgogne et Franche-Comté
2024;70;Haute-Saône;45-64 ans;Hommes et Femmes;889.8305084745759;27;Bourgogne et Franche-Comté
2024;70;Haute-Saône;65 ans et plus;Hommes et Femmes;150.747708634829;27;Bourgogne et Franche-Comté
2020;71;Saône-et-Loire;00-17 ans;Hommes;139.292635658915;27;Bourgogne et Franche-Comté
2020;71;Saône-et-Loire;25-44 ans;Hommes;785.755021861732;27;Bourgogne et Franche-Comté
2020;71;Saône-et-Loire;45-64 ans;Hommes;652.443400535004;27;Bourgogne et Franche-Comté
2020;71;Saône-et-Loire;Tous;Hommes;456.68419595903697;27;Bourgogne et Franche-Comté
2020;71;Saône-et-Loire;00-17 ans;Femmes;491.943533437901;27;Bourgogne et Franche-Comté
2020;71;Saône-et-Loire;45-64 ans;Femmes;1298.50406257119;27;Bourgogne et Franche-Comté
2020;71;Saône-et-Loire;65 ans et plus;Femmes;362.483008608971;27;Bourgogne et Franche-Comté
2020;71;Saône-et-Loire;Tous;Hommes et Femmes;593.1256804332149;27;Bourgogne et Franche-Comté
2021;71;Saône-et-Loire;Tous;Femmes;723.404255319149;27;Bourgogne et Franche-Comté
2021;71;Saône-et-Loire;65 ans et plus;Hommes et Femmes;241.956735261002;27;Bourgogne et Franche-Comté
2022;71;Saône-et-Loire;Tous;Hommes;316.77045493859197;27;Bourgogne et Franche-Comté
2022;71;Saône-et-Loire;25-44 ans;Femmes;773.9837398373979;27;Bourgogne et Franche-Comté
2022;71;Saône-et-Loire;18-24 ans;Hommes et Femmes;964.269202826762;27;Bourgogne et Franche-Comté
2022;71;Saône-et-Loire;65 ans et plus;Hommes et Femmes;236.800561305034;27;Bourgogne et Franche-Comté
2022;71;Saône-et-Loire;Tous;Hommes et Femmes;487.124778451361;27;Bourgogne et Franche-Comté
2023;71;Saône-et-Loire;45-64 ans;Hommes;436.10989969472297;27;Bourgogne et Franche-Comté
2023;71;Saône-et-Loire;Tous;Hommes;272.190441040782;27;Bourgogne et Franche-Comté
2023;71;Saône-et-Loire;65 ans et plus;Femmes;315.224955991321;27;Bourgogne et Franche-Comté
2023;71;Saône-et-Loire;65 ans et plus;Hommes et Femmes;234.92732621964598;27;Bourgogne et Franche-Comté
2024;71;Saône-et-Loire;45-64 ans;Hommes;392.72819408374;27;Bourgogne et Franche-Comté
2024;71;Saône-et-Loire;45-64 ans;Femmes;860.2308653775459;27;Bourgogne et Franche-Comté
2024;71;Saône-et-Loire;65 ans et plus;Femmes;226.064884587927;27;Bourgogne et Franche-Comté
2024;71;Saône-et-Loire;00-17 ans;Hommes et Femmes;349.426757411045;27;Bourgogne et Franche-Comté
2024;71;Saône-et-Loire;25-44 ans;Hommes et Femmes;670.08792861112;27;Bourgogne et Franche-Comté
2020;72;Sarthe;18-24 ans;Hommes;1152.79406017976;52;Pays de la Loire
2020;72;Sarthe;25-44 ans;Hommes;1184.8150237769;52;Pays de la Loire
2020;72;Sarthe;18-24 ans;Femmes;1942.14040056646;52;Pays de la Loire
2020;72;Sarthe;25-44 ans;Femmes;1585.05805148915;52;Pays de la Loire
2020;72;Sarthe;45-64 ans;Femmes;1595.33817348109;52;Pays de la Loire
2020;72;Sarthe;65 ans et plus;Femmes;279.314310750863;52;Pays de la Loire
2020;72;Sarthe;45-64 ans;Hommes et Femmes;1196.93446999053;52;Pays de la Loire
2021;72;Sarthe;45-64 ans;Hommes;649.823539297518;52;Pays de la Loire
2021;72;Sarthe;Tous;Femmes;752.3922538945139;52;Pays de la Loire
2021;72;Sarthe;25-44 ans;Hommes et Femmes;865.761414380753;52;Pays de la Loire
2021;72;Sarthe;45-64 ans;Hommes et Femmes;805.46741518184;52;Pays de la Loire
2021;72;Sarthe;65 ans et plus;Hommes et Femmes;202.006748357308;52;Pays de la Loire
2022;72;Sarthe;00-17 ans;Hommes;229.598203144497;52;Pays de la Loire
2022;72;Sarthe;18-24 ans;Hommes;778.0979827089341;52;Pays de la Loire
2022;72;Sarthe;25-44 ans;Hommes;732.785849652558;52;Pays de la Loire
2022;72;Sarthe;45-64 ans;Hommes;526.726492391728;52;Pays de la Loire
2022;72;Sarthe;Tous;Hommes;417.42894689376203;52;Pays de la Loire
2022;72;Sarthe;45-64 ans;Femmes;903.54283902671;52;Pays de la Loire
2022;72;Sarthe;00-17 ans;Hommes et Femmes;496.72918758991295;52;Pays de la Loire
2022;72;Sarthe;18-24 ans;Hommes et Femmes;1188.95326962149;52;Pays de la Loire
2022;72;Sarthe;45-64 ans;Hommes et Femmes;696.503196771083;52;Pays de la Loire
2022;72;Sarthe;Tous;Hommes et Femmes;581.36397971296;52;Pays de la Loire
2023;72;Sarthe;65 ans et plus;Hommes;193.87359441644;52;Pays de la Loire
2023;72;Sarthe;45-64 ans;Femmes;1133.14447592068;52;Pays de la Loire
2023;72;Sarthe;65 ans et plus;Femmes;319.763279721281;52;Pays de la Loire
2024;72;Sarthe;00-17 ans;Hommes;229.33214006040902;52;Pays de la Loire
2024;72;Sarthe;25-44 ans;Hommes;855.44342712023;52;Pays de la Loire
2024;72;Sarthe;65 ans et plus;Femmes;284.743271792046;52;Pays de la Loire
2024;72;Sarthe;18-24 ans;Hommes et Femmes;1520.65557151305;52;Pays de la Loire
2024;72;Sarthe;25-44 ans;Hommes et Femmes;960.579303210551;52;Pays de la Loire
2024;72;Sarthe;45-64 ans;Hommes et Femmes;891.4743323386091;52;Pays de la Loire
2020;73;Savoie;18-24 ans;Hommes;250.125062531266;84;Auvergne et Rhône-Alpes
2020;73;Savoie;25-44 ans;Hommes;166.373067136426;84;Auvergne et Rhône-Alpes
2020;73;Savoie;Tous;Hommes;144.88701354820702;84;Auvergne et Rhône-Alpes
2020;73;Savoie;Tous;Femmes;283.20341011941304;84;Auvergne et Rhône-Alpes
2020;73;Savoie;65 ans et plus;Hommes et Femmes;105.46051089758599;84;Auvergne et Rhône-Alpes
2020;73;Savoie;Tous;Hommes et Femmes;209.261876290901;84;Auvergne et Rhône-Alpes
2021;73;Savoie;65 ans et plus;Hommes;97.0795243103309;84;Auvergne et Rhône-Alpes
2021;73;Savoie;Tous;Hommes;157.219269613958;84;Auvergne et Rhône-Alpes
2021;73;Savoie;25-44 ans;Femmes;335.845347313237;84;Auvergne et Rhône-Alpes
2021;73;Savoie;45-64 ans;Femmes;283.763412255032;84;Auvergne et Rhône-Alpes
2021;73;Savoie;65 ans et plus;Femmes;183.836526903769;84;Auvergne et Rhône-Alpes
2021;73;Savoie;18-24 ans;Hommes et Femmes;350.307587149692;84;Auvergne et Rhône-Alpes
2021;73;Savoie;Tous;Hommes et Femmes;226.790282489976;84;Auvergne et Rhône-Alpes
2022;73;Savoie;45-64 ans;Hommes;233.840988128073;84;Auvergne et Rhône-Alpes
2022;73;Savoie;65 ans et plus;Hommes;55.2147239263804;84;Auvergne et Rhône-Alpes
2022;73;Savoie;00-17 ans;Femmes;247.92849220330103;84;Auvergne et Rhône-Alpes
2022;73;Savoie;45-64 ans;Femmes;303.161541792984;84;Auvergne et Rhône-Alpes
2022;73;Savoie;Tous;Femmes;303.567278642807;84;Auvergne et Rhône-Alpes
2022;73;Savoie;00-17 ans;Hommes et Femmes;136.496965120669;84;Auvergne et Rhône-Alpes
2022;73;Savoie;25-44 ans;Hommes et Femmes;308.11667351370403;84;Auvergne et Rhône-Alpes
2023;73;Savoie;45-64 ans;Hommes;203.96600566572198;84;Auvergne et Rhône-Alpes
2023;73;Savoie;Tous;Femmes;321.301898602128;84;Auvergne et Rhône-Alpes
2023;73;Savoie;18-24 ans;Hommes et Femmes;564.428195753961;84;Auvergne et Rhône-Alpes
2023;73;Savoie;25-44 ans;Hommes et Femmes;329.594239025066;84;Auvergne et Rhône-Alpes
2023;73;Savoie;45-64 ans;Hommes et Femmes;231.655396944653;84;Auvergne et Rhône-Alpes
2024;73;Savoie;Tous;Hommes;199.418271561412;84;Auvergne et Rhône-Alpes
2024;73;Savoie;18-24 ans;Femmes;1019.88122902143;84;Auvergne et Rhône-Alpes
2024;73;Savoie;Tous;Femmes;389.917838741122;84;Auvergne et Rhône-Alpes
2024;73;Savoie;00-17 ans;Hommes et Femmes;280.62110805249;84;Auvergne et Rhône-Alpes
2024;73;Savoie;25-44 ans;Hommes et Femmes;348.92185656550396;84;Auvergne et Rhône-Alpes
2020;74;Haute-Savoie;65 ans et plus;Hommes;85.67879021548221;84;Auvergne et Rhône-Alpes
2020;74;Haute-Savoie;45-64 ans;Femmes;519.8832542867569;84;Auvergne et Rhône-Alpes
2020;74;Haute-Savoie;25-44 ans;Hommes et Femmes;310.809781366649;84;Auvergne et Rhône-Alpes
2020;74;Haute-Savoie;65 ans et plus;Hommes et Femmes;130.323201539819;84;Auvergne et Rhône-Alpes
2021;74;Haute-Savoie;45-64 ans;Hommes;211.72519529824;84;Auvergne et Rhône-Alpes
2021;74;Haute-Savoie;25-44 ans;Femmes;287.508722958828;84;Auvergne et Rhône-Alpes
2021;74;Haute-Savoie;18-24 ans;Hommes et Femmes;352.56929810342;84;Auvergne et Rhône-Alpes
2022;74;Haute-Savoie;00-17 ans;Hommes;98.7832791229972;84;Auvergne et Rhône-Alpes
2022;74;Haute-Savoie;18-24 ans;Hommes;269.584522676816;84;Auvergne et Rhône-Alpes
2022;74;Haute-Savoie;Tous;Hommes;180.72868707137098;84;Auvergne et Rhône-Alpes
2022;74;Haute-Savoie;25-44 ans;Femmes;382.895472330911;84;Auvergne et Rhône-Alpes
2022;74;Haute-Savoie;Tous;Femmes;390.904464424006;84;Auvergne et Rhône-Alpes
2022;74;Haute-Savoie;25-44 ans;Hommes et Femmes;323.082122338628;84;Auvergne et Rhône-Alpes
2022;74;Haute-Savoie;45-64 ans;Hommes et Femmes;324.326436512123;84;Auvergne et Rhône-Alpes
2022;74;Haute-Savoie;Tous;Hommes et Femmes;282.090959215979;84;Auvergne et Rhône-Alpes
2023;74;Haute-Savoie;00-17 ans;Hommes;80.4460595300841;84;Auvergne et Rhône-Alpes
2023;74;Haute-Savoie;25-44 ans;Hommes;233.799971135806;84;Auvergne et Rhône-Alpes
2023;74;Haute-Savoie;45-64 ans;Hommes;196.524218719895;84;Auvergne et Rhône-Alpes
2023;74;Haute-Savoie;65 ans et plus;Hommes;80.0320128051221;84;Auvergne et Rhône-Alpes
2023;74;Haute-Savoie;Tous;Hommes;157.22915585246;84;Auvergne et Rhône-Alpes
2023;74;Haute-Savoie;65 ans et plus;Femmes;133.633422422282;84;Auvergne et Rhône-Alpes
2024;74;Haute-Savoie;25-44 ans;Hommes;200.82126907052702;84;Auvergne et Rhône-Alpes
2024;74;Haute-Savoie;Tous;Hommes;159.661027357303;84;Auvergne et Rhône-Alpes
2024;74;Haute-Savoie;00-17 ans;Femmes;456.092579986385;84;Auvergne et Rhône-Alpes
2024;74;Haute-Savoie;45-64 ans;Femmes;415.14598540146005;84;Auvergne et Rhône-Alpes
2020;75;Paris;18-24 ans;Hommes;474.867843383209;11;Île-de-France
2020;75;Paris;45-64 ans;Hommes et Femmes;421.205979224728;11;Île-de-France
2021;75;Paris;18-24 ans;Hommes;421.52350638737204;11;Île-de-France
2021;75;Paris;25-44 ans;Hommes;325.38699268900405;11;Île-de-France
2021;75;Paris;45-64 ans;Hommes;305.643267751599;11;Île-de-France
2021;75;Paris;25-44 ans;Femmes;625.637130464331;11;Île-de-France
2021;75;Paris;00-17 ans;Hommes et Femmes;285.614817867267;11;Île-de-France
2021;75;Paris;45-64 ans;Hommes et Femmes;373.104617169637;11;Île-de-France
2022;75;Paris;18-24 ans;Hommes;331.527691442441;11;Île-de-France
2022;75;Paris;25-44 ans;Hommes;227.48303516347897;11;Île-de-France
2022;75;Paris;00-17 ans;Femmes;372.16579156345205;11;Île-de-France
2022;75;Paris;25-44 ans;Femmes;399.800099950025;11;Île-de-France
2022;75;Paris;45-64 ans;Femmes;291.201429209469;11;Île-de-France
2022;75;Paris;18-24 ans;Hommes et Femmes;563.78040387178;11;Île-de-France
2022;75;Paris;45-64 ans;Hommes et Femmes;230.040923069472;11;Île-de-France
2022;75;Paris;Tous;Hommes et Femmes;254.15876097604;11;Île-de-France
2023;75;Paris;65 ans et plus;Hommes;58.551927194860795;11;Île-de-France
2023;75;Paris;Tous;Hommes;181.875405598866;11;Île-de-France
2023;75;Paris;18-24 ans;Femmes;1102.3332720926;11;Île-de-France
2023;75;Paris;25-44 ans;Femmes;399.759585144598;11;Île-de-France
2024;75;Paris;25-44 ans;Hommes;224.68850003404398;11;Île-de-France
2024;75;Paris;Tous;Hommes;174.346406572531;11;Île-de-France
2024;75;Paris;25-44 ans;Hommes et Femmes;294.446767867437;11;Île-de-France
2024;75;Paris;45-64 ans;Hommes et Femmes;215.305441151096;11;Île-de-France
2024;75;Paris;65 ans et plus;Hommes et Femmes;106.820963614109;11;Île-de-France
2024;75;Paris;Tous;Hommes et Femmes;260.22736117413604;11;Île-de-France
2020;76;Seine-Maritime;00-17 ans;Hommes;161.989405017293;28;Normandie
2020;76;Seine-Maritime;45-64 ans;Hommes;532.5975359342921;28;Normandie
2020;76;Seine-Maritime;Tous;Hommes;333.88137093714397;28;Normandie
2020;76;Seine-Maritime;00-17 ans;Femmes;312.261808167982;28;Normandie
2020;76;Seine-Maritime;45-64 ans;Femmes;836.835785049535;28;Normandie
2020;76;Seine-Maritime;Tous;Femmes;515.995872033024;28;Normandie
2020;76;Seine-Maritime;45-64 ans;Hommes et Femmes;672.742680248344;28;Normandie
2020;76;Seine-Maritime;Tous;Hommes et Femmes;423.00530286922;28;Normandie
2021;76;Seine-Maritime;45-64 ans;Hommes;363.51886258986997;28;Normandie
2021;76;Seine-Maritime;Tous;Hommes;274.743082806867;28;Normandie
2021;76;Seine-Maritime;45-64 ans;Femmes;720.044310419103;28;Normandie
2021;76;Seine-Maritime;Tous;Femmes;479.483870967742;28;Normandie
2021;76;Seine-Maritime;00-17 ans;Hommes et Femmes;215.39844472146598;28;Normandie
2021;76;Seine-Maritime;25-44 ans;Hommes et Femmes;515.724899622037;28;Normandie
2021;76;Seine-Maritime;Tous;Hommes et Femmes;375.79685669511804;28;Normandie
2022;76;Seine-Maritime;00-17 ans;Hommes;91.31840953770059;28;Normandie
2022;76;Seine-Maritime;25-44 ans;Hommes;286.685656528531;28;Normandie
2022;76;Seine-Maritime;45-64 ans;Hommes;313.857490504674;28;Normandie
2022;76;Seine-Maritime;25-44 ans;Femmes;427.45894701202;28;Normandie
2022;76;Seine-Maritime;00-17 ans;Hommes et Femmes;185.911441017221;28;Normandie
2022;76;Seine-Maritime;18-24 ans;Hommes et Femmes;588.003892420133;28;Normandie
2022;76;Seine-Maritime;25-44 ans;Hommes et Femmes;352.09882371454404;28;Normandie
2022;76;Seine-Maritime;45-64 ans;Hommes et Femmes;430.117861905735;28;Normandie
2023;76;Seine-Maritime;00-17 ans;Hommes;107.700592353258;28;Normandie
2023;76;Seine-Maritime;18-24 ans;Hommes;213.46866441114898;28;Normandie
2023;76;Seine-Maritime;65 ans et plus;Hommes;67.12535660345699;28;Normandie
2023;76;Seine-Maritime;Tous;Hommes;167.839091039171;28;Normandie
2023;76;Seine-Maritime;45-64 ans;Femmes;405.32067359369404;28;Normandie
2023;76;Seine-Maritime;18-24 ans;Hommes et Femmes;411.12214498510406;28;Normandie
2023;76;Seine-Maritime;45-64 ans;Hommes et Femmes;316.202974250502;28;Normandie
2023;76;Seine-Maritime;65 ans et plus;Hommes et Femmes;110.913089640528;28;Normandie
2024;76;Seine-Maritime;00-17 ans;Hommes;106.54950605753699;28;Normandie
2024;76;Seine-Maritime;18-24 ans;Hommes;265.846971836836;28;Normandie
2024;76;Seine-Maritime;25-44 ans;Hommes;256.110178259468;28;Normandie
2024;76;Seine-Maritime;45-64 ans;Hommes;266.587046002261;28;Normandie
2024;76;Seine-Maritime;Tous;Hommes;179.245283018868;28;Normandie
2024;76;Seine-Maritime;45-64 ans;Femmes;441.69611307420496;28;Normandie
2024;76;Seine-Maritime;Tous;Femmes;344.917064212859;28;Normandie
2024;76;Seine-Maritime;00-17 ans;Hommes et Femmes;209.903569053425;28;Normandie
2024;76;Seine-Maritime;25-44 ans;Hommes et Femmes;302.748852412167;28;Normandie
2020;77;Seine-et-Marne;18-24 ans;Hommes;334.29908624916396;11;Île-de-France
2020;77;Seine-et-Marne;Tous;Hommes;274.280146988743;11;Île-de-France
2020;77;Seine-et-Marne;00-17 ans;Femmes;531.861006990173;11;Île-de-France
2020;77;Seine-et-Marne;18-24 ans;Femmes;722.6291823401309;11;Île-de-France
2020;77;Seine-et-Marne;65 ans et plus;Femmes;260.60669237986;11;Île-de-France
2020;77;Seine-et-Marne;65 ans et plus;Hommes et Femmes;197.205318909173;11;Île-de-France
2020;77;Seine-et-Marne;Tous;Hommes et Femmes;390.827454174291;11;Île-de-France
2021;77;Seine-et-Marne;00-17 ans;Hommes;177.868493949555;11;Île-de-France
2021;77;Seine-et-Marne;45-64 ans;Hommes;298.82767604015;11;Île-de-France
2021;77;Seine-et-Marne;Tous;Hommes;247.221755514485;11;Île-de-France
2021;77;Seine-et-Marne;65 ans et plus;Femmes;232.129992795966;11;Île-de-France
2021;77;Seine-et-Marne;Tous;Femmes;569.3213430808049;11;Île-de-France
2021;77;Seine-et-Marne;18-24 ans;Hommes et Femmes;641.4941128704829;11;Île-de-France
2022;77;Seine-et-Marne;65 ans et plus;Hommes;112.50894957553399;11;Île-de-France
2022;77;Seine-et-Marne;Tous;Hommes;250.85384524791002;11;Île-de-France
2022;77;Seine-et-Marne;45-64 ans;Femmes;562.797166607368;11;Île-de-France
2022;77;Seine-et-Marne;Tous;Femmes;532.5317743958719;11;Île-de-France
2022;77;Seine-et-Marne;45-64 ans;Hommes et Femmes;404.802639618722;11;Île-de-France
2022;77;Seine-et-Marne;Tous;Hommes et Femmes;391.325904240249;11;Île-de-France
2023;77;Seine-et-Marne;18-24 ans;Hommes;366.713681241185;11;Île-de-France
2023;77;Seine-et-Marne;00-17 ans;Femmes;496.755067702908;11;Île-de-France
2023;77;Seine-et-Marne;18-24 ans;Femmes;1105.82885489872;11;Île-de-France
2023;77;Seine-et-Marne;45-64 ans;Femmes;484.688874569243;11;Île-de-France
2023;77;Seine-et-Marne;65 ans et plus;Hommes et Femmes;173.71654544170602;11;Île-de-France
2024;77;Seine-et-Marne;00-17 ans;Hommes;159.522014037937;11;Île-de-France
2024;77;Seine-et-Marne;00-17 ans;Femmes;462.92427762087;11;Île-de-France
2024;77;Seine-et-Marne;18-24 ans;Femmes;1028.36533775222;11;Île-de-France
2024;77;Seine-et-Marne;Tous;Femmes;423.0195104038;11;Île-de-France
2024;77;Seine-et-Marne;18-24 ans;Hommes et Femmes;734.252222079093;11;Île-de-France
2024;77;Seine-et-Marne;45-64 ans;Hommes et Femmes;309.082574815009;11;Île-de-France
2024;77;Seine-et-Marne;65 ans et plus;Hommes et Femmes;144.206795239828;11;Île-de-France
2024;77;Seine-et-Marne;Tous;Hommes et Femmes;320.91457057604;11;Île-de-France
2020;78;Yvelines;25-44 ans;Hommes;267.153722432735;11;Île-de-France
2020;78;Yvelines;45-64 ans;Hommes;329.319748893691;11;Île-de-France
2020;78;Yvelines;Tous;Hommes;235.845644090113;11;Île-de-France
2021;78;Yvelines;00-17 ans;Hommes;116.092536305302;11;Île-de-France
2021;78;Yvelines;45-64 ans;Hommes;207.93507059731;11;Île-de-France
2021;78;Yvelines;Tous;Hommes;163.673503579552;11;Île-de-France
2021;78;Yvelines;00-17 ans;Femmes;512.586276898092;11;Île-de-France
2021;78;Yvelines;45-64 ans;Femmes;523.5027090349979;11;Île-de-France
2021;78;Yvelines;65 ans et plus;Hommes et Femmes;165.28638040225502;11;Île-de-France
2022;78;Yvelines;00-17 ans;Hommes;146.491297156809;11;Île-de-France
2022;78;Yvelines;18-24 ans;Hommes;291.441146731696;11;Île-de-France
2022;78;Yvelines;45-64 ans;Hommes;201.624194903388;11;Île-de-France
2022;78;Yvelines;65 ans et plus;Hommes;117.23711205914;11;Île-de-France
2022;78;Yvelines;45-64 ans;Femmes;319.00806548693896;11;Île-de-France
2022;78;Yvelines;18-24 ans;Hommes et Femmes;546.0999362883409;11;Île-de-France
2023;78;Yvelines;25-44 ans;Hommes;206.703472095031;11;Île-de-France
2023;78;Yvelines;Tous;Hommes;165.280443591384;11;Île-de-France
2023;78;Yvelines;00-17 ans;Femmes;521.797166520038;11;Île-de-France
2023;78;Yvelines;45-64 ans;Femmes;361.589629882313;11;Île-de-France
2023;78;Yvelines;65 ans et plus;Femmes;138.243056428302;11;Île-de-France
2023;78;Yvelines;00-17 ans;Hommes et Femmes;326.40069056675;11;Île-de-France
2023;78;Yvelines;18-24 ans;Hommes et Femmes;524.9058789458439;11;Île-de-France
2023;78;Yvelines;Tous;Hommes et Femmes;277.64876236271203;11;Île-de-France
2024;78;Yvelines;45-64 ans;Hommes;182.625237793278;11;Île-de-France
2024;78;Yvelines;18-24 ans;Femmes;912.378303198887;11;Île-de-France
2024;78;Yvelines;Tous;Femmes;428.77933513121604;11;Île-de-France
2024;78;Yvelines;45-64 ans;Hommes et Femmes;267.320115838717;11;Île-de-France
2024;78;Yvelines;65 ans et plus;Hommes et Femmes;99.80564164521721;11;Île-de-France
2024;78;Yvelines;Tous;Hommes et Femmes;294.23719454677;11;Île-de-France
2020;79;Deux-Sèvres;18-24 ans;Hommes;269.938650306748;75;Nouvelle Aquitaine
2020;79;Deux-Sèvres;25-44 ans;Hommes;387.069777173344;75;Nouvelle Aquitaine
2020;79;Deux-Sèvres;45-64 ans;Hommes;346.252652742098;75;Nouvelle Aquitaine
2020;79;Deux-Sèvres;65 ans et plus;Hommes;80.79991920008081;75;Nouvelle Aquitaine
2020;79;Deux-Sèvres;Tous;Hommes;234.701611128768;75;Nouvelle Aquitaine
2020;79;Deux-Sèvres;00-17 ans;Femmes;400.66316662061297;75;Nouvelle Aquitaine
2020;79;Deux-Sèvres;Tous;Femmes;432.697607760997;75;Nouvelle Aquitaine
2020;79;Deux-Sèvres;18-24 ans;Hommes et Femmes;462.459194776931;75;Nouvelle Aquitaine
2020;79;Deux-Sèvres;45-64 ans;Hommes et Femmes;482.14830637778505;75;Nouvelle Aquitaine
2020;79;Deux-Sèvres;Tous;Hommes et Femmes;327.77115613826;75;Nouvelle Aquitaine
2021;79;Deux-Sèvres;00-17 ans;Hommes;107.463853067605;75;Nouvelle Aquitaine
2021;79;Deux-Sèvres;25-44 ans;Hommes;350.467289719626;75;Nouvelle Aquitaine
2021;79;Deux-Sèvres;65 ans et plus;Hommes;75.3224743432822;75;Nouvelle Aquitaine
2021;79;Deux-Sèvres;00-17 ans;Femmes;372.526193247963;75;Nouvelle Aquitaine
2021;79;Deux-Sèvres;18-24 ans;Femmes;576.730190571715;75;Nouvelle Aquitaine
2021;79;Deux-Sèvres;25-44 ans;Femmes;490.261030873195;75;Nouvelle Aquitaine
2021;79;Deux-Sèvres;45-64 ans;Hommes et Femmes;497.774654485828;75;Nouvelle Aquitaine
2021;79;Deux-Sèvres;65 ans et plus;Hommes et Femmes;170.518285842495;75;Nouvelle Aquitaine
2021;79;Deux-Sèvres;Tous;Hommes et Femmes;321.532005437674;75;Nouvelle Aquitaine
2022;79;Deux-Sèvres;00-17 ans;Hommes;123.948649845064;75;Nouvelle Aquitaine
2022;79;Deux-Sèvres;00-17 ans;Femmes;706.974781048855;75;Nouvelle Aquitaine
2022;79;Deux-Sèvres;18-24 ans;Femmes;625.488663017983;75;Nouvelle Aquitaine
2022;79;Deux-Sèvres;00-17 ans;Hommes et Femmes;389.741615743637;75;Nouvelle Aquitaine
2022;79;Deux-Sèvres;Tous;Hommes et Femmes;344.375391983579;75;Nouvelle Aquitaine
2023;79;Deux-Sèvres;65 ans et plus;Hommes;91.3909705721075;75;Nouvelle Aquitaine
2023;79;Deux-Sèvres;65 ans et plus;Femmes;162.048290390536;75;Nouvelle Aquitaine
2023;79;Deux-Sèvres;Tous;Femmes;601.947335603626;75;Nouvelle Aquitaine
2023;79;Deux-Sèvres;25-44 ans;Hommes et Femmes;433.642057926013;75;Nouvelle Aquitaine
2024;79;Deux-Sèvres;45-64 ans;Hommes;365.890842565301;75;Nouvelle Aquitaine
2024;79;Deux-Sèvres;18-24 ans;Femmes;926.6613714588299;75;Nouvelle Aquitaine
2024;79;Deux-Sèvres;18-24 ans;Hommes et Femmes;590.807042419946;75;Nouvelle Aquitaine
2020;80;Somme;18-24 ans;Hommes;1128.5909712722298;32;Hauts-de-France
2020;80;Somme;45-64 ans;Hommes;1250.36993193252;32;Hauts-de-France
2020;80;Somme;65 ans et plus;Femmes;350.32404974601496;32;Hauts-de-France
2020;80;Somme;Tous;Femmes;1217.48298983509;32;Hauts-de-France
2020;80;Somme;18-24 ans;Hommes et Femmes;1544.3686006825899;32;Hauts-de-France
2020;80;Somme;25-44 ans;Hommes et Femmes;1408.4507042253501;32;Hauts-de-France
2020;80;Somme;45-64 ans;Hommes et Femmes;1633.5865392469198;32;Hauts-de-France
2020;80;Somme;Tous;Hommes et Femmes;1017.7772826381;32;Hauts-de-France
2021;80;Somme;25-44 ans;Hommes;1473.93648891552;32;Hauts-de-France
2021;80;Somme;45-64 ans;Hommes;1039.29024081115;32;Hauts-de-France
2021;80;Somme;Tous;Hommes;768.394809179825;32;Hauts-de-France
2021;80;Somme;25-44 ans;Femmes;1690.52695705148;32;Hauts-de-France
2021;80;Somme;65 ans et plus;Femmes;368.764638461155;32;Hauts-de-France
2021;80;Somme;00-17 ans;Hommes et Femmes;670.350792888035;32;Hauts-de-France
2021;80;Somme;45-64 ans;Hommes et Femmes;1509.55127983695;32;Hauts-de-France
2021;80;Somme;65 ans et plus;Hommes et Femmes;295.13034923758;32;Hauts-de-France
2021;80;Somme;Tous;Hommes et Femmes;1028.60076075654;32;Hauts-de-France
2022;80;Somme;18-24 ans;Hommes;839.2675483214649;32;Hauts-de-France
2022;80;Somme;45-64 ans;Hommes;989.805595068753;32;Hauts-de-France
2022;80;Somme;25-44 ans;Femmes;1368.30911024459;32;Hauts-de-France
2022;80;Somme;45-64 ans;Femmes;1436.82310469314;32;Hauts-de-France
2022;80;Somme;18-24 ans;Hommes et Femmes;1345.03662541046;32;Hauts-de-France
2022;80;Somme;45-64 ans;Hommes et Femmes;1191.25113917459;32;Hauts-de-France
2022;80;Somme;Tous;Hommes et Femmes;828.5567313345091;32;Hauts-de-France
2023;80;Somme;00-17 ans;Hommes;219.259778986143;32;Hauts-de-France
2023;80;Somme;65 ans et plus;Femmes;369.212058031448;32;Hauts-de-France
2023;80;Somme;00-17 ans;Hommes et Femmes;567.253373173351;32;Hauts-de-France
2023;80;Somme;18-24 ans;Hommes et Femmes;1643.85314059102;32;Hauts-de-France
2024;80;Somme;18-24 ans;Hommes;884.538271022526;32;Hauts-de-France
2024;80;Somme;00-17 ans;Femmes;908.143516450797;32;Hauts-de-France
2024;80;Somme;25-44 ans;Femmes;1526.49934251901;32;Hauts-de-France
2024;80;Somme;65 ans et plus;Femmes;374.809666965994;32;Hauts-de-France
2024;80;Somme;Tous;Hommes et Femmes;862.7873643040481;32;Hauts-de-France
2020;81;Tarn;25-44 ans;Hommes et Femmes;785.676872529879;76;Occitanie
2020;81;Tarn;Tous;Hommes et Femmes;604.5350035677479;76;Occitanie
2021;81;Tarn;00-17 ans;Hommes;235.93600235936;76;Occitanie
2021;81;Tarn;65 ans et plus;Hommes;175.804141164214;76;Occitanie
2021;81;Tarn;18-24 ans;Femmes;1219.7309417040399;76;Occitanie
2021;81;Tarn;25-44 ans;Femmes;1012.4683603637401;76;Occitanie
2021;81;Tarn;00-17 ans;Hommes et Femmes;583.806417844345;76;Occitanie
2022;81;Tarn;25-44 ans;Hommes;509.461426491994;76;Occitanie
2022;81;Tarn;00-17 ans;Femmes;1111.11111111111;76;Occitanie
2022;81;Tarn;25-44 ans;Femmes;844.2503639010191;76;Occitanie
2022;81;Tarn;45-64 ans;Femmes;1155.42303391726;76;Occitanie
2022;81;Tarn;65 ans et plus;Femmes;353.645266594124;76;Occitanie
2022;81;Tarn;00-17 ans;Hommes et Femmes;630.583289542827;76;Occitanie
2022;81;Tarn;45-64 ans;Hommes et Femmes;777.591234426085;76;Occitanie
2023;81;Tarn;45-64 ans;Hommes;616.8446026097271;76;Occitanie
2023;81;Tarn;65 ans et plus;Hommes;164.859552342908;76;Occitanie
2023;81;Tarn;Tous;Hommes;379.111140287534;76;Occitanie
2023;81;Tarn;25-44 ans;Femmes;1123.90603408567;76;Occitanie
2023;81;Tarn;65 ans et plus;Femmes;283.99781540142;76;Occitanie
2023;81;Tarn;Tous;Femmes;901.370291252019;76;Occitanie
2023;81;Tarn;25-44 ans;Hommes et Femmes;795.9479015918961;76;Occitanie
2023;81;Tarn;45-64 ans;Hommes et Femmes;913.739626121217;76;Occitanie
2023;81;Tarn;Tous;Hommes et Femmes;632.8526465897679;76;Occitanie
2024;81;Tarn;18-24 ans;Hommes;610.54579093432;76;Occitanie
2024;81;Tarn;25-44 ans;Hommes;626.762770291445;76;Occitanie
2024;81;Tarn;45-64 ans;Hommes;630.084542989312;76;Occitanie
2024;81;Tarn;65 ans et plus;Hommes;119.06179307060401;76;Occitanie
2024;81;Tarn;00-17 ans;Hommes et Femmes;633.9395380165621;76;Occitanie
2024;81;Tarn;65 ans et plus;Hommes et Femmes;210.911136107987;76;Occitanie
2024;81;Tarn;Tous;Hommes et Femmes;656.394839032945;76;Occitanie
2020;82;Tarn-et-Garonne;25-44 ans;Hommes;708.196721311475;76;Occitanie
2020;82;Tarn-et-Garonne;Tous;Femmes;868.429644139732;76;Occitanie
2020;82;Tarn-et-Garonne;18-24 ans;Hommes et Femmes;1031.77202751392;76;Occitanie
2021;82;Tarn-et-Garonne;25-44 ans;Hommes;636.86466625842;76;Occitanie
2021;82;Tarn-et-Garonne;00-17 ans;Femmes;680.7131280388979;76;Occitanie
2021;82;Tarn-et-Garonne;18-24 ans;Hommes et Femmes;758.7917700277251;76;Occitanie
2021;82;Tarn-et-Garonne;25-44 ans;Hommes et Femmes;645.792563600783;76;Occitanie
2021;82;Tarn-et-Garonne;Tous;Hommes et Femmes;546.560187559528;76;Occitanie
2022;82;Tarn-et-Garonne;45-64 ans;Hommes;679.831660731628;76;Occitanie
2022;82;Tarn-et-Garonne;65 ans et plus;Hommes;325.40675844806;76;Occitanie
2022;82;Tarn-et-Garonne;Tous;Hommes;566.6577253218879;76;Occitanie
2022;82;Tarn-et-Garonne;18-24 ans;Hommes et Femmes;1026.04577742699;76;Occitanie
2022;82;Tarn-et-Garonne;45-64 ans;Hommes et Femmes;926.978574551815;76;Occitanie
2022;82;Tarn-et-Garonne;65 ans et plus;Hommes et Femmes;293.29023762494796;76;Occitanie
2023;82;Tarn-et-Garonne;18-24 ans;Hommes;575.985821887461;76;Occitanie
2023;82;Tarn-et-Garonne;25-44 ans;Femmes;1562.15621562156;76;Occitanie
2023;82;Tarn-et-Garonne;45-64 ans;Femmes;1436.14670790985;76;Occitanie
2023;82;Tarn-et-Garonne;Tous;Femmes;1161.08425414365;76;Occitanie
2023;82;Tarn-et-Garonne;25-44 ans;Hommes et Femmes;1175.4068716094;76;Occitanie
2023;82;Tarn-et-Garonne;Tous;Hommes et Femmes;854.5796966444581;76;Occitanie
2024;82;Tarn-et-Garonne;25-44 ans;Hommes;682.279181264983;76;Occitanie
2024;82;Tarn-et-Garonne;45-64 ans;Hommes;427.122263747998;76;Occitanie
2024;82;Tarn-et-Garonne;65 ans et plus;Hommes;123.09207287050701;76;Occitanie
2024;82;Tarn-et-Garonne;25-44 ans;Femmes;1342.28187919463;76;Occitanie
2024;82;Tarn-et-Garonne;45-64 ans;Femmes;1067.07317073171;76;Occitanie
2024;82;Tarn-et-Garonne;Tous;Femmes;1076.04627424294;76;Occitanie
2020;83;Var;18-24 ans;Hommes;868.223036851245;93;Provence-Alpes-Côte d'Azur
2020;83;Var;25-44 ans;Hommes;869.0571825020079;93;Provence-Alpes-Côte d'Azur
2020;83;Var;45-64 ans;Hommes;750.686839763185;93;Provence-Alpes-Côte d'Azur
2020;83;Var;65 ans et plus;Femmes;414.742937632053;93;Provence-Alpes-Côte d'Azur
2020;83;Var;00-17 ans;Hommes et Femmes;328.503194340878;93;Provence-Alpes-Côte d'Azur
2020;83;Var;18-24 ans;Hommes et Femmes;976.351682857423;93;Provence-Alpes-Côte d'Azur
2020;83;Var;25-44 ans;Hommes et Femmes;944.643134815736;93;Provence-Alpes-Côte d'Azur
2020;83;Var;45-64 ans;Hommes et Femmes;1125.04875895625;93;Provence-Alpes-Côte d'Azur
2020;83;Var;65 ans et plus;Hommes et Femmes;324.79249368459;93;Provence-Alpes-Côte d'Azur
2021;83;Var;00-17 ans;Hommes;156.96857874590398;93;Provence-Alpes-Côte d'Azur
2021;83;Var;65 ans et plus;Hommes;237.919435556649;93;Provence-Alpes-Côte d'Azur
2021;83;Var;Tous;Femmes;755.419231929151;93;Provence-Alpes-Côte d'Azur
2022;83;Var;Tous;Hommes;352.56585793307397;93;Provence-Alpes-Côte d'Azur
2022;83;Var;25-44 ans;Femmes;850.7259528130669;93;Provence-Alpes-Côte d'Azur
2022;83;Var;45-64 ans;Femmes;1122.32994086649;93;Provence-Alpes-Côte d'Azur
2022;83;Var;65 ans et plus;Femmes;412.19171494653006;93;Provence-Alpes-Côte d'Azur
2023;83;Var;18-24 ans;Hommes;489.642184557439;93;Provence-Alpes-Côte d'Azur
2023;83;Var;45-64 ans;Hommes;516.975308641975;93;Provence-Alpes-Côte d'Azur
2023;83;Var;18-24 ans;Femmes;1934.27415375506;93;Provence-Alpes-Côte d'Azur
2023;83;Var;45-64 ans;Femmes;1142.13730841906;93;Provence-Alpes-Côte d'Azur
2023;83;Var;65 ans et plus;Femmes;406.96876857652404;93;Provence-Alpes-Côte d'Azur
2023;83;Var;Tous;Femmes;831.486434849064;93;Provence-Alpes-Côte d'Azur
2023;83;Var;Tous;Hommes et Femmes;569.5648122262601;93;Provence-Alpes-Côte d'Azur
2024;83;Var;25-44 ans;Femmes;1055.79468854057;93;Provence-Alpes-Côte d'Azur
2024;83;Var;45-64 ans;Femmes;1112.26395517742;93;Provence-Alpes-Côte d'Azur
2020;84;Vaucluse;25-44 ans;Hommes;643.298551311924;93;Provence-Alpes-Côte d'Azur
2020;84;Vaucluse;45-64 ans;Hommes;619.834710743802;93;Provence-Alpes-Côte d'Azur
2020;84;Vaucluse;Tous;Hommes;416.08403533303806;93;Provence-Alpes-Côte d'Azur
2020;84;Vaucluse;45-64 ans;Femmes;745.836816048351;93;Provence-Alpes-Côte d'Azur
2020;84;Vaucluse;Tous;Femmes;513.887496239848;93;Provence-Alpes-Côte d'Azur
2021;84;Vaucluse;65 ans et plus;Hommes;126.200027042863;93;Provence-Alpes-Côte d'Azur
2021;84;Vaucluse;00-17 ans;Femmes;634.905922699045;93;Provence-Alpes-Côte d'Azur
2021;84;Vaucluse;65 ans et plus;Femmes;269.594436195983;93;Provence-Alpes-Côte d'Azur
2021;84;Vaucluse;65 ans et plus;Hommes et Femmes;203.009564471233;93;Provence-Alpes-Côte d'Azur
2022;84;Vaucluse;00-17 ans;Hommes;76.1662964138369;93;Provence-Alpes-Côte d'Azur
2022;84;Vaucluse;65 ans et plus;Hommes;116.559173206931;93;Provence-Alpes-Côte d'Azur
2022;84;Vaucluse;18-24 ans;Femmes;1254.8625925461201;93;Provence-Alpes-Côte d'Azur
2022;84;Vaucluse;25-44 ans;Femmes;584.487388763098;93;Provence-Alpes-Côte d'Azur
2022;84;Vaucluse;25-44 ans;Hommes et Femmes;441.169568686347;93;Provence-Alpes-Côte d'Azur
2022;84;Vaucluse;65 ans et plus;Hommes et Femmes;177.027051946376;93;Provence-Alpes-Côte d'Azur
2023;84;Vaucluse;18-24 ans;Hommes;305.05027680488104;93;Provence-Alpes-Côte d'Azur
2023;84;Vaucluse;45-64 ans;Hommes;346.74393198119;93;Provence-Alpes-Côte d'Azur
2023;84;Vaucluse;Tous;Femmes;521.702418527975;93;Provence-Alpes-Côte d'Azur
2023;84;Vaucluse;00-17 ans;Hommes et Femmes;260.735380194753;93;Provence-Alpes-Côte d'Azur
2023;84;Vaucluse;18-24 ans;Hommes et Femmes;590.503735839961;93;Provence-Alpes-Côte d'Azur
2023;84;Vaucluse;65 ans et plus;Hommes et Femmes;172.308575941415;93;Provence-Alpes-Côte d'Azur
2024;84;Vaucluse;00-17 ans;Hommes;116.67894866126301;93;Provence-Alpes-Côte d'Azur
2024;84;Vaucluse;45-64 ans;Hommes;377.701934015927;93;Provence-Alpes-Côte d'Azur
2024;84;Vaucluse;65 ans et plus;Hommes;121.19051862413099;93;Provence-Alpes-Côte d'Azur
2024;84;Vaucluse;Tous;Hommes;261.800261800262;93;Provence-Alpes-Côte d'Azur
2024;84;Vaucluse;00-17 ans;Femmes;750.31744199469;93;Provence-Alpes-Côte d'Azur
2024;84;Vaucluse;18-24 ans;Femmes;1025.16309412861;93;Provence-Alpes-Côte d'Azur
2024;84;Vaucluse;25-44 ans;Femmes;564.312122981125;93;Provence-Alpes-Côte d'Azur
2024;84;Vaucluse;45-64 ans;Femmes;645.32782653588;93;Provence-Alpes-Côte d'Azur
2024;84;Vaucluse;Tous;Femmes;557.813146705798;93;Provence-Alpes-Côte d'Azur
2024;84;Vaucluse;00-17 ans;Hommes et Femmes;397.896103008983;93;Provence-Alpes-Côte d'Azur
2024;84;Vaucluse;18-24 ans;Hommes et Femmes;720.255113261491;93;Provence-Alpes-Côte d'Azur
2020;85;Vendée;25-44 ans;Hommes;648.872834303298;52;Pays de la Loire
2020;85;Vendée;65 ans et plus;Femmes;300.635213111574;52;Pays de la Loire
2020;85;Vendée;25-44 ans;Hommes et Femmes;792.9914659013671;52;Pays de la Loire
2020;85;Vendée;65 ans et plus;Hommes et Femmes;209.23666431380502;52;Pays de la Loire
2021;85;Vendée;00-17 ans;Hommes;187.86494034018799;52;Pays de la Loire
2021;85;Vendée;00-17 ans;Femmes;904.170254643868;52;Pays de la Loire
2021;85;Vendée;18-24 ans;Femmes;1495.32710280374;52;Pays de la Loire
2021;85;Vendée;25-44 ans;Femmes;1028.07145461174;52;Pays de la Loire
2021;85;Vendée;65 ans et plus;Femmes;385.320414500019;52;Pays de la Loire
2021;85;Vendée;00-17 ans;Hommes et Femmes;511.750799610624;52;Pays de la Loire
2021;85;Vendée;65 ans et plus;Hommes et Femmes;295.20439483099096;52;Pays de la Loire
2022;85;Vendée;25-44 ans;Hommes;633.5859782093789;52;Pays de la Loire
2022;85;Vendée;65 ans et plus;Hommes;169.772080981283;52;Pays de la Loire
2022;85;Vendée;00-17 ans;Femmes;1003.46223813157;52;Pays de la Loire
2022;85;Vendée;00-17 ans;Hommes et Femmes;595.238095238095;52;Pays de la Loire
2022;85;Vendée;45-64 ans;Hommes et Femmes;964.725184577522;52;Pays de la Loire
2023;85;Vendée;45-64 ans;Hommes;562.631383702238;52;Pays de la Loire
2023;85;Vendée;00-17 ans;Femmes;1200.48019207683;52;Pays de la Loire
2023;85;Vendée;25-44 ans;Femmes;1227.3429244899598;52;Pays de la Loire
2023;85;Vendée;Tous;Femmes;1077.5556500779799;52;Pays de la Loire
2023;85;Vendée;00-17 ans;Hommes et Femmes;683.740178732082;52;Pays de la Loire
2023;85;Vendée;45-64 ans;Hommes et Femmes;880.233822729744;52;Pays de la Loire
2024;85;Vendée;00-17 ans;Hommes;288.58363153641903;52;Pays de la Loire
2024;85;Vendée;45-64 ans;Hommes;681.008146639511;52;Pays de la Loire
2024;85;Vendée;65 ans et plus;Hommes;166.134744021335;52;Pays de la Loire
2024;85;Vendée;Tous;Hommes;487.17157694482995;52;Pays de la Loire
2024;85;Vendée;18-24 ans;Hommes et Femmes;1841.63556709395;52;Pays de la Loire
2020;86;Vienne;00-17 ans;Femmes;763.1969472122111;75;Nouvelle Aquitaine
2020;86;Vienne;18-24 ans;Femmes;1879.01008249313;75;Nouvelle Aquitaine
2020;86;Vienne;65 ans et plus;Femmes;260.99925428784496;75;Nouvelle Aquitaine
2020;86;Vienne;18-24 ans;Hommes et Femmes;1234.42679163333;75;Nouvelle Aquitaine
2020;86;Vienne;45-64 ans;Hommes et Femmes;992.0892231876539;75;Nouvelle Aquitaine
2021;86;Vienne;00-17 ans;Hommes;311.313591495824;75;Nouvelle Aquitaine
2021;86;Vienne;25-44 ans;Hommes;874.109263657957;75;Nouvelle Aquitaine
2021;86;Vienne;45-64 ans;Hommes;560.769054703593;75;Nouvelle Aquitaine
2021;86;Vienne;00-17 ans;Femmes;857.525681107637;75;Nouvelle Aquitaine
2021;86;Vienne;Tous;Hommes et Femmes;703.907788079762;75;Nouvelle Aquitaine
2022;86;Vienne;25-44 ans;Hommes;644.939375698684;75;Nouvelle Aquitaine
2022;86;Vienne;65 ans et plus;Hommes;80.39877793857531;75;Nouvelle Aquitaine
2022;86;Vienne;25-44 ans;Femmes;1061.54714850367;75;Nouvelle Aquitaine
2023;86;Vienne;45-64 ans;Hommes;584.195961873527;75;Nouvelle Aquitaine
2023;86;Vienne;65 ans et plus;Hommes;122.642955695232;75;Nouvelle Aquitaine
2023;86;Vienne;Tous;Hommes;432.48615124132704;75;Nouvelle Aquitaine
2023;86;Vienne;25-44 ans;Femmes;1357.5129533678798;75;Nouvelle Aquitaine
2023;86;Vienne;65 ans et plus;Femmes;213.03166091236298;75;Nouvelle Aquitaine
2023;86;Vienne;00-17 ans;Hommes et Femmes;616.104503801911;75;Nouvelle Aquitaine
2023;86;Vienne;18-24 ans;Hommes et Femmes;1362.56441610621;75;Nouvelle Aquitaine
2023;86;Vienne;25-44 ans;Hommes et Femmes;977.530692610609;75;Nouvelle Aquitaine
2023;86;Vienne;Tous;Hommes et Femmes;679.898159935193;75;Nouvelle Aquitaine
2024;86;Vienne;25-44 ans;Hommes;602.514844568634;75;Nouvelle Aquitaine
2024;86;Vienne;65 ans et plus;Hommes;66.6666666666667;75;Nouvelle Aquitaine
2024;86;Vienne;45-64 ans;Femmes;595.3089653530179;75;Nouvelle Aquitaine
2024;86;Vienne;00-17 ans;Hommes et Femmes;675.157280957496;75;Nouvelle Aquitaine
2024;86;Vienne;18-24 ans;Hommes et Femmes;1566.62719737681;75;Nouvelle Aquitaine
2024;86;Vienne;25-44 ans;Hommes et Femmes;782.494611564052;75;Nouvelle Aquitaine
2024;86;Vienne;45-64 ans;Hommes et Femmes;552.939888317092;75;Nouvelle Aquitaine
2020;87;Haute-Vienne;45-64 ans;Hommes;544.535200311163;75;Nouvelle Aquitaine
2020;87;Haute-Vienne;65 ans et plus;Hommes;153.39899886969198;75;Nouvelle Aquitaine
2020;87;Haute-Vienne;Tous;Hommes;377.043166347369;75;Nouvelle Aquitaine
2020;87;Haute-Vienne;45-64 ans;Femmes;1143.55231143552;75;Nouvelle Aquitaine
2020;87;Haute-Vienne;65 ans et plus;Femmes;331.72279512511705;75;Nouvelle Aquitaine
2020;87;Haute-Vienne;Tous;Femmes;746.235409427069;75;Nouvelle Aquitaine
2020;87;Haute-Vienne;00-17 ans;Hommes et Femmes;377.407042072308;75;Nouvelle Aquitaine
2020;87;Haute-Vienne;18-24 ans;Hommes et Femmes;987.532403406987;75;Nouvelle Aquitaine
2020;87;Haute-Vienne;45-64 ans;Hommes et Femmes;810.547930400951;75;Nouvelle Aquitaine
2021;87;Haute-Vienne;00-17 ans;Hommes;161.07209587011099;75;Nouvelle Aquitaine
2021;87;Haute-Vienne;Tous;Femmes;653.028201571891;75;Nouvelle Aquitaine
2021;87;Haute-Vienne;00-17 ans;Hommes et Femmes;361.161272398944;75;Nouvelle Aquitaine
2021;87;Haute-Vienne;18-24 ans;Hommes et Femmes;1010.8017044891501;75;Nouvelle Aquitaine
2021;87;Haute-Vienne;45-64 ans;Hommes et Femmes;651.5608285519791;75;Nouvelle Aquitaine
2021;87;Haute-Vienne;65 ans et plus;Hommes et Femmes;199.26478166764;75;Nouvelle Aquitaine
2022;87;Haute-Vienne;00-17 ans;Hommes;103.68066355624701;75;Nouvelle Aquitaine
2022;87;Haute-Vienne;25-44 ans;Hommes;550.988280566731;75;Nouvelle Aquitaine
2022;87;Haute-Vienne;45-64 ans;Hommes;610.156763353046;75;Nouvelle Aquitaine
2022;87;Haute-Vienne;65 ans et plus;Hommes;117.77695988222301;75;Nouvelle Aquitaine
2022;87;Haute-Vienne;18-24 ans;Femmes;1644.27511529978;75;Nouvelle Aquitaine
2022;87;Haute-Vienne;25-44 ans;Femmes;1111.9759813188;75;Nouvelle Aquitaine
2022;87;Haute-Vienne;45-64 ans;Femmes;1012.7991096271601;75;Nouvelle Aquitaine
2022;87;Haute-Vienne;Tous;Femmes;753.9644858038171;75;Nouvelle Aquitaine
2022;87;Haute-Vienne;65 ans et plus;Hommes et Femmes;255.638044544054;75;Nouvelle Aquitaine
2023;87;Haute-Vienne;Tous;Femmes;729.952684994635;75;Nouvelle Aquitaine
2023;87;Haute-Vienne;25-44 ans;Hommes et Femmes;764.2640664119119;75;Nouvelle Aquitaine
2024;87;Haute-Vienne;25-44 ans;Hommes;408.869319075326;75;Nouvelle Aquitaine
2024;87;Haute-Vienne;45-64 ans;Hommes;445.17724649629;75;Nouvelle Aquitaine
2024;87;Haute-Vienne;65 ans et plus;Hommes;68.3696935794642;75;Nouvelle Aquitaine
2024;87;Haute-Vienne;Tous;Hommes;277.91734706695104;75;Nouvelle Aquitaine
2024;87;Haute-Vienne;00-17 ans;Femmes;701.168614357262;75;Nouvelle Aquitaine
2024;87;Haute-Vienne;18-24 ans;Femmes;1621.81429335234;75;Nouvelle Aquitaine
2024;87;Haute-Vienne;25-44 ans;Femmes;819.5949128591619;75;Nouvelle Aquitaine
2024;87;Haute-Vienne;65 ans et plus;Femmes;288.234276820199;75;Nouvelle Aquitaine
2024;87;Haute-Vienne;Tous;Femmes;672.60803766605;75;Nouvelle Aquitaine
2024;87;Haute-Vienne;00-17 ans;Hommes et Femmes;396.67782323044503;75;Nouvelle Aquitaine
2024;87;Haute-Vienne;25-44 ans;Hommes et Femmes;595.671737733019;75;Nouvelle Aquitaine
2024;87;Haute-Vienne;45-64 ans;Hommes et Femmes;524.8319236608111;75;Nouvelle Aquitaine
2020;88;Vosges;00-17 ans;Hommes;247.43401759530798;44;Grand Est
2020;88;Vosges;18-24 ans;Hommes;441.902781388095;44;Grand Est
2020;88;Vosges;Tous;Hommes;379.266750948167;44;Grand Est
2020;88;Vosges;18-24 ans;Femmes;1388.52501964894;44;Grand Est
2020;88;Vosges;45-64 ans;Hommes et Femmes;764.936944387017;44;Grand Est
2020;88;Vosges;65 ans et plus;Hommes et Femmes;191.475781859443;44;Grand Est
2021;88;Vosges;18-24 ans;Hommes;452.284034373587;44;Grand Est
2021;88;Vosges;Tous;Hommes;337.40546829552096;44;Grand Est
2021;88;Vosges;00-17 ans;Femmes;902.6548672566371;44;Grand Est
2021;88;Vosges;00-17 ans;Hommes et Femmes;555.003313452618;44;Grand Est
2021;88;Vosges;18-24 ans;Hommes et Femmes;882.4567596187791;44;Grand Est
2021;88;Vosges;65 ans et plus;Hommes et Femmes;132.445714684047;44;Grand Est
2022;88;Vosges;45-64 ans;Hommes;394.65422907884096;44;Grand Est
2022;88;Vosges;25-44 ans;Femmes;702.7027027027029;44;Grand Est
2022;88;Vosges;00-17 ans;Hommes et Femmes;448.249132149237;44;Grand Est
2023;88;Vosges;45-64 ans;Hommes;374.642610667455;44;Grand Est
2023;88;Vosges;65 ans et plus;Hommes;96.0756780725741;44;Grand Est
2023;88;Vosges;00-17 ans;Femmes;675.390460109751;44;Grand Est
2023;88;Vosges;00-17 ans;Hommes et Femmes;377.902446626149;44;Grand Est
2024;88;Vosges;18-24 ans;Hommes;505.282498851631;44;Grand Est
2024;88;Vosges;25-44 ans;Hommes;668.669444713635;44;Grand Est
2024;88;Vosges;65 ans et plus;Hommes;59.9680170575693;44;Grand Est
2024;88;Vosges;Tous;Hommes;262.398808969945;44;Grand Est
2024;88;Vosges;00-17 ans;Femmes;760.805952679542;44;Grand Est
2024;88;Vosges;18-24 ans;Hommes et Femmes;776.675827458478;44;Grand Est
2024;88;Vosges;25-44 ans;Hommes et Femmes;720.5679771113699;44;Grand Est
2024;88;Vosges;Tous;Hommes et Femmes;417.292765330245;44;Grand Est
2020;89;Yonne;18-24 ans;Hommes;545.8744488767579;27;Bourgogne et Franche-Comté
2020;89;Yonne;Tous;Hommes;396.211660439656;27;Bourgogne et Franche-Comté
2020;89;Yonne;45-64 ans;Femmes;943.396226415094;27;Bourgogne et Franche-Comté
2020;89;Yonne;00-17 ans;Hommes et Femmes;190.997873797254;27;Bourgogne et Franche-Comté
2020;89;Yonne;18-24 ans;Hommes et Femmes;737.35590403988;27;Bourgogne et Franche-Comté
2021;89;Yonne;00-17 ans;Hommes;79.3021411578113;27;Bourgogne et Franche-Comté
2021;89;Yonne;65 ans et plus;Hommes;131.962772607307;27;Bourgogne et Franche-Comté
2021;89;Yonne;25-44 ans;Femmes;515.907136715391;27;Bourgogne et Franche-Comté
2021;89;Yonne;25-44 ans;Hommes et Femmes;525.279054497702;27;Bourgogne et Franche-Comté
2022;89;Yonne;25-44 ans;Hommes;492.449113591596;27;Bourgogne et Franche-Comté
2022;89;Yonne;45-64 ans;Hommes;546.738552661554;27;Bourgogne et Franche-Comté
2022;89;Yonne;00-17 ans;Femmes;225.063017644941;27;Bourgogne et Franche-Comté
2022;89;Yonne;45-64 ans;Femmes;649.794801641587;27;Bourgogne et Franche-Comté
2022;89;Yonne;Tous;Femmes;390.502967822555;27;Bourgogne et Franche-Comté
2022;89;Yonne;45-64 ans;Hommes et Femmes;595.214156444802;27;Bourgogne et Franche-Comté
2022;89;Yonne;65 ans et plus;Hommes et Femmes;182.868421816493;27;Bourgogne et Franche-Comté
2023;89;Yonne;00-17 ans;Hommes;120.362807892361;27;Bourgogne et Franche-Comté
2023;89;Yonne;45-64 ans;Hommes;459.77011494252895;27;Bourgogne et Franche-Comté
2023;89;Yonne;25-44 ans;Femmes;499.85079080871395;27;Bourgogne et Franche-Comté
2023;89;Yonne;45-64 ans;Femmes;543.387393412473;27;Bourgogne et Franche-Comté
2024;89;Yonne;00-17 ans;Hommes;124.939545381267;27;Bourgogne et Franche-Comté
2024;89;Yonne;18-24 ans;Hommes;386.038282129645;27;Bourgogne et Franche-Comté
2024;89;Yonne;45-64 ans;Hommes;369.13466316462;27;Bourgogne et Franche-Comté
2024;89;Yonne;00-17 ans;Femmes;226.62889518413598;27;Bourgogne et Franche-Comté
2024;89;Yonne;45-64 ans;Femmes;688.018979833926;27;Bourgogne et Franche-Comté
2024;89;Yonne;00-17 ans;Hommes et Femmes;173.792872398342;27;Bourgogne et Franche-Comté
2024;89;Yonne;25-44 ans;Hommes et Femmes;613.456245647777;27;Bourgogne et Franche-Comté
2024;89;Yonne;45-64 ans;Hommes et Femmes;519.976058656292;27;Bourgogne et Franche-Comté
2024;89;Yonne;65 ans et plus;Hommes et Femmes;167.879127028539;27;Bourgogne et Franche-Comté
2020;90;Territoire de Belfort;25-44 ans;Hommes;799.0081278413;27;Bourgogne et Franche-Comté
2020;90;Territoire de Belfort;45-64 ans;Hommes;668.943922573299;27;Bourgogne et Franche-Comté
2020;90;Territoire de Belfort;Tous;Hommes;491.93298703085804;27;Bourgogne et Franche-Comté
2020;90;Territoire de Belfort;25-44 ans;Femmes;1062.55355612682;27;Bourgogne et Franche-Comté
2021;90;Territoire de Belfort;18-24 ans;Hommes;571.584104518236;27;Bourgogne et Franche-Comté
2021;90;Territoire de Belfort;45-64 ans;Hommes;565.038257798705;27;Bourgogne et Franche-Comté
2021;90;Territoire de Belfort;00-17 ans;Femmes;428.79019908116396;27;Bourgogne et Franche-Comté
2021;90;Territoire de Belfort;65 ans et plus;Femmes;173.726009265387;27;Bourgogne et Franche-Comté
2021;90;Territoire de Belfort;Tous;Femmes;699.875239631196;27;Bourgogne et Franche-Comté
2021;90;Territoire de Belfort;25-44 ans;Hommes et Femmes;771.177250271117;27;Bourgogne et Franche-Comté
2021;90;Territoire de Belfort;45-64 ans;Hommes et Femmes;778.185092288893;27;Bourgogne et Franche-Comté
2021;90;Territoire de Belfort;65 ans et plus;Hommes et Femmes;142.08329633247502;27;Bourgogne et Franche-Comté
2022;90;Territoire de Belfort;00-17 ans;Hommes;221.69016582424402;27;Bourgogne et Franche-Comté
2022;90;Territoire de Belfort;25-44 ans;Hommes;526.370110434513;27;Bourgogne et Franche-Comté
2022;90;Territoire de Belfort;Tous;Hommes;371.75538935327796;27;Bourgogne et Franche-Comté
2022;90;Territoire de Belfort;25-44 ans;Femmes;735.673722250904;27;Bourgogne et Franche-Comté
2022;90;Territoire de Belfort;18-24 ans;Hommes et Femmes;900.7849697593621;27;Bourgogne et Franche-Comté
2022;90;Territoire de Belfort;45-64 ans;Hommes et Femmes;788.7708837960371;27;Bourgogne et Franche-Comté
2022;90;Territoire de Belfort;65 ans et plus;Hommes et Femmes;204.448806018973;27;Bourgogne et Franche-Comté
2023;90;Territoire de Belfort;00-17 ans;Femmes;553.569369161573;27;Bourgogne et Franche-Comté
2023;90;Territoire de Belfort;45-64 ans;Femmes;859.868332661561;27;Bourgogne et Franche-Comté
2023;90;Territoire de Belfort;Tous;Femmes;611.59110765945;27;Bourgogne et Franche-Comté
2023;90;Territoire de Belfort;25-44 ans;Hommes et Femmes;617.79929871431;27;Bourgogne et Franche-Comté
2023;90;Territoire de Belfort;45-64 ans;Hommes et Femmes;600.0363658403539;27;Bourgogne et Franche-Comté
2024;90;Territoire de Belfort;00-17 ans;Hommes;235.449237144472;27;Bourgogne et Franche-Comté
2024;90;Territoire de Belfort;25-44 ans;Hommes;529.747351263244;27;Bourgogne et Franche-Comté
2024;90;Territoire de Belfort;18-24 ans;Femmes;1391.30434782609;27;Bourgogne et Franche-Comté
2024;90;Territoire de Belfort;25-44 ans;Femmes;919.9274423425759;27;Bourgogne et Franche-Comté
2024;90;Territoire de Belfort;45-64 ans;Femmes;907.9480374353959;27;Bourgogne et Franche-Comté
2024;90;Territoire de Belfort;00-17 ans;Hommes et Femmes;486.938879026122;27;Bourgogne et Franche-Comté
2024;90;Territoire de Belfort;25-44 ans;Hommes et Femmes;701.494239762747;27;Bourgogne et Franche-Comté
2024;90;Territoire de Belfort;45-64 ans;Hommes et Femmes;637.0222333250059;27;Bourgogne et Franche-Comté
2024;90;Territoire de Belfort;65 ans et plus;Hommes et Femmes;127.56118950809201;27;Bourgogne et Franche-Comté
2020;91;Essonne;00-17 ans;Hommes;197.154579847605;11;Île-de-France
2020;91;Essonne;25-44 ans;Hommes;337.480148226575;11;Île-de-France
2020;91;Essonne;25-44 ans;Femmes;455.603264610443;11;Île-de-France
2020;91;Essonne;00-17 ans;Hommes et Femmes;283.112486136244;11;Île-de-France
2020;91;Essonne;65 ans et plus;Hommes et Femmes;151.017380245867;11;Île-de-France
2020;91;Essonne;Tous;Hommes et Femmes;386.215996751929;11;Île-de-France
2021;91;Essonne;25-44 ans;Hommes;264.72727272727303;11;Île-de-France
2021;91;Essonne;65 ans et plus;Hommes;75.58959887119529;11;Île-de-France
2021;91;Essonne;45-64 ans;Femmes;478.71213725905505;11;Île-de-France
2021;91;Essonne;65 ans et plus;Femmes;188.13136477035698;11;Île-de-France
2021;91;Essonne;00-17 ans;Hommes et Femmes;274.503471661553;11;Île-de-France
2021;91;Essonne;45-64 ans;Hommes et Femmes;342.873278070229;11;Île-de-France
2021;91;Essonne;65 ans et plus;Hommes et Femmes;137.713060164804;11;Île-de-France
2021;91;Essonne;Tous;Hommes et Femmes;316.67265188861;11;Île-de-France
2022;91;Essonne;18-24 ans;Hommes;261.8315114224;11;Île-de-France
2022;91;Essonne;65 ans et plus;Hommes;89.6203356688936;11;Île-de-France
2022;91;Essonne;00-17 ans;Femmes;407.298794395569;11;Île-de-France
2022;91;Essonne;25-44 ans;Femmes;339.42059470312597;11;Île-de-France
2022;91;Essonne;65 ans et plus;Femmes;150.51370983574398;11;Île-de-France
2022;91;Essonne;Tous;Femmes;399.522067059966;11;Île-de-France
2022;91;Essonne;45-64 ans;Hommes et Femmes;306.987788331072;11;Île-de-France
2022;91;Essonne;65 ans et plus;Hommes et Femmes;123.38286792589801;11;Île-de-France
2023;91;Essonne;00-17 ans;Hommes;111.91460055096401;11;Île-de-France
2023;91;Essonne;25-44 ans;Hommes;227.10755813953497;11;Île-de-France
2023;91;Essonne;Tous;Hommes;176.42377324258;11;Île-de-France
2023;91;Essonne;45-64 ans;Femmes;423.86087390139;11;Île-de-France
2023;91;Essonne;25-44 ans;Hommes et Femmes;289.632278403458;11;Île-de-France
2023;91;Essonne;45-64 ans;Hommes et Femmes;332.155046318869;11;Île-de-France
2023;91;Essonne;65 ans et plus;Hommes et Femmes;123.13249055984198;11;Île-de-France
2023;91;Essonne;Tous;Hommes et Femmes;288.989823749811;11;Île-de-France
2024;91;Essonne;45-64 ans;Femmes;316.986192812948;11;Île-de-France
2024;91;Essonne;00-17 ans;Hommes et Femmes;276.326945017218;11;Île-de-France
2024;91;Essonne;65 ans et plus;Hommes et Femmes;80.5509050131093;11;Île-de-France
2024;91;Essonne;Tous;Hommes et Femmes;277.96623755091997;11;Île-de-France
2020;92;Hauts-de-Seine;00-17 ans;Hommes;224.97433545202398;11;Île-de-France
2020;92;Hauts-de-Seine;18-24 ans;Hommes;400.579561919373;11;Île-de-France
2020;92;Hauts-de-Seine;45-64 ans;Hommes;309.102536772543;11;Île-de-France
2020;92;Hauts-de-Seine;Tous;Hommes;236.572628478709;11;Île-de-France
2020;92;Hauts-de-Seine;00-17 ans;Femmes;356.679636835279;11;Île-de-France
2020;92;Hauts-de-Seine;18-24 ans;Femmes;739.897552646557;11;Île-de-France
2020;92;Hauts-de-Seine;25-44 ans;Femmes;439.976534584822;11;Île-de-France
2020;92;Hauts-de-Seine;45-64 ans;Femmes;562.536528345997;11;Île-de-France
2020;92;Hauts-de-Seine;Tous;Femmes;424.398709940345;11;Île-de-France
2020;92;Hauts-de-Seine;25-44 ans;Hommes et Femmes;329.75874849959797;11;Île-de-France
2021;92;Hauts-de-Seine;45-64 ans;Hommes;203.98071455062401;11;Île-de-France
2021;92;Hauts-de-Seine;65 ans et plus;Hommes;53.9956803455724;11;Île-de-France
2021;92;Hauts-de-Seine;00-17 ans;Femmes;427.272395281744;11;Île-de-France
2021;92;Hauts-de-Seine;18-24 ans;Femmes;796.019900497512;11;Île-de-France
2021;92;Hauts-de-Seine;65 ans et plus;Femmes;161.94331983805702;11;Île-de-France
2021;92;Hauts-de-Seine;00-17 ans;Hommes et Femmes;272.760781422779;11;Île-de-France
2021;92;Hauts-de-Seine;18-24 ans;Hommes et Femmes;627.029091603539;11;Île-de-France
2021;92;Hauts-de-Seine;65 ans et plus;Hommes et Femmes;114.72146303607;11;Île-de-France
2021;92;Hauts-de-Seine;Tous;Hommes et Femmes;303.27245157049896;11;Île-de-France
2022;92;Hauts-de-Seine;00-17 ans;Femmes;424.268773518432;11;Île-de-France
2022;92;Hauts-de-Seine;25-44 ans;Femmes;406.698141566318;11;Île-de-France
2022;92;Hauts-de-Seine;Tous;Hommes et Femmes;304.695153793368;11;Île-de-France
2023;92;Hauts-de-Seine;18-24 ans;Hommes;298.09323122783604;11;Île-de-France
2023;92;Hauts-de-Seine;45-64 ans;Hommes;211.85420578747198;11;Île-de-France
2023;92;Hauts-de-Seine;Tous;Hommes;175.6075708366;11;Île-de-France
2023;92;Hauts-de-Seine;45-64 ans;Femmes;348.490273302303;11;Île-de-France
2023;92;Hauts-de-Seine;Tous;Femmes;408.92591172194795;11;Île-de-France
2023;92;Hauts-de-Seine;00-17 ans;Hommes et Femmes;287.617784494857;11;Île-de-France
2024;92;Hauts-de-Seine;45-64 ans;Hommes;204.826368452031;11;Île-de-France
2024;92;Hauts-de-Seine;00-17 ans;Hommes et Femmes;278.071256676645;11;Île-de-France
2024;92;Hauts-de-Seine;Tous;Hommes et Femmes;281.202355716667;11;Île-de-France
2020;93;Seine-Saint-Denis;00-17 ans;Hommes;143.07984709676;11;Île-de-France
2020;93;Seine-Saint-Denis;18-24 ans;Hommes;130.664607709212;11;Île-de-France
2020;93;Seine-Saint-Denis;00-17 ans;Femmes;266.57606565089;11;Île-de-France
2020;93;Seine-Saint-Denis;25-44 ans;Femmes;266.530697383364;11;Île-de-France
2020;93;Seine-Saint-Denis;Tous;Femmes;274.128305419049;11;Île-de-France
2020;93;Seine-Saint-Denis;18-24 ans;Hommes et Femmes;309.193973748825;11;Île-de-France
2021;93;Seine-Saint-Denis;45-64 ans;Hommes;138.918572344518;11;Île-de-France
2021;93;Seine-Saint-Denis;65 ans et plus;Femmes;120.25494047380401;11;Île-de-France
2021;93;Seine-Saint-Denis;Tous;Femmes;259.826444933103;11;Île-de-France
2021;93;Seine-Saint-Denis;45-64 ans;Hommes et Femmes;189.548173317233;11;Île-de-France
2021;93;Seine-Saint-Denis;65 ans et plus;Hommes et Femmes;85.6987584131098;11;Île-de-France
2021;93;Seine-Saint-Denis;Tous;Hommes et Femmes;192.13969189028;11;Île-de-France
2022;93;Seine-Saint-Denis;00-17 ans;Hommes;85.5332218809533;11;Île-de-France
2022;93;Seine-Saint-Denis;18-24 ans;Hommes;181.36057443186;11;Île-de-France
2022;93;Seine-Saint-Denis;25-44 ans;Hommes;212.709062621548;11;Île-de-France
2022;93;Seine-Saint-Denis;25-44 ans;Femmes;274.859036579811;11;Île-de-France
2022;93;Seine-Saint-Denis;Tous;Femmes;301.869518088419;11;Île-de-France
2022;93;Seine-Saint-Denis;18-24 ans;Hommes et Femmes;492.685803420267;11;Île-de-France
2023;93;Seine-Saint-Denis;00-17 ans;Hommes;76.9596731312792;11;Île-de-France
2023;93;Seine-Saint-Denis;25-44 ans;Hommes;142.312153936306;11;Île-de-France
2023;93;Seine-Saint-Denis;45-64 ans;Hommes;142.975393182331;11;Île-de-France
2023;93;Seine-Saint-Denis;00-17 ans;Femmes;266.610538132323;11;Île-de-France
2023;93;Seine-Saint-Denis;18-24 ans;Femmes;617.6700547302579;11;Île-de-France
2023;93;Seine-Saint-Denis;25-44 ans;Femmes;254.38703387764997;11;Île-de-France
2023;93;Seine-Saint-Denis;65 ans et plus;Femmes;126.354275882464;11;Île-de-France
2023;93;Seine-Saint-Denis;Tous;Femmes;281.430297957388;11;Île-de-France
2023;93;Seine-Saint-Denis;18-24 ans;Hommes et Femmes;403.461473199977;11;Île-de-France
2023;93;Seine-Saint-Denis;65 ans et plus;Hommes et Femmes;92.9062504466647;11;Île-de-France
2024;93;Seine-Saint-Denis;45-64 ans;Hommes;111.266138005334;11;Île-de-France
2024;93;Seine-Saint-Denis;65 ans et plus;Hommes;47.724656803570895;11;Île-de-France
2024;93;Seine-Saint-Denis;18-24 ans;Femmes;604.069520983468;11;Île-de-France
2024;93;Seine-Saint-Denis;65 ans et plus;Femmes;88.57183894288309;11;Île-de-France
2024;93;Seine-Saint-Denis;Tous;Femmes;237.993439099787;11;Île-de-France
2024;93;Seine-Saint-Denis;00-17 ans;Hommes et Femmes;137.90399006568398;11;Île-de-France
2020;94;Val-de-Marne;18-24 ans;Hommes;359.190440008289;11;Île-de-France
2020;94;Val-de-Marne;65 ans et plus;Hommes;116.342201194447;11;Île-de-France
2020;94;Val-de-Marne;Tous;Hommes;250.748249986172;11;Île-de-France
2021;94;Val-de-Marne;18-24 ans;Hommes;435.85479153524096;11;Île-de-France
2021;94;Val-de-Marne;00-17 ans;Femmes;442.455373035651;11;Île-de-France
2021;94;Val-de-Marne;18-24 ans;Femmes;1064.50926123057;11;Île-de-France
2021;94;Val-de-Marne;45-64 ans;Femmes;494.39392601748;11;Île-de-France
2021;94;Val-de-Marne;65 ans et plus;Femmes;211.61985378991898;11;Île-de-France
2021;94;Val-de-Marne;00-17 ans;Hommes et Femmes;293.673435140124;11;Île-de-France
2022;94;Val-de-Marne;Tous;Hommes;179.970183429565;11;Île-de-France
2022;94;Val-de-Marne;00-17 ans;Femmes;453.37986094588496;11;Île-de-France
2022;94;Val-de-Marne;18-24 ans;Femmes;1208.93187313327;11;Île-de-France
2022;94;Val-de-Marne;45-64 ans;Femmes;437.821442700778;11;Île-de-France
2022;94;Val-de-Marne;Tous;Femmes;467.22895952705;11;Île-de-France
2023;94;Val-de-Marne;00-17 ans;Hommes;122.243470262158;11;Île-de-France
2023;94;Val-de-Marne;00-17 ans;Femmes;460.095558308264;11;Île-de-France
2023;94;Val-de-Marne;25-44 ans;Femmes;394.447394371539;11;Île-de-France
2023;94;Val-de-Marne;65 ans et plus;Femmes;175.396444017299;11;Île-de-France
2023;94;Val-de-Marne;25-44 ans;Hommes et Femmes;325.251330573625;11;Île-de-France
2023;94;Val-de-Marne;65 ans et plus;Hommes et Femmes;146.02290396289902;11;Île-de-France
2023;94;Val-de-Marne;Tous;Hommes et Femmes;329.381932314894;11;Île-de-France
2024;94;Val-de-Marne;45-64 ans;Hommes;234.49713392391902;11;Île-de-France
2024;94;Val-de-Marne;45-64 ans;Femmes;367.059528565721;11;Île-de-France
2024;94;Val-de-Marne;65 ans et plus;Hommes et Femmes;138.65121101215402;11;Île-de-France
2020;95;Val-d'Oise;25-44 ans;Hommes;249.30677453000598;11;Île-de-France
2020;95;Val-d'Oise;Tous;Hommes;173.993890290875;11;Île-de-France
2020;95;Val-d'Oise;45-64 ans;Hommes et Femmes;314.345416553103;11;Île-de-France
2021;95;Val-d'Oise;Tous;Hommes;158.074327639024;11;Île-de-France
2021;95;Val-d'Oise;00-17 ans;Femmes;285.187940624225;11;Île-de-France
2021;95;Val-d'Oise;Tous;Femmes;349.425656679251;11;Île-de-France
2021;95;Val-d'Oise;00-17 ans;Hommes et Femmes;182.68937997788498;11;Île-de-France
2021;95;Val-d'Oise;65 ans et plus;Hommes et Femmes;163.288829123043;11;Île-de-France
2021;95;Val-d'Oise;Tous;Hommes et Femmes;251.29280223619799;11;Île-de-France
2022;95;Val-d'Oise;00-17 ans;Femmes;251.015801354402;11;Île-de-France
2022;95;Val-d'Oise;45-64 ans;Femmes;361.955166225629;11;Île-de-France
2022;95;Val-d'Oise;18-24 ans;Hommes et Femmes;468.692992057478;11;Île-de-France
2022;95;Val-d'Oise;Tous;Hommes et Femmes;216.817000136826;11;Île-de-France
2023;95;Val-d'Oise;45-64 ans;Hommes;152.30635335074;11;Île-de-France
2023;95;Val-d'Oise;18-24 ans;Femmes;693.163396500643;11;Île-de-France
2023;95;Val-d'Oise;65 ans et plus;Hommes et Femmes;115.58247053461;11;Île-de-France
2024;95;Val-d'Oise;25-44 ans;Hommes;160.990915512625;11;Île-de-France
2024;95;Val-d'Oise;Tous;Hommes;113.235468455542;11;Île-de-France
2024;95;Val-d'Oise;18-24 ans;Femmes;679.299249195567;11;Île-de-France
2024;95;Val-d'Oise;25-44 ans;Hommes et Femmes;213.579987387009;11;Île-de-France
2024;95;Val-d'Oise;45-64 ans;Hommes et Femmes;206.94852155526303;11;Île-de-France
2024;95;Val-d'Oise;Tous;Hommes et Femmes;191.173326290106;11;Île-de-France
2020;971;Guadeloupe;65 ans et plus;Hommes;128.911285597094;01;Guadeloupe
2020;971;Guadeloupe;00-17 ans;Femmes;508.11885562796897;01;Guadeloupe
2020;971;Guadeloupe;18-24 ans;Femmes;518.623290900519;01;Guadeloupe
2020;971;Guadeloupe;18-24 ans;Hommes et Femmes;531.130126881086;01;Guadeloupe
2020;971;Guadeloupe;45-64 ans;Hommes et Femmes;294.93198507283;01;Guadeloupe
2020;971;Guadeloupe;65 ans et plus;Hommes et Femmes;166.30736064059099;01;Guadeloupe
2020;971;Guadeloupe;Tous;Hommes et Femmes;343.8995215311;01;Guadeloupe
2021;971;Guadeloupe;00-17 ans;Hommes;203.252032520325;01;Guadeloupe
2021;971;Guadeloupe;18-24 ans;Hommes;490.396403759706;01;Guadeloupe
2021;971;Guadeloupe;65 ans et plus;Hommes;86.4838151717321;01;Guadeloupe
2021;971;Guadeloupe;00-17 ans;Hommes et Femmes;398.643695014663;01;Guadeloupe
2022;971;Guadeloupe;18-24 ans;Hommes;402.414486921529;01;Guadeloupe
2022;971;Guadeloupe;45-64 ans;Femmes;377.643504531722;01;Guadeloupe
2022;971;Guadeloupe;65 ans et plus;Femmes;179.902338730404;01;Guadeloupe
2022;971;Guadeloupe;18-24 ans;Hommes et Femmes;552.5952239984209;01;Guadeloupe
2022;971;Guadeloupe;65 ans et plus;Hommes et Femmes;124.82836100362;01;Guadeloupe
2023;971;Guadeloupe;18-24 ans;Hommes;214.50021450021399;01;Guadeloupe
2023;971;Guadeloupe;25-44 ans;Femmes;793.522267206478;01;Guadeloupe
2023;971;Guadeloupe;65 ans et plus;Femmes;224.578914535246;01;Guadeloupe
2023;971;Guadeloupe;18-24 ans;Hommes et Femmes;502.302218501465;01;Guadeloupe
2023;971;Guadeloupe;45-64 ans;Hommes et Femmes;265.97656530803005;01;Guadeloupe
2024;971;Guadeloupe;00-17 ans;Hommes;159.089518448265;01;Guadeloupe
2024;971;Guadeloupe;18-24 ans;Hommes;458.715596330275;01;Guadeloupe
2024;971;Guadeloupe;25-44 ans;Hommes;341.977771444856;01;Guadeloupe
2024;971;Guadeloupe;18-24 ans;Hommes et Femmes;1066.41721234799;01;Guadeloupe
2024;971;Guadeloupe;25-44 ans;Hommes et Femmes;444.833369795085;01;Guadeloupe
2024;971;Guadeloupe;45-64 ans;Hommes et Femmes;325.076392952344;01;Guadeloupe
2020;972;Martinique;18-24 ans;Hommes;;02;Martinique
2020;972;Martinique;25-44 ans;Hommes;;02;Martinique
2020;972;Martinique;Tous;Hommes;;02;Martinique
2020;972;Martinique;00-17 ans;Femmes;;02;Martinique
2020;972;Martinique;00-17 ans;Hommes et Femmes;;02;Martinique
2020;972;Martinique;18-24 ans;Hommes et Femmes;;02;Martinique
2020;972;Martinique;25-44 ans;Hommes et Femmes;;02;Martinique
2020;972;Martinique;65 ans et plus;Hommes et Femmes;;02;Martinique
2021;972;Martinique;Tous;Hommes;;02;Martinique
2021;972;Martinique;18-24 ans;Femmes;;02;Martinique
2021;972;Martinique;65 ans et plus;Hommes et Femmes;;02;Martinique
2021;972;Martinique;Tous;Hommes et Femmes;;02;Martinique
2022;972;Martinique;00-17 ans;Hommes;;02;Martinique
2022;972;Martinique;25-44 ans;Femmes;;02;Martinique
2022;972;Martinique;Tous;Hommes et Femmes;;02;Martinique
2023;972;Martinique;00-17 ans;Hommes;100.401606425703;02;Martinique
2023;972;Martinique;18-24 ans;Hommes;350.877192982456;02;Martinique
2023;972;Martinique;00-17 ans;Femmes;398.773006134969;02;Martinique
2023;972;Martinique;Tous;Femmes;497.60412827128596;02;Martinique
2023;972;Martinique;00-17 ans;Hommes et Femmes;234.62839003519397;02;Martinique
2023;972;Martinique;45-64 ans;Hommes et Femmes;266.91304794169;02;Martinique
2024;972;Martinique;18-24 ans;Hommes;627.090301003344;02;Martinique
2024;972;Martinique;Tous;Hommes;235.271051857661;02;Martinique
2024;972;Martinique;45-64 ans;Femmes;738.778923891832;02;Martinique
2024;972;Martinique;18-24 ans;Hommes et Femmes;1355.2543879138;02;Martinique
2024;972;Martinique;25-44 ans;Hommes et Femmes;720.8650380456551;02;Martinique
2024;972;Martinique;65 ans et plus;Hommes et Femmes;133.83041774209;02;Martinique
2020;973;Guyane;00-17 ans;Hommes;275.482093663912;03;Guyane
2020;973;Guyane;18-24 ans;Hommes;322.952710495963;03;Guyane
2020;973;Guyane;Tous;Hommes;238.786864260745;03;Guyane
2020;973;Guyane;00-17 ans;Femmes;634.41712926249;03;Guyane
2020;973;Guyane;45-64 ans;Femmes;206.79468242245198;03;Guyane
2020;973;Guyane;65 ans et plus;Femmes;74.2666171555886;03;Guyane
2020;973;Guyane;18-24 ans;Hommes et Femmes;575.4475703324811;03;Guyane
2020;973;Guyane;25-44 ans;Hommes et Femmes;312.95724272476;03;Guyane
2020;973;Guyane;Tous;Hommes et Femmes;339.004490544558;03;Guyane
2021;973;Guyane;65 ans et plus;Hommes;133.226751931788;03;Guyane
2021;973;Guyane;25-44 ans;Femmes;518.321215175293;03;Guyane
2021;973;Guyane;45-64 ans;Femmes;267.665952890792;03;Guyane
2021;973;Guyane;65 ans et plus;Femmes;191.082802547771;03;Guyane
2021;973;Guyane;Tous;Femmes;563.536422005635;03;Guyane
2022;973;Guyane;45-64 ans;Hommes;195.604648486941;03;Guyane
2022;973;Guyane;65 ans et plus;Hommes;73.6738703339882;03;Guyane
2022;973;Guyane;25-44 ans;Femmes;399.024606517402;03;Guyane
2022;973;Guyane;25-44 ans;Hommes et Femmes;350.08942501617304;03;Guyane
2022;973;Guyane;65 ans et plus;Hommes et Femmes;145.849907186423;03;Guyane
2022;973;Guyane;Tous;Hommes et Femmes;359.070197173635;03;Guyane
2023;973;Guyane;65 ans et plus;Hommes;156.494522691706;03;Guyane
2023;973;Guyane;18-24 ans;Femmes;1033.7552742615999;03;Guyane
2023;973;Guyane;Tous;Femmes;500.530118105383;03;Guyane
2023;973;Guyane;00-17 ans;Hommes et Femmes;362.294304868965;03;Guyane
2023;973;Guyane;25-44 ans;Hommes et Femmes;363.940598201213;03;Guyane
2023;973;Guyane;Tous;Hommes et Femmes;368.05473634540505;03;Guyane
2024;973;Guyane;18-24 ans;Hommes;373.32005973121;03;Guyane
2024;973;Guyane;25-44 ans;Hommes;167.768676601204;03;Guyane
2024;973;Guyane;00-17 ans;Femmes;394.096283131134;03;Guyane
2024;973;Guyane;Tous;Femmes;330.845579749173;03;Guyane
2024;973;Guyane;Tous;Hommes et Femmes;261.974633802285;03;Guyane
2020;974;Réunion;45-64 ans;Hommes;406.368026007554;04;Réunion
2020;974;Réunion;45-64 ans;Femmes;866.300895177592;04;Réunion
2020;974;Réunion;65 ans et plus;Femmes;229.68317232993297;04;Réunion
2020;974;Réunion;00-17 ans;Hommes et Femmes;493.22904506187297;04;Réunion
2021;974;Réunion;00-17 ans;Femmes;715.839072127582;04;Réunion
2021;974;Réunion;45-64 ans;Femmes;544.323483670296;04;Réunion
2021;974;Réunion;Tous;Femmes;635.222142733799;04;Réunion
2021;974;Réunion;00-17 ans;Hommes et Femmes;441.062731244382;04;Réunion
2021;974;Réunion;45-64 ans;Hommes et Femmes;405.279296093854;04;Réunion
2022;974;Réunion;00-17 ans;Hommes;149.685984836159;04;Réunion
2022;974;Réunion;45-64 ans;Femmes;531.914893617021;04;Réunion
2022;974;Réunion;65 ans et plus;Femmes;93.7827550063441;04;Réunion
2022;974;Réunion;Tous;Femmes;623.063643950567;04;Réunion
2022;974;Réunion;25-44 ans;Hommes et Femmes;675.675675675676;04;Réunion
2023;974;Réunion;00-17 ans;Femmes;756.27631373772;04;Réunion
2023;974;Réunion;Tous;Femmes;678.561314075333;04;Réunion
2023;974;Réunion;25-44 ans;Hommes et Femmes;628.506754641558;04;Réunion
2023;974;Réunion;Tous;Hommes et Femmes;478.43806884997696;04;Réunion
2024;974;Réunion;65 ans et plus;Hommes;65.6234225138819;04;Réunion
2024;974;Réunion;00-17 ans;Femmes;993.2678512305481;04;Réunion
2024;974;Réunion;18-24 ans;Hommes et Femmes;887.250100823875;04;Réunion
2020;976;Mayotte;00-17 ans;Hommes;348.397372088393;06;Mayotte
2020;976;Mayotte;18-24 ans;Hommes;466.926070038911;06;Mayotte
2020;976;Mayotte;45-64 ans;Hommes;64.06149903907749;06;Mayotte
2020;976;Mayotte;65 ans et plus;Hommes;158.982511923688;06;Mayotte
2020;976;Mayotte;00-17 ans;Femmes;411.01520756268;06;Mayotte
2020;976;Mayotte;45-64 ans;Hommes et Femmes;71.73601147776179;06;Mayotte
2021;976;Mayotte;25-44 ans;Hommes;193.87359441644;06;Mayotte
2021;976;Mayotte;45-64 ans;Hommes;108.030248469571;06;Mayotte
2021;976;Mayotte;65 ans et plus;Hommes;172.711571675302;06;Mayotte
2021;976;Mayotte;18-24 ans;Femmes;544.959128065395;06;Mayotte
2021;976;Mayotte;65 ans et plus;Hommes et Femmes;208.8772845953;06;Mayotte
2022;976;Mayotte;18-24 ans;Hommes;269.334359368988;06;Mayotte
2022;976;Mayotte;25-44 ans;Hommes;229.313969042614;06;Mayotte
2022;976;Mayotte;65 ans et plus;Hommes;0.0;06;Mayotte
2022;976;Mayotte;18-24 ans;Femmes;596.760443307758;06;Mayotte
2022;976;Mayotte;25-44 ans;Femmes;333.271616367339;06;Mayotte
2022;976;Mayotte;18-24 ans;Hommes et Femmes;424.671385237614;06;Mayotte
2023;976;Mayotte;00-17 ans;Hommes;149.840794156209;06;Mayotte
2023;976;Mayotte;18-24 ans;Hommes;161.681487469685;06;Mayotte
2023;976;Mayotte;00-17 ans;Femmes;343.179311190097;06;Mayotte
2023;976;Mayotte;25-44 ans;Femmes;278.189910979229;06;Mayotte
2023;976;Mayotte;45-64 ans;Femmes;88.261253309797;06;Mayotte
2023;976;Mayotte;65 ans et plus;Femmes;0.0;06;Mayotte
2023;976;Mayotte;Tous;Femmes;289.443216503526;06;Mayotte
2023;976;Mayotte;18-24 ans;Hommes et Femmes;278.940027894003;06;Mayotte
2023;976;Mayotte;25-44 ans;Hommes et Femmes;222.41562711536602;06;Mayotte
2024;976;Mayotte;25-44 ans;Hommes;159.87210231814498;06;Mayotte
2024;976;Mayotte;45-64 ans;Hommes;250.783699059561;06;Mayotte
2024;976;Mayotte;00-17 ans;Femmes;580.78141499472;06;Mayotte
2024;976;Mayotte;65 ans et plus;Femmes;0.0;06;Mayotte
2024;976;Mayotte;00-17 ans;Hommes et Femmes;401.38253985951604;06;Mayotte
2024;976;Mayotte;18-24 ans;Hommes et Femmes;523.5602094240841;06;Mayotte
2024;976;Mayotte;25-44 ans;Hommes et Femmes;232.513078860686;06;Mayotte
2024;976;Mayotte;Tous;Hommes et Femmes;312.805474095797;06;Mayotte
2020;977;Saint-Barthélemy;00-17 ans;Hommes;0.0;977;Saint-Barthélemy
2020;977;Saint-Barthélemy;18-24 ans;Hommes;0.0;977;Saint-Barthélemy
2020;977;Saint-Barthélemy;45-64 ans;Hommes;152.322924600152;977;Saint-Barthélemy
2020;977;Saint-Barthélemy;Tous;Hommes;48.0076812289966;977;Saint-Barthélemy
2020;977;Saint-Barthélemy;65 ans et plus;Femmes;0.0;977;Saint-Barthélemy
2020;977;Saint-Barthélemy;00-17 ans;Hommes et Femmes;0.0;977;Saint-Barthélemy
2020;977;Saint-Barthélemy;18-24 ans;Hommes et Femmes;0.0;977;Saint-Barthélemy
2020;977;Saint-Barthélemy;25-44 ans;Hommes et Femmes;0.0;977;Saint-Barthélemy
2020;977;Saint-Barthélemy;65 ans et plus;Hommes et Femmes;0.0;977;Saint-Barthélemy
2021;977;Saint-Barthélemy;25-44 ans;Hommes;129.70168612191998;977;Saint-Barthélemy
2021;977;Saint-Barthélemy;45-64 ans;Femmes;0.0;977;Saint-Barthélemy
2021;977;Saint-Barthélemy;18-24 ans;Hommes et Femmes;0.0;977;Saint-Barthélemy
2021;977;Saint-Barthélemy;25-44 ans;Hommes et Femmes;77.7604976671851;977;Saint-Barthélemy
2022;977;Saint-Barthélemy;25-44 ans;Hommes;320.256204963971;977;Saint-Barthélemy
2022;977;Saint-Barthélemy;45-64 ans;Hommes;0.0;977;Saint-Barthélemy
2022;977;Saint-Barthélemy;Tous;Hommes;225.479143179256;977;Saint-Barthélemy
2022;977;Saint-Barthélemy;00-17 ans;Femmes;0.0;977;Saint-Barthélemy
2022;977;Saint-Barthélemy;18-24 ans;Femmes;643.086816720257;977;Saint-Barthélemy
2022;977;Saint-Barthélemy;45-64 ans;Femmes;729.92700729927;977;Saint-Barthélemy
2022;977;Saint-Barthélemy;65 ans et plus;Femmes;675.675675675676;977;Saint-Barthélemy
2022;977;Saint-Barthélemy;25-44 ans;Hommes et Femmes;470.145745181006;977;Saint-Barthélemy
2022;977;Saint-Barthélemy;65 ans et plus;Hommes et Femmes;874.6355685131199;977;Saint-Barthélemy
2022;977;Saint-Barthélemy;Tous;Hommes et Femmes;368.694486341545;977;Saint-Barthélemy
2023;977;Saint-Barthélemy;00-17 ans;Hommes;0.0;977;Saint-Barthélemy
2023;977;Saint-Barthélemy;18-24 ans;Hommes;0.0;977;Saint-Barthélemy
2023;977;Saint-Barthélemy;45-64 ans;Hommes;0.0;977;Saint-Barthélemy
2023;977;Saint-Barthélemy;65 ans et plus;Hommes;0.0;977;Saint-Barthélemy
2023;977;Saint-Barthélemy;18-24 ans;Femmes;2197.8021978021998;977;Saint-Barthélemy
2023;977;Saint-Barthélemy;Tous;Femmes;714.285714285714;977;Saint-Barthélemy
2023;977;Saint-Barthélemy;00-17 ans;Hommes et Femmes;0.0;977;Saint-Barthélemy
2023;977;Saint-Barthélemy;18-24 ans;Hommes et Femmes;1041.66666666667;977;Saint-Barthélemy
2024;977;Saint-Barthélemy;45-64 ans;Hommes;0.0;977;Saint-Barthélemy
2024;977;Saint-Barthélemy;18-24 ans;Femmes;0.0;977;Saint-Barthélemy
2024;977;Saint-Barthélemy;18-24 ans;Hommes et Femmes;215.74973031283702;977;Saint-Barthélemy
2024;977;Saint-Barthélemy;25-44 ans;Hommes et Femmes;149.644594089039;977;Saint-Barthélemy
2024;977;Saint-Barthélemy;45-64 ans;Hommes et Femmes;0.0;977;Saint-Barthélemy
2020;978;Saint-Martin;45-64 ans;Hommes;372.093023255814;978;Saint-Martin
2020;978;Saint-Martin;Tous;Hommes;260.601753139067;978;Saint-Martin
2020;978;Saint-Martin;00-17 ans;Femmes;495.66294919454805;978;Saint-Martin
2020;978;Saint-Martin;25-44 ans;Femmes;269.905533063428;978;Saint-Martin
2020;978;Saint-Martin;18-24 ans;Hommes et Femmes;249.06600249066;978;Saint-Martin
2021;978;Saint-Martin;18-24 ans;Hommes;0.0;978;Saint-Martin
2021;978;Saint-Martin;65 ans et plus;Hommes;0.0;978;Saint-Martin
2021;978;Saint-Martin;Tous;Hommes;130.039011703511;978;Saint-Martin
2021;978;Saint-Martin;65 ans et plus;Femmes;0.0;978;Saint-Martin
2021;978;Saint-Martin;00-17 ans;Hommes et Femmes;414.44641799881595;978;Saint-Martin
2021;978;Saint-Martin;18-24 ans;Hommes et Femmes;275.482093663912;978;Saint-Martin
2021;978;Saint-Martin;45-64 ans;Hommes et Femmes;214.362272240086;978;Saint-Martin
2021;978;Saint-Martin;Tous;Hommes et Femmes;223.831468071099;978;Saint-Martin
2022;978;Saint-Martin;00-17 ans;Hommes;314.465408805031;978;Saint-Martin
2022;978;Saint-Martin;65 ans et plus;Hommes;0.0;978;Saint-Martin
2022;978;Saint-Martin;18-24 ans;Femmes;726.392251815981;978;Saint-Martin
2022;978;Saint-Martin;65 ans et plus;Femmes;0.0;978;Saint-Martin
2022;978;Saint-Martin;25-44 ans;Hommes et Femmes;148.20303816228198;978;Saint-Martin
2023;978;Saint-Martin;00-17 ans;Femmes;505.47598989048004;978;Saint-Martin
2023;978;Saint-Martin;25-44 ans;Femmes;319.081046585833;978;Saint-Martin
2023;978;Saint-Martin;65 ans et plus;Femmes;0.0;978;Saint-Martin
2023;978;Saint-Martin;18-24 ans;Hommes et Femmes;444.938820912125;978;Saint-Martin
2024;978;Saint-Martin;18-24 ans;Hommes;0.0;978;Saint-Martin
2024;978;Saint-Martin;45-64 ans;Hommes;184.672206832872;978;Saint-Martin
2024;978;Saint-Martin;18-24 ans;Femmes;0.0;978;Saint-Martin
2024;978;Saint-Martin;45-64 ans;Femmes;384.245917387128;978;Saint-Martin
2024;978;Saint-Martin;Tous;Femmes;252.897787144362;978;Saint-Martin
2024;978;Saint-Martin;00-17 ans;Hommes et Femmes;172.86084701815;978;Saint-Martin
2024;978;Saint-Martin;18-24 ans;Hommes et Femmes;0.0;978;Saint-Martin
2024;978;Saint-Martin;45-64 ans;Hommes et Femmes;282.48587570621504;978;Saint-Martin
2024;978;Saint-Martin;Tous;Hommes et Femmes;192.92604501607698;978;Saint-Martin
2020;01;Ain;00-17 ans;Hommes;151.128742797771;84;Auvergne et Rhône-Alpes
2020;01;Ain;45-64 ans;Hommes;390.55058106306;84;Auvergne et Rhône-Alpes
2020;01;Ain;65 ans et plus;Hommes;56.053811659192796;84;Auvergne et Rhône-Alpes
2020;01;Ain;65 ans et plus;Femmes;212.14099216710198;84;Auvergne et Rhône-Alpes
2020;01;Ain;00-17 ans;Hommes et Femmes;258.946605210006;84;Auvergne et Rhône-Alpes
2020;01;Ain;65 ans et plus;Hommes et Femmes;139.36675231914998;84;Auvergne et Rhône-Alpes
2021;01;Ain;00-17 ans;Hommes;127.834219202045;84;Auvergne et Rhône-Alpes
2021;01;Ain;18-24 ans;Hommes;287.45350016909003;84;Auvergne et Rhône-Alpes
2021;01;Ain;00-17 ans;Hommes et Femmes;285.618902778293;84;Auvergne et Rhône-Alpes
2021;01;Ain;25-44 ans;Hommes et Femmes;549.595332204028;84;Auvergne et Rhône-Alpes
2021;01;Ain;65 ans et plus;Hommes et Femmes;171.854860758505;84;Auvergne et Rhône-Alpes
2022;01;Ain;00-17 ans;Hommes;82.6218672541999;84;Auvergne et Rhône-Alpes
2022;01;Ain;45-64 ans;Hommes;254.61952568019802;84;Auvergne et Rhône-Alpes
2022;01;Ain;65 ans et plus;Hommes;64.17112299465239;84;Auvergne et Rhône-Alpes
2022;01;Ain;65 ans et plus;Hommes et Femmes;92.54056912450011;84;Auvergne et Rhône-Alpes
2023;01;Ain;00-17 ans;Hommes;71.0185239983429;84;Auvergne et Rhône-Alpes
2023;01;Ain;25-44 ans;Hommes;427.682737169518;84;Auvergne et Rhône-Alpes
2023;01;Ain;45-64 ans;Hommes;250.6624650863;84;Auvergne et Rhône-Alpes
2023;01;Ain;45-64 ans;Hommes et Femmes;371.043465091625;84;Auvergne et Rhône-Alpes
2023;01;Ain;65 ans et plus;Hommes et Femmes;114.806796562356;84;Auvergne et Rhône-Alpes
2024;01;Ain;18-24 ans;Hommes;265.04521359526;84;Auvergne et Rhône-Alpes
2024;01;Ain;25-44 ans;Hommes;237.78071334214;84;Auvergne et Rhône-Alpes
2024;01;Ain;Tous;Hommes;196.222345381285;84;Auvergne et Rhône-Alpes
2024;01;Ain;25-44 ans;Femmes;399.664797266809;84;Auvergne et Rhône-Alpes
2024;01;Ain;00-17 ans;Hommes et Femmes;250.25667351129403;84;Auvergne et Rhône-Alpes
2024;01;Ain;65 ans et plus;Hommes et Femmes;108.737367276449;84;Auvergne et Rhône-Alpes
2020;02;Aisne;25-44 ans;Hommes;791.6538815587601;32;Hauts-de-France
2020;02;Aisne;65 ans et plus;Hommes;118.475613769499;32;Hauts-de-France
2020;02;Aisne;00-17 ans;Femmes;454.992621741269;32;Hauts-de-France
2020;02;Aisne;00-17 ans;Hommes et Femmes;331.781140861467;32;Hauts-de-France
2020;02;Aisne;Tous;Hommes et Femmes;565.979106862774;32;Hauts-de-France
2021;02;Aisne;45-64 ans;Hommes;626.628958021405;32;Hauts-de-France
2021;02;Aisne;25-44 ans;Femmes;828.8333542634691;32;Hauts-de-France
2021;02;Aisne;Tous;Femmes;647.567424960127;32;Hauts-de-France
2021;02;Aisne;18-24 ans;Hommes et Femmes;877.0338111655481;32;Hauts-de-France
2021;02;Aisne;25-44 ans;Hommes et Femmes;682.918865973772;32;Hauts-de-France
2021;02;Aisne;45-64 ans;Hommes et Femmes;762.171885003506;32;Hauts-de-France
2022;02;Aisne;45-64 ans;Hommes;642.274282705975;32;Hauts-de-France
2022;02;Aisne;65 ans et plus;Hommes;125.573532963052;32;Hauts-de-France
2022;02;Aisne;00-17 ans;Femmes;561.040475062844;32;Hauts-de-France
2022;02;Aisne;18-24 ans;Femmes;1170.9881706297;32;Hauts-de-France
2023;02;Aisne;25-44 ans;Hommes;578.188934353318;32;Hauts-de-France
2023;02;Aisne;00-17 ans;Femmes;575.391532980223;32;Hauts-de-France
2023;02;Aisne;25-44 ans;Femmes;949.1872229169029;32;Hauts-de-France
2023;02;Aisne;00-17 ans;Hommes et Femmes;365.397236461678;32;Hauts-de-France
2023;02;Aisne;18-24 ans;Hommes et Femmes;779.8612305751479;32;Hauts-de-France
2023;02;Aisne;45-64 ans;Hommes et Femmes;640.2907870823431;32;Hauts-de-France
2023;02;Aisne;Tous;Hommes et Femmes;477.09000554992605;32;Hauts-de-France
2024;02;Aisne;18-24 ans;Hommes;576.2411347517731;32;Hauts-de-France
2024;02;Aisne;00-17 ans;Hommes et Femmes;401.811557190043;32;Hauts-de-France
2024;02;Aisne;18-24 ans;Hommes et Femmes;944.738489556656;32;Hauts-de-France
2024;02;Aisne;25-44 ans;Hommes et Femmes;756.436987829123;32;Hauts-de-France
2020;03;Allier;00-17 ans;Hommes;38.543071882829096;84;Auvergne et Rhône-Alpes
2020;03;Allier;45-64 ans;Hommes;359.95200639914697;84;Auvergne et Rhône-Alpes
2020;03;Allier;25-44 ans;Femmes;457.08481462671404;84;Auvergne et Rhône-Alpes
2020;03;Allier;Tous;Femmes;469.37569749885097;84;Auvergne et Rhône-Alpes
2020;03;Allier;45-64 ans;Hommes et Femmes;597.817964429831;84;Auvergne et Rhône-Alpes
2020;03;Allier;65 ans et plus;Hommes et Femmes;198.845724816916;84;Auvergne et Rhône-Alpes
2021;03;Allier;00-17 ans;Hommes;111.80992313067799;84;Auvergne et Rhône-Alpes
2021;03;Allier;65 ans et plus;Hommes;92.3020121838656;84;Auvergne et Rhône-Alpes
2021;03;Allier;00-17 ans;Femmes;471.105527638191;84;Auvergne et Rhône-Alpes
2021;03;Allier;18-24 ans;Femmes;349.932705248991;84;Auvergne et Rhône-Alpes
2021;03;Allier;25-44 ans;Femmes;578.501278084219;84;Auvergne et Rhône-Alpes
2021;03;Allier;45-64 ans;Femmes;826.1979870812681;84;Auvergne et Rhône-Alpes
2021;03;Allier;65 ans et plus;Femmes;200.292735536553;84;Auvergne et Rhône-Alpes
2021;03;Allier;Tous;Femmes;449.468443009016;84;Auvergne et Rhône-Alpes
2022;03;Allier;00-17 ans;Hommes;103.284445362528;84;Auvergne et Rhône-Alpes
2022;03;Allier;25-44 ans;Hommes;437.810945273632;84;Auvergne et Rhône-Alpes
2022;03;Allier;45-64 ans;Hommes;333.298614727633;84;Auvergne et Rhône-Alpes
2022;03;Allier;25-44 ans;Femmes;639.842500307617;84;Auvergne et Rhône-Alpes
2022;03;Allier;65 ans et plus;Hommes et Femmes;171.139101861993;84;Auvergne et Rhône-Alpes
2023;03;Allier;00-17 ans;Hommes;127.32174955062901;84;Auvergne et Rhône-Alpes
2023;03;Allier;18-24 ans;Femmes;1221.443112418;84;Auvergne et Rhône-Alpes
2023;03;Allier;18-24 ans;Hommes et Femmes;731.680681445888;84;Auvergne et Rhône-Alpes
2024;03;Allier;65 ans et plus;Hommes;103.152601379666;84;Auvergne et Rhône-Alpes
2024;03;Allier;Tous;Hommes;205.645586529335;84;Auvergne et Rhône-Alpes
2024;03;Allier;00-17 ans;Femmes;517.0113408939291;84;Auvergne et Rhône-Alpes
2024;03;Allier;18-24 ans;Femmes;1010.5092966855301;84;Auvergne et Rhône-Alpes
2024;03;Allier;65 ans et plus;Femmes;191.37186286839102;84;Auvergne et Rhône-Alpes
2024;03;Allier;Tous;Femmes;471.864608296643;84;Auvergne et Rhône-Alpes
2024;03;Allier;45-64 ans;Hommes et Femmes;432.900432900433;84;Auvergne et Rhône-Alpes
2020;04;Alpes-de-Haute-Provence;00-17 ans;Hommes;98.4574991795208;93;Provence-Alpes-Côte d'Azur
2020;04;Alpes-de-Haute-Provence;18-24 ans;Hommes;412.37113402061897;93;Provence-Alpes-Côte d'Azur
2020;04;Alpes-de-Haute-Provence;45-64 ans;Hommes;613.228208497591;93;Provence-Alpes-Côte d'Azur
2020;04;Alpes-de-Haute-Provence;18-24 ans;Femmes;573.3944954128441;93;Provence-Alpes-Côte d'Azur
2020;04;Alpes-de-Haute-Provence;45-64 ans;Femmes;982.2560202788341;93;Provence-Alpes-Côte d'Azur
2020;04;Alpes-de-Haute-Provence;Tous;Femmes;515.5530950486141;93;Provence-Alpes-Côte d'Azur
2020;04;Alpes-de-Haute-Provence;45-64 ans;Hommes et Femmes;790.213509611732;93;Provence-Alpes-Côte d'Azur
2021;04;Alpes-de-Haute-Provence;18-24 ans;Hommes;305.39531727180196;93;Provence-Alpes-Côte d'Azur
2021;04;Alpes-de-Haute-Provence;45-64 ans;Hommes;692.934782608696;93;Provence-Alpes-Côte d'Azur
2021;04;Alpes-de-Haute-Provence;18-24 ans;Femmes;1040.31209362809;93;Provence-Alpes-Côte d'Azur
2021;04;Alpes-de-Haute-Provence;25-44 ans;Femmes;613.234455219624;93;Provence-Alpes-Côte d'Azur
2021;04;Alpes-de-Haute-Provence;45-64 ans;Femmes;696.969696969697;93;Provence-Alpes-Côte d'Azur
2021;04;Alpes-de-Haute-Provence;65 ans et plus;Femmes;232.45516936019501;93;Provence-Alpes-Côte d'Azur
2021;04;Alpes-de-Haute-Provence;00-17 ans;Hommes et Femmes;284.495021337127;93;Provence-Alpes-Côte d'Azur
2021;04;Alpes-de-Haute-Provence;Tous;Hommes et Femmes;442.032740907844;93;Provence-Alpes-Côte d'Azur
2022;04;Alpes-de-Haute-Provence;Tous;Hommes;223.54469383439599;93;Provence-Alpes-Côte d'Azur
2022;04;Alpes-de-Haute-Provence;18-24 ans;Femmes;472.653612424038;93;Provence-Alpes-Côte d'Azur
2022;04;Alpes-de-Haute-Provence;25-44 ans;Femmes;402.81973816717;93;Provence-Alpes-Côte d'Azur
2023;04;Alpes-de-Haute-Provence;00-17 ans;Hommes;67.07807888382081;93;Provence-Alpes-Côte d'Azur
2023;04;Alpes-de-Haute-Provence;45-64 ans;Hommes;347.58954208856;93;Provence-Alpes-Côte d'Azur
2023;04;Alpes-de-Haute-Provence;25-44 ans;Femmes;570.82770016524;93;Provence-Alpes-Côte d'Azur
2023;04;Alpes-de-Haute-Provence;Tous;Femmes;381.86624889846297;93;Provence-Alpes-Côte d'Azur
2023;04;Alpes-de-Haute-Provence;00-17 ans;Hommes et Femmes;159.81403457794602;93;Provence-Alpes-Côte d'Azur
2023;04;Alpes-de-Haute-Provence;18-24 ans;Hommes et Femmes;336.00896023894;93;Provence-Alpes-Côte d'Azur
2024;04;Alpes-de-Haute-Provence;18-24 ans;Hommes;331.262939958592;93;Provence-Alpes-Côte d'Azur
2024;04;Alpes-de-Haute-Provence;25-44 ans;Hommes;372.349036749231;93;Provence-Alpes-Côte d'Azur
2024;04;Alpes-de-Haute-Provence;Tous;Hommes;257.404795486601;93;Provence-Alpes-Côte d'Azur
2024;04;Alpes-de-Haute-Provence;18-24 ans;Femmes;1107.91957324579;93;Provence-Alpes-Côte d'Azur
2024;04;Alpes-de-Haute-Provence;45-64 ans;Femmes;508.326029798422;93;Provence-Alpes-Côte d'Azur
2024;04;Alpes-de-Haute-Provence;65 ans et plus;Femmes;341.958281089707;93;Provence-Alpes-Côte d'Azur
2020;05;Hautes-Alpes;45-64 ans;Hommes;594.088816278034;93;Provence-Alpes-Côte d'Azur
2020;05;Hautes-Alpes;45-64 ans;Femmes;651.629072681704;93;Provence-Alpes-Côte d'Azur
2020;05;Hautes-Alpes;25-44 ans;Hommes et Femmes;681.1050738501569;93;Provence-Alpes-Côte d'Azur
2020;05;Hautes-Alpes;45-64 ans;Hommes et Femmes;621.166850133669;93;Provence-Alpes-Côte d'Azur
2021;05;Hautes-Alpes;00-17 ans;Hommes;145.26438117373598;93;Provence-Alpes-Côte d'Azur
2021;05;Hautes-Alpes;18-24 ans;Hommes;313.60250882007097;93;Provence-Alpes-Côte d'Azur
2021;05;Hautes-Alpes;25-44 ans;Hommes;433.776749566223;93;Provence-Alpes-Côte d'Azur
2021;05;Hautes-Alpes;00-17 ans;Femmes;344.649319317594;93;Provence-Alpes-Côte d'Azur
2021;05;Hautes-Alpes;45-64 ans;Femmes;443.91326617722405;93;Provence-Alpes-Côte d'Azur
2021;05;Hautes-Alpes;Tous;Femmes;386.757974665579;93;Provence-Alpes-Côte d'Azur
2021;05;Hautes-Alpes;18-24 ans;Hommes et Femmes;591.133004926108;93;Provence-Alpes-Côte d'Azur
2021;05;Hautes-Alpes;25-44 ans;Hommes et Femmes;415.439232570436;93;Provence-Alpes-Côte d'Azur
2021;05;Hautes-Alpes;45-64 ans;Hommes et Femmes;412.273051613415;93;Provence-Alpes-Côte d'Azur
2021;05;Hautes-Alpes;65 ans et plus;Hommes et Femmes;150.458213650663;93;Provence-Alpes-Côte d'Azur
2022;05;Hautes-Alpes;00-17 ans;Hommes;40.9780084687884;93;Provence-Alpes-Côte d'Azur
2022;05;Hautes-Alpes;45-64 ans;Hommes;251.479289940828;93;Provence-Alpes-Côte d'Azur
2022;05;Hautes-Alpes;65 ans et plus;Hommes;54.9903766840803;93;Provence-Alpes-Côte d'Azur
2022;05;Hautes-Alpes;65 ans et plus;Femmes;103.23912762937199;93;Provence-Alpes-Côte d'Azur
2022;05;Hautes-Alpes;Tous;Femmes;368.067467124071;93;Provence-Alpes-Côte d'Azur
2022;05;Hautes-Alpes;25-44 ans;Hommes et Femmes;328.603435399552;93;Provence-Alpes-Côte d'Azur
2022;05;Hautes-Alpes;45-64 ans;Hommes et Femmes;388.488067866487;93;Provence-Alpes-Côte d'Azur
2023;05;Hautes-Alpes;45-64 ans;Hommes;258.62068965517204;93;Provence-Alpes-Côte d'Azur
2023;05;Hautes-Alpes;65 ans et plus;Hommes;25.5591054313099;93;Provence-Alpes-Côte d'Azur
2023;05;Hautes-Alpes;00-17 ans;Femmes;383.631713554987;93;Provence-Alpes-Côte d'Azur
2023;05;Hautes-Alpes;45-64 ans;Hommes et Femmes;307.06243602865896;93;Provence-Alpes-Côte d'Azur
2023;05;Hautes-Alpes;65 ans et plus;Hommes et Femmes;68.5785536159601;93;Provence-Alpes-Côte d'Azur
2024;05;Hautes-Alpes;18-24 ans;Hommes;512.0;93;Provence-Alpes-Côte d'Azur
2024;05;Hautes-Alpes;25-44 ans;Hommes;247.98512089274598;93;Provence-Alpes-Côte d'Azur
2024;05;Hautes-Alpes;65 ans et plus;Femmes;182.91985823711;93;Provence-Alpes-Côte d'Azur
2024;05;Hautes-Alpes;00-17 ans;Hommes et Femmes;294.67321496033196;93;Provence-Alpes-Côte d'Azur
2024;05;Hautes-Alpes;25-44 ans;Hommes et Femmes;274.706867671692;93;Provence-Alpes-Côte d'Azur
2024;05;Hautes-Alpes;45-64 ans;Hommes et Femmes;402.81236267760397;93;Provence-Alpes-Côte d'Azur
2024;05;Hautes-Alpes;Tous;Hommes et Femmes;297.385167722153;93;Provence-Alpes-Côte d'Azur
2020;06;Alpes-Maritimes;00-17 ans;Hommes;160.14766157270398;93;Provence-Alpes-Côte d'Azur
2020;06;Alpes-Maritimes;00-17 ans;Femmes;354.254394759709;93;Provence-Alpes-Côte d'Azur
2020;06;Alpes-Maritimes;45-64 ans;Femmes;1042.96001986591;93;Provence-Alpes-Côte d'Azur
2020;06;Alpes-Maritimes;65 ans et plus;Femmes;326.326686771391;93;Provence-Alpes-Côte d'Azur
2020;06;Alpes-Maritimes;00-17 ans;Hommes et Femmes;247.076264206885;93;Provence-Alpes-Côte d'Azur
2021;06;Alpes-Maritimes;00-17 ans;Hommes;146.115756149038;93;Provence-Alpes-Côte d'Azur
2021;06;Alpes-Maritimes;25-44 ans;Femmes;683.300868812417;93;Provence-Alpes-Côte d'Azur
2021;06;Alpes-Maritimes;45-64 ans;Femmes;967.3310613102;93;Provence-Alpes-Côte d'Azur
2021;06;Alpes-Maritimes;65 ans et plus;Femmes;319.669048514479;93;Provence-Alpes-Côte d'Azur
2021;06;Alpes-Maritimes;18-24 ans;Hommes et Femmes;1006.7596720839899;93;Provence-Alpes-Côte d'Azur
2021;06;Alpes-Maritimes;25-44 ans;Hommes et Femmes;720.403879970503;93;Provence-Alpes-Côte d'Azur
2021;06;Alpes-Maritimes;45-64 ans;Hommes et Femmes;749.350297348575;93;Provence-Alpes-Côte d'Azur
2022;06;Alpes-Maritimes;00-17 ans;Hommes;124.004572668617;93;Provence-Alpes-Côte d'Azur
2022;06;Alpes-Maritimes;25-44 ans;Hommes;483.104135780379;93;Provence-Alpes-Côte d'Azur
2022;06;Alpes-Maritimes;45-64 ans;Hommes;413.223140495868;93;Provence-Alpes-Côte d'Azur
2022;06;Alpes-Maritimes;65 ans et plus;Hommes;158.160615646098;93;Provence-Alpes-Côte d'Azur
2022;06;Alpes-Maritimes;Tous;Hommes;293.06289283923996;93;Provence-Alpes-Côte d'Azur
2022;06;Alpes-Maritimes;00-17 ans;Femmes;543.337034324727;93;Provence-Alpes-Côte d'Azur
2022;06;Alpes-Maritimes;45-64 ans;Femmes;901.3537059375419;93;Provence-Alpes-Côte d'Azur
2022;06;Alpes-Maritimes;00-17 ans;Hommes et Femmes;312.450183325363;93;Provence-Alpes-Côte d'Azur
2022;06;Alpes-Maritimes;18-24 ans;Hommes et Femmes;1015.17418251763;93;Provence-Alpes-Côte d'Azur
2022;06;Alpes-Maritimes;25-44 ans;Hommes et Femmes;569.661002715337;93;Provence-Alpes-Côte d'Azur
2022;06;Alpes-Maritimes;45-64 ans;Hommes et Femmes;639.858016907197;93;Provence-Alpes-Côte d'Azur
2022;06;Alpes-Maritimes;65 ans et plus;Hommes et Femmes;246.113019378725;93;Provence-Alpes-Côte d'Azur
2023;06;Alpes-Maritimes;18-24 ans;Femmes;1367.05399863295;93;Provence-Alpes-Côte d'Azur
2023;06;Alpes-Maritimes;45-64 ans;Femmes;774.049657253436;93;Provence-Alpes-Côte d'Azur
2023;06;Alpes-Maritimes;Tous;Femmes;581.635378973699;93;Provence-Alpes-Côte d'Azur
2023;06;Alpes-Maritimes;18-24 ans;Hommes et Femmes;885.4496075002791;93;Provence-Alpes-Côte d'Azur
2023;06;Alpes-Maritimes;65 ans et plus;Hommes et Femmes;196.655821424159;93;Provence-Alpes-Côte d'Azur
2024;06;Alpes-Maritimes;25-44 ans;Femmes;869.071795484411;93;Provence-Alpes-Côte d'Azur
2024;06;Alpes-Maritimes;18-24 ans;Hommes et Femmes;1050.91822653126;93;Provence-Alpes-Côte d'Azur
2024;06;Alpes-Maritimes;65 ans et plus;Hommes et Femmes;255.80752212389402;93;Provence-Alpes-Côte d'Azur
2024;06;Alpes-Maritimes;Tous;Hommes et Femmes;522.090018379559;93;Provence-Alpes-Côte d'Azur
2020;07;Ardèche;45-64 ans;Hommes;361.707258258982;84;Auvergne et Rhône-Alpes
2020;07;Ardèche;25-44 ans;Femmes;457.516339869281;84;Auvergne et Rhône-Alpes
2020;07;Ardèche;65 ans et plus;Femmes;175.801447776629;84;Auvergne et Rhône-Alpes
2020;07;Ardèche;25-44 ans;Hommes et Femmes;441.996028441484;84;Auvergne et Rhône-Alpes
2020;07;Ardèche;45-64 ans;Hommes et Femmes;463.231036479444;84;Auvergne et Rhône-Alpes
2020;07;Ardèche;65 ans et plus;Hommes et Femmes;195.45035018187698;84;Auvergne et Rhône-Alpes
2021;07;Ardèche;18-24 ans;Hommes;371.93156459211497;84;Auvergne et Rhône-Alpes
2021;07;Ardèche;65 ans et plus;Hommes;101.842421997963;84;Auvergne et Rhône-Alpes
2021;07;Ardèche;00-17 ans;Femmes;270.562770562771;84;Auvergne et Rhône-Alpes
2021;07;Ardèche;45-64 ans;Femmes;531.722054380665;84;Auvergne et Rhône-Alpes
2021;07;Ardèche;Tous;Femmes;321.2891107706;84;Auvergne et Rhône-Alpes
2021;07;Ardèche;18-24 ans;Hommes et Femmes;448.545431244393;84;Auvergne et Rhône-Alpes
2021;07;Ardèche;25-44 ans;Hommes et Femmes;352.281825460368;84;Auvergne et Rhône-Alpes
2021;07;Ardèche;45-64 ans;Hommes et Femmes;399.212512304495;84;Auvergne et Rhône-Alpes
2022;07;Ardèche;00-17 ans;Hommes;109.18023837685399;84;Auvergne et Rhône-Alpes
2022;07;Ardèche;00-17 ans;Femmes;399.817226410784;84;Auvergne et Rhône-Alpes
2022;07;Ardèche;65 ans et plus;Femmes;280.620666886761;84;Auvergne et Rhône-Alpes
2022;07;Ardèche;00-17 ans;Hommes et Femmes;238.034945555837;84;Auvergne et Rhône-Alpes
2022;07;Ardèche;18-24 ans;Hommes et Femmes;479.77178423236506;84;Auvergne et Rhône-Alpes
2022;07;Ardèche;25-44 ans;Hommes et Femmes;408.22818364966605;84;Auvergne et Rhône-Alpes
2023;07;Ardèche;00-17 ans;Hommes;63.3780500686596;84;Auvergne et Rhône-Alpes
2023;07;Ardèche;25-44 ans;Hommes;470.329230461323;84;Auvergne et Rhône-Alpes
2023;07;Ardèche;65 ans et plus;Hommes;116.206310896576;84;Auvergne et Rhône-Alpes
2023;07;Ardèche;Tous;Hommes;261.597095370182;84;Auvergne et Rhône-Alpes
2023;07;Ardèche;25-44 ans;Femmes;616.1652772743751;84;Auvergne et Rhône-Alpes
2023;07;Ardèche;00-17 ans;Hommes et Femmes;243.323442136499;84;Auvergne et Rhône-Alpes
2023;07;Ardèche;18-24 ans;Hommes et Femmes;586.390290467749;84;Auvergne et Rhône-Alpes
2024;07;Ardèche;18-24 ans;Hommes;307.546723444523;84;Auvergne et Rhône-Alpes
2024;07;Ardèche;25-44 ans;Hommes;371.85354691075497;84;Auvergne et Rhône-Alpes
2024;07;Ardèche;25-44 ans;Femmes;622.594521168214;84;Auvergne et Rhône-Alpes
2024;07;Ardèche;65 ans et plus;Femmes;167.455405897343;84;Auvergne et Rhône-Alpes
2024;07;Ardèche;18-24 ans;Hommes et Femmes;623.647702685503;84;Auvergne et Rhône-Alpes
2024;07;Ardèche;25-44 ans;Hommes et Femmes;486.49208156505506;84;Auvergne et Rhône-Alpes
2024;07;Ardèche;65 ans et plus;Hommes et Femmes;156.931792084514;84;Auvergne et Rhône-Alpes
2020;08;Ardennes;25-44 ans;Hommes et Femmes;947.614280947614;44;Grand Est
2021;08;Ardennes;25-44 ans;Hommes;504.833512352309;44;Grand Est
2021;08;Ardennes;45-64 ans;Hommes;538.728600502813;44;Grand Est
2021;08;Ardennes;Tous;Hommes;345.59427715211;44;Grand Est
2021;08;Ardennes;45-64 ans;Femmes;1067.45737583395;44;Grand Est
2021;08;Ardennes;Tous;Femmes;693.52181537971;44;Grand Est
2021;08;Ardennes;18-24 ans;Hommes et Femmes;776.929154595734;44;Grand Est
2022;08;Ardennes;25-44 ans;Hommes;545.402353841738;44;Grand Est
2022;08;Ardennes;45-64 ans;Hommes;448.574174943928;44;Grand Est
2022;08;Ardennes;25-44 ans;Hommes et Femmes;689.692332561022;44;Grand Est
2022;08;Ardennes;65 ans et plus;Hommes et Femmes;176.260494457071;44;Grand Est
2023;08;Ardennes;00-17 ans;Hommes;116.351225566243;44;Grand Est
2023;08;Ardennes;25-44 ans;Hommes;467.83625730994095;44;Grand Est
2023;08;Ardennes;45-64 ans;Hommes;399.915807198485;44;Grand Est
2023;08;Ardennes;65 ans et plus;Hommes;131.061598951507;44;Grand Est
2023;08;Ardennes;00-17 ans;Femmes;467.578297309219;44;Grand Est
2023;08;Ardennes;25-44 ans;Femmes;737.842370039128;44;Grand Est
2023;08;Ardennes;25-44 ans;Hommes et Femmes;588.176652377629;44;Grand Est
2023;08;Ardennes;65 ans et plus;Hommes et Femmes;166.506002979581;44;Grand Est
2024;08;Ardennes;18-24 ans;Hommes;431.91634462377795;44;Grand Est
2024;08;Ardennes;25-44 ans;Hommes;482.58894776684303;44;Grand Est
2024;08;Ardennes;25-44 ans;Femmes;688.86337543054;44;Grand Est
2024;08;Ardennes;65 ans et plus;Femmes;177.447975479916;44;Grand Est
2024;08;Ardennes;Tous;Femmes;539.2531344088441;44;Grand Est
2020;09;Ariège;18-24 ans;Hommes;394.366197183099;76;Occitanie
2020;09;Ariège;45-64 ans;Hommes;187.695516162669;76;Occitanie
2020;09;Ariège;Tous;Hommes et Femmes;323.133414932681;76;Occitanie
2021;09;Ariège;45-64 ans;Hommes;192.55455712451902;76;Occitanie
2021;09;Ariège;Tous;Hommes;166.435506241331;76;Occitanie
2021;09;Ariège;00-17 ans;Femmes;518.558951965066;76;Occitanie
2021;09;Ariège;65 ans et plus;Femmes;196.523053665911;76;Occitanie
2021;09;Ariège;00-17 ans;Hommes et Femmes;261.878039655817;76;Occitanie
2021;09;Ariège;18-24 ans;Hommes et Femmes;591.875168146355;76;Occitanie
2021;09;Ariège;Tous;Hommes et Femmes;322.920155001674;76;Occitanie
2022;09;Ariège;25-44 ans;Hommes;490.50970356152703;76;Occitanie
2022;09;Ariège;45-64 ans;Femmes;449.141347424042;76;Occitanie
2022;09;Ariège;65 ans et plus;Femmes;242.36548715462897;76;Occitanie
2022;09;Ariège;Tous;Femmes;489.91800319736;76;Occitanie
2022;09;Ariège;00-17 ans;Hommes et Femmes;272.83511269276397;76;Occitanie
2022;09;Ariège;45-64 ans;Hommes et Femmes;277.242044358727;76;Occitanie
2023;09;Ariège;45-64 ans;Hommes;390.915860014892;76;Occitanie
2023;09;Ariège;00-17 ans;Hommes et Femmes;322.54708146915;76;Occitanie
2023;09;Ariège;25-44 ans;Hommes et Femmes;524.424589686316;76;Occitanie
2023;09;Ariège;65 ans et plus;Hommes et Femmes;183.411453026289;76;Occitanie
2024;09;Ariège;18-24 ans;Hommes;246.66995559940798;76;Occitanie
2024;09;Ariège;45-64 ans;Hommes;278.499814333457;76;Occitanie
2024;09;Ariège;65 ans et plus;Hommes;107.109385459901;76;Occitanie
2024;09;Ariège;Tous;Hommes;237.16352424996998;76;Occitanie
2024;09;Ariège;45-64 ans;Femmes;648.1287894626801;76;Occitanie
2024;09;Ariège;65 ans et plus;Femmes;184.774575018477;76;Occitanie
2024;09;Ariège;25-44 ans;Hommes et Femmes;557.566272131468;76;Occitanie
2020;10;Aube;18-24 ans;Hommes;801.457194899818;44;Grand Est
2020;10;Aube;Tous;Hommes;506.33771706256204;44;Grand Est
2020;10;Aube;00-17 ans;Hommes et Femmes;628.474740149867;44;Grand Est
2021;10;Aube;25-44 ans;Hommes;580.973129992738;44;Grand Est
2021;10;Aube;65 ans et plus;Femmes;257.126886528787;44;Grand Est
2021;10;Aube;25-44 ans;Hommes et Femmes;731.1586051743529;44;Grand Est
2021;10;Aube;45-64 ans;Hommes et Femmes;932.277924362357;44;Grand Est
2022;10;Aube;00-17 ans;Hommes;284.330244313395;44;Grand Est
2022;10;Aube;25-44 ans;Hommes;983.8472834067551;44;Grand Est
2022;10;Aube;65 ans et plus;Hommes;148.994288552272;44;Grand Est
2022;10;Aube;Tous;Hommes;483.10637398472204;44;Grand Est
2022;10;Aube;18-24 ans;Femmes;1340.6292749658;44;Grand Est
2022;10;Aube;45-64 ans;Femmes;1447.00821274932;44;Grand Est
2022;10;Aube;00-17 ans;Hommes et Femmes;551.826146319263;44;Grand Est
2022;10;Aube;18-24 ans;Hommes et Femmes;1084.66405543839;44;Grand Est
2022;10;Aube;25-44 ans;Hommes et Femmes;915.9148818951859;44;Grand Est
2023;10;Aube;Tous;Hommes;514.598148876103;44;Grand Est
2023;10;Aube;18-24 ans;Hommes et Femmes;1381.72439204127;44;Grand Est
2023;10;Aube;45-64 ans;Hommes et Femmes;1210.90870801306;44;Grand Est
2024;10;Aube;65 ans et plus;Hommes;104.97310064295999;44;Grand Est
2024;10;Aube;18-24 ans;Femmes;2024.4215938303298;44;Grand Est
2024;10;Aube;25-44 ans;Femmes;955.3245293621799;44;Grand Est
2024;10;Aube;Tous;Femmes;1090.88475438362;44;Grand Est
2024;10;Aube;25-44 ans;Hommes et Femmes;1001.97109067017;44;Grand Est
2024;10;Aube;65 ans et plus;Hommes et Femmes;201.416015625;44;Grand Est
2020;11;Aude;00-17 ans;Hommes;175.348117586385;76;Occitanie
2020;11;Aude;25-44 ans;Hommes;578.783690393918;76;Occitanie
2020;11;Aude;65 ans et plus;Hommes;141.287284144427;76;Occitanie
2020;11;Aude;45-64 ans;Femmes;929.5886075949371;76;Occitanie
2020;11;Aude;25-44 ans;Hommes et Femmes;716.0122223742419;76;Occitanie
2021;11;Aude;25-44 ans;Femmes;829.4844000377041;76;Occitanie
2021;11;Aude;65 ans et plus;Femmes;246.965848151284;76;Occitanie
2021;11;Aude;Tous;Femmes;687.796637438661;76;Occitanie
2021;11;Aude;25-44 ans;Hommes et Femmes;728.803585170431;76;Occitanie
2021;11;Aude;Tous;Hommes et Femmes;522.3675425160051;76;Occitanie
2022;11;Aude;45-64 ans;Hommes;414.32648927354796;76;Occitanie
2022;11;Aude;Tous;Femmes;758.0079876110519;76;Occitanie
2022;11;Aude;25-44 ans;Hommes et Femmes;636.068274378804;76;Occitanie
2022;11;Aude;45-64 ans;Hommes et Femmes;731.660044577963;76;Occitanie
2022;11;Aude;65 ans et plus;Hommes et Femmes;325.720977894891;76;Occitanie
2022;11;Aude;Tous;Hommes et Femmes;546.818910492825;76;Occitanie
2023;11;Aude;00-17 ans;Hommes;200.900032144005;76;Occitanie
2023;11;Aude;25-44 ans;Hommes;508.15506925661805;76;Occitanie
2023;11;Aude;Tous;Hommes;295.512586647209;76;Occitanie
2023;11;Aude;00-17 ans;Femmes;554.4005544005539;76;Occitanie
2023;11;Aude;25-44 ans;Femmes;571.692023974182;76;Occitanie
2024;11;Aude;00-17 ans;Hommes;158.48826577263;76;Occitanie
2024;11;Aude;65 ans et plus;Hommes;117.44344171096598;76;Occitanie
2024;11;Aude;65 ans et plus;Femmes;327.260826879023;76;Occitanie
2024;11;Aude;Tous;Femmes;677.5324552260021;76;Occitanie
2024;11;Aude;18-24 ans;Hommes et Femmes;813.5283363802561;76;Occitanie
2024;11;Aude;25-44 ans;Hommes et Femmes;699.56091389447;76;Occitanie
2024;11;Aude;65 ans et plus;Hommes et Femmes;228.90588780713998;76;Occitanie
2024;11;Aude;Tous;Hommes et Femmes;493.934884735542;76;Occitanie
2020;12;Aveyron;00-17 ans;Hommes;162.639405204461;76;Occitanie
2020;12;Aveyron;18-24 ans;Hommes;413.41295360588;76;Occitanie
2020;12;Aveyron;25-44 ans;Hommes;316.95721077654497;76;Occitanie
2020;12;Aveyron;00-17 ans;Femmes;300.054555373704;76;Occitanie
2020;12;Aveyron;18-24 ans;Femmes;798.1755986316989;76;Occitanie
2020;12;Aveyron;45-64 ans;Femmes;722.831505483549;76;Occitanie
2020;12;Aveyron;65 ans et plus;Femmes;296.693981350664;76;Occitanie
2020;12;Aveyron;00-17 ans;Hommes et Femmes;225.648740127868;76;Occitanie
2020;12;Aveyron;45-64 ans;Hommes et Femmes;596.379126730564;76;Occitanie
2021;12;Aveyron;00-17 ans;Hommes;190.799236803053;76;Occitanie
2021;12;Aveyron;18-24 ans;Hommes;704.579768495219;76;Occitanie
2021;12;Aveyron;65 ans et plus;Hommes;164.93485073396;76;Occitanie
2021;12;Aveyron;45-64 ans;Femmes;458.34456726880603;76;Occitanie
2021;12;Aveyron;65 ans et plus;Femmes;230.982445334155;76;Occitanie
2021;12;Aveyron;Tous;Femmes;483.19218579518906;76;Occitanie
2021;12;Aveyron;00-17 ans;Hommes et Femmes;301.37939028631;76;Occitanie
2021;12;Aveyron;25-44 ans;Hommes et Femmes;648.6899007886029;76;Occitanie
2021;12;Aveyron;Tous;Hommes et Femmes;404.050238535683;76;Occitanie
2022;12;Aveyron;18-24 ans;Hommes;665.335994677312;76;Occitanie
2022;12;Aveyron;25-44 ans;Hommes;591.805766312595;76;Occitanie
2022;12;Aveyron;25-44 ans;Femmes;959.232613908873;76;Occitanie
2022;12;Aveyron;65 ans et plus;Femmes;220.44088176352702;76;Occitanie
2022;12;Aveyron;25-44 ans;Hommes et Femmes;750.388131792306;76;Occitanie
2022;12;Aveyron;45-64 ans;Hommes et Femmes;477.64143951247604;76;Occitanie
2022;12;Aveyron;Tous;Hommes et Femmes;460.280674649157;76;Occitanie
2023;12;Aveyron;18-24 ans;Hommes;710.545998504114;76;Occitanie
2023;12;Aveyron;45-64 ans;Hommes;302.981980545368;76;Occitanie
2023;12;Aveyron;45-64 ans;Femmes;573.652939971317;76;Occitanie
2023;12;Aveyron;Tous;Femmes;588.771556636025;76;Occitanie
2023;12;Aveyron;25-44 ans;Hommes et Femmes;733.054074638233;76;Occitanie
2024;12;Aveyron;00-17 ans;Hommes;184.316353887399;76;Occitanie
2024;12;Aveyron;18-24 ans;Hommes;460.25104602510504;76;Occitanie
2024;12;Aveyron;25-44 ans;Hommes;636.9426751592359;76;Occitanie
2024;12;Aveyron;65 ans et plus;Hommes;109.637101195044;76;Occitanie
2024;12;Aveyron;00-17 ans;Femmes;1130.75657894737;76;Occitanie
2024;12;Aveyron;65 ans et plus;Femmes;251.361541684122;76;Occitanie
2024;12;Aveyron;18-24 ans;Hommes et Femmes;1101.6187050359702;76;Occitanie
2024;12;Aveyron;25-44 ans;Hommes et Femmes;739.039248976331;76;Occitanie
2024;12;Aveyron;65 ans et plus;Hommes et Femmes;182.12009213134098;76;Occitanie
2020;13;Bouches-du-Rhône;00-17 ans;Hommes;215.649039235251;93;Provence-Alpes-Côte d'Azur
2020;13;Bouches-du-Rhône;25-44 ans;Hommes;779.883017547368;93;Provence-Alpes-Côte d'Azur
2020;13;Bouches-du-Rhône;45-64 ans;Hommes;701.0326588867431;93;Provence-Alpes-Côte d'Azur
2020;13;Bouches-du-Rhône;Tous;Hommes;508.717278802191;93;Provence-Alpes-Côte d'Azur
2020;13;Bouches-du-Rhône;00-17 ans;Femmes;398.993671134872;93;Provence-Alpes-Côte d'Azur
2020;13;Bouches-du-Rhône;25-44 ans;Femmes;898.431865482495;93;Provence-Alpes-Côte d'Azur
2020;13;Bouches-du-Rhône;00-17 ans;Hommes et Femmes;298.177313749779;93;Provence-Alpes-Côte d'Azur
2020;13;Bouches-du-Rhône;18-24 ans;Hommes et Femmes;1045.92366835215;93;Provence-Alpes-Côte d'Azur
2020;13;Bouches-du-Rhône;45-64 ans;Hommes et Femmes;850.8218292111779;93;Provence-Alpes-Côte d'Azur
2020;13;Bouches-du-Rhône;65 ans et plus;Hommes et Femmes;315.29316479129903;93;Provence-Alpes-Côte d'Azur
2021;13;Bouches-du-Rhône;Tous;Hommes;462.310909462322;93;Provence-Alpes-Côte d'Azur
2021;13;Bouches-du-Rhône;18-24 ans;Femmes;1390.46323584977;93;Provence-Alpes-Côte d'Azur
2021;13;Bouches-du-Rhône;Tous;Femmes;697.165380091449;93;Provence-Alpes-Côte d'Azur
2021;13;Bouches-du-Rhône;65 ans et plus;Hommes et Femmes;302.882699375637;93;Provence-Alpes-Côte d'Azur
2022;13;Bouches-du-Rhône;45-64 ans;Hommes;518.88939462904;93;Provence-Alpes-Côte d'Azur
2022;13;Bouches-du-Rhône;Tous;Hommes;326.724140652375;93;Provence-Alpes-Côte d'Azur
2022;13;Bouches-du-Rhône;00-17 ans;Femmes;527.1719852734319;93;Provence-Alpes-Côte d'Azur
2022;13;Bouches-du-Rhône;18-24 ans;Femmes;1514.34170675218;93;Provence-Alpes-Côte d'Azur
2022;13;Bouches-du-Rhône;25-44 ans;Femmes;717.360114777618;93;Provence-Alpes-Côte d'Azur
2022;13;Bouches-du-Rhône;65 ans et plus;Femmes;316.41528441903;93;Provence-Alpes-Côte d'Azur
2022;13;Bouches-du-Rhône;Tous;Femmes;682.825608890176;93;Provence-Alpes-Côte d'Azur
2022;13;Bouches-du-Rhône;45-64 ans;Hommes et Femmes;722.326814461905;93;Provence-Alpes-Côte d'Azur
2023;13;Bouches-du-Rhône;Tous;Hommes;336.847255141135;93;Provence-Alpes-Côte d'Azur
2023;13;Bouches-du-Rhône;25-44 ans;Femmes;756.639901173564;93;Provence-Alpes-Côte d'Azur
2023;13;Bouches-du-Rhône;00-17 ans;Hommes et Femmes;278.43019525432504;93;Provence-Alpes-Côte d'Azur
2023;13;Bouches-du-Rhône;45-64 ans;Hommes et Femmes;735.914594658241;93;Provence-Alpes-Côte d'Azur
2024;13;Bouches-du-Rhône;18-24 ans;Hommes;622.669649515287;93;Provence-Alpes-Côte d'Azur
2024;13;Bouches-du-Rhône;25-44 ans;Hommes;614.6764528397209;93;Provence-Alpes-Côte d'Azur
2024;13;Bouches-du-Rhône;00-17 ans;Femmes;672.8427606638049;93;Provence-Alpes-Côte d'Azur
2024;13;Bouches-du-Rhône;25-44 ans;Femmes;883.118594918773;93;Provence-Alpes-Côte d'Azur
2024;13;Bouches-du-Rhône;65 ans et plus;Femmes;296.50416297139503;93;Provence-Alpes-Côte d'Azur
2024;13;Bouches-du-Rhône;00-17 ans;Hommes et Femmes;372.221089129105;93;Provence-Alpes-Côte d'Azur
2024;13;Bouches-du-Rhône;18-24 ans;Hommes et Femmes;1237.67879641295;93;Provence-Alpes-Côte d'Azur
2024;13;Bouches-du-Rhône;Tous;Hommes et Femmes;557.252450046121;93;Provence-Alpes-Côte d'Azur
2020;14;Calvados;45-64 ans;Hommes;353.290013248376;28;Normandie
2020;14;Calvados;00-17 ans;Femmes;438.749216519256;28;Normandie
2020;14;Calvados;00-17 ans;Hommes et Femmes;342.69608942126;28;Normandie
2020;14;Calvados;18-24 ans;Hommes et Femmes;621.526762211173;28;Normandie
2020;14;Calvados;45-64 ans;Hommes et Femmes;485.82995951417;28;Normandie
2021;14;Calvados;25-44 ans;Hommes;862.46491451901;28;Normandie
2021;14;Calvados;18-24 ans;Femmes;2309.9245502031304;28;Normandie
2021;14;Calvados;25-44 ans;Femmes;1162.49031258073;28;Normandie
2021;14;Calvados;00-17 ans;Hommes et Femmes;384.381005953218;28;Normandie
2021;14;Calvados;18-24 ans;Hommes et Femmes;1609.7147698390302;28;Normandie
2021;14;Calvados;25-44 ans;Hommes et Femmes;994.160376014813;28;Normandie
2021;14;Calvados;65 ans et plus;Hommes et Femmes;299.350191048699;28;Normandie
2022;14;Calvados;45-64 ans;Hommes;578.957875823518;28;Normandie
2022;14;Calvados;65 ans et plus;Hommes;195.27782709035998;28;Normandie
2022;14;Calvados;25-44 ans;Femmes;990.65315945598;28;Normandie
2022;14;Calvados;Tous;Femmes;959.0984474593879;28;Normandie
2022;14;Calvados;18-24 ans;Hommes et Femmes;1831.2179052417398;28;Normandie
2022;14;Calvados;45-64 ans;Hommes et Femmes;767.832433459044;28;Normandie
2023;14;Calvados;45-64 ans;Hommes;785.448532451426;28;Normandie
2023;14;Calvados;Tous;Femmes;1069.98142833024;28;Normandie
2023;14;Calvados;18-24 ans;Hommes et Femmes;1934.16093992463;28;Normandie
2023;14;Calvados;25-44 ans;Hommes et Femmes;1191.79454727627;28;Normandie
2023;14;Calvados;65 ans et plus;Hommes et Femmes;259.909031838856;28;Normandie
2024;14;Calvados;18-24 ans;Hommes;1134.97273839991;28;Normandie
2024;14;Calvados;25-44 ans;Hommes;830.094525214721;28;Normandie
2024;14;Calvados;65 ans et plus;Hommes;174.440337251319;28;Normandie
2024;14;Calvados;00-17 ans;Hommes et Femmes;537.742486682079;28;Normandie
2024;14;Calvados;18-24 ans;Hommes et Femmes;2032.18542318888;28;Normandie
2024;14;Calvados;65 ans et plus;Hommes et Femmes;226.85130390184202;28;Normandie
2024;14;Calvados;Tous;Hommes et Femmes;746.29083057663;28;Normandie
2020;15;Cantal;45-64 ans;Hommes;360.68530207394;84;Auvergne et Rhône-Alpes
2020;15;Cantal;45-64 ans;Femmes;191.57088122605398;84;Auvergne et Rhône-Alpes
2020;15;Cantal;65 ans et plus;Femmes;146.04631754642202;84;Auvergne et Rhône-Alpes
2020;15;Cantal;Tous;Femmes;239.604266501778;84;Auvergne et Rhône-Alpes
2020;15;Cantal;00-17 ans;Hommes et Femmes;148.999574286931;84;Auvergne et Rhône-Alpes
2020;15;Cantal;18-24 ans;Hommes et Femmes;432.900432900433;84;Auvergne et Rhône-Alpes
2021;15;Cantal;00-17 ans;Femmes;415.11000415110004;84;Auvergne et Rhône-Alpes
2021;15;Cantal;00-17 ans;Hommes et Femmes;187.511719482468;84;Auvergne et Rhône-Alpes
2021;15;Cantal;18-24 ans;Hommes et Femmes;1024.14045354792;84;Auvergne et Rhône-Alpes
2021;15;Cantal;25-44 ans;Hommes et Femmes;559.3427722426151;84;Auvergne et Rhône-Alpes
2022;15;Cantal;00-17 ans;Hommes;135.196034249662;84;Auvergne et Rhône-Alpes
2022;15;Cantal;65 ans et plus;Hommes;99.2260369120857;84;Auvergne et Rhône-Alpes
2022;15;Cantal;Tous;Hommes;371.338912133891;84;Auvergne et Rhône-Alpes
2022;15;Cantal;25-44 ans;Femmes;402.144772117962;84;Auvergne et Rhône-Alpes
2022;15;Cantal;65 ans et plus;Femmes;154.639175257732;84;Auvergne et Rhône-Alpes
2022;15;Cantal;Tous;Femmes;411.26042632066697;84;Auvergne et Rhône-Alpes
2023;15;Cantal;25-44 ans;Hommes;253.61399949277202;84;Auvergne et Rhône-Alpes
2023;15;Cantal;45-64 ans;Hommes;467.289719626168;84;Auvergne et Rhône-Alpes
2023;15;Cantal;65 ans et plus;Hommes;102.817191034341;84;Auvergne et Rhône-Alpes
2023;15;Cantal;00-17 ans;Femmes;352.564102564103;84;Auvergne et Rhône-Alpes
2023;15;Cantal;18-24 ans;Hommes et Femmes;507.292327203551;84;Auvergne et Rhône-Alpes
2023;15;Cantal;25-44 ans;Hommes et Femmes;454.478815422959;84;Auvergne et Rhône-Alpes
2024;15;Cantal;Tous;Femmes;495.316561227993;84;Auvergne et Rhône-Alpes
2024;15;Cantal;00-17 ans;Hommes et Femmes;395.119116792562;84;Auvergne et Rhône-Alpes
2024;15;Cantal;18-24 ans;Hommes et Femmes;541.516245487365;84;Auvergne et Rhône-Alpes
2024;15;Cantal;25-44 ans;Hommes et Femmes;511.86598417868805;84;Auvergne et Rhône-Alpes
2024;15;Cantal;45-64 ans;Hommes et Femmes;522.193211488251;84;Auvergne et Rhône-Alpes
2020;16;Charente;18-24 ans;Hommes;716.580182851495;75;Nouvelle Aquitaine
2020;16;Charente;25-44 ans;Hommes;713.5177402013489;75;Nouvelle Aquitaine
2020;16;Charente;65 ans et plus;Hommes;301.131276959388;75;Nouvelle Aquitaine
2020;16;Charente;18-24 ans;Femmes;1046.83195592287;75;Nouvelle Aquitaine
2020;16;Charente;45-64 ans;Femmes;1495.44072948328;75;Nouvelle Aquitaine
2020;16;Charente;65 ans et plus;Femmes;357.168369169226;75;Nouvelle Aquitaine
2020;16;Charente;Tous;Femmes;852.628085671253;75;Nouvelle Aquitaine
2020;16;Charente;18-24 ans;Hommes et Femmes;872.7367461247879;75;Nouvelle Aquitaine
2020;16;Charente;65 ans et plus;Hommes et Femmes;330.974663318877;75;Nouvelle Aquitaine
2021;16;Charente;45-64 ans;Hommes;665.124349334876;75;Nouvelle Aquitaine
2021;16;Charente;65 ans et plus;Hommes;182.773589216358;75;Nouvelle Aquitaine
2021;16;Charente;Tous;Hommes;429.308486061913;75;Nouvelle Aquitaine
2021;16;Charente;18-24 ans;Femmes;1245.67474048443;75;Nouvelle Aquitaine
2021;16;Charente;18-24 ans;Hommes et Femmes;881.2969209008809;75;Nouvelle Aquitaine
2022;16;Charente;18-24 ans;Hommes;495.24564183835196;75;Nouvelle Aquitaine
2022;16;Charente;45-64 ans;Hommes;343.456254519161;75;Nouvelle Aquitaine
2022;16;Charente;00-17 ans;Femmes;598.588403466452;75;Nouvelle Aquitaine
2022;16;Charente;18-24 ans;Femmes;1060.64099608024;75;Nouvelle Aquitaine
2022;16;Charente;25-44 ans;Femmes;777.6400315564069;75;Nouvelle Aquitaine
2022;16;Charente;18-24 ans;Hommes et Femmes;756.526371870005;75;Nouvelle Aquitaine
2022;16;Charente;25-44 ans;Hommes et Femmes;666.634693779675;75;Nouvelle Aquitaine
2023;16;Charente;18-24 ans;Hommes;410.172272354389;75;Nouvelle Aquitaine
2023;16;Charente;65 ans et plus;Hommes;105.12299390286599;75;Nouvelle Aquitaine
2023;16;Charente;00-17 ans;Femmes;547.376368440921;75;Nouvelle Aquitaine
2023;16;Charente;Tous;Femmes;661.438941697693;75;Nouvelle Aquitaine
2023;16;Charente;18-24 ans;Hommes et Femmes;716.524854455889;75;Nouvelle Aquitaine
2024;16;Charente;00-17 ans;Hommes;89.8839679686223;75;Nouvelle Aquitaine
2024;16;Charente;25-44 ans;Hommes;499.13941480206495;75;Nouvelle Aquitaine
2024;16;Charente;65 ans et plus;Hommes;121.86040213932701;75;Nouvelle Aquitaine
2024;16;Charente;45-64 ans;Femmes;655.2262090483621;75;Nouvelle Aquitaine
2024;16;Charente;Tous;Femmes;567.582907646153;75;Nouvelle Aquitaine
2024;16;Charente;18-24 ans;Hommes et Femmes;667.250054692627;75;Nouvelle Aquitaine
2024;16;Charente;45-64 ans;Hommes et Femmes;559.719653460528;75;Nouvelle Aquitaine
2024;16;Charente;Tous;Hommes et Femmes;421.233239833049;75;Nouvelle Aquitaine
2020;17;Charente-Maritime;00-17 ans;Hommes;210.733352065187;75;Nouvelle Aquitaine
2020;17;Charente-Maritime;18-24 ans;Hommes;524.246395806029;75;Nouvelle Aquitaine
2020;17;Charente-Maritime;Tous;Hommes;401.525798032524;75;Nouvelle Aquitaine
2020;17;Charente-Maritime;25-44 ans;Femmes;872.072578943667;75;Nouvelle Aquitaine
2020;17;Charente-Maritime;Tous;Hommes et Femmes;556.301306210956;75;Nouvelle Aquitaine
2021;17;Charente-Maritime;00-17 ans;Hommes;180.919068869859;75;Nouvelle Aquitaine
2021;17;Charente-Maritime;65 ans et plus;Hommes;134.018315836498;75;Nouvelle Aquitaine
2021;17;Charente-Maritime;18-24 ans;Femmes;1475.62582345191;75;Nouvelle Aquitaine
2021;17;Charente-Maritime;45-64 ans;Femmes;1126.05567719737;75;Nouvelle Aquitaine
2021;17;Charente-Maritime;Tous;Femmes;702.723659978676;75;Nouvelle Aquitaine
2021;17;Charente-Maritime;18-24 ans;Hommes et Femmes;1081.1156601842401;75;Nouvelle Aquitaine
2022;17;Charente-Maritime;45-64 ans;Hommes;549.6062099835681;75;Nouvelle Aquitaine
2022;17;Charente-Maritime;00-17 ans;Femmes;672.335376705557;75;Nouvelle Aquitaine
2022;17;Charente-Maritime;18-24 ans;Femmes;1412.5068568294;75;Nouvelle Aquitaine
2022;17;Charente-Maritime;65 ans et plus;Femmes;329.133282356461;75;Nouvelle Aquitaine
2022;17;Charente-Maritime;00-17 ans;Hommes et Femmes;384.55715367146104;75;Nouvelle Aquitaine
2022;17;Charente-Maritime;45-64 ans;Hommes et Femmes;873.257249540787;75;Nouvelle Aquitaine
2023;17;Charente-Maritime;18-24 ans;Hommes;559.458756180068;75;Nouvelle Aquitaine
2023;17;Charente-Maritime;Tous;Hommes;340.544185036626;75;Nouvelle Aquitaine
2023;17;Charente-Maritime;Tous;Femmes;798.22985688964;75;Nouvelle Aquitaine
2023;17;Charente-Maritime;00-17 ans;Hommes et Femmes;494.759455764599;75;Nouvelle Aquitaine
2023;17;Charente-Maritime;25-44 ans;Hommes et Femmes;810.898475510866;75;Nouvelle Aquitaine
2023;17;Charente-Maritime;45-64 ans;Hommes et Femmes;763.51814846849;75;Nouvelle Aquitaine
2023;17;Charente-Maritime;65 ans et plus;Hommes et Femmes;238.963003713382;75;Nouvelle Aquitaine
2023;17;Charente-Maritime;Tous;Hommes et Femmes;564.7807613174721;75;Nouvelle Aquitaine
2024;17;Charente-Maritime;18-24 ans;Hommes;422.802157748943;75;Nouvelle Aquitaine
2024;17;Charente-Maritime;25-44 ans;Hommes;756.750211890059;75;Nouvelle Aquitaine
2024;17;Charente-Maritime;45-64 ans;Hommes;516.2501466619731;75;Nouvelle Aquitaine
2024;17;Charente-Maritime;00-17 ans;Femmes;967.700589592412;75;Nouvelle Aquitaine
2024;17;Charente-Maritime;25-44 ans;Femmes;1091.55410015009;75;Nouvelle Aquitaine
2024;17;Charente-Maritime;45-64 ans;Femmes;1049.58145524791;75;Nouvelle Aquitaine
2024;17;Charente-Maritime;65 ans et plus;Femmes;273.215261483077;75;Nouvelle Aquitaine
2024;17;Charente-Maritime;Tous;Femmes;807.2424597574679;75;Nouvelle Aquitaine
2024;17;Charente-Maritime;25-44 ans;Hommes et Femmes;914.1647421093151;75;Nouvelle Aquitaine
2024;17;Charente-Maritime;Tous;Hommes et Femmes;573.412686755694;75;Nouvelle Aquitaine
2020;18;Cher;00-17 ans;Hommes;50.530570995452294;24;Centre-Val de Loire
2020;18;Cher;65 ans et plus;Hommes;164.22812779934299;24;Centre-Val de Loire
2020;18;Cher;Tous;Hommes;430.763708157588;24;Centre-Val de Loire
2020;18;Cher;00-17 ans;Femmes;1017.65938341814;24;Centre-Val de Loire
2020;18;Cher;18-24 ans;Femmes;1401.3452914798202;24;Centre-Val de Loire
2020;18;Cher;25-44 ans;Femmes;1062.75303643725;24;Centre-Val de Loire
2020;18;Cher;45-64 ans;Femmes;1269.62142197599;24;Centre-Val de Loire
2020;18;Cher;65 ans et plus;Femmes;266.598958994541;24;Centre-Val de Loire
2020;18;Cher;Tous;Femmes;831.532462651508;24;Centre-Val de Loire
2020;18;Cher;25-44 ans;Hommes et Femmes;912.0673526660431;24;Centre-Val de Loire
2020;18;Cher;45-64 ans;Hommes et Femmes;1004.05896176031;24;Centre-Val de Loire
2020;18;Cher;Tous;Hommes et Femmes;626.5491600110159;24;Centre-Val de Loire
2021;18;Cher;00-17 ans;Hommes;95.1776649746193;24;Centre-Val de Loire
2021;18;Cher;Tous;Hommes;484.110792212732;24;Centre-Val de Loire
2021;18;Cher;65 ans et plus;Femmes;318.708169552746;24;Centre-Val de Loire
2021;18;Cher;18-24 ans;Hommes et Femmes;914.2190235362771;24;Centre-Val de Loire
2021;18;Cher;25-44 ans;Hommes et Femmes;941.8729817007531;24;Centre-Val de Loire
2021;18;Cher;45-64 ans;Hommes et Femmes;1213.21865097329;24;Centre-Val de Loire
2022;18;Cher;00-17 ans;Hommes;118.175372252423;24;Centre-Val de Loire
2022;18;Cher;25-44 ans;Hommes;521.808937650522;24;Centre-Val de Loire
2022;18;Cher;45-64 ans;Hommes;566.298342541436;24;Centre-Val de Loire
2022;18;Cher;00-17 ans;Femmes;716.0972698791591;24;Centre-Val de Loire
2022;18;Cher;25-44 ans;Femmes;964.7935003385239;24;Centre-Val de Loire
2022;18;Cher;Tous;Femmes;833.282085972572;24;Centre-Val de Loire
2022;18;Cher;00-17 ans;Hommes et Femmes;382.383966244726;24;Centre-Val de Loire
2022;18;Cher;65 ans et plus;Hommes et Femmes;211.937503080487;24;Centre-Val de Loire
2022;18;Cher;Tous;Hommes et Femmes;575.8663638361791;24;Centre-Val de Loire
2023;18;Cher;00-17 ans;Hommes;82.01523140011719;24;Centre-Val de Loire
2023;18;Cher;00-17 ans;Femmes;744.87895716946;24;Centre-Val de Loire
2023;18;Cher;00-17 ans;Hommes et Femmes;380.130146253463;24;Centre-Val de Loire
2023;18;Cher;18-24 ans;Hommes et Femmes;803.585226394684;24;Centre-Val de Loire
2023;18;Cher;25-44 ans;Hommes et Femmes;581.658372649131;24;Centre-Val de Loire
2023;18;Cher;Tous;Hommes et Femmes;455.27789855999197;24;Centre-Val de Loire
2024;18;Cher;25-44 ans;Femmes;1046.02510460251;24;Centre-Val de Loire
2020;19;Corrèze;00-17 ans;Hommes;317.236517448008;75;Nouvelle Aquitaine
2020;19;Corrèze;18-24 ans;Hommes;485.75129533678796;75;Nouvelle Aquitaine
2020;19;Corrèze;45-64 ans;Hommes;777.453838678328;75;Nouvelle Aquitaine
2020;19;Corrèze;Tous;Hommes;439.394890465131;75;Nouvelle Aquitaine
2020;19;Corrèze;00-17 ans;Femmes;648.088139987038;75;Nouvelle Aquitaine
2020;19;Corrèze;Tous;Femmes;653.417747232285;75;Nouvelle Aquitaine
2020;19;Corrèze;00-17 ans;Hommes et Femmes;465.83850931677;75;Nouvelle Aquitaine
2020;19;Corrèze;45-64 ans;Hommes et Femmes;903.2656527445379;75;Nouvelle Aquitaine
2020;19;Corrèze;65 ans et plus;Hommes et Femmes;236.335294413436;75;Nouvelle Aquitaine
2021;19;Corrèze;Tous;Hommes;351.251861634867;75;Nouvelle Aquitaine
2021;19;Corrèze;00-17 ans;Femmes;645.374813834188;75;Nouvelle Aquitaine
2021;19;Corrèze;18-24 ans;Femmes;915.9823120656981;75;Nouvelle Aquitaine
2021;19;Corrèze;25-44 ans;Femmes;834.697217675941;75;Nouvelle Aquitaine
2021;19;Corrèze;00-17 ans;Hommes et Femmes;416.63451894144004;75;Nouvelle Aquitaine
2021;19;Corrèze;18-24 ans;Hommes et Femmes;634.124760359829;75;Nouvelle Aquitaine
2021;19;Corrèze;25-44 ans;Hommes et Femmes;633.330878562486;75;Nouvelle Aquitaine
2021;19;Corrèze;65 ans et plus;Hommes et Femmes;264.243660470076;75;Nouvelle Aquitaine
2022;19;Corrèze;00-17 ans;Hommes;148.300250969655;75;Nouvelle Aquitaine
2022;19;Corrèze;Tous;Hommes;269.597677312319;75;Nouvelle Aquitaine
2022;19;Corrèze;18-24 ans;Femmes;1277.54710954966;75;Nouvelle Aquitaine
2022;19;Corrèze;18-24 ans;Hommes et Femmes;743.115255719073;75;Nouvelle Aquitaine
2022;19;Corrèze;65 ans et plus;Hommes et Femmes;313.16602148666897;75;Nouvelle Aquitaine
2023;19;Corrèze;18-24 ans;Hommes;500.395048722676;75;Nouvelle Aquitaine
2023;19;Corrèze;45-64 ans;Hommes;530.538302277433;75;Nouvelle Aquitaine
2023;19;Corrèze;18-24 ans;Femmes;791.034937376401;75;Nouvelle Aquitaine
2023;19;Corrèze;45-64 ans;Femmes;1178.2477341389701;75;Nouvelle Aquitaine
2023;19;Corrèze;Tous;Femmes;618.108920815236;75;Nouvelle Aquitaine
2024;19;Corrèze;25-44 ans;Femmes;682.071269487751;75;Nouvelle Aquitaine
2024;19;Corrèze;45-64 ans;Hommes et Femmes;557.809330628803;75;Nouvelle Aquitaine
2020;21;Côte-d'Or;00-17 ans;Hommes;291.247997670016;27;Bourgogne et Franche-Comté
2020;21;Côte-d'Or;18-24 ans;Hommes;927.081476198966;27;Bourgogne et Franche-Comté
2020;21;Côte-d'Or;45-64 ans;Hommes;682.6801517066999;27;Bourgogne et Franche-Comté
2020;21;Côte-d'Or;00-17 ans;Femmes;282.236726053978;27;Bourgogne et Franche-Comté
2020;21;Côte-d'Or;18-24 ans;Femmes;2128.46110378602;27;Bourgogne et Franche-Comté
2020;21;Côte-d'Or;25-44 ans;Femmes;1241.16860798167;27;Bourgogne et Franche-Comté
2020;21;Côte-d'Or;45-64 ans;Femmes;1242.1095499898202;27;Bourgogne et Franche-Comté
2020;21;Côte-d'Or;65 ans et plus;Femmes;275.50016398819304;27;Bourgogne et Franche-Comté
2020;21;Côte-d'Or;00-17 ans;Hommes et Femmes;287.17294192725;27;Bourgogne et Franche-Comté
2020;21;Côte-d'Or;Tous;Hommes et Femmes;745.932210336489;27;Bourgogne et Franche-Comté
2021;21;Côte-d'Or;45-64 ans;Hommes;574.835001064509;27;Bourgogne et Franche-Comté
2021;21;Côte-d'Or;18-24 ans;Femmes;2598.34518798084;27;Bourgogne et Franche-Comté
2021;21;Côte-d'Or;Tous;Femmes;908.46330059309;27;Bourgogne et Franche-Comté
2021;21;Côte-d'Or;25-44 ans;Hommes et Femmes;885.2344296710991;27;Bourgogne et Franche-Comté
2022;21;Côte-d'Or;25-44 ans;Hommes;844.660737260167;27;Bourgogne et Franche-Comté
2022;21;Côte-d'Or;45-64 ans;Hommes;584.402498824478;27;Bourgogne et Franche-Comté
2022;21;Côte-d'Or;Tous;Hommes;464.205410894321;27;Bourgogne et Franche-Comté
2022;21;Côte-d'Or;18-24 ans;Femmes;2624.1679467485897;27;Bourgogne et Franche-Comté
2022;21;Côte-d'Or;45-64 ans;Femmes;1031.3399424368401;27;Bourgogne et Franche-Comté
2022;21;Côte-d'Or;Tous;Femmes;973.4131478185841;27;Bourgogne et Franche-Comté
2022;21;Côte-d'Or;18-24 ans;Hommes et Femmes;1725.1008377288201;27;Bourgogne et Franche-Comté
2022;21;Côte-d'Or;25-44 ans;Hommes et Femmes;948.8139825218481;27;Bourgogne et Franche-Comté
2022;21;Côte-d'Or;Tous;Hommes et Femmes;704.907584448693;27;Bourgogne et Franche-Comté
2023;21;Côte-d'Or;45-64 ans;Hommes;491.711154818769;27;Bourgogne et Franche-Comté
2023;21;Côte-d'Or;65 ans et plus;Hommes;117.246384903132;27;Bourgogne et Franche-Comté
2023;21;Côte-d'Or;00-17 ans;Femmes;928.5263942225021;27;Bourgogne et Franche-Comté
2023;21;Côte-d'Or;00-17 ans;Hommes et Femmes;545.293258192444;27;Bourgogne et Franche-Comté
2023;21;Côte-d'Or;45-64 ans;Hommes et Femmes;815.846393200015;27;Bourgogne et Franche-Comté
2024;21;Côte-d'Or;Tous;Hommes;513.421360961546;27;Bourgogne et Franche-Comté
2024;21;Côte-d'Or;00-17 ans;Femmes;1480.79053226841;27;Bourgogne et Franche-Comté
2024;21;Côte-d'Or;00-17 ans;Hommes et Femmes;847.4127429691221;27;Bourgogne et Franche-Comté
2024;21;Côte-d'Or;65 ans et plus;Hommes et Femmes;250.684265725322;27;Bourgogne et Franche-Comté
2020;22;Côtes-d'Armor;65 ans et plus;Hommes;246.254873794377;53;Bretagne
2020;22;Côtes-d'Armor;00-17 ans;Femmes;873.087308730873;53;Bretagne
2020;22;Côtes-d'Armor;18-24 ans;Femmes;1314.77184841454;53;Bretagne
2020;22;Côtes-d'Armor;00-17 ans;Hommes et Femmes;561.181434599156;53;Bretagne
2020;22;Côtes-d'Armor;18-24 ans;Hommes et Femmes;1005.9442158207601;53;Bretagne
2020;22;Côtes-d'Armor;25-44 ans;Hommes et Femmes;1307.15603854829;53;Bretagne
2020;22;Côtes-d'Armor;45-64 ans;Hommes et Femmes;1238.19618423588;53;Bretagne
2020;22;Côtes-d'Armor;Tous;Hommes et Femmes;793.951567059537;53;Bretagne
2021;22;Côtes-d'Armor;00-17 ans;Hommes;171.154723870379;53;Bretagne
2021;22;Côtes-d'Armor;18-24 ans;Hommes;735.654732712114;53;Bretagne
2021;22;Côtes-d'Armor;18-24 ans;Femmes;1952.5267993874402;53;Bretagne
2021;22;Côtes-d'Armor;45-64 ans;Femmes;1524.2000178269;53;Bretagne
2021;22;Côtes-d'Armor;65 ans et plus;Femmes;342.862438029931;53;Bretagne
2021;22;Côtes-d'Armor;45-64 ans;Hommes et Femmes;1149.33572291269;53;Bretagne
2022;22;Côtes-d'Armor;65 ans et plus;Hommes;225.576024491111;53;Bretagne
2022;22;Côtes-d'Armor;Tous;Hommes;511.899656946827;53;Bretagne
2022;22;Côtes-d'Armor;18-24 ans;Femmes;2146.00146735143;53;Bretagne
2022;22;Côtes-d'Armor;25-44 ans;Femmes;1447.91274915382;53;Bretagne
2022;22;Côtes-d'Armor;00-17 ans;Hommes et Femmes;514.575210206626;53;Bretagne
2022;22;Côtes-d'Armor;18-24 ans;Hommes et Femmes;1462.110452001;53;Bretagne
2022;22;Côtes-d'Armor;Tous;Hommes et Femmes;732.010012550746;53;Bretagne
2023;22;Côtes-d'Armor;65 ans et plus;Hommes;181.091877496671;53;Bretagne
2023;22;Côtes-d'Armor;Tous;Femmes;1004.15617510542;53;Bretagne
2023;22;Côtes-d'Armor;00-17 ans;Hommes et Femmes;553.611382020538;53;Bretagne
2024;22;Côtes-d'Armor;65 ans et plus;Hommes;159.90921283400402;53;Bretagne
2024;22;Côtes-d'Armor;18-24 ans;Femmes;2972.97297297297;53;Bretagne
2024;22;Côtes-d'Armor;45-64 ans;Femmes;1438.43019871955;53;Bretagne
2024;22;Côtes-d'Armor;00-17 ans;Hommes et Femmes;612.483263538729;53;Bretagne
2024;22;Côtes-d'Armor;25-44 ans;Hommes et Femmes;991.1339966704089;53;Bretagne
2024;22;Côtes-d'Armor;65 ans et plus;Hommes et Femmes;230.82720934614701;53;Bretagne
2024;22;Côtes-d'Armor;Tous;Hommes et Femmes;728.292904103378;53;Bretagne
2020;23;Creuse;25-44 ans;Hommes;849.6176720475789;75;Nouvelle Aquitaine
2020;23;Creuse;65 ans et plus;Hommes;179.21146953405;75;Nouvelle Aquitaine
2020;23;Creuse;Tous;Hommes;422.654268808115;75;Nouvelle Aquitaine
2020;23;Creuse;65 ans et plus;Femmes;175.01640778823;75;Nouvelle Aquitaine
2020;23;Creuse;25-44 ans;Hommes et Femmes;950.871632329635;75;Nouvelle Aquitaine
2021;23;Creuse;00-17 ans;Femmes;747.986191024166;75;Nouvelle Aquitaine
2021;23;Creuse;18-24 ans;Femmes;1218.16168327796;75;Nouvelle Aquitaine
2021;23;Creuse;65 ans et plus;Femmes;181.050090525045;75;Nouvelle Aquitaine
2021;23;Creuse;18-24 ans;Hommes et Femmes;842.0009905894011;75;Nouvelle Aquitaine
2021;23;Creuse;65 ans et plus;Hommes et Femmes;171.08639863130898;75;Nouvelle Aquitaine
2022;23;Creuse;00-17 ans;Hommes;259.403372243839;75;Nouvelle Aquitaine
2022;23;Creuse;18-24 ans;Hommes;452.079566003617;75;Nouvelle Aquitaine
2022;23;Creuse;25-44 ans;Hommes;467.289719626168;75;Nouvelle Aquitaine
2022;23;Creuse;45-64 ans;Hommes;546.634779637854;75;Nouvelle Aquitaine
2022;23;Creuse;65 ans et plus;Hommes;225.580870742161;75;Nouvelle Aquitaine
2022;23;Creuse;25-44 ans;Femmes;346.534653465347;75;Nouvelle Aquitaine
2022;23;Creuse;45-64 ans;Femmes;1141.16652578191;75;Nouvelle Aquitaine
2022;23;Creuse;65 ans et plus;Hommes et Femmes;274.088129875606;75;Nouvelle Aquitaine
2023;23;Creuse;25-44 ans;Hommes;677.12045616536;75;Nouvelle Aquitaine
2023;23;Creuse;45-64 ans;Hommes;320.71840923669004;75;Nouvelle Aquitaine
2023;23;Creuse;45-64 ans;Hommes et Femmes;488.599348534202;75;Nouvelle Aquitaine
2023;23;Creuse;Tous;Hommes et Femmes;422.62320385138395;75;Nouvelle Aquitaine
2024;23;Creuse;00-17 ans;Hommes;90.2527075812274;75;Nouvelle Aquitaine
2024;23;Creuse;Tous;Hommes;309.374775163681;75;Nouvelle Aquitaine
2024;23;Creuse;00-17 ans;Femmes;504.28643469490703;75;Nouvelle Aquitaine
2024;23;Creuse;Tous;Femmes;595.238095238095;75;Nouvelle Aquitaine
2024;23;Creuse;00-17 ans;Hommes et Femmes;285.782329125982;75;Nouvelle Aquitaine
2024;23;Creuse;18-24 ans;Hommes et Femmes;1160.71428571429;75;Nouvelle Aquitaine
2020;24;Dordogne;00-17 ans;Hommes;290.86678301338;75;Nouvelle Aquitaine
2020;24;Dordogne;18-24 ans;Hommes;843.739453256834;75;Nouvelle Aquitaine
2020;24;Dordogne;45-64 ans;Hommes;1094.84404837683;75;Nouvelle Aquitaine
2020;24;Dordogne;45-64 ans;Femmes;1623.47333929103;75;Nouvelle Aquitaine
2020;24;Dordogne;00-17 ans;Hommes et Femmes;593.8242280285041;75;Nouvelle Aquitaine
2020;24;Dordogne;45-64 ans;Hommes et Femmes;1338.36650652025;75;Nouvelle Aquitaine
2020;24;Dordogne;65 ans et plus;Hommes et Femmes;324.532935707394;75;Nouvelle Aquitaine
2021;24;Dordogne;18-24 ans;Hommes;512.382578992314;75;Nouvelle Aquitaine
2021;24;Dordogne;65 ans et plus;Hommes;265.459088069956;75;Nouvelle Aquitaine
2021;24;Dordogne;00-17 ans;Femmes;678.552421500798;75;Nouvelle Aquitaine
2021;24;Dordogne;18-24 ans;Femmes;728.218465539662;75;Nouvelle Aquitaine
2021;24;Dordogne;25-44 ans;Hommes et Femmes;1136.6299507850902;75;Nouvelle Aquitaine
2021;24;Dordogne;45-64 ans;Hommes et Femmes;1117.91009649329;75;Nouvelle Aquitaine
2022;24;Dordogne;18-24 ans;Hommes;486.306629127208;75;Nouvelle Aquitaine
2022;24;Dordogne;65 ans et plus;Hommes;142.53563390847702;75;Nouvelle Aquitaine
2022;24;Dordogne;00-17 ans;Femmes;552.486187845304;75;Nouvelle Aquitaine
2022;24;Dordogne;45-64 ans;Femmes;1216.5743194411;75;Nouvelle Aquitaine
2022;24;Dordogne;65 ans et plus;Femmes;309.035942223715;75;Nouvelle Aquitaine
2022;24;Dordogne;18-24 ans;Hommes et Femmes;806.451612903226;75;Nouvelle Aquitaine
2022;24;Dordogne;45-64 ans;Hommes et Femmes;897.0858639326909;75;Nouvelle Aquitaine
2022;24;Dordogne;Tous;Hommes et Femmes;570.595099183197;75;Nouvelle Aquitaine
2023;24;Dordogne;18-24 ans;Hommes;594.395697707331;75;Nouvelle Aquitaine
2023;24;Dordogne;45-64 ans;Hommes;702.0196565503829;75;Nouvelle Aquitaine
2023;24;Dordogne;Tous;Hommes;470.972254604803;75;Nouvelle Aquitaine
2023;24;Dordogne;65 ans et plus;Femmes;290.617215610296;75;Nouvelle Aquitaine
2023;24;Dordogne;Tous;Femmes;857.2817770043761;75;Nouvelle Aquitaine
2023;24;Dordogne;45-64 ans;Hommes et Femmes;1047.75687409551;75;Nouvelle Aquitaine
2023;24;Dordogne;Tous;Hommes et Femmes;655.085758899163;75;Nouvelle Aquitaine
2024;24;Dordogne;18-24 ans;Hommes;744.57753318226;75;Nouvelle Aquitaine
2024;24;Dordogne;Tous;Hommes;371.727748691099;75;Nouvelle Aquitaine
2024;24;Dordogne;25-44 ans;Femmes;1033.97341211226;75;Nouvelle Aquitaine
2024;24;Dordogne;65 ans et plus;Femmes;274.996474404174;75;Nouvelle Aquitaine
2024;24;Dordogne;00-17 ans;Hommes et Femmes;558.046836073742;75;Nouvelle Aquitaine
2024;24;Dordogne;18-24 ans;Hommes et Femmes;1027.00016564519;75;Nouvelle Aquitaine
2024;24;Dordogne;45-64 ans;Hommes et Femmes;903.6905965621839;75;Nouvelle Aquitaine
2020;25;Doubs;25-44 ans;Hommes;1139.00254340374;27;Bourgogne et Franche-Comté
2020;25;Doubs;25-44 ans;Femmes;1618.4210526315799;27;Bourgogne et Franche-Comté
2020;25;Doubs;65 ans et plus;Femmes;261.364697096985;27;Bourgogne et Franche-Comté
2020;25;Doubs;45-64 ans;Hommes et Femmes;1154.76506503849;27;Bourgogne et Franche-Comté
2021;25;Doubs;18-24 ans;Hommes;551.0249063257661;27;Bourgogne et Franche-Comté
2021;25;Doubs;65 ans et plus;Hommes;107.47435271128501;27;Bourgogne et Franche-Comté
2021;25;Doubs;18-24 ans;Femmes;2446.78248103744;27;Bourgogne et Franche-Comté
2021;25;Doubs;45-64 ans;Femmes;1397.62403913347;27;Bourgogne et Franche-Comté
2021;25;Doubs;00-17 ans;Hommes et Femmes;620.778510912427;27;Bourgogne et Franche-Comté
2022;25;Doubs;00-17 ans;Hommes;215.90278206156302;27;Bourgogne et Franche-Comté
2022;25;Doubs;18-24 ans;Hommes;921.5646119189021;27;Bourgogne et Franche-Comté
2022;25;Doubs;Tous;Hommes;439.61626384791197;27;Bourgogne et Franche-Comté
2022;25;Doubs;00-17 ans;Femmes;857.6828027329549;27;Bourgogne et Franche-Comté
2022;25;Doubs;18-24 ans;Hommes et Femmes;1718.1002407529;27;Bourgogne et Franche-Comté
2022;25;Doubs;25-44 ans;Hommes et Femmes;909.727081875437;27;Bourgogne et Franche-Comté
2022;25;Doubs;45-64 ans;Hommes et Femmes;903.671164104173;27;Bourgogne et Franche-Comté
2022;25;Doubs;65 ans et plus;Hommes et Femmes;166.546633057256;27;Bourgogne et Franche-Comté
2023;25;Doubs;18-24 ans;Hommes;1000.4168403501501;27;Bourgogne et Franche-Comté
2023;25;Doubs;Tous;Hommes;495.45992893801804;27;Bourgogne et Franche-Comté
2023;25;Doubs;18-24 ans;Femmes;2541.3849382140397;27;Bourgogne et Franche-Comté
2023;25;Doubs;65 ans et plus;Femmes;333.012005959162;27;Bourgogne et Franche-Comté
2023;25;Doubs;Tous;Femmes;1048.57644350225;27;Bourgogne et Franche-Comté
2023;25;Doubs;45-64 ans;Hommes et Femmes;942.803268384664;27;Bourgogne et Franche-Comté
2023;25;Doubs;65 ans et plus;Hommes et Femmes;256.560291668542;27;Bourgogne et Franche-Comté
2024;25;Doubs;25-44 ans;Hommes;972.992634354824;27;Bourgogne et Franche-Comté
2024;25;Doubs;25-44 ans;Femmes;1306.32790028763;27;Bourgogne et Franche-Comté
2024;25;Doubs;65 ans et plus;Femmes;214.50021450021399;27;Bourgogne et Franche-Comté
2024;25;Doubs;Tous;Hommes et Femmes;825.439783491204;27;Bourgogne et Franche-Comté
2020;26;Drôme;00-17 ans;Femmes;450.84236336312597;84;Auvergne et Rhône-Alpes
2020;26;Drôme;25-44 ans;Femmes;709.288767975126;84;Auvergne et Rhône-Alpes
2020;26;Drôme;65 ans et plus;Femmes;268.532259204297;84;Auvergne et Rhône-Alpes
2020;26;Drôme;18-24 ans;Hommes et Femmes;525.7858820897189;84;Auvergne et Rhône-Alpes
2020;26;Drôme;65 ans et plus;Hommes et Femmes;158.11467078266801;84;Auvergne et Rhône-Alpes
2021;26;Drôme;00-17 ans;Hommes;109.284424593747;84;Auvergne et Rhône-Alpes
2021;26;Drôme;18-24 ans;Hommes;222.374273007184;84;Auvergne et Rhône-Alpes
2021;26;Drôme;Tous;Hommes;189.75332068311198;84;Auvergne et Rhône-Alpes
2021;26;Drôme;18-24 ans;Femmes;894.3237817119909;84;Auvergne et Rhône-Alpes
2021;26;Drôme;00-17 ans;Hommes et Femmes;326.140840660631;84;Auvergne et Rhône-Alpes
2021;26;Drôme;18-24 ans;Hommes et Femmes;547.461368653422;84;Auvergne et Rhône-Alpes
2021;26;Drôme;25-44 ans;Hommes et Femmes;401.501914569315;84;Auvergne et Rhône-Alpes
2022;26;Drôme;45-64 ans;Femmes;601.009696289767;84;Auvergne et Rhône-Alpes
2022;26;Drôme;65 ans et plus;Hommes et Femmes;203.08805118931699;84;Auvergne et Rhône-Alpes
2022;26;Drôme;Tous;Hommes et Femmes;378.61015535397803;84;Auvergne et Rhône-Alpes
2023;26;Drôme;25-44 ans;Hommes;412.614205717654;84;Auvergne et Rhône-Alpes
2023;26;Drôme;65 ans et plus;Hommes;118.523535387741;84;Auvergne et Rhône-Alpes
2023;26;Drôme;Tous;Femmes;590.472790189913;84;Auvergne et Rhône-Alpes
2023;26;Drôme;18-24 ans;Hommes et Femmes;755.667506297229;84;Auvergne et Rhône-Alpes
2024;26;Drôme;25-44 ans;Femmes;662.816642604016;84;Auvergne et Rhône-Alpes
2020;27;Eure;00-17 ans;Hommes;129.49174490126302;28;Normandie
2020;27;Eure;25-44 ans;Hommes;225.35879492349702;28;Normandie
2020;27;Eure;45-64 ans;Hommes;213.34091878822397;28;Normandie
2020;27;Eure;65 ans et plus;Hommes;106.990014265335;28;Normandie
2020;27;Eure;18-24 ans;Femmes;172.26528854435801;28;Normandie
2020;27;Eure;65 ans et plus;Femmes;156.739811912226;28;Normandie
2020;27;Eure;Tous;Femmes;198.61943214378698;28;Normandie
2020;27;Eure;45-64 ans;Hommes et Femmes;267.39900267398997;28;Normandie
2020;27;Eure;65 ans et plus;Hommes et Femmes;134.642800570252;28;Normandie
2020;27;Eure;Tous;Hommes et Femmes;193.580921705464;28;Normandie
2021;27;Eure;18-24 ans;Hommes;455.75389289783504;28;Normandie
2021;27;Eure;18-24 ans;Femmes;588.235294117647;28;Normandie
2021;27;Eure;45-64 ans;Femmes;513.022888713496;28;Normandie
2021;27;Eure;65 ans et plus;Femmes;218.065923005955;28;Normandie
2021;27;Eure;18-24 ans;Hommes et Femmes;522.01974183751;28;Normandie
2021;27;Eure;45-64 ans;Hommes et Femmes;400.362232496068;28;Normandie
2022;27;Eure;18-24 ans;Hommes;289.383251944294;28;Normandie
2022;27;Eure;45-64 ans;Hommes;261.340302408064;28;Normandie
2022;27;Eure;65 ans et plus;Femmes;125.560538116592;28;Normandie
2022;27;Eure;18-24 ans;Hommes et Femmes;318.210746431494;28;Normandie
2023;27;Eure;18-24 ans;Hommes;452.83995342217594;28;Normandie
2023;27;Eure;45-64 ans;Hommes;475.308641975309;28;Normandie
2023;27;Eure;00-17 ans;Femmes;418.389446741485;28;Normandie
2023;27;Eure;18-24 ans;Femmes;1106.51913078256;28;Normandie
2023;27;Eure;Tous;Femmes;548.558775053157;28;Normandie
2023;27;Eure;25-44 ans;Hommes et Femmes;597.903243420334;28;Normandie
2023;27;Eure;45-64 ans;Hommes et Femmes;571.392292552854;28;Normandie
2023;27;Eure;65 ans et plus;Hommes et Femmes;173.250173250173;28;Normandie
2024;27;Eure;00-17 ans;Hommes;142.889037731637;28;Normandie
2024;27;Eure;18-24 ans;Hommes;538.0844194666989;28;Normandie
2024;27;Eure;Tous;Hommes;302.090419582838;28;Normandie
2024;27;Eure;00-17 ans;Femmes;691.9912896201309;28;Normandie
2024;27;Eure;25-44 ans;Femmes;568.092979621619;28;Normandie
2024;27;Eure;65 ans et plus;Femmes;222.148697830505;28;Normandie
2024;27;Eure;00-17 ans;Hommes et Femmes;406.400222939551;28;Normandie
2024;27;Eure;65 ans et plus;Hommes et Femmes;170.18825439216602;28;Normandie
2020;28;Eure-et-Loir;18-24 ans;Hommes;279.537830786433;24;Centre-Val de Loire
2020;28;Eure-et-Loir;45-64 ans;Femmes;761.904761904762;24;Centre-Val de Loire
2020;28;Eure-et-Loir;65 ans et plus;Hommes et Femmes;191.43809618114;24;Centre-Val de Loire
2021;28;Eure-et-Loir;00-17 ans;Hommes;67.4650025299376;24;Centre-Val de Loire
2021;28;Eure-et-Loir;18-24 ans;Hommes;367.353457914071;24;Centre-Val de Loire
2021;28;Eure-et-Loir;45-64 ans;Hommes;454.513173780271;24;Centre-Val de Loire
2021;28;Eure-et-Loir;Tous;Femmes;450.53533190578196;24;Centre-Val de Loire
2021;28;Eure-et-Loir;00-17 ans;Hommes et Femmes;194.480459344323;24;Centre-Val de Loire
2021;28;Eure-et-Loir;18-24 ans;Hommes et Femmes;558.42982672251;24;Centre-Val de Loire
2021;28;Eure-et-Loir;25-44 ans;Hommes et Femmes;494.433180379184;24;Centre-Val de Loire
2022;28;Eure-et-Loir;18-24 ans;Hommes;392.37668161435;24;Centre-Val de Loire
2022;28;Eure-et-Loir;25-44 ans;Hommes;341.63288940359;24;Centre-Val de Loire
2022;28;Eure-et-Loir;45-64 ans;Hommes;442.799550591501;24;Centre-Val de Loire
2022;28;Eure-et-Loir;65 ans et plus;Hommes;90.2581382754678;24;Centre-Val de Loire
2022;28;Eure-et-Loir;00-17 ans;Femmes;426.92736047518906;24;Centre-Val de Loire
2022;28;Eure-et-Loir;65 ans et plus;Femmes;188.785142099087;24;Centre-Val de Loire
2022;28;Eure-et-Loir;Tous;Femmes;423.562961306195;24;Centre-Val de Loire
2023;28;Eure-et-Loir;45-64 ans;Hommes;352.880790452971;24;Centre-Val de Loire
2023;28;Eure-et-Loir;65 ans et plus;Hommes;87.97137997771391;24;Centre-Val de Loire
2023;28;Eure-et-Loir;65 ans et plus;Femmes;189.81796943444002;24;Centre-Val de Loire
2023;28;Eure-et-Loir;18-24 ans;Hommes et Femmes;827.9412787866139;24;Centre-Val de Loire
2024;28;Eure-et-Loir;18-24 ans;Hommes;383.631713554987;24;Centre-Val de Loire
2024;28;Eure-et-Loir;45-64 ans;Hommes;333.97241635227897;24;Centre-Val de Loire
2024;28;Eure-et-Loir;18-24 ans;Femmes;1036.26943005181;24;Centre-Val de Loire
2024;28;Eure-et-Loir;45-64 ans;Hommes et Femmes;407.228302367015;24;Centre-Val de Loire
2024;28;Eure-et-Loir;65 ans et plus;Hommes et Femmes;139.117237890477;24;Centre-Val de Loire
2020;29;Finistère;00-17 ans;Hommes;151.98851642320398;53;Bretagne
2020;29;Finistère;25-44 ans;Hommes;742.428077280013;53;Bretagne
2020;29;Finistère;45-64 ans;Hommes;554.259043173862;53;Bretagne
2020;29;Finistère;Tous;Hommes;397.266362929214;53;Bretagne
2020;29;Finistère;18-24 ans;Femmes;1218.5750356790002;53;Bretagne
2020;29;Finistère;45-64 ans;Femmes;1147.05438446446;53;Bretagne
2020;29;Finistère;45-64 ans;Hommes et Femmes;822.829530690858;53;Bretagne
2020;29;Finistère;Tous;Hommes et Femmes;501.669060095674;53;Bretagne
2021;29;Finistère;00-17 ans;Hommes;111.637347767253;53;Bretagne
2021;29;Finistère;65 ans et plus;Hommes;113.655932495264;53;Bretagne
2021;29;Finistère;Tous;Hommes;288.043345219541;53;Bretagne
2021;29;Finistère;65 ans et plus;Femmes;197.617609924796;53;Bretagne
2021;29;Finistère;Tous;Femmes;553.619384500395;53;Bretagne
2021;29;Finistère;45-64 ans;Hommes et Femmes;610.3286384976531;53;Bretagne
2021;29;Finistère;65 ans et plus;Hommes et Femmes;160.381249140815;53;Bretagne
2022;29;Finistère;18-24 ans;Hommes;428.847116003145;53;Bretagne
2022;29;Finistère;65 ans et plus;Hommes;111.253744116389;53;Bretagne
2022;29;Finistère;00-17 ans;Femmes;660.736037798531;53;Bretagne
2022;29;Finistère;45-64 ans;Femmes;1129.7053492391299;53;Bretagne
2022;29;Finistère;Tous;Femmes;725.827489373456;53;Bretagne
2022;29;Finistère;45-64 ans;Hommes et Femmes;768.7781173478099;53;Bretagne
2023;29;Finistère;00-17 ans;Hommes;147.654694045739;53;Bretagne
2023;29;Finistère;45-64 ans;Hommes;573.2775296310631;53;Bretagne
2023;29;Finistère;65 ans et plus;Hommes;127.237255068284;53;Bretagne
2023;29;Finistère;Tous;Hommes;360.816374717766;53;Bretagne
2023;29;Finistère;45-64 ans;Femmes;970.464135021097;53;Bretagne
2023;29;Finistère;00-17 ans;Hommes et Femmes;399.58368955135103;53;Bretagne
2023;29;Finistère;18-24 ans;Hommes et Femmes;1130.0121506682901;53;Bretagne
2023;29;Finistère;25-44 ans;Hommes et Femmes;723.009835199064;53;Bretagne
2023;29;Finistère;45-64 ans;Hommes et Femmes;753.826677408217;53;Bretagne
2023;29;Finistère;65 ans et plus;Hommes et Femmes;175.846179517129;53;Bretagne
2024;29;Finistère;18-24 ans;Hommes;359.574630862214;53;Bretagne
2024;29;Finistère;25-44 ans;Hommes;459.469430190831;53;Bretagne
2024;29;Finistère;45-64 ans;Hommes;342.00435278267196;53;Bretagne
2024;29;Finistère;18-24 ans;Femmes;1175.7838559039399;53;Bretagne
2024;29;Finistère;65 ans et plus;Femmes;169.883120413156;53;Bretagne
2024;29;Finistère;18-24 ans;Hommes et Femmes;750.1097234967881;53;Bretagne
2020;2A;Corse-du-Sud;00-17 ans;Femmes;182.54837531946;94;Corse
2020;2A;Corse-du-Sud;25-44 ans;Femmes;697.999069334574;94;Corse
2020;2A;Corse-du-Sud;45-64 ans;Femmes;892.641737032569;94;Corse
2020;2A;Corse-du-Sud;25-44 ans;Hommes et Femmes;768.0;94;Corse
2021;2A;Corse-du-Sud;00-17 ans;Hommes;163.198694410445;94;Corse
2021;2A;Corse-du-Sud;45-64 ans;Hommes;765.347663247028;94;Corse
2021;2A;Corse-du-Sud;Tous;Hommes;496.859845774704;94;Corse
2021;2A;Corse-du-Sud;00-17 ans;Femmes;474.270808631729;94;Corse
2021;2A;Corse-du-Sud;00-17 ans;Hommes et Femmes;306.950230212673;94;Corse
2021;2A;Corse-du-Sud;18-24 ans;Hommes et Femmes;581.395348837209;94;Corse
2021;2A;Corse-du-Sud;45-64 ans;Hommes et Femmes;789.999131869086;94;Corse
2021;2A;Corse-du-Sud;65 ans et plus;Hommes et Femmes;271.87765505522503;94;Corse
2022;2A;Corse-du-Sud;00-17 ans;Hommes;83.7100284614097;94;Corse
2022;2A;Corse-du-Sud;18-24 ans;Hommes;167.01461377870598;94;Corse
2022;2A;Corse-du-Sud;Tous;Hommes;165.213723284589;94;Corse
2022;2A;Corse-du-Sud;65 ans et plus;Femmes;254.74101330314198;94;Corse
2022;2A;Corse-du-Sud;45-64 ans;Hommes et Femmes;327.026395701939;94;Corse
2022;2A;Corse-du-Sud;65 ans et plus;Hommes et Femmes;176.652436331518;94;Corse
2022;2A;Corse-du-Sud;Tous;Hommes et Femmes;264.967967913468;94;Corse
2023;2A;Corse-du-Sud;25-44 ans;Hommes;416.72654116970807;94;Corse
2023;2A;Corse-du-Sud;45-64 ans;Hommes;187.94469056249199;94;Corse
2023;2A;Corse-du-Sud;Tous;Hommes;181.052077161103;94;Corse
2023;2A;Corse-du-Sud;18-24 ans;Hommes et Femmes;328.744606533799;94;Corse
2023;2A;Corse-du-Sud;25-44 ans;Hommes et Femmes;419.35000748839303;94;Corse
2023;2A;Corse-du-Sud;45-64 ans;Hommes et Femmes;323.368784133372;94;Corse
2023;2A;Corse-du-Sud;Tous;Hommes et Femmes;281.084376111215;94;Corse
2024;2A;Corse-du-Sud;25-44 ans;Hommes;365.230094959825;94;Corse
2024;2A;Corse-du-Sud;Tous;Hommes;237.65690376569003;94;Corse
2024;2A;Corse-du-Sud;00-17 ans;Femmes;588.235294117647;94;Corse
2024;2A;Corse-du-Sud;65 ans et plus;Femmes;224.612838396974;94;Corse
2024;2A;Corse-du-Sud;Tous;Femmes;520.229182045063;94;Corse
2024;2A;Corse-du-Sud;00-17 ans;Hommes et Femmes;329.005868753335;94;Corse
2024;2A;Corse-du-Sud;18-24 ans;Hommes et Femmes;494.198538891276;94;Corse
2020;2B;Haute-Corse;25-44 ans;Hommes;750.750750750751;94;Corse
2020;2B;Haute-Corse;45-64 ans;Hommes;544.337137840211;94;Corse
2020;2B;Haute-Corse;Tous;Hommes;417.44575379397304;94;Corse
2020;2B;Haute-Corse;45-64 ans;Femmes;932.90988487495;94;Corse
2020;2B;Haute-Corse;45-64 ans;Hommes et Femmes;726.66294019005;94;Corse
2020;2B;Haute-Corse;65 ans et plus;Hommes et Femmes;304.62703770788704;94;Corse
2020;2B;Haute-Corse;Tous;Hommes et Femmes;510.407882473037;94;Corse
2021;2B;Haute-Corse;00-17 ans;Hommes;137.605661490073;94;Corse
2021;2B;Haute-Corse;Tous;Hommes;436.970855604541;94;Corse
2021;2B;Haute-Corse;00-17 ans;Femmes;678.485445392865;94;Corse
2021;2B;Haute-Corse;00-17 ans;Hommes et Femmes;393.08989345195;94;Corse
2021;2B;Haute-Corse;45-64 ans;Hommes et Femmes;714.7962830593281;94;Corse
2021;2B;Haute-Corse;Tous;Hommes et Femmes;582.183587207911;94;Corse
2022;2B;Haute-Corse;00-17 ans;Hommes;84.4277673545966;94;Corse
2022;2B;Haute-Corse;25-44 ans;Femmes;352.072685973878;94;Corse
2022;2B;Haute-Corse;00-17 ans;Hommes et Femmes;203.14880650076202;94;Corse
2022;2B;Haute-Corse;Tous;Hommes et Femmes;304.429981104346;94;Corse
2023;2B;Haute-Corse;18-24 ans;Hommes;337.630448127686;94;Corse
2023;2B;Haute-Corse;45-64 ans;Hommes;208.09248554913302;94;Corse
2023;2B;Haute-Corse;65 ans et plus;Hommes;117.681671079729;94;Corse
2023;2B;Haute-Corse;25-44 ans;Femmes;257.54231052244296;94;Corse
2023;2B;Haute-Corse;65 ans et plus;Hommes et Femmes;241.779497098646;94;Corse
2024;2B;Haute-Corse;00-17 ans;Hommes;163.532297628782;94;Corse
2024;2B;Haute-Corse;25-44 ans;Hommes;515.555555555556;94;Corse
2024;2B;Haute-Corse;65 ans et plus;Hommes;169.44734098018802;94;Corse
2024;2B;Haute-Corse;00-17 ans;Femmes;756.318022505073;94;Corse
2024;2B;Haute-Corse;25-44 ans;Femmes;519.210799584631;94;Corse
2024;2B;Haute-Corse;00-17 ans;Hommes et Femmes;441.86449488823405;94;Corse
2024;2B;Haute-Corse;18-24 ans;Hommes et Femmes;665.557404326123;94;Corse
2024;2B;Haute-Corse;25-44 ans;Hommes et Femmes;517.407699728142;94;Corse
2024;2B;Haute-Corse;65 ans et plus;Hommes et Femmes;267.703486519217;94;Corse
2020;30;Gard;00-17 ans;Hommes;218.431454129395;76;Occitanie
2020;30;Gard;18-24 ans;Hommes;382.436260623229;76;Occitanie
2020;30;Gard;25-44 ans;Hommes;500.472668631485;76;Occitanie
2020;30;Gard;18-24 ans;Hommes et Femmes;591.9127427507319;76;Occitanie
2020;30;Gard;25-44 ans;Hommes et Femmes;525.821596244131;76;Occitanie
2020;30;Gard;45-64 ans;Hommes et Femmes;651.120533010297;76;Occitanie
2021;30;Gard;45-64 ans;Hommes;481.46098505810704;76;Occitanie
2021;30;Gard;18-24 ans;Femmes;981.2568908489529;76;Occitanie
2021;30;Gard;45-64 ans;Femmes;994.8123283491;76;Occitanie
2021;30;Gard;18-24 ans;Hommes et Femmes;747.2051106548031;76;Occitanie
2021;30;Gard;25-44 ans;Hommes et Femmes;587.774294670846;76;Occitanie
2021;30;Gard;65 ans et plus;Hommes et Femmes;242.631200575126;76;Occitanie
2021;30;Gard;Tous;Hommes et Femmes;498.523603175212;76;Occitanie
2022;30;Gard;65 ans et plus;Hommes;160.406362785724;76;Occitanie
2022;30;Gard;45-64 ans;Femmes;909.2498688581919;76;Occitanie
2022;30;Gard;00-17 ans;Hommes et Femmes;407.009383270511;76;Occitanie
2022;30;Gard;65 ans et plus;Hommes et Femmes;202.68558398783898;76;Occitanie
2022;30;Gard;Tous;Hommes et Femmes;471.316788944647;76;Occitanie
2023;30;Gard;00-17 ans;Hommes;90.89782258397719;76;Occitanie
2023;30;Gard;Tous;Hommes;295.693164773945;76;Occitanie
2023;30;Gard;45-64 ans;Femmes;890.4719501335711;76;Occitanie
2023;30;Gard;00-17 ans;Hommes et Femmes;368.315751182248;76;Occitanie
2023;30;Gard;18-24 ans;Hommes et Femmes;780.145853355192;76;Occitanie
2023;30;Gard;45-64 ans;Hommes et Femmes;685.847633683372;76;Occitanie
2024;30;Gard;00-17 ans;Hommes;68.1198910081744;76;Occitanie
2024;30;Gard;18-24 ans;Hommes;438.74841242350794;76;Occitanie
2024;30;Gard;25-44 ans;Hommes;473.911411411411;76;Occitanie
2024;30;Gard;00-17 ans;Femmes;695.594567737662;76;Occitanie
2024;30;Gard;25-44 ans;Femmes;676.804078403797;76;Occitanie
2020;31;Haute-Garonne;45-64 ans;Hommes;558.153020912616;76;Occitanie
2020;31;Haute-Garonne;45-64 ans;Femmes;1020.05975245412;76;Occitanie
2020;31;Haute-Garonne;65 ans et plus;Hommes et Femmes;215.28707768981698;76;Occitanie
2021;31;Haute-Garonne;45-64 ans;Hommes;515.2425933877199;76;Occitanie
2021;31;Haute-Garonne;65 ans et plus;Hommes;170.712554201236;76;Occitanie
2021;31;Haute-Garonne;18-24 ans;Femmes;1608.88284613642;76;Occitanie
2021;31;Haute-Garonne;00-17 ans;Hommes et Femmes;324.82598607888605;76;Occitanie
2022;31;Haute-Garonne;25-44 ans;Hommes;543.844856661045;76;Occitanie
2022;31;Haute-Garonne;18-24 ans;Femmes;1818.86899418907;76;Occitanie
2022;31;Haute-Garonne;Tous;Femmes;866.27227622829;76;Occitanie
2022;31;Haute-Garonne;00-17 ans;Hommes et Femmes;354.639078408117;76;Occitanie
2022;31;Haute-Garonne;18-24 ans;Hommes et Femmes;1265.5233589591999;76;Occitanie
2022;31;Haute-Garonne;65 ans et plus;Hommes et Femmes;240.06598132492897;76;Occitanie
2022;31;Haute-Garonne;Tous;Hommes et Femmes;609.2178062914629;76;Occitanie
2023;31;Haute-Garonne;00-17 ans;Hommes;136.753644925778;76;Occitanie
2023;31;Haute-Garonne;45-64 ans;Hommes;543.8911002400409;76;Occitanie
2023;31;Haute-Garonne;Tous;Hommes;368.859983420773;76;Occitanie
2023;31;Haute-Garonne;00-17 ans;Femmes;671.817265703729;76;Occitanie
2023;31;Haute-Garonne;00-17 ans;Hommes et Femmes;372.540553876519;76;Occitanie
2023;31;Haute-Garonne;25-44 ans;Hommes et Femmes;681.7354092688701;76;Occitanie
2023;31;Haute-Garonne;45-64 ans;Hommes et Femmes;728.386109096769;76;Occitanie
2023;31;Haute-Garonne;Tous;Hommes et Femmes;592.539023885271;76;Occitanie
2024;31;Haute-Garonne;18-24 ans;Hommes;612.579587111711;76;Occitanie
2024;31;Haute-Garonne;25-44 ans;Hommes;544.73592594868;76;Occitanie
2024;31;Haute-Garonne;45-64 ans;Femmes;753.826488807315;76;Occitanie
2024;31;Haute-Garonne;00-17 ans;Hommes et Femmes;428.602300285735;76;Occitanie
2020;32;Gers;18-24 ans;Hommes;1327.01421800948;76;Occitanie
2020;32;Gers;Tous;Hommes;755.21990226566;76;Occitanie
2020;32;Gers;18-24 ans;Femmes;801.6032064128259;76;Occitanie
2020;32;Gers;65 ans et plus;Femmes;470.588235294118;76;Occitanie
2020;32;Gers;25-44 ans;Hommes et Femmes;1456.31067961165;76;Occitanie
2020;32;Gers;45-64 ans;Hommes et Femmes;1258.54009349155;76;Occitanie
2021;32;Gers;00-17 ans;Hommes;168.010752688172;76;Occitanie
2021;32;Gers;18-24 ans;Femmes;1181.8181818181802;76;Occitanie
2021;32;Gers;Tous;Hommes et Femmes;724.4423478671071;76;Occitanie
2022;32;Gers;Tous;Hommes;411.54868937571194;76;Occitanie
2022;32;Gers;25-44 ans;Femmes;1720.93023255814;76;Occitanie
2022;32;Gers;65 ans et plus;Hommes et Femmes;311.72641422939404;76;Occitanie
2022;32;Gers;Tous;Hommes et Femmes;731.013943414106;76;Occitanie
2023;32;Gers;00-17 ans;Hommes;135.180804325786;76;Occitanie
2023;32;Gers;45-64 ans;Femmes;1381.99858256556;76;Occitanie
2023;32;Gers;65 ans et plus;Femmes;359.097127222982;76;Occitanie
2024;32;Gers;25-44 ans;Hommes;1085.85001696641;76;Occitanie
2024;32;Gers;Tous;Hommes;542.826484882914;76;Occitanie
2024;32;Gers;18-24 ans;Femmes;1812.68882175227;76;Occitanie
2024;32;Gers;45-64 ans;Femmes;1580.88235294118;76;Occitanie
2024;32;Gers;65 ans et plus;Femmes;405.131667792032;76;Occitanie
2024;32;Gers;Tous;Femmes;1050.4201680672302;76;Occitanie
2024;32;Gers;45-64 ans;Hommes et Femmes;1240.07936507937;76;Occitanie
2020;33;Gironde;00-17 ans;Hommes;148.796990370308;75;Nouvelle Aquitaine
2020;33;Gironde;18-24 ans;Hommes;659.819059927896;75;Nouvelle Aquitaine
2020;33;Gironde;25-44 ans;Hommes;812.486636732948;75;Nouvelle Aquitaine
2020;33;Gironde;18-24 ans;Femmes;1473.84445059507;75;Nouvelle Aquitaine
2020;33;Gironde;65 ans et plus;Femmes;387.525373685182;75;Nouvelle Aquitaine
2020;33;Gironde;25-44 ans;Hommes et Femmes;920.280520967511;75;Nouvelle Aquitaine
2021;33;Gironde;18-24 ans;Hommes;648.462133380927;75;Nouvelle Aquitaine
2021;33;Gironde;25-44 ans;Hommes;693.9225412094789;75;Nouvelle Aquitaine
2021;33;Gironde;45-64 ans;Femmes;1163.70070434516;75;Nouvelle Aquitaine
2021;33;Gironde;65 ans et plus;Femmes;386.19050650370303;75;Nouvelle Aquitaine
2021;33;Gironde;Tous;Femmes;903.509362585163;75;Nouvelle Aquitaine
2021;33;Gironde;25-44 ans;Hommes et Femmes;869.400100367562;75;Nouvelle Aquitaine
2022;33;Gironde;00-17 ans;Hommes;126.94312057369399;75;Nouvelle Aquitaine
2022;33;Gironde;45-64 ans;Hommes;679.578661230037;75;Nouvelle Aquitaine
2022;33;Gironde;Tous;Hommes;444.444444444444;75;Nouvelle Aquitaine
2022;33;Gironde;Tous;Femmes;953.4359552288499;75;Nouvelle Aquitaine
2022;33;Gironde;25-44 ans;Hommes et Femmes;905.9183818816321;75;Nouvelle Aquitaine
2022;33;Gironde;45-64 ans;Hommes et Femmes;908.146509835461;75;Nouvelle Aquitaine
2022;33;Gironde;65 ans et plus;Hommes et Femmes;246.966350834699;75;Nouvelle Aquitaine
2022;33;Gironde;Tous;Hommes et Femmes;687.3051769451749;75;Nouvelle Aquitaine
2023;33;Gironde;18-24 ans;Hommes;794.560317824127;75;Nouvelle Aquitaine
2023;33;Gironde;25-44 ans;Hommes;862.095134019367;75;Nouvelle Aquitaine
2023;33;Gironde;45-64 ans;Femmes;1172.27952446046;75;Nouvelle Aquitaine
2023;33;Gironde;65 ans et plus;Femmes;318.330966256918;75;Nouvelle Aquitaine
2023;33;Gironde;Tous;Hommes et Femmes;739.3478353775799;75;Nouvelle Aquitaine
2024;33;Gironde;25-44 ans;Hommes;870.6402230522381;75;Nouvelle Aquitaine
2024;33;Gironde;45-64 ans;Hommes;625.297760838495;75;Nouvelle Aquitaine
2024;33;Gironde;00-17 ans;Femmes;870.5176986048659;75;Nouvelle Aquitaine
2024;33;Gironde;00-17 ans;Hommes et Femmes;501.383350435788;75;Nouvelle Aquitaine
2024;33;Gironde;45-64 ans;Hommes et Femmes;808.2292432035271;75;Nouvelle Aquitaine
2024;33;Gironde;65 ans et plus;Hommes et Femmes;230.24377468846203;75;Nouvelle Aquitaine
2020;34;Hérault;00-17 ans;Hommes;140.024644337403;76;Occitanie
2020;34;Hérault;25-44 ans;Hommes;538.111288510437;76;Occitanie
2020;34;Hérault;45-64 ans;Hommes;644.557646324982;76;Occitanie
2020;34;Hérault;45-64 ans;Femmes;1121.96611204396;76;Occitanie
2020;34;Hérault;25-44 ans;Hommes et Femmes;660.967023493067;76;Occitanie
2020;34;Hérault;45-64 ans;Hommes et Femmes;871.7445788384;76;Occitanie
2021;34;Hérault;00-17 ans;Hommes;114.050255693315;76;Occitanie
2021;34;Hérault;18-24 ans;Hommes;390.351899324167;76;Occitanie
2021;34;Hérault;Tous;Hommes;276.27024252814596;76;Occitanie
2021;34;Hérault;00-17 ans;Hommes et Femmes;273.43202259570097;76;Occitanie
2021;34;Hérault;18-24 ans;Hommes et Femmes;735.547638202505;76;Occitanie
2021;34;Hérault;45-64 ans;Hommes et Femmes;584.9467607049829;76;Occitanie
2021;34;Hérault;Tous;Hommes et Femmes;417.87775390707293;76;Occitanie
2022;34;Hérault;00-17 ans;Femmes;593.697976211966;76;Occitanie
2022;34;Hérault;25-44 ans;Hommes et Femmes;485.77841803745497;76;Occitanie
2022;34;Hérault;45-64 ans;Hommes et Femmes;580.594239541946;76;Occitanie
2022;34;Hérault;65 ans et plus;Hommes et Femmes;182.082216264522;76;Occitanie
2022;34;Hérault;Tous;Hommes et Femmes;425.657919087982;76;Occitanie
2023;34;Hérault;25-44 ans;Femmes;567.7173221909351;76;Occitanie
2023;34;Hérault;45-64 ans;Femmes;712.335889769921;76;Occitanie
2024;34;Hérault;00-17 ans;Hommes;120.225958925542;76;Occitanie
2024;34;Hérault;18-24 ans;Hommes;403.710289806315;76;Occitanie
2024;34;Hérault;00-17 ans;Hommes et Femmes;329.85654864931;76;Occitanie
2024;34;Hérault;25-44 ans;Hommes et Femmes;466.448113971183;76;Occitanie
2024;34;Hérault;Tous;Hommes et Femmes;384.338651070577;76;Occitanie
2020;35;Ille-et-Vilaine;00-17 ans;Hommes;231.774888639409;53;Bretagne
2020;35;Ille-et-Vilaine;00-17 ans;Femmes;744.2224833529181;53;Bretagne
2020;35;Ille-et-Vilaine;18-24 ans;Femmes;2195.71413490974;53;Bretagne
2020;35;Ille-et-Vilaine;45-64 ans;Femmes;1955.89884141024;53;Bretagne
2020;35;Ille-et-Vilaine;18-24 ans;Hommes et Femmes;1616.3035839775102;53;Bretagne
2020;35;Ille-et-Vilaine;25-44 ans;Hommes et Femmes;1359.59519530881;53;Bretagne
2020;35;Ille-et-Vilaine;45-64 ans;Hommes et Femmes;1209.64446260727;53;Bretagne
2020;35;Ille-et-Vilaine;Tous;Hommes et Femmes;878.7721600097641;53;Bretagne
2021;35;Ille-et-Vilaine;00-17 ans;Hommes;172.720750405229;53;Bretagne
2021;35;Ille-et-Vilaine;18-24 ans;Hommes;770.416024653313;53;Bretagne
2021;35;Ille-et-Vilaine;25-44 ans;Hommes;745.231779714538;53;Bretagne
2021;35;Ille-et-Vilaine;45-64 ans;Hommes;593.549350455428;53;Bretagne
2021;35;Ille-et-Vilaine;Tous;Hommes;448.48247730417796;53;Bretagne
2021;35;Ille-et-Vilaine;18-24 ans;Femmes;2150.69180586422;53;Bretagne
2021;35;Ille-et-Vilaine;25-44 ans;Hommes et Femmes;1028.0882120739;53;Bretagne
2022;35;Ille-et-Vilaine;45-64 ans;Hommes;665.04342769924;53;Bretagne
2022;35;Ille-et-Vilaine;Tous;Hommes;506.21291990361703;53;Bretagne
2022;35;Ille-et-Vilaine;45-64 ans;Femmes;1263.37144964958;53;Bretagne
2022;35;Ille-et-Vilaine;00-17 ans;Hommes et Femmes;581.5974543412569;53;Bretagne
2022;35;Ille-et-Vilaine;18-24 ans;Hommes et Femmes;1532.15971983365;53;Bretagne
2022;35;Ille-et-Vilaine;45-64 ans;Hommes et Femmes;928.748526602447;53;Bretagne
2023;35;Ille-et-Vilaine;00-17 ans;Hommes;170.548419762298;53;Bretagne
2023;35;Ille-et-Vilaine;00-17 ans;Femmes;1150.96019331044;53;Bretagne
2023;35;Ille-et-Vilaine;45-64 ans;Femmes;1328.27324478178;53;Bretagne
2023;35;Ille-et-Vilaine;65 ans et plus;Femmes;254.61094206048597;53;Bretagne
2024;35;Ille-et-Vilaine;25-44 ans;Hommes;914.830186473374;53;Bretagne
2024;35;Ille-et-Vilaine;45-64 ans;Hommes;565.857649304609;53;Bretagne
2024;35;Ille-et-Vilaine;65 ans et plus;Hommes;156.614568351072;53;Bretagne
2024;35;Ille-et-Vilaine;18-24 ans;Femmes;2981.7292671330597;53;Bretagne
2024;35;Ille-et-Vilaine;25-44 ans;Femmes;1463.65666087819;53;Bretagne
2024;35;Ille-et-Vilaine;45-64 ans;Femmes;1204.30837079128;53;Bretagne
2024;35;Ille-et-Vilaine;25-44 ans;Hommes et Femmes;1162.8838237414102;53;Bretagne
2024;35;Ille-et-Vilaine;65 ans et plus;Hommes et Femmes;217.95989537925;53;Bretagne
2020;36;Indre;45-64 ans;Hommes;497.01789264413503;24;Centre-Val de Loire
2020;36;Indre;Tous;Hommes;290.745515387569;24;Centre-Val de Loire
2020;36;Indre;65 ans et plus;Femmes;234.93874811209898;24;Centre-Val de Loire
2020;36;Indre;18-24 ans;Hommes et Femmes;640.614990390775;24;Centre-Val de Loire
2020;36;Indre;65 ans et plus;Hommes et Femmes;183.230084634849;24;Centre-Val de Loire
2021;36;Indre;18-24 ans;Hommes;658.616904500549;24;Centre-Val de Loire
2021;36;Indre;25-44 ans;Hommes;625.938908362544;24;Centre-Val de Loire
2021;36;Indre;65 ans et plus;Hommes;195.868945868946;24;Centre-Val de Loire
2021;36;Indre;Tous;Hommes;377.681538926377;24;Centre-Val de Loire
2021;36;Indre;45-64 ans;Femmes;819.6721311475409;24;Centre-Val de Loire
2021;36;Indre;00-17 ans;Hommes et Femmes;337.584396099025;24;Centre-Val de Loire
2021;36;Indre;25-44 ans;Hommes et Femmes;741.939835424255;24;Centre-Val de Loire
2021;36;Indre;45-64 ans;Hommes et Femmes;606.520090978014;24;Centre-Val de Loire
2021;36;Indre;65 ans et plus;Hommes et Femmes;201.680672268908;24;Centre-Val de Loire
2022;36;Indre;18-24 ans;Hommes;676.923076923077;24;Centre-Val de Loire
2022;36;Indre;65 ans et plus;Hommes;148.430873621713;24;Centre-Val de Loire
2022;36;Indre;25-44 ans;Femmes;668.8963210702341;24;Centre-Val de Loire
2022;36;Indre;18-24 ans;Hommes et Femmes;858.5055643879169;24;Centre-Val de Loire
2022;36;Indre;65 ans et plus;Hommes et Femmes;146.441472224934;24;Centre-Val de Loire
2023;36;Indre;25-44 ans;Femmes;621.799561082663;24;Centre-Val de Loire
2023;36;Indre;18-24 ans;Hommes et Femmes;667.408231368187;24;Centre-Val de Loire
2024;36;Indre;18-24 ans;Femmes;1208.45921450151;24;Centre-Val de Loire
2024;36;Indre;45-64 ans;Femmes;663.790242283438;24;Centre-Val de Loire
2024;36;Indre;65 ans et plus;Femmes;180.962721679334;24;Centre-Val de Loire
2024;36;Indre;Tous;Femmes;415.81371545547603;24;Centre-Val de Loire
2024;36;Indre;18-24 ans;Hommes et Femmes;846.521899153478;24;Centre-Val de Loire
2024;36;Indre;25-44 ans;Hommes et Femmes;380.749314651234;24;Centre-Val de Loire
2024;36;Indre;65 ans et plus;Hommes et Femmes;152.03344735841898;24;Centre-Val de Loire
2020;37;Indre-et-Loire;00-17 ans;Hommes;163.551401869159;24;Centre-Val de Loire
2020;37;Indre-et-Loire;18-24 ans;Hommes;545.950864422202;24;Centre-Val de Loire
2020;37;Indre-et-Loire;25-44 ans;Hommes;402.106270943035;24;Centre-Val de Loire
2020;37;Indre-et-Loire;18-24 ans;Femmes;1289.30106310789;24;Centre-Val de Loire
2020;37;Indre-et-Loire;25-44 ans;Femmes;640.052072032979;24;Centre-Val de Loire
2020;37;Indre-et-Loire;25-44 ans;Hommes et Femmes;513.4983984950941;24;Centre-Val de Loire
2020;37;Indre-et-Loire;Tous;Hommes et Femmes;372.683700041514;24;Centre-Val de Loire
2021;37;Indre-et-Loire;18-24 ans;Hommes;316.31269769543604;24;Centre-Val de Loire
2021;37;Indre-et-Loire;25-44 ans;Hommes;257.864878803507;24;Centre-Val de Loire
2021;37;Indre-et-Loire;65 ans et plus;Hommes;53.9519827353655;24;Centre-Val de Loire
2021;37;Indre-et-Loire;00-17 ans;Femmes;686.458577798639;24;Centre-Val de Loire
2021;37;Indre-et-Loire;45-64 ans;Femmes;610.2475532527351;24;Centre-Val de Loire
2021;37;Indre-et-Loire;00-17 ans;Hommes et Femmes;395.26747322597;24;Centre-Val de Loire
2021;37;Indre-et-Loire;45-64 ans;Hommes et Femmes;462.32593978754994;24;Centre-Val de Loire
2021;37;Indre-et-Loire;Tous;Hommes et Femmes;349.20664326272004;24;Centre-Val de Loire
2022;37;Indre-et-Loire;25-44 ans;Hommes;404.114621601763;24;Centre-Val de Loire
2022;37;Indre-et-Loire;45-64 ans;Hommes;256.389049706393;24;Centre-Val de Loire
2022;37;Indre-et-Loire;25-44 ans;Femmes;443.41965235899295;24;Centre-Val de Loire
2022;37;Indre-et-Loire;45-64 ans;Femmes;438.17870070489596;24;Centre-Val de Loire
2022;37;Indre-et-Loire;25-44 ans;Hommes et Femmes;421.890067502411;24;Centre-Val de Loire
2022;37;Indre-et-Loire;45-64 ans;Hommes et Femmes;340.858787073927;24;Centre-Val de Loire
2023;37;Indre-et-Loire;00-17 ans;Hommes;141.01805940954398;24;Centre-Val de Loire
2023;37;Indre-et-Loire;25-44 ans;Hommes;301.981291890697;24;Centre-Val de Loire
2023;37;Indre-et-Loire;65 ans et plus;Hommes;112.821874170427;24;Centre-Val de Loire
2023;37;Indre-et-Loire;Tous;Hommes;201.759224315615;24;Centre-Val de Loire
2023;37;Indre-et-Loire;45-64 ans;Femmes;521.512385919166;24;Centre-Val de Loire
2023;37;Indre-et-Loire;65 ans et plus;Femmes;117.568021498153;24;Centre-Val de Loire
2024;37;Indre-et-Loire;18-24 ans;Hommes;546.7710950199499;24;Centre-Val de Loire
2024;37;Indre-et-Loire;00-17 ans;Femmes;912.49295124827;24;Centre-Val de Loire
2024;37;Indre-et-Loire;18-24 ans;Femmes;1474.05660377358;24;Centre-Val de Loire
2024;37;Indre-et-Loire;25-44 ans;Femmes;573.86698057681;24;Centre-Val de Loire
2024;37;Indre-et-Loire;45-64 ans;Femmes;436.71589645863105;24;Centre-Val de Loire
2024;37;Indre-et-Loire;65 ans et plus;Femmes;129.33025404157;24;Centre-Val de Loire
2024;37;Indre-et-Loire;Tous;Femmes;592.226853912879;24;Centre-Val de Loire
2024;37;Indre-et-Loire;65 ans et plus;Hommes et Femmes;106.967835020772;24;Centre-Val de Loire
2020;38;Isère;00-17 ans;Hommes;126.728745385421;84;Auvergne et Rhône-Alpes
2020;38;Isère;18-24 ans;Hommes;574.624578608642;84;Auvergne et Rhône-Alpes
2020;38;Isère;45-64 ans;Hommes;386.49456719900803;84;Auvergne et Rhône-Alpes
2020;38;Isère;18-24 ans;Femmes;1302.8553596504898;84;Auvergne et Rhône-Alpes
2020;38;Isère;25-44 ans;Hommes et Femmes;567.392311255211;84;Auvergne et Rhône-Alpes
2021;38;Isère;00-17 ans;Hommes;124.17392768447199;84;Auvergne et Rhône-Alpes
2021;38;Isère;25-44 ans;Hommes;353.35689045936397;84;Auvergne et Rhône-Alpes
2021;38;Isère;18-24 ans;Femmes;1271.0748155953602;84;Auvergne et Rhône-Alpes
2021;38;Isère;45-64 ans;Femmes;599.497195900213;84;Auvergne et Rhône-Alpes
2021;38;Isère;65 ans et plus;Femmes;211.567523011403;84;Auvergne et Rhône-Alpes
2021;38;Isère;00-17 ans;Hommes et Femmes;279.495510603361;84;Auvergne et Rhône-Alpes
2022;38;Isère;Tous;Hommes;189.647075822707;84;Auvergne et Rhône-Alpes
2022;38;Isère;Tous;Femmes;484.66444777425596;84;Auvergne et Rhône-Alpes
2022;38;Isère;45-64 ans;Hommes et Femmes;426.878633988371;84;Auvergne et Rhône-Alpes
2022;38;Isère;Tous;Hommes et Femmes;330.04549958034397;84;Auvergne et Rhône-Alpes
2023;38;Isère;25-44 ans;Hommes;377.03178238284096;84;Auvergne et Rhône-Alpes
2023;38;Isère;65 ans et plus;Hommes;91.88160399028679;84;Auvergne et Rhône-Alpes
2023;38;Isère;00-17 ans;Femmes;534.653953236258;84;Auvergne et Rhône-Alpes
2023;38;Isère;25-44 ans;Femmes;449.092393693863;84;Auvergne et Rhône-Alpes
2023;38;Isère;45-64 ans;Femmes;547.244094488189;84;Auvergne et Rhône-Alpes
2023;38;Isère;Tous;Femmes;464.794503066166;84;Auvergne et Rhône-Alpes
2024;38;Isère;00-17 ans;Hommes;110.435153252993;84;Auvergne et Rhône-Alpes
2024;38;Isère;18-24 ans;Hommes;349.781386633354;84;Auvergne et Rhône-Alpes
2024;38;Isère;65 ans et plus;Hommes;75.3295668549906;84;Auvergne et Rhône-Alpes
2024;38;Isère;Tous;Hommes;182.004598649526;84;Auvergne et Rhône-Alpes
2024;38;Isère;65 ans et plus;Femmes;167.290687485063;84;Auvergne et Rhône-Alpes
2024;38;Isère;Tous;Femmes;479.57859978772797;84;Auvergne et Rhône-Alpes
2024;38;Isère;00-17 ans;Hommes et Femmes;308.899292417538;84;Auvergne et Rhône-Alpes
2024;38;Isère;45-64 ans;Hommes et Femmes;345.106497708277;84;Auvergne et Rhône-Alpes
2024;38;Isère;Tous;Hommes et Femmes;325.702118008744;84;Auvergne et Rhône-Alpes
2020;39;Jura;45-64 ans;Hommes;516.23420730879;27;Bourgogne et Franche-Comté
2020;39;Jura;45-64 ans;Femmes;807.7544426494351;27;Bourgogne et Franche-Comté
2020;39;Jura;18-24 ans;Hommes et Femmes;401.606425702811;27;Bourgogne et Franche-Comté
2020;39;Jura;25-44 ans;Hommes et Femmes;673.985547526404;27;Bourgogne et Franche-Comté
2020;39;Jura;45-64 ans;Hommes et Femmes;656.3161609033169;27;Bourgogne et Franche-Comté
2021;39;Jura;18-24 ans;Hommes;856.938824089502;27;Bourgogne et Franche-Comté
2021;39;Jura;45-64 ans;Femmes;945.445253609301;27;Bourgogne et Franche-Comté
2021;39;Jura;Tous;Femmes;613.870551265499;27;Bourgogne et Franche-Comté
2021;39;Jura;00-17 ans;Hommes et Femmes;405.549626467449;27;Bourgogne et Franche-Comté
2022;39;Jura;25-44 ans;Hommes;633.356790992259;27;Bourgogne et Franche-Comté
2022;39;Jura;65 ans et plus;Hommes;87.1333139703747;27;Bourgogne et Franche-Comté
2022;39;Jura;00-17 ans;Femmes;662.4480917540039;27;Bourgogne et Franche-Comté
2022;39;Jura;18-24 ans;Femmes;1013.06318315116;27;Bourgogne et Franche-Comté
2022;39;Jura;45-64 ans;Femmes;875.1093886735839;27;Bourgogne et Franche-Comté
2023;39;Jura;18-24 ans;Hommes;446.311367813074;27;Bourgogne et Franche-Comté
2023;39;Jura;65 ans et plus;Hommes;144.969556393157;27;Bourgogne et Franche-Comté
2023;39;Jura;Tous;Hommes;293.973542381186;27;Bourgogne et Franche-Comté
2023;39;Jura;00-17 ans;Femmes;605.714285714286;27;Bourgogne et Franche-Comté
2023;39;Jura;25-44 ans;Femmes;606.207565470417;27;Bourgogne et Franche-Comté
2023;39;Jura;65 ans et plus;Femmes;299.779110129378;27;Bourgogne et Franche-Comté
2023;39;Jura;25-44 ans;Hommes et Femmes;551.040854948236;27;Bourgogne et Franche-Comté
2023;39;Jura;65 ans et plus;Hommes et Femmes;230.204578030665;27;Bourgogne et Franche-Comté
2023;39;Jura;Tous;Hommes et Femmes;432.64316447571696;27;Bourgogne et Franche-Comté
2024;39;Jura;18-24 ans;Hommes;391.542678151919;27;Bourgogne et Franche-Comté
2024;39;Jura;45-64 ans;Hommes;426.95591968612996;27;Bourgogne et Franche-Comté
2024;39;Jura;65 ans et plus;Hommes;95.4471699914098;27;Bourgogne et Franche-Comté
2024;39;Jura;18-24 ans;Femmes;968.523002421307;27;Bourgogne et Franche-Comté
2024;39;Jura;45-64 ans;Femmes;876.9633507853399;27;Bourgogne et Franche-Comté
2024;39;Jura;65 ans et plus;Femmes;183.970564709646;27;Bourgogne et Franche-Comté
2020;40;Landes;00-17 ans;Hommes;306.380711336086;75;Nouvelle Aquitaine
2020;40;Landes;18-24 ans;Hommes;805.412371134021;75;Nouvelle Aquitaine
2020;40;Landes;65 ans et plus;Hommes;333.299666700333;75;Nouvelle Aquitaine
2020;40;Landes;18-24 ans;Femmes;1355.42168674699;75;Nouvelle Aquitaine
2020;40;Landes;00-17 ans;Hommes et Femmes;476.01611131453694;75;Nouvelle Aquitaine
2021;40;Landes;18-24 ans;Hommes;948.7179487179491;75;Nouvelle Aquitaine
2021;40;Landes;25-44 ans;Hommes;851.609892673822;75;Nouvelle Aquitaine
2021;40;Landes;Tous;Hommes;516.941585600827;75;Nouvelle Aquitaine
2021;40;Landes;00-17 ans;Femmes;614.326084285539;75;Nouvelle Aquitaine
2021;40;Landes;Tous;Femmes;822.188687099964;75;Nouvelle Aquitaine
2021;40;Landes;45-64 ans;Hommes et Femmes;923.7129384406691;75;Nouvelle Aquitaine
2022;40;Landes;00-17 ans;Hommes;232.05844434894698;75;Nouvelle Aquitaine
2022;40;Landes;18-24 ans;Hommes;527.325023969319;75;Nouvelle Aquitaine
2022;40;Landes;65 ans et plus;Hommes;206.32169678963402;75;Nouvelle Aquitaine
2022;40;Landes;00-17 ans;Hommes et Femmes;437.40788285075797;75;Nouvelle Aquitaine
2022;40;Landes;Tous;Hommes et Femmes;596.419190934428;75;Nouvelle Aquitaine
2023;40;Landes;25-44 ans;Hommes;859.069160504567;75;Nouvelle Aquitaine
2023;40;Landes;65 ans et plus;Femmes;255.48222269533701;75;Nouvelle Aquitaine
2023;40;Landes;Tous;Femmes;860.215053763441;75;Nouvelle Aquitaine
2023;40;Landes;18-24 ans;Hommes et Femmes;1418.43971631206;75;Nouvelle Aquitaine
2023;40;Landes;65 ans et plus;Hommes et Femmes;216.93596648713302;75;Nouvelle Aquitaine
2024;40;Landes;25-44 ans;Hommes;714.364215847895;75;Nouvelle Aquitaine
2024;40;Landes;00-17 ans;Femmes;1357.57017947538;75;Nouvelle Aquitaine
2024;40;Landes;18-24 ans;Hommes et Femmes;956.937799043062;75;Nouvelle Aquitaine
2024;40;Landes;Tous;Hommes et Femmes;683.955865062856;75;Nouvelle Aquitaine
2020;41;Loir-et-Cher;45-64 ans;Hommes;614.703712810425;24;Centre-Val de Loire
2020;41;Loir-et-Cher;Tous;Hommes;412.20748630242196;24;Centre-Val de Loire
2020;41;Loir-et-Cher;25-44 ans;Femmes;925.69735867687;24;Centre-Val de Loire
2020;41;Loir-et-Cher;65 ans et plus;Femmes;308.125715291839;24;Centre-Val de Loire
2020;41;Loir-et-Cher;Tous;Femmes;784.759287639381;24;Centre-Val de Loire
2020;41;Loir-et-Cher;18-24 ans;Hommes et Femmes;604.055803250395;24;Centre-Val de Loire
2020;41;Loir-et-Cher;25-44 ans;Hommes et Femmes;780.6826434277409;24;Centre-Val de Loire
2020;41;Loir-et-Cher;65 ans et plus;Hommes et Femmes;260.133377477179;24;Centre-Val de Loire
2021;41;Loir-et-Cher;00-17 ans;Hommes;163.440860215054;24;Centre-Val de Loire
2021;41;Loir-et-Cher;Tous;Hommes;354.82494554110804;24;Centre-Val de Loire
2021;41;Loir-et-Cher;00-17 ans;Femmes;1034.27296694382;24;Centre-Val de Loire
2021;41;Loir-et-Cher;18-24 ans;Femmes;1394.16983523447;24;Centre-Val de Loire
2021;41;Loir-et-Cher;65 ans et plus;Femmes;430.89690392594997;24;Centre-Val de Loire
2021;41;Loir-et-Cher;00-17 ans;Hommes et Femmes;563.078784494392;24;Centre-Val de Loire
2021;41;Loir-et-Cher;18-24 ans;Hommes et Femmes;955.854609483084;24;Centre-Val de Loire
2021;41;Loir-et-Cher;25-44 ans;Hommes et Femmes;739.813339403597;24;Centre-Val de Loire
2022;41;Loir-et-Cher;00-17 ans;Hommes;225.30210964702698;24;Centre-Val de Loire
2022;41;Loir-et-Cher;65 ans et plus;Hommes;169.582292038558;24;Centre-Val de Loire
2022;41;Loir-et-Cher;Tous;Femmes;813.82360316411;24;Centre-Val de Loire
2023;41;Loir-et-Cher;00-17 ans;Hommes;199.807592688522;24;Centre-Val de Loire
2023;41;Loir-et-Cher;45-64 ans;Hommes;655.3672316384179;24;Centre-Val de Loire
2023;41;Loir-et-Cher;65 ans et plus;Hommes;176.83465959328;24;Centre-Val de Loire
2023;41;Loir-et-Cher;18-24 ans;Femmes;1688.08264046359;24;Centre-Val de Loire
2023;41;Loir-et-Cher;Tous;Femmes;775.2636797980709;24;Centre-Val de Loire
2023;41;Loir-et-Cher;00-17 ans;Hommes et Femmes;587.0290700012059;24;Centre-Val de Loire
2024;41;Loir-et-Cher;25-44 ans;Hommes;647.284695556775;24;Centre-Val de Loire
2024;41;Loir-et-Cher;45-64 ans;Hommes;618.6529707015291;24;Centre-Val de Loire
2024;41;Loir-et-Cher;00-17 ans;Femmes;1261.19857354092;24;Centre-Val de Loire
2024;41;Loir-et-Cher;18-24 ans;Femmes;1580.61116965227;24;Centre-Val de Loire
2024;41;Loir-et-Cher;45-64 ans;Hommes et Femmes;674.7048166427189;24;Centre-Val de Loire
2024;41;Loir-et-Cher;65 ans et plus;Hommes et Femmes;246.41486568370001;24;Centre-Val de Loire
2024;41;Loir-et-Cher;Tous;Hommes et Femmes;625.270229820068;24;Centre-Val de Loire
2020;42;Loire;45-64 ans;Hommes;583.89289735997;84;Auvergne et Rhône-Alpes
2020;42;Loire;Tous;Hommes;360.58830110414004;84;Auvergne et Rhône-Alpes
2020;42;Loire;00-17 ans;Femmes;327.535077236312;84;Auvergne et Rhône-Alpes
2020;42;Loire;18-24 ans;Femmes;1039.95621237001;84;Auvergne et Rhône-Alpes
2020;42;Loire;Tous;Femmes;585.747436185343;84;Auvergne et Rhône-Alpes
2020;42;Loire;00-17 ans;Hommes et Femmes;213.599843229473;84;Auvergne et Rhône-Alpes
2020;42;Loire;18-24 ans;Hommes et Femmes;730.581327596253;84;Auvergne et Rhône-Alpes
2020;42;Loire;45-64 ans;Hommes et Femmes;764.494959745619;84;Auvergne et Rhône-Alpes
2021;42;Loire;18-24 ans;Hommes;444.179262795015;84;Auvergne et Rhône-Alpes
2021;42;Loire;45-64 ans;Hommes;534.074697296704;84;Auvergne et Rhône-Alpes
2021;42;Loire;Tous;Hommes;315.668910802581;84;Auvergne et Rhône-Alpes
2021;42;Loire;18-24 ans;Femmes;957.178841309824;84;Auvergne et Rhône-Alpes
2021;42;Loire;25-44 ans;Femmes;662.9972479359519;84;Auvergne et Rhône-Alpes
2021;42;Loire;45-64 ans;Femmes;787.1000680735191;84;Auvergne et Rhône-Alpes
2021;42;Loire;65 ans et plus;Femmes;246.118319103035;84;Auvergne et Rhône-Alpes
2021;42;Loire;00-17 ans;Hommes et Femmes;257.965181453519;84;Auvergne et Rhône-Alpes
2021;42;Loire;25-44 ans;Hommes et Femmes;554.020919333313;84;Auvergne et Rhône-Alpes
2022;42;Loire;45-64 ans;Hommes;365.457003983481;84;Auvergne et Rhône-Alpes
2022;42;Loire;Tous;Hommes;244.048082664797;84;Auvergne et Rhône-Alpes
2022;42;Loire;00-17 ans;Femmes;397.86462530217597;84;Auvergne et Rhône-Alpes
2022;42;Loire;45-64 ans;Hommes et Femmes;513.8324476398869;84;Auvergne et Rhône-Alpes
2023;42;Loire;Tous;Hommes;219.449697611226;84;Auvergne et Rhône-Alpes
2023;42;Loire;25-44 ans;Femmes;546.803801588335;84;Auvergne et Rhône-Alpes
2023;42;Loire;45-64 ans;Femmes;585.4328165374679;84;Auvergne et Rhône-Alpes
2023;42;Loire;65 ans et plus;Femmes;197.381223763587;84;Auvergne et Rhône-Alpes
2023;42;Loire;00-17 ans;Hommes et Femmes;228.941632061571;84;Auvergne et Rhône-Alpes
2023;42;Loire;18-24 ans;Hommes et Femmes;573.3944954128441;84;Auvergne et Rhône-Alpes
2023;42;Loire;65 ans et plus;Hommes et Femmes;162.135383044842;84;Auvergne et Rhône-Alpes
2024;42;Loire;18-24 ans;Hommes;327.744863229547;84;Auvergne et Rhône-Alpes
2024;42;Loire;25-44 ans;Hommes;364.734712486465;84;Auvergne et Rhône-Alpes
2024;42;Loire;65 ans et plus;Hommes;87.16767324575059;84;Auvergne et Rhône-Alpes
2024;42;Loire;18-24 ans;Femmes;942.375039796243;84;Auvergne et Rhône-Alpes
2024;42;Loire;00-17 ans;Hommes et Femmes;320.363952505151;84;Auvergne et Rhône-Alpes
2024;42;Loire;25-44 ans;Hommes et Femmes;480.997624703088;84;Auvergne et Rhône-Alpes
2024;42;Loire;Tous;Hommes et Femmes;366.212286145998;84;Auvergne et Rhône-Alpes
2020;43;Haute-Loire;00-17 ans;Hommes;0.0;84;Auvergne et Rhône-Alpes
2020;43;Haute-Loire;18-24 ans;Hommes;0.0;84;Auvergne et Rhône-Alpes
2020;43;Haute-Loire;18-24 ans;Femmes;783.289817232376;84;Auvergne et Rhône-Alpes
2020;43;Haute-Loire;45-64 ans;Femmes;392.54170755642804;84;Auvergne et Rhône-Alpes
2020;43;Haute-Loire;Tous;Femmes;364.728599013087;84;Auvergne et Rhône-Alpes
2020;43;Haute-Loire;Tous;Hommes et Femmes;259.255418438245;84;Auvergne et Rhône-Alpes
2021;43;Haute-Loire;00-17 ans;Hommes;101.729399796541;84;Auvergne et Rhône-Alpes
2021;43;Haute-Loire;18-24 ans;Hommes;439.07793633369903;84;Auvergne et Rhône-Alpes
2021;43;Haute-Loire;Tous;Hommes;219.38988717091502;84;Auvergne et Rhône-Alpes
2021;43;Haute-Loire;18-24 ans;Femmes;236.96682464455;84;Auvergne et Rhône-Alpes
2021;43;Haute-Loire;25-44 ans;Femmes;788.436268068331;84;Auvergne et Rhône-Alpes
2021;43;Haute-Loire;65 ans et plus;Femmes;65.21030322791;84;Auvergne et Rhône-Alpes
2021;43;Haute-Loire;18-24 ans;Hommes et Femmes;341.880341880342;84;Auvergne et Rhône-Alpes
2021;43;Haute-Loire;65 ans et plus;Hommes et Femmes;35.1617440225035;84;Auvergne et Rhône-Alpes
2022;43;Haute-Loire;18-24 ans;Hommes;653.092585478294;84;Auvergne et Rhône-Alpes
2022;43;Haute-Loire;45-64 ans;Hommes;418.77508288256803;84;Auvergne et Rhône-Alpes
2022;43;Haute-Loire;65 ans et plus;Hommes;136.12850530901198;84;Auvergne et Rhône-Alpes
2022;43;Haute-Loire;Tous;Hommes;282.601420443982;84;Auvergne et Rhône-Alpes
2022;43;Haute-Loire;25-44 ans;Femmes;661.798265632132;84;Auvergne et Rhône-Alpes
2022;43;Haute-Loire;Tous;Femmes;566.526383943024;84;Auvergne et Rhône-Alpes
2022;43;Haute-Loire;00-17 ans;Hommes et Femmes;426.16268297202095;84;Auvergne et Rhône-Alpes
2022;43;Haute-Loire;Tous;Hommes et Femmes;418.555981862574;84;Auvergne et Rhône-Alpes
2023;43;Haute-Loire;45-64 ans;Hommes;492.341356673961;84;Auvergne et Rhône-Alpes
2023;43;Haute-Loire;Tous;Hommes;305.99034953513;84;Auvergne et Rhône-Alpes
2023;43;Haute-Loire;18-24 ans;Femmes;1098.35247129306;84;Auvergne et Rhône-Alpes
2023;43;Haute-Loire;25-44 ans;Femmes;825.861255309108;84;Auvergne et Rhône-Alpes
2023;43;Haute-Loire;45-64 ans;Femmes;990.577434162841;84;Auvergne et Rhône-Alpes
2023;43;Haute-Loire;65 ans et plus;Femmes;186.35855385762198;84;Auvergne et Rhône-Alpes
2023;43;Haute-Loire;18-24 ans;Hommes et Femmes;773.377079915632;84;Auvergne et Rhône-Alpes
2023;43;Haute-Loire;45-64 ans;Hommes et Femmes;706.640340850047;84;Auvergne et Rhône-Alpes
2024;43;Haute-Loire;25-44 ans;Hommes;446.68867741309003;84;Auvergne et Rhône-Alpes
2024;43;Haute-Loire;18-24 ans;Femmes;1295.4658694569;84;Auvergne et Rhône-Alpes
2024;43;Haute-Loire;45-64 ans;Femmes;725.485607301662;84;Auvergne et Rhône-Alpes
2024;43;Haute-Loire;25-44 ans;Hommes et Femmes;530.616576461849;84;Auvergne et Rhône-Alpes
2020;44;Loire-Atlantique;25-44 ans;Hommes;612.603350040697;52;Pays de la Loire
2020;44;Loire-Atlantique;00-17 ans;Femmes;602.172322584276;52;Pays de la Loire
2020;44;Loire-Atlantique;25-44 ans;Femmes;1020.0153964588101;52;Pays de la Loire
2020;44;Loire-Atlantique;25-44 ans;Hommes et Femmes;775.492386308194;52;Pays de la Loire
2021;44;Loire-Atlantique;00-17 ans;Hommes;176.940819615154;52;Pays de la Loire
2021;44;Loire-Atlantique;25-44 ans;Hommes;654.364158847765;52;Pays de la Loire
2021;44;Loire-Atlantique;Tous;Hommes;416.05905566952595;52;Pays de la Loire
2021;44;Loire-Atlantique;00-17 ans;Femmes;892.502975009917;52;Pays de la Loire
2021;44;Loire-Atlantique;18-24 ans;Femmes;1565.13125309559;52;Pays de la Loire
2021;44;Loire-Atlantique;65 ans et plus;Femmes;379.266750948167;52;Pays de la Loire
2021;44;Loire-Atlantique;00-17 ans;Hommes et Femmes;494.126749665893;52;Pays de la Loire
2021;44;Loire-Atlantique;Tous;Hommes et Femmes;637.835031242726;52;Pays de la Loire
2022;44;Loire-Atlantique;45-64 ans;Femmes;1258.13449023861;52;Pays de la Loire
2022;44;Loire-Atlantique;Tous;Femmes;965.3493375608649;52;Pays de la Loire
2022;44;Loire-Atlantique;25-44 ans;Hommes et Femmes;879.3663688058491;52;Pays de la Loire
2023;44;Loire-Atlantique;00-17 ans;Femmes;1050.27754482648;52;Pays de la Loire
2023;44;Loire-Atlantique;25-44 ans;Femmes;1099.38868073358;52;Pays de la Loire
2023;44;Loire-Atlantique;45-64 ans;Femmes;1088.0155894771;52;Pays de la Loire
2023;44;Loire-Atlantique;25-44 ans;Hommes et Femmes;827.7395708932181;52;Pays de la Loire
2024;44;Loire-Atlantique;45-64 ans;Hommes;506.550218340611;52;Pays de la Loire
2024;44;Loire-Atlantique;65 ans et plus;Hommes;166.10041525103802;52;Pays de la Loire
2024;44;Loire-Atlantique;25-44 ans;Femmes;1056.0440100201401;52;Pays de la Loire
2024;44;Loire-Atlantique;45-64 ans;Femmes;1279.96528907691;52;Pays de la Loire
2024;44;Loire-Atlantique;Tous;Femmes;1001.67264038232;52;Pays de la Loire
2024;44;Loire-Atlantique;45-64 ans;Hommes et Femmes;851.4137822605999;52;Pays de la Loire
2020;45;Loiret;00-17 ans;Femmes;379.89479836353;24;Centre-Val de Loire
2020;45;Loiret;25-44 ans;Femmes;563.077312413008;24;Centre-Val de Loire
2020;45;Loiret;45-64 ans;Femmes;775.8088689059331;24;Centre-Val de Loire
2020;45;Loiret;00-17 ans;Hommes et Femmes;253.164556962025;24;Centre-Val de Loire
2021;45;Loiret;65 ans et plus;Hommes;80.2139037433155;24;Centre-Val de Loire
2021;45;Loiret;00-17 ans;Femmes;361.449970458416;24;Centre-Val de Loire
2021;45;Loiret;Tous;Femmes;436.663276104758;24;Centre-Val de Loire
2021;45;Loiret;25-44 ans;Hommes et Femmes;380.10840961741803;24;Centre-Val de Loire
2021;45;Loiret;Tous;Hommes et Femmes;320.604770317132;24;Centre-Val de Loire
2022;45;Loiret;18-24 ans;Hommes;557.413600891862;24;Centre-Val de Loire
2022;45;Loiret;25-44 ans;Hommes;380.15930485155695;24;Centre-Val de Loire
2022;45;Loiret;25-44 ans;Femmes;608.182823442683;24;Centre-Val de Loire
2022;45;Loiret;45-64 ans;Femmes;892.8571428571431;24;Centre-Val de Loire
2022;45;Loiret;25-44 ans;Hommes et Femmes;493.15068493150704;24;Centre-Val de Loire
2023;45;Loiret;00-17 ans;Hommes;94.27355492107961;24;Centre-Val de Loire
2023;45;Loiret;25-44 ans;Hommes;482.33046800382004;24;Centre-Val de Loire
2023;45;Loiret;45-64 ans;Hommes;361.944157187177;24;Centre-Val de Loire
2023;45;Loiret;Tous;Hommes;262.091509589068;24;Centre-Val de Loire
2023;45;Loiret;00-17 ans;Hommes et Femmes;238.47607968591;24;Centre-Val de Loire
2023;45;Loiret;18-24 ans;Hommes et Femmes;1083.03249097473;24;Centre-Val de Loire
2023;45;Loiret;65 ans et plus;Hommes et Femmes;190.68573524019098;24;Centre-Val de Loire
2024;45;Loiret;25-44 ans;Hommes;458.43663750760203;24;Centre-Val de Loire
2024;45;Loiret;00-17 ans;Femmes;493.354228335945;24;Centre-Val de Loire
2024;45;Loiret;65 ans et plus;Femmes;230.258702424489;24;Centre-Val de Loire
2024;45;Loiret;18-24 ans;Hommes et Femmes;1255.57380896503;24;Centre-Val de Loire
2024;45;Loiret;Tous;Hommes et Femmes;418.038654259127;24;Centre-Val de Loire
2020;46;Lot;00-17 ans;Hommes;219.405168210629;76;Occitanie
2020;46;Lot;18-24 ans;Hommes;612.244897959184;76;Occitanie
2020;46;Lot;45-64 ans;Hommes;628.548256285483;76;Occitanie
2020;46;Lot;18-24 ans;Femmes;551.132884262094;76;Occitanie
2020;46;Lot;25-44 ans;Hommes et Femmes;558.659217877095;76;Occitanie
2020;46;Lot;65 ans et plus;Hommes et Femmes;213.873244457118;76;Occitanie
2021;46;Lot;18-24 ans;Hommes;436.68122270742396;76;Occitanie
2021;46;Lot;25-44 ans;Hommes;338.028169014085;76;Occitanie
2021;46;Lot;Tous;Hommes;233.14477908576697;76;Occitanie
2021;46;Lot;00-17 ans;Femmes;628.9308176100631;76;Occitanie
2021;46;Lot;25-44 ans;Femmes;650.104481077316;76;Occitanie
2021;46;Lot;45-64 ans;Femmes;821.3141025641031;76;Occitanie
2022;46;Lot;18-24 ans;Hommes;446.927374301676;76;Occitanie
2022;46;Lot;25-44 ans;Hommes;368.38580040187503;76;Occitanie
2022;46;Lot;65 ans et plus;Hommes;127.68427161926901;76;Occitanie
2022;46;Lot;00-17 ans;Hommes et Femmes;341.895327430525;76;Occitanie
2023;46;Lot;25-44 ans;Hommes;383.653044203503;76;Occitanie
2023;46;Lot;45-64 ans;Hommes;460.515094661436;76;Occitanie
2023;46;Lot;Tous;Hommes;266.115760355755;76;Occitanie
2023;46;Lot;18-24 ans;Femmes;1364.70588235294;76;Occitanie
2023;46;Lot;25-44 ans;Femmes;598.162785729545;76;Occitanie
2023;46;Lot;65 ans et plus;Femmes;180.852266304962;76;Occitanie
2023;46;Lot;00-17 ans;Hommes et Femmes;414.97689333207603;76;Occitanie
2023;46;Lot;Tous;Hommes et Femmes;409.60165316703296;76;Occitanie
2024;46;Lot;18-24 ans;Hommes;870.2531645569619;76;Occitanie
2024;46;Lot;18-24 ans;Femmes;2315.02496595552;76;Occitanie
2024;46;Lot;65 ans et plus;Femmes;164.541341011929;76;Occitanie
2024;46;Lot;65 ans et plus;Hommes et Femmes;126.984126984127;76;Occitanie
2020;47;Lot-et-Garonne;00-17 ans;Hommes;159.744408945687;75;Nouvelle Aquitaine
2020;47;Lot-et-Garonne;65 ans et plus;Hommes;217.555016316626;75;Nouvelle Aquitaine
2020;47;Lot-et-Garonne;Tous;Hommes;536.400379222594;75;Nouvelle Aquitaine
2020;47;Lot-et-Garonne;45-64 ans;Femmes;1098.29763866008;75;Nouvelle Aquitaine
2020;47;Lot-et-Garonne;65 ans et plus;Femmes;379.705929875586;75;Nouvelle Aquitaine
2020;47;Lot-et-Garonne;Tous;Hommes et Femmes;653.737477523761;75;Nouvelle Aquitaine
2021;47;Lot-et-Garonne;00-17 ans;Hommes;283.971392511569;75;Nouvelle Aquitaine
2021;47;Lot-et-Garonne;18-24 ans;Hommes;893.997445721584;75;Nouvelle Aquitaine
2021;47;Lot-et-Garonne;25-44 ans;Hommes;844.055584148224;75;Nouvelle Aquitaine
2021;47;Lot-et-Garonne;Tous;Hommes;516.99334652041;75;Nouvelle Aquitaine
2021;47;Lot-et-Garonne;25-44 ans;Femmes;598.667118490907;75;Nouvelle Aquitaine
2021;47;Lot-et-Garonne;18-24 ans;Hommes et Femmes;1126.9995152690299;75;Nouvelle Aquitaine
2021;47;Lot-et-Garonne;45-64 ans;Hommes et Femmes;763.9917086171159;75;Nouvelle Aquitaine
2022;47;Lot-et-Garonne;45-64 ans;Hommes;331.05274773780604;75;Nouvelle Aquitaine
2022;47;Lot-et-Garonne;00-17 ans;Femmes;1016.71146429824;75;Nouvelle Aquitaine
2022;47;Lot-et-Garonne;25-44 ans;Femmes;533.8672005338669;75;Nouvelle Aquitaine
2022;47;Lot-et-Garonne;65 ans et plus;Femmes;274.09437736128604;75;Nouvelle Aquitaine
2022;47;Lot-et-Garonne;18-24 ans;Hommes et Femmes;770.925110132159;75;Nouvelle Aquitaine
2022;47;Lot-et-Garonne;65 ans et plus;Hommes et Femmes;204.97248054659298;75;Nouvelle Aquitaine
2023;47;Lot-et-Garonne;00-17 ans;Hommes;216.499544211486;75;Nouvelle Aquitaine
2023;47;Lot-et-Garonne;25-44 ans;Femmes;770.507349454718;75;Nouvelle Aquitaine
2023;47;Lot-et-Garonne;65 ans et plus;Femmes;202.42914979757097;75;Nouvelle Aquitaine
2023;47;Lot-et-Garonne;00-17 ans;Hommes et Femmes;596.3965095109551;75;Nouvelle Aquitaine
2023;47;Lot-et-Garonne;45-64 ans;Hommes et Femmes;722.6624405705229;75;Nouvelle Aquitaine
2024;47;Lot-et-Garonne;00-17 ans;Hommes;207.03933747412;75;Nouvelle Aquitaine
2024;47;Lot-et-Garonne;25-44 ans;Hommes;639.355908122188;75;Nouvelle Aquitaine
2024;47;Lot-et-Garonne;65 ans et plus;Hommes;139.378535705501;75;Nouvelle Aquitaine
2024;47;Lot-et-Garonne;Tous;Hommes;345.389056101051;75;Nouvelle Aquitaine
2024;47;Lot-et-Garonne;00-17 ans;Femmes;1490.79216603332;75;Nouvelle Aquitaine
2024;47;Lot-et-Garonne;65 ans et plus;Femmes;260.474808364962;75;Nouvelle Aquitaine
2024;47;Lot-et-Garonne;65 ans et plus;Hommes et Femmes;202.85558242958598;75;Nouvelle Aquitaine
2024;47;Lot-et-Garonne;Tous;Hommes et Femmes;610.1158718003439;75;Nouvelle Aquitaine
2020;48;Lozère;45-64 ans;Hommes;318.97926634768703;76;Occitanie
2020;48;Lozère;25-44 ans;Hommes et Femmes;452.261306532663;76;Occitanie
2021;48;Lozère;00-17 ans;Hommes;136.736554238833;76;Occitanie
2021;48;Lozère;25-44 ans;Hommes;458.715596330275;76;Occitanie
2021;48;Lozère;18-24 ans;Femmes;1270.64803049555;76;Occitanie
2021;48;Lozère;65 ans et plus;Femmes;74.6825989544436;76;Occitanie
2021;48;Lozère;Tous;Femmes;592.5574780753731;76;Occitanie
2021;48;Lozère;Tous;Hommes et Femmes;435.51635908323794;76;Occitanie
2022;48;Lozère;45-64 ans;Hommes;308.64197530864203;76;Occitanie
2022;48;Lozère;Tous;Hommes;250.481695568401;76;Occitanie
2022;48;Lozère;00-17 ans;Femmes;549.725137431284;76;Occitanie
2022;48;Lozère;45-64 ans;Femmes;624.645088018171;76;Occitanie
2022;48;Lozère;00-17 ans;Hommes et Femmes;335.570469798658;76;Occitanie
2022;48;Lozère;25-44 ans;Hommes et Femmes;555.702566816618;76;Occitanie
2022;48;Lozère;Tous;Hommes et Femmes;344.490719317189;76;Occitanie
2023;48;Lozère;18-24 ans;Hommes;216.216216216216;76;Occitanie
2023;48;Lozère;00-17 ans;Hommes et Femmes;296.359017781541;76;Occitanie
2023;48;Lozère;18-24 ans;Hommes et Femmes;617.630544637844;76;Occitanie
2023;48;Lozère;45-64 ans;Hommes et Femmes;371.747211895911;76;Occitanie
2023;48;Lozère;65 ans et plus;Hommes et Femmes;101.971447994562;76;Occitanie
2024;48;Lozère;00-17 ans;Femmes;439.753737906772;76;Occitanie
2024;48;Lozère;25-44 ans;Femmes;662.565073355419;76;Occitanie
2024;48;Lozère;00-17 ans;Hommes et Femmes;272.251308900524;76;Occitanie
2024;48;Lozère;25-44 ans;Hommes et Femmes;456.30846452201695;76;Occitanie
2024;48;Lozère;45-64 ans;Hommes et Femmes;404.767258826175;76;Occitanie
2024;48;Lozère;Tous;Hommes et Femmes;337.729907352471;76;Occitanie
2020;49;Maine-et-Loire;18-24 ans;Hommes;723.000451875282;52;Pays de la Loire
2020;49;Maine-et-Loire;65 ans et plus;Hommes;166.366283099958;52;Pays de la Loire
2020;49;Maine-et-Loire;Tous;Hommes;428.943858372742;52;Pays de la Loire
2020;49;Maine-et-Loire;00-17 ans;Femmes;370.83636845242;52;Pays de la Loire
2020;49;Maine-et-Loire;18-24 ans;Femmes;1544.22087037904;52;Pays de la Loire
2020;49;Maine-et-Loire;25-44 ans;Hommes et Femmes;926.5285807266739;52;Pays de la Loire
2020;49;Maine-et-Loire;65 ans et plus;Hommes et Femmes;182.576943140323;52;Pays de la Loire
2020;49;Maine-et-Loire;Tous;Hommes et Femmes;560.435030756548;52;Pays de la Loire
2021;49;Maine-et-Loire;18-24 ans;Hommes;971.139379017918;52;Pays de la Loire
2021;49;Maine-et-Loire;25-44 ans;Hommes;988.6792452830189;52;Pays de la Loire
2021;49;Maine-et-Loire;45-64 ans;Hommes;676.956404007582;52;Pays de la Loire
2021;49;Maine-et-Loire;00-17 ans;Femmes;584.513407652907;52;Pays de la Loire
2021;49;Maine-et-Loire;65 ans et plus;Femmes;354.102826012938;52;Pays de la Loire
2021;49;Maine-et-Loire;18-24 ans;Hommes et Femmes;1392.3132704858601;52;Pays de la Loire
2021;49;Maine-et-Loire;65 ans et plus;Hommes et Femmes;285.518088835881;52;Pays de la Loire
2021;49;Maine-et-Loire;Tous;Hommes et Femmes;672.745928770025;52;Pays de la Loire
2022;49;Maine-et-Loire;25-44 ans;Hommes;708.911137367079;52;Pays de la Loire
2022;49;Maine-et-Loire;Tous;Femmes;720.4239472930391;52;Pays de la Loire
2022;49;Maine-et-Loire;00-17 ans;Hommes et Femmes;282.093762593472;52;Pays de la Loire
2022;49;Maine-et-Loire;45-64 ans;Hommes et Femmes;776.965265082267;52;Pays de la Loire
2023;49;Maine-et-Loire;45-64 ans;Hommes;472.245877525741;52;Pays de la Loire
2023;49;Maine-et-Loire;00-17 ans;Femmes;527.486166416714;52;Pays de la Loire
2023;49;Maine-et-Loire;45-64 ans;Femmes;837.705974408543;52;Pays de la Loire
2023;49;Maine-et-Loire;45-64 ans;Hommes et Femmes;638.8970619141691;52;Pays de la Loire
2023;49;Maine-et-Loire;65 ans et plus;Hommes et Femmes;177.440572704745;52;Pays de la Loire
2024;49;Maine-et-Loire;45-64 ans;Hommes;442.01378483668003;52;Pays de la Loire
2024;49;Maine-et-Loire;Tous;Hommes;329.900908440369;52;Pays de la Loire
2024;49;Maine-et-Loire;00-17 ans;Femmes;609.420627195395;52;Pays de la Loire
2024;49;Maine-et-Loire;18-24 ans;Femmes;1597.6035946080901;52;Pays de la Loire
2024;49;Maine-et-Loire;25-44 ans;Femmes;700.218818380744;52;Pays de la Loire
2024;49;Maine-et-Loire;45-64 ans;Femmes;782.417582417582;52;Pays de la Loire
2024;49;Maine-et-Loire;65 ans et plus;Femmes;213.03326596383897;52;Pays de la Loire
2024;49;Maine-et-Loire;Tous;Femmes;661.04247464449;52;Pays de la Loire
2024;49;Maine-et-Loire;45-64 ans;Hommes et Femmes;597.810720200347;52;Pays de la Loire
2024;49;Maine-et-Loire;65 ans et plus;Hommes et Femmes;194.349364738644;52;Pays de la Loire
2024;49;Maine-et-Loire;Tous;Hommes et Femmes;489.68303806461;52;Pays de la Loire
2020;50;Manche;00-17 ans;Hommes;160.583941605839;28;Normandie
2020;50;Manche;18-24 ans;Hommes;540.357987166498;28;Normandie
2020;50;Manche;45-64 ans;Femmes;1049.3081994614201;28;Normandie
2020;50;Manche;65 ans et plus;Hommes et Femmes;191.288189320654;28;Normandie
2021;50;Manche;65 ans et plus;Hommes;135.02109704641302;28;Normandie
2021;50;Manche;45-64 ans;Femmes;1050.09468066793;28;Normandie
2021;50;Manche;65 ans et plus;Femmes;327.1484375;28;Normandie
2021;50;Manche;65 ans et plus;Hommes et Femmes;237.86496588859598;28;Normandie
2022;50;Manche;00-17 ans;Hommes;129.961011696491;28;Normandie
2022;50;Manche;25-44 ans;Hommes;514.638609332113;28;Normandie
2022;50;Manche;45-64 ans;Hommes;483.391175012395;28;Normandie
2022;50;Manche;18-24 ans;Femmes;1624.6325235958502;28;Normandie
2022;50;Manche;Tous;Femmes;741.860336125132;28;Normandie
2022;50;Manche;00-17 ans;Hommes et Femmes;358.48004461085;28;Normandie
2022;50;Manche;18-24 ans;Hommes et Femmes;996.2814845997331;28;Normandie
2022;50;Manche;25-44 ans;Hommes et Femmes;761.962816214569;28;Normandie
2023;50;Manche;18-24 ans;Hommes;768.115942028985;28;Normandie
2023;50;Manche;00-17 ans;Femmes;630.794953640371;28;Normandie
2023;50;Manche;25-44 ans;Femmes;1435.27952511739;28;Normandie
2023;50;Manche;Tous;Femmes;796.627506896872;28;Normandie
2023;50;Manche;18-24 ans;Hommes et Femmes;1128.63203393901;28;Normandie
2023;50;Manche;25-44 ans;Hommes et Femmes;998.4750562776849;28;Normandie
2023;50;Manche;45-64 ans;Hommes et Femmes;789.865303163277;28;Normandie
2023;50;Manche;65 ans et plus;Hommes et Femmes;195.57625145518;28;Normandie
2024;50;Manche;00-17 ans;Hommes;98.5674858719937;28;Normandie
2024;50;Manche;65 ans et plus;Hommes;189.32038834951499;28;Normandie
2024;50;Manche;18-24 ans;Hommes et Femmes;1227.58140344768;28;Normandie
2024;50;Manche;25-44 ans;Hommes et Femmes;974.16349004659;28;Normandie
2024;50;Manche;45-64 ans;Hommes et Femmes;726.63000785546;28;Normandie
2024;50;Manche;65 ans et plus;Hommes et Femmes;240.66035401812803;28;Normandie
2020;51;Marne;00-17 ans;Hommes;167.589624016322;44;Grand Est
2020;51;Marne;18-24 ans;Hommes;482.42591316333596;44;Grand Est
2020;51;Marne;65 ans et plus;Femmes;283.687943262411;44;Grand Est
2020;51;Marne;Tous;Femmes;648.955587102008;44;Grand Est
2020;51;Marne;00-17 ans;Hommes et Femmes;348.22523841557495;44;Grand Est
2020;51;Marne;25-44 ans;Hommes et Femmes;579.899538530649;44;Grand Est
2021;51;Marne;18-24 ans;Hommes;551.691053010314;44;Grand Est
2021;51;Marne;25-44 ans;Hommes;463.87251691770405;44;Grand Est
2021;51;Marne;45-64 ans;Hommes;547.2809144440599;44;Grand Est
2021;51;Marne;Tous;Hommes;337.23628122808;44;Grand Est
2021;51;Marne;25-44 ans;Hommes et Femmes;522.863964699127;44;Grand Est
2021;51;Marne;Tous;Hommes et Femmes;443.29016650064005;44;Grand Est
2022;51;Marne;25-44 ans;Hommes;501.429072857644;44;Grand Est
2022;51;Marne;45-64 ans;Hommes;519.987000324992;44;Grand Est
2022;51;Marne;Tous;Hommes;336.732730421397;44;Grand Est
2022;51;Marne;25-44 ans;Femmes;829.4930875576039;44;Grand Est
2022;51;Marne;25-44 ans;Hommes et Femmes;648.794897987355;44;Grand Est
2023;51;Marne;18-24 ans;Hommes;535.429482797904;44;Grand Est
2023;51;Marne;25-44 ans;Hommes;492.99940840070997;44;Grand Est
2023;51;Marne;65 ans et plus;Hommes;161.744443778829;44;Grand Est
2023;51;Marne;00-17 ans;Femmes;681.5642458100559;44;Grand Est
2023;51;Marne;25-44 ans;Femmes;887.4445347165799;44;Grand Est
2023;51;Marne;45-64 ans;Hommes et Femmes;619.0861444299829;44;Grand Est
2023;51;Marne;65 ans et plus;Hommes et Femmes;184.018290302794;44;Grand Est
2024;51;Marne;18-24 ans;Hommes;554.20084238528;44;Grand Est
2024;51;Marne;65 ans et plus;Hommes;93.69488536155201;44;Grand Est
2024;51;Marne;Tous;Hommes;317.885606593856;44;Grand Est
2024;51;Marne;00-17 ans;Femmes;639.365918097754;44;Grand Est
2024;51;Marne;Tous;Femmes;752.650962750575;44;Grand Est
2024;51;Marne;00-17 ans;Hommes et Femmes;360.247850521159;44;Grand Est
2020;52;Haute-Marne;25-44 ans;Hommes;483.941926968764;44;Grand Est
2020;52;Haute-Marne;65 ans et plus;Hommes;154.02387370042402;44;Grand Est
2020;52;Haute-Marne;18-24 ans;Femmes;808.625336927224;44;Grand Est
2020;52;Haute-Marne;00-17 ans;Hommes et Femmes;269.350722994046;44;Grand Est
2021;52;Haute-Marne;00-17 ans;Hommes;212.150433944069;44;Grand Est
2021;52;Haute-Marne;45-64 ans;Hommes;732.741997686078;44;Grand Est
2021;52;Haute-Marne;65 ans et plus;Hommes;167.168171180207;44;Grand Est
2021;52;Haute-Marne;18-24 ans;Femmes;711.892797319933;44;Grand Est
2021;52;Haute-Marne;25-44 ans;Hommes et Femmes;475.388729325542;44;Grand Est
2021;52;Haute-Marne;65 ans et plus;Hommes et Femmes;177.74343122102002;44;Grand Est
2022;52;Haute-Marne;18-24 ans;Hommes;389.105058365759;44;Grand Est
2022;52;Haute-Marne;25-44 ans;Hommes;353.297442799462;44;Grand Est
2022;52;Haute-Marne;25-44 ans;Femmes;565.4450261780099;44;Grand Est
2022;52;Haute-Marne;45-64 ans;Femmes;652.125028108837;44;Grand Est
2022;52;Haute-Marne;65 ans et plus;Femmes;242.65644955300098;44;Grand Est
2022;52;Haute-Marne;Tous;Femmes;459.897712405344;44;Grand Est
2022;52;Haute-Marne;00-17 ans;Hommes et Femmes;284.18317635596;44;Grand Est
2022;52;Haute-Marne;25-44 ans;Hommes et Femmes;447.802966694654;44;Grand Est
2022;52;Haute-Marne;45-64 ans;Hommes et Femmes;408.163265306122;44;Grand Est
2023;52;Haute-Marne;00-17 ans;Femmes;546.9078670593191;44;Grand Est
2023;52;Haute-Marne;00-17 ans;Hommes et Femmes;318.47133757961797;44;Grand Est
2023;52;Haute-Marne;18-24 ans;Hommes et Femmes;793.9824488090261;44;Grand Est
2023;52;Haute-Marne;25-44 ans;Hommes et Femmes;650.406504065041;44;Grand Est
2023;52;Haute-Marne;45-64 ans;Hommes et Femmes;504.37121721587096;44;Grand Est
2023;52;Haute-Marne;65 ans et plus;Hommes et Femmes;128.389094479269;44;Grand Est
2023;52;Haute-Marne;Tous;Hommes et Femmes;417.76232080753203;44;Grand Est
2024;52;Haute-Marne;18-24 ans;Hommes;519.705500216544;44;Grand Est
2024;52;Haute-Marne;45-64 ans;Hommes;378.41067516431;44;Grand Est
2024;52;Haute-Marne;65 ans et plus;Hommes;107.592991085152;44;Grand Est
2024;52;Haute-Marne;18-24 ans;Femmes;962.745918794475;44;Grand Est
2024;52;Haute-Marne;45-64 ans;Hommes et Femmes;614.886731391586;44;Grand Est
2024;52;Haute-Marne;65 ans et plus;Hommes et Femmes;120.618702994182;44;Grand Est
2020;53;Mayenne;25-44 ans;Hommes;572.963294538944;52;Pays de la Loire
2020;53;Mayenne;45-64 ans;Hommes;389.032975175991;52;Pays de la Loire
2020;53;Mayenne;00-17 ans;Femmes;586.0290670417249;52;Pays de la Loire
2020;53;Mayenne;18-24 ans;Femmes;676.895306859206;52;Pays de la Loire
2020;53;Mayenne;25-44 ans;Femmes;744.5323406235459;52;Pays de la Loire
2020;53;Mayenne;45-64 ans;Femmes;1107.8286558345599;52;Pays de la Loire
2020;53;Mayenne;65 ans et plus;Femmes;142.612664004564;52;Pays de la Loire
2020;53;Mayenne;00-17 ans;Hommes et Femmes;348.763474952441;52;Pays de la Loire
2020;53;Mayenne;25-44 ans;Hommes et Femmes;647.576646767176;52;Pays de la Loire
2020;53;Mayenne;Tous;Hommes et Femmes;464.680052862685;52;Pays de la Loire
2021;53;Mayenne;18-24 ans;Hommes;348.634514816967;52;Pays de la Loire
2021;53;Mayenne;25-44 ans;Hommes;451.76333430486704;52;Pays de la Loire
2021;53;Mayenne;45-64 ans;Hommes;638.629283489097;52;Pays de la Loire
2021;53;Mayenne;25-44 ans;Femmes;688.073394495413;52;Pays de la Loire
2021;53;Mayenne;Tous;Femmes;602.4538975828369;52;Pays de la Loire
2021;53;Mayenne;00-17 ans;Hommes et Femmes;286.252354048964;52;Pays de la Loire
2021;53;Mayenne;18-24 ans;Hommes et Femmes;715.7626849053601;52;Pays de la Loire
2021;53;Mayenne;65 ans et plus;Hommes et Femmes;130.127649027141;52;Pays de la Loire
2021;53;Mayenne;Tous;Hommes et Femmes;445.803299969255;52;Pays de la Loire
2022;53;Mayenne;Tous;Hommes;370.758091250109;52;Pays de la Loire
2022;53;Mayenne;18-24 ans;Femmes;1803.1942297784599;52;Pays de la Loire
2022;53;Mayenne;Tous;Femmes;786.885245901639;52;Pays de la Loire
2022;53;Mayenne;00-17 ans;Hommes et Femmes;318.527694213414;52;Pays de la Loire
2022;53;Mayenne;65 ans et plus;Hommes et Femmes;273.398341383396;52;Pays de la Loire
2022;53;Mayenne;Tous;Hommes et Femmes;563.703131943957;52;Pays de la Loire
2023;53;Mayenne;45-64 ans;Hommes;616.45671401769;52;Pays de la Loire
2023;53;Mayenne;65 ans et plus;Hommes;189.214758751183;52;Pays de la Loire
2023;53;Mayenne;00-17 ans;Femmes;695.963412209187;52;Pays de la Loire
2023;53;Mayenne;45-64 ans;Femmes;938.967136150235;52;Pays de la Loire
2023;53;Mayenne;00-17 ans;Hommes et Femmes;378.997966352376;52;Pays de la Loire
2024;53;Mayenne;18-24 ans;Hommes;1167.31517509728;52;Pays de la Loire
2024;53;Mayenne;45-64 ans;Hommes;518.8421627525939;52;Pays de la Loire
2024;53;Mayenne;Tous;Hommes;563.6978579481399;52;Pays de la Loire
2024;53;Mayenne;00-17 ans;Femmes;174.621653084983;52;Pays de la Loire
2024;53;Mayenne;65 ans et plus;Hommes et Femmes;379.939209726444;52;Pays de la Loire
2020;54;Meurthe-et-Moselle;45-64 ans;Hommes;684.736091298146;44;Grand Est
2020;54;Meurthe-et-Moselle;00-17 ans;Femmes;766.394331574;44;Grand Est
2020;54;Meurthe-et-Moselle;45-64 ans;Femmes;1242.07858048162;44;Grand Est
2020;54;Meurthe-et-Moselle;65 ans et plus;Femmes;148.085466469219;44;Grand Est
2020;54;Meurthe-et-Moselle;00-17 ans;Hommes et Femmes;572.8155339805829;44;Grand Est
2020;54;Meurthe-et-Moselle;25-44 ans;Hommes et Femmes;1019.8437391965699;44;Grand Est
2020;54;Meurthe-et-Moselle;Tous;Hommes et Femmes;694.026708373436;44;Grand Est
2021;54;Meurthe-et-Moselle;00-17 ans;Hommes;288.607115821347;44;Grand Est
2021;54;Meurthe-et-Moselle;25-44 ans;Hommes;744.146651340069;44;Grand Est
2021;54;Meurthe-et-Moselle;65 ans et plus;Hommes;112.599265141638;44;Grand Est
2021;54;Meurthe-et-Moselle;45-64 ans;Femmes;1093.21058688147;44;Grand Est
2021;54;Meurthe-et-Moselle;00-17 ans;Hommes et Femmes;656.488942666632;44;Grand Est
2021;54;Meurthe-et-Moselle;45-64 ans;Hommes et Femmes;899.955002249887;44;Grand Est
2022;54;Meurthe-et-Moselle;18-24 ans;Hommes;691.635129844708;44;Grand Est
2022;54;Meurthe-et-Moselle;Tous;Hommes;449.64463569114696;44;Grand Est
2022;54;Meurthe-et-Moselle;18-24 ans;Femmes;2014.29499675114;44;Grand Est
2022;54;Meurthe-et-Moselle;25-44 ans;Femmes;998.0039920159679;44;Grand Est
2022;54;Meurthe-et-Moselle;45-64 ans;Femmes;1173.23408042722;44;Grand Est
2022;54;Meurthe-et-Moselle;65 ans et plus;Femmes;248.870863674071;44;Grand Est
2022;54;Meurthe-et-Moselle;00-17 ans;Hommes et Femmes;652.8632717776529;44;Grand Est
2022;54;Meurthe-et-Moselle;45-64 ans;Hommes et Femmes;856.053521329401;44;Grand Est
2022;54;Meurthe-et-Moselle;65 ans et plus;Hommes et Femmes;193.686328763678;44;Grand Est
2023;54;Meurthe-et-Moselle;18-24 ans;Femmes;2455.5111049800003;44;Grand Est
2023;54;Meurthe-et-Moselle;65 ans et plus;Femmes;307.125307125307;44;Grand Est
2023;54;Meurthe-et-Moselle;Tous;Femmes;1110.54183917914;44;Grand Est
2023;54;Meurthe-et-Moselle;00-17 ans;Hommes et Femmes;741.016109045849;44;Grand Est
2023;54;Meurthe-et-Moselle;25-44 ans;Hommes et Femmes;1024.08061772019;44;Grand Est
2024;54;Meurthe-et-Moselle;25-44 ans;Hommes;902.88358444783;44;Grand Est
2024;54;Meurthe-et-Moselle;65 ans et plus;Hommes;93.9434129089301;44;Grand Est
2024;54;Meurthe-et-Moselle;Tous;Hommes;517.176764522174;44;Grand Est
2024;54;Meurthe-et-Moselle;18-24 ans;Femmes;2651.21236344258;44;Grand Est
2024;54;Meurthe-et-Moselle;45-64 ans;Femmes;986.348930797759;44;Grand Est
2024;54;Meurthe-et-Moselle;00-17 ans;Hommes et Femmes;869.0086408507909;44;Grand Est
2024;54;Meurthe-et-Moselle;25-44 ans;Hommes et Femmes;1012.4852475309;44;Grand Est
2024;54;Meurthe-et-Moselle;45-64 ans;Hommes et Femmes;742.909423604758;44;Grand Est
2024;54;Meurthe-et-Moselle;65 ans et plus;Hommes et Femmes;166.9449081803;44;Grand Est
2024;54;Meurthe-et-Moselle;Tous;Hommes et Femmes;797.51825761003;44;Grand Est
2020;55;Meuse;45-64 ans;Hommes;435.72984749455304;44;Grand Est
2020;55;Meuse;18-24 ans;Femmes;938.967136150235;44;Grand Est
2020;55;Meuse;45-64 ans;Femmes;839.832033593281;44;Grand Est
2020;55;Meuse;Tous;Femmes;560.551928052236;44;Grand Est
2020;55;Meuse;18-24 ans;Hommes et Femmes;574.365175332527;44;Grand Est
2020;55;Meuse;45-64 ans;Hommes et Femmes;616.208975217682;44;Grand Est
2020;55;Meuse;Tous;Hommes et Femmes;438.52006737526904;44;Grand Est
2021;55;Meuse;Tous;Hommes;303.885391795094;44;Grand Est
2021;55;Meuse;65 ans et plus;Femmes;187.863986473793;44;Grand Est
2021;55;Meuse;45-64 ans;Hommes et Femmes;514.579759862779;44;Grand Est
2022;55;Meuse;25-44 ans;Hommes;913.6212624584721;44;Grand Est
2022;55;Meuse;45-64 ans;Hommes;332.07881337170704;44;Grand Est
2022;55;Meuse;Tous;Hommes;360.780015527241;44;Grand Est
2022;55;Meuse;00-17 ans;Femmes;594.594594594595;44;Grand Est
2022;55;Meuse;25-44 ans;Femmes;499.306518723994;44;Grand Est
2022;55;Meuse;65 ans et plus;Hommes et Femmes;172.117039586919;44;Grand Est
2023;55;Meuse;45-64 ans;Hommes;471.698113207547;44;Grand Est
2023;55;Meuse;00-17 ans;Femmes;1182.43243243243;44;Grand Est
2023;55;Meuse;25-44 ans;Femmes;648.676699532953;44;Grand Est
2023;55;Meuse;Tous;Femmes;613.026819923372;44;Grand Est
2023;55;Meuse;00-17 ans;Hommes et Femmes;625.6256256256261;44;Grand Est
2023;55;Meuse;65 ans et plus;Hommes et Femmes;205.27396178746199;44;Grand Est
2023;55;Meuse;Tous;Hommes et Femmes;532.0917858330561;44;Grand Est
2024;55;Meuse;45-64 ans;Hommes;390.625;44;Grand Est
2024;55;Meuse;Tous;Femmes;588.9399081653021;44;Grand Est
2024;55;Meuse;18-24 ans;Hommes et Femmes;863.7709772951631;44;Grand Est
2024;55;Meuse;25-44 ans;Hommes et Femmes;778.378378378378;44;Grand Est
2024;55;Meuse;45-64 ans;Hommes et Femmes;638.902035021297;44;Grand Est
2024;55;Meuse;65 ans et plus;Hommes et Femmes;107.66746135507199;44;Grand Est
2020;56;Morbihan;00-17 ans;Hommes;189.840272322598;53;Bretagne
2020;56;Morbihan;Tous;Hommes;518.867237031963;53;Bretagne
2020;56;Morbihan;25-44 ans;Femmes;1385.08891928865;53;Bretagne
2020;56;Morbihan;65 ans et plus;Femmes;289.52725627686;53;Bretagne
2020;56;Morbihan;Tous;Femmes;869.700264016152;53;Bretagne
2020;56;Morbihan;25-44 ans;Hommes et Femmes;1204.39387995292;53;Bretagne
2020;56;Morbihan;45-64 ans;Hommes et Femmes;1095.05037231713;53;Bretagne
2021;56;Morbihan;25-44 ans;Hommes;984.088440155921;53;Bretagne
2021;56;Morbihan;Tous;Hommes;477.24750277469496;53;Bretagne
2021;56;Morbihan;25-44 ans;Femmes;1284.33268858801;53;Bretagne
2021;56;Morbihan;18-24 ans;Hommes et Femmes;1099.1475998205499;53;Bretagne
2022;56;Morbihan;25-44 ans;Hommes;910.614525139665;53;Bretagne
2022;56;Morbihan;65 ans et plus;Femmes;257.209100130416;53;Bretagne
2022;56;Morbihan;Tous;Femmes;848.563172845978;53;Bretagne
2022;56;Morbihan;00-17 ans;Hommes et Femmes;479.87264043666096;53;Bretagne
2022;56;Morbihan;25-44 ans;Hommes et Femmes;1001.37130465287;53;Bretagne
2022;56;Morbihan;45-64 ans;Hommes et Femmes;1029.13786027717;53;Bretagne
2022;56;Morbihan;Tous;Hommes et Femmes;641.623283744578;53;Bretagne
2023;56;Morbihan;00-17 ans;Hommes;171.657448025939;53;Bretagne
2023;56;Morbihan;45-64 ans;Hommes;765.74021554169;53;Bretagne
2023;56;Morbihan;Tous;Hommes;441.594303775802;53;Bretagne
2023;56;Morbihan;25-44 ans;Femmes;1140.77293186404;53;Bretagne
2023;56;Morbihan;45-64 ans;Femmes;1159.35767264348;53;Bretagne
2023;56;Morbihan;00-17 ans;Hommes et Femmes;513.1511088189791;53;Bretagne
2023;56;Morbihan;Tous;Hommes et Femmes;642.396992881057;53;Bretagne
2024;56;Morbihan;18-24 ans;Hommes;528.479154433353;53;Bretagne
2024;56;Morbihan;45-64 ans;Hommes;616.422423819493;53;Bretagne
2024;56;Morbihan;Tous;Hommes;381.986094774477;53;Bretagne
2024;56;Morbihan;65 ans et plus;Femmes;226.82268226822703;53;Bretagne
2024;56;Morbihan;Tous;Femmes;808.3555738041471;53;Bretagne
2024;56;Morbihan;00-17 ans;Hommes et Femmes;590.679804500666;53;Bretagne
2024;56;Morbihan;Tous;Hommes et Femmes;584.845302923006;53;Bretagne
2020;57;Moselle;00-17 ans;Hommes;233.03039382136598;44;Grand Est
2020;57;Moselle;18-24 ans;Hommes;605.815831987076;44;Grand Est
2020;57;Moselle;45-64 ans;Hommes;559.968228752979;44;Grand Est
2020;57;Moselle;00-17 ans;Femmes;612.244897959184;44;Grand Est
2020;57;Moselle;45-64 ans;Femmes;1035.86391050136;44;Grand Est
2020;57;Moselle;25-44 ans;Hommes et Femmes;826.0928722763231;44;Grand Est
2020;57;Moselle;Tous;Hommes et Femmes;572.063579915942;44;Grand Est
2021;57;Moselle;18-24 ans;Hommes;291.390728476821;44;Grand Est
2021;57;Moselle;45-64 ans;Hommes;438.52900446222503;44;Grand Est
2021;57;Moselle;00-17 ans;Femmes;656.5720030158329;44;Grand Est
2021;57;Moselle;18-24 ans;Femmes;1341.1871318531898;44;Grand Est
2021;57;Moselle;25-44 ans;Femmes;757.915325373864;44;Grand Est
2021;57;Moselle;00-17 ans;Hommes et Femmes;413.45369747778904;44;Grand Est
2021;57;Moselle;25-44 ans;Hommes et Femmes;670.766829558334;44;Grand Est
2021;57;Moselle;65 ans et plus;Hommes et Femmes;205.55843374500702;44;Grand Est
2022;57;Moselle;00-17 ans;Femmes;586.851357424198;44;Grand Est
2022;57;Moselle;18-24 ans;Femmes;1362.87780456147;44;Grand Est
2022;57;Moselle;Tous;Femmes;623.401157070329;44;Grand Est
2022;57;Moselle;18-24 ans;Hommes et Femmes;916.3906909222881;44;Grand Est
2023;57;Moselle;65 ans et plus;Hommes;107.227107012653;44;Grand Est
2023;57;Moselle;Tous;Femmes;595.04076029208;44;Grand Est
2023;57;Moselle;65 ans et plus;Hommes et Femmes;145.623034916432;44;Grand Est
2024;57;Moselle;00-17 ans;Hommes;140.362973725036;44;Grand Est
2024;57;Moselle;25-44 ans;Femmes;581.277183854315;44;Grand Est
2024;57;Moselle;45-64 ans;Femmes;533.072720003554;44;Grand Est
2024;57;Moselle;65 ans et plus;Femmes;198.982347423179;44;Grand Est
2024;57;Moselle;00-17 ans;Hommes et Femmes;378.377655662963;44;Grand Est
2024;57;Moselle;18-24 ans;Hommes et Femmes;780.328463841757;44;Grand Est
2024;57;Moselle;25-44 ans;Hommes et Femmes;474.742229804911;44;Grand Est
2020;58;Nièvre;18-24 ans;Hommes;404.694455685957;27;Bourgogne et Franche-Comté
2020;58;Nièvre;25-44 ans;Hommes;476.410019978485;27;Bourgogne et Franche-Comté
2020;58;Nièvre;Tous;Hommes;246.91358024691402;27;Bourgogne et Franche-Comté
2020;58;Nièvre;25-44 ans;Femmes;588.7764489420421;27;Bourgogne et Franche-Comté
2020;58;Nièvre;45-64 ans;Femmes;549.450549450549;27;Bourgogne et Franche-Comté
2020;58;Nièvre;00-17 ans;Hommes et Femmes;251.453716800251;27;Bourgogne et Franche-Comté
2021;58;Nièvre;Tous;Femmes;442.43437223478503;27;Bourgogne et Franche-Comté
2021;58;Nièvre;Tous;Hommes et Femmes;327.817178881009;27;Bourgogne et Franche-Comté
2022;58;Nièvre;65 ans et plus;Hommes;124.90892057874501;27;Bourgogne et Franche-Comté
2022;58;Nièvre;18-24 ans;Femmes;641.539695268645;27;Bourgogne et Franche-Comté
2022;58;Nièvre;25-44 ans;Femmes;564.334085778781;27;Bourgogne et Franche-Comté
2022;58;Nièvre;00-17 ans;Hommes et Femmes;296.80237441899504;27;Bourgogne et Franche-Comté
2022;58;Nièvre;18-24 ans;Hommes et Femmes;503.82534054861;27;Bourgogne et Franche-Comté
2023;58;Nièvre;00-17 ans;Hommes;120.83928375260899;27;Bourgogne et Franche-Comté
2023;58;Nièvre;18-24 ans;Hommes;350.63113604488103;27;Bourgogne et Franche-Comté
2023;58;Nièvre;25-44 ans;Hommes;425.59436454358706;27;Bourgogne et Franche-Comté
2023;58;Nièvre;45-64 ans;Hommes;282.822268532301;27;Bourgogne et Franche-Comté
2023;58;Nièvre;Tous;Hommes;232.604887574304;27;Bourgogne et Franche-Comté
2024;58;Nièvre;45-64 ans;Hommes;285.585450172854;27;Bourgogne et Franche-Comté
2024;58;Nièvre;Tous;Hommes;211.360634081902;27;Bourgogne et Franche-Comté
2024;58;Nièvre;18-24 ans;Femmes;1851.8518518518501;27;Bourgogne et Franche-Comté
2024;58;Nièvre;25-44 ans;Femmes;789.889415481832;27;Bourgogne et Franche-Comté
2024;58;Nièvre;65 ans et plus;Femmes;129.88217830967602;27;Bourgogne et Franche-Comté
2024;58;Nièvre;Tous;Femmes;630.599694065495;27;Bourgogne et Franche-Comté
2024;58;Nièvre;Tous;Hommes et Femmes;414.529720570659;27;Bourgogne et Franche-Comté
2020;59;Nord;00-17 ans;Hommes;211.189625452345;32;Hauts-de-France
2020;59;Nord;18-24 ans;Femmes;1100.8465574403701;32;Hauts-de-France
2020;59;Nord;25-44 ans;Femmes;990.083928653029;32;Hauts-de-France
2020;59;Nord;45-64 ans;Femmes;1227.40459718813;32;Hauts-de-France
2020;59;Nord;65 ans et plus;Femmes;287.604664012581;32;Hauts-de-France
2020;59;Nord;18-24 ans;Hommes et Femmes;942.596379232956;32;Hauts-de-France
2020;59;Nord;65 ans et plus;Hommes et Femmes;222.190137003882;32;Hauts-de-France
2021;59;Nord;Tous;Hommes;455.17112789211905;32;Hauts-de-France
2021;59;Nord;45-64 ans;Femmes;1203.57878292977;32;Hauts-de-France
2021;59;Nord;25-44 ans;Hommes et Femmes;846.366598702731;32;Hauts-de-France
2022;59;Nord;25-44 ans;Hommes;601.012779320169;32;Hauts-de-France
2022;59;Nord;65 ans et plus;Hommes;168.050472107894;32;Hauts-de-France
2022;59;Nord;65 ans et plus;Femmes;264.509102224988;32;Hauts-de-France
2022;59;Nord;Tous;Femmes;700.245638534608;32;Hauts-de-France
2022;59;Nord;25-44 ans;Hommes et Femmes;686.7660568228349;32;Hauts-de-France
2022;59;Nord;45-64 ans;Hommes et Femmes;820.0769957143899;32;Hauts-de-France
2023;59;Nord;18-24 ans;Hommes;581.496917816766;32;Hauts-de-France
2023;59;Nord;65 ans et plus;Hommes;132.18956546196;32;Hauts-de-France
2023;59;Nord;Tous;Hommes;385.525788713417;32;Hauts-de-France
2023;59;Nord;65 ans et plus;Femmes;238.21491793605398;32;Hauts-de-France
2023;59;Nord;45-64 ans;Hommes et Femmes;774.510014844775;32;Hauts-de-France
2024;59;Nord;18-24 ans;Hommes;714.199249485534;32;Hauts-de-France
2024;59;Nord;25-44 ans;Femmes;836.7360599772409;32;Hauts-de-France
2024;59;Nord;65 ans et plus;Femmes;251.37570105303203;32;Hauts-de-France
2024;59;Nord;18-24 ans;Hommes et Femmes;996.8215632440559;32;Hauts-de-France
2020;60;Oise;18-24 ans;Hommes;497.748281583314;32;Hauts-de-France
2020;60;Oise;25-44 ans;Hommes;433.65134431916704;32;Hauts-de-France
2020;60;Oise;25-44 ans;Hommes et Femmes;535.29305026311;32;Hauts-de-France
2020;60;Oise;65 ans et plus;Hommes et Femmes;204.171724975168;32;Hauts-de-France
2020;60;Oise;Tous;Hommes et Femmes;432.84382314864496;32;Hauts-de-France
2021;60;Oise;Tous;Hommes;305.564490189772;32;Hauts-de-France
2021;60;Oise;18-24 ans;Femmes;685.662044796587;32;Hauts-de-France
2021;60;Oise;Tous;Femmes;481.35453540859;32;Hauts-de-France
2021;60;Oise;65 ans et plus;Hommes et Femmes;243.11183144246402;32;Hauts-de-France
2022;60;Oise;00-17 ans;Hommes;92.89363678588019;32;Hauts-de-France
2022;60;Oise;65 ans et plus;Hommes;129.735339906591;32;Hauts-de-France
2022;60;Oise;Tous;Hommes;272.981934598674;32;Hauts-de-France
2022;60;Oise;00-17 ans;Femmes;394.456289978678;32;Hauts-de-France
2022;60;Oise;18-24 ans;Femmes;1003.72813306567;32;Hauts-de-France
2022;60;Oise;25-44 ans;Femmes;578.703703703704;32;Hauts-de-France
2022;60;Oise;Tous;Femmes;548.2721121314639;32;Hauts-de-France
2022;60;Oise;65 ans et plus;Hommes et Femmes;229.875946256589;32;Hauts-de-France
2023;60;Oise;00-17 ans;Hommes;92.3977208562189;32;Hauts-de-France
2023;60;Oise;Tous;Hommes;354.000349629975;32;Hauts-de-France
2023;60;Oise;00-17 ans;Femmes;391.250222301263;32;Hauts-de-France
2023;60;Oise;65 ans et plus;Femmes;261.942510512167;32;Hauts-de-France
2023;60;Oise;18-24 ans;Hommes et Femmes;789.924733586705;32;Hauts-de-France
2023;60;Oise;45-64 ans;Hommes et Femmes;625.215756971348;32;Hauts-de-France
2023;60;Oise;65 ans et plus;Hommes et Femmes;216.92785278827097;32;Hauts-de-France
2024;60;Oise;45-64 ans;Hommes;491.937687892867;32;Hauts-de-France
2024;60;Oise;45-64 ans;Femmes;786.496460765927;32;Hauts-de-France
2024;60;Oise;00-17 ans;Hommes et Femmes;311.002444987775;32;Hauts-de-France
2024;60;Oise;45-64 ans;Hommes et Femmes;631.73007896626;32;Hauts-de-France
2024;60;Oise;Tous;Hommes et Femmes;427.061771434797;32;Hauts-de-France
2020;61;Orne;45-64 ans;Femmes;477.05214673466;28;Normandie
2020;61;Orne;Tous;Femmes;330.877762517168;28;Normandie
2020;61;Orne;18-24 ans;Hommes et Femmes;312.207305650952;28;Normandie
2020;61;Orne;25-44 ans;Hommes et Femmes;519.218288021923;28;Normandie
2020;61;Orne;65 ans et plus;Hommes et Femmes;113.59948068808801;28;Normandie
2020;61;Orne;Tous;Hommes et Femmes;290.31568010268;28;Normandie
2021;61;Orne;18-24 ans;Hommes;385.50501156514997;28;Normandie
2021;61;Orne;00-17 ans;Hommes et Femmes;202.04571284253097;28;Normandie
2021;61;Orne;65 ans et plus;Hommes et Femmes;169.887449564663;28;Normandie
2021;61;Orne;Tous;Hommes et Femmes;335.035241073895;28;Normandie
2022;61;Orne;18-24 ans;Hommes;627.577550654474;28;Normandie
2022;61;Orne;18-24 ans;Femmes;972.477064220183;28;Normandie
2022;61;Orne;45-64 ans;Femmes;818.1441590720789;28;Normandie
2022;61;Orne;65 ans et plus;Femmes;138.66280822330702;28;Normandie
2022;61;Orne;18-24 ans;Hommes et Femmes;798.041171669538;28;Normandie
2022;61;Orne;25-44 ans;Hommes et Femmes;541.516245487365;28;Normandie
2022;61;Orne;45-64 ans;Hommes et Femmes;573.469963335527;28;Normandie
2023;61;Orne;Tous;Hommes et Femmes;403.370383650054;28;Normandie
2024;61;Orne;45-64 ans;Hommes;424.20569647649603;28;Normandie
2024;61;Orne;65 ans et plus;Hommes;100.850929719508;28;Normandie
2024;61;Orne;00-17 ans;Femmes;453.78255734444;28;Normandie
2024;61;Orne;45-64 ans;Femmes;703.262355928892;28;Normandie
2024;61;Orne;18-24 ans;Hommes et Femmes;995.5856109702261;28;Normandie
2020;62;Pas-de-Calais;00-17 ans;Hommes;188.795015811583;32;Hauts-de-France
2020;62;Pas-de-Calais;18-24 ans;Femmes;1500.89338892198;32;Hauts-de-France
2020;62;Pas-de-Calais;Tous;Femmes;845.30853761623;32;Hauts-de-France
2020;62;Pas-de-Calais;00-17 ans;Hommes et Femmes;334.74501052418;32;Hauts-de-France
2020;62;Pas-de-Calais;18-24 ans;Hommes et Femmes;1164.72545757072;32;Hauts-de-France
2020;62;Pas-de-Calais;25-44 ans;Hommes et Femmes;999.1056598952341;32;Hauts-de-France
2020;62;Pas-de-Calais;45-64 ans;Hommes et Femmes;943.857291221211;32;Hauts-de-France
2020;62;Pas-de-Calais;Tous;Hommes et Femmes;688.960857804786;32;Hauts-de-France
2021;62;Pas-de-Calais;45-64 ans;Hommes;583.165608711359;32;Hauts-de-France
2021;62;Pas-de-Calais;Tous;Hommes;438.56868091222304;32;Hauts-de-France
2021;62;Pas-de-Calais;25-44 ans;Femmes;898.4437670463659;32;Hauts-de-France
2021;62;Pas-de-Calais;45-64 ans;Femmes;993.850549723585;32;Hauts-de-France
2021;62;Pas-de-Calais;Tous;Femmes;731.602825349049;32;Hauts-de-France
2021;62;Pas-de-Calais;25-44 ans;Hommes et Femmes;787.087072975894;32;Hauts-de-France
2021;62;Pas-de-Calais;45-64 ans;Hommes et Femmes;769.382521207339;32;Hauts-de-France
2021;62;Pas-de-Calais;Tous;Hommes et Femmes;582.037075923264;32;Hauts-de-France
2022;62;Pas-de-Calais;18-24 ans;Hommes;623.95008399328;32;Hauts-de-France
2022;62;Pas-de-Calais;65 ans et plus;Hommes;152.860979136542;32;Hauts-de-France
2022;62;Pas-de-Calais;65 ans et plus;Femmes;233.17788141239203;32;Hauts-de-France
2022;62;Pas-de-Calais;00-17 ans;Hommes et Femmes;322.101090188305;32;Hauts-de-France
2022;62;Pas-de-Calais;25-44 ans;Hommes et Femmes;797.762510793257;32;Hauts-de-France
2022;62;Pas-de-Calais;65 ans et plus;Hommes et Femmes;199.206668181103;32;Hauts-de-France
2023;62;Pas-de-Calais;18-24 ans;Hommes;734.186746987952;32;Hauts-de-France
2023;62;Pas-de-Calais;65 ans et plus;Hommes;205.064471026876;32;Hauts-de-France
2023;62;Pas-de-Calais;00-17 ans;Femmes;616.460120749921;32;Hauts-de-France
2023;62;Pas-de-Calais;65 ans et plus;Femmes;268.63983410312;32;Hauts-de-France
2023;62;Pas-de-Calais;Tous;Femmes;755.0352552208091;32;Hauts-de-France
2023;62;Pas-de-Calais;18-24 ans;Hommes et Femmes;1136.54202379831;32;Hauts-de-France
2023;62;Pas-de-Calais;25-44 ans;Hommes et Femmes;754.039497307002;32;Hauts-de-France
2023;62;Pas-de-Calais;Tous;Hommes et Femmes;590.4986103005909;32;Hauts-de-France
2024;62;Pas-de-Calais;18-24 ans;Hommes;718.173147057173;32;Hauts-de-France
2024;62;Pas-de-Calais;65 ans et plus;Hommes;197.933895501749;32;Hauts-de-France
2024;62;Pas-de-Calais;65 ans et plus;Femmes;292.422090400201;32;Hauts-de-France
2024;62;Pas-de-Calais;45-64 ans;Hommes et Femmes;795.830380344909;32;Hauts-de-France
2020;63;Puy-de-Dôme;00-17 ans;Hommes;88.0281690140845;84;Auvergne et Rhône-Alpes
2020;63;Puy-de-Dôme;Tous;Hommes;292.777056925175;84;Auvergne et Rhône-Alpes
2020;63;Puy-de-Dôme;00-17 ans;Femmes;453.612701155632;84;Auvergne et Rhône-Alpes
2020;63;Puy-de-Dôme;65 ans et plus;Femmes;270.77339651379305;84;Auvergne et Rhône-Alpes
2020;63;Puy-de-Dôme;00-17 ans;Hommes et Femmes;252.182347235694;84;Auvergne et Rhône-Alpes
2020;63;Puy-de-Dôme;25-44 ans;Hommes et Femmes;681.643625192012;84;Auvergne et Rhône-Alpes
2020;63;Puy-de-Dôme;65 ans et plus;Hommes et Femmes;189.907759088443;84;Auvergne et Rhône-Alpes
2020;63;Puy-de-Dôme;Tous;Hommes et Femmes;450.795574007092;84;Auvergne et Rhône-Alpes
2021;63;Puy-de-Dôme;18-24 ans;Hommes;771.20822622108;84;Auvergne et Rhône-Alpes
2021;63;Puy-de-Dôme;25-44 ans;Hommes;554.016620498615;84;Auvergne et Rhône-Alpes
2021;63;Puy-de-Dôme;45-64 ans;Hommes;533.3100192341319;84;Auvergne et Rhône-Alpes
2021;63;Puy-de-Dôme;Tous;Hommes;362.441405306142;84;Auvergne et Rhône-Alpes
2021;63;Puy-de-Dôme;25-44 ans;Femmes;1189.35837245696;84;Auvergne et Rhône-Alpes
2021;63;Puy-de-Dôme;45-64 ans;Femmes;1216.5450121654499;84;Auvergne et Rhône-Alpes
2021;63;Puy-de-Dôme;65 ans et plus;Femmes;285.207250602104;84;Auvergne et Rhône-Alpes
2021;63;Puy-de-Dôme;00-17 ans;Hommes et Femmes;446.046140667001;84;Auvergne et Rhône-Alpes
2021;63;Puy-de-Dôme;18-24 ans;Hommes et Femmes;1138.55169526999;84;Auvergne et Rhône-Alpes
2022;63;Puy-de-Dôme;Tous;Hommes;313.029258891549;84;Auvergne et Rhône-Alpes
2022;63;Puy-de-Dôme;00-17 ans;Femmes;567.32223903177;84;Auvergne et Rhône-Alpes
2022;63;Puy-de-Dôme;Tous;Femmes;605.7333982960461;84;Auvergne et Rhône-Alpes
2022;63;Puy-de-Dôme;18-24 ans;Hommes et Femmes;874.7746792492841;84;Auvergne et Rhône-Alpes
2023;63;Puy-de-Dôme;65 ans et plus;Hommes;164.03402187120298;84;Auvergne et Rhône-Alpes
2023;63;Puy-de-Dôme;Tous;Hommes;406.19233626494804;84;Auvergne et Rhône-Alpes
2023;63;Puy-de-Dôme;00-17 ans;Femmes;949.7496114660681;84;Auvergne et Rhône-Alpes
2023;63;Puy-de-Dôme;25-44 ans;Femmes;1317.66680654637;84;Auvergne et Rhône-Alpes
2023;63;Puy-de-Dôme;45-64 ans;Femmes;1304.9388309923;84;Auvergne et Rhône-Alpes
2023;63;Puy-de-Dôme;45-64 ans;Hommes et Femmes;950.244698205546;84;Auvergne et Rhône-Alpes
2023;63;Puy-de-Dôme;Tous;Hommes et Femmes;672.778211896548;84;Auvergne et Rhône-Alpes
2024;63;Puy-de-Dôme;Tous;Hommes;488.21775984102305;84;Auvergne et Rhône-Alpes
2024;63;Puy-de-Dôme;65 ans et plus;Femmes;302.183965935626;84;Auvergne et Rhône-Alpes
2024;63;Puy-de-Dôme;Tous;Hommes et Femmes;779.604012705613;84;Auvergne et Rhône-Alpes
2020;64;Pyrénées-Atlantiques;18-24 ans;Hommes;362.835298691201;75;Nouvelle Aquitaine
2020;64;Pyrénées-Atlantiques;Tous;Hommes;284.50314781595296;75;Nouvelle Aquitaine
2020;64;Pyrénées-Atlantiques;18-24 ans;Femmes;1004.1711725629501;75;Nouvelle Aquitaine
2020;64;Pyrénées-Atlantiques;25-44 ans;Femmes;867.7248677248681;75;Nouvelle Aquitaine
2020;64;Pyrénées-Atlantiques;65 ans et plus;Femmes;236.340330075308;75;Nouvelle Aquitaine
2020;64;Pyrénées-Atlantiques;Tous;Femmes;591.392246769487;75;Nouvelle Aquitaine
2020;64;Pyrénées-Atlantiques;00-17 ans;Hommes et Femmes;285.404719748421;75;Nouvelle Aquitaine
2020;64;Pyrénées-Atlantiques;65 ans et plus;Hommes et Femmes;191.28677971930298;75;Nouvelle Aquitaine
2020;64;Pyrénées-Atlantiques;Tous;Hommes et Femmes;427.860212043382;75;Nouvelle Aquitaine
2021;64;Pyrénées-Atlantiques;65 ans et plus;Hommes;119.463740542454;75;Nouvelle Aquitaine
2021;64;Pyrénées-Atlantiques;Tous;Hommes;243.979624128462;75;Nouvelle Aquitaine
2021;64;Pyrénées-Atlantiques;18-24 ans;Femmes;1005.42399788332;75;Nouvelle Aquitaine
2021;64;Pyrénées-Atlantiques;Tous;Femmes;552.678230039278;75;Nouvelle Aquitaine
2021;64;Pyrénées-Atlantiques;18-24 ans;Hommes et Femmes;685.721220947873;75;Nouvelle Aquitaine
2021;64;Pyrénées-Atlantiques;25-44 ans;Hommes et Femmes;517.931633024441;75;Nouvelle Aquitaine
2021;64;Pyrénées-Atlantiques;45-64 ans;Hommes et Femmes;473.01218804410905;75;Nouvelle Aquitaine
2022;64;Pyrénées-Atlantiques;25-44 ans;Femmes;733.5716927629151;75;Nouvelle Aquitaine
2022;64;Pyrénées-Atlantiques;45-64 ans;Femmes;767.0543854133921;75;Nouvelle Aquitaine
2022;64;Pyrénées-Atlantiques;18-24 ans;Hommes et Femmes;775.378742693546;75;Nouvelle Aquitaine
2022;64;Pyrénées-Atlantiques;25-44 ans;Hommes et Femmes;565.092227316345;75;Nouvelle Aquitaine
2022;64;Pyrénées-Atlantiques;65 ans et plus;Hommes et Femmes;166.494431048341;75;Nouvelle Aquitaine
2023;64;Pyrénées-Atlantiques;18-24 ans;Hommes;362.400906002265;75;Nouvelle Aquitaine
2023;64;Pyrénées-Atlantiques;00-17 ans;Femmes;604.120643794238;75;Nouvelle Aquitaine
2023;64;Pyrénées-Atlantiques;18-24 ans;Femmes;1389.27869772663;75;Nouvelle Aquitaine
2023;64;Pyrénées-Atlantiques;65 ans et plus;Femmes;176.415649105815;75;Nouvelle Aquitaine
2023;64;Pyrénées-Atlantiques;00-17 ans;Hommes et Femmes;323.021739561245;75;Nouvelle Aquitaine
2023;64;Pyrénées-Atlantiques;18-24 ans;Hommes et Femmes;820.853436932139;75;Nouvelle Aquitaine
2023;64;Pyrénées-Atlantiques;65 ans et plus;Hommes et Femmes;141.21669329963999;75;Nouvelle Aquitaine
2023;64;Pyrénées-Atlantiques;Tous;Hommes et Femmes;399.93351754513503;75;Nouvelle Aquitaine
2024;64;Pyrénées-Atlantiques;00-17 ans;Femmes;676.59593163745;75;Nouvelle Aquitaine
2024;64;Pyrénées-Atlantiques;18-24 ans;Femmes;1564.70437347698;75;Nouvelle Aquitaine
2024;64;Pyrénées-Atlantiques;25-44 ans;Femmes;607.867874756279;75;Nouvelle Aquitaine
2024;64;Pyrénées-Atlantiques;Tous;Femmes;584.498357393801;75;Nouvelle Aquitaine
2024;64;Pyrénées-Atlantiques;00-17 ans;Hommes et Femmes;369.870251864029;75;Nouvelle Aquitaine
2020;65;Hautes-Pyrénées;45-64 ans;Hommes;315.15915537346405;76;Occitanie
2020;65;Hautes-Pyrénées;00-17 ans;Femmes;451.53521974714;76;Occitanie
2020;65;Hautes-Pyrénées;18-24 ans;Femmes;1237.34533183352;76;Occitanie
2021;65;Hautes-Pyrénées;45-64 ans;Hommes;494.882465414464;76;Occitanie
2021;65;Hautes-Pyrénées;65 ans et plus;Hommes;299.177262528048;76;Occitanie
2021;65;Hautes-Pyrénées;00-17 ans;Femmes;439.23865300146406;76;Occitanie
2021;65;Hautes-Pyrénées;18-24 ans;Femmes;1032.32817169247;76;Occitanie
2021;65;Hautes-Pyrénées;25-44 ans;Femmes;707.988244723484;76;Occitanie
2021;65;Hautes-Pyrénées;Tous;Femmes;532.64647778139;76;Occitanie
2022;65;Hautes-Pyrénées;00-17 ans;Hommes;118.95658084798998;76;Occitanie
2022;65;Hautes-Pyrénées;18-24 ans;Hommes;290.11381388083;76;Occitanie
2022;65;Hautes-Pyrénées;Tous;Hommes;209.015686950526;76;Occitanie
2022;65;Hautes-Pyrénées;00-17 ans;Femmes;687.215765538151;76;Occitanie
2022;65;Hautes-Pyrénées;25-44 ans;Hommes et Femmes;346.589907771838;76;Occitanie
2022;65;Hautes-Pyrénées;45-64 ans;Hommes et Femmes;473.9336492891;76;Occitanie
2022;65;Hautes-Pyrénées;65 ans et plus;Hommes et Femmes;188.929533303855;76;Occitanie
2023;65;Hautes-Pyrénées;Tous;Hommes;209.675995409199;76;Occitanie
2023;65;Hautes-Pyrénées;25-44 ans;Hommes et Femmes;439.891184812178;76;Occitanie
2023;65;Hautes-Pyrénées;65 ans et plus;Hommes et Femmes;170.845087210457;76;Occitanie
2023;65;Hautes-Pyrénées;Tous;Hommes et Femmes;352.132804371935;76;Occitanie
2024;65;Hautes-Pyrénées;18-24 ans;Hommes;682.5135325959051;76;Occitanie
2024;65;Hautes-Pyrénées;25-44 ans;Hommes;496.224379719525;76;Occitanie
2024;65;Hautes-Pyrénées;65 ans et plus;Hommes;159.10232791827198;76;Occitanie
2024;65;Hautes-Pyrénées;00-17 ans;Hommes et Femmes;387.01994641262297;76;Occitanie
2024;65;Hautes-Pyrénées;25-44 ans;Hommes et Femmes;475.91410330818303;76;Occitanie
2024;65;Hautes-Pyrénées;45-64 ans;Hommes et Femmes;510.17416290388803;76;Occitanie
2024;65;Hautes-Pyrénées;65 ans et plus;Hommes et Femmes;161.123259293359;76;Occitanie
2024;65;Hautes-Pyrénées;Tous;Hommes et Femmes;412.46407843579203;76;Occitanie
2020;66;Pyrénées-Orientales;00-17 ans;Hommes;158.867706528018;76;Occitanie
2020;66;Pyrénées-Orientales;45-64 ans;Hommes;466.16650884987996;76;Occitanie
2020;66;Pyrénées-Orientales;00-17 ans;Femmes;400.55729710902096;76;Occitanie
2020;66;Pyrénées-Orientales;18-24 ans;Hommes et Femmes;707.894995575656;76;Occitanie
2021;66;Pyrénées-Orientales;00-17 ans;Hommes;164.69377251672702;76;Occitanie
2021;66;Pyrénées-Orientales;Tous;Hommes;264.67279825316;76;Occitanie
2021;66;Pyrénées-Orientales;18-24 ans;Femmes;785.052598524101;76;Occitanie
2021;66;Pyrénées-Orientales;65 ans et plus;Femmes;186.26929217669;76;Occitanie
2021;66;Pyrénées-Orientales;18-24 ans;Hommes et Femmes;558.2199858479439;76;Occitanie
2021;66;Pyrénées-Orientales;65 ans et plus;Hommes et Femmes;155.46161189145;76;Occitanie
2022;66;Pyrénées-Orientales;00-17 ans;Hommes;118.895189317725;76;Occitanie
2022;66;Pyrénées-Orientales;18-24 ans;Hommes;296.273195072509;76;Occitanie
2022;66;Pyrénées-Orientales;45-64 ans;Hommes;386.672681575047;76;Occitanie
2022;66;Pyrénées-Orientales;65 ans et plus;Hommes;149.319765512665;76;Occitanie
2022;66;Pyrénées-Orientales;45-64 ans;Femmes;641.1596626942641;76;Occitanie
2022;66;Pyrénées-Orientales;65 ans et plus;Femmes;190.456581046996;76;Occitanie
2023;66;Pyrénées-Orientales;45-64 ans;Hommes;345.24646761716;76;Occitanie
2023;66;Pyrénées-Orientales;18-24 ans;Femmes;948.027763670222;76;Occitanie
2023;66;Pyrénées-Orientales;45-64 ans;Femmes;636.41962636009;76;Occitanie
2023;66;Pyrénées-Orientales;00-17 ans;Hommes et Femmes;330.492734622528;76;Occitanie
2023;66;Pyrénées-Orientales;25-44 ans;Hommes et Femmes;524.864631432083;76;Occitanie
2024;66;Pyrénées-Orientales;18-24 ans;Hommes;286.916602907422;76;Occitanie
2024;66;Pyrénées-Orientales;25-44 ans;Hommes;421.62012717721905;76;Occitanie
2024;66;Pyrénées-Orientales;Tous;Hommes;249.53814762732;76;Occitanie
2024;66;Pyrénées-Orientales;Tous;Femmes;627.555952115399;76;Occitanie
2024;66;Pyrénées-Orientales;Tous;Hommes et Femmes;431.395273968193;76;Occitanie
2020;67;Bas-Rhin;18-24 ans;Hommes;864.768152676308;44;Grand Est
2020;67;Bas-Rhin;Tous;Hommes;489.040258492708;44;Grand Est
2020;67;Bas-Rhin;25-44 ans;Femmes;1010.9018830525301;44;Grand Est
2020;67;Bas-Rhin;45-64 ans;Femmes;956.036287508723;44;Grand Est
2020;67;Bas-Rhin;65 ans et plus;Femmes;270.221581696992;44;Grand Est
2020;67;Bas-Rhin;Tous;Femmes;746.029199422429;44;Grand Est
2020;67;Bas-Rhin;00-17 ans;Hommes et Femmes;393.849473968168;44;Grand Est
2020;67;Bas-Rhin;18-24 ans;Hommes et Femmes;1279.69348659004;44;Grand Est
2021;67;Bas-Rhin;25-44 ans;Hommes;752.4090289083471;44;Grand Est
2021;67;Bas-Rhin;Tous;Hommes;404.869815864828;44;Grand Est
2021;67;Bas-Rhin;Tous;Hommes et Femmes;599.1084636971719;44;Grand Est
2022;67;Bas-Rhin;18-24 ans;Hommes;607.7753327045999;44;Grand Est
2022;67;Bas-Rhin;25-44 ans;Hommes;817.8913738019171;44;Grand Est
2022;67;Bas-Rhin;45-64 ans;Hommes;603.847774189018;44;Grand Est
2022;67;Bas-Rhin;00-17 ans;Femmes;627.1464835000751;44;Grand Est
2022;67;Bas-Rhin;25-44 ans;Femmes;1151.1615793311798;44;Grand Est
2022;67;Bas-Rhin;Tous;Femmes;892.2138549757699;44;Grand Est
2022;67;Bas-Rhin;25-44 ans;Hommes et Femmes;967.7570531446249;44;Grand Est
2022;67;Bas-Rhin;Tous;Hommes et Femmes;650.401885881451;44;Grand Est
2023;67;Bas-Rhin;00-17 ans;Hommes;88.8008470234639;44;Grand Est
2023;67;Bas-Rhin;65 ans et plus;Femmes;320.397436820505;44;Grand Est
2023;67;Bas-Rhin;25-44 ans;Hommes et Femmes;856.825642015833;44;Grand Est
2024;67;Bas-Rhin;45-64 ans;Hommes;505.63183425141796;44;Grand Est
2024;67;Bas-Rhin;Tous;Hommes;372.968578444931;44;Grand Est
2024;67;Bas-Rhin;00-17 ans;Femmes;885.310259183592;44;Grand Est
2024;67;Bas-Rhin;18-24 ans;Femmes;2448.35501147666;44;Grand Est
2024;67;Bas-Rhin;Tous;Femmes;857.3461401636431;44;Grand Est
2024;67;Bas-Rhin;25-44 ans;Hommes et Femmes;783.680306293372;44;Grand Est
2020;68;Haut-Rhin;18-24 ans;Hommes;875.0206372791811;44;Grand Est
2020;68;Haut-Rhin;65 ans et plus;Hommes;198.66046089226901;44;Grand Est
2020;68;Haut-Rhin;00-17 ans;Femmes;595.238095238095;44;Grand Est
2020;68;Haut-Rhin;65 ans et plus;Hommes et Femmes;250.492991525875;44;Grand Est
2021;68;Haut-Rhin;25-44 ans;Hommes;654.631002915154;44;Grand Est
2021;68;Haut-Rhin;45-64 ans;Hommes;584.360390990225;44;Grand Est
2021;68;Haut-Rhin;65 ans et plus;Hommes;153.708845696152;44;Grand Est
2021;68;Haut-Rhin;45-64 ans;Femmes;860.4446677553071;44;Grand Est
2021;68;Haut-Rhin;65 ans et plus;Femmes;327.33938547485997;44;Grand Est
2021;68;Haut-Rhin;Tous;Femmes;644.3497763168821;44;Grand Est
2021;68;Haut-Rhin;18-24 ans;Hommes et Femmes;775.566231983528;44;Grand Est
2021;68;Haut-Rhin;25-44 ans;Hommes et Femmes;670.369123751823;44;Grand Est
2021;68;Haut-Rhin;45-64 ans;Hommes et Femmes;710.8731940367239;44;Grand Est
2022;68;Haut-Rhin;00-17 ans;Hommes;153.88141308974198;44;Grand Est
2022;68;Haut-Rhin;25-44 ans;Hommes;512.17626594511;44;Grand Est
2022;68;Haut-Rhin;65 ans et plus;Hommes;82.8428166557663;44;Grand Est
2022;68;Haut-Rhin;Tous;Hommes;311.596909587748;44;Grand Est
2022;68;Haut-Rhin;00-17 ans;Hommes et Femmes;333.724181473798;44;Grand Est
2022;68;Haut-Rhin;18-24 ans;Hommes et Femmes;934.018280072053;44;Grand Est
2022;68;Haut-Rhin;45-64 ans;Hommes et Femmes;547.420281921445;44;Grand Est
2022;68;Haut-Rhin;65 ans et plus;Hommes et Femmes;143.57796283381902;44;Grand Est
2022;68;Haut-Rhin;Tous;Hommes et Femmes;416.37967197153694;44;Grand Est
2023;68;Haut-Rhin;00-17 ans;Hommes;141.462236483456;44;Grand Est
2023;68;Haut-Rhin;18-24 ans;Hommes;512.3078845432959;44;Grand Est
2023;68;Haut-Rhin;25-44 ans;Hommes;545.56382634426;44;Grand Est
2023;68;Haut-Rhin;45-64 ans;Hommes;403.93225618065003;44;Grand Est
2023;68;Haut-Rhin;00-17 ans;Femmes;528.612183252224;44;Grand Est
2023;68;Haut-Rhin;25-44 ans;Femmes;572.3535873272821;44;Grand Est
2023;68;Haut-Rhin;25-44 ans;Hommes et Femmes;557.453695378529;44;Grand Est
2023;68;Haut-Rhin;45-64 ans;Hommes et Femmes;505.09036382290304;44;Grand Est
2024;68;Haut-Rhin;25-44 ans;Hommes;461.221565466595;44;Grand Est
2024;68;Haut-Rhin;65 ans et plus;Hommes;63.64106439680201;44;Grand Est
2024;68;Haut-Rhin;00-17 ans;Femmes;541.452505198729;44;Grand Est
2024;68;Haut-Rhin;45-64 ans;Femmes;389.758025226006;44;Grand Est
2024;68;Haut-Rhin;65 ans et plus;Femmes;168.379696214965;44;Grand Est
2024;68;Haut-Rhin;Tous;Femmes;451.561608089375;44;Grand Est
2024;68;Haut-Rhin;45-64 ans;Hommes et Femmes;361.5728418621;44;Grand Est
2024;68;Haut-Rhin;65 ans et plus;Hommes et Femmes;119.29615269907501;44;Grand Est
2020;69;Rhône;00-17 ans;Hommes;136.996178527652;84;Auvergne et Rhône-Alpes
2020;69;Rhône;Tous;Hommes;357.989477133001;84;Auvergne et Rhône-Alpes
2020;69;Rhône;45-64 ans;Femmes;991.740430444951;84;Auvergne et Rhône-Alpes
2020;69;Rhône;65 ans et plus;Femmes;265.874257116046;84;Auvergne et Rhône-Alpes
2020;69;Rhône;00-17 ans;Hommes et Femmes;267.408916944182;84;Auvergne et Rhône-Alpes
2020;69;Rhône;18-24 ans;Hommes et Femmes;900.5426646706591;84;Auvergne et Rhône-Alpes
2020;69;Rhône;45-64 ans;Hommes et Femmes;741.270474330587;84;Auvergne et Rhône-Alpes
2021;69;Rhône;00-17 ans;Hommes;122.82130190580001;84;Auvergne et Rhône-Alpes
2021;69;Rhône;25-44 ans;Femmes;556.99189672225;84;Auvergne et Rhône-Alpes
2021;69;Rhône;45-64 ans;Femmes;715.74888540788;84;Auvergne et Rhône-Alpes
2021;69;Rhône;65 ans et plus;Femmes;225.83732057416302;84;Auvergne et Rhône-Alpes
2021;69;Rhône;Tous;Femmes;604.678743537705;84;Auvergne et Rhône-Alpes
2021;69;Rhône;25-44 ans;Hommes et Femmes;453.51292551829994;84;Auvergne et Rhône-Alpes
2021;69;Rhône;Tous;Hommes et Femmes;427.325528832921;84;Auvergne et Rhône-Alpes
2022;69;Rhône;00-17 ans;Hommes;95.5809334657398;84;Auvergne et Rhône-Alpes
2022;69;Rhône;65 ans et plus;Hommes;132.467040938624;84;Auvergne et Rhône-Alpes
2022;69;Rhône;65 ans et plus;Femmes;224.250325945241;84;Auvergne et Rhône-Alpes
2022;69;Rhône;Tous;Femmes;621.727371008883;84;Auvergne et Rhône-Alpes
2022;69;Rhône;65 ans et plus;Hommes et Femmes;182.691850230744;84;Auvergne et Rhône-Alpes
2023;69;Rhône;18-24 ans;Hommes;540.255633153248;84;Auvergne et Rhône-Alpes
2023;69;Rhône;Tous;Hommes;278.13188086684397;84;Auvergne et Rhône-Alpes
2023;69;Rhône;45-64 ans;Femmes;581.671683679243;84;Auvergne et Rhône-Alpes
2024;69;Rhône;00-17 ans;Hommes;147.199013065665;84;Auvergne et Rhône-Alpes
2024;69;Rhône;25-44 ans;Hommes;387.246311266889;84;Auvergne et Rhône-Alpes
2024;69;Rhône;45-64 ans;Hommes;322.083195065295;84;Auvergne et Rhône-Alpes
2024;69;Rhône;18-24 ans;Femmes;1706.2689585439798;84;Auvergne et Rhône-Alpes
2024;69;Rhône;45-64 ans;Femmes;596.259437199725;84;Auvergne et Rhône-Alpes
2024;69;Rhône;Tous;Hommes et Femmes;474.474854881856;84;Auvergne et Rhône-Alpes
2020;70;Haute-Saône;65 ans et plus;Hommes;260.496475635918;27;Bourgogne et Franche-Comté
2020;70;Haute-Saône;00-17 ans;Femmes;821.0180623973731;27;Bourgogne et Franche-Comté
2020;70;Haute-Saône;18-24 ans;Femmes;1342.6423200859301;27;Bourgogne et Franche-Comté
2020;70;Haute-Saône;45-64 ans;Femmes;1749.7231450719798;27;Bourgogne et Franche-Comté
2020;70;Haute-Saône;Tous;Femmes;940.672441091553;27;Bourgogne et Franche-Comté
2020;70;Haute-Saône;45-64 ans;Hommes et Femmes;1220.0;27;Bourgogne et Franche-Comté
2021;70;Haute-Saône;18-24 ans;Hommes;720.720720720721;27;Bourgogne et Franche-Comté
2021;70;Haute-Saône;25-44 ans;Hommes;718.3071248301301;27;Bourgogne et Franche-Comté
2021;70;Haute-Saône;45-64 ans;Hommes;629.9212598425199;27;Bourgogne et Franche-Comté
2021;70;Haute-Saône;Tous;Hommes;446.710942441493;27;Bourgogne et Franche-Comté
2021;70;Haute-Saône;00-17 ans;Femmes;825.498738821371;27;Bourgogne et Franche-Comté
2021;70;Haute-Saône;18-24 ans;Femmes;1256.9130216189;27;Bourgogne et Franche-Comté
2021;70;Haute-Saône;45-64 ans;Femmes;1479.60262101036;27;Bourgogne et Franche-Comté
2021;70;Haute-Saône;Tous;Femmes;845.965560183794;27;Bourgogne et Franche-Comté
2021;70;Haute-Saône;18-24 ans;Hommes et Femmes;974.103112378237;27;Bourgogne et Franche-Comté
2021;70;Haute-Saône;65 ans et plus;Hommes et Femmes;176.794133053955;27;Bourgogne et Franche-Comté
2021;70;Haute-Saône;Tous;Hommes et Femmes;638.0438809533609;27;Bourgogne et Franche-Comté
2022;70;Haute-Saône;18-24 ans;Hommes;532.1326238231679;27;Bourgogne et Franche-Comté
2022;70;Haute-Saône;45-64 ans;Hommes;556.398583712696;27;Bourgogne et Franche-Comté
2022;70;Haute-Saône;Tous;Hommes;352.074334869878;27;Bourgogne et Franche-Comté
2022;70;Haute-Saône;00-17 ans;Femmes;901.454619954927;27;Bourgogne et Franche-Comté
2022;70;Haute-Saône;25-44 ans;Femmes;1047.61904761905;27;Bourgogne et Franche-Comté
2022;70;Haute-Saône;45-64 ans;Femmes;1469.38775510204;27;Bourgogne et Franche-Comté
2022;70;Haute-Saône;Tous;Hommes et Femmes;592.5982566141611;27;Bourgogne et Franche-Comté
2023;70;Haute-Saône;25-44 ans;Hommes;788.515972503033;27;Bourgogne et Franche-Comté
2023;70;Haute-Saône;45-64 ans;Hommes;553.79746835443;27;Bourgogne et Franche-Comté
2023;70;Haute-Saône;25-44 ans;Femmes;1092.75730622618;27;Bourgogne et Franche-Comté
2023;70;Haute-Saône;00-17 ans;Hommes et Femmes;833.333333333333;27;Bourgogne et Franche-Comté
2023;70;Haute-Saône;18-24 ans;Hommes et Femmes;1529.28978745464;27;Bourgogne et Franche-Comté
2023;70;Haute-Saône;25-44 ans;Hommes et Femmes;923.319446008332;27;Bourgogne et Franche-Comté
2023;70;Haute-Saône;65 ans et plus;Hommes et Femmes;164.556962025316;27;Bourgogne et Franche-Comté
2023;70;Haute-Saône;Tous;Hommes et Femmes;674.547089811127;27;Bourgogne et Franche-Comté
2024;70;Haute-Saône;00-17 ans;Hommes;340.754202635166;27;Bourgogne et Franche-Comté
2024;70;Haute-Saône;25-44 ans;Hommes et Femmes;964.0561771006899;27;Bourgogne et Franche-Comté
2020;71;Saône-et-Loire;18-24 ans;Femmes;1125.26890617243;27;Bourgogne et Franche-Comté
2020;71;Saône-et-Loire;25-44 ans;Femmes;871.506770383175;27;Bourgogne et Franche-Comté
2020;71;Saône-et-Loire;Tous;Femmes;735.6235457343951;27;Bourgogne et Franche-Comté
2020;71;Saône-et-Loire;00-17 ans;Hommes et Femmes;301.25413405809;27;Bourgogne et Franche-Comté
2021;71;Saône-et-Loire;00-17 ans;Hommes;114.839862192165;27;Bourgogne et Franche-Comté
2021;71;Saône-et-Loire;25-44 ans;Hommes;595.203698353077;27;Bourgogne et Franche-Comté
2021;71;Saône-et-Loire;00-17 ans;Femmes;560.728947631921;27;Bourgogne et Franche-Comté
2021;71;Saône-et-Loire;18-24 ans;Femmes;1234.03644712297;27;Bourgogne et Franche-Comté
2021;71;Saône-et-Loire;25-44 ans;Femmes;933.2776152667501;27;Bourgogne et Franche-Comté
2021;71;Saône-et-Loire;45-64 ans;Femmes;1196.63170335352;27;Bourgogne et Franche-Comté
2021;71;Saône-et-Loire;65 ans et plus;Femmes;295.02421840598896;27;Bourgogne et Franche-Comté
2022;71;Saône-et-Loire;18-24 ans;Hommes;449.606594230049;27;Bourgogne et Franche-Comté
2022;71;Saône-et-Loire;45-64 ans;Hommes;619.325356262402;27;Bourgogne et Franche-Comté
2022;71;Saône-et-Loire;65 ans et plus;Hommes;160.60462919225301;27;Bourgogne et Franche-Comté
2022;71;Saône-et-Loire;00-17 ans;Femmes;430.543244269976;27;Bourgogne et Franche-Comté
2022;71;Saône-et-Loire;45-64 ans;Femmes;1176.38671039498;27;Bourgogne et Franche-Comté
2022;71;Saône-et-Loire;65 ans et plus;Femmes;302.807103690973;27;Bourgogne et Franche-Comté
2022;71;Saône-et-Loire;Tous;Femmes;673.24159924408;27;Bourgogne et Franche-Comté
2022;71;Saône-et-Loire;00-17 ans;Hommes et Femmes;250.766767616365;27;Bourgogne et Franche-Comté
2022;71;Saône-et-Loire;25-44 ans;Hommes et Femmes;622.180284846519;27;Bourgogne et Franche-Comté
2022;71;Saône-et-Loire;45-64 ans;Hommes et Femmes;874.160088720725;27;Bourgogne et Franche-Comté
2023;71;Saône-et-Loire;18-24 ans;Hommes;491.498405951116;27;Bourgogne et Franche-Comté
2023;71;Saône-et-Loire;25-44 ans;Hommes;393.274437161585;27;Bourgogne et Franche-Comté
2023;71;Saône-et-Loire;18-24 ans;Femmes;1659.8166297818502;27;Bourgogne et Franche-Comté
2023;71;Saône-et-Loire;18-24 ans;Hommes et Femmes;1024.97473653818;27;Bourgogne et Franche-Comté
2023;71;Saône-et-Loire;25-44 ans;Hommes et Femmes;520.398329585609;27;Bourgogne et Franche-Comté
2023;71;Saône-et-Loire;45-64 ans;Hommes et Femmes;719.253604749788;27;Bourgogne et Franche-Comté
2023;71;Saône-et-Loire;Tous;Hommes et Femmes;466.738784291323;27;Bourgogne et Franche-Comté
2024;71;Saône-et-Loire;18-24 ans;Hommes;644.972148929932;27;Bourgogne et Franche-Comté
2024;71;Saône-et-Loire;65 ans et plus;Hommes;124.45837558772;27;Bourgogne et Franche-Comté
2024;71;Saône-et-Loire;Tous;Hommes;290.903930750674;27;Bourgogne et Franche-Comté
2024;71;Saône-et-Loire;18-24 ans;Femmes;1758.75228140037;27;Bourgogne et Franche-Comté
2024;71;Saône-et-Loire;Tous;Femmes;664.902037766436;27;Bourgogne et Franche-Comté
2024;71;Saône-et-Loire;18-24 ans;Hommes et Femmes;1167.4060238150798;27;Bourgogne et Franche-Comté
2024;71;Saône-et-Loire;Tous;Hommes et Femmes;471.487540131478;27;Bourgogne et Franche-Comté
2020;72;Sarthe;45-64 ans;Hommes;870.1105275534999;52;Pays de la Loire
2020;72;Sarthe;65 ans et plus;Hommes;174.23937809945;52;Pays de la Loire
2020;72;Sarthe;Tous;Hommes;622.376137347469;52;Pays de la Loire
2020;72;Sarthe;00-17 ans;Femmes;717.3393232374469;52;Pays de la Loire
2020;72;Sarthe;Tous;Femmes;993.429422939505;52;Pays de la Loire
2020;72;Sarthe;65 ans et plus;Hommes et Femmes;232.06051656068198;52;Pays de la Loire
2021;72;Sarthe;18-24 ans;Hommes;712.830957230143;52;Pays de la Loire
2021;72;Sarthe;25-44 ans;Hommes;881.5980359334899;52;Pays de la Loire
2021;72;Sarthe;65 ans et plus;Hommes;81.0720587533979;52;Pays de la Loire
2021;72;Sarthe;00-17 ans;Femmes;718.082098835237;52;Pays de la Loire
2021;72;Sarthe;18-24 ans;Femmes;1593.83716296985;52;Pays de la Loire
2021;72;Sarthe;25-44 ans;Femmes;846.8925046679111;52;Pays de la Loire
2021;72;Sarthe;45-64 ans;Femmes;991.624790619765;52;Pays de la Loire
2021;72;Sarthe;65 ans et plus;Femmes;307.334496220616;52;Pays de la Loire
2021;72;Sarthe;Tous;Hommes et Femmes;593.525945475885;52;Pays de la Loire
2022;72;Sarthe;65 ans et plus;Hommes;138.924620529972;52;Pays de la Loire
2022;72;Sarthe;00-17 ans;Femmes;815.233561440048;52;Pays de la Loire
2022;72;Sarthe;18-24 ans;Femmes;1638.5694028675;52;Pays de la Loire
2022;72;Sarthe;25-44 ans;Hommes et Femmes;844.4757213230121;52;Pays de la Loire
2022;72;Sarthe;65 ans et plus;Hommes et Femmes;206.11144397843;52;Pays de la Loire
2023;72;Sarthe;00-17 ans;Hommes;172.730818521201;52;Pays de la Loire
2023;72;Sarthe;18-24 ans;Hommes;809.3953340739571;52;Pays de la Loire
2023;72;Sarthe;25-44 ans;Hommes;925.3547193090681;52;Pays de la Loire
2023;72;Sarthe;Tous;Hommes;471.592185043791;52;Pays de la Loire
2023;72;Sarthe;00-17 ans;Femmes;931.6978349755351;52;Pays de la Loire
2023;72;Sarthe;25-44 ans;Femmes;1015.49053356282;52;Pays de la Loire
2023;72;Sarthe;Tous;Femmes;903.9914700292061;52;Pays de la Loire
2023;72;Sarthe;00-17 ans;Hommes et Femmes;517.2361335077741;52;Pays de la Loire
2023;72;Sarthe;18-24 ans;Hommes et Femmes;1516.5557334232;52;Pays de la Loire
2023;72;Sarthe;25-44 ans;Hommes et Femmes;965.317257430654;52;Pays de la Loire
2024;72;Sarthe;18-24 ans;Hommes;875.0206372791811;52;Pays de la Loire
2024;72;Sarthe;Tous;Hommes;474.42244224422404;52;Pays de la Loire
2024;72;Sarthe;18-24 ans;Femmes;2197.61204360616;52;Pays de la Loire
2024;72;Sarthe;25-44 ans;Femmes;1090.63868462365;52;Pays de la Loire
2024;72;Sarthe;45-64 ans;Femmes;1211.76667223801;52;Pays de la Loire
2024;72;Sarthe;Tous;Femmes;935.3218916285689;52;Pays de la Loire
2024;72;Sarthe;65 ans et plus;Hommes et Femmes;228.771690720144;52;Pays de la Loire
2024;72;Sarthe;Tous;Hommes et Femmes;694.932514809449;52;Pays de la Loire
2020;73;Savoie;00-17 ans;Hommes;138.236107271219;84;Auvergne et Rhône-Alpes
2020;73;Savoie;65 ans et plus;Hommes;48.344210780759;84;Auvergne et Rhône-Alpes
2020;73;Savoie;18-24 ans;Femmes;381.679389312977;84;Auvergne et Rhône-Alpes
2020;73;Savoie;25-44 ans;Femmes;314.617618586641;84;Auvergne et Rhône-Alpes
2020;73;Savoie;45-64 ans;Hommes et Femmes;234.19203747072598;84;Auvergne et Rhône-Alpes
2021;73;Savoie;25-44 ans;Hommes;233.553912028026;84;Auvergne et Rhône-Alpes
2021;73;Savoie;00-17 ans;Femmes;343.72135655362104;84;Auvergne et Rhône-Alpes
2021;73;Savoie;18-24 ans;Femmes;541.044776119403;84;Auvergne et Rhône-Alpes
2021;73;Savoie;00-17 ans;Hommes et Femmes;192.717314129222;84;Auvergne et Rhône-Alpes
2021;73;Savoie;25-44 ans;Hommes et Femmes;278.763304612266;84;Auvergne et Rhône-Alpes
2022;73;Savoie;00-17 ans;Hommes;47.105621270804996;84;Auvergne et Rhône-Alpes
2022;73;Savoie;25-44 ans;Hommes;229.130864969015;84;Auvergne et Rhône-Alpes
2022;73;Savoie;Tous;Hommes;143.18729903537;84;Auvergne et Rhône-Alpes
2022;73;Savoie;18-24 ans;Femmes;762.1512798389421;84;Auvergne et Rhône-Alpes
2022;73;Savoie;65 ans et plus;Femmes;84.09485900095311;84;Auvergne et Rhône-Alpes
2022;73;Savoie;18-24 ans;Hommes et Femmes;431.965442764579;84;Auvergne et Rhône-Alpes
2022;73;Savoie;45-64 ans;Hommes et Femmes;265.29542774793697;84;Auvergne et Rhône-Alpes
2022;73;Savoie;65 ans et plus;Hommes et Femmes;70.3049477106951;84;Auvergne et Rhône-Alpes
2023;73;Savoie;25-44 ans;Hommes;235.548140151143;84;Auvergne et Rhône-Alpes
2023;73;Savoie;Tous;Hommes;161.950119363236;84;Auvergne et Rhône-Alpes
2023;73;Savoie;00-17 ans;Femmes;220.91775547560403;84;Auvergne et Rhône-Alpes
2023;73;Savoie;18-24 ans;Femmes;905.923344947735;84;Auvergne et Rhône-Alpes
2023;73;Savoie;45-64 ans;Femmes;265.84580943053;84;Auvergne et Rhône-Alpes
2023;73;Savoie;65 ans et plus;Femmes;116.673737802291;84;Auvergne et Rhône-Alpes
2023;73;Savoie;00-17 ans;Hommes et Femmes;151.685393258427;84;Auvergne et Rhône-Alpes
2023;73;Savoie;Tous;Hommes et Femmes;235.741199961354;84;Auvergne et Rhône-Alpes
2024;73;Savoie;00-17 ans;Hommes;120.85468432756501;84;Auvergne et Rhône-Alpes
2024;73;Savoie;18-24 ans;Hommes;381.721016468535;84;Auvergne et Rhône-Alpes
2024;73;Savoie;45-64 ans;Hommes;242.230582899552;84;Auvergne et Rhône-Alpes
2024;73;Savoie;65 ans et plus;Hommes;93.603744149766;84;Auvergne et Rhône-Alpes
2024;73;Savoie;25-44 ans;Femmes;472.557503985425;84;Auvergne et Rhône-Alpes
2024;73;Savoie;45-64 ans;Hommes et Femmes;258.079316376566;84;Auvergne et Rhône-Alpes
2024;73;Savoie;65 ans et plus;Hommes et Femmes;100.71977792517299;84;Auvergne et Rhône-Alpes
2024;73;Savoie;Tous;Hommes et Femmes;288.060510379604;84;Auvergne et Rhône-Alpes
2020;74;Haute-Savoie;18-24 ans;Hommes;297.425411283577;84;Auvergne et Rhône-Alpes
2020;74;Haute-Savoie;Tous;Hommes;194.755455597386;84;Auvergne et Rhône-Alpes
2020;74;Haute-Savoie;65 ans et plus;Femmes;169.60012060453;84;Auvergne et Rhône-Alpes
2020;74;Haute-Savoie;Tous;Femmes;352.763018531;84;Auvergne et Rhône-Alpes
2020;74;Haute-Savoie;18-24 ans;Hommes et Femmes;452.69986465674197;84;Auvergne et Rhône-Alpes
2020;74;Haute-Savoie;45-64 ans;Hommes et Femmes;354.84678968022;84;Auvergne et Rhône-Alpes
2020;74;Haute-Savoie;Tous;Hommes et Femmes;270.923799516388;84;Auvergne et Rhône-Alpes
2021;74;Haute-Savoie;18-24 ans;Femmes;529.61001444391;84;Auvergne et Rhône-Alpes
2021;74;Haute-Savoie;65 ans et plus;Femmes;175.923598894195;84;Auvergne et Rhône-Alpes
2021;74;Haute-Savoie;25-44 ans;Hommes et Femmes;249.99660330702;84;Auvergne et Rhône-Alpes
2021;74;Haute-Savoie;45-64 ans;Hommes et Femmes;337.857631090714;84;Auvergne et Rhône-Alpes
2021;74;Haute-Savoie;65 ans et plus;Hommes et Femmes;136.601508388487;84;Auvergne et Rhône-Alpes
2021;74;Haute-Savoie;Tous;Hommes et Femmes;251.245994022206;84;Auvergne et Rhône-Alpes
2022;74;Haute-Savoie;45-64 ans;Hommes;236.484028232555;84;Auvergne et Rhône-Alpes
2022;74;Haute-Savoie;45-64 ans;Femmes;426.214288728531;84;Auvergne et Rhône-Alpes
2022;74;Haute-Savoie;65 ans et plus;Hommes et Femmes;122.249388753056;84;Auvergne et Rhône-Alpes
2023;74;Haute-Savoie;00-17 ans;Femmes;520.588432860885;84;Auvergne et Rhône-Alpes
2023;74;Haute-Savoie;45-64 ans;Femmes;466.44325695136297;84;Auvergne et Rhône-Alpes
2023;74;Haute-Savoie;45-64 ans;Hommes et Femmes;320.60623724861597;84;Auvergne et Rhône-Alpes
2023;74;Haute-Savoie;Tous;Hommes et Femmes;285.136344186408;84;Auvergne et Rhône-Alpes
2024;74;Haute-Savoie;00-17 ans;Hommes;96.37461379290801;84;Auvergne et Rhône-Alpes
2024;74;Haute-Savoie;45-64 ans;Hommes;227.531285551763;84;Auvergne et Rhône-Alpes
2024;74;Haute-Savoie;65 ans et plus;Hommes;68.0190453326932;84;Auvergne et Rhône-Alpes
2024;74;Haute-Savoie;18-24 ans;Femmes;702.98769771529;84;Auvergne et Rhône-Alpes
2024;74;Haute-Savoie;Tous;Femmes;375.872706608216;84;Auvergne et Rhône-Alpes
2024;74;Haute-Savoie;00-17 ans;Hommes et Femmes;259.804528021774;84;Auvergne et Rhône-Alpes
2024;74;Haute-Savoie;18-24 ans;Hommes et Femmes;491.87047410848504;84;Auvergne et Rhône-Alpes
2024;74;Haute-Savoie;65 ans et plus;Hommes et Femmes;123.219386516812;84;Auvergne et Rhône-Alpes
2020;75;Paris;00-17 ans;Hommes;227.21678374642602;11;Île-de-France
2020;75;Paris;25-44 ans;Hommes;376.89250202595804;11;Île-de-France
2020;75;Paris;45-64 ans;Hommes;333.17111518736203;11;Île-de-France
2020;75;Paris;65 ans et plus;Hommes;87.17340242632639;11;Île-de-France
2020;75;Paris;25-44 ans;Femmes;601.606823287515;11;Île-de-France
2020;75;Paris;65 ans et plus;Femmes;212.738799302217;11;Île-de-France
2020;75;Paris;00-17 ans;Hommes et Femmes;326.322251300443;11;Île-de-France
2021;75;Paris;00-17 ans;Hommes;157.260848441455;11;Île-de-France
2021;75;Paris;65 ans et plus;Hommes;109.09722050036;11;Île-de-France
2021;75;Paris;00-17 ans;Femmes;443.143277660459;11;Île-de-France
2021;75;Paris;45-64 ans;Femmes;459.76414359187504;11;Île-de-France
2021;75;Paris;65 ans et plus;Femmes;190.49231680988902;11;Île-de-France
2021;75;Paris;18-24 ans;Hommes et Femmes;740.252608456892;11;Île-de-France
2021;75;Paris;25-44 ans;Hommes et Femmes;448.590260571021;11;Île-de-France
2021;75;Paris;65 ans et plus;Hommes et Femmes;152.99423417251802;11;Île-de-France
2021;75;Paris;Tous;Hommes et Femmes;361.646139041092;11;Île-de-France
2022;75;Paris;00-17 ans;Hommes;101.41599693838499;11;Île-de-France
2022;75;Paris;65 ans et plus;Hommes;70.48458149779741;11;Île-de-France
2022;75;Paris;65 ans et plus;Femmes;111.758842540852;11;Île-de-France
2022;75;Paris;00-17 ans;Hommes et Femmes;222.304557243424;11;Île-de-France
2023;75;Paris;00-17 ans;Hommes;121.658362161076;11;Île-de-France
2023;75;Paris;18-24 ans;Hommes;410.167174196756;11;Île-de-France
2023;75;Paris;00-17 ans;Femmes;379.117714040752;11;Île-de-France
2023;75;Paris;65 ans et plus;Femmes;86.6613706940131;11;Île-de-France
2023;75;Paris;Tous;Femmes;372.374335921537;11;Île-de-France
2023;75;Paris;25-44 ans;Hommes et Femmes;302.16166223381305;11;Île-de-France
2023;75;Paris;45-64 ans;Hommes et Femmes;219.79913018991903;11;Île-de-France
2023;75;Paris;65 ans et plus;Hommes et Femmes;73.6337071858747;11;Île-de-France
2023;75;Paris;Tous;Hommes et Femmes;269.471252890951;11;Île-de-France
2024;75;Paris;18-24 ans;Hommes;343.445907269605;11;Île-de-France
2024;75;Paris;65 ans et plus;Hommes;74.9195013868078;11;Île-de-France
2024;75;Paris;18-24 ans;Femmes;938.953052347383;11;Île-de-France
2024;75;Paris;25-44 ans;Femmes;391.352460122534;11;Île-de-France
2024;75;Paris;45-64 ans;Femmes;235.47622184165502;11;Île-de-France
2024;75;Paris;18-24 ans;Hommes et Femmes;649.681332078209;11;Île-de-France
2020;76;Seine-Maritime;18-24 ans;Hommes;403.76850605652794;28;Normandie
2020;76;Seine-Maritime;25-44 ans;Hommes;543.067113368637;28;Normandie
2020;76;Seine-Maritime;65 ans et plus;Hommes;99.55862343609991;28;Normandie
2020;76;Seine-Maritime;18-24 ans;Femmes;853.987414922306;28;Normandie
2020;76;Seine-Maritime;25-44 ans;Femmes;692.640692640693;28;Normandie
2020;76;Seine-Maritime;65 ans et plus;Femmes;211.399300756159;28;Normandie
2020;76;Seine-Maritime;65 ans et plus;Hommes et Femmes;161.105061384012;28;Normandie
2021;76;Seine-Maritime;00-17 ans;Hommes;118.12217664054101;28;Normandie
2021;76;Seine-Maritime;18-24 ans;Hommes;434.69041560644604;28;Normandie
2021;76;Seine-Maritime;25-44 ans;Hommes;490.14220717849497;28;Normandie
2021;76;Seine-Maritime;65 ans et plus;Hommes;101.701437563563;28;Normandie
2021;76;Seine-Maritime;00-17 ans;Femmes;325.815443652029;28;Normandie
2021;76;Seine-Maritime;25-44 ans;Femmes;545.353084415584;28;Normandie
2021;76;Seine-Maritime;18-24 ans;Hommes et Femmes;684.139041199255;28;Normandie
2022;76;Seine-Maritime;18-24 ans;Hommes;283.797729618163;28;Normandie
2022;76;Seine-Maritime;65 ans et plus;Hommes;80.8461901232904;28;Normandie
2022;76;Seine-Maritime;Tous;Hommes;190.98454983962202;28;Normandie
2022;76;Seine-Maritime;65 ans et plus;Hommes et Femmes;133.240468764195;28;Normandie
2023;76;Seine-Maritime;25-44 ans;Hommes;254.702846678875;28;Normandie
2023;76;Seine-Maritime;18-24 ans;Femmes;603.5665294924551;28;Normandie
2023;76;Seine-Maritime;25-44 ans;Hommes et Femmes;291.32113239919903;28;Normandie
2023;76;Seine-Maritime;Tous;Hommes et Femmes;242.36854612397698;28;Normandie
2024;76;Seine-Maritime;65 ans et plus;Hommes;72.249860660983;28;Normandie
2024;76;Seine-Maritime;25-44 ans;Femmes;352.790250160359;28;Normandie
2024;76;Seine-Maritime;65 ans et plus;Femmes;146.84039967593802;28;Normandie
2024;76;Seine-Maritime;Tous;Hommes et Femmes;261.621458901071;28;Normandie
2020;77;Seine-et-Marne;00-17 ans;Hommes;300.78563411896704;11;Île-de-France
2020;77;Seine-et-Marne;65 ans et plus;Hommes;122.72950417280299;11;Île-de-France
2020;77;Seine-et-Marne;45-64 ans;Femmes;690.018435607058;11;Île-de-France
2020;77;Seine-et-Marne;00-17 ans;Hommes et Femmes;409.212028930339;11;Île-de-France
2020;77;Seine-et-Marne;18-24 ans;Hommes et Femmes;539.634306072196;11;Île-de-France
2020;77;Seine-et-Marne;45-64 ans;Hommes et Femmes;485.60613606933;11;Île-de-France
2021;77;Seine-et-Marne;25-44 ans;Hommes;317.20363229257396;11;Île-de-France
2021;77;Seine-et-Marne;65 ans et plus;Hommes;102.219626168224;11;Île-de-France
2021;77;Seine-et-Marne;25-44 ans;Femmes;472.91357201321705;11;Île-de-France
2021;77;Seine-et-Marne;00-17 ans;Hommes et Femmes;444.028978733349;11;Île-de-France
2021;77;Seine-et-Marne;45-64 ans;Hommes et Femmes;473.586861521576;11;Île-de-France
2021;77;Seine-et-Marne;65 ans et plus;Hommes et Femmes;173.496727719946;11;Île-de-France
2021;77;Seine-et-Marne;Tous;Hommes et Femmes;408.09926260685006;11;Île-de-France
2022;77;Seine-et-Marne;18-24 ans;Hommes;412.146190678223;11;Île-de-France
2022;77;Seine-et-Marne;45-64 ans;Hommes;263.43214451134804;11;Île-de-France
2022;77;Seine-et-Marne;25-44 ans;Femmes;456.641752050344;11;Île-de-France
2022;77;Seine-et-Marne;00-17 ans;Hommes et Femmes;397.48491998001;11;Île-de-France
2022;77;Seine-et-Marne;18-24 ans;Hommes et Femmes;747.58772565269;11;Île-de-France
2022;77;Seine-et-Marne;65 ans et plus;Hommes et Femmes;163.25409660980702;11;Île-de-France
2023;77;Seine-et-Marne;65 ans et plus;Hommes;133.282559025133;11;Île-de-France
2023;77;Seine-et-Marne;Tous;Hommes;224.05128284918501;11;Île-de-France
2023;77;Seine-et-Marne;65 ans et plus;Femmes;206.154081087272;11;Île-de-France
2023;77;Seine-et-Marne;18-24 ans;Hommes et Femmes;752.447477008549;11;Île-de-France
2023;77;Seine-et-Marne;25-44 ans;Hommes et Femmes;361.362200892534;11;Île-de-France
2023;77;Seine-et-Marne;Tous;Hommes et Femmes;352.6186204379;11;Île-de-France
2024;77;Seine-et-Marne;18-24 ans;Hommes;404.61479577888394;11;Île-de-France
2024;77;Seine-et-Marne;45-64 ans;Hommes;244.43652289046202;11;Île-de-France
2024;77;Seine-et-Marne;Tous;Hommes;217.846023346153;11;Île-de-France
2024;77;Seine-et-Marne;25-44 ans;Femmes;367.870071421583;11;Île-de-France
2024;77;Seine-et-Marne;65 ans et plus;Femmes;172.45567160553802;11;Île-de-France
2024;77;Seine-et-Marne;00-17 ans;Hommes et Femmes;300.435515048947;11;Île-de-France
2020;78;Yvelines;18-24 ans;Femmes;954.1984732824429;11;Île-de-France
2020;78;Yvelines;25-44 ans;Femmes;531.114455165088;11;Île-de-France
2020;78;Yvelines;45-64 ans;Femmes;649.2508643872451;11;Île-de-France
2020;78;Yvelines;65 ans et plus;Femmes;273.700776625954;11;Île-de-France
2020;78;Yvelines;00-17 ans;Hommes et Femmes;305.05184340671997;11;Île-de-France
2021;78;Yvelines;18-24 ans;Hommes;258.806613946801;11;Île-de-France
2021;78;Yvelines;65 ans et plus;Hommes;120.94729039054299;11;Île-de-France
2021;78;Yvelines;18-24 ans;Femmes;738.675958188153;11;Île-de-France
2021;78;Yvelines;25-44 ans;Femmes;401.57211209842797;11;Île-de-France
2021;78;Yvelines;00-17 ans;Hommes et Femmes;296.018152708508;11;Île-de-France
2021;78;Yvelines;45-64 ans;Hommes et Femmes;358.786775644504;11;Île-de-France
2022;78;Yvelines;25-44 ans;Hommes;209.755879858973;11;Île-de-France
2022;78;Yvelines;18-24 ans;Femmes;811.6480793060721;11;Île-de-France
2022;78;Yvelines;25-44 ans;Femmes;380.826023930616;11;Île-de-France
2022;78;Yvelines;Tous;Femmes;400.26573658860605;11;Île-de-France
2022;78;Yvelines;45-64 ans;Hommes et Femmes;258.184297173027;11;Île-de-France
2022;78;Yvelines;65 ans et plus;Hommes et Femmes;147.858230050011;11;Île-de-France
2022;78;Yvelines;Tous;Hommes et Femmes;286.654577204648;11;Île-de-France
2023;78;Yvelines;00-17 ans;Hommes;170.072159187541;11;Île-de-France
2023;78;Yvelines;18-24 ans;Hommes;129.087779690189;11;Île-de-France
2023;78;Yvelines;45-64 ans;Hommes;162.752106203727;11;Île-de-France
2023;78;Yvelines;65 ans et plus;Hommes;118.19865253536099;11;Île-de-France
2023;78;Yvelines;Tous;Femmes;395.83844186779703;11;Île-de-France
2023;78;Yvelines;45-64 ans;Hommes et Femmes;258.84952104595;11;Île-de-France
2024;78;Yvelines;00-17 ans;Hommes;150.775765632853;11;Île-de-France
2024;78;Yvelines;18-24 ans;Hommes;300.385400136024;11;Île-de-France
2024;78;Yvelines;25-44 ans;Hommes;199.669364707903;11;Île-de-France
2024;78;Yvelines;65 ans et plus;Hommes;52.844812400916;11;Île-de-France
2024;78;Yvelines;Tous;Hommes;165.000777359285;11;Île-de-France
2024;78;Yvelines;45-64 ans;Femmes;357.907865838779;11;Île-de-France
2020;79;Deux-Sèvres;65 ans et plus;Hommes et Femmes;114.155251141552;75;Nouvelle Aquitaine
2022;79;Deux-Sèvres;Tous;Hommes;218.485594944843;75;Nouvelle Aquitaine
2022;79;Deux-Sèvres;18-24 ans;Hommes et Femmes;427.35042735042697;75;Nouvelle Aquitaine
2022;79;Deux-Sèvres;25-44 ans;Hommes et Femmes;343.099880187343;75;Nouvelle Aquitaine
2023;79;Deux-Sèvres;Tous;Hommes;215.317701268221;75;Nouvelle Aquitaine
2023;79;Deux-Sèvres;00-17 ans;Femmes;862.2571490940841;75;Nouvelle Aquitaine
2023;79;Deux-Sèvres;25-44 ans;Femmes;533.432576603399;75;Nouvelle Aquitaine
2023;79;Deux-Sèvres;65 ans et plus;Hommes et Femmes;128.843841264388;75;Nouvelle Aquitaine
2024;79;Deux-Sèvres;00-17 ans;Hommes;193.162062970833;75;Nouvelle Aquitaine
2024;79;Deux-Sèvres;18-24 ans;Hommes;320.71840923669004;75;Nouvelle Aquitaine
2024;79;Deux-Sèvres;65 ans et plus;Hommes;137.741046831956;75;Nouvelle Aquitaine
2024;79;Deux-Sèvres;25-44 ans;Femmes;505.59768869628004;75;Nouvelle Aquitaine
2024;79;Deux-Sèvres;45-64 ans;Femmes;430.313172364332;75;Nouvelle Aquitaine
2024;79;Deux-Sèvres;25-44 ans;Hommes et Femmes;443.70204102938897;75;Nouvelle Aquitaine
2024;79;Deux-Sèvres;45-64 ans;Hommes et Femmes;395.40886374869604;75;Nouvelle Aquitaine
2024;79;Deux-Sèvres;Tous;Hommes et Femmes;361.784805038188;75;Nouvelle Aquitaine
2020;80;Somme;25-44 ans;Hommes;1472.3664556511799;32;Hauts-de-France
2020;80;Somme;Tous;Hommes;831.191220157926;32;Hauts-de-France
2020;80;Somme;00-17 ans;Femmes;1185.0796528947;32;Hauts-de-France
2021;80;Somme;00-17 ans;Hommes;362.169348553615;32;Hauts-de-France
2021;80;Somme;18-24 ans;Hommes;1053.62690801027;32;Hauts-de-France
2021;80;Somme;00-17 ans;Femmes;1009.74402988842;32;Hauts-de-France
2021;80;Somme;45-64 ans;Femmes;2073.05034550839;32;Hauts-de-France
2021;80;Somme;Tous;Femmes;1304.60136427128;32;Hauts-de-France
2021;80;Somme;18-24 ans;Hommes et Femmes;1810.6500968797998;32;Hauts-de-France
2022;80;Somme;00-17 ans;Hommes;264.651897383361;32;Hauts-de-France
2022;80;Somme;00-17 ans;Femmes;1038.07930729115;32;Hauts-de-France
2022;80;Somme;18-24 ans;Femmes;1843.95383843452;32;Hauts-de-France
2022;80;Somme;65 ans et plus;Femmes;348.790412735322;32;Hauts-de-France
2022;80;Somme;25-44 ans;Hommes et Femmes;1191.85409954015;32;Hauts-de-France
2022;80;Somme;65 ans et plus;Hommes et Femmes;292.583020432048;32;Hauts-de-France
2023;80;Somme;25-44 ans;Hommes;1531.00561735874;32;Hauts-de-France
2023;80;Somme;Tous;Hommes;705.417936769326;32;Hauts-de-France
2023;80;Somme;25-44 ans;Femmes;1691.9564925473298;32;Hauts-de-France
2024;80;Somme;00-17 ans;Hommes;175.139213220765;32;Hauts-de-France
2024;80;Somme;65 ans et plus;Hommes;197.266450612935;32;Hauts-de-France
2024;80;Somme;18-24 ans;Femmes;2269.00839969456;32;Hauts-de-France
2024;80;Somme;45-64 ans;Femmes;1351.77032306071;32;Hauts-de-France
2024;80;Somme;Tous;Femmes;1097.69732012784;32;Hauts-de-France
2024;80;Somme;18-24 ans;Hommes et Femmes;1603.76289244021;32;Hauts-de-France
2024;80;Somme;45-64 ans;Hommes et Femmes;1140.02828854314;32;Hauts-de-France
2020;81;Tarn;00-17 ans;Hommes;141.750141750142;76;Occitanie
2020;81;Tarn;25-44 ans;Hommes;604.390720824816;76;Occitanie
2020;81;Tarn;Tous;Hommes;417.496182615923;76;Occitanie
2020;81;Tarn;00-17 ans;Femmes;708.005024551787;76;Occitanie
2020;81;Tarn;18-24 ans;Femmes;1264.7374062165102;76;Occitanie
2020;81;Tarn;25-44 ans;Femmes;994.871794871795;76;Occitanie
2020;81;Tarn;65 ans et plus;Femmes;300.65768869401796;76;Occitanie
2020;81;Tarn;18-24 ans;Hommes et Femmes;991.894197952218;76;Occitanie
2020;81;Tarn;45-64 ans;Hommes et Femmes;913.9482564679421;76;Occitanie
2020;81;Tarn;65 ans et plus;Hommes et Femmes;267.997722019363;76;Occitanie
2021;81;Tarn;18-24 ans;Hommes;388.316731386122;76;Occitanie
2021;81;Tarn;25-44 ans;Hommes;594.998793921364;76;Occitanie
2021;81;Tarn;00-17 ans;Femmes;1002.39510334427;76;Occitanie
2021;81;Tarn;45-64 ans;Femmes;1347.05332086062;76;Occitanie
2021;81;Tarn;Tous;Femmes;873.6042876284049;76;Occitanie
2021;81;Tarn;25-44 ans;Hommes et Femmes;787.7423822714679;76;Occitanie
2021;81;Tarn;45-64 ans;Hommes et Femmes;995.518014135494;76;Occitanie
2021;81;Tarn;65 ans et plus;Hommes et Femmes;250.543347017629;76;Occitanie
2022;81;Tarn;45-64 ans;Hommes;436.90136111577897;76;Occitanie
2022;81;Tarn;18-24 ans;Femmes;1492.53731343284;76;Occitanie
2022;81;Tarn;Tous;Femmes;862.114467688302;76;Occitanie
2022;81;Tarn;18-24 ans;Hommes et Femmes;1029.28127772848;76;Occitanie
2022;81;Tarn;Tous;Hommes et Femmes;596.187470681052;76;Occitanie
2023;81;Tarn;25-44 ans;Hommes;514.281193132368;76;Occitanie
2023;81;Tarn;18-24 ans;Femmes;1510.40707312581;76;Occitanie
2023;81;Tarn;45-64 ans;Femmes;1248.55078926246;76;Occitanie
2023;81;Tarn;65 ans et plus;Hommes et Femmes;228.866523869605;76;Occitanie
2024;81;Tarn;18-24 ans;Femmes;1889.26300037411;76;Occitanie
2024;81;Tarn;Tous;Femmes;939.5215114488141;76;Occitanie
2024;81;Tarn;45-64 ans;Hommes et Femmes;878.428772685837;76;Occitanie
2020;82;Tarn-et-Garonne;18-24 ans;Hommes;1039.91949010399;76;Occitanie
2020;82;Tarn-et-Garonne;45-64 ans;Hommes;797.031743850488;76;Occitanie
2020;82;Tarn-et-Garonne;65 ans et plus;Hommes;277.10843373494004;76;Occitanie
2020;82;Tarn-et-Garonne;18-24 ans;Femmes;1024.0;76;Occitanie
2020;82;Tarn-et-Garonne;25-44 ans;Femmes;1032.87750945592;76;Occitanie
2020;82;Tarn-et-Garonne;45-64 ans;Femmes;1682.30346166289;76;Occitanie
2020;82;Tarn-et-Garonne;00-17 ans;Hommes et Femmes;345.393316639323;76;Occitanie
2020;82;Tarn-et-Garonne;65 ans et plus;Hommes et Femmes;302.028721221792;76;Occitanie
2020;82;Tarn-et-Garonne;Tous;Hommes et Femmes;700.993733780619;76;Occitanie
2021;82;Tarn-et-Garonne;65 ans et plus;Hommes;210.52631578947398;76;Occitanie
2021;82;Tarn-et-Garonne;Tous;Hommes;434.59974765175906;76;Occitanie
2021;82;Tarn-et-Garonne;45-64 ans;Femmes;935.5995633868711;76;Occitanie
2021;82;Tarn-et-Garonne;45-64 ans;Hommes et Femmes;825.9166963332151;76;Occitanie
2022;82;Tarn-et-Garonne;00-17 ans;Hommes;199.50890116636;76;Occitanie
2022;82;Tarn-et-Garonne;18-24 ans;Hommes;751.314800901578;76;Occitanie
2022;82;Tarn-et-Garonne;25-44 ans;Hommes;1049.70669959864;76;Occitanie
2022;82;Tarn-et-Garonne;00-17 ans;Femmes;1150.10906206623;76;Occitanie
2022;82;Tarn-et-Garonne;45-64 ans;Femmes;1217.4243865322399;76;Occitanie
2023;82;Tarn-et-Garonne;Tous;Hommes;553.752148176437;76;Occitanie
2023;82;Tarn-et-Garonne;18-24 ans;Femmes;3240.98274960795;76;Occitanie
2023;82;Tarn-et-Garonne;65 ans et plus;Hommes et Femmes;276.39579878385797;76;Occitanie
2024;82;Tarn-et-Garonne;Tous;Hommes;347.819439666705;76;Occitanie
2024;82;Tarn-et-Garonne;00-17 ans;Hommes et Femmes;1048.70659519925;76;Occitanie
2024;82;Tarn-et-Garonne;45-64 ans;Hommes et Femmes;714.915287435119;76;Occitanie
2024;82;Tarn-et-Garonne;65 ans et plus;Hommes et Femmes;194.003527336861;76;Occitanie
2020;83;Var;00-17 ans;Hommes;230.55809698078698;93;Provence-Alpes-Côte d'Azur
2020;83;Var;65 ans et plus;Hommes;222.49250941885;93;Provence-Alpes-Côte d'Azur
2020;83;Var;00-17 ans;Femmes;448.5713004082;93;Provence-Alpes-Côte d'Azur
2020;83;Var;45-64 ans;Femmes;1548.2855143457;93;Provence-Alpes-Côte d'Azur
2020;83;Var;Tous;Femmes;825.026366822033;93;Provence-Alpes-Côte d'Azur
2020;83;Var;Tous;Hommes et Femmes;672.986408151806;93;Provence-Alpes-Côte d'Azur
2021;83;Var;18-24 ans;Hommes;788.054749066777;93;Provence-Alpes-Côte d'Azur
2021;83;Var;45-64 ans;Hommes;641.897784754928;93;Provence-Alpes-Côte d'Azur
2021;83;Var;00-17 ans;Femmes;648.80773218287;93;Provence-Alpes-Côte d'Azur
2021;83;Var;18-24 ans;Hommes et Femmes;1007.90431182301;93;Provence-Alpes-Côte d'Azur
2021;83;Var;Tous;Hommes et Femmes;593.24514374237;93;Provence-Alpes-Côte d'Azur
2022;83;Var;18-24 ans;Hommes;570.37557037557;93;Provence-Alpes-Côte d'Azur
2022;83;Var;25-44 ans;Hommes;585.223116313094;93;Provence-Alpes-Côte d'Azur
2022;83;Var;45-64 ans;Hommes;581.5451433619199;93;Provence-Alpes-Côte d'Azur
2022;83;Var;00-17 ans;Femmes;721.381629222069;93;Provence-Alpes-Côte d'Azur
2022;83;Var;18-24 ans;Femmes;1320.9568011424499;93;Provence-Alpes-Côte d'Azur
2022;83;Var;00-17 ans;Hommes et Femmes;406.86533174105;93;Provence-Alpes-Côte d'Azur
2022;83;Var;45-64 ans;Hommes et Femmes;839.916200580446;93;Provence-Alpes-Côte d'Azur
2022;83;Var;65 ans et plus;Hommes et Femmes;292.158181040279;93;Provence-Alpes-Côte d'Azur
2023;83;Var;00-17 ans;Hommes;89.6705331057823;93;Provence-Alpes-Côte d'Azur
2023;83;Var;65 ans et plus;Hommes;153.463512726888;93;Provence-Alpes-Côte d'Azur
2023;83;Var;25-44 ans;Femmes;1029.45268094916;93;Provence-Alpes-Côte d'Azur
2023;83;Var;00-17 ans;Hommes et Femmes;341.995077827852;93;Provence-Alpes-Côte d'Azur
2023;83;Var;18-24 ans;Hommes et Femmes;1195.00795065774;93;Provence-Alpes-Côte d'Azur
2024;83;Var;18-24 ans;Hommes;667.517424168057;93;Provence-Alpes-Côte d'Azur
2024;83;Var;25-44 ans;Hommes;764.674205708131;93;Provence-Alpes-Côte d'Azur
2024;83;Var;65 ans et plus;Hommes;215.883981408579;93;Provence-Alpes-Côte d'Azur
2024;83;Var;Tous;Hommes;407.474241806857;93;Provence-Alpes-Côte d'Azur
2024;83;Var;18-24 ans;Femmes;1724.13793103448;93;Provence-Alpes-Côte d'Azur
2024;83;Var;65 ans et plus;Femmes;373.513680767361;93;Provence-Alpes-Côte d'Azur
2024;83;Var;25-44 ans;Hommes et Femmes;901.2785579543071;93;Provence-Alpes-Côte d'Azur
2024;83;Var;45-64 ans;Hommes et Femmes;820.883598306303;93;Provence-Alpes-Côte d'Azur
2024;83;Var;Tous;Hommes et Femmes;644.0441672660941;93;Provence-Alpes-Côte d'Azur
2020;84;Vaucluse;00-17 ans;Hommes;204.290091930541;93;Provence-Alpes-Côte d'Azur
2020;84;Vaucluse;18-24 ans;Hommes;557.8022590991491;93;Provence-Alpes-Côte d'Azur
2020;84;Vaucluse;00-17 ans;Femmes;386.56819755365797;93;Provence-Alpes-Côte d'Azur
2020;84;Vaucluse;25-44 ans;Femmes;711.5922637148769;93;Provence-Alpes-Côte d'Azur
2020;84;Vaucluse;65 ans et plus;Femmes;243.922953991084;93;Provence-Alpes-Côte d'Azur
2020;84;Vaucluse;00-17 ans;Hommes et Femmes;285.552582835974;93;Provence-Alpes-Côte d'Azur
2020;84;Vaucluse;18-24 ans;Hommes et Femmes;664.2599277978339;93;Provence-Alpes-Côte d'Azur
2020;84;Vaucluse;25-44 ans;Hommes et Femmes;674.331196108777;93;Provence-Alpes-Côte d'Azur
2020;84;Vaucluse;45-64 ans;Hommes et Femmes;677.566651936957;93;Provence-Alpes-Côte d'Azur
2020;84;Vaucluse;Tous;Hommes et Femmes;462.59590221104105;93;Provence-Alpes-Côte d'Azur
2021;84;Vaucluse;18-24 ans;Hommes;678.458929004119;93;Provence-Alpes-Côte d'Azur
2021;84;Vaucluse;Tous;Femmes;597.4717986508699;93;Provence-Alpes-Côte d'Azur
2021;84;Vaucluse;18-24 ans;Hommes et Femmes;798.327314198822;93;Provence-Alpes-Côte d'Azur
2021;84;Vaucluse;25-44 ans;Hommes et Femmes;617.589576547231;93;Provence-Alpes-Côte d'Azur
2021;84;Vaucluse;45-64 ans;Hommes et Femmes;617.8907456817859;93;Provence-Alpes-Côte d'Azur
2022;84;Vaucluse;25-44 ans;Hommes;325.953519874698;93;Provence-Alpes-Côte d'Azur
2022;84;Vaucluse;Tous;Hommes;202.56401022723202;93;Provence-Alpes-Côte d'Azur
2022;84;Vaucluse;00-17 ans;Femmes;456.211812627291;93;Provence-Alpes-Côte d'Azur
2022;84;Vaucluse;18-24 ans;Hommes et Femmes;767.3972443462591;93;Provence-Alpes-Côte d'Azur
2022;84;Vaucluse;45-64 ans;Hommes et Femmes;503.974645399283;93;Provence-Alpes-Côte d'Azur
2023;84;Vaucluse;65 ans et plus;Hommes;69.0051753881541;93;Provence-Alpes-Côte d'Azur
2023;84;Vaucluse;25-44 ans;Femmes;532.05227542745;93;Provence-Alpes-Côte d'Azur
2023;84;Vaucluse;65 ans et plus;Femmes;263.255594181376;93;Provence-Alpes-Côte d'Azur
2023;84;Vaucluse;25-44 ans;Hommes et Femmes;433.562866615659;93;Provence-Alpes-Côte d'Azur
2023;84;Vaucluse;45-64 ans;Hommes et Femmes;553.303245875723;93;Provence-Alpes-Côte d'Azur
2024;84;Vaucluse;65 ans et plus;Femmes;216.919739696312;93;Provence-Alpes-Côte d'Azur
2024;84;Vaucluse;45-64 ans;Hommes et Femmes;503.035139906648;93;Provence-Alpes-Côte d'Azur
2024;84;Vaucluse;Tous;Hommes et Femmes;402.783191530352;93;Provence-Alpes-Côte d'Azur
2020;85;Vendée;00-17 ans;Hommes;240.40023390292998;52;Pays de la Loire
2020;85;Vendée;18-24 ans;Hommes;496.23819433328;52;Pays de la Loire
2020;85;Vendée;45-64 ans;Hommes;491.85563717662103;52;Pays de la Loire
2020;85;Vendée;65 ans et plus;Hommes;110.27674210996199;52;Pays de la Loire
2020;85;Vendée;00-17 ans;Femmes;651.282463616628;52;Pays de la Loire
2020;85;Vendée;18-24 ans;Femmes;1319.59508315257;52;Pays de la Loire
2020;85;Vendée;25-44 ans;Femmes;931.406685236769;52;Pays de la Loire
2020;85;Vendée;Tous;Femmes;751.699703150436;52;Pays de la Loire
2020;85;Vendée;00-17 ans;Hommes et Femmes;423.957173139798;52;Pays de la Loire
2020;85;Vendée;18-24 ans;Hommes et Femmes;882.777353365589;52;Pays de la Loire
2021;85;Vendée;25-44 ans;Hommes;496.679502204364;52;Pays de la Loire
2021;85;Vendée;65 ans et plus;Hommes;196.568246037921;52;Pays de la Loire
2021;85;Vendée;18-24 ans;Hommes et Femmes;1015.32818026988;52;Pays de la Loire
2021;85;Vendée;25-44 ans;Hommes et Femmes;732.461956178569;52;Pays de la Loire
2022;85;Vendée;00-17 ans;Hommes;265.528686581318;52;Pays de la Loire
2022;85;Vendée;45-64 ans;Femmes;1332.24779809044;52;Pays de la Loire
2022;85;Vendée;65 ans et plus;Femmes;351.269359731758;52;Pays de la Loire
2022;85;Vendée;Tous;Hommes et Femmes;705.208120127272;52;Pays de la Loire
2023;85;Vendée;00-17 ans;Hommes;261.58038147139;52;Pays de la Loire
2023;85;Vendée;Tous;Hommes;427.32913064062006;52;Pays de la Loire
2023;85;Vendée;65 ans et plus;Femmes;339.48030176026805;52;Pays de la Loire
2023;85;Vendée;25-44 ans;Hommes et Femmes;986.830428454794;52;Pays de la Loire
2023;85;Vendée;Tous;Hommes et Femmes;733.972935162409;52;Pays de la Loire
2024;85;Vendée;18-24 ans;Hommes;808.020350142152;52;Pays de la Loire
2024;85;Vendée;25-44 ans;Hommes et Femmes;1052.36045185267;52;Pays de la Loire
2024;85;Vendée;Tous;Hommes et Femmes;778.4739740147011;52;Pays de la Loire
2020;86;Vienne;25-44 ans;Hommes;681.770505559052;75;Nouvelle Aquitaine
2020;86;Vienne;45-64 ans;Hommes;857.6533650982731;75;Nouvelle Aquitaine
2020;86;Vienne;Tous;Hommes;471.589602024385;75;Nouvelle Aquitaine
2020;86;Vienne;Tous;Femmes;879.1490452390111;75;Nouvelle Aquitaine
2020;86;Vienne;65 ans et plus;Hommes et Femmes;178.597287252015;75;Nouvelle Aquitaine
2021;86;Vienne;18-24 ans;Hommes;635.1578554081821;75;Nouvelle Aquitaine
2021;86;Vienne;Tous;Hommes;485.246443246815;75;Nouvelle Aquitaine
2021;86;Vienne;45-64 ans;Femmes;1234.39667128988;75;Nouvelle Aquitaine
2021;86;Vienne;65 ans et plus;Femmes;353.01385579384;75;Nouvelle Aquitaine
2021;86;Vienne;00-17 ans;Hommes et Femmes;562.281961830495;75;Nouvelle Aquitaine
2021;86;Vienne;45-64 ans;Hommes et Femmes;865.312264860798;75;Nouvelle Aquitaine
2022;86;Vienne;18-24 ans;Hommes;701.637153357835;75;Nouvelle Aquitaine
2022;86;Vienne;45-64 ans;Hommes;691.505831355145;75;Nouvelle Aquitaine
2022;86;Vienne;Tous;Hommes;418.479158636639;75;Nouvelle Aquitaine
2022;86;Vienne;00-17 ans;Femmes;973.999839008291;75;Nouvelle Aquitaine
2022;86;Vienne;18-24 ans;Femmes;2014.97860199715;75;Nouvelle Aquitaine
2022;86;Vienne;65 ans et plus;Femmes;267.79736665922803;75;Nouvelle Aquitaine
2022;86;Vienne;18-24 ans;Hommes et Femmes;1336.89839572193;75;Nouvelle Aquitaine
2022;86;Vienne;25-44 ans;Hommes et Femmes;825.034173013083;75;Nouvelle Aquitaine
2023;86;Vienne;00-17 ans;Hommes;240.665110851809;75;Nouvelle Aquitaine
2023;86;Vienne;Tous;Femmes;952.3423569460199;75;Nouvelle Aquitaine
2023;86;Vienne;65 ans et plus;Hommes et Femmes;168.79852957725302;75;Nouvelle Aquitaine
2024;86;Vienne;45-64 ans;Hommes;516.9268193796879;75;Nouvelle Aquitaine
2024;86;Vienne;Tous;Hommes;385.672897713643;75;Nouvelle Aquitaine
2024;86;Vienne;00-17 ans;Femmes;1093.83995394358;75;Nouvelle Aquitaine
2024;86;Vienne;65 ans et plus;Hommes et Femmes;116.830960204454;75;Nouvelle Aquitaine
2024;86;Vienne;Tous;Hommes et Femmes;622.807439088856;75;Nouvelle Aquitaine
2020;87;Haute-Vienne;18-24 ans;Hommes;417.28031418753096;75;Nouvelle Aquitaine
2020;87;Haute-Vienne;00-17 ans;Femmes;576.342512121489;75;Nouvelle Aquitaine
2020;87;Haute-Vienne;18-24 ans;Femmes;1564.8286140089401;75;Nouvelle Aquitaine
2020;87;Haute-Vienne;25-44 ans;Femmes;879.204892966361;75;Nouvelle Aquitaine
2020;87;Haute-Vienne;25-44 ans;Hommes et Femmes;770.138849851032;75;Nouvelle Aquitaine
2020;87;Haute-Vienne;Tous;Hommes et Femmes;553.379873999659;75;Nouvelle Aquitaine
2021;87;Haute-Vienne;25-44 ans;Hommes;346.975088967972;75;Nouvelle Aquitaine
2021;87;Haute-Vienne;65 ans et plus;Hommes;146.702853370498;75;Nouvelle Aquitaine
2021;87;Haute-Vienne;00-17 ans;Femmes;595.1484104263981;75;Nouvelle Aquitaine
2021;87;Haute-Vienne;18-24 ans;Femmes;1316.05588175744;75;Nouvelle Aquitaine
2021;87;Haute-Vienne;25-44 ans;Hommes et Femmes;545.490941847663;75;Nouvelle Aquitaine
2022;87;Haute-Vienne;18-24 ans;Hommes;651.6477378514239;75;Nouvelle Aquitaine
2022;87;Haute-Vienne;25-44 ans;Hommes et Femmes;797.885359048412;75;Nouvelle Aquitaine
2022;87;Haute-Vienne;Tous;Hommes et Femmes;534.821951109711;75;Nouvelle Aquitaine
2023;87;Haute-Vienne;65 ans et plus;Hommes;97.3015049299429;75;Nouvelle Aquitaine
2023;87;Haute-Vienne;Tous;Hommes;294.56495637557;75;Nouvelle Aquitaine
2023;87;Haute-Vienne;00-17 ans;Femmes;542.49547920434;75;Nouvelle Aquitaine
2023;87;Haute-Vienne;18-24 ans;Femmes;1807.67797241893;75;Nouvelle Aquitaine
2023;87;Haute-Vienne;25-44 ans;Femmes;1109.6799762211401;75;Nouvelle Aquitaine
2023;87;Haute-Vienne;45-64 ans;Femmes;838.958534233366;75;Nouvelle Aquitaine
2023;87;Haute-Vienne;00-17 ans;Hommes et Femmes;336.743122180571;75;Nouvelle Aquitaine
2023;87;Haute-Vienne;65 ans et plus;Hommes et Femmes;174.650698602794;75;Nouvelle Aquitaine
2023;87;Haute-Vienne;Tous;Hommes et Femmes;502.002983523575;75;Nouvelle Aquitaine
2024;87;Haute-Vienne;18-24 ans;Hommes;677.7798131525919;75;Nouvelle Aquitaine
2024;87;Haute-Vienne;45-64 ans;Femmes;613.440761765244;75;Nouvelle Aquitaine
2024;87;Haute-Vienne;65 ans et plus;Hommes et Femmes;182.438090680703;75;Nouvelle Aquitaine
2020;88;Vosges;25-44 ans;Hommes;679.1849780263681;44;Grand Est
2020;88;Vosges;65 ans et plus;Hommes;108.25858335910901;44;Grand Est
2020;88;Vosges;25-44 ans;Femmes;953.175265101871;44;Grand Est
2020;88;Vosges;45-64 ans;Femmes;1034.0909090909101;44;Grand Est
2020;88;Vosges;65 ans et plus;Femmes;261.95153896529104;44;Grand Est
2020;88;Vosges;00-17 ans;Hommes et Femmes;410.362899238604;44;Grand Est
2020;88;Vosges;18-24 ans;Hommes et Femmes;913.361169102297;44;Grand Est
2020;88;Vosges;25-44 ans;Hommes et Femmes;804.1293126867699;44;Grand Est
2021;88;Vosges;00-17 ans;Hommes;249.162968153858;44;Grand Est
2021;88;Vosges;18-24 ans;Femmes;1349.36211972522;44;Grand Est
2021;88;Vosges;65 ans et plus;Femmes;174.57649036596402;44;Grand Est
2021;88;Vosges;Tous;Hommes et Femmes;524.9897110047079;44;Grand Est
2022;88;Vosges;18-24 ans;Hommes;431.477296075611;44;Grand Est
2022;88;Vosges;25-44 ans;Hommes;644.496004124774;44;Grand Est
2022;88;Vosges;Tous;Hommes;316.217694516614;44;Grand Est
2022;88;Vosges;18-24 ans;Femmes;1061.2425381384;44;Grand Est
2022;88;Vosges;45-64 ans;Femmes;898.203592814371;44;Grand Est
2022;88;Vosges;Tous;Femmes;622.1593025855;44;Grand Est
2022;88;Vosges;25-44 ans;Hommes et Femmes;670.27337578398;44;Grand Est
2022;88;Vosges;65 ans et plus;Hommes et Femmes;154.379332073094;44;Grand Est
2023;88;Vosges;00-17 ans;Hommes;122.98343340808799;44;Grand Est
2023;88;Vosges;25-44 ans;Hommes;426.597421867755;44;Grand Est
2023;88;Vosges;Tous;Hommes;264.777034878184;44;Grand Est
2023;88;Vosges;18-24 ans;Femmes;1489.14689550732;44;Grand Est
2023;88;Vosges;25-44 ans;Femmes;850.503114518447;44;Grand Est
2023;88;Vosges;65 ans et plus;Hommes et Femmes;166.09043454681;44;Grand Est
2023;88;Vosges;Tous;Hommes et Femmes;466.887580988179;44;Grand Est
2024;88;Vosges;00-17 ans;Hommes;87.5720645114209;44;Grand Est
2024;88;Vosges;45-64 ans;Hommes;280.16616752004603;44;Grand Est
2024;88;Vosges;18-24 ans;Femmes;1070.98381070984;44;Grand Est
2024;88;Vosges;25-44 ans;Femmes;783.259293897592;44;Grand Est
2024;88;Vosges;45-64 ans;Femmes;758.533501896334;44;Grand Est
2024;88;Vosges;65 ans et plus;Femmes;159.862974593206;44;Grand Est
2024;88;Vosges;Tous;Femmes;581.326607023214;44;Grand Est
2024;88;Vosges;00-17 ans;Hommes et Femmes;401.34039900249394;44;Grand Est
2024;88;Vosges;65 ans et plus;Hommes et Femmes;113.76564277588199;44;Grand Est
2020;89;Yonne;00-17 ans;Hommes;130.039011703511;27;Bourgogne et Franche-Comté
2020;89;Yonne;25-44 ans;Hommes;627.486991123355;27;Bourgogne et Franche-Comté
2020;89;Yonne;45-64 ans;Hommes;566.452485627325;27;Bourgogne et Franche-Comté
2020;89;Yonne;00-17 ans;Femmes;259.027883589822;27;Bourgogne et Franche-Comté
2020;89;Yonne;18-24 ans;Femmes;925.735445381609;27;Bourgogne et Franche-Comté
2020;89;Yonne;65 ans et plus;Femmes;217.663742497197;27;Bourgogne et Franche-Comté
2020;89;Yonne;Tous;Femmes;519.316727562735;27;Bourgogne et Franche-Comté
2020;89;Yonne;65 ans et plus;Hommes et Femmes;235.625109899771;27;Bourgogne et Franche-Comté
2020;89;Yonne;Tous;Hommes et Femmes;455.666681616361;27;Bourgogne et Franche-Comté
2021;89;Yonne;25-44 ans;Hommes;532.9219549821189;27;Bourgogne et Franche-Comté
2021;89;Yonne;Tous;Hommes;283.84051151048004;27;Bourgogne et Franche-Comté
2021;89;Yonne;00-17 ans;Femmes;311.908209869667;27;Bourgogne et Franche-Comté
2021;89;Yonne;18-24 ans;Femmes;516.5098690278551;27;Bourgogne et Franche-Comté
2021;89;Yonne;65 ans et plus;Femmes;219.031394499878;27;Bourgogne et Franche-Comté
2021;89;Yonne;00-17 ans;Hommes et Femmes;188.812839273071;27;Bourgogne et Franche-Comté
2021;89;Yonne;Tous;Hommes et Femmes;364.737404556507;27;Bourgogne et Franche-Comté
2022;89;Yonne;65 ans et plus;Femmes;242.81220683185302;27;Bourgogne et Franche-Comté
2022;89;Yonne;18-24 ans;Hommes et Femmes;491.984052930698;27;Bourgogne et Franche-Comté
2022;89;Yonne;25-44 ans;Hommes et Femmes;538.766189745602;27;Bourgogne et Franche-Comté
2022;89;Yonne;Tous;Hommes et Femmes;341.212574747523;27;Bourgogne et Franche-Comté
2023;89;Yonne;18-24 ans;Hommes;362.31884057971;27;Bourgogne et Franche-Comté
2023;89;Yonne;25-44 ans;Hommes;485.80441640378507;27;Bourgogne et Franche-Comté
2023;89;Yonne;Tous;Hommes;272.275906251668;27;Bourgogne et Franche-Comté
2023;89;Yonne;18-24 ans;Femmes;512.911213300318;27;Bourgogne et Franche-Comté
2023;89;Yonne;Tous;Femmes;375.359424354453;27;Bourgogne et Franche-Comté
2023;89;Yonne;00-17 ans;Hommes et Femmes;212.285456187895;27;Bourgogne et Franche-Comté
2023;89;Yonne;25-44 ans;Hommes et Femmes;492.24037738428905;27;Bourgogne et Franche-Comté
2023;89;Yonne;45-64 ans;Hommes et Femmes;499.07651196604695;27;Bourgogne et Franche-Comté
2023;89;Yonne;65 ans et plus;Hommes et Femmes;152.220116031938;27;Bourgogne et Franche-Comté
2024;89;Yonne;25-44 ans;Hommes;623.624358033749;27;Bourgogne et Franche-Comté
2024;89;Yonne;18-24 ans;Hommes et Femmes;701.182225845903;27;Bourgogne et Franche-Comté
2020;90;Territoire de Belfort;18-24 ans;Hommes;610.687022900763;27;Bourgogne et Franche-Comté
2020;90;Territoire de Belfort;65 ans et plus;Hommes;245.480919437626;27;Bourgogne et Franche-Comté
2020;90;Territoire de Belfort;00-17 ans;Femmes;491.40049140049103;27;Bourgogne et Franche-Comté
2020;90;Territoire de Belfort;Tous;Femmes;745.201354911554;27;Bourgogne et Franche-Comté
2020;90;Territoire de Belfort;18-24 ans;Hommes et Femmes;966.5726943213849;27;Bourgogne et Franche-Comté
2020;90;Territoire de Belfort;25-44 ans;Hommes et Femmes;916.45028257217;27;Bourgogne et Franche-Comté
2021;90;Territoire de Belfort;25-44 ans;Femmes;1032.07810320781;27;Bourgogne et Franche-Comté
2021;90;Territoire de Belfort;00-17 ans;Hommes et Femmes;257.466529351184;27;Bourgogne et Franche-Comté
2021;90;Territoire de Belfort;18-24 ans;Hommes et Femmes;991.3793103448279;27;Bourgogne et Franche-Comté
2021;90;Territoire de Belfort;Tous;Hommes et Femmes;533.164257820943;27;Bourgogne et Franche-Comté
2022;90;Territoire de Belfort;18-24 ans;Hommes;382.59206121473;27;Bourgogne et Franche-Comté
2022;90;Territoire de Belfort;45-64 ans;Hommes;729.599281625323;27;Bourgogne et Franche-Comté
2022;90;Territoire de Belfort;00-17 ans;Femmes;686.547951083458;27;Bourgogne et Franche-Comté
2022;90;Territoire de Belfort;65 ans et plus;Femmes;291.120815138282;27;Bourgogne et Franche-Comté
2022;90;Territoire de Belfort;00-17 ans;Hommes et Femmes;432.05980872857896;27;Bourgogne et Franche-Comté
2022;90;Territoire de Belfort;25-44 ans;Hommes et Femmes;619.33707994036;27;Bourgogne et Franche-Comté
2022;90;Territoire de Belfort;Tous;Hommes et Femmes;514.097145834539;27;Bourgogne et Franche-Comté
2023;90;Territoire de Belfort;Tous;Hommes;264.839782875153;27;Bourgogne et Franche-Comté
2023;90;Territoire de Belfort;25-44 ans;Femmes;876.41305728439;27;Bourgogne et Franche-Comté
2023;90;Territoire de Belfort;65 ans et plus;Femmes;197.13785046729;27;Bourgogne et Franche-Comté
2023;90;Territoire de Belfort;00-17 ans;Hommes et Femmes;356.000412754102;27;Bourgogne et Franche-Comté
2023;90;Territoire de Belfort;18-24 ans;Hommes et Femmes;749.665327978581;27;Bourgogne et Franche-Comté
2023;90;Territoire de Belfort;65 ans et plus;Hommes et Femmes;148.588410104012;27;Bourgogne et Franche-Comté
2024;90;Territoire de Belfort;18-24 ans;Hommes;334.362139917695;27;Bourgogne et Franche-Comté
2024;90;Territoire de Belfort;Tous;Hommes et Femmes;483.16508140281303;27;Bourgogne et Franche-Comté
2020;91;Essonne;18-24 ans;Hommes;412.411626080126;11;Île-de-France
2020;91;Essonne;65 ans et plus;Hommes;76.27765064836;11;Île-de-France
2020;91;Essonne;18-24 ans;Femmes;1015.22842639594;11;Île-de-France
2020;91;Essonne;45-64 ans;Femmes;649.870025994801;11;Île-de-France
2020;91;Essonne;65 ans et plus;Femmes;212.56038647343001;11;Île-de-France
2020;91;Essonne;Tous;Femmes;497.263519032838;11;Île-de-France
2021;91;Essonne;00-17 ans;Hommes;154.54934069908902;11;Île-de-France
2021;91;Essonne;45-64 ans;Hommes;219.509377286556;11;Île-de-France
2021;91;Essonne;Tous;Femmes;432.548671985292;11;Île-de-France
2021;91;Essonne;25-44 ans;Hommes et Femmes;338.714326895359;11;Île-de-France
2022;91;Essonne;45-64 ans;Hommes;209.629872256797;11;Île-de-France
2022;91;Essonne;Tous;Hommes;174.119557994733;11;Île-de-France
2022;91;Essonne;18-24 ans;Femmes;958.2963620230701;11;Île-de-France
2022;91;Essonne;18-24 ans;Hommes et Femmes;627.524075799938;11;Île-de-France
2022;91;Essonne;Tous;Hommes et Femmes;286.076575740706;11;Île-de-France
2023;91;Essonne;45-64 ans;Hommes;244.447756744671;11;Île-de-France
2023;91;Essonne;18-24 ans;Femmes;1036.6781227111398;11;Île-de-France
2023;91;Essonne;25-44 ans;Femmes;349.917987971569;11;Île-de-France
2023;91;Essonne;65 ans et plus;Femmes;159.985779041863;11;Île-de-France
2024;91;Essonne;18-24 ans;Hommes;236.10606610969901;11;Île-de-France
2024;91;Essonne;25-44 ans;Hommes;222.37665045170297;11;Île-de-France
2024;91;Essonne;45-64 ans;Hommes;237.08621047328302;11;Île-de-France
2024;91;Essonne;Tous;Hommes;160.417660892014;11;Île-de-France
2024;91;Essonne;00-17 ans;Femmes;489.61869789140604;11;Île-de-France
2024;91;Essonne;18-24 ans;Femmes;965.2940520031249;11;Île-de-France
2024;91;Essonne;25-44 ans;Femmes;354.556264187655;11;Île-de-France
2024;91;Essonne;65 ans et plus;Femmes;111.263266004793;11;Île-de-France
2024;91;Essonne;Tous;Femmes;394.668552558787;11;Île-de-France
2024;91;Essonne;25-44 ans;Hommes et Femmes;290.726929140902;11;Île-de-France
2024;91;Essonne;45-64 ans;Hommes et Femmes;276.45061450163803;11;Île-de-France
2020;92;Hauts-de-Seine;65 ans et plus;Femmes;220.38959192378803;11;Île-de-France
2020;92;Hauts-de-Seine;00-17 ans;Hommes et Femmes;283.79928748264;11;Île-de-France
2020;92;Hauts-de-Seine;18-24 ans;Hommes et Femmes;574.138791812282;11;Île-de-France
2021;92;Hauts-de-Seine;18-24 ans;Hommes;449.92175273865394;11;Île-de-France
2021;92;Hauts-de-Seine;25-44 ans;Femmes;370.659819135871;11;Île-de-France
2021;92;Hauts-de-Seine;Tous;Femmes;413.394650772832;11;Île-de-France
2021;92;Hauts-de-Seine;45-64 ans;Hommes et Femmes;360.486891385768;11;Île-de-France
2022;92;Hauts-de-Seine;00-17 ans;Hommes;126.930399830759;11;Île-de-France
2022;92;Hauts-de-Seine;18-24 ans;Hommes;428.017523540964;11;Île-de-France
2022;92;Hauts-de-Seine;45-64 ans;Hommes;258.815917178907;11;Île-de-France
2022;92;Hauts-de-Seine;65 ans et plus;Hommes;120.329879963608;11;Île-de-France
2022;92;Hauts-de-Seine;Tous;Hommes;196.093642256241;11;Île-de-France
2022;92;Hauts-de-Seine;18-24 ans;Femmes;839.400825488105;11;Île-de-France
2022;92;Hauts-de-Seine;Tous;Femmes;413.698298519851;11;Île-de-France
2022;92;Hauts-de-Seine;25-44 ans;Hommes et Femmes;309.328940219773;11;Île-de-France
2022;92;Hauts-de-Seine;65 ans et plus;Hommes et Femmes;160.49150523478198;11;Île-de-France
2023;92;Hauts-de-Seine;00-17 ans;Hommes;111.089236999747;11;Île-de-France
2023;92;Hauts-de-Seine;25-44 ans;Hommes;244.993608862378;11;Île-de-France
2023;92;Hauts-de-Seine;25-44 ans;Femmes;372.946093975209;11;Île-de-France
2023;92;Hauts-de-Seine;18-24 ans;Hommes et Femmes;612.837060383211;11;Île-de-France
2023;92;Hauts-de-Seine;Tous;Hommes et Femmes;292.5126591613;11;Île-de-France
2024;92;Hauts-de-Seine;25-44 ans;Hommes;221.282367007513;11;Île-de-France
2024;92;Hauts-de-Seine;25-44 ans;Femmes;367.369360708645;11;Île-de-France
2024;92;Hauts-de-Seine;Tous;Femmes;377.967921730386;11;Île-de-France
2024;92;Hauts-de-Seine;25-44 ans;Hommes et Femmes;295.713035870516;11;Île-de-France
2024;92;Hauts-de-Seine;45-64 ans;Hommes et Femmes;264.531767118818;11;Île-de-France
2024;92;Hauts-de-Seine;65 ans et plus;Hommes et Femmes;108.61652588886498;11;Île-de-France
2020;93;Seine-Saint-Denis;65 ans et plus;Hommes;53.372149442018404;11;Île-de-France
2020;93;Seine-Saint-Denis;Tous;Hommes;118.61644853140201;11;Île-de-France
2020;93;Seine-Saint-Denis;18-24 ans;Femmes;495.386711251471;11;Île-de-France
2020;93;Seine-Saint-Denis;45-64 ans;Femmes;279.273887891482;11;Île-de-France
2020;93;Seine-Saint-Denis;65 ans et plus;Femmes;132.269099201824;11;Île-de-France
2020;93;Seine-Saint-Denis;00-17 ans;Hommes et Femmes;198.594561564314;11;Île-de-France
2020;93;Seine-Saint-Denis;25-44 ans;Hommes et Femmes;189.819161529983;11;Île-de-France
2020;93;Seine-Saint-Denis;45-64 ans;Hommes et Femmes;184.096534653465;11;Île-de-France
2021;93;Seine-Saint-Denis;00-17 ans;Hommes;143.195018744067;11;Île-de-France
2021;93;Seine-Saint-Denis;18-24 ans;Hommes;199.213630406291;11;Île-de-France
2021;93;Seine-Saint-Denis;65 ans et plus;Hommes;48.051721125283905;11;Île-de-France
2021;93;Seine-Saint-Denis;Tous;Hommes;132.322508755174;11;Île-de-France
2021;93;Seine-Saint-Denis;00-17 ans;Femmes;266.77651582024;11;Île-de-France
2021;93;Seine-Saint-Denis;18-24 ans;Femmes;545.21625163827;11;Île-de-France
2021;93;Seine-Saint-Denis;18-24 ans;Hommes et Femmes;372.156410525212;11;Île-de-France
2021;93;Seine-Saint-Denis;25-44 ans;Hommes et Femmes;170.49591270609298;11;Île-de-France
2022;93;Seine-Saint-Denis;45-64 ans;Hommes;140.800380755959;11;Île-de-France
2022;93;Seine-Saint-Denis;Tous;Hommes;142.357530377079;11;Île-de-France
2022;93;Seine-Saint-Denis;00-17 ans;Femmes;244.033383766899;11;Île-de-France
2022;93;Seine-Saint-Denis;18-24 ans;Femmes;822.239624119029;11;Île-de-France
2022;93;Seine-Saint-Denis;65 ans et plus;Femmes;141.26688139232598;11;Île-de-France
2022;93;Seine-Saint-Denis;00-17 ans;Hommes et Femmes;155.777843486539;11;Île-de-France
2022;93;Seine-Saint-Denis;45-64 ans;Hommes et Femmes;194.92567807034;11;Île-de-France
2022;93;Seine-Saint-Denis;65 ans et plus;Hommes et Femmes;108.82544096975599;11;Île-de-France
2022;93;Seine-Saint-Denis;Tous;Hommes et Femmes;217.48838960461597;11;Île-de-France
2023;93;Seine-Saint-Denis;65 ans et plus;Hommes;54.97190324945031;11;Île-de-France
2023;93;Seine-Saint-Denis;25-44 ans;Hommes et Femmes;191.555484112951;11;Île-de-France
2023;93;Seine-Saint-Denis;Tous;Hommes et Femmes;195.930610726654;11;Île-de-France
2024;93;Seine-Saint-Denis;25-44 ans;Hommes;130.238084357721;11;Île-de-France
2024;93;Seine-Saint-Denis;Tous;Hommes;98.2925089504203;11;Île-de-France
2024;93;Seine-Saint-Denis;00-17 ans;Femmes;244.934635786545;11;Île-de-France
2024;93;Seine-Saint-Denis;45-64 ans;Femmes;166.83537659805802;11;Île-de-France
2024;93;Seine-Saint-Denis;18-24 ans;Hommes et Femmes;387.69123783032;11;Île-de-France
2024;93;Seine-Saint-Denis;25-44 ans;Hommes et Femmes;173.944714466925;11;Île-de-France
2024;93;Seine-Saint-Denis;Tous;Hommes et Femmes;164.527391926854;11;Île-de-France
2020;94;Val-de-Marne;00-17 ans;Hommes;239.41379894077502;11;Île-de-France
2020;94;Val-de-Marne;45-64 ans;Hommes;294.84170149424597;11;Île-de-France
2020;94;Val-de-Marne;00-17 ans;Femmes;589.071704245379;11;Île-de-France
2020;94;Val-de-Marne;Tous;Femmes;552.762209767814;11;Île-de-France
2020;94;Val-de-Marne;00-17 ans;Hommes et Femmes;400.479521532361;11;Île-de-France
2020;94;Val-de-Marne;25-44 ans;Hommes et Femmes;384.19136070557596;11;Île-de-France
2020;94;Val-de-Marne;65 ans et plus;Hommes et Femmes;200.153160679476;11;Île-de-France
2021;94;Val-de-Marne;25-44 ans;Hommes;257.751788874356;11;Île-de-France
2021;94;Val-de-Marne;Tous;Hommes;226.95756901093498;11;Île-de-France
2021;94;Val-de-Marne;25-44 ans;Femmes;420.81179907257996;11;Île-de-France
2021;94;Val-de-Marne;Tous;Femmes;462.70693705257696;11;Île-de-France
2021;94;Val-de-Marne;45-64 ans;Hommes et Femmes;379.867046533713;11;Île-de-France
2022;94;Val-de-Marne;00-17 ans;Hommes;132.34312964158;11;Île-de-France
2022;94;Val-de-Marne;65 ans et plus;Femmes;165.949157026384;11;Île-de-France
2022;94;Val-de-Marne;00-17 ans;Hommes et Femmes;277.598296120803;11;Île-de-France
2022;94;Val-de-Marne;18-24 ans;Hommes et Femmes;782.6129094785811;11;Île-de-France
2022;94;Val-de-Marne;25-44 ans;Hommes et Femmes;321.491721588169;11;Île-de-France
2022;94;Val-de-Marne;45-64 ans;Hommes et Femmes;327.781715095677;11;Île-de-France
2022;94;Val-de-Marne;Tous;Hommes et Femmes;319.857109378464;11;Île-de-France
2023;94;Val-de-Marne;18-24 ans;Hommes;394.109105994607;11;Île-de-France
2023;94;Val-de-Marne;25-44 ans;Hommes;259.543635773764;11;Île-de-France
2023;94;Val-de-Marne;65 ans et plus;Hommes;108.231801595646;11;Île-de-France
2023;94;Val-de-Marne;Tous;Hommes;205.779144825196;11;Île-de-France
2023;94;Val-de-Marne;18-24 ans;Hommes et Femmes;847.4146242451919;11;Île-de-France
2024;94;Val-de-Marne;00-17 ans;Hommes;130.086685036483;11;Île-de-France
2024;94;Val-de-Marne;25-44 ans;Hommes;212.819228843265;11;Île-de-France
2024;94;Val-de-Marne;65 ans et plus;Hommes;95.6776226924809;11;Île-de-France
2024;94;Val-de-Marne;Tous;Hommes;189.413029600511;11;Île-de-France
2024;94;Val-de-Marne;18-24 ans;Femmes;1228.36139435618;11;Île-de-France
2024;94;Val-de-Marne;Tous;Femmes;449.409237379162;11;Île-de-France
2024;94;Val-de-Marne;00-17 ans;Hommes et Femmes;288.269358888946;11;Île-de-France
2024;94;Val-de-Marne;18-24 ans;Hommes et Femmes;849.713099743621;11;Île-de-France
2024;94;Val-de-Marne;25-44 ans;Hommes et Femmes;306.78974138163;11;Île-de-France
2024;94;Val-de-Marne;45-64 ans;Hommes et Femmes;299.026341060206;11;Île-de-France
2020;95;Val-d'Oise;45-64 ans;Hommes;179.514620084924;11;Île-de-France
2020;95;Val-d'Oise;65 ans et plus;Hommes;129.05604719764;11;Île-de-France
2020;95;Val-d'Oise;00-17 ans;Femmes;222.53129346314302;11;Île-de-France
2020;95;Val-d'Oise;45-64 ans;Femmes;464.17063065827796;11;Île-de-France
2020;95;Val-d'Oise;65 ans et plus;Femmes;218.570703719605;11;Île-de-France
2020;95;Val-d'Oise;00-17 ans;Hommes et Femmes;152.064301476053;11;Île-de-France
2020;95;Val-d'Oise;18-24 ans;Hommes et Femmes;541.385489343856;11;Île-de-France
2020;95;Val-d'Oise;65 ans et plus;Hommes et Femmes;177.522295955028;11;Île-de-France
2020;95;Val-d'Oise;Tous;Hommes et Femmes;264.931743516144;11;Île-de-France
2021;95;Val-d'Oise;25-44 ans;Hommes;209.56801946954502;11;Île-de-France
2021;95;Val-d'Oise;65 ans et plus;Hommes;93.1374624275009;11;Île-de-France
2021;95;Val-d'Oise;18-24 ans;Femmes;672.197662447768;11;Île-de-France
2021;95;Val-d'Oise;65 ans et plus;Femmes;221.573523722435;11;Île-de-France
2021;95;Val-d'Oise;18-24 ans;Hommes et Femmes;490.427237574271;11;Île-de-France
2022;95;Val-d'Oise;00-17 ans;Hommes;69.3215339233038;11;Île-de-France
2022;95;Val-d'Oise;65 ans et plus;Hommes;68.98137502874219;11;Île-de-France
2022;95;Val-d'Oise;Tous;Hommes;127.886972275931;11;Île-de-France
2022;95;Val-d'Oise;25-44 ans;Femmes;278.18254073387203;11;Île-de-France
2022;95;Val-d'Oise;00-17 ans;Hommes et Femmes;151.000990436604;11;Île-de-France
2023;95;Val-d'Oise;18-24 ans;Hommes;209.05539968091503;11;Île-de-France
2023;95;Val-d'Oise;25-44 ans;Femmes;342.112057836303;11;Île-de-France
2023;95;Val-d'Oise;45-64 ans;Femmes;356.21125851962;11;Île-de-France
2023;95;Val-d'Oise;65 ans et plus;Femmes;156.259213397016;11;Île-de-France
2023;95;Val-d'Oise;Tous;Femmes;305.658776444851;11;Île-de-France
2023;95;Val-d'Oise;00-17 ans;Hommes et Femmes;136.03850035838101;11;Île-de-France
2023;95;Val-d'Oise;25-44 ans;Hommes et Femmes;237.043970130425;11;Île-de-France
2023;95;Val-d'Oise;45-64 ans;Hommes et Femmes;252.68564800751201;11;Île-de-France
2024;95;Val-d'Oise;45-64 ans;Hommes;153.572760580066;11;Île-de-France
2024;95;Val-d'Oise;25-44 ans;Femmes;268.72459174533196;11;Île-de-France
2024;95;Val-d'Oise;Tous;Femmes;273.209937097177;11;Île-de-France
2024;95;Val-d'Oise;00-17 ans;Hommes et Femmes;138.02809277653;11;Île-de-France
2024;95;Val-d'Oise;18-24 ans;Hommes et Femmes;414.683888511217;11;Île-de-France
2020;971;Guadeloupe;45-64 ans;Hommes;205.973223480947;01;Guadeloupe
2020;971;Guadeloupe;25-44 ans;Femmes;370.828182941904;01;Guadeloupe
2020;971;Guadeloupe;00-17 ans;Hommes et Femmes;401.848503114326;01;Guadeloupe
2021;971;Guadeloupe;25-44 ans;Hommes;330.935251798561;01;Guadeloupe
2021;971;Guadeloupe;Tous;Hommes;203.101920236337;01;Guadeloupe
2021;971;Guadeloupe;00-17 ans;Femmes;629.056415376935;01;Guadeloupe
2021;971;Guadeloupe;Tous;Femmes;459.26264240948;01;Guadeloupe
2021;971;Guadeloupe;25-44 ans;Hommes et Femmes;374.888093106535;01;Guadeloupe
2021;971;Guadeloupe;45-64 ans;Hommes et Femmes;283.792954531433;01;Guadeloupe
2021;971;Guadeloupe;65 ans et plus;Hommes et Femmes;108.61231791464301;01;Guadeloupe
2021;971;Guadeloupe;Tous;Hommes et Femmes;333.613499709058;01;Guadeloupe
2022;971;Guadeloupe;00-17 ans;Hommes;234.974029186248;01;Guadeloupe
2022;971;Guadeloupe;25-44 ans;Hommes;382.96568627451;01;Guadeloupe
2022;971;Guadeloupe;45-64 ans;Hommes;170.67086779572;01;Guadeloupe
2022;971;Guadeloupe;65 ans et plus;Hommes;72.85974499089251;01;Guadeloupe
2022;971;Guadeloupe;Tous;Hommes;224.187927967444;01;Guadeloupe
2022;971;Guadeloupe;00-17 ans;Hommes et Femmes;296.212474206217;01;Guadeloupe
2022;971;Guadeloupe;25-44 ans;Hommes et Femmes;450.83560046638195;01;Guadeloupe
2022;971;Guadeloupe;45-64 ans;Hommes et Femmes;266.704098820887;01;Guadeloupe
2023;971;Guadeloupe;00-17 ans;Hommes;175.93465284323;01;Guadeloupe
2023;971;Guadeloupe;25-44 ans;Hommes;280.855047589328;01;Guadeloupe
2023;971;Guadeloupe;45-64 ans;Hommes;106.752068321324;01;Guadeloupe
2023;971;Guadeloupe;Tous;Hommes;157.321599764018;01;Guadeloupe
2023;971;Guadeloupe;00-17 ans;Femmes;462.82472379814897;01;Guadeloupe
2023;971;Guadeloupe;18-24 ans;Femmes;776.778413736713;01;Guadeloupe
2023;971;Guadeloupe;45-64 ans;Femmes;452.20645563698696;01;Guadeloupe
2023;971;Guadeloupe;65 ans et plus;Hommes et Femmes;138.95601739971;01;Guadeloupe
2023;971;Guadeloupe;Tous;Hommes et Femmes;312.390630873527;01;Guadeloupe
2024;971;Guadeloupe;65 ans et plus;Hommes;104.569695702186;01;Guadeloupe
2024;971;Guadeloupe;Tous;Hommes;196.791835427107;01;Guadeloupe
2024;971;Guadeloupe;18-24 ans;Femmes;1648.95566141444;01;Guadeloupe
2024;971;Guadeloupe;25-44 ans;Femmes;552.651232262883;01;Guadeloupe
2024;971;Guadeloupe;45-64 ans;Femmes;498.614958448753;01;Guadeloupe
2024;971;Guadeloupe;65 ans et plus;Femmes;145.527818202172;01;Guadeloupe
2024;971;Guadeloupe;Tous;Hommes et Femmes;324.94885064388;01;Guadeloupe
2020;972;Martinique;25-44 ans;Femmes;;02;Martinique
2020;972;Martinique;65 ans et plus;Femmes;;02;Martinique
2020;972;Martinique;45-64 ans;Hommes et Femmes;;02;Martinique
2021;972;Martinique;00-17 ans;Hommes;;02;Martinique
2021;972;Martinique;25-44 ans;Hommes;;02;Martinique
2021;972;Martinique;25-44 ans;Femmes;;02;Martinique
2021;972;Martinique;45-64 ans;Femmes;;02;Martinique
2021;972;Martinique;18-24 ans;Hommes et Femmes;;02;Martinique
2021;972;Martinique;45-64 ans;Hommes et Femmes;;02;Martinique
2022;972;Martinique;45-64 ans;Hommes;;02;Martinique
2022;972;Martinique;Tous;Hommes;;02;Martinique
2022;972;Martinique;45-64 ans;Femmes;;02;Martinique
2022;972;Martinique;Tous;Femmes;;02;Martinique
2022;972;Martinique;18-24 ans;Hommes et Femmes;;02;Martinique
2022;972;Martinique;25-44 ans;Hommes et Femmes;;02;Martinique
2022;972;Martinique;45-64 ans;Hommes et Femmes;;02;Martinique
2023;972;Martinique;25-44 ans;Hommes;513.610683102208;02;Martinique
2023;972;Martinique;65 ans et plus;Hommes;96.9461948618517;02;Martinique
2023;972;Martinique;18-24 ans;Femmes;1699.92609016999;02;Martinique
2023;972;Martinique;25-44 ans;Femmes;641.368252271513;02;Martinique
2023;972;Martinique;45-64 ans;Femmes;454.855583352286;02;Martinique
2023;972;Martinique;65 ans et plus;Femmes;263.527758257203;02;Martinique
2023;972;Martinique;65 ans et plus;Hommes et Femmes;176.708179064288;02;Martinique
2023;972;Martinique;Tous;Hommes et Femmes;328.798916897685;02;Martinique
2024;972;Martinique;25-44 ans;Hommes;418.02136553646096;02;Martinique
2024;972;Martinique;25-44 ans;Femmes;1045.81673306773;02;Martinique
2024;972;Martinique;Tous;Femmes;695.613149332436;02;Martinique
2024;972;Martinique;00-17 ans;Hommes et Femmes;397.561622051418;02;Martinique
2024;972;Martinique;Tous;Hommes et Femmes;449.873146234928;02;Martinique
2020;973;Guyane;45-64 ans;Hommes;125.062531265633;03;Guyane
2020;973;Guyane;18-24 ans;Femmes;792.236086353733;03;Guyane
2020;973;Guyane;25-44 ans;Femmes;342.084327764519;03;Guyane
2020;973;Guyane;Tous;Femmes;444.930138162517;03;Guyane
2020;973;Guyane;45-64 ans;Hommes et Femmes;162.53555465258;03;Guyane
2020;973;Guyane;65 ans et plus;Hommes et Femmes;85.0195544975344;03;Guyane
2021;973;Guyane;00-17 ans;Hommes;232.266164469554;03;Guyane
2021;973;Guyane;25-44 ans;Hommes;191.71779141104298;03;Guyane
2021;973;Guyane;00-17 ans;Femmes;748.0550568521841;03;Guyane
2021;973;Guyane;18-24 ans;Femmes;848.082595870206;03;Guyane
2021;973;Guyane;18-24 ans;Hommes et Femmes;579.362701028868;03;Guyane
2021;973;Guyane;25-44 ans;Hommes et Femmes;360.179718539973;03;Guyane
2021;973;Guyane;45-64 ans;Hommes et Femmes;216.785382471353;03;Guyane
2021;973;Guyane;65 ans et plus;Hommes et Femmes;159.535895576505;03;Guyane
2021;973;Guyane;Tous;Hommes et Femmes;378.550309112087;03;Guyane
2022;973;Guyane;18-24 ans;Hommes;248.190279214064;03;Guyane
2022;973;Guyane;25-44 ans;Hommes;298.132747528636;03;Guyane
2022;973;Guyane;00-17 ans;Femmes;632.832080200501;03;Guyane
2022;973;Guyane;18-24 ans;Femmes;862.230552952202;03;Guyane
2022;973;Guyane;00-17 ans;Hommes et Femmes;420.92603728202;03;Guyane
2022;973;Guyane;18-24 ans;Hommes et Femmes;570.304818092429;03;Guyane
2023;973;Guyane;00-17 ans;Hommes;235.99552850577598;03;Guyane
2023;973;Guyane;25-44 ans;Hommes;253.957504444256;03;Guyane
2023;973;Guyane;45-64 ans;Hommes;251.35101168782202;03;Guyane
2023;973;Guyane;Tous;Hommes;246.53382489313097;03;Guyane
2023;973;Guyane;45-64 ans;Femmes;258.91829689298;03;Guyane
2023;973;Guyane;18-24 ans;Hommes et Femmes;692.490802856525;03;Guyane
2023;973;Guyane;45-64 ans;Hommes et Femmes;254.87960292440798;03;Guyane
2023;973;Guyane;65 ans et plus;Hommes et Femmes;223.08979364194101;03;Guyane
2024;973;Guyane;00-17 ans;Hommes;261.728718183603;03;Guyane
2024;973;Guyane;45-64 ans;Hommes;69.900740947854;03;Guyane
2024;973;Guyane;65 ans et plus;Hommes;52.369730295889006;03;Guyane
2024;973;Guyane;45-64 ans;Femmes;73.4322220590395;03;Guyane
2024;973;Guyane;18-24 ans;Hommes et Femmes;527.946746241249;03;Guyane
2024;973;Guyane;45-64 ans;Hommes et Femmes;71.62297665090959;03;Guyane
2024;973;Guyane;65 ans et plus;Hommes et Femmes;83.49568605622039;03;Guyane
2020;974;Réunion;00-17 ans;Hommes;326.569944857862;04;Réunion
2020;974;Réunion;18-24 ans;Hommes;639.344262295082;04;Réunion
2020;974;Réunion;25-44 ans;Hommes;573.562036686327;04;Réunion
2020;974;Réunion;Tous;Hommes;392.628307605735;04;Réunion
2020;974;Réunion;18-24 ans;Hommes et Femmes;995.226150983089;04;Réunion
2020;974;Réunion;45-64 ans;Hommes et Femmes;589.605683223561;04;Réunion
2020;974;Réunion;65 ans et plus;Hommes et Femmes;173.508692785509;04;Réunion
2021;974;Réunion;45-64 ans;Hommes;308.082638637187;04;Réunion
2021;974;Réunion;65 ans et plus;Hommes;161.58221302999002;04;Réunion
2021;974;Réunion;65 ans et plus;Femmes;96.6767371601208;04;Réunion
2021;974;Réunion;18-24 ans;Hommes et Femmes;1001.75984838229;04;Réunion
2022;974;Réunion;25-44 ans;Hommes;462.120839683398;04;Réunion
2022;974;Réunion;Tous;Hommes;286.888185329768;04;Réunion
2022;974;Réunion;18-24 ans;Femmes;1348.91003251837;04;Réunion
2022;974;Réunion;25-44 ans;Femmes;900.481291724888;04;Réunion
2022;974;Réunion;45-64 ans;Hommes et Femmes;401.98061974230603;04;Réunion
2022;974;Réunion;65 ans et plus;Hommes et Femmes;95.22742549854361;04;Réunion
2023;974;Réunion;25-44 ans;Hommes;483.22777386816796;04;Réunion
2023;974;Réunion;45-64 ans;Hommes;343.930508399841;04;Réunion
2023;974;Réunion;Tous;Hommes;298.114324801683;04;Réunion
2023;974;Réunion;18-24 ans;Femmes;1372.23247232472;04;Réunion
2023;974;Réunion;25-44 ans;Femmes;781.713833366317;04;Réunion
2023;974;Réunion;18-24 ans;Hommes et Femmes;1076.57801986543;04;Réunion
2023;974;Réunion;65 ans et plus;Hommes et Femmes;107.435679954764;04;Réunion
2024;974;Réunion;18-24 ans;Hommes;584.263827577253;04;Réunion
2024;974;Réunion;18-24 ans;Femmes;1129.0656722602;04;Réunion
2024;974;Réunion;25-44 ans;Femmes;716.137252317561;04;Réunion
2024;974;Réunion;00-17 ans;Hommes et Femmes;575.596771126821;04;Réunion
2024;974;Réunion;Tous;Hommes et Femmes;447.118000911885;04;Réunion
2020;976;Mayotte;Tous;Hommes;258.213872317692;06;Mayotte
2020;976;Mayotte;18-24 ans;Femmes;514.740290126345;06;Mayotte
2020;976;Mayotte;25-44 ans;Femmes;220.426157237325;06;Mayotte
2020;976;Mayotte;65 ans et plus;Femmes;0.0;06;Mayotte
2020;976;Mayotte;Tous;Femmes;303.398058252427;06;Mayotte
2020;976;Mayotte;00-17 ans;Hommes et Femmes;374.726161651101;06;Mayotte
2020;976;Mayotte;25-44 ans;Hommes et Femmes;174.152153987168;06;Mayotte
2021;976;Mayotte;00-17 ans;Hommes;243.44569288389502;06;Mayotte
2021;976;Mayotte;18-24 ans;Hommes;350.194552529183;06;Mayotte
2021;976;Mayotte;45-64 ans;Femmes;0.0;06;Mayotte
2021;976;Mayotte;18-24 ans;Hommes et Femmes;440.067057837385;06;Mayotte
2021;976;Mayotte;25-44 ans;Hommes et Femmes;217.434275548527;06;Mayotte
2021;976;Mayotte;45-64 ans;Hommes et Femmes;58.8581518540318;06;Mayotte
2022;976;Mayotte;00-17 ans;Hommes;264.084507042254;06;Mayotte
2022;976;Mayotte;45-64 ans;Hommes;70.5716302046577;06;Mayotte
2022;976;Mayotte;Tous;Hommes;220.10271460014698;06;Mayotte
2022;976;Mayotte;00-17 ans;Femmes;488.560533841754;06;Mayotte
2022;976;Mayotte;45-64 ans;Femmes;167.154199749269;06;Mayotte
2022;976;Mayotte;65 ans et plus;Femmes;0.0;06;Mayotte
2022;976;Mayotte;25-44 ans;Hommes et Femmes;282.113974045514;06;Mayotte
2022;976;Mayotte;45-64 ans;Hommes et Femmes;114.78859766596501;06;Mayotte
2022;976;Mayotte;65 ans et plus;Hommes et Femmes;0.0;06;Mayotte
2023;976;Mayotte;Tous;Hommes;156.163880213118;06;Mayotte
2023;976;Mayotte;18-24 ans;Femmes;392.927308447937;06;Mayotte
2023;976;Mayotte;00-17 ans;Hommes et Femmes;233.558044482191;06;Mayotte
2023;976;Mayotte;45-64 ans;Hommes et Femmes;165.76875259013698;06;Mayotte
2023;976;Mayotte;65 ans et plus;Hommes et Femmes;0.0;06;Mayotte
2024;976;Mayotte;18-24 ans;Hommes;330.305532617671;06;Mayotte
2024;976;Mayotte;Tous;Hommes;231.997858481306;06;Mayotte
2024;976;Mayotte;25-44 ans;Femmes;300.864986837157;06;Mayotte
2024;976;Mayotte;65 ans et plus;Hommes et Femmes;0.0;06;Mayotte
2020;977;Saint-Barthélemy;25-44 ans;Hommes;0.0;977;Saint-Barthélemy
2020;977;Saint-Barthélemy;18-24 ans;Femmes;0.0;977;Saint-Barthélemy
2020;977;Saint-Barthélemy;45-64 ans;Femmes;284.090909090909;977;Saint-Barthélemy
2020;977;Saint-Barthélemy;Tous;Hommes et Femmes;58.4368151935719;977;Saint-Barthélemy
2021;977;Saint-Barthélemy;18-24 ans;Hommes;0.0;977;Saint-Barthélemy
2021;977;Saint-Barthélemy;65 ans et plus;Hommes;531.914893617021;977;Saint-Barthélemy
2021;977;Saint-Barthélemy;00-17 ans;Femmes;0.0;977;Saint-Barthélemy
2021;977;Saint-Barthélemy;18-24 ans;Femmes;0.0;977;Saint-Barthélemy
2021;977;Saint-Barthélemy;25-44 ans;Femmes;0.0;977;Saint-Barthélemy
2021;977;Saint-Barthélemy;65 ans et plus;Femmes;0.0;977;Saint-Barthélemy
2021;977;Saint-Barthélemy;Tous;Femmes;0.0;977;Saint-Barthélemy
2022;977;Saint-Barthélemy;00-17 ans;Hommes;0.0;977;Saint-Barthélemy
2022;977;Saint-Barthélemy;18-24 ans;Hommes;0.0;977;Saint-Barthélemy
2022;977;Saint-Barthélemy;65 ans et plus;Hommes;1025.64102564103;977;Saint-Barthélemy
2022;977;Saint-Barthélemy;00-17 ans;Hommes et Femmes;0.0;977;Saint-Barthélemy
2022;977;Saint-Barthélemy;18-24 ans;Hommes et Femmes;275.862068965517;977;Saint-Barthélemy
2023;977;Saint-Barthélemy;25-44 ans;Hommes;0.0;977;Saint-Barthélemy
2023;977;Saint-Barthélemy;65 ans et plus;Femmes;0.0;977;Saint-Barthélemy
2023;977;Saint-Barthélemy;25-44 ans;Hommes et Femmes;333.611342785655;977;Saint-Barthélemy
2024;977;Saint-Barthélemy;65 ans et plus;Hommes;0.0;977;Saint-Barthélemy
2024;977;Saint-Barthélemy;Tous;Hommes;137.299771167048;977;Saint-Barthélemy
2024;977;Saint-Barthélemy;65 ans et plus;Femmes;0.0;977;Saint-Barthélemy
2024;977;Saint-Barthélemy;Tous;Femmes;64.5786244752987;977;Saint-Barthélemy
2024;977;Saint-Barthélemy;00-17 ans;Hommes et Femmes;186.915887850467;977;Saint-Barthélemy
2024;977;Saint-Barthélemy;65 ans et plus;Hommes et Femmes;0.0;977;Saint-Barthélemy
2020;978;Saint-Martin;00-17 ans;Hommes;209.424083769634;978;Saint-Martin
2020;978;Saint-Martin;18-24 ans;Hommes;0.0;978;Saint-Martin
2020;978;Saint-Martin;65 ans et plus;Hommes;0.0;978;Saint-Martin
2020;978;Saint-Martin;45-64 ans;Femmes;634.9206349206349;978;Saint-Martin
2020;978;Saint-Martin;65 ans et plus;Femmes;456.62100456621;978;Saint-Martin
2020;978;Saint-Martin;Tous;Femmes;444.664031620553;978;Saint-Martin
2020;978;Saint-Martin;45-64 ans;Hommes et Femmes;495.04950495049496;978;Saint-Martin
2020;978;Saint-Martin;65 ans et plus;Hommes et Femmes;212.539851222104;978;Saint-Martin
2021;978;Saint-Martin;00-17 ans;Hommes;308.64197530864203;978;Saint-Martin
2021;978;Saint-Martin;25-44 ans;Hommes;0.0;978;Saint-Martin
2021;978;Saint-Martin;00-17 ans;Femmes;557.880055788006;978;Saint-Martin
2021;978;Saint-Martin;25-44 ans;Hommes et Femmes;164.541341011929;978;Saint-Martin
2022;978;Saint-Martin;25-44 ans;Hommes;0.0;978;Saint-Martin
2022;978;Saint-Martin;Tous;Hommes;258.155362590941;978;Saint-Martin
2022;978;Saint-Martin;00-17 ans;Femmes;379.867046533713;978;Saint-Martin
2022;978;Saint-Martin;25-44 ans;Femmes;266.666666666667;978;Saint-Martin
2022;978;Saint-Martin;45-64 ans;Femmes;0.0;978;Saint-Martin
2022;978;Saint-Martin;Tous;Femmes;250.68368277119401;978;Saint-Martin
2022;978;Saint-Martin;00-17 ans;Hommes et Femmes;344.086021505376;978;Saint-Martin
2022;978;Saint-Martin;65 ans et plus;Hommes et Femmes;0.0;978;Saint-Martin
2022;978;Saint-Martin;Tous;Hommes et Femmes;254.33526011560699;978;Saint-Martin
2023;978;Saint-Martin;00-17 ans;Hommes;146.09203798393;978;Saint-Martin
2023;978;Saint-Martin;18-24 ans;Hommes;0.0;978;Saint-Martin
2023;978;Saint-Martin;25-44 ans;Hommes;160.77170418006398;978;Saint-Martin
2023;978;Saint-Martin;65 ans et plus;Hommes;0.0;978;Saint-Martin
2023;978;Saint-Martin;Tous;Hommes;84.7816871555744;978;Saint-Martin
2023;978;Saint-Martin;18-24 ans;Femmes;836.820083682008;978;Saint-Martin
2023;978;Saint-Martin;45-64 ans;Femmes;0.0;978;Saint-Martin
2023;978;Saint-Martin;Tous;Femmes;309.34213239843297;978;Saint-Martin
2024;978;Saint-Martin;00-17 ans;Hommes;0.0;978;Saint-Martin
2024;978;Saint-Martin;25-44 ans;Hommes;333.889816360601;978;Saint-Martin
2024;978;Saint-Martin;65 ans et plus;Hommes;0.0;978;Saint-Martin
2024;978;Saint-Martin;25-44 ans;Femmes;250.62656641604;978;Saint-Martin
2024;978;Saint-Martin;65 ans et plus;Femmes;0.0;978;Saint-Martin
2024;978;Saint-Martin;65 ans et plus;Hommes et Femmes;0.0;978;Saint-Martin
2020;01;Ain;18-24 ans;Hommes;649.772579597141;84;Auvergne et Rhône-Alpes
2020;01;Ain;Tous;Hommes;332.744098991369;84;Auvergne et Rhône-Alpes
2020;01;Ain;00-17 ans;Femmes;389.863547758285;84;Auvergne et Rhône-Alpes
2020;01;Ain;18-24 ans;Femmes;704.225352112676;84;Auvergne et Rhône-Alpes
2020;01;Ain;25-44 ans;Hommes et Femmes;716.582452916858;84;Auvergne et Rhône-Alpes
2020;01;Ain;Tous;Hommes et Femmes;444.41567967553294;84;Auvergne et Rhône-Alpes
2021;01;Ain;25-44 ans;Hommes;340.86067319983;84;Auvergne et Rhône-Alpes
2021;01;Ain;45-64 ans;Hommes;317.3828125;84;Auvergne et Rhône-Alpes
2021;01;Ain;65 ans et plus;Hommes;108.477970627503;84;Auvergne et Rhône-Alpes
2021;01;Ain;Tous;Hommes;231.59104740009502;84;Auvergne et Rhône-Alpes
2021;01;Ain;00-17 ans;Femmes;479.57664957830303;84;Auvergne et Rhône-Alpes
2021;01;Ain;18-24 ans;Femmes;683.94528437725;84;Auvergne et Rhône-Alpes
2021;01;Ain;65 ans et plus;Femmes;227.62317350760003;84;Auvergne et Rhône-Alpes
2021;01;Ain;Tous;Femmes;523.45443191419;84;Auvergne et Rhône-Alpes
2021;01;Ain;18-24 ans;Hommes et Femmes;479.344605194352;84;Auvergne et Rhône-Alpes
2022;01;Ain;00-17 ans;Femmes;423.89461327768396;84;Auvergne et Rhône-Alpes
2022;01;Ain;45-64 ans;Femmes;474.619901858258;84;Auvergne et Rhône-Alpes
2022;01;Ain;Tous;Femmes;387.54450002253196;84;Auvergne et Rhône-Alpes
2022;01;Ain;25-44 ans;Hommes et Femmes;428.08219178082203;84;Auvergne et Rhône-Alpes
2022;01;Ain;45-64 ans;Hommes et Femmes;359.06642728904797;84;Auvergne et Rhône-Alpes
2023;01;Ain;18-24 ans;Hommes;233.608472200592;84;Auvergne et Rhône-Alpes
2023;01;Ain;Tous;Hommes;218.073188946975;84;Auvergne et Rhône-Alpes
2023;01;Ain;00-17 ans;Femmes;488.435569602069;84;Auvergne et Rhône-Alpes
2023;01;Ain;18-24 ans;Femmes;663.2975363234369;84;Auvergne et Rhône-Alpes
2023;01;Ain;45-64 ans;Femmes;506.227400562475;84;Auvergne et Rhône-Alpes
2023;01;Ain;65 ans et plus;Femmes;139.987827145466;84;Auvergne et Rhône-Alpes
2023;01;Ain;00-17 ans;Hommes et Femmes;259.487512163477;84;Auvergne et Rhône-Alpes
2023;01;Ain;18-24 ans;Hommes et Femmes;446.813514149095;84;Auvergne et Rhône-Alpes
2023;01;Ain;Tous;Hommes et Femmes;309.156487739824;84;Auvergne et Rhône-Alpes
2024;01;Ain;45-64 ans;Hommes;328.060071444193;84;Auvergne et Rhône-Alpes
2024;01;Ain;65 ans et plus;Hommes;104.63899546564399;84;Auvergne et Rhône-Alpes
2024;01;Ain;00-17 ans;Femmes;466.266336983398;84;Auvergne et Rhône-Alpes
2024;01;Ain;45-64 ans;Femmes;361.862806796728;84;Auvergne et Rhône-Alpes
2024;01;Ain;Tous;Femmes;358.782571680501;84;Auvergne et Rhône-Alpes
2024;01;Ain;25-44 ans;Hommes et Femmes;319.676409185804;84;Auvergne et Rhône-Alpes
2024;01;Ain;45-64 ans;Hommes et Femmes;344.279661016949;84;Auvergne et Rhône-Alpes
2024;01;Ain;Tous;Hommes et Femmes;276.870383921903;84;Auvergne et Rhône-Alpes
2020;02;Aisne;00-17 ans;Hommes;221.116639027087;32;Hauts-de-France
2020;02;Aisne;18-24 ans;Femmes;1426.45424231197;32;Hauts-de-France
2020;02;Aisne;45-64 ans;Femmes;1095.64214515199;32;Hauts-de-France
2020;02;Aisne;65 ans et plus;Femmes;261.95153896529104;32;Hauts-de-France
2020;02;Aisne;Tous;Femmes;688.388461004183;32;Hauts-de-France
2020;02;Aisne;18-24 ans;Hommes et Femmes;1070.26932187034;32;Hauts-de-France
2021;02;Aisne;18-24 ans;Hommes;532.592335301609;32;Hauts-de-France
2021;02;Aisne;Tous;Hommes;370.10270897663304;32;Hauts-de-France
2021;02;Aisne;18-24 ans;Femmes;1254.27594070696;32;Hauts-de-France
2021;02;Aisne;45-64 ans;Femmes;927.7442947111799;32;Hauts-de-France
2021;02;Aisne;Tous;Hommes et Femmes;502.48667952452604;32;Hauts-de-France
2022;02;Aisne;00-17 ans;Hommes;177.681885966304;32;Hauts-de-France
2022;02;Aisne;18-24 ans;Hommes;418.99441340782107;32;Hauts-de-France
2022;02;Aisne;Tous;Hommes;368.13272204522497;32;Hauts-de-France
2022;02;Aisne;45-64 ans;Femmes;945.2736318407959;32;Hauts-de-France
2022;02;Aisne;65 ans et plus;Femmes;234.239327975445;32;Hauts-de-France
2022;02;Aisne;00-17 ans;Hommes et Femmes;356.071010732998;32;Hauts-de-France
2022;02;Aisne;18-24 ans;Hommes et Femmes;774.843051863582;32;Hauts-de-France
2022;02;Aisne;25-44 ans;Hommes et Femmes;793.430895947205;32;Hauts-de-France
2022;02;Aisne;65 ans et plus;Hommes et Femmes;184.749378670244;32;Hauts-de-France
2023;02;Aisne;Tous;Hommes;322.715883276297;32;Hauts-de-France
2023;02;Aisne;Tous;Femmes;643.799697286235;32;Hauts-de-France
2023;02;Aisne;65 ans et plus;Hommes et Femmes;143.389119548003;32;Hauts-de-France
2024;02;Aisne;00-17 ans;Hommes;139.248704663212;32;Hauts-de-France
2024;02;Aisne;25-44 ans;Hommes;655.336624579492;32;Hauts-de-France
2024;02;Aisne;65 ans et plus;Hommes;118.369136343709;32;Hauts-de-France
2024;02;Aisne;Tous;Hommes;352.735362908593;32;Hauts-de-France
2024;02;Aisne;45-64 ans;Femmes;897.125656613351;32;Hauts-de-France
2024;02;Aisne;65 ans et plus;Femmes;204.17254436112603;32;Hauts-de-France
2024;02;Aisne;Tous;Femmes;685.4245880861849;32;Hauts-de-France
2024;02;Aisne;65 ans et plus;Hommes et Femmes;164.830746964702;32;Hauts-de-France
2020;03;Allier;Tous;Hommes;285.68766885072796;84;Auvergne et Rhône-Alpes
2020;03;Allier;65 ans et plus;Femmes;271.643883631265;84;Auvergne et Rhône-Alpes
2020;03;Allier;00-17 ans;Hommes et Femmes;136.52593992858598;84;Auvergne et Rhône-Alpes
2020;03;Allier;18-24 ans;Hommes et Femmes;563.1003643590591;84;Auvergne et Rhône-Alpes
2020;03;Allier;25-44 ans;Hommes et Femmes;511.138236191639;84;Auvergne et Rhône-Alpes
2021;03;Allier;18-24 ans;Hommes;600.679028466963;84;Auvergne et Rhône-Alpes
2021;03;Allier;45-64 ans;Hommes;423.831436183095;84;Auvergne et Rhône-Alpes
2021;03;Allier;18-24 ans;Hommes et Femmes;477.200424178155;84;Auvergne et Rhône-Alpes
2021;03;Allier;25-44 ans;Hommes et Femmes;445.066124109868;84;Auvergne et Rhône-Alpes
2022;03;Allier;65 ans et plus;Hommes;97.5609756097561;84;Auvergne et Rhône-Alpes
2022;03;Allier;00-17 ans;Femmes;394.906511927789;84;Auvergne et Rhône-Alpes
2022;03;Allier;18-24 ans;Femmes;919.901278887144;84;Auvergne et Rhône-Alpes
2022;03;Allier;45-64 ans;Femmes;643.6358859845;84;Auvergne et Rhône-Alpes
2022;03;Allier;Tous;Femmes;470.15156201670305;84;Auvergne et Rhône-Alpes
2022;03;Allier;Tous;Hommes et Femmes;344.100564881852;84;Auvergne et Rhône-Alpes
2023;03;Allier;18-24 ans;Hommes;274.493243243243;84;Auvergne et Rhône-Alpes
2023;03;Allier;65 ans et plus;Hommes;115.60693641618501;84;Auvergne et Rhône-Alpes
2023;03;Allier;Tous;Hommes;222.12097049777898;84;Auvergne et Rhône-Alpes
2023;03;Allier;00-17 ans;Femmes;518.772531434098;84;Auvergne et Rhône-Alpes
2023;03;Allier;25-44 ans;Femmes;478.354460655346;84;Auvergne et Rhône-Alpes
2023;03;Allier;Tous;Femmes;500.620688251694;84;Auvergne et Rhône-Alpes
2023;03;Allier;65 ans et plus;Hommes et Femmes;133.720361371123;84;Auvergne et Rhône-Alpes
2023;03;Allier;Tous;Hommes et Femmes;356.53600227868696;84;Auvergne et Rhône-Alpes
2024;03;Allier;00-17 ans;Hommes;62.391681109185406;84;Auvergne et Rhône-Alpes
2024;03;Allier;25-44 ans;Femmes;547.829751369574;84;Auvergne et Rhône-Alpes
2024;03;Allier;45-64 ans;Femmes;603.8647342995171;84;Auvergne et Rhône-Alpes
2024;03;Allier;25-44 ans;Hommes et Femmes;463.00762033375105;84;Auvergne et Rhône-Alpes
2020;04;Alpes-de-Haute-Provence;Tous;Hommes;339.282079120581;93;Provence-Alpes-Côte d'Azur
2020;04;Alpes-de-Haute-Provence;00-17 ans;Femmes;299.043062200957;93;Provence-Alpes-Côte d'Azur
2020;04;Alpes-de-Haute-Provence;25-44 ans;Femmes;476.776376499539;93;Provence-Alpes-Côte d'Azur
2020;04;Alpes-de-Haute-Provence;65 ans et plus;Hommes et Femmes;257.295262001883;93;Provence-Alpes-Côte d'Azur
2021;04;Alpes-de-Haute-Provence;00-17 ans;Hommes;119.157950483252;93;Provence-Alpes-Côte d'Azur
2021;04;Alpes-de-Haute-Provence;65 ans et plus;Hommes;246.33575563493002;93;Provence-Alpes-Côte d'Azur
2021;04;Alpes-de-Haute-Provence;Tous;Hommes;350.656356770365;93;Provence-Alpes-Côte d'Azur
2021;04;Alpes-de-Haute-Provence;00-17 ans;Femmes;476.410019978485;93;Provence-Alpes-Côte d'Azur
2021;04;Alpes-de-Haute-Provence;18-24 ans;Hommes et Femmes;679.820925219698;93;Provence-Alpes-Côte d'Azur
2021;04;Alpes-de-Haute-Provence;25-44 ans;Hommes et Femmes;493.055555555556;93;Provence-Alpes-Côte d'Azur
2021;04;Alpes-de-Haute-Provence;45-64 ans;Hommes et Femmes;694.792636630614;93;Provence-Alpes-Côte d'Azur
2022;04;Alpes-de-Haute-Provence;00-17 ans;Femmes;370.57370299204;93;Provence-Alpes-Côte d'Azur
2022;04;Alpes-de-Haute-Provence;65 ans et plus;Femmes;320.619126589276;93;Provence-Alpes-Côte d'Azur
2022;04;Alpes-de-Haute-Provence;00-17 ans;Hommes et Femmes;212.27325357005;93;Provence-Alpes-Côte d'Azur
2022;04;Alpes-de-Haute-Provence;45-64 ans;Hommes et Femmes;440.629035934058;93;Provence-Alpes-Côte d'Azur
2022;04;Alpes-de-Haute-Provence;65 ans et plus;Hommes et Femmes;215.84412553961002;93;Provence-Alpes-Côte d'Azur
2023;04;Alpes-de-Haute-Provence;65 ans et plus;Hommes;144.24337791765;93;Provence-Alpes-Côte d'Azur
2023;04;Alpes-de-Haute-Provence;18-24 ans;Femmes;558.035714285714;93;Provence-Alpes-Côte d'Azur
2023;04;Alpes-de-Haute-Provence;25-44 ans;Hommes et Femmes;433.37740561187;93;Provence-Alpes-Côte d'Azur
2023;04;Alpes-de-Haute-Provence;65 ans et plus;Hommes et Femmes;187.356460776018;93;Provence-Alpes-Côte d'Azur
2023;04;Alpes-de-Haute-Provence;Tous;Hommes et Femmes;290.495941126156;93;Provence-Alpes-Côte d'Azur
2024;04;Alpes-de-Haute-Provence;00-17 ans;Hommes;78.5422557335847;93;Provence-Alpes-Côte d'Azur
2024;04;Alpes-de-Haute-Provence;Tous;Femmes;526.14963695675;93;Provence-Alpes-Côte d'Azur
2024;04;Alpes-de-Haute-Provence;00-17 ans;Hommes et Femmes;199.833472106578;93;Provence-Alpes-Côte d'Azur
2024;04;Alpes-de-Haute-Provence;18-24 ans;Hommes et Femmes;721.352019785655;93;Provence-Alpes-Côte d'Azur
2024;04;Alpes-de-Haute-Provence;25-44 ans;Hommes et Femmes;560.732250350458;93;Provence-Alpes-Côte d'Azur
2024;04;Alpes-de-Haute-Provence;45-64 ans;Hommes et Femmes;454.00034264176804;93;Provence-Alpes-Côte d'Azur
2024;04;Alpes-de-Haute-Provence;65 ans et plus;Hommes et Femmes;265.333826977663;93;Provence-Alpes-Côte d'Azur
2020;05;Hautes-Alpes;18-24 ans;Hommes;324.80714575720697;93;Provence-Alpes-Côte d'Azur
2020;05;Hautes-Alpes;25-44 ans;Hommes;581.915846016115;93;Provence-Alpes-Côte d'Azur
2020;05;Hautes-Alpes;65 ans et plus;Hommes;261.324041811847;93;Provence-Alpes-Côte d'Azur
2020;05;Hautes-Alpes;00-17 ans;Femmes;623.115577889447;93;Provence-Alpes-Côte d'Azur
2020;05;Hautes-Alpes;18-24 ans;Femmes;764.331210191083;93;Provence-Alpes-Côte d'Azur
2020;05;Hautes-Alpes;25-44 ans;Femmes;785.545954438335;93;Provence-Alpes-Côte d'Azur
2020;05;Hautes-Alpes;00-17 ans;Hommes et Femmes;363.73556424479403;93;Provence-Alpes-Côte d'Azur
2020;05;Hautes-Alpes;18-24 ans;Hommes et Femmes;539.64300539643;93;Provence-Alpes-Côte d'Azur
2020;05;Hautes-Alpes;65 ans et plus;Hommes et Femmes;234.558248631744;93;Provence-Alpes-Côte d'Azur
2021;05;Hautes-Alpes;45-64 ans;Hommes;384.843102427472;93;Provence-Alpes-Côte d'Azur
2021;05;Hautes-Alpes;65 ans et plus;Hommes;86.3806507342355;93;Provence-Alpes-Côte d'Azur
2021;05;Hautes-Alpes;18-24 ans;Femmes;871.632329635499;93;Provence-Alpes-Côte d'Azur
2021;05;Hautes-Alpes;25-44 ans;Femmes;395.381938953029;93;Provence-Alpes-Côte d'Azur
2021;05;Hautes-Alpes;00-17 ans;Hommes et Femmes;236.406619385343;93;Provence-Alpes-Côte d'Azur
2022;05;Hautes-Alpes;00-17 ans;Femmes;379.834254143646;93;Provence-Alpes-Côte d'Azur
2022;05;Hautes-Alpes;18-24 ans;Femmes;856.443719412724;93;Provence-Alpes-Côte d'Azur
2022;05;Hautes-Alpes;25-44 ans;Femmes;325.839035516455;93;Provence-Alpes-Côte d'Azur
2022;05;Hautes-Alpes;45-64 ans;Femmes;546.728173586195;93;Provence-Alpes-Côte d'Azur
2022;05;Hautes-Alpes;00-17 ans;Hommes et Femmes;190.519737844841;93;Provence-Alpes-Côte d'Azur
2022;05;Hautes-Alpes;18-24 ans;Hommes et Femmes;520.059435364042;93;Provence-Alpes-Côte d'Azur
2023;05;Hautes-Alpes;00-17 ans;Hommes;143.451441686989;93;Provence-Alpes-Côte d'Azur
2023;05;Hautes-Alpes;25-44 ans;Hommes;199.840127897682;93;Provence-Alpes-Côte d'Azur
2023;05;Hautes-Alpes;Tous;Hommes;158.685708951741;93;Provence-Alpes-Côte d'Azur
2023;05;Hautes-Alpes;18-24 ans;Femmes;1002.50626566416;93;Provence-Alpes-Côte d'Azur
2023;05;Hautes-Alpes;25-44 ans;Femmes;341.796875;93;Provence-Alpes-Côte d'Azur
2023;05;Hautes-Alpes;Tous;Femmes;343.24942791762;93;Provence-Alpes-Côte d'Azur
2023;05;Hautes-Alpes;00-17 ans;Hommes et Femmes;249.03598971722397;93;Provence-Alpes-Côte d'Azur
2023;05;Hautes-Alpes;18-24 ans;Hommes et Femmes;569.151963574274;93;Provence-Alpes-Côte d'Azur
2023;05;Hautes-Alpes;25-44 ans;Hommes et Femmes;263.736263736264;93;Provence-Alpes-Côte d'Azur
2024;05;Hautes-Alpes;00-17 ans;Femmes;544.68085106383;93;Provence-Alpes-Côte d'Azur
2024;05;Hautes-Alpes;18-24 ans;Femmes;778.642936596218;93;Provence-Alpes-Côte d'Azur
2024;05;Hautes-Alpes;45-64 ans;Femmes;523.72639263609;93;Provence-Alpes-Côte d'Azur
2024;05;Hautes-Alpes;18-24 ans;Hommes et Femmes;635.5204397114389;93;Provence-Alpes-Côte d'Azur
2024;05;Hautes-Alpes;65 ans et plus;Hommes et Femmes;121.654501216545;93;Provence-Alpes-Côte d'Azur
2020;06;Alpes-Maritimes;18-24 ans;Hommes;761.4418793033619;93;Provence-Alpes-Côte d'Azur
2020;06;Alpes-Maritimes;25-44 ans;Hommes;735.824956961182;93;Provence-Alpes-Côte d'Azur
2020;06;Alpes-Maritimes;65 ans et plus;Hommes;256.705083295452;93;Provence-Alpes-Côte d'Azur
2020;06;Alpes-Maritimes;Tous;Hommes;465.560771500707;93;Provence-Alpes-Côte d'Azur
2020;06;Alpes-Maritimes;18-24 ans;Femmes;1056.1377853603099;93;Provence-Alpes-Côte d'Azur
2020;06;Alpes-Maritimes;Tous;Femmes;603.766845713187;93;Provence-Alpes-Côte d'Azur
2020;06;Alpes-Maritimes;25-44 ans;Hommes et Femmes;702.295563109268;93;Provence-Alpes-Côte d'Azur
2020;06;Alpes-Maritimes;45-64 ans;Hommes et Femmes;828.2908441622849;93;Provence-Alpes-Côte d'Azur
2021;06;Alpes-Maritimes;18-24 ans;Hommes;710.732054015636;93;Provence-Alpes-Côte d'Azur
2021;06;Alpes-Maritimes;25-44 ans;Hommes;752.786885245902;93;Provence-Alpes-Côte d'Azur
2021;06;Alpes-Maritimes;65 ans et plus;Hommes;198.912277167892;93;Provence-Alpes-Côte d'Azur
2021;06;Alpes-Maritimes;00-17 ans;Femmes;500.19519812609803;93;Provence-Alpes-Côte d'Azur
2021;06;Alpes-Maritimes;00-17 ans;Hommes et Femmes;306.30072760245;93;Provence-Alpes-Côte d'Azur
2021;06;Alpes-Maritimes;65 ans et plus;Hommes et Femmes;264.86437117545;93;Provence-Alpes-Côte d'Azur
2022;06;Alpes-Maritimes;18-24 ans;Hommes;497.477080520219;93;Provence-Alpes-Côte d'Azur
2022;06;Alpes-Maritimes;25-44 ans;Femmes;675.3198475883651;93;Provence-Alpes-Côte d'Azur
2022;06;Alpes-Maritimes;Tous;Femmes;645.930050789568;93;Provence-Alpes-Côte d'Azur
2023;06;Alpes-Maritimes;00-17 ans;Hommes;157.653026252656;93;Provence-Alpes-Côte d'Azur
2023;06;Alpes-Maritimes;18-24 ans;Hommes;423.883651246072;93;Provence-Alpes-Côte d'Azur
2023;06;Alpes-Maritimes;45-64 ans;Hommes;415.445465668839;93;Provence-Alpes-Côte d'Azur
2023;06;Alpes-Maritimes;00-17 ans;Femmes;570.268165127406;93;Provence-Alpes-Côte d'Azur
2023;06;Alpes-Maritimes;25-44 ans;Femmes;654.3483002523919;93;Provence-Alpes-Côte d'Azur
2024;06;Alpes-Maritimes;00-17 ans;Hommes;135.701699309339;93;Provence-Alpes-Côte d'Azur
2024;06;Alpes-Maritimes;45-64 ans;Hommes;452.08953578123305;93;Provence-Alpes-Côte d'Azur
2024;06;Alpes-Maritimes;65 ans et plus;Hommes;173.72946583687;93;Provence-Alpes-Côte d'Azur
2024;06;Alpes-Maritimes;Tous;Hommes;333.499814722325;93;Provence-Alpes-Côte d'Azur
2024;06;Alpes-Maritimes;00-17 ans;Femmes;794.98622186456;93;Provence-Alpes-Côte d'Azur
2024;06;Alpes-Maritimes;45-64 ans;Femmes;818.964138328162;93;Provence-Alpes-Côte d'Azur
2024;06;Alpes-Maritimes;65 ans et plus;Femmes;322.77153155091696;93;Provence-Alpes-Côte d'Azur
2024;06;Alpes-Maritimes;Tous;Femmes;722.305453178315;93;Provence-Alpes-Côte d'Azur
2024;06;Alpes-Maritimes;00-17 ans;Hommes et Femmes;434.80184984400194;93;Provence-Alpes-Côte d'Azur
2024;06;Alpes-Maritimes;25-44 ans;Hommes et Femmes;699.2066693559229;93;Provence-Alpes-Côte d'Azur
2024;06;Alpes-Maritimes;45-64 ans;Hommes et Femmes;621.761658031088;93;Provence-Alpes-Côte d'Azur
2020;07;Ardèche;25-44 ans;Hommes;427.082024871247;84;Auvergne et Rhône-Alpes
2020;07;Ardèche;65 ans et plus;Hommes;217.167676305864;84;Auvergne et Rhône-Alpes
2020;07;Ardèche;00-17 ans;Femmes;271.94066749072897;84;Auvergne et Rhône-Alpes
2020;07;Ardèche;18-24 ans;Femmes;460.981231478433;84;Auvergne et Rhône-Alpes
2020;07;Ardèche;00-17 ans;Hommes et Femmes;208.791208791209;84;Auvergne et Rhône-Alpes
2020;07;Ardèche;18-24 ans;Hommes et Femmes;464.59468119192604;84;Auvergne et Rhône-Alpes
2020;07;Ardèche;Tous;Hommes et Femmes;346.585745313391;84;Auvergne et Rhône-Alpes
2021;07;Ardèche;00-17 ans;Hommes;85.097330071269;84;Auvergne et Rhône-Alpes
2021;07;Ardèche;25-44 ans;Hommes;378.439194026798;84;Auvergne et Rhône-Alpes
2021;07;Ardèche;25-44 ans;Femmes;323.769119124707;84;Auvergne et Rhône-Alpes
2021;07;Ardèche;00-17 ans;Hommes et Femmes;166.716284608514;84;Auvergne et Rhône-Alpes
2021;07;Ardèche;65 ans et plus;Hommes et Femmes;122.44184012593999;84;Auvergne et Rhône-Alpes
2022;07;Ardèche;25-44 ans;Hommes;346.878097125867;84;Auvergne et Rhône-Alpes
2022;07;Ardèche;45-64 ans;Hommes;366.374923671891;84;Auvergne et Rhône-Alpes
2022;07;Ardèche;Tous;Hommes;230.86640240449498;84;Auvergne et Rhône-Alpes
2022;07;Ardèche;18-24 ans;Femmes;791.700791700792;84;Auvergne et Rhône-Alpes
2022;07;Ardèche;45-64 ans;Femmes;825.543280320505;84;Auvergne et Rhône-Alpes
2022;07;Ardèche;45-64 ans;Hommes et Femmes;575.730735163862;84;Auvergne et Rhône-Alpes
2022;07;Ardèche;65 ans et plus;Hommes et Femmes;212.341827006414;84;Auvergne et Rhône-Alpes
2023;07;Ardèche;45-64 ans;Femmes;852.3439458510911;84;Auvergne et Rhône-Alpes
2023;07;Ardèche;65 ans et plus;Femmes;277.302014517576;84;Auvergne et Rhône-Alpes
2023;07;Ardèche;Tous;Femmes;558.246240122355;84;Auvergne et Rhône-Alpes
2023;07;Ardèche;25-44 ans;Hommes et Femmes;536.39846743295;84;Auvergne et Rhône-Alpes
2023;07;Ardèche;Tous;Hommes et Femmes;400.847163557608;84;Auvergne et Rhône-Alpes
2024;07;Ardèche;00-17 ans;Hommes;133.456523970845;84;Auvergne et Rhône-Alpes
2024;07;Ardèche;45-64 ans;Hommes;416.708006746701;84;Auvergne et Rhône-Alpes
2024;07;Ardèche;65 ans et plus;Hommes;145.266725849407;84;Auvergne et Rhône-Alpes
2024;07;Ardèche;Tous;Hommes;266.37684865533;84;Auvergne et Rhône-Alpes
2024;07;Ardèche;00-17 ans;Hommes et Femmes;383.382925154498;84;Auvergne et Rhône-Alpes
2020;08;Ardennes;00-17 ans;Hommes;281.476669914474;44;Grand Est
2020;08;Ardennes;25-44 ans;Hommes;840.535101219368;44;Grand Est
2020;08;Ardennes;65 ans et plus;Hommes;82.41111372733691;44;Grand Est
2020;08;Ardennes;Tous;Hommes;478.343145500421;44;Grand Est
2020;08;Ardennes;18-24 ans;Femmes;992.7200529450699;44;Grand Est
2020;08;Ardennes;25-44 ans;Femmes;1085.95900887121;44;Grand Est
2020;08;Ardennes;45-64 ans;Hommes et Femmes;945.991278094599;44;Grand Est
2020;08;Ardennes;65 ans et plus;Hommes et Femmes;196.401082860024;44;Grand Est
2020;08;Ardennes;Tous;Hommes et Femmes;596.5799747072081;44;Grand Est
2021;08;Ardennes;00-17 ans;Hommes;196.88562734920401;44;Grand Est
2021;08;Ardennes;18-24 ans;Hommes;467.63475264582803;44;Grand Est
2021;08;Ardennes;00-17 ans;Femmes;655.7377049180329;44;Grand Est
2021;08;Ardennes;25-44 ans;Femmes;821.841482100571;44;Grand Est
2021;08;Ardennes;00-17 ans;Hommes et Femmes;410.775697363393;44;Grand Est
2021;08;Ardennes;45-64 ans;Hommes et Femmes;774.937077758644;44;Grand Est
2022;08;Ardennes;00-17 ans;Hommes;149.097957357984;44;Grand Est
2022;08;Ardennes;18-24 ans;Hommes;426.104507737161;44;Grand Est
2022;08;Ardennes;65 ans et plus;Hommes;172.448772570501;44;Grand Est
2022;08;Ardennes;Tous;Hommes;326.000084129054;44;Grand Est
2022;08;Ardennes;00-17 ans;Femmes;528.6043140932729;44;Grand Est
2022;08;Ardennes;18-24 ans;Femmes;993.788819875776;44;Grand Est
2022;08;Ardennes;25-44 ans;Femmes;876.2186844378631;44;Grand Est
2022;08;Ardennes;Tous;Femmes;589.573371709763;44;Grand Est
2022;08;Ardennes;00-17 ans;Hommes et Femmes;326.121539930003;44;Grand Est
2022;08;Ardennes;45-64 ans;Hommes et Femmes;603.9076376554169;44;Grand Est
2023;08;Ardennes;18-24 ans;Femmes;1085.70108570109;44;Grand Est
2023;08;Ardennes;45-64 ans;Femmes;652.1739130434779;44;Grand Est
2023;08;Ardennes;65 ans et plus;Femmes;197.693574958814;44;Grand Est
2023;08;Ardennes;45-64 ans;Hommes et Femmes;513.7085137085139;44;Grand Est
2024;08;Ardennes;45-64 ans;Hommes;268.75940657922996;44;Grand Est
2024;08;Ardennes;65 ans et plus;Hommes;109.479062129368;44;Grand Est
2024;08;Ardennes;00-17 ans;Femmes;558.1642597678749;44;Grand Est
2024;08;Ardennes;18-24 ans;Femmes;1008.4033613445399;44;Grand Est
2024;08;Ardennes;45-64 ans;Femmes;667.002265290712;44;Grand Est
2024;08;Ardennes;65 ans et plus;Hommes et Femmes;145.554176120553;44;Grand Est
2024;08;Ardennes;Tous;Hommes et Femmes;395.818422365368;44;Grand Est
2020;09;Ariège;00-17 ans;Femmes;416.542695626302;76;Occitanie
2020;09;Ariège;25-44 ans;Femmes;643.723693983659;76;Occitanie
2020;09;Ariège;45-64 ans;Femmes;655.339805825243;76;Occitanie
2020;09;Ariège;Tous;Femmes;409.566668352126;76;Occitanie
2020;09;Ariège;25-44 ans;Hommes et Femmes;546.0750853242321;76;Occitanie
2021;09;Ariège;00-17 ans;Hommes;45.9242250287026;76;Occitanie
2021;09;Ariège;65 ans et plus;Hommes;33.8753387533875;76;Occitanie
2021;09;Ariège;25-44 ans;Femmes;771.45612343298;76;Occitanie
2021;09;Ariège;45-64 ans;Femmes;447.42729306487695;76;Occitanie
2021;09;Ariège;Tous;Femmes;490.68199841395705;76;Occitanie
2021;09;Ariège;65 ans et plus;Hommes et Femmes;119.817876827223;76;Occitanie
2022;09;Ariège;18-24 ans;Hommes;100.553041729512;76;Occitanie
2022;09;Ariège;45-64 ans;Hommes;133.008202172467;76;Occitanie
2022;09;Ariège;65 ans et plus;Hommes;122.742416272137;76;Occitanie
2022;09;Ariège;00-17 ans;Femmes;436.79342240493304;76;Occitanie
2022;09;Ariège;18-24 ans;Femmes;1253.1328320802;76;Occitanie
2022;09;Ariège;18-24 ans;Hommes et Femmes;613.668061366806;76;Occitanie
2023;09;Ariège;18-24 ans;Hommes;379.867046533713;76;Occitanie
2023;09;Ariège;65 ans et plus;Hommes;97.9431929480901;76;Occitanie
2023;09;Ariège;00-17 ans;Femmes;559.049615653389;76;Occitanie
2023;09;Ariège;18-24 ans;Femmes;835.654596100279;76;Occitanie
2023;09;Ariège;65 ans et plus;Femmes;264.061262212833;76;Occitanie
2023;09;Ariège;Tous;Femmes;494.98444960357403;76;Occitanie
2024;09;Ariège;00-17 ans;Hommes;138.257949832115;76;Occitanie
2024;09;Ariège;25-44 ans;Hommes;466.940605155024;76;Occitanie
2024;09;Ariège;18-24 ans;Femmes;665.188470066519;76;Occitanie
2024;09;Ariège;00-17 ans;Hommes et Femmes;466.398134407462;76;Occitanie
2024;09;Ariège;65 ans et plus;Hommes et Femmes;147.558863155193;76;Occitanie
2024;09;Ariège;Tous;Hommes et Femmes;379.741694419625;76;Occitanie
2020;10;Aube;00-17 ans;Hommes;323.375423467816;44;Grand Est
2020;10;Aube;25-44 ans;Hommes;759.493670886076;44;Grand Est
2020;10;Aube;45-64 ans;Hommes;783.594531510503;44;Grand Est
2020;10;Aube;18-24 ans;Hommes et Femmes;1172.06576591242;44;Grand Est
2020;10;Aube;Tous;Hommes et Femmes;734.394124847001;44;Grand Est
2021;10;Aube;18-24 ans;Hommes;612.1134020618559;44;Grand Est
2021;10;Aube;Tous;Hommes;402.038684352148;44;Grand Est
2021;10;Aube;00-17 ans;Femmes;863.41118188252;44;Grand Est
2021;10;Aube;25-44 ans;Femmes;872.0534132715629;44;Grand Est
2021;10;Aube;45-64 ans;Femmes;1387.80297107115;44;Grand Est
2021;10;Aube;65 ans et plus;Hommes et Femmes;226.771267467517;44;Grand Est
2021;10;Aube;Tous;Hommes et Femmes;640.4319776476681;44;Grand Est
2022;10;Aube;65 ans et plus;Femmes;196.09979300577402;44;Grand Est
2022;10;Aube;Tous;Femmes;821.105676597006;44;Grand Est
2022;10;Aube;65 ans et plus;Hommes et Femmes;174.084605118087;44;Grand Est
2022;10;Aube;Tous;Hommes et Femmes;653.604546814239;44;Grand Est
2023;10;Aube;00-17 ans;Hommes;248.88656012575302;44;Grand Est
2023;10;Aube;25-44 ans;Hommes;929.1725105189339;44;Grand Est
2023;10;Aube;45-64 ans;Hommes;905.8684521465141;44;Grand Est
2023;10;Aube;25-44 ans;Femmes;1039.6716826265401;44;Grand Est
2023;10;Aube;45-64 ans;Femmes;1561.43923964698;44;Grand Est
2023;10;Aube;65 ans et plus;Femmes;354.903584526204;44;Grand Est
2023;10;Aube;Tous;Femmes;1057.63794192969;44;Grand Est
2023;10;Aube;Tous;Hommes et Femmes;795.783381562629;44;Grand Est
2024;10;Aube;18-24 ans;Hommes;1519.33701657459;44;Grand Est
2024;10;Aube;45-64 ans;Hommes;793.6507936507941;44;Grand Est
2024;10;Aube;Tous;Hommes;566.9685590162729;44;Grand Est
2024;10;Aube;00-17 ans;Femmes;1570.92986353539;44;Grand Est
2024;10;Aube;65 ans et plus;Femmes;285.29042565331497;44;Grand Est
2024;10;Aube;00-17 ans;Hommes et Femmes;869.953156368503;44;Grand Est
2024;10;Aube;45-64 ans;Hommes et Femmes;1148.12916453101;44;Grand Est
2024;10;Aube;Tous;Hommes et Femmes;841.381969885537;44;Grand Est
2020;11;Aude;18-24 ans;Hommes;795.4545454545449;76;Occitanie
2020;11;Aude;45-64 ans;Hommes;522.648083623693;76;Occitanie
2020;11;Aude;Tous;Hommes;393.36550549495104;76;Occitanie
2020;11;Aude;65 ans et plus;Femmes;267.419402763334;76;Occitanie
2020;11;Aude;Tous;Femmes;661.8852022899949;76;Occitanie
2020;11;Aude;18-24 ans;Hommes et Femmes;863.3254849198339;76;Occitanie
2020;11;Aude;45-64 ans;Hommes et Femmes;718.329289757861;76;Occitanie
2020;11;Aude;65 ans et plus;Hommes et Femmes;206.083272907682;76;Occitanie
2021;11;Aude;18-24 ans;Hommes;382.40917782026804;76;Occitanie
2021;11;Aude;25-44 ans;Hommes;635.777739069848;76;Occitanie
2021;11;Aude;45-64 ans;Hommes;437.851845232776;76;Occitanie
2021;11;Aude;65 ans et plus;Hommes;207.05582543601201;76;Occitanie
2021;11;Aude;45-64 ans;Femmes;933.820544051969;76;Occitanie
2021;11;Aude;18-24 ans;Hommes et Femmes;761.824145593059;76;Occitanie
2022;11;Aude;00-17 ans;Hommes;193.735873425896;76;Occitanie
2022;11;Aude;25-44 ans;Hommes;420.492577018793;76;Occitanie
2022;11;Aude;65 ans et plus;Hommes;385.059684251059;76;Occitanie
2022;11;Aude;Tous;Hommes;349.796585681153;76;Occitanie
2022;11;Aude;00-17 ans;Femmes;824.742268041237;76;Occitanie
2022;11;Aude;25-44 ans;Femmes;882.352941176471;76;Occitanie
2022;11;Aude;45-64 ans;Femmes;1084.2880523731599;76;Occitanie
2022;11;Aude;18-24 ans;Hommes et Femmes;744.2562830331141;76;Occitanie
2023;11;Aude;18-24 ans;Hommes;368.022899202617;76;Occitanie
2023;11;Aude;45-64 ans;Hommes;341.565948502365;76;Occitanie
2023;11;Aude;65 ans et plus;Hommes;129.87012987013;76;Occitanie
2023;11;Aude;00-17 ans;Hommes et Femmes;359.281437125748;76;Occitanie
2023;11;Aude;25-44 ans;Hommes et Femmes;538.030980170955;76;Occitanie
2023;11;Aude;65 ans et plus;Hommes et Femmes;207.35604051941002;76;Occitanie
2024;11;Aude;18-24 ans;Hommes;516.5098690278551;76;Occitanie
2024;11;Aude;25-44 ans;Femmes;843.9139359841861;76;Occitanie
2024;11;Aude;45-64 ans;Femmes;812.295930556662;76;Occitanie
2024;11;Aude;00-17 ans;Hommes et Femmes;401.167031363968;76;Occitanie
2024;11;Aude;45-64 ans;Hommes et Femmes;606.9978735743281;76;Occitanie
2020;12;Aveyron;65 ans et plus;Hommes;138.37638376383802;76;Occitanie
2020;12;Aveyron;Tous;Hommes;290.536210211493;76;Occitanie
2020;12;Aveyron;25-44 ans;Femmes;695.338655678599;76;Occitanie
2020;12;Aveyron;Tous;Femmes;500.17162751924695;76;Occitanie
2020;12;Aveyron;18-24 ans;Hommes et Femmes;584.795321637427;76;Occitanie
2020;12;Aveyron;25-44 ans;Hommes et Femmes;480.98434004474296;76;Occitanie
2020;12;Aveyron;65 ans et plus;Hommes et Femmes;220.76679667378;76;Occitanie
2020;12;Aveyron;Tous;Hommes et Femmes;387.871044285747;76;Occitanie
2021;12;Aveyron;25-44 ans;Hommes;543.970988213962;76;Occitanie
2021;12;Aveyron;45-64 ans;Hommes;344.012040421415;76;Occitanie
2021;12;Aveyron;00-17 ans;Femmes;434.893834740343;76;Occitanie
2022;12;Aveyron;00-17 ans;Hommes;164.248562825075;76;Occitanie
2022;12;Aveyron;65 ans et plus;Hommes;85.1063829787234;76;Occitanie
2022;12;Aveyron;00-17 ans;Femmes;713.4929443475501;76;Occitanie
2022;12;Aveyron;45-64 ans;Femmes;599.4754589733981;76;Occitanie
2022;12;Aveyron;Tous;Femmes;623.5144166178651;76;Occitanie
2022;12;Aveyron;00-17 ans;Hommes et Femmes;418.71740248292105;76;Occitanie
2023;12;Aveyron;00-17 ans;Hommes;203.411046784541;76;Occitanie
2023;12;Aveyron;25-44 ans;Hommes;631.614885626494;76;Occitanie
2023;12;Aveyron;65 ans et plus;Hommes;138.37638376383802;76;Occitanie
2023;12;Aveyron;00-17 ans;Femmes;826.291079812206;76;Occitanie
2023;12;Aveyron;18-24 ans;Femmes;1113.68909512761;76;Occitanie
2023;12;Aveyron;25-44 ans;Femmes;860.95566078347;76;Occitanie
2023;12;Aveyron;65 ans et plus;Femmes;203.88453696748599;76;Occitanie
2023;12;Aveyron;18-24 ans;Hommes et Femmes;890.4535100434871;76;Occitanie
2023;12;Aveyron;45-64 ans;Hommes et Femmes;421.449067431851;76;Occitanie
2023;12;Aveyron;Tous;Hommes et Femmes;453.793177086114;76;Occitanie
2024;12;Aveyron;Tous;Hommes;323.779012303602;76;Occitanie
2024;12;Aveyron;18-24 ans;Femmes;1846.4528668610299;76;Occitanie
2024;12;Aveyron;25-44 ans;Femmes;871.359779867003;76;Occitanie
2024;12;Aveyron;45-64 ans;Femmes;955.14950166113;76;Occitanie
2024;12;Aveyron;00-17 ans;Hommes et Femmes;609.30576070901;76;Occitanie
2024;12;Aveyron;45-64 ans;Hommes et Femmes;662.071467440595;76;Occitanie
2024;12;Aveyron;Tous;Hommes et Femmes;538.299265294246;76;Occitanie
2020;13;Bouches-du-Rhône;65 ans et plus;Hommes;232.833799000931;93;Provence-Alpes-Côte d'Azur
2020;13;Bouches-du-Rhône;18-24 ans;Femmes;1311.38392857143;93;Provence-Alpes-Côte d'Azur
2020;13;Bouches-du-Rhône;45-64 ans;Femmes;1020.6023695104;93;Provence-Alpes-Côte d'Azur
2020;13;Bouches-du-Rhône;65 ans et plus;Femmes;384.281641254494;93;Provence-Alpes-Côte d'Azur
2020;13;Bouches-du-Rhône;Tous;Femmes;714.175029852243;93;Provence-Alpes-Côte d'Azur
2021;13;Bouches-du-Rhône;00-17 ans;Hommes;168.07341250368;93;Provence-Alpes-Côte d'Azur
2021;13;Bouches-du-Rhône;18-24 ans;Hommes;890.17385019211;93;Provence-Alpes-Côte d'Azur
2021;13;Bouches-du-Rhône;45-64 ans;Hommes;579.146937312532;93;Provence-Alpes-Côte d'Azur
2021;13;Bouches-du-Rhône;25-44 ans;Femmes;748.6153296408789;93;Provence-Alpes-Côte d'Azur
2021;13;Bouches-du-Rhône;65 ans et plus;Femmes;365.677626303128;93;Provence-Alpes-Côte d'Azur
2021;13;Bouches-du-Rhône;00-17 ans;Hommes et Femmes;322.838811193554;93;Provence-Alpes-Côte d'Azur
2021;13;Bouches-du-Rhône;25-44 ans;Hommes et Femmes;741.759352881699;93;Provence-Alpes-Côte d'Azur
2022;13;Bouches-du-Rhône;00-17 ans;Hommes;99.72429166422249;93;Provence-Alpes-Côte d'Azur
2022;13;Bouches-du-Rhône;18-24 ans;Hommes;600.991108143254;93;Provence-Alpes-Côte d'Azur
2022;13;Bouches-du-Rhône;25-44 ans;Hommes;532.411219057028;93;Provence-Alpes-Côte d'Azur
2022;13;Bouches-du-Rhône;65 ans et plus;Hommes;152.818558010955;93;Provence-Alpes-Côte d'Azur
2022;13;Bouches-du-Rhône;00-17 ans;Hommes et Femmes;289.609380518471;93;Provence-Alpes-Côte d'Azur
2022;13;Bouches-du-Rhône;25-44 ans;Hommes et Femmes;616.405524431529;93;Provence-Alpes-Côte d'Azur
2022;13;Bouches-du-Rhône;65 ans et plus;Hommes et Femmes;242.39222480325103;93;Provence-Alpes-Côte d'Azur
2022;13;Bouches-du-Rhône;Tous;Hommes et Femmes;496.91487696578804;93;Provence-Alpes-Côte d'Azur
2023;13;Bouches-du-Rhône;00-17 ans;Hommes;114.713005055869;93;Provence-Alpes-Côte d'Azur
2023;13;Bouches-du-Rhône;18-24 ans;Hommes;536.679390755508;93;Provence-Alpes-Côte d'Azur
2023;13;Bouches-du-Rhône;45-64 ans;Hommes;535.437771683364;93;Provence-Alpes-Côte d'Azur
2023;13;Bouches-du-Rhône;65 ans et plus;Hommes;166.37222784419302;93;Provence-Alpes-Côte d'Azur
2023;13;Bouches-du-Rhône;00-17 ans;Femmes;481.994532993516;93;Provence-Alpes-Côte d'Azur
2023;13;Bouches-du-Rhône;18-24 ans;Hommes et Femmes;1124.87002552226;93;Provence-Alpes-Côte d'Azur
2023;13;Bouches-du-Rhône;65 ans et plus;Hommes et Femmes;239.737907111197;93;Provence-Alpes-Côte d'Azur
2023;13;Bouches-du-Rhône;Tous;Hommes et Femmes;507.122018191179;93;Provence-Alpes-Côte d'Azur
2024;13;Bouches-du-Rhône;Tous;Hommes;353.24259407526;93;Provence-Alpes-Côte d'Azur
2024;13;Bouches-du-Rhône;18-24 ans;Femmes;1841.53227294534;93;Provence-Alpes-Côte d'Azur
2024;13;Bouches-du-Rhône;45-64 ans;Femmes;940.9954429780431;93;Provence-Alpes-Côte d'Azur
2024;13;Bouches-du-Rhône;25-44 ans;Hommes et Femmes;738.124829488617;93;Provence-Alpes-Côte d'Azur
2024;13;Bouches-du-Rhône;45-64 ans;Hommes et Femmes;717.604348889265;93;Provence-Alpes-Côte d'Azur
2024;13;Bouches-du-Rhône;65 ans et plus;Hommes et Femmes;229.52324742606098;93;Provence-Alpes-Côte d'Azur
2020;14;Calvados;00-17 ans;Hommes;260.941762542996;28;Normandie
2020;14;Calvados;25-44 ans;Hommes;452.734516479536;28;Normandie
2020;14;Calvados;Tous;Hommes;298.277816768342;28;Normandie
2020;14;Calvados;25-44 ans;Femmes;642.733970841825;28;Normandie
2020;14;Calvados;65 ans et plus;Femmes;173.71451260671;28;Normandie
2020;14;Calvados;25-44 ans;Hommes et Femmes;535.2516023455611;28;Normandie
2020;14;Calvados;Tous;Hommes et Femmes;386.234956041767;28;Normandie
2021;14;Calvados;45-64 ans;Femmes;1048.61111111111;28;Normandie
2021;14;Calvados;Tous;Femmes;918.6058074781229;28;Normandie
2022;14;Calvados;00-17 ans;Hommes;207.212222428404;28;Normandie
2022;14;Calvados;00-17 ans;Femmes;848.861283643892;28;Normandie
2022;14;Calvados;18-24 ans;Femmes;2684.49824287388;28;Normandie
2022;14;Calvados;45-64 ans;Femmes;982.5522539153219;28;Normandie
2022;14;Calvados;25-44 ans;Hommes et Femmes;881.3361250426061;28;Normandie
2023;14;Calvados;Tous;Hommes;542.4761756885271;28;Normandie
2023;14;Calvados;18-24 ans;Femmes;2847.0145120194998;28;Normandie
2023;14;Calvados;45-64 ans;Femmes;1086.68182966894;28;Normandie
2023;14;Calvados;65 ans et plus;Femmes;313.25209153073297;28;Normandie
2023;14;Calvados;45-64 ans;Hommes et Femmes;920.794611646347;28;Normandie
2023;14;Calvados;Tous;Hommes et Femmes;795.0949766981071;28;Normandie
2024;14;Calvados;00-17 ans;Hommes;186.969197616935;28;Normandie
2024;14;Calvados;45-64 ans;Hommes;684.0087055653439;28;Normandie
2024;14;Calvados;00-17 ans;Femmes;931.1582613640401;28;Normandie
2024;14;Calvados;18-24 ans;Femmes;2908.30168204015;28;Normandie
2024;14;Calvados;45-64 ans;Femmes;939.896116744991;28;Normandie
2024;14;Calvados;65 ans et plus;Femmes;274.332957534761;28;Normandie
2024;14;Calvados;Tous;Femmes;1028.3067421513101;28;Normandie
2020;15;Cantal;25-44 ans;Hommes;601.805416248746;84;Auvergne et Rhône-Alpes
2020;15;Cantal;65 ans et plus;Hommes;96.5250965250965;84;Auvergne et Rhône-Alpes
2020;15;Cantal;Tous;Hommes;295.441755768149;84;Auvergne et Rhône-Alpes
2020;15;Cantal;45-64 ans;Hommes et Femmes;286.339902307563;84;Auvergne et Rhône-Alpes
2020;15;Cantal;65 ans et plus;Hommes et Femmes;123.08380888441299;84;Auvergne et Rhône-Alpes
2020;15;Cantal;Tous;Hommes et Femmes;268.837003756353;84;Auvergne et Rhône-Alpes
2021;15;Cantal;00-17 ans;Hommes;0.0;84;Auvergne et Rhône-Alpes
2021;15;Cantal;65 ans et plus;Hommes;90.7235200725788;84;Auvergne et Rhône-Alpes
2021;15;Cantal;18-24 ans;Femmes;1687.11656441718;84;Auvergne et Rhône-Alpes
2021;15;Cantal;65 ans et plus;Femmes;239.712345185777;84;Auvergne et Rhône-Alpes
2021;15;Cantal;45-64 ans;Hommes et Femmes;484.261501210654;84;Auvergne et Rhône-Alpes
2022;15;Cantal;45-64 ans;Hommes;808.080808080808;84;Auvergne et Rhône-Alpes
2022;15;Cantal;00-17 ans;Femmes;546.732621713096;84;Auvergne et Rhône-Alpes
2022;15;Cantal;18-24 ans;Femmes;639.386189258312;84;Auvergne et Rhône-Alpes
2022;15;Cantal;25-44 ans;Hommes et Femmes;465.38685282140796;84;Auvergne et Rhône-Alpes
2022;15;Cantal;45-64 ans;Hommes et Femmes;726.8063274903809;84;Auvergne et Rhône-Alpes
2022;15;Cantal;65 ans et plus;Hommes et Femmes;128.913443830571;84;Auvergne et Rhône-Alpes
2022;15;Cantal;Tous;Hommes et Femmes;390.249264847336;84;Auvergne et Rhône-Alpes
2023;15;Cantal;00-17 ans;Hommes;213.33333333333303;84;Auvergne et Rhône-Alpes
2023;15;Cantal;Tous;Hommes;259.525124240751;84;Auvergne et Rhône-Alpes
2023;15;Cantal;18-24 ans;Femmes;688.70523415978;84;Auvergne et Rhône-Alpes
2023;15;Cantal;25-44 ans;Femmes;729.673384294649;84;Auvergne et Rhône-Alpes
2023;15;Cantal;65 ans et plus;Femmes;90.5797101449275;84;Auvergne et Rhône-Alpes
2023;15;Cantal;Tous;Femmes;375.234521575985;84;Auvergne et Rhône-Alpes
2023;15;Cantal;00-17 ans;Hommes et Femmes;276.52452335904496;84;Auvergne et Rhône-Alpes
2024;15;Cantal;00-17 ans;Hommes;215.33161068044802;84;Auvergne et Rhône-Alpes
2024;15;Cantal;18-24 ans;Hommes;402.414486921529;84;Auvergne et Rhône-Alpes
2024;15;Cantal;25-44 ans;Hommes;366.374923671891;84;Auvergne et Rhône-Alpes
2024;15;Cantal;00-17 ans;Femmes;605.907599091139;84;Auvergne et Rhône-Alpes
2024;15;Cantal;18-24 ans;Femmes;687.830687830688;84;Auvergne et Rhône-Alpes
2024;15;Cantal;45-64 ans;Femmes;550.891920251836;84;Auvergne et Rhône-Alpes
2024;15;Cantal;65 ans et plus;Femmes;241.305890702626;84;Auvergne et Rhône-Alpes
2024;15;Cantal;Tous;Hommes et Femmes;387.33039970663697;84;Auvergne et Rhône-Alpes
2020;16;Charente;45-64 ans;Hommes;832.424933108711;75;Nouvelle Aquitaine
2020;16;Charente;00-17 ans;Femmes;440.839358137895;75;Nouvelle Aquitaine
2020;16;Charente;00-17 ans;Hommes et Femmes;309.19446704637903;75;Nouvelle Aquitaine
2021;16;Charente;25-44 ans;Hommes;745.319032903109;75;Nouvelle Aquitaine
2021;16;Charente;00-17 ans;Femmes;670.887272040064;75;Nouvelle Aquitaine
2021;16;Charente;25-44 ans;Femmes;861.865407319953;75;Nouvelle Aquitaine
2021;16;Charente;45-64 ans;Femmes;1380.73869520193;75;Nouvelle Aquitaine
2021;16;Charente;Tous;Femmes;764.810186075327;75;Nouvelle Aquitaine
2021;16;Charente;00-17 ans;Hommes et Femmes;397.168019340356;75;Nouvelle Aquitaine
2021;16;Charente;45-64 ans;Hommes et Femmes;991.345397324941;75;Nouvelle Aquitaine
2021;16;Charente;65 ans et plus;Hommes et Femmes;229.71178349664402;75;Nouvelle Aquitaine
2021;16;Charente;Tous;Hommes et Femmes;588.336556864095;75;Nouvelle Aquitaine
2022;16;Charente;00-17 ans;Hommes;151.668351870576;75;Nouvelle Aquitaine
2022;16;Charente;45-64 ans;Femmes;1205.76966418751;75;Nouvelle Aquitaine
2022;16;Charente;65 ans et plus;Femmes;325.365205843293;75;Nouvelle Aquitaine
2022;16;Charente;Tous;Femmes;699.2428317265919;75;Nouvelle Aquitaine
2022;16;Charente;00-17 ans;Hommes et Femmes;351.451735292943;75;Nouvelle Aquitaine
2022;16;Charente;Tous;Hommes et Femmes;497.92451194729904;75;Nouvelle Aquitaine
2023;16;Charente;00-17 ans;Hommes;186.465698080957;75;Nouvelle Aquitaine
2023;16;Charente;25-44 ans;Hommes;534.3511450381679;75;Nouvelle Aquitaine
2023;16;Charente;45-64 ans;Hommes;343.03727053588;75;Nouvelle Aquitaine
2023;16;Charente;18-24 ans;Femmes;1084.8126232741602;75;Nouvelle Aquitaine
2023;16;Charente;25-44 ans;Femmes;843.413605593164;75;Nouvelle Aquitaine
2023;16;Charente;45-64 ans;Hommes et Femmes;620.775969962453;75;Nouvelle Aquitaine
2023;16;Charente;Tous;Hommes et Femmes;464.595305347229;75;Nouvelle Aquitaine
2024;16;Charente;Tous;Hommes;288.544595761886;75;Nouvelle Aquitaine
2024;16;Charente;65 ans et plus;Femmes;240.841678286221;75;Nouvelle Aquitaine
2024;16;Charente;25-44 ans;Hommes et Femmes;632.7293643945931;75;Nouvelle Aquitaine
2020;17;Charente-Maritime;25-44 ans;Hommes;722.341908503358;75;Nouvelle Aquitaine
2020;17;Charente-Maritime;45-64 ans;Hommes;569.087184156613;75;Nouvelle Aquitaine
2020;17;Charente-Maritime;18-24 ans;Femmes;1108.29639012033;75;Nouvelle Aquitaine
2020;17;Charente-Maritime;45-64 ans;Femmes;1234.4855198185;75;Nouvelle Aquitaine
2020;17;Charente-Maritime;65 ans et plus;Femmes;348.267730818066;75;Nouvelle Aquitaine
2020;17;Charente-Maritime;45-64 ans;Hommes et Femmes;875.3340090297611;75;Nouvelle Aquitaine
2020;17;Charente-Maritime;65 ans et plus;Hommes et Femmes;257.605030874721;75;Nouvelle Aquitaine
2021;17;Charente-Maritime;18-24 ans;Hommes;708.8670563362771;75;Nouvelle Aquitaine
2021;17;Charente-Maritime;Tous;Hommes;356.25881971915703;75;Nouvelle Aquitaine
2021;17;Charente-Maritime;00-17 ans;Femmes;427.35042735042697;75;Nouvelle Aquitaine
2021;17;Charente-Maritime;25-44 ans;Femmes;860.327185035521;75;Nouvelle Aquitaine
2021;17;Charente-Maritime;65 ans et plus;Hommes et Femmes;233.067055704805;75;Nouvelle Aquitaine
2022;17;Charente-Maritime;00-17 ans;Hommes;140.032487537109;75;Nouvelle Aquitaine
2022;17;Charente-Maritime;18-24 ans;Hommes;697.7039198274771;75;Nouvelle Aquitaine
2022;17;Charente-Maritime;Tous;Femmes;770.215157929987;75;Nouvelle Aquitaine
2022;17;Charente-Maritime;18-24 ans;Hommes et Femmes;1041.18616144975;75;Nouvelle Aquitaine
2023;17;Charente-Maritime;25-44 ans;Hommes;612.408424908425;75;Nouvelle Aquitaine
2023;17;Charente-Maritime;45-64 ans;Hommes;457.34289424651297;75;Nouvelle Aquitaine
2023;17;Charente-Maritime;25-44 ans;Femmes;1021.8356547655301;75;Nouvelle Aquitaine
2023;17;Charente-Maritime;45-64 ans;Femmes;1106.3345555695998;75;Nouvelle Aquitaine
2023;17;Charente-Maritime;65 ans et plus;Femmes;339.183982612705;75;Nouvelle Aquitaine
2024;17;Charente-Maritime;00-17 ans;Hommes;172.884947855669;75;Nouvelle Aquitaine
2024;17;Charente-Maritime;18-24 ans;Femmes;1727.9904662595002;75;Nouvelle Aquitaine
2024;17;Charente-Maritime;18-24 ans;Hommes et Femmes;1068.3760683760702;75;Nouvelle Aquitaine
2024;17;Charente-Maritime;65 ans et plus;Hommes et Femmes;190.47297980649302;75;Nouvelle Aquitaine
2020;18;Cher;18-24 ans;Hommes;400.0;24;Centre-Val de Loire
2020;18;Cher;25-44 ans;Hommes;782.608695652174;24;Centre-Val de Loire
2020;18;Cher;45-64 ans;Hommes;775.3479125248509;24;Centre-Val de Loire
2020;18;Cher;65 ans et plus;Hommes et Femmes;219.554030874786;24;Centre-Val de Loire
2021;18;Cher;18-24 ans;Hommes;715.361445783132;24;Centre-Val de Loire
2021;18;Cher;25-44 ans;Hommes;722.77545775779;24;Centre-Val de Loire
2021;18;Cher;00-17 ans;Femmes;834.627329192547;24;Centre-Val de Loire
2021;18;Cher;65 ans et plus;Hommes et Femmes;226.915692092861;24;Centre-Val de Loire
2021;18;Cher;Tous;Hommes et Femmes;668.0957484816009;24;Centre-Val de Loire
2022;18;Cher;18-24 ans;Hommes;615.384615384615;24;Centre-Val de Loire
2022;18;Cher;Tous;Hommes;341.574040372932;24;Centre-Val de Loire
2022;18;Cher;45-64 ans;Femmes;1441.1131356634098;24;Centre-Val de Loire
2022;18;Cher;65 ans et plus;Femmes;281.869430805601;24;Centre-Val de Loire
2022;18;Cher;45-64 ans;Hommes et Femmes;964.073209309332;24;Centre-Val de Loire
2023;18;Cher;25-44 ans;Hommes;406.079591599954;24;Centre-Val de Loire
2023;18;Cher;45-64 ans;Hommes;484.74816741546493;24;Centre-Val de Loire
2023;18;Cher;65 ans et plus;Hommes;139.994750196868;24;Centre-Val de Loire
2023;18;Cher;25-44 ans;Femmes;802.451123431573;24;Centre-Val de Loire
2023;18;Cher;45-64 ans;Hommes et Femmes;632.385819227084;24;Centre-Val de Loire
2023;18;Cher;65 ans et plus;Hommes et Femmes;223.34782435289;24;Centre-Val de Loire
2024;18;Cher;00-17 ans;Hommes;155.80368735393398;24;Centre-Val de Loire
2024;18;Cher;18-24 ans;Hommes;415.22491349481004;24;Centre-Val de Loire
2024;18;Cher;45-64 ans;Hommes;571.508224142738;24;Centre-Val de Loire
2024;18;Cher;Tous;Hommes;307.761809300618;24;Centre-Val de Loire
2024;18;Cher;25-44 ans;Hommes et Femmes;756.102829984878;24;Centre-Val de Loire
2024;18;Cher;65 ans et plus;Hommes et Femmes;105.046814341174;24;Centre-Val de Loire
2020;19;Corrèze;25-44 ans;Hommes;592.057761732852;75;Nouvelle Aquitaine
2020;19;Corrèze;65 ans et plus;Hommes;111.45786892554601;75;Nouvelle Aquitaine
2020;19;Corrèze;18-24 ans;Femmes;1110.28867505551;75;Nouvelle Aquitaine
2020;19;Corrèze;45-64 ans;Femmes;1061.2386917188599;75;Nouvelle Aquitaine
2020;19;Corrèze;65 ans et plus;Femmes;338.983050847458;75;Nouvelle Aquitaine
2020;19;Corrèze;25-44 ans;Hommes et Femmes;609.560474815528;75;Nouvelle Aquitaine
2021;19;Corrèze;00-17 ans;Hommes;216.825672159584;75;Nouvelle Aquitaine
2021;19;Corrèze;18-24 ans;Hommes;387.27524204702604;75;Nouvelle Aquitaine
2021;19;Corrèze;25-44 ans;Hommes;468.66630958757395;75;Nouvelle Aquitaine
2021;19;Corrèze;65 ans et plus;Hommes;183.80475850097;75;Nouvelle Aquitaine
2021;19;Corrèze;45-64 ans;Femmes;1170.14547754586;75;Nouvelle Aquitaine
2021;19;Corrèze;65 ans et plus;Femmes;331.210191082803;75;Nouvelle Aquitaine
2021;19;Corrèze;Tous;Hommes et Femmes;517.316330966527;75;Nouvelle Aquitaine
2022;19;Corrèze;65 ans et plus;Hommes;217.268089930096;75;Nouvelle Aquitaine
2022;19;Corrèze;25-44 ans;Femmes;566.618099401004;75;Nouvelle Aquitaine
2022;19;Corrèze;Tous;Femmes;707.9844917682759;75;Nouvelle Aquitaine
2022;19;Corrèze;25-44 ans;Hommes et Femmes;421.609261111905;75;Nouvelle Aquitaine
2022;19;Corrèze;45-64 ans;Hommes et Femmes;854.761231986437;75;Nouvelle Aquitaine
2022;19;Corrèze;Tous;Hommes et Femmes;479.965485628;75;Nouvelle Aquitaine
2023;19;Corrèze;00-17 ans;Hommes;69.889341875364;75;Nouvelle Aquitaine
2023;19;Corrèze;Tous;Hommes;309.882961559147;75;Nouvelle Aquitaine
2023;19;Corrèze;25-44 ans;Hommes et Femmes;569.049271339348;75;Nouvelle Aquitaine
2023;19;Corrèze;65 ans et plus;Hommes et Femmes;251.96446873932402;75;Nouvelle Aquitaine
2023;19;Corrèze;Tous;Hommes et Femmes;457.53464857870796;75;Nouvelle Aquitaine
2024;19;Corrèze;18-24 ans;Hommes;356.687898089172;75;Nouvelle Aquitaine
2024;19;Corrèze;25-44 ans;Hommes;378.787878787879;75;Nouvelle Aquitaine
2024;19;Corrèze;65 ans et plus;Hommes;147.198891678933;75;Nouvelle Aquitaine
2024;19;Corrèze;Tous;Hommes;251.056125528063;75;Nouvelle Aquitaine
2024;19;Corrèze;18-24 ans;Femmes;967.458223394899;75;Nouvelle Aquitaine
2024;19;Corrèze;65 ans et plus;Femmes;276.34625438793;75;Nouvelle Aquitaine
2024;19;Corrèze;Tous;Femmes;579.541428354507;75;Nouvelle Aquitaine
2024;19;Corrèze;18-24 ans;Hommes et Femmes;640.588796510835;75;Nouvelle Aquitaine
2024;19;Corrèze;65 ans et plus;Hommes et Femmes;216.537011789237;75;Nouvelle Aquitaine
2024;19;Corrèze;Tous;Hommes et Femmes;411.415863602669;75;Nouvelle Aquitaine
2020;21;Côte-d'Or;25-44 ans;Hommes;953.606296828881;27;Bourgogne et Franche-Comté
2020;21;Côte-d'Or;45-64 ans;Hommes et Femmes;936.044635034814;27;Bourgogne et Franche-Comté
2021;21;Côte-d'Or;18-24 ans;Hommes;709.0301003344481;27;Bourgogne et Franche-Comté
2021;21;Côte-d'Or;Tous;Hommes;463.359496763504;27;Bourgogne et Franche-Comté
2021;21;Côte-d'Or;45-64 ans;Femmes;1024.1529401724;27;Bourgogne et Franche-Comté
2021;21;Côte-d'Or;65 ans et plus;Femmes;253.248183219555;27;Bourgogne et Franche-Comté
2021;21;Côte-d'Or;Tous;Hommes et Femmes;673.557852617539;27;Bourgogne et Franche-Comté
2022;21;Côte-d'Or;00-17 ans;Hommes;172.726123773013;27;Bourgogne et Franche-Comté
2022;21;Côte-d'Or;65 ans et plus;Hommes;178.591360642929;27;Bourgogne et Franche-Comté
2022;21;Côte-d'Or;25-44 ans;Femmes;1080.27960177928;27;Bourgogne et Franche-Comté
2022;21;Côte-d'Or;00-17 ans;Hommes et Femmes;516.969584569733;27;Bourgogne et Franche-Comté
2022;21;Côte-d'Or;45-64 ans;Hommes et Femmes;788.46504836649;27;Bourgogne et Franche-Comté
2022;21;Côte-d'Or;65 ans et plus;Hommes et Femmes;222.449033000968;27;Bourgogne et Franche-Comté
2023;21;Côte-d'Or;00-17 ans;Hommes;225.08500550739902;27;Bourgogne et Franche-Comté
2023;21;Côte-d'Or;18-24 ans;Femmes;3782.1482602118003;27;Bourgogne et Franche-Comté
2023;21;Côte-d'Or;25-44 ans;Femmes;1189.68447498707;27;Bourgogne et Franche-Comté
2023;21;Côte-d'Or;45-64 ans;Femmes;1196.66584137988;27;Bourgogne et Franche-Comté
2023;21;Côte-d'Or;65 ans et plus;Hommes et Femmes;228.250603421135;27;Bourgogne et Franche-Comté
2024;21;Côte-d'Or;00-17 ans;Hommes;320.248435149692;27;Bourgogne et Franche-Comté
2024;21;Côte-d'Or;45-64 ans;Hommes;563.856780377784;27;Bourgogne et Franche-Comté
2024;21;Côte-d'Or;65 ans et plus;Hommes;173.075882957434;27;Bourgogne et Franche-Comté
2024;21;Côte-d'Or;18-24 ans;Femmes;3501.8844221105505;27;Bourgogne et Franche-Comté
2024;21;Côte-d'Or;65 ans et plus;Femmes;320.419458199825;27;Bourgogne et Franche-Comté
2024;21;Côte-d'Or;Tous;Hommes et Femmes;825.811806203963;27;Bourgogne et Franche-Comté
2020;22;Côtes-d'Armor;45-64 ans;Hommes;801.9793532974999;53;Bretagne
2020;22;Côtes-d'Armor;Tous;Hommes;606.763145025448;53;Bretagne
2020;22;Côtes-d'Armor;25-44 ans;Femmes;1520.01977261493;53;Bretagne
2020;22;Côtes-d'Armor;65 ans et plus;Femmes;378.767085689191;53;Bretagne
2020;22;Côtes-d'Armor;Tous;Femmes;999.344366518983;53;Bretagne
2020;22;Côtes-d'Armor;65 ans et plus;Hommes et Femmes;319.770983067365;53;Bretagne
2021;22;Côtes-d'Armor;65 ans et plus;Hommes;236.074419650385;53;Bretagne
2021;22;Côtes-d'Armor;Tous;Hommes;557.938067440226;53;Bretagne
2021;22;Côtes-d'Armor;00-17 ans;Femmes;916.4522001129869;53;Bretagne
2021;22;Côtes-d'Armor;25-44 ans;Femmes;1069.25642534824;53;Bretagne
2021;22;Côtes-d'Armor;00-17 ans;Hommes et Femmes;526.0169162258289;53;Bretagne
2021;22;Côtes-d'Armor;18-24 ans;Hommes et Femmes;1296.1819945331101;53;Bretagne
2021;22;Côtes-d'Armor;65 ans et plus;Hommes et Femmes;294.60317460317503;53;Bretagne
2021;22;Côtes-d'Armor;Tous;Hommes et Femmes;740.231705221957;53;Bretagne
2022;22;Côtes-d'Armor;18-24 ans;Hommes;890.1166359729899;53;Bretagne
2022;22;Côtes-d'Armor;45-64 ans;Hommes;827.1931044070619;53;Bretagne
2022;22;Côtes-d'Armor;00-17 ans;Femmes;840.8577878103839;53;Bretagne
2022;22;Côtes-d'Armor;65 ans et plus;Femmes;308.982564555286;53;Bretagne
2022;22;Côtes-d'Armor;25-44 ans;Hommes et Femmes;1055.81864762053;53;Bretagne
2022;22;Côtes-d'Armor;65 ans et plus;Hommes et Femmes;271.357270921161;53;Bretagne
2023;22;Côtes-d'Armor;00-17 ans;Hommes;183.59522652411;53;Bretagne
2023;22;Côtes-d'Armor;18-24 ans;Hommes;739.766562551373;53;Bretagne
2023;22;Côtes-d'Armor;25-44 ans;Hommes;1095.9274793667998;53;Bretagne
2023;22;Côtes-d'Armor;45-64 ans;Hommes;726.643598615917;53;Bretagne
2023;22;Côtes-d'Armor;Tous;Hommes;523.351099725929;53;Bretagne
2023;22;Côtes-d'Armor;00-17 ans;Femmes;972.953126912251;53;Bretagne
2023;22;Côtes-d'Armor;25-44 ans;Femmes;1540.2276858318198;53;Bretagne
2023;22;Côtes-d'Armor;45-64 ans;Femmes;1364.7219379051498;53;Bretagne
2023;22;Côtes-d'Armor;25-44 ans;Hommes et Femmes;1279.86686214685;53;Bretagne
2023;22;Côtes-d'Armor;Tous;Hommes et Femmes;752.1130623705279;53;Bretagne
2024;22;Côtes-d'Armor;00-17 ans;Hommes;236.520991237972;53;Bretagne
2024;22;Côtes-d'Armor;18-24 ans;Hommes;678.4709581333769;53;Bretagne
2024;22;Côtes-d'Armor;25-44 ans;Hommes;749.442981567754;53;Bretagne
2024;22;Côtes-d'Armor;45-64 ans;Hommes;627.067254685777;53;Bretagne
2024;22;Côtes-d'Armor;Tous;Hommes;433.502371994111;53;Bretagne
2024;22;Côtes-d'Armor;00-17 ans;Femmes;1036.3636363636401;53;Bretagne
2024;22;Côtes-d'Armor;Tous;Femmes;1047.29032067735;53;Bretagne
2020;23;Creuse;00-17 ans;Hommes;351.082504388531;75;Nouvelle Aquitaine
2020;23;Creuse;45-64 ans;Hommes;524.292205522545;75;Nouvelle Aquitaine
2020;23;Creuse;00-17 ans;Femmes;686.3417982155111;75;Nouvelle Aquitaine
2020;23;Creuse;18-24 ans;Femmes;1069.5187165775399;75;Nouvelle Aquitaine
2020;23;Creuse;25-44 ans;Femmes;1066.40814348037;75;Nouvelle Aquitaine
2020;23;Creuse;Tous;Femmes;695.728753852928;75;Nouvelle Aquitaine
2020;23;Creuse;18-24 ans;Hommes et Femmes;620.15503875969;75;Nouvelle Aquitaine
2020;23;Creuse;45-64 ans;Hommes et Femmes;847.784200385356;75;Nouvelle Aquitaine
2021;23;Creuse;18-24 ans;Hommes;537.634408602151;75;Nouvelle Aquitaine
2021;23;Creuse;Tous;Hommes;316.72460409424497;75;Nouvelle Aquitaine
2021;23;Creuse;Tous;Femmes;592.6544240400669;75;Nouvelle Aquitaine
2021;23;Creuse;25-44 ans;Hommes et Femmes;713.359273670558;75;Nouvelle Aquitaine
2021;23;Creuse;45-64 ans;Hommes et Femmes;562.451512800621;75;Nouvelle Aquitaine
2021;23;Creuse;Tous;Hommes et Femmes;449.330016849876;75;Nouvelle Aquitaine
2022;23;Creuse;18-24 ans;Femmes;1026.69404517454;75;Nouvelle Aquitaine
2022;23;Creuse;00-17 ans;Hommes et Femmes;412.46562786434504;75;Nouvelle Aquitaine
2022;23;Creuse;18-24 ans;Hommes et Femmes;721.153846153846;75;Nouvelle Aquitaine
2022;23;Creuse;45-64 ans;Hommes et Femmes;812.393727564708;75;Nouvelle Aquitaine
2022;23;Creuse;Tous;Hommes et Femmes;468.78001921229605;75;Nouvelle Aquitaine
2023;23;Creuse;18-24 ans;Hommes;164.338537387017;75;Nouvelle Aquitaine
2023;23;Creuse;65 ans et plus;Hommes;147.08972473208698;75;Nouvelle Aquitaine
2023;23;Creuse;25-44 ans;Femmes;689.338235294118;75;Nouvelle Aquitaine
2023;23;Creuse;45-64 ans;Femmes;705.980066445183;75;Nouvelle Aquitaine
2023;23;Creuse;00-17 ans;Hommes et Femmes;381.508078994614;75;Nouvelle Aquitaine
2023;23;Creuse;18-24 ans;Hommes et Femmes;687.4427131072409;75;Nouvelle Aquitaine
2023;23;Creuse;25-44 ans;Hommes et Femmes;682.319887617901;75;Nouvelle Aquitaine
2024;23;Creuse;18-24 ans;Hommes;831.9467554076541;75;Nouvelle Aquitaine
2024;23;Creuse;18-24 ans;Femmes;1541.42581888247;75;Nouvelle Aquitaine
2024;23;Creuse;25-44 ans;Femmes;571.931368235812;75;Nouvelle Aquitaine
2024;23;Creuse;45-64 ans;Femmes;945.723684210526;75;Nouvelle Aquitaine
2024;23;Creuse;45-64 ans;Hommes et Femmes;600.873998543336;75;Nouvelle Aquitaine
2024;23;Creuse;65 ans et plus;Hommes et Femmes;173.327895595432;75;Nouvelle Aquitaine
2024;23;Creuse;Tous;Hommes et Femmes;447.16053063049605;75;Nouvelle Aquitaine
2020;24;Dordogne;25-44 ans;Hommes;1257.23972312474;75;Nouvelle Aquitaine
2020;24;Dordogne;18-24 ans;Femmes;1610.6922549691599;75;Nouvelle Aquitaine
2020;24;Dordogne;25-44 ans;Femmes;1105.4149311118201;75;Nouvelle Aquitaine
2020;24;Dordogne;Tous;Femmes;956.6545137265899;75;Nouvelle Aquitaine
2020;24;Dordogne;18-24 ans;Hommes et Femmes;1224.2815847645;75;Nouvelle Aquitaine
2020;24;Dordogne;25-44 ans;Hommes et Femmes;1185.74108818011;75;Nouvelle Aquitaine
2021;24;Dordogne;25-44 ans;Hommes;1127.02512326837;75;Nouvelle Aquitaine
2021;24;Dordogne;45-64 ans;Hommes;814.420675426213;75;Nouvelle Aquitaine
2021;24;Dordogne;25-44 ans;Femmes;1147.13800772562;75;Nouvelle Aquitaine
2021;24;Dordogne;45-64 ans;Femmes;1477.1997430957001;75;Nouvelle Aquitaine
2021;24;Dordogne;65 ans et plus;Femmes;310.794944402238;75;Nouvelle Aquitaine
2021;24;Dordogne;Tous;Femmes;799.1842155188771;75;Nouvelle Aquitaine
2021;24;Dordogne;18-24 ans;Hommes et Femmes;625.084930017665;75;Nouvelle Aquitaine
2021;24;Dordogne;65 ans et plus;Hommes et Femmes;289.48332722608995;75;Nouvelle Aquitaine
2022;24;Dordogne;25-44 ans;Hommes;717.753852649356;75;Nouvelle Aquitaine
2022;24;Dordogne;45-64 ans;Hommes;622.213004251789;75;Nouvelle Aquitaine
2022;24;Dordogne;Tous;Hommes;412.55241444609794;75;Nouvelle Aquitaine
2022;24;Dordogne;Tous;Femmes;740.382288894266;75;Nouvelle Aquitaine
2022;24;Dordogne;00-17 ans;Hommes et Femmes;364.888123924269;75;Nouvelle Aquitaine
2022;24;Dordogne;65 ans et plus;Hommes et Femmes;230.36574992911798;75;Nouvelle Aquitaine
2023;24;Dordogne;65 ans et plus;Hommes;214.0063463951;75;Nouvelle Aquitaine
2023;24;Dordogne;25-44 ans;Femmes;958.682149608426;75;Nouvelle Aquitaine
2023;24;Dordogne;45-64 ans;Femmes;1447.10578842315;75;Nouvelle Aquitaine
2023;24;Dordogne;25-44 ans;Hommes et Femmes;885.224034438853;75;Nouvelle Aquitaine
2024;24;Dordogne;00-17 ans;Hommes;89.9766060824186;75;Nouvelle Aquitaine
2024;24;Dordogne;25-44 ans;Hommes;576.224477013654;75;Nouvelle Aquitaine
2024;24;Dordogne;45-64 ans;Hommes;630.127214362145;75;Nouvelle Aquitaine
2024;24;Dordogne;00-17 ans;Femmes;1138.90129522108;75;Nouvelle Aquitaine
2024;24;Dordogne;18-24 ans;Femmes;1322.9308005427401;75;Nouvelle Aquitaine
2024;24;Dordogne;45-64 ans;Femmes;1214.08336705787;75;Nouvelle Aquitaine
2024;24;Dordogne;Tous;Hommes et Femmes;582.5032774256331;75;Nouvelle Aquitaine
2020;25;Doubs;18-24 ans;Hommes;788.804071246819;27;Bourgogne et Franche-Comté
2020;25;Doubs;45-64 ans;Hommes;906.1643018957909;27;Bourgogne et Franche-Comté
2020;25;Doubs;18-24 ans;Femmes;2344.42836468886;27;Bourgogne et Franche-Comté
2020;25;Doubs;18-24 ans;Hommes et Femmes;1516.5876777251199;27;Bourgogne et Franche-Comté
2020;25;Doubs;Tous;Hommes et Femmes;827.033019044179;27;Bourgogne et Franche-Comté
2021;25;Doubs;00-17 ans;Hommes;163.549740453673;27;Bourgogne et Franche-Comté
2021;25;Doubs;Tous;Hommes;403.07422413433;27;Bourgogne et Franche-Comté
2021;25;Doubs;25-44 ans;Femmes;1348.08597227521;27;Bourgogne et Franche-Comté
2021;25;Doubs;18-24 ans;Hommes et Femmes;1449.44341372913;27;Bourgogne et Franche-Comté
2021;25;Doubs;25-44 ans;Hommes et Femmes;1077.7648814458598;27;Bourgogne et Franche-Comté
2021;25;Doubs;Tous;Hommes et Femmes;739.666424945613;27;Bourgogne et Franche-Comté
2022;25;Doubs;45-64 ans;Hommes;634.848656614896;27;Bourgogne et Franche-Comté
2022;25;Doubs;65 ans et plus;Hommes;113.28235627301;27;Bourgogne et Franche-Comté
2022;25;Doubs;18-24 ans;Femmes;2632.19741480611;27;Bourgogne et Franche-Comté
2022;25;Doubs;65 ans et plus;Femmes;215.09076830422399;27;Bourgogne et Franche-Comté
2022;25;Doubs;Tous;Femmes;974.1568504501281;27;Bourgogne et Franche-Comté
2022;25;Doubs;00-17 ans;Hommes et Femmes;510.527545129968;27;Bourgogne et Franche-Comté
2023;25;Doubs;25-44 ans;Hommes;777.88191190253;27;Bourgogne et Franche-Comté
2023;25;Doubs;45-64 ans;Hommes;674.991562605467;27;Bourgogne et Franche-Comté
2023;25;Doubs;00-17 ans;Femmes;900.6235085828649;27;Bourgogne et Franche-Comté
2023;25;Doubs;25-44 ans;Femmes;1299.9754721609;27;Bourgogne et Franche-Comté
2023;25;Doubs;00-17 ans;Hommes et Femmes;554.638958121248;27;Bourgogne et Franche-Comté
2024;25;Doubs;45-64 ans;Hommes;761.58940397351;27;Bourgogne et Franche-Comté
2024;25;Doubs;Tous;Hommes;582.131106049102;27;Bourgogne et Franche-Comté
2024;25;Doubs;00-17 ans;Hommes et Femmes;616.8561131133911;27;Bourgogne et Franche-Comté
2024;25;Doubs;45-64 ans;Hommes et Femmes;1073.23617293737;27;Bourgogne et Franche-Comté
2020;26;Drôme;25-44 ans;Hommes;435.06813331144303;84;Auvergne et Rhône-Alpes
2020;26;Drôme;45-64 ans;Hommes;313.171080887616;84;Auvergne et Rhône-Alpes
2020;26;Drôme;65 ans et plus;Hommes;32.226877215597796;84;Auvergne et Rhône-Alpes
2020;26;Drôme;Tous;Femmes;533.458853063466;84;Auvergne et Rhône-Alpes
2020;26;Drôme;00-17 ans;Hommes et Femmes;250.95902197684;84;Auvergne et Rhône-Alpes
2021;26;Drôme;25-44 ans;Hommes;295.04741833509;84;Auvergne et Rhône-Alpes
2021;26;Drôme;65 ans et plus;Hommes;71.10858280594469;84;Auvergne et Rhône-Alpes
2021;26;Drôme;00-17 ans;Femmes;590.24362016087;84;Auvergne et Rhône-Alpes
2021;26;Drôme;25-44 ans;Femmes;521.162349968414;84;Auvergne et Rhône-Alpes
2021;26;Drôme;65 ans et plus;Femmes;254.298861709857;84;Auvergne et Rhône-Alpes
2021;26;Drôme;Tous;Femmes;504.665777947058;84;Auvergne et Rhône-Alpes
2021;26;Drôme;Tous;Hommes et Femmes;341.234398259476;84;Auvergne et Rhône-Alpes
2022;26;Drôme;25-44 ans;Hommes;426.04990870359103;84;Auvergne et Rhône-Alpes
2022;26;Drôme;65 ans et plus;Hommes;177.904287493329;84;Auvergne et Rhône-Alpes
2022;26;Drôme;Tous;Hommes;238.41324129666802;84;Auvergne et Rhône-Alpes
2022;26;Drôme;18-24 ans;Femmes;1117.77093795561;84;Auvergne et Rhône-Alpes
2022;26;Drôme;25-44 ans;Femmes;474.096468324859;84;Auvergne et Rhône-Alpes
2022;26;Drôme;65 ans et plus;Femmes;225.34325542396002;84;Auvergne et Rhône-Alpes
2022;26;Drôme;Tous;Femmes;531.748087752069;84;Auvergne et Rhône-Alpes
2023;26;Drôme;00-17 ans;Hommes;147.966517290944;84;Auvergne et Rhône-Alpes
2023;26;Drôme;18-24 ans;Hommes;316.360349502862;84;Auvergne et Rhône-Alpes
2023;26;Drôme;45-64 ans;Hommes;284.999304879744;84;Auvergne et Rhône-Alpes
2023;26;Drôme;Tous;Hommes;236.89217625786;84;Auvergne et Rhône-Alpes
2023;26;Drôme;00-17 ans;Femmes;594.493116395494;84;Auvergne et Rhône-Alpes
2023;26;Drôme;00-17 ans;Hommes et Femmes;347.88699509689496;84;Auvergne et Rhône-Alpes
2023;26;Drôme;65 ans et plus;Hommes et Femmes;157.45089666951299;84;Auvergne et Rhône-Alpes
2024;26;Drôme;25-44 ans;Hommes;437.610881135423;84;Auvergne et Rhône-Alpes
2024;26;Drôme;45-64 ans;Hommes;317.267449709734;84;Auvergne et Rhône-Alpes
2024;26;Drôme;00-17 ans;Femmes;597.858831162812;84;Auvergne et Rhône-Alpes
2024;26;Drôme;45-64 ans;Femmes;736.019424842553;84;Auvergne et Rhône-Alpes
2024;26;Drôme;25-44 ans;Hommes et Femmes;544.340414942922;84;Auvergne et Rhône-Alpes
2024;26;Drôme;45-64 ans;Hommes et Femmes;514.414317865181;84;Auvergne et Rhône-Alpes
2024;26;Drôme;65 ans et plus;Hommes et Femmes;164.325878758313;84;Auvergne et Rhône-Alpes
2020;27;Eure;Tous;Hommes;188.581089868644;28;Normandie
2020;27;Eure;45-64 ans;Femmes;323.291697281411;28;Normandie
2020;27;Eure;00-17 ans;Hommes et Femmes;135.71973873950301;28;Normandie
2020;27;Eure;18-24 ans;Hommes et Femmes;228.83295194508003;28;Normandie
2020;27;Eure;25-44 ans;Hommes et Femmes;203.339700536077;28;Normandie
2021;27;Eure;00-17 ans;Hommes;116.493544316086;28;Normandie
2021;27;Eure;25-44 ans;Hommes;313.75703942075603;28;Normandie
2021;27;Eure;45-64 ans;Hommes;295.066851083449;28;Normandie
2021;27;Eure;65 ans et plus;Hommes;144.67293582721902;28;Normandie
2021;27;Eure;Tous;Hommes;249.38683814588097;28;Normandie
2021;27;Eure;Tous;Femmes;453.05291159233497;28;Normandie
2022;27;Eure;18-24 ans;Femmes;347.412689705613;28;Normandie
2022;27;Eure;25-44 ans;Femmes;247.14504857678497;28;Normandie
2022;27;Eure;Tous;Femmes;215.68940725355498;28;Normandie
2022;27;Eure;25-44 ans;Hommes et Femmes;202.45373932056498;28;Normandie
2022;27;Eure;45-64 ans;Hommes et Femmes;269.771404231151;28;Normandie
2022;27;Eure;65 ans et plus;Hommes et Femmes;107.92249202845201;28;Normandie
2022;27;Eure;Tous;Hommes et Femmes;196.4345645865;28;Normandie
2023;27;Eure;00-17 ans;Hommes;125.824366539396;28;Normandie
2023;27;Eure;25-44 ans;Hommes;494.456878155416;28;Normandie
2023;27;Eure;45-64 ans;Femmes;673.246617425976;28;Normandie
2023;27;Eure;65 ans et plus;Femmes;216.358839050132;28;Normandie
2023;27;Eure;00-17 ans;Hommes et Femmes;262.890877225348;28;Normandie
2023;27;Eure;Tous;Hommes et Femmes;428.24561838419396;28;Normandie
2024;27;Eure;18-24 ans;Femmes;1084.44011209943;28;Normandie
2024;27;Eure;45-64 ans;Femmes;599.904965550012;28;Normandie
2024;27;Eure;18-24 ans;Hommes et Femmes;808.641602800072;28;Normandie
2024;27;Eure;25-44 ans;Hommes et Femmes;546.557188849235;28;Normandie
2024;27;Eure;45-64 ans;Hommes et Femmes;452.864799793631;28;Normandie
2024;27;Eure;Tous;Hommes et Femmes;434.64672654875403;28;Normandie
2020;28;Eure-et-Loir;00-17 ans;Hommes;64.7808248758368;24;Centre-Val de Loire
2020;28;Eure-et-Loir;65 ans et plus;Hommes;152.162886747337;24;Centre-Val de Loire
2020;28;Eure-et-Loir;Tous;Hommes;284.45916750684097;24;Centre-Val de Loire
2020;28;Eure-et-Loir;18-24 ans;Femmes;950.118764845606;24;Centre-Val de Loire
2020;28;Eure-et-Loir;Tous;Femmes;512.1034033145;24;Centre-Val de Loire
2020;28;Eure-et-Loir;45-64 ans;Hommes et Femmes;536.87482339644;24;Centre-Val de Loire
2021;28;Eure-et-Loir;25-44 ans;Hommes;462.44302041355604;24;Centre-Val de Loire
2021;28;Eure-et-Loir;25-44 ans;Femmes;524.205982115325;24;Centre-Val de Loire
2021;28;Eure-et-Loir;45-64 ans;Femmes;678.43714239006;24;Centre-Val de Loire
2021;28;Eure-et-Loir;65 ans et plus;Femmes;188.37766868364;24;Centre-Val de Loire
2021;28;Eure-et-Loir;65 ans et plus;Hommes et Femmes;147.99284701239398;24;Centre-Val de Loire
2022;28;Eure-et-Loir;00-17 ans;Hommes;151.141115421432;24;Centre-Val de Loire
2022;28;Eure-et-Loir;Tous;Hommes;261.821435149857;24;Centre-Val de Loire
2022;28;Eure-et-Loir;18-24 ans;Femmes;755.891507336594;24;Centre-Val de Loire
2022;28;Eure-et-Loir;00-17 ans;Hommes et Femmes;274.893097128894;24;Centre-Val de Loire
2022;28;Eure-et-Loir;18-24 ans;Hommes et Femmes;569.0412734999641;24;Centre-Val de Loire
2022;28;Eure-et-Loir;25-44 ans;Hommes et Femmes;391.431653567576;24;Centre-Val de Loire
2022;28;Eure-et-Loir;45-64 ans;Hommes et Femmes;500.20698219953096;24;Centre-Val de Loire
2022;28;Eure-et-Loir;65 ans et plus;Hommes et Femmes;143.55916293965;24;Centre-Val de Loire
2023;28;Eure-et-Loir;00-17 ans;Hommes;94.3307235166494;24;Centre-Val de Loire
2023;28;Eure-et-Loir;18-24 ans;Hommes;390.407138873397;24;Centre-Val de Loire
2023;28;Eure-et-Loir;25-44 ans;Hommes;287.27539007491697;24;Centre-Val de Loire
2023;28;Eure-et-Loir;Tous;Hommes;214.565029709004;24;Centre-Val de Loire
2023;28;Eure-et-Loir;00-17 ans;Femmes;393.351800554017;24;Centre-Val de Loire
2023;28;Eure-et-Loir;Tous;Femmes;472.797843104055;24;Centre-Val de Loire
2023;28;Eure-et-Loir;25-44 ans;Hommes et Femmes;417.196792614729;24;Centre-Val de Loire
2023;28;Eure-et-Loir;65 ans et plus;Hommes et Femmes;143.61702127659598;24;Centre-Val de Loire
2024;28;Eure-et-Loir;65 ans et plus;Hommes;117.31843575419;24;Centre-Val de Loire
2024;28;Eure-et-Loir;00-17 ans;Femmes;400.81083571362797;24;Centre-Val de Loire
2024;28;Eure-et-Loir;25-44 ans;Hommes et Femmes;394.86966332165497;24;Centre-Val de Loire
2020;29;Finistère;18-24 ans;Hommes;410.123036911073;53;Bretagne
2020;29;Finistère;25-44 ans;Femmes;719.8284664080049;53;Bretagne
2020;29;Finistère;65 ans et plus;Femmes;212.77853301022498;53;Bretagne
2020;29;Finistère;Tous;Femmes;611.913745576822;53;Bretagne
2020;29;Finistère;00-17 ans;Hommes et Femmes;252.449911642531;53;Bretagne
2020;29;Finistère;25-44 ans;Hommes et Femmes;732.169253510717;53;Bretagne
2020;29;Finistère;65 ans et plus;Hommes et Femmes;190.27449163619502;53;Bretagne
2021;29;Finistère;18-24 ans;Hommes;367.197062423501;53;Bretagne
2021;29;Finistère;25-44 ans;Hommes;536.1930294906169;53;Bretagne
2021;29;Finistère;45-64 ans;Hommes;398.624355166484;53;Bretagne
2021;29;Finistère;18-24 ans;Femmes;970.695970695971;53;Bretagne
2022;29;Finistère;00-17 ans;Hommes;124.18503570319801;53;Bretagne
2022;29;Finistère;25-44 ans;Hommes;576.652141148717;53;Bretagne
2022;29;Finistère;Tous;Hommes;321.18012378225103;53;Bretagne
2022;29;Finistère;18-24 ans;Femmes;1694.6493017417201;53;Bretagne
2022;29;Finistère;65 ans et plus;Femmes;227.389938581274;53;Bretagne
2022;29;Finistère;00-17 ans;Hommes et Femmes;369.25878464962597;53;Bretagne
2022;29;Finistère;18-24 ans;Hommes et Femmes;1032.23876131349;53;Bretagne
2022;29;Finistère;25-44 ans;Hommes et Femmes;662.542552802079;53;Bretagne
2022;29;Finistère;65 ans et plus;Hommes et Femmes;174.998391558901;53;Bretagne
2023;29;Finistère;00-17 ans;Femmes;697.061803444782;53;Bretagne
2023;29;Finistère;18-24 ans;Femmes;1861.6116967018002;53;Bretagne
2023;29;Finistère;Tous;Hommes et Femmes;537.9982793232;53;Bretagne
2024;29;Finistère;Tous;Hommes;261.426517363078;53;Bretagne
2024;29;Finistère;00-17 ans;Femmes;655.307994757536;53;Bretagne
2024;29;Finistère;45-64 ans;Femmes;680.328548908985;53;Bretagne
2024;29;Finistère;25-44 ans;Hommes et Femmes;624.617722832836;53;Bretagne
2024;29;Finistère;65 ans et plus;Hommes et Femmes;142.862421025407;53;Bretagne
2024;29;Finistère;Tous;Hommes et Femmes;412.73474288501603;53;Bretagne
2020;2A;Corse-du-Sud;00-17 ans;Hommes;174.013921113689;94;Corse
2020;2A;Corse-du-Sud;25-44 ans;Hommes;827.2601930273779;94;Corse
2020;2A;Corse-du-Sud;45-64 ans;Hommes;616.302186878728;94;Corse
2020;2A;Corse-du-Sud;18-24 ans;Femmes;878.2201405152219;94;Corse
2020;2A;Corse-du-Sud;00-17 ans;Hommes et Femmes;177.763413057531;94;Corse
2020;2A;Corse-du-Sud;18-24 ans;Hommes et Femmes;741.179958493922;94;Corse
2020;2A;Corse-du-Sud;Tous;Hommes et Femmes;551.691053010314;94;Corse
2021;2A;Corse-du-Sud;18-24 ans;Hommes;519.705500216544;94;Corse
2021;2A;Corse-du-Sud;18-24 ans;Femmes;638.213003589948;94;Corse
2021;2A;Corse-du-Sud;Tous;Femmes;565.7708628005661;94;Corse
2021;2A;Corse-du-Sud;25-44 ans;Hommes et Femmes;684.5312630436599;94;Corse
2022;2A;Corse-du-Sud;45-64 ans;Hommes;263.427484267525;94;Corse
2022;2A;Corse-du-Sud;65 ans et plus;Hommes;92.038656235619;94;Corse
2022;2A;Corse-du-Sud;00-17 ans;Femmes;405.67951318458404;94;Corse
2022;2A;Corse-du-Sud;18-24 ans;Femmes;318.344608038201;94;Corse
2022;2A;Corse-du-Sud;45-64 ans;Femmes;399.33444259567403;94;Corse
2022;2A;Corse-du-Sud;Tous;Femmes;371.496116176967;94;Corse
2022;2A;Corse-du-Sud;18-24 ans;Hommes et Femmes;244.498777506112;94;Corse
2022;2A;Corse-du-Sud;25-44 ans;Hommes et Femmes;334.396142779376;94;Corse
2023;2A;Corse-du-Sud;00-17 ans;Hommes;77.3395204949729;94;Corse
2023;2A;Corse-du-Sud;18-24 ans;Femmes;527.811611855461;94;Corse
2023;2A;Corse-du-Sud;45-64 ans;Femmes;479.430869161769;94;Corse
2023;2A;Corse-du-Sud;65 ans et plus;Femmes;243.664717348928;94;Corse
2023;2A;Corse-du-Sud;Tous;Femmes;387.069777173344;94;Corse
2024;2A;Corse-du-Sud;18-24 ans;Hommes;343.053173241852;94;Corse
2024;2A;Corse-du-Sud;45-64 ans;Hommes;291.909924937448;94;Corse
2024;2A;Corse-du-Sud;18-24 ans;Femmes;645.994832041344;94;Corse
2024;2A;Corse-du-Sud;25-44 ans;Femmes;686.49885583524;94;Corse
2024;2A;Corse-du-Sud;25-44 ans;Hommes et Femmes;516.855666126668;94;Corse
2024;2A;Corse-du-Sud;45-64 ans;Hommes et Femmes;461.74142480211094;94;Corse
2024;2A;Corse-du-Sud;65 ans et plus;Hommes et Femmes;183.323851065175;94;Corse
2024;2A;Corse-du-Sud;Tous;Hommes et Femmes;375.475774097315;94;Corse
2020;2B;Haute-Corse;18-24 ans;Hommes;251.382604323781;94;Corse
2020;2B;Haute-Corse;00-17 ans;Femmes;371.85354691075497;94;Corse
2020;2B;Haute-Corse;18-24 ans;Femmes;882.223202470225;94;Corse
2020;2B;Haute-Corse;25-44 ans;Femmes;662.517566753664;94;Corse
2020;2B;Haute-Corse;00-17 ans;Hommes et Femmes;223.272918308379;94;Corse
2021;2B;Haute-Corse;45-64 ans;Hommes;475.643759225849;94;Corse
2021;2B;Haute-Corse;65 ans et plus;Hommes;248.60161591050297;94;Corse
2021;2B;Haute-Corse;45-64 ans;Femmes;1001.17785630153;94;Corse
2021;2B;Haute-Corse;18-24 ans;Hommes et Femmes;765.411667356227;94;Corse
2021;2B;Haute-Corse;25-44 ans;Hommes et Femmes;917.758175175978;94;Corse
2022;2B;Haute-Corse;00-17 ans;Femmes;343.947631199379;94;Corse
2022;2B;Haute-Corse;65 ans et plus;Femmes;239.476835221516;94;Corse
2022;2B;Haute-Corse;Tous;Femmes;412.661307635427;94;Corse
2022;2B;Haute-Corse;25-44 ans;Hommes et Femmes;257.266407575675;94;Corse
2022;2B;Haute-Corse;45-64 ans;Hommes et Femmes;458.641342470188;94;Corse
2023;2B;Haute-Corse;00-17 ans;Hommes;88.04754567466429;94;Corse
2023;2B;Haute-Corse;Tous;Hommes;182.602079634796;94;Corse
2023;2B;Haute-Corse;18-24 ans;Femmes;263.852242744063;94;Corse
2023;2B;Haute-Corse;Tous;Femmes;365.514501390544;94;Corse
2023;2B;Haute-Corse;00-17 ans;Hommes et Femmes;230.764559421874;94;Corse
2023;2B;Haute-Corse;Tous;Hommes et Femmes;271.999585524441;94;Corse
2024;2B;Haute-Corse;45-64 ans;Hommes;248.550124275062;94;Corse
2024;2B;Haute-Corse;Tous;Hommes;270.79722703639504;94;Corse
2024;2B;Haute-Corse;18-24 ans;Femmes;937.8663540445491;94;Corse
2024;2B;Haute-Corse;45-64 ans;Femmes;603.478878239262;94;Corse
2024;2B;Haute-Corse;65 ans et plus;Femmes;361.731320942996;94;Corse
2024;2B;Haute-Corse;45-64 ans;Hommes et Femmes;419.916016796641;94;Corse
2020;30;Gard;45-64 ans;Hommes;442.783208740656;76;Occitanie
2020;30;Gard;65 ans et plus;Hommes;139.783335829464;76;Occitanie
2020;30;Gard;Tous;Hommes;323.161103154493;76;Occitanie
2020;30;Gard;18-24 ans;Femmes;777.331995987964;76;Occitanie
2020;30;Gard;65 ans et plus;Femmes;279.367987176551;76;Occitanie
2020;30;Gard;00-17 ans;Hommes et Femmes;351.220635651773;76;Occitanie
2020;30;Gard;65 ans et plus;Hommes et Femmes;212.583002914059;76;Occitanie
2020;30;Gard;Tous;Hommes et Femmes;439.067768350069;76;Occitanie
2021;30;Gard;25-44 ans;Hommes;540.0;76;Occitanie
2021;30;Gard;Tous;Hommes;331.494098973124;76;Occitanie
2021;30;Gard;00-17 ans;Femmes;738.479716423789;76;Occitanie
2021;30;Gard;65 ans et plus;Femmes;295.794572812621;76;Occitanie
2021;30;Gard;45-64 ans;Hommes et Femmes;725.584095196633;76;Occitanie
2022;30;Gard;25-44 ans;Hommes;485.346275900691;76;Occitanie
2022;30;Gard;00-17 ans;Femmes;673.2515391770389;76;Occitanie
2022;30;Gard;18-24 ans;Femmes;1011.0020814748699;76;Occitanie
2022;30;Gard;25-44 ans;Femmes;615.293219044386;76;Occitanie
2022;30;Gard;65 ans et plus;Femmes;240.76080414108597;76;Occitanie
2022;30;Gard;18-24 ans;Hommes et Femmes;680.600214362272;76;Occitanie
2022;30;Gard;25-44 ans;Hommes et Femmes;553.39482164685;76;Occitanie
2023;30;Gard;45-64 ans;Hommes;497.45804406057;76;Occitanie
2023;30;Gard;18-24 ans;Femmes;1109.57004160888;76;Occitanie
2023;30;Gard;25-44 ans;Femmes;599.546057984669;76;Occitanie
2023;30;Gard;Tous;Femmes;639.375305857571;76;Occitanie
2023;30;Gard;25-44 ans;Hommes et Femmes;522.74750610633;76;Occitanie
2023;30;Gard;65 ans et plus;Hommes et Femmes;228.93576960931102;76;Occitanie
2024;30;Gard;45-64 ans;Hommes;378.96246223178196;76;Occitanie
2024;30;Gard;65 ans et plus;Hommes;110.19508611541899;76;Occitanie
2024;30;Gard;65 ans et plus;Femmes;232.57531010041302;76;Occitanie
2024;30;Gard;18-24 ans;Hommes et Femmes;857.4150523975859;76;Occitanie
2024;30;Gard;25-44 ans;Hommes et Femmes;554.866505646583;76;Occitanie
2024;30;Gard;65 ans et plus;Hommes et Femmes;172.93724299604202;76;Occitanie
2020;31;Haute-Garonne;25-44 ans;Hommes;711.144113783058;76;Occitanie
2020;31;Haute-Garonne;65 ans et plus;Hommes;142.57512612415;76;Occitanie
2020;31;Haute-Garonne;Tous;Hommes;443.16764653483;76;Occitanie
2020;31;Haute-Garonne;00-17 ans;Femmes;559.754851889683;76;Occitanie
2020;31;Haute-Garonne;25-44 ans;Femmes;1023.05102305102;76;Occitanie
2020;31;Haute-Garonne;25-44 ans;Hommes et Femmes;857.3336165821979;76;Occitanie
2020;31;Haute-Garonne;Tous;Hommes et Femmes;613.213004743723;76;Occitanie
2021;31;Haute-Garonne;25-44 ans;Hommes;629.9019607843139;76;Occitanie
2021;31;Haute-Garonne;Tous;Hommes;385.19112369332504;76;Occitanie
2021;31;Haute-Garonne;25-44 ans;Femmes;832.7452364149609;76;Occitanie
2021;31;Haute-Garonne;Tous;Femmes;770.445259085088;76;Occitanie
2021;31;Haute-Garonne;65 ans et plus;Hommes et Femmes;238.70471284765298;76;Occitanie
2022;31;Haute-Garonne;00-17 ans;Hommes;130.856901646264;76;Occitanie
2022;31;Haute-Garonne;45-64 ans;Hommes;486.91229376007897;76;Occitanie
2022;31;Haute-Garonne;65 ans et plus;Hommes;151.966060913063;76;Occitanie
2022;31;Haute-Garonne;25-44 ans;Femmes;952.5476273813689;76;Occitanie
2022;31;Haute-Garonne;45-64 ans;Femmes;1045.65433149015;76;Occitanie
2023;31;Haute-Garonne;25-44 ans;Hommes;560.743767197532;76;Occitanie
2023;31;Haute-Garonne;65 ans et plus;Hommes;105.96748312089399;76;Occitanie
2023;31;Haute-Garonne;18-24 ans;Femmes;1979.15165489744;76;Occitanie
2023;31;Haute-Garonne;45-64 ans;Femmes;936.7279714521001;76;Occitanie
2023;31;Haute-Garonne;65 ans et plus;Femmes;303.135054644082;76;Occitanie
2023;31;Haute-Garonne;Tous;Femmes;838.9354283228031;76;Occitanie
2023;31;Haute-Garonne;18-24 ans;Hommes et Femmes;1282.98232873396;76;Occitanie
2024;31;Haute-Garonne;45-64 ans;Hommes;413.768817677612;76;Occitanie
2024;31;Haute-Garonne;25-44 ans;Femmes;881.258254292232;76;Occitanie
2024;31;Haute-Garonne;18-24 ans;Hommes et Femmes;1342.77986548266;76;Occitanie
2024;31;Haute-Garonne;65 ans et plus;Hommes et Femmes;185.939678980613;76;Occitanie
2020;32;Gers;45-64 ans;Hommes;897.904888593282;76;Occitanie
2020;32;Gers;65 ans et plus;Hommes;337.154416722859;76;Occitanie
2020;32;Gers;00-17 ans;Femmes;578.034682080925;76;Occitanie
2020;32;Gers;25-44 ans;Femmes;1469.27871772039;76;Occitanie
2020;32;Gers;45-64 ans;Femmes;1682.97455968689;76;Occitanie
2020;32;Gers;18-24 ans;Hommes et Femmes;1071.60253287871;76;Occitanie
2020;32;Gers;65 ans et plus;Hommes et Femmes;408.41972981463994;76;Occitanie
2020;32;Gers;Tous;Hommes et Femmes;840.0167243148729;76;Occitanie
2021;32;Gers;18-24 ans;Hommes;342.17279726261796;76;Occitanie
2021;32;Gers;25-44 ans;Hommes;1293.70629370629;76;Occitanie
2021;32;Gers;65 ans et plus;Hommes;137.82240598543;76;Occitanie
2021;32;Gers;Tous;Hommes;480.48827998181906;76;Occitanie
2021;32;Gers;Tous;Femmes;987.6024374868671;76;Occitanie
2022;32;Gers;00-17 ans;Hommes;255.754475703325;76;Occitanie
2022;32;Gers;25-44 ans;Hommes;682.9618979151691;76;Occitanie
2022;32;Gers;45-64 ans;Hommes;569.5443645083931;76;Occitanie
2022;32;Gers;65 ans et plus;Femmes;423.355089080967;76;Occitanie
2022;32;Gers;Tous;Femmes;1097.86244001745;76;Occitanie
2022;32;Gers;00-17 ans;Hommes et Femmes;726.744186046512;76;Occitanie
2022;32;Gers;25-44 ans;Hommes et Femmes;1135.4420113544202;76;Occitanie
2022;32;Gers;45-64 ans;Hommes et Femmes;1042.73504273504;76;Occitanie
2023;32;Gers;65 ans et plus;Hommes;260.756192959583;76;Occitanie
2023;32;Gers;Tous;Hommes;532.414657062324;76;Occitanie
2023;32;Gers;00-17 ans;Femmes;985.663082437276;76;Occitanie
2023;32;Gers;18-24 ans;Femmes;2583.0258302583;76;Occitanie
2023;32;Gers;25-44 ans;Femmes;1445.46649145861;76;Occitanie
2023;32;Gers;Tous;Femmes;1002.17254187399;76;Occitanie
2023;32;Gers;Tous;Hommes et Femmes;754.1178805318519;76;Occitanie
2024;32;Gers;45-64 ans;Hommes;961.538461538462;76;Occitanie
2024;32;Gers;25-44 ans;Femmes;1140.68441064639;76;Occitanie
2024;32;Gers;18-24 ans;Hommes et Femmes;1236.2637362637402;76;Occitanie
2024;32;Gers;65 ans et plus;Hommes et Femmes;271.548703573931;76;Occitanie
2024;32;Gers;Tous;Hommes et Femmes;783.454503203532;76;Occitanie
2020;33;Gironde;00-17 ans;Femmes;507.61421319796904;75;Nouvelle Aquitaine
2020;33;Gironde;45-64 ans;Femmes;1279.11142959513;75;Nouvelle Aquitaine
2020;33;Gironde;00-17 ans;Hommes et Femmes;307.649061436112;75;Nouvelle Aquitaine
2020;33;Gironde;18-24 ans;Hommes et Femmes;1063.35540081638;75;Nouvelle Aquitaine
2020;33;Gironde;45-64 ans;Hommes et Femmes;966.53536791235;75;Nouvelle Aquitaine
2020;33;Gironde;65 ans et plus;Hommes et Femmes;300.958281389697;75;Nouvelle Aquitaine
2020;33;Gironde;Tous;Hommes et Femmes;651.385142608116;75;Nouvelle Aquitaine
2021;33;Gironde;65 ans et plus;Hommes;196.963275075419;75;Nouvelle Aquitaine
2021;33;Gironde;18-24 ans;Femmes;1846.28337743565;75;Nouvelle Aquitaine
2021;33;Gironde;25-44 ans;Femmes;1076.60455486542;75;Nouvelle Aquitaine
2021;33;Gironde;00-17 ans;Hommes et Femmes;430.729509315922;75;Nouvelle Aquitaine
2021;33;Gironde;18-24 ans;Hommes et Femmes;1244.13075335706;75;Nouvelle Aquitaine
2021;33;Gironde;65 ans et plus;Hommes et Femmes;299.184978850717;75;Nouvelle Aquitaine
2022;33;Gironde;18-24 ans;Hommes;881.275988332403;75;Nouvelle Aquitaine
2022;33;Gironde;25-44 ans;Hommes;720.132628743135;75;Nouvelle Aquitaine
2022;33;Gironde;65 ans et plus;Hommes;161.517754134085;75;Nouvelle Aquitaine
2022;33;Gironde;18-24 ans;Femmes;2347.83156039529;75;Nouvelle Aquitaine
2022;33;Gironde;65 ans et plus;Femmes;320.67585200256497;75;Nouvelle Aquitaine
2022;33;Gironde;00-17 ans;Hommes et Femmes;429.16867068704;75;Nouvelle Aquitaine
2023;33;Gironde;00-17 ans;Hommes;160.644757263049;75;Nouvelle Aquitaine
2023;33;Gironde;25-44 ans;Femmes;1308.8622404211799;75;Nouvelle Aquitaine
2023;33;Gironde;Tous;Femmes;1020.26398958914;75;Nouvelle Aquitaine
2023;33;Gironde;45-64 ans;Hommes et Femmes;913.1896683478531;75;Nouvelle Aquitaine
2023;33;Gironde;65 ans et plus;Hommes et Femmes;252.047889098929;75;Nouvelle Aquitaine
2024;33;Gironde;00-17 ans;Hommes;198.619124184243;75;Nouvelle Aquitaine
2024;33;Gironde;18-24 ans;Hommes;946.4142895227941;75;Nouvelle Aquitaine
2024;33;Gironde;25-44 ans;Femmes;1209.0126396776;75;Nouvelle Aquitaine
2024;33;Gironde;65 ans et plus;Femmes;300.662685101857;75;Nouvelle Aquitaine
2024;33;Gironde;Tous;Femmes;964.7282889454591;75;Nouvelle Aquitaine
2024;33;Gironde;25-44 ans;Hommes et Femmes;1027.18435627896;75;Nouvelle Aquitaine
2024;33;Gironde;Tous;Hommes et Femmes;716.465157706589;75;Nouvelle Aquitaine
2020;34;Hérault;18-24 ans;Hommes;589.034888989579;76;Occitanie
2020;34;Hérault;00-17 ans;Femmes;496.72763886558096;76;Occitanie
2020;34;Hérault;18-24 ans;Femmes;1125.96299466649;76;Occitanie
2020;34;Hérault;25-44 ans;Femmes;777.1875873637131;76;Occitanie
2020;34;Hérault;65 ans et plus;Femmes;400.092775136264;76;Occitanie
2020;34;Hérault;Tous;Femmes;727.46553552492;76;Occitanie
2020;34;Hérault;00-17 ans;Hommes et Femmes;302.267002518892;76;Occitanie
2020;34;Hérault;65 ans et plus;Hommes et Femmes;294.362420244737;76;Occitanie
2020;34;Hérault;Tous;Hommes et Femmes;553.787529835434;76;Occitanie
2021;34;Hérault;25-44 ans;Femmes;617.6246419091169;76;Occitanie
2021;34;Hérault;45-64 ans;Femmes;757.527531988032;76;Occitanie
2021;34;Hérault;Tous;Femmes;567.895951283549;76;Occitanie
2021;34;Hérault;65 ans et plus;Hommes et Femmes;207.202245128124;76;Occitanie
2022;34;Hérault;00-17 ans;Hommes;90.07533573534229;76;Occitanie
2022;34;Hérault;18-24 ans;Hommes;558.153567657263;76;Occitanie
2022;34;Hérault;25-44 ans;Hommes;448.329048843188;76;Occitanie
2022;34;Hérault;65 ans et plus;Hommes;122.20629362412201;76;Occitanie
2022;34;Hérault;45-64 ans;Femmes;736.880446050825;76;Occitanie
2022;34;Hérault;18-24 ans;Hommes et Femmes;844.173475180806;76;Occitanie
2023;34;Hérault;18-24 ans;Hommes;439.56043956044005;76;Occitanie
2023;34;Hérault;Tous;Hommes;262.55972537922696;76;Occitanie
2023;34;Hérault;18-24 ans;Femmes;956.571647216376;76;Occitanie
2023;34;Hérault;00-17 ans;Hommes et Femmes;275.11382350092003;76;Occitanie
2023;34;Hérault;18-24 ans;Hommes et Femmes;703.6403615929639;76;Occitanie
2023;34;Hérault;65 ans et plus;Hommes et Femmes;192.588450905476;76;Occitanie
2024;34;Hérault;25-44 ans;Hommes;434.956790476735;76;Occitanie
2024;34;Hérault;65 ans et plus;Hommes;131.05895636744899;76;Occitanie
2024;34;Hérault;00-17 ans;Femmes;586.374352670925;76;Occitanie
2024;34;Hérault;45-64 ans;Femmes;550.785289943959;76;Occitanie
2020;35;Ille-et-Vilaine;18-24 ans;Hommes;1091.01349411427;53;Bretagne
2020;35;Ille-et-Vilaine;25-44 ans;Hommes;1088.81565224646;53;Bretagne
2020;35;Ille-et-Vilaine;45-64 ans;Hommes;629.509466853905;53;Bretagne
2020;35;Ille-et-Vilaine;65 ans et plus;Hommes;128.865979381443;53;Bretagne
2020;35;Ille-et-Vilaine;25-44 ans;Femmes;1713.8802467114199;53;Bretagne
2020;35;Ille-et-Vilaine;65 ans et plus;Femmes;488.20819717311696;53;Bretagne
2020;35;Ille-et-Vilaine;Tous;Femmes;1226.36190145732;53;Bretagne
2020;35;Ille-et-Vilaine;65 ans et plus;Hommes et Femmes;322.532730706389;53;Bretagne
2021;35;Ille-et-Vilaine;65 ans et plus;Hommes;162.932790224033;53;Bretagne
2021;35;Ille-et-Vilaine;00-17 ans;Femmes;944.0259368742251;53;Bretagne
2021;35;Ille-et-Vilaine;25-44 ans;Femmes;1381.70620978248;53;Bretagne
2021;35;Ille-et-Vilaine;45-64 ans;Femmes;1200.90421022888;53;Bretagne
2021;35;Ille-et-Vilaine;65 ans et plus;Femmes;307.771223390613;53;Bretagne
2021;35;Ille-et-Vilaine;Tous;Femmes;1053.8537108153998;53;Bretagne
2021;35;Ille-et-Vilaine;65 ans et plus;Hommes et Femmes;240.562228293555;53;Bretagne
2022;35;Ille-et-Vilaine;18-24 ans;Hommes;802.461686979607;53;Bretagne
2022;35;Ille-et-Vilaine;65 ans et plus;Hommes;187.421907538526;53;Bretagne
2022;35;Ille-et-Vilaine;25-44 ans;Femmes;1428.41032966207;53;Bretagne
2022;35;Ille-et-Vilaine;65 ans et plus;Femmes;346.11614800294;53;Bretagne
2022;35;Ille-et-Vilaine;25-44 ans;Hommes et Femmes;1101.26374528147;53;Bretagne
2023;35;Ille-et-Vilaine;18-24 ans;Hommes;886.339937434828;53;Bretagne
2023;35;Ille-et-Vilaine;25-44 ans;Hommes;826.079232545745;53;Bretagne
2023;35;Ille-et-Vilaine;65 ans et plus;Hommes;132.082029892249;53;Bretagne
2023;35;Ille-et-Vilaine;Tous;Hommes;474.37668299080497;53;Bretagne
2023;35;Ille-et-Vilaine;25-44 ans;Femmes;1504.53194378188;53;Bretagne
2023;35;Ille-et-Vilaine;Tous;Femmes;1243.14931158936;53;Bretagne
2023;35;Ille-et-Vilaine;00-17 ans;Hommes et Femmes;617.588216532808;53;Bretagne
2023;35;Ille-et-Vilaine;18-24 ans;Hommes et Femmes;1930.1221166892801;53;Bretagne
2023;35;Ille-et-Vilaine;25-44 ans;Hommes et Femmes;1128.98997181622;53;Bretagne
2023;35;Ille-et-Vilaine;45-64 ans;Hommes et Femmes;912.776878982164;53;Bretagne
2023;35;Ille-et-Vilaine;65 ans et plus;Hommes et Femmes;196.79874048806101;53;Bretagne
2023;35;Ille-et-Vilaine;Tous;Hommes et Femmes;835.7668280782169;53;Bretagne
2024;35;Ille-et-Vilaine;00-17 ans;Hommes;198.565036668343;53;Bretagne
2024;35;Ille-et-Vilaine;18-24 ans;Hommes;1102.99003322259;53;Bretagne
2024;35;Ille-et-Vilaine;Tous;Femmes;1209.78274660238;53;Bretagne
2024;35;Ille-et-Vilaine;18-24 ans;Hommes et Femmes;2032.04245457294;53;Bretagne
2024;35;Ille-et-Vilaine;45-64 ans;Hommes et Femmes;850.3722740844321;53;Bretagne
2020;36;Indre;25-44 ans;Hommes;379.30100243836404;24;Centre-Val de Loire
2020;36;Indre;65 ans et plus;Hommes;127.342186647262;24;Centre-Val de Loire
2020;36;Indre;00-17 ans;Femmes;525.624178712221;24;Centre-Val de Loire
2020;36;Indre;18-24 ans;Femmes;872.817955112219;24;Centre-Val de Loire
2020;36;Indre;Tous;Femmes;632.4340005802151;24;Centre-Val de Loire
2020;36;Indre;25-44 ans;Hommes et Femmes;580.8044141135471;24;Centre-Val de Loire
2020;36;Indre;Tous;Hommes et Femmes;456.170979641258;24;Centre-Val de Loire
2021;36;Indre;45-64 ans;Hommes;423.429781227946;24;Centre-Val de Loire
2021;36;Indre;18-24 ans;Femmes;1235.26108927569;24;Centre-Val de Loire
2021;36;Indre;65 ans et plus;Femmes;206.907528250836;24;Centre-Val de Loire
2021;36;Indre;Tous;Femmes;596.117324330027;24;Centre-Val de Loire
2021;36;Indre;18-24 ans;Hommes et Femmes;943.6580627255059;24;Centre-Val de Loire
2022;36;Indre;25-44 ans;Hommes;445.14270751505603;24;Centre-Val de Loire
2022;36;Indre;00-17 ans;Femmes;401.03122314523097;24;Centre-Val de Loire
2022;36;Indre;18-24 ans;Femmes;1053.3245556287;24;Centre-Val de Loire
2022;36;Indre;45-64 ans;Hommes et Femmes;539.5158938466029;24;Centre-Val de Loire
2022;36;Indre;Tous;Hommes et Femmes;389.857918447499;24;Centre-Val de Loire
2023;36;Indre;00-17 ans;Hommes;113.66865586814401;24;Centre-Val de Loire
2023;36;Indre;18-24 ans;Hommes;351.617440225035;24;Centre-Val de Loire
2023;36;Indre;45-64 ans;Hommes;346.820809248555;24;Centre-Val de Loire
2023;36;Indre;65 ans et plus;Hommes;93.764650726676;24;Centre-Val de Loire
2023;36;Indre;00-17 ans;Femmes;609.1370558375629;24;Centre-Val de Loire
2023;36;Indre;18-24 ans;Femmes;1019.60784313726;24;Centre-Val de Loire
2023;36;Indre;45-64 ans;Femmes;770.3081232493;24;Centre-Val de Loire
2023;36;Indre;Tous;Femmes;544.21768707483;24;Centre-Val de Loire
2023;36;Indre;00-17 ans;Hommes et Femmes;339.76833976834;24;Centre-Val de Loire
2023;36;Indre;25-44 ans;Hommes et Femmes;600.746874492612;24;Centre-Val de Loire
2023;36;Indre;Tous;Hommes et Femmes;405.923231798402;24;Centre-Val de Loire
2024;36;Indre;00-17 ans;Hommes;97.2447325769854;24;Centre-Val de Loire
2024;36;Indre;45-64 ans;Hommes;289.473684210526;24;Centre-Val de Loire
2024;36;Indre;25-44 ans;Femmes;328.191663931736;24;Centre-Val de Loire
2024;36;Indre;00-17 ans;Hommes et Femmes;206.64714999139;24;Centre-Val de Loire
2024;36;Indre;Tous;Hommes et Femmes;329.96176144073;24;Centre-Val de Loire
2020;37;Indre-et-Loire;65 ans et plus;Hommes;123.43647136273901;24;Centre-Val de Loire
2020;37;Indre-et-Loire;Tous;Hommes;256.8336085122;24;Centre-Val de Loire
2020;37;Indre-et-Loire;65 ans et plus;Femmes;144.987572493786;24;Centre-Val de Loire
2020;37;Indre-et-Loire;Tous;Femmes;495.73280973580404;24;Centre-Val de Loire
2020;37;Indre-et-Loire;18-24 ans;Hommes et Femmes;917.951042611061;24;Centre-Val de Loire
2020;37;Indre-et-Loire;65 ans et plus;Hommes et Femmes;135.150354769681;24;Centre-Val de Loire
2021;37;Indre-et-Loire;Tous;Hommes;194.139526444707;24;Centre-Val de Loire
2021;37;Indre-et-Loire;18-24 ans;Femmes;1077.1219302025002;24;Centre-Val de Loire
2021;37;Indre-et-Loire;25-44 ans;Femmes;421.005982716596;24;Centre-Val de Loire
2021;37;Indre-et-Loire;65 ans et plus;Femmes;89.38547486033521;24;Centre-Val de Loire
2021;37;Indre-et-Loire;Tous;Femmes;511.15065692325203;24;Centre-Val de Loire
2021;37;Indre-et-Loire;25-44 ans;Hommes et Femmes;336.430631207946;24;Centre-Val de Loire
2022;37;Indre-et-Loire;65 ans et plus;Hommes;69.00835001035121;24;Centre-Val de Loire
2022;37;Indre-et-Loire;Tous;Hommes;208.71682634470199;24;Centre-Val de Loire
2022;37;Indre-et-Loire;00-17 ans;Femmes;866.029466124518;24;Centre-Val de Loire
2022;37;Indre-et-Loire;Tous;Femmes;579.746283078266;24;Centre-Val de Loire
2022;37;Indre-et-Loire;00-17 ans;Hommes et Femmes;453.93409549428395;24;Centre-Val de Loire
2022;37;Indre-et-Loire;18-24 ans;Hommes et Femmes;950.5080301540479;24;Centre-Val de Loire
2023;37;Indre-et-Loire;00-17 ans;Femmes;775.8911503429661;24;Centre-Val de Loire
2023;37;Indre-et-Loire;18-24 ans;Femmes;1159.90057995029;24;Centre-Val de Loire
2023;37;Indre-et-Loire;00-17 ans;Hommes et Femmes;424.95410998516394;24;Centre-Val de Loire
2023;37;Indre-et-Loire;25-44 ans;Hommes et Femmes;428.565706732887;24;Centre-Val de Loire
2023;37;Indre-et-Loire;45-64 ans;Hommes et Femmes;357.096198231938;24;Centre-Val de Loire
2023;37;Indre-et-Loire;65 ans et plus;Hommes et Femmes;115.39629517157599;24;Centre-Val de Loire
2024;37;Indre-et-Loire;00-17 ans;Hommes;138.979370249729;24;Centre-Val de Loire
2024;37;Indre-et-Loire;25-44 ans;Hommes;378.909511270952;24;Centre-Val de Loire
2024;37;Indre-et-Loire;45-64 ans;Hommes;226.74130234535502;24;Centre-Val de Loire
2024;37;Indre-et-Loire;00-17 ans;Hommes et Femmes;493.68784822625;24;Centre-Val de Loire
2024;37;Indre-et-Loire;25-44 ans;Hommes et Femmes;469.77334293454;24;Centre-Val de Loire
2024;37;Indre-et-Loire;45-64 ans;Hommes et Femmes;325.745095102591;24;Centre-Val de Loire
2024;37;Indre-et-Loire;Tous;Hommes et Femmes;403.51465205076096;24;Centre-Val de Loire
2020;38;Isère;25-44 ans;Hommes;436.31697144690395;84;Auvergne et Rhône-Alpes
2020;38;Isère;00-17 ans;Femmes;357.572631940863;84;Auvergne et Rhône-Alpes
2020;38;Isère;45-64 ans;Femmes;803.818136146697;84;Auvergne et Rhône-Alpes
2020;38;Isère;00-17 ans;Hommes et Femmes;229.41392389575398;84;Auvergne et Rhône-Alpes
2020;38;Isère;Tous;Hommes et Femmes;428.63040948842104;84;Auvergne et Rhône-Alpes
2021;38;Isère;18-24 ans;Hommes;377.218477521489;84;Auvergne et Rhône-Alpes
2021;38;Isère;25-44 ans;Femmes;610.515823573386;84;Auvergne et Rhône-Alpes
2021;38;Isère;25-44 ans;Hommes et Femmes;475.70355221624504;84;Auvergne et Rhône-Alpes
2021;38;Isère;45-64 ans;Hommes et Femmes;483.16988181197706;84;Auvergne et Rhône-Alpes
2021;38;Isère;65 ans et plus;Hommes et Femmes;163.92209940597;84;Auvergne et Rhône-Alpes
2022;38;Isère;00-17 ans;Hommes;97.7370122547177;84;Auvergne et Rhône-Alpes
2022;38;Isère;18-24 ans;Hommes;311.374320776604;84;Auvergne et Rhône-Alpes
2022;38;Isère;45-64 ans;Hommes;307.377049180328;84;Auvergne et Rhône-Alpes
2022;38;Isère;45-64 ans;Femmes;566.459230891974;84;Auvergne et Rhône-Alpes
2022;38;Isère;65 ans et plus;Femmes;187.736396013362;84;Auvergne et Rhône-Alpes
2022;38;Isère;25-44 ans;Hommes et Femmes;379.294629599682;84;Auvergne et Rhône-Alpes
2023;38;Isère;00-17 ans;Hommes;100.806451612903;84;Auvergne et Rhône-Alpes
2023;38;Isère;Tous;Hommes;224.989955805544;84;Auvergne et Rhône-Alpes
2023;38;Isère;18-24 ans;Femmes;978.16841508364;84;Auvergne et Rhône-Alpes
2023;38;Isère;00-17 ans;Hommes et Femmes;293.927329757949;84;Auvergne et Rhône-Alpes
2023;38;Isère;18-24 ans;Hommes et Femmes;660.220073357786;84;Auvergne et Rhône-Alpes
2023;38;Isère;25-44 ans;Hommes et Femmes;410.932580449661;84;Auvergne et Rhône-Alpes
2023;38;Isère;45-64 ans;Hommes et Femmes;420.793443707392;84;Auvergne et Rhône-Alpes
2023;38;Isère;Tous;Hommes et Femmes;339.90942186428697;84;Auvergne et Rhône-Alpes
2024;38;Isère;25-44 ans;Hommes;264.366216780298;84;Auvergne et Rhône-Alpes
2024;38;Isère;18-24 ans;Femmes;1239.328008813;84;Auvergne et Rhône-Alpes
2024;38;Isère;25-44 ans;Hommes et Femmes;334.23243813768;84;Auvergne et Rhône-Alpes
2020;39;Jura;25-44 ans;Hommes;622.648851991179;27;Bourgogne et Franche-Comté
2020;39;Jura;00-17 ans;Femmes;476.35250085062904;27;Bourgogne et Franche-Comté
2020;39;Jura;25-44 ans;Femmes;733.203651054915;27;Bourgogne et Franche-Comté
2020;39;Jura;65 ans et plus;Femmes;228.969636635142;27;Bourgogne et Franche-Comté
2020;39;Jura;00-17 ans;Hommes et Femmes;314.564328405159;27;Bourgogne et Franche-Comté
2021;39;Jura;00-17 ans;Hommes;179.372197309417;27;Bourgogne et Franche-Comté
2021;39;Jura;45-64 ans;Hommes;329.845313921747;27;Bourgogne et Franche-Comté
2021;39;Jura;65 ans et plus;Hommes;195.232223592273;27;Bourgogne et Franche-Comté
2021;39;Jura;25-44 ans;Femmes;670.1940035273369;27;Bourgogne et Franche-Comté
2021;39;Jura;65 ans et plus;Femmes;240.803786431952;27;Bourgogne et Franche-Comté
2022;39;Jura;45-64 ans;Hommes;334.336342360415;27;Bourgogne et Franche-Comté
2022;39;Jura;Tous;Hommes;314.890786118195;27;Bourgogne et Franche-Comté
2022;39;Jura;25-44 ans;Femmes;853.124279455845;27;Bourgogne et Franche-Comté
2022;39;Jura;65 ans et plus;Femmes;174.93638676844802;27;Bourgogne et Franche-Comté
2022;39;Jura;25-44 ans;Hommes et Femmes;735.7284785994309;27;Bourgogne et Franche-Comté
2022;39;Jura;45-64 ans;Hommes et Femmes;589.205750648126;27;Bourgogne et Franche-Comté
2022;39;Jura;65 ans et plus;Hommes et Femmes;135.34162846540102;27;Bourgogne et Franche-Comté
2023;39;Jura;25-44 ans;Hommes;504.21897509775704;27;Bourgogne et Franche-Comté
2023;39;Jura;18-24 ans;Hommes et Femmes;677.9210421374449;27;Bourgogne et Franche-Comté
2023;39;Jura;45-64 ans;Hommes et Femmes;614.504745680214;27;Bourgogne et Franche-Comté
2024;39;Jura;25-44 ans;Hommes;506.27570931336396;27;Bourgogne et Franche-Comté
2024;39;Jura;Tous;Hommes;296.55286944556497;27;Bourgogne et Franche-Comté
2024;39;Jura;25-44 ans;Femmes;650.067459830737;27;Bourgogne et Franche-Comté
2024;39;Jura;Tous;Hommes et Femmes;429.69221484610694;27;Bourgogne et Franche-Comté
2020;40;Landes;25-44 ans;Hommes;1011.3434467678;75;Nouvelle Aquitaine
2020;40;Landes;45-64 ans;Hommes;899.351937574395;75;Nouvelle Aquitaine
2020;40;Landes;25-44 ans;Femmes;1272.66387726639;75;Nouvelle Aquitaine
2020;40;Landes;45-64 ans;Femmes;1704.4486108743802;75;Nouvelle Aquitaine
2020;40;Landes;18-24 ans;Hommes et Femmes;1059.02777777778;75;Nouvelle Aquitaine
2020;40;Landes;25-44 ans;Hommes et Femmes;1126.1778901402;75;Nouvelle Aquitaine
2020;40;Landes;45-64 ans;Hommes et Femmes;1251.1170688114398;75;Nouvelle Aquitaine
2020;40;Landes;Tous;Hommes et Femmes;773.832554540314;75;Nouvelle Aquitaine
2021;40;Landes;00-17 ans;Hommes;243.001555209953;75;Nouvelle Aquitaine
2021;40;Landes;45-64 ans;Hommes;674.653949051995;75;Nouvelle Aquitaine
2021;40;Landes;45-64 ans;Femmes;1234.74723997676;75;Nouvelle Aquitaine
2021;40;Landes;18-24 ans;Hommes et Femmes;1019.4241631078701;75;Nouvelle Aquitaine
2021;40;Landes;65 ans et plus;Hommes et Femmes;332.525965762141;75;Nouvelle Aquitaine
2021;40;Landes;Tous;Hommes et Femmes;661.793757408139;75;Nouvelle Aquitaine
2022;40;Landes;25-44 ans;Hommes;808.166737558486;75;Nouvelle Aquitaine
2022;40;Landes;45-64 ans;Femmes;1141.22681883024;75;Nouvelle Aquitaine
2022;40;Landes;65 ans et plus;Femmes;302.680887863938;75;Nouvelle Aquitaine
2022;40;Landes;Tous;Femmes;783.37213814513;75;Nouvelle Aquitaine
2022;40;Landes;65 ans et plus;Hommes et Femmes;257.761705074443;75;Nouvelle Aquitaine
2023;40;Landes;65 ans et plus;Hommes;173.981810992487;75;Nouvelle Aquitaine
2023;40;Landes;Tous;Hommes;487.74057474294796;75;Nouvelle Aquitaine
2023;40;Landes;18-24 ans;Femmes;2104.6477638117503;75;Nouvelle Aquitaine
2023;40;Landes;25-44 ans;Femmes;1014.30429128739;75;Nouvelle Aquitaine
2023;40;Landes;25-44 ans;Hommes et Femmes;929.7643017884641;75;Nouvelle Aquitaine
2023;40;Landes;45-64 ans;Hommes et Femmes;880.4955064367259;75;Nouvelle Aquitaine
2023;40;Landes;Tous;Hommes et Femmes;664.0751538710721;75;Nouvelle Aquitaine
2024;40;Landes;18-24 ans;Hommes;430.488731324386;75;Nouvelle Aquitaine
2024;40;Landes;45-64 ans;Hommes;672.250385717434;75;Nouvelle Aquitaine
2024;40;Landes;65 ans et plus;Hommes;173.284110600467;75;Nouvelle Aquitaine
2024;40;Landes;Tous;Hommes;420.177262282525;75;Nouvelle Aquitaine
2024;40;Landes;25-44 ans;Femmes;1173.05751765893;75;Nouvelle Aquitaine
2024;40;Landes;45-64 ans;Femmes;1321.23315094088;75;Nouvelle Aquitaine
2024;40;Landes;65 ans et plus;Femmes;318.45020898295;75;Nouvelle Aquitaine
2020;41;Loir-et-Cher;00-17 ans;Hommes;248.62177061939298;24;Centre-Val de Loire
2020;41;Loir-et-Cher;18-24 ans;Hommes;404.39052570768297;24;Centre-Val de Loire
2020;41;Loir-et-Cher;00-17 ans;Femmes;873.9708676377451;24;Centre-Val de Loire
2020;41;Loir-et-Cher;18-24 ans;Femmes;802.5222126683859;24;Centre-Val de Loire
2020;41;Loir-et-Cher;45-64 ans;Femmes;1285.53063848022;24;Centre-Val de Loire
2020;41;Loir-et-Cher;45-64 ans;Hommes et Femmes;924.9471458773779;24;Centre-Val de Loire
2020;41;Loir-et-Cher;Tous;Hommes et Femmes;595.4625235649739;24;Centre-Val de Loire
2021;41;Loir-et-Cher;45-64 ans;Hommes;540.600176522507;24;Centre-Val de Loire
2021;41;Loir-et-Cher;65 ans et plus;Hommes;168.051535804313;24;Centre-Val de Loire
2021;41;Loir-et-Cher;25-44 ans;Femmes;910.5960264900659;24;Centre-Val de Loire
2021;41;Loir-et-Cher;45-64 ans;Femmes;1272.7031685006;24;Centre-Val de Loire
2021;41;Loir-et-Cher;45-64 ans;Hommes et Femmes;873.073217726397;24;Centre-Val de Loire
2021;41;Loir-et-Cher;Tous;Hommes et Femmes;626.122185903043;24;Centre-Val de Loire
2022;41;Loir-et-Cher;Tous;Hommes;389.310877430548;24;Centre-Val de Loire
2022;41;Loir-et-Cher;65 ans et plus;Femmes;189.813350205631;24;Centre-Val de Loire
2022;41;Loir-et-Cher;25-44 ans;Hommes et Femmes;703.1850144773381;24;Centre-Val de Loire
2023;41;Loir-et-Cher;25-44 ans;Hommes;642.714150247603;24;Centre-Val de Loire
2023;41;Loir-et-Cher;Tous;Hommes;396.977030526897;24;Centre-Val de Loire
2023;41;Loir-et-Cher;45-64 ans;Femmes;839.2341987936011;24;Centre-Val de Loire
2023;41;Loir-et-Cher;65 ans et plus;Femmes;210.772833723653;24;Centre-Val de Loire
2023;41;Loir-et-Cher;18-24 ans;Hommes et Femmes;1115.33586818758;24;Centre-Val de Loire
2023;41;Loir-et-Cher;45-64 ans;Hommes et Femmes;740.470988103909;24;Centre-Val de Loire
2023;41;Loir-et-Cher;65 ans et plus;Hommes et Femmes;194.818652849741;24;Centre-Val de Loire
2023;41;Loir-et-Cher;Tous;Hommes et Femmes;580.429364697652;24;Centre-Val de Loire
2024;41;Loir-et-Cher;Tous;Hommes;407.72951050771;24;Centre-Val de Loire
2024;41;Loir-et-Cher;25-44 ans;Femmes;907.864065758803;24;Centre-Val de Loire
2024;41;Loir-et-Cher;Tous;Femmes;848.476598833912;24;Centre-Val de Loire
2024;41;Loir-et-Cher;18-24 ans;Hommes et Femmes;1134.24072591406;24;Centre-Val de Loire
2020;42;Loire;65 ans et plus;Hommes;138.219729879156;84;Auvergne et Rhône-Alpes
2020;42;Loire;25-44 ans;Femmes;642.580535341929;84;Auvergne et Rhône-Alpes
2020;42;Loire;45-64 ans;Femmes;977.262682315965;84;Auvergne et Rhône-Alpes
2020;42;Loire;65 ans et plus;Femmes;298.760821592259;84;Auvergne et Rhône-Alpes
2020;42;Loire;Tous;Hommes et Femmes;468.450214276749;84;Auvergne et Rhône-Alpes
2021;42;Loire;25-44 ans;Hommes;446.71739733201895;84;Auvergne et Rhône-Alpes
2021;42;Loire;65 ans et plus;Hommes;144.985320236326;84;Auvergne et Rhône-Alpes
2021;42;Loire;Tous;Femmes;557.437097547858;84;Auvergne et Rhône-Alpes
2021;42;Loire;65 ans et plus;Hommes et Femmes;200.0;84;Auvergne et Rhône-Alpes
2022;42;Loire;00-17 ans;Hommes;117.624818836775;84;Auvergne et Rhône-Alpes
2022;42;Loire;18-24 ans;Hommes;378.024193548387;84;Auvergne et Rhône-Alpes
2022;42;Loire;25-44 ans;Hommes;348.257238143022;84;Auvergne et Rhône-Alpes
2022;42;Loire;Tous;Femmes;484.04747874400204;84;Auvergne et Rhône-Alpes
2022;42;Loire;18-24 ans;Hommes et Femmes;658.6381687276009;84;Auvergne et Rhône-Alpes
2022;42;Loire;25-44 ans;Hommes et Femmes;424.45759368836303;84;Auvergne et Rhône-Alpes
2022;42;Loire;65 ans et plus;Hommes et Femmes;181.92368615027502;84;Auvergne et Rhône-Alpes
2022;42;Loire;Tous;Hommes et Femmes;359.378740016789;84;Auvergne et Rhône-Alpes
2023;42;Loire;18-24 ans;Hommes;239.18927424938602;84;Auvergne et Rhône-Alpes
2023;42;Loire;00-17 ans;Femmes;388.63976083707;84;Auvergne et Rhône-Alpes
2023;42;Loire;18-24 ans;Femmes;936.3039912520501;84;Auvergne et Rhône-Alpes
2023;42;Loire;Tous;Femmes;464.686616465582;84;Auvergne et Rhône-Alpes
2023;42;Loire;25-44 ans;Hommes et Femmes;441.252548613858;84;Auvergne et Rhône-Alpes
2024;42;Loire;45-64 ans;Hommes;317.285142778314;84;Auvergne et Rhône-Alpes
2024;42;Loire;00-17 ans;Femmes;538.2585751978891;84;Auvergne et Rhône-Alpes
2024;42;Loire;25-44 ans;Femmes;607.5070514211329;84;Auvergne et Rhône-Alpes
2024;42;Loire;Tous;Femmes;509.39233906009804;84;Auvergne et Rhône-Alpes
2024;42;Loire;65 ans et plus;Hommes et Femmes;156.46307327926502;84;Auvergne et Rhône-Alpes
2020;43;Haute-Loire;65 ans et plus;Femmes;174.520069808028;84;Auvergne et Rhône-Alpes
2020;43;Haute-Loire;18-24 ans;Hommes et Femmes;362.31884057971;84;Auvergne et Rhône-Alpes
2020;43;Haute-Loire;25-44 ans;Hommes et Femmes;316.288877174486;84;Auvergne et Rhône-Alpes
2020;43;Haute-Loire;45-64 ans;Hommes et Femmes;307.152259763054;84;Auvergne et Rhône-Alpes
2021;43;Haute-Loire;45-64 ans;Hommes;452.079566003617;84;Auvergne et Rhône-Alpes
2021;43;Haute-Loire;65 ans et plus;Hommes;0.0;84;Auvergne et Rhône-Alpes
2021;43;Haute-Loire;00-17 ans;Femmes;244.200244200244;84;Auvergne et Rhône-Alpes
2021;43;Haute-Loire;45-64 ans;Femmes;278.396436525612;84;Auvergne et Rhône-Alpes
2021;43;Haute-Loire;Tous;Femmes;281.91249436175;84;Auvergne et Rhône-Alpes
2021;43;Haute-Loire;00-17 ans;Hommes et Femmes;166.435506241331;84;Auvergne et Rhône-Alpes
2022;43;Haute-Loire;25-44 ans;Hommes;324.985662397247;84;Auvergne et Rhône-Alpes
2022;43;Haute-Loire;00-17 ans;Femmes;789.528360689798;84;Auvergne et Rhône-Alpes
2022;43;Haute-Loire;65 ans et plus;Femmes;254.217702796395;84;Auvergne et Rhône-Alpes
2022;43;Haute-Loire;18-24 ans;Hommes et Femmes;790.914621780572;84;Auvergne et Rhône-Alpes
2022;43;Haute-Loire;65 ans et plus;Hommes et Femmes;200.0;84;Auvergne et Rhône-Alpes
2023;43;Haute-Loire;18-24 ans;Hommes;485.865724381625;84;Auvergne et Rhône-Alpes
2023;43;Haute-Loire;25-44 ans;Hommes;489.332550401253;84;Auvergne et Rhône-Alpes
2023;43;Haute-Loire;65 ans et plus;Hommes;110.01100110011;84;Auvergne et Rhône-Alpes
2023;43;Haute-Loire;Tous;Femmes;588.054592530829;84;Auvergne et Rhône-Alpes
2023;43;Haute-Loire;00-17 ans;Hommes et Femmes;288.06584362139904;84;Auvergne et Rhône-Alpes
2023;43;Haute-Loire;25-44 ans;Hommes et Femmes;641.917192682144;84;Auvergne et Rhône-Alpes
2024;43;Haute-Loire;00-17 ans;Hommes;161.550888529887;84;Auvergne et Rhône-Alpes
2024;43;Haute-Loire;45-64 ans;Hommes;335.820895522388;84;Auvergne et Rhône-Alpes
2024;43;Haute-Loire;00-17 ans;Femmes;825.9074114322971;84;Auvergne et Rhône-Alpes
2024;43;Haute-Loire;Tous;Femmes;648.748841519926;84;Auvergne et Rhône-Alpes
2024;43;Haute-Loire;65 ans et plus;Hommes et Femmes;283.53057199211;84;Auvergne et Rhône-Alpes
2024;43;Haute-Loire;Tous;Hommes et Femmes;459.001872244479;84;Auvergne et Rhône-Alpes
2020;44;Loire-Atlantique;00-17 ans;Hommes;203.23445472628202;52;Pays de la Loire
2020;44;Loire-Atlantique;18-24 ans;Hommes;683.249706416142;52;Pays de la Loire
2020;44;Loire-Atlantique;45-64 ans;Hommes;514.204256185725;52;Pays de la Loire
2020;44;Loire-Atlantique;65 ans et plus;Hommes;161.274557716743;52;Pays de la Loire
2020;44;Loire-Atlantique;Tous;Hommes;404.339353265457;52;Pays de la Loire
2020;44;Loire-Atlantique;00-17 ans;Hommes et Femmes;376.50970612684;52;Pays de la Loire
2020;44;Loire-Atlantique;65 ans et plus;Hommes et Femmes;250.909830692376;52;Pays de la Loire
2020;44;Loire-Atlantique;Tous;Hommes et Femmes;574.719216780657;52;Pays de la Loire
2021;44;Loire-Atlantique;45-64 ans;Hommes;500.31010957204904;52;Pays de la Loire
2021;44;Loire-Atlantique;65 ans et plus;Hommes;190.232000330838;52;Pays de la Loire
2021;44;Loire-Atlantique;25-44 ans;Femmes;1106.67542574157;52;Pays de la Loire
2021;44;Loire-Atlantique;18-24 ans;Hommes et Femmes;1111.55396129489;52;Pays de la Loire
2021;44;Loire-Atlantique;65 ans et plus;Hommes et Femmes;296.093838970504;52;Pays de la Loire
2022;44;Loire-Atlantique;18-24 ans;Hommes;547.83644303295;52;Pays de la Loire
2022;44;Loire-Atlantique;25-44 ans;Hommes;654.653206077938;52;Pays de la Loire
2022;44;Loire-Atlantique;Tous;Hommes;393.191119830823;52;Pays de la Loire
2022;44;Loire-Atlantique;18-24 ans;Femmes;1844.94968319046;52;Pays de la Loire
2022;44;Loire-Atlantique;25-44 ans;Femmes;1202.5535705448601;52;Pays de la Loire
2022;44;Loire-Atlantique;45-64 ans;Hommes et Femmes;885.164084938086;52;Pays de la Loire
2023;44;Loire-Atlantique;00-17 ans;Hommes;191.864927091328;52;Pays de la Loire
2023;44;Loire-Atlantique;25-44 ans;Hommes;633.090471811558;52;Pays de la Loire
2023;44;Loire-Atlantique;45-64 ans;Hommes;532.299961674403;52;Pays de la Loire
2023;44;Loire-Atlantique;Tous;Hommes;407.57492917142997;52;Pays de la Loire
2023;44;Loire-Atlantique;18-24 ans;Femmes;1995.60965875075;52;Pays de la Loire
2023;44;Loire-Atlantique;65 ans et plus;Femmes;322.280550202671;52;Pays de la Loire
2023;44;Loire-Atlantique;45-64 ans;Hommes et Femmes;776.893379724513;52;Pays de la Loire
2023;44;Loire-Atlantique;Tous;Hommes et Femmes;657.423274653373;52;Pays de la Loire
2024;44;Loire-Atlantique;18-24 ans;Hommes;723.562152133581;52;Pays de la Loire
2024;44;Loire-Atlantique;25-44 ans;Hommes;813.880359587141;52;Pays de la Loire
2024;44;Loire-Atlantique;00-17 ans;Hommes et Femmes;671.128831478107;52;Pays de la Loire
2024;44;Loire-Atlantique;18-24 ans;Hommes et Femmes;1276.65747860148;52;Pays de la Loire
2024;44;Loire-Atlantique;65 ans et plus;Hommes et Femmes;270.11954968457;52;Pays de la Loire
2024;44;Loire-Atlantique;Tous;Hommes et Femmes;710.065561820252;52;Pays de la Loire
2020;45;Loiret;00-17 ans;Hommes;141.59747699041;24;Centre-Val de Loire
2020;45;Loiret;18-24 ans;Hommes;592.954307638647;24;Centre-Val de Loire
2020;45;Loiret;25-44 ans;Hommes;559.240473403564;24;Centre-Val de Loire
2020;45;Loiret;45-64 ans;Hommes;324.088031353633;24;Centre-Val de Loire
2020;45;Loiret;65 ans et plus;Hommes;127.192395233632;24;Centre-Val de Loire
2020;45;Loiret;Tous;Hommes;314.547837483617;24;Centre-Val de Loire
2020;45;Loiret;18-24 ans;Femmes;1141.1599187119;24;Centre-Val de Loire
2020;45;Loiret;25-44 ans;Hommes et Femmes;561.095257943506;24;Centre-Val de Loire
2020;45;Loiret;65 ans et plus;Hommes et Femmes;208.208460834727;24;Centre-Val de Loire
2020;45;Loiret;Tous;Hommes et Femmes;429.117941475452;24;Centre-Val de Loire
2021;45;Loiret;00-17 ans;Hommes;115.846594719834;24;Centre-Val de Loire
2021;45;Loiret;25-44 ans;Hommes;344.011079837377;24;Centre-Val de Loire
2021;45;Loiret;18-24 ans;Femmes;744.781286058953;24;Centre-Val de Loire
2021;45;Loiret;65 ans et plus;Femmes;211.294660007683;24;Centre-Val de Loire
2021;45;Loiret;00-17 ans;Hommes et Femmes;230.605583253488;24;Centre-Val de Loire
2021;45;Loiret;18-24 ans;Hommes et Femmes;503.40063192845304;24;Centre-Val de Loire
2022;45;Loiret;45-64 ans;Hommes;376.30890052356;24;Centre-Val de Loire
2022;45;Loiret;Tous;Hommes;247.02305548517901;24;Centre-Val de Loire
2022;45;Loiret;00-17 ans;Femmes;382.710490769923;24;Centre-Val de Loire
2022;45;Loiret;18-24 ans;Femmes;1067.28052736214;24;Centre-Val de Loire
2022;45;Loiret;45-64 ans;Hommes et Femmes;616.238317757009;24;Centre-Val de Loire
2023;45;Loiret;18-24 ans;Hommes;528.084493518963;24;Centre-Val de Loire
2023;45;Loiret;25-44 ans;Hommes et Femmes;633.782057580819;24;Centre-Val de Loire
2023;45;Loiret;45-64 ans;Hommes et Femmes;620.39312039312;24;Centre-Val de Loire
2023;45;Loiret;Tous;Hommes et Femmes;441.961265753013;24;Centre-Val de Loire
2024;45;Loiret;00-17 ans;Hommes;72.8185812931576;24;Centre-Val de Loire
2024;45;Loiret;18-24 ans;Hommes;463.12789454934097;24;Centre-Val de Loire
2024;45;Loiret;45-64 ans;Hommes;357.541899441341;24;Centre-Val de Loire
2024;45;Loiret;18-24 ans;Femmes;2029.45610576366;24;Centre-Val de Loire
2024;45;Loiret;25-44 ans;Femmes;580.523438633835;24;Centre-Val de Loire
2024;45;Loiret;45-64 ans;Femmes;710.344390182026;24;Centre-Val de Loire
2024;45;Loiret;Tous;Femmes;617.696817090923;24;Centre-Val de Loire
2024;45;Loiret;25-44 ans;Hommes et Femmes;518.455098934551;24;Centre-Val de Loire
2024;45;Loiret;65 ans et plus;Hommes et Femmes;162.337662337662;24;Centre-Val de Loire
2020;46;Lot;25-44 ans;Hommes;441.014332965821;76;Occitanie
2020;46;Lot;00-17 ans;Femmes;301.204819277108;76;Occitanie
2020;46;Lot;25-44 ans;Femmes;702.892673695593;76;Occitanie
2020;46;Lot;Tous;Femmes;448.541009463722;76;Occitanie
2020;46;Lot;45-64 ans;Hommes et Femmes;663.764961915125;76;Occitanie
2021;46;Lot;18-24 ans;Femmes;741.839762611276;76;Occitanie
2021;46;Lot;00-17 ans;Hommes et Femmes;345.721694036301;76;Occitanie
2021;46;Lot;18-24 ans;Hommes et Femmes;579.7773654916509;76;Occitanie
2021;46;Lot;25-44 ans;Hommes et Femmes;477.574750830565;76;Occitanie
2021;46;Lot;Tous;Hommes et Femmes;376.353772546193;76;Occitanie
2022;46;Lot;45-64 ans;Hommes;326.69062397909204;76;Occitanie
2022;46;Lot;Tous;Hommes;245.80779850495;76;Occitanie
2022;46;Lot;00-17 ans;Femmes;607.723975691041;76;Occitanie
2022;46;Lot;18-24 ans;Femmes;713.087248322148;76;Occitanie
2022;46;Lot;25-44 ans;Femmes;736.196319018405;76;Occitanie
2022;46;Lot;25-44 ans;Hommes et Femmes;533.578656853726;76;Occitanie
2022;46;Lot;45-64 ans;Hommes et Femmes;486.448922863099;76;Occitanie
2023;46;Lot;65 ans et plus;Hommes;142.18009478673;76;Occitanie
2023;46;Lot;18-24 ans;Hommes et Femmes;812.4725516029861;76;Occitanie
2024;46;Lot;00-17 ans;Hommes;209.31449502878098;76;Occitanie
2024;46;Lot;Tous;Hommes;277.656976549694;76;Occitanie
2024;46;Lot;25-44 ans;Femmes;532.334384858044;76;Occitanie
2024;46;Lot;Tous;Femmes;629.2719973961159;76;Occitanie
2024;46;Lot;18-24 ans;Hommes et Femmes;1543.0141619107999;76;Occitanie
2024;46;Lot;Tous;Hommes et Femmes;446.42081675901994;76;Occitanie
2020;47;Lot-et-Garonne;18-24 ans;Hommes;654.761904761905;75;Nouvelle Aquitaine
2020;47;Lot-et-Garonne;25-44 ans;Hommes;851.3119533527699;75;Nouvelle Aquitaine
2020;47;Lot-et-Garonne;45-64 ans;Hommes;944.374064263503;75;Nouvelle Aquitaine
2020;47;Lot-et-Garonne;00-17 ans;Femmes;634.5177664974619;75;Nouvelle Aquitaine
2020;47;Lot-et-Garonne;18-24 ans;Femmes;1208.70265914585;75;Nouvelle Aquitaine
2020;47;Lot-et-Garonne;Tous;Femmes;778.271918678526;75;Nouvelle Aquitaine
2020;47;Lot-et-Garonne;18-24 ans;Hommes et Femmes;945.9268671466891;75;Nouvelle Aquitaine
2020;47;Lot-et-Garonne;45-64 ans;Hommes et Femmes;1014.52905811623;75;Nouvelle Aquitaine
2020;47;Lot-et-Garonne;65 ans et plus;Hommes et Femmes;300.05343417320904;75;Nouvelle Aquitaine
2021;47;Lot-et-Garonne;00-17 ans;Femmes;863.7709772951631;75;Nouvelle Aquitaine
2021;47;Lot-et-Garonne;45-64 ans;Femmes;857.3655494933749;75;Nouvelle Aquitaine
2021;47;Lot-et-Garonne;65 ans et plus;Femmes;374.818327851297;75;Nouvelle Aquitaine
2021;47;Lot-et-Garonne;Tous;Femmes;703.672887198383;75;Nouvelle Aquitaine
2022;47;Lot-et-Garonne;00-17 ans;Hommes;184.35862604308198;75;Nouvelle Aquitaine
2022;47;Lot-et-Garonne;65 ans et plus;Hommes;132.336914214541;75;Nouvelle Aquitaine
2022;47;Lot-et-Garonne;45-64 ans;Femmes;740.355890375373;75;Nouvelle Aquitaine
2022;47;Lot-et-Garonne;Tous;Femmes;633.251548078047;75;Nouvelle Aquitaine
2023;47;Lot-et-Garonne;18-24 ans;Hommes;299.809212319433;75;Nouvelle Aquitaine
2023;47;Lot-et-Garonne;25-44 ans;Hommes;481.980501697886;75;Nouvelle Aquitaine
2023;47;Lot-et-Garonne;65 ans et plus;Hommes;104.074933952446;75;Nouvelle Aquitaine
2023;47;Lot-et-Garonne;Tous;Hommes;312.595482642724;75;Nouvelle Aquitaine
2023;47;Lot-et-Garonne;18-24 ans;Femmes;1302.37825594564;75;Nouvelle Aquitaine
2023;47;Lot-et-Garonne;45-64 ans;Femmes;932.4009324009319;75;Nouvelle Aquitaine
2023;47;Lot-et-Garonne;Tous;Femmes;709.416115317854;75;Nouvelle Aquitaine
2023;47;Lot-et-Garonne;25-44 ans;Hommes et Femmes;620.51690766253;75;Nouvelle Aquitaine
2024;47;Lot-et-Garonne;45-64 ans;Hommes;340.136054421769;75;Nouvelle Aquitaine
2024;47;Lot-et-Garonne;25-44 ans;Femmes;1065.76238343224;75;Nouvelle Aquitaine
2024;47;Lot-et-Garonne;45-64 ans;Femmes;962.880267931901;75;Nouvelle Aquitaine
2024;47;Lot-et-Garonne;Tous;Femmes;884.4128623281019;75;Nouvelle Aquitaine
2024;47;Lot-et-Garonne;00-17 ans;Hommes et Femmes;790.487578052345;75;Nouvelle Aquitaine
2024;47;Lot-et-Garonne;18-24 ans;Hommes et Femmes;1106.58124635993;75;Nouvelle Aquitaine
2024;47;Lot-et-Garonne;25-44 ans;Hommes et Femmes;850.146680237083;75;Nouvelle Aquitaine
2020;48;Lozère;00-17 ans;Hommes;0.0;76;Occitanie
2020;48;Lozère;65 ans et plus;Hommes;0.0;76;Occitanie
2020;48;Lozère;Tous;Hommes;211.457131872357;76;Occitanie
2020;48;Lozère;45-64 ans;Femmes;1071.81136120043;76;Occitanie
2020;48;Lozère;65 ans et plus;Femmes;131.492439184747;76;Occitanie
2020;48;Lozère;18-24 ans;Hommes et Femmes;946.7455621301781;76;Occitanie
2020;48;Lozère;65 ans et plus;Hommes et Femmes;69.3000693000693;76;Occitanie
2020;48;Lozère;Tous;Hommes et Femmes;380.110951304705;76;Occitanie
2021;48;Lozère;45-64 ans;Hommes;432.900432900433;76;Occitanie
2021;48;Lozère;65 ans et plus;Hommes;80.3535556448373;76;Occitanie
2021;48;Lozère;Tous;Hommes;302.084382237438;76;Occitanie
2021;48;Lozère;00-17 ans;Femmes;755.813953488372;76;Occitanie
2021;48;Lozère;00-17 ans;Hommes et Femmes;408.788962698007;76;Occitanie
2021;48;Lozère;18-24 ans;Hommes et Femmes;907.5439591605219;76;Occitanie
2022;48;Lozère;00-17 ans;Hommes;162.008910490077;76;Occitanie
2022;48;Lozère;18-24 ans;Hommes;224.215246636771;76;Occitanie
2022;48;Lozère;25-44 ans;Femmes;692.4408540103869;76;Occitanie
2022;48;Lozère;45-64 ans;Hommes et Femmes;446.760982874162;76;Occitanie
2023;48;Lozère;25-44 ans;Hommes;133.333333333333;76;Occitanie
2023;48;Lozère;45-64 ans;Hommes;127.06480304955501;76;Occitanie
2023;48;Lozère;25-44 ans;Femmes;351.935646053293;76;Occitanie
2023;48;Lozère;65 ans et plus;Femmes;67.7277345072807;76;Occitanie
2023;48;Lozère;25-44 ans;Hommes et Femmes;235.904694503421;76;Occitanie
2024;48;Lozère;00-17 ans;Hommes;119.952019192323;76;Occitanie
2024;48;Lozère;45-64 ans;Hommes;370.218017276841;76;Occitanie
2024;48;Lozère;65 ans et plus;Hommes;0.0;76;Occitanie
2024;48;Lozère;18-24 ans;Femmes;1551.1892450879;76;Occitanie
2024;48;Lozère;45-64 ans;Femmes;446.428571428571;76;Occitanie
2024;48;Lozère;65 ans et plus;Hommes et Femmes;47.6947535771065;76;Occitanie
2020;49;Maine-et-Loire;00-17 ans;Hommes;152.27322166630398;52;Pays de la Loire
2020;49;Maine-et-Loire;45-64 ans;Hommes;559.239434369258;52;Pays de la Loire
2020;49;Maine-et-Loire;45-64 ans;Femmes;1048.64549956306;52;Pays de la Loire
2020;49;Maine-et-Loire;65 ans et plus;Femmes;196.983687288396;52;Pays de la Loire
2020;49;Maine-et-Loire;Tous;Femmes;704.6818128936831;52;Pays de la Loire
2020;49;Maine-et-Loire;18-24 ans;Hommes et Femmes;1126.4367816092;52;Pays de la Loire
2021;49;Maine-et-Loire;Tous;Hommes;521.685445284766;52;Pays de la Loire
2021;49;Maine-et-Loire;45-64 ans;Femmes;1199.7600479904;52;Pays de la Loire
2021;49;Maine-et-Loire;Tous;Femmes;847.351802629466;52;Pays de la Loire
2021;49;Maine-et-Loire;25-44 ans;Hommes et Femmes;1016.6716925860501;52;Pays de la Loire
2021;49;Maine-et-Loire;45-64 ans;Hommes et Femmes;901.4113526321211;52;Pays de la Loire
2022;49;Maine-et-Loire;18-24 ans;Hommes;624.0249609984401;52;Pays de la Loire
2022;49;Maine-et-Loire;65 ans et plus;Hommes;159.754616908429;52;Pays de la Loire
2022;49;Maine-et-Loire;18-24 ans;Femmes;1708.2120713653;52;Pays de la Loire
2022;49;Maine-et-Loire;18-24 ans;Hommes et Femmes;1131.71772234402;52;Pays de la Loire
2022;49;Maine-et-Loire;25-44 ans;Hommes et Femmes;764.785271827525;52;Pays de la Loire
2022;49;Maine-et-Loire;Tous;Hommes et Femmes;540.088034349599;52;Pays de la Loire
2023;49;Maine-et-Loire;18-24 ans;Hommes;641.330166270784;52;Pays de la Loire
2023;49;Maine-et-Loire;65 ans et plus;Hommes;131.19055428009202;52;Pays de la Loire
2023;49;Maine-et-Loire;25-44 ans;Femmes;848.43810258388;52;Pays de la Loire
2023;49;Maine-et-Loire;Tous;Femmes;723.533891850724;52;Pays de la Loire
2023;49;Maine-et-Loire;00-17 ans;Hommes et Femmes;284.231049305865;52;Pays de la Loire
2023;49;Maine-et-Loire;18-24 ans;Hommes et Femmes;1284.1191066997499;52;Pays de la Loire
2024;49;Maine-et-Loire;25-44 ans;Hommes;655.881066899869;52;Pays de la Loire
2024;49;Maine-et-Loire;00-17 ans;Hommes et Femmes;336.738989017717;52;Pays de la Loire
2020;50;Manche;25-44 ans;Hommes;858.844715334534;28;Normandie
2020;50;Manche;00-17 ans;Femmes;321.040500493908;28;Normandie
2020;50;Manche;18-24 ans;Femmes;1065.68494477814;28;Normandie
2020;50;Manche;Tous;Femmes;633.759274525969;28;Normandie
2020;50;Manche;18-24 ans;Hommes et Femmes;784.915193071093;28;Normandie
2020;50;Manche;45-64 ans;Hommes et Femmes;780.432858637058;28;Normandie
2020;50;Manche;Tous;Hommes et Femmes;525.298778903611;28;Normandie
2021;50;Manche;00-17 ans;Hommes;131.712865952224;28;Normandie
2021;50;Manche;18-24 ans;Hommes;404.448938321537;28;Normandie
2021;50;Manche;45-64 ans;Hommes;619.8065658629611;28;Normandie
2021;50;Manche;Tous;Hommes;328.51236793385203;28;Normandie
2021;50;Manche;Tous;Femmes;668.828219225287;28;Normandie
2021;50;Manche;00-17 ans;Hommes et Femmes;330.583716390655;28;Normandie
2021;50;Manche;18-24 ans;Hommes et Femmes;599.794807039697;28;Normandie
2021;50;Manche;25-44 ans;Hommes et Femmes;666.8414940246511;28;Normandie
2021;50;Manche;45-64 ans;Hommes et Femmes;809.8859315589349;28;Normandie
2021;50;Manche;Tous;Hommes et Femmes;488.635358627399;28;Normandie
2022;50;Manche;18-24 ans;Hommes;475.02888689176996;28;Normandie
2022;50;Manche;Tous;Hommes;318.350454873823;28;Normandie
2022;50;Manche;00-17 ans;Femmes;617.458788874412;28;Normandie
2022;50;Manche;45-64 ans;Femmes;990.01996007984;28;Normandie
2022;50;Manche;65 ans et plus;Femmes;264.57284287787;28;Normandie
2022;50;Manche;65 ans et plus;Hommes et Femmes;208.304720047613;28;Normandie
2022;50;Manche;Tous;Hommes et Femmes;516.945405363227;28;Normandie
2023;50;Manche;45-64 ans;Hommes;539.065165472535;28;Normandie
2023;50;Manche;65 ans et plus;Hommes;154.876099120703;28;Normandie
2023;50;Manche;45-64 ans;Femmes;1108.03324099723;28;Normandie
2023;50;Manche;00-17 ans;Hommes et Femmes;338.791643139469;28;Normandie
2024;50;Manche;25-44 ans;Hommes;682.616475578236;28;Normandie
2024;50;Manche;45-64 ans;Hommes;543.5933639251681;28;Normandie
2024;50;Manche;Tous;Hommes;404.31834454100004;28;Normandie
2024;50;Manche;18-24 ans;Femmes;1633.18941242726;28;Normandie
2024;50;Manche;45-64 ans;Femmes;956.1752988047809;28;Normandie
2024;50;Manche;65 ans et plus;Femmes;284.98386488412103;28;Normandie
2024;50;Manche;00-17 ans;Hommes et Femmes;409.592158235603;28;Normandie
2020;51;Marne;65 ans et plus;Hommes;110.273846719353;44;Grand Est
2020;51;Marne;Tous;Hommes;331.890331890332;44;Grand Est
2020;51;Marne;25-44 ans;Femmes;728.40790842872;44;Grand Est
2020;51;Marne;Tous;Hommes et Femmes;481.03996258578104;44;Grand Est
2021;51;Marne;00-17 ans;Hommes;113.88903953576698;44;Grand Est
2021;51;Marne;65 ans et plus;Hommes;130.190489242154;44;Grand Est
2021;51;Marne;25-44 ans;Femmes;596.125186289121;44;Grand Est
2021;51;Marne;45-64 ans;Femmes;704.513803555337;44;Grand Est
2021;51;Marne;Tous;Femmes;561.763908551462;44;Grand Est
2021;51;Marne;45-64 ans;Hommes et Femmes;619.2996284202229;44;Grand Est
2022;51;Marne;18-24 ans;Hommes;615.046677649643;44;Grand Est
2022;51;Marne;65 ans et plus;Hommes;91.7711838482716;44;Grand Est
2022;51;Marne;00-17 ans;Femmes;576.601821415099;44;Grand Est
2022;51;Marne;18-24 ans;Femmes;1501.60476845484;44;Grand Est
2022;51;Marne;00-17 ans;Hommes et Femmes;332.234029559057;44;Grand Est
2022;51;Marne;45-64 ans;Hommes et Femmes;691.543511075227;44;Grand Est
2023;51;Marne;45-64 ans;Hommes;430.812757201646;44;Grand Est
2023;51;Marne;Tous;Hommes;322.771726647405;44;Grand Est
2023;51;Marne;45-64 ans;Femmes;846.470451192048;44;Grand Est
2023;51;Marne;65 ans et plus;Femmes;203.411046784541;44;Grand Est
2023;51;Marne;18-24 ans;Hommes et Femmes;1191.5090519983798;44;Grand Est
2023;51;Marne;25-44 ans;Hommes et Femmes;666.923882489114;44;Grand Est
2023;51;Marne;Tous;Hommes et Femmes;533.119576558007;44;Grand Est
2024;51;Marne;45-64 ans;Hommes;337.87788974511;44;Grand Est
2024;51;Marne;18-24 ans;Femmes;1814.76153590793;44;Grand Est
2024;51;Marne;45-64 ans;Femmes;698.372791396047;44;Grand Est
2024;51;Marne;65 ans et plus;Femmes;237.880013321281;44;Grand Est
2024;51;Marne;25-44 ans;Hommes et Femmes;772.845148535189;44;Grand Est
2024;51;Marne;65 ans et plus;Hommes et Femmes;171.079845772796;44;Grand Est
2024;51;Marne;Tous;Hommes et Femmes;526.01682780493;44;Grand Est
2020;52;Haute-Marne;18-24 ans;Hommes;592.353257942919;44;Grand Est
2020;52;Haute-Marne;45-64 ans;Hommes;370.855148342059;44;Grand Est
2020;52;Haute-Marne;Tous;Hommes;326.46911099949796;44;Grand Est
2020;52;Haute-Marne;00-17 ans;Femmes;361.99095022624397;44;Grand Est
2020;52;Haute-Marne;65 ans et plus;Femmes;150.930739560624;44;Grand Est
2020;52;Haute-Marne;18-24 ans;Hommes et Femmes;700.242391597091;44;Grand Est
2020;52;Haute-Marne;25-44 ans;Hommes et Femmes;1183.01194842068;44;Grand Est
2021;52;Haute-Marne;25-44 ans;Hommes;358.10205908684003;44;Grand Est
2021;52;Haute-Marne;25-44 ans;Femmes;620.5673758865249;44;Grand Est
2021;52;Haute-Marne;45-64 ans;Femmes;630.9885487263381;44;Grand Est
2021;52;Haute-Marne;Tous;Femmes;466.42611986271197;44;Grand Est
2021;52;Haute-Marne;00-17 ans;Hommes et Femmes;327.432722807736;44;Grand Est
2021;52;Haute-Marne;45-64 ans;Hommes et Femmes;686.740623349181;44;Grand Est
2022;52;Haute-Marne;00-17 ans;Hommes;119.4743130227;44;Grand Est
2022;52;Haute-Marne;45-64 ans;Hommes;205.49224733794097;44;Grand Est
2022;52;Haute-Marne;18-24 ans;Femmes;548.804390435124;44;Grand Est
2022;52;Haute-Marne;18-24 ans;Hommes et Femmes;464.85682409817804;44;Grand Est
2022;52;Haute-Marne;Tous;Hommes et Femmes;330.70417181412097;44;Grand Est
2023;52;Haute-Marne;00-17 ans;Hommes;124.866214769889;44;Grand Est
2023;52;Haute-Marne;45-64 ans;Hommes;249.843847595253;44;Grand Est
2023;52;Haute-Marne;Tous;Hommes;295.391089709869;44;Grand Est
2023;52;Haute-Marne;18-24 ans;Femmes;800.0;44;Grand Est
2023;52;Haute-Marne;45-64 ans;Femmes;801.165331391114;44;Grand Est
2023;52;Haute-Marne;65 ans et plus;Femmes;169.803311164568;44;Grand Est
2023;52;Haute-Marne;Tous;Femmes;552.560046343746;44;Grand Est
2024;52;Haute-Marne;25-44 ans;Hommes;553.176302640971;44;Grand Est
2024;52;Haute-Marne;45-64 ans;Femmes;894.3280771946339;44;Grand Est
2024;52;Haute-Marne;65 ans et plus;Femmes;131.787032156036;44;Grand Est
2024;52;Haute-Marne;Tous;Hommes et Femmes;484.446185243975;44;Grand Est
2020;53;Mayenne;18-24 ans;Hommes;770.119368502118;52;Pays de la Loire
2020;53;Mayenne;45-64 ans;Hommes et Femmes;697.674418604651;52;Pays de la Loire
2020;53;Mayenne;65 ans et plus;Hommes et Femmes;150.421179302046;52;Pays de la Loire
2021;53;Mayenne;00-17 ans;Hommes;96.92605926336199;52;Pays de la Loire
2021;53;Mayenne;65 ans et plus;Hommes;81.4995925020375;52;Pays de la Loire
2021;53;Mayenne;65 ans et plus;Femmes;170.979140544854;52;Pays de la Loire
2021;53;Mayenne;25-44 ans;Hommes et Femmes;548.979241722422;52;Pays de la Loire
2021;53;Mayenne;45-64 ans;Hommes et Femmes;831.916987208158;52;Pays de la Loire
2022;53;Mayenne;00-17 ans;Hommes;131.298211061874;52;Pays de la Loire
2022;53;Mayenne;25-44 ans;Hommes;686.175580221998;52;Pays de la Loire
2022;53;Mayenne;00-17 ans;Femmes;537.531196006911;52;Pays de la Loire
2022;53;Mayenne;65 ans et plus;Femmes;374.340649991492;52;Pays de la Loire
2022;53;Mayenne;25-44 ans;Hommes et Femmes;789.757089864784;52;Pays de la Loire
2023;53;Mayenne;18-24 ans;Hommes;616.113744075829;52;Pays de la Loire
2023;53;Mayenne;25-44 ans;Hommes;575.241601472618;52;Pays de la Loire
2023;53;Mayenne;65 ans et plus;Femmes;290.45643153527;52;Pays de la Loire
2023;53;Mayenne;Tous;Femmes;807.521485839534;52;Pays de la Loire
2023;53;Mayenne;25-44 ans;Hommes et Femmes;746.775288526816;52;Pays de la Loire
2023;53;Mayenne;45-64 ans;Hommes et Femmes;753.846153846154;52;Pays de la Loire
2023;53;Mayenne;65 ans et plus;Hommes et Femmes;243.06706441277203;52;Pays de la Loire
2024;53;Mayenne;25-44 ans;Hommes;1033.52659440383;52;Pays de la Loire
2024;53;Mayenne;65 ans et plus;Hommes;208.23692734845;52;Pays de la Loire
2024;53;Mayenne;18-24 ans;Femmes;2207.79220779221;52;Pays de la Loire
2024;53;Mayenne;65 ans et plus;Femmes;531.914893617021;52;Pays de la Loire
2024;53;Mayenne;Tous;Femmes;1101.94847843538;52;Pays de la Loire
2024;53;Mayenne;00-17 ans;Hommes et Femmes;76.2582613116421;52;Pays de la Loire
2024;53;Mayenne;Tous;Hommes et Femmes;812.104057150559;52;Pays de la Loire
2020;54;Meurthe-et-Moselle;Tous;Hommes;556.0917983662999;44;Grand Est
2020;54;Meurthe-et-Moselle;18-24 ans;Femmes;1882.81123194287;44;Grand Est
2022;54;Meurthe-et-Moselle;00-17 ans;Hommes;235.263923346736;44;Grand Est
2022;54;Meurthe-et-Moselle;25-44 ans;Hommes;813.4996976859229;44;Grand Est
2022;54;Meurthe-et-Moselle;65 ans et plus;Hommes;127.388535031847;44;Grand Est
2022;54;Meurthe-et-Moselle;18-24 ans;Hommes et Femmes;1354.3430134132;44;Grand Est
2022;54;Meurthe-et-Moselle;25-44 ans;Hommes et Femmes;893.7437934458791;44;Grand Est
2022;54;Meurthe-et-Moselle;Tous;Hommes et Femmes;690.379613868341;44;Grand Est
2023;54;Meurthe-et-Moselle;18-24 ans;Hommes;1049.09213180901;44;Grand Est
2023;54;Meurthe-et-Moselle;25-44 ans;Hommes;822.784810126582;44;Grand Est
2023;54;Meurthe-et-Moselle;Tous;Hommes;454.982053485668;44;Grand Est
2023;54;Meurthe-et-Moselle;25-44 ans;Femmes;1289.53955852234;44;Grand Est
2023;54;Meurthe-et-Moselle;Tous;Hommes et Femmes;767.7822194324231;44;Grand Est
2024;54;Meurthe-et-Moselle;18-24 ans;Hommes;1127.4704868019599;44;Grand Est
2024;54;Meurthe-et-Moselle;45-64 ans;Hommes;532.350532350532;44;Grand Est
2024;54;Meurthe-et-Moselle;25-44 ans;Femmes;1146.7256148107201;44;Grand Est
2024;54;Meurthe-et-Moselle;Tous;Femmes;1098.03291420614;44;Grand Est
2020;55;Meuse;00-17 ans;Hommes;224.358974358974;44;Grand Est
2020;55;Meuse;18-24 ans;Hommes;275.17886626307103;44;Grand Est
2020;55;Meuse;65 ans et plus;Hommes;80.8244089715094;44;Grand Est
2020;55;Meuse;Tous;Hommes;329.67032967033003;44;Grand Est
2020;55;Meuse;25-44 ans;Femmes;773.514851485148;44;Grand Est
2020;55;Meuse;65 ans et plus;Hommes et Femmes;94.9757811758002;44;Grand Est
2021;55;Meuse;00-17 ans;Hommes;216.919739696312;44;Grand Est
2021;55;Meuse;18-24 ans;Hommes;497.760079641613;44;Grand Est
2021;55;Meuse;45-64 ans;Hommes;305.421226775261;44;Grand Est
2021;55;Meuse;65 ans et plus;Hommes;64.65517241379311;44;Grand Est
2021;55;Meuse;Tous;Hommes et Femmes;379.633117918104;44;Grand Est
2022;55;Meuse;00-17 ans;Hommes;44.6229361892012;44;Grand Est
2022;55;Meuse;65 ans et plus;Femmes;172.63025737602;44;Grand Est
2022;55;Meuse;Tous;Femmes;436.522371771553;44;Grand Est
2022;55;Meuse;25-44 ans;Hommes et Femmes;736.25460159126;44;Grand Est
2023;55;Meuse;00-17 ans;Hommes;180.18018018018;44;Grand Est
2023;55;Meuse;25-44 ans;Hommes;822.4006265909541;44;Grand Est
2023;55;Meuse;18-24 ans;Femmes;1805.629314923;44;Grand Est
2023;55;Meuse;65 ans et plus;Femmes;121.248863291907;44;Grand Est
2023;55;Meuse;18-24 ans;Hommes et Femmes;1163.9185257032;44;Grand Est
2023;55;Meuse;45-64 ans;Hommes et Femmes;395.162256017243;44;Grand Est
2024;55;Meuse;25-44 ans;Hommes;806.296794010367;44;Grand Est
2024;55;Meuse;65 ans et plus;Hommes;64.9772579597141;44;Grand Est
2024;55;Meuse;00-17 ans;Femmes;290.52876234747197;44;Grand Est
2024;55;Meuse;18-24 ans;Femmes;1717.6596886741802;44;Grand Est
2024;55;Meuse;00-17 ans;Hommes et Femmes;180.715115528592;44;Grand Est
2020;56;Morbihan;18-24 ans;Hommes;734.90813648294;53;Bretagne
2020;56;Morbihan;00-17 ans;Femmes;507.922068076719;53;Bretagne
2020;56;Morbihan;65 ans et plus;Hommes et Femmes;235.426833754322;53;Bretagne
2021;56;Morbihan;18-24 ans;Hommes;793.5362862501801;53;Bretagne
2021;56;Morbihan;45-64 ans;Femmes;1469.16250279663;53;Bretagne
2021;56;Morbihan;65 ans et plus;Femmes;307.255060106771;53;Bretagne
2021;56;Morbihan;Tous;Femmes;880.080794302428;53;Bretagne
2021;56;Morbihan;25-44 ans;Hommes et Femmes;1119.89920907118;53;Bretagne
2021;56;Morbihan;65 ans et plus;Hommes et Femmes;225.258108249035;53;Bretagne
2021;56;Morbihan;Tous;Hommes et Femmes;672.450503702291;53;Bretagne
2022;56;Morbihan;00-17 ans;Hommes;203.458799593082;53;Bretagne
2022;56;Morbihan;18-24 ans;Hommes;655.407108646332;53;Bretagne
2022;56;Morbihan;65 ans et plus;Hommes;93.6050716929754;53;Bretagne
2022;56;Morbihan;Tous;Hommes;454.435154750612;53;Bretagne
2022;56;Morbihan;00-17 ans;Femmes;799.960738123282;53;Bretagne
2022;56;Morbihan;25-44 ans;Femmes;1122.17598097503;53;Bretagne
2022;56;Morbihan;45-64 ans;Femmes;1427.1371199082;53;Bretagne
2023;56;Morbihan;25-44 ans;Hommes;727.272727272727;53;Bretagne
2023;56;Morbihan;18-24 ans;Femmes;2288.40652868921;53;Bretagne
2023;56;Morbihan;Tous;Femmes;868.5038864264151;53;Bretagne
2023;56;Morbihan;18-24 ans;Hommes et Femmes;1372.2385583955402;53;Bretagne
2023;56;Morbihan;25-44 ans;Hommes et Femmes;902.053401561372;53;Bretagne
2024;56;Morbihan;00-17 ans;Hommes;227.691115202015;53;Bretagne
2024;56;Morbihan;25-44 ans;Hommes;658.910127033124;53;Bretagne
2024;56;Morbihan;65 ans et plus;Hommes;114.890648721842;53;Bretagne
2024;56;Morbihan;18-24 ans;Femmes;1912.9845945488398;53;Bretagne
2024;56;Morbihan;25-44 ans;Femmes;1045.59083570385;53;Bretagne
2024;56;Morbihan;45-64 ans;Femmes;1019.8840707315301;53;Bretagne
2024;56;Morbihan;18-24 ans;Hommes et Femmes;1171.4757449485;53;Bretagne
2024;56;Morbihan;45-64 ans;Hommes et Femmes;794.8094079480941;53;Bretagne
2024;56;Morbihan;65 ans et plus;Hommes et Femmes;174.510029532467;53;Bretagne
2020;57;Moselle;65 ans et plus;Hommes;143.169316554894;44;Grand Est
2020;57;Moselle;25-44 ans;Femmes;924.623972048234;44;Grand Est
2020;57;Moselle;65 ans et plus;Femmes;340.376340633228;44;Grand Est
2020;57;Moselle;Tous;Femmes;722.11869266055;44;Grand Est
2020;57;Moselle;00-17 ans;Hommes et Femmes;407.03852457540097;44;Grand Est
2021;57;Moselle;00-17 ans;Hommes;210.18338500341497;44;Grand Est
2021;57;Moselle;25-44 ans;Hommes;597.779675491033;44;Grand Est
2021;57;Moselle;Tous;Hommes;327.40418501368;44;Grand Est
2021;57;Moselle;45-64 ans;Femmes;883.2369942196531;44;Grand Est
2021;57;Moselle;65 ans et plus;Femmes;285.740621255415;44;Grand Est
2021;57;Moselle;18-24 ans;Hommes et Femmes;809.336433553926;44;Grand Est
2021;57;Moselle;45-64 ans;Hommes et Femmes;640.4468429120379;44;Grand Est
2021;57;Moselle;Tous;Hommes et Femmes;496.564671730916;44;Grand Est
2022;57;Moselle;00-17 ans;Hommes;183.876470457919;44;Grand Est
2022;57;Moselle;18-24 ans;Hommes;488.584880518788;44;Grand Est
2022;57;Moselle;25-44 ans;Hommes;500.647094884545;44;Grand Est
2022;57;Moselle;25-44 ans;Femmes;699.828185894481;44;Grand Est
2022;57;Moselle;45-64 ans;Femmes;806.30298562477;44;Grand Est
2022;57;Moselle;25-44 ans;Hommes et Femmes;589.915082287518;44;Grand Est
2023;57;Moselle;25-44 ans;Hommes;489.40228147828304;44;Grand Est
2023;57;Moselle;Tous;Hommes;282.058179302924;44;Grand Est
2023;57;Moselle;00-17 ans;Femmes;551.476283421631;44;Grand Est
2023;57;Moselle;18-24 ans;Hommes et Femmes;884.0480609553581;44;Grand Est
2023;57;Moselle;25-44 ans;Hommes et Femmes;599.362803663879;44;Grand Est
2023;57;Moselle;Tous;Hommes et Femmes;430.64132057957;44;Grand Est
2024;57;Moselle;18-24 ans;Hommes;376.715400484348;44;Grand Est
2024;57;Moselle;25-44 ans;Hommes;385.415600804939;44;Grand Est
2024;57;Moselle;45-64 ans;Hommes;380.080670183059;44;Grand Est
2024;57;Moselle;65 ans et plus;Hommes;98.99029895070281;44;Grand Est
2024;57;Moselle;Tous;Hommes;247.871223609005;44;Grand Est
2024;57;Moselle;45-64 ans;Hommes et Femmes;451.355100519679;44;Grand Est
2024;57;Moselle;65 ans et plus;Hommes et Femmes;152.704394832483;44;Grand Est
2024;57;Moselle;Tous;Hommes et Femmes;388.968270168515;44;Grand Est
2020;58;Nièvre;65 ans et plus;Hommes;55.8596804826276;27;Bourgogne et Franche-Comté
2020;58;Nièvre;18-24 ans;Femmes;638.841567291312;27;Bourgogne et Franche-Comté
2020;58;Nièvre;65 ans et plus;Femmes;243.59349118191602;27;Bourgogne et Franche-Comté
2020;58;Nièvre;25-44 ans;Hommes et Femmes;527.2849012387011;27;Bourgogne et Franche-Comté
2020;58;Nièvre;65 ans et plus;Hommes et Femmes;156.09553046464399;27;Bourgogne et Franche-Comté
2021;58;Nièvre;00-17 ans;Hommes;73.8734301896085;27;Bourgogne et Franche-Comté
2021;58;Nièvre;18-24 ans;Hommes;446.09665427509304;27;Bourgogne et Franche-Comté
2021;58;Nièvre;45-64 ans;Hommes;357.99522673031004;27;Bourgogne et Franche-Comté
2021;58;Nièvre;65 ans et plus;Hommes;91.2825193975354;27;Bourgogne et Franche-Comté
2021;58;Nièvre;18-24 ans;Femmes;1159.79381443299;27;Bourgogne et Franche-Comté
2021;58;Nièvre;25-44 ans;Femmes;629.1706387035271;27;Bourgogne et Franche-Comté
2021;58;Nièvre;45-64 ans;Femmes;476.539589442815;27;Bourgogne et Franche-Comté
2021;58;Nièvre;00-17 ans;Hommes et Femmes;224.23003363450502;27;Bourgogne et Franche-Comté
2021;58;Nièvre;18-24 ans;Hommes et Femmes;777.047220561865;27;Bourgogne et Franche-Comté
2021;58;Nièvre;45-64 ans;Hommes et Femmes;411.11659266568;27;Bourgogne et Franche-Comté
2022;58;Nièvre;25-44 ans;Hommes;352.371164293055;27;Bourgogne et Franche-Comté
2022;58;Nièvre;45-64 ans;Hommes;336.15901783104397;27;Bourgogne et Franche-Comté
2022;58;Nièvre;Tous;Hommes;213.921805950404;27;Bourgogne et Franche-Comté
2022;58;Nièvre;65 ans et plus;Femmes;194.897236002835;27;Bourgogne et Franche-Comté
2022;58;Nièvre;45-64 ans;Hommes et Femmes;596.822324380998;27;Bourgogne et Franche-Comté
2022;58;Nièvre;65 ans et plus;Hommes et Femmes;162.702780303393;27;Bourgogne et Franche-Comté
2023;58;Nièvre;00-17 ans;Femmes;482.494123469009;27;Bourgogne et Franche-Comté
2023;58;Nièvre;65 ans et plus;Femmes;144.848814050335;27;Bourgogne et Franche-Comté
2023;58;Nièvre;Tous;Femmes;549.7748097530671;27;Bourgogne et Franche-Comté
2023;58;Nièvre;00-17 ans;Hommes et Femmes;290.93448155475403;27;Bourgogne et Franche-Comté
2023;58;Nièvre;18-24 ans;Hommes et Femmes;867.760799849085;27;Bourgogne et Franche-Comté
2023;58;Nièvre;25-44 ans;Hommes et Femmes;598.6509274873521;27;Bourgogne et Franche-Comté
2023;58;Nièvre;65 ans et plus;Hommes et Femmes;137.382856582111;27;Bourgogne et Franche-Comté
2024;58;Nièvre;00-17 ans;Hommes;97.444781290602;27;Bourgogne et Franche-Comté
2024;58;Nièvre;65 ans et plus;Hommes;108.5776330076;27;Bourgogne et Franche-Comté
2024;58;Nièvre;00-17 ans;Femmes;775.378742693546;27;Bourgogne et Franche-Comté
2024;58;Nièvre;45-64 ans;Femmes;729.26162260711;27;Bourgogne et Franche-Comté
2024;58;Nièvre;65 ans et plus;Hommes et Femmes;120.066036319976;27;Bourgogne et Franche-Comté
2020;59;Nord;18-24 ans;Hommes;773.701041917403;32;Hauts-de-France
2020;59;Nord;25-44 ans;Hommes;824.884915249727;32;Hauts-de-France
2020;59;Nord;45-64 ans;Hommes;698.664413609333;32;Hauts-de-France
2020;59;Nord;Tous;Hommes;498.90559496281;32;Hauts-de-France
2020;59;Nord;00-17 ans;Hommes et Femmes;379.944779729763;32;Hauts-de-France
2020;59;Nord;45-64 ans;Hommes et Femmes;933.7868439809091;32;Hauts-de-France
2021;59;Nord;18-24 ans;Hommes;555.876606400837;32;Hauts-de-France
2021;59;Nord;25-44 ans;Hommes;756.2529631471219;32;Hauts-de-France
2021;59;Nord;45-64 ans;Hommes;741.3836218943529;32;Hauts-de-France
2021;59;Nord;00-17 ans;Femmes;586.566323245332;32;Hauts-de-France
2021;59;Nord;18-24 ans;Femmes;1182.05128205128;32;Hauts-de-France
2021;59;Nord;65 ans et plus;Femmes;342.44805127675;32;Hauts-de-France
2021;59;Nord;Tous;Femmes;778.314083778659;32;Hauts-de-France
2021;59;Nord;00-17 ans;Hommes et Femmes;362.876262000402;32;Hauts-de-France
2021;59;Nord;65 ans et plus;Hommes et Femmes;271.850336159018;32;Hauts-de-France
2022;59;Nord;00-17 ans;Hommes;138.305387217905;32;Hauts-de-France
2022;59;Nord;Tous;Hommes;383.919043679484;32;Hauts-de-France
2022;59;Nord;18-24 ans;Femmes;1341.79998653712;32;Hauts-de-France
2022;59;Nord;45-64 ans;Femmes;1026.30197145448;32;Hauts-de-France
2022;59;Nord;00-17 ans;Hommes et Femmes;329.96452981052;32;Hauts-de-France
2022;59;Nord;18-24 ans;Hommes et Femmes;969.856442617797;32;Hauts-de-France
2023;59;Nord;25-44 ans;Hommes;645.403847358857;32;Hauts-de-France
2023;59;Nord;45-64 ans;Hommes;621.68947070962;32;Hauts-de-France
2023;59;Nord;00-17 ans;Hommes et Femmes;322.565838066107;32;Hauts-de-France
2023;59;Nord;25-44 ans;Hommes et Femmes;686.674144393073;32;Hauts-de-France
2023;59;Nord;65 ans et plus;Hommes et Femmes;191.850061797856;32;Hauts-de-France
2023;59;Nord;Tous;Hommes et Femmes;527.246856607398;32;Hauts-de-France
2024;59;Nord;00-17 ans;Femmes;627.0541814003619;32;Hauts-de-France
2024;59;Nord;45-64 ans;Femmes;877.774097383239;32;Hauts-de-France
2024;59;Nord;Tous;Femmes;697.2002100147739;32;Hauts-de-France
2024;59;Nord;00-17 ans;Hommes et Femmes;372.296788003215;32;Hauts-de-France
2024;59;Nord;25-44 ans;Hommes et Femmes;752.113309834257;32;Hauts-de-France
2024;59;Nord;45-64 ans;Hommes et Femmes;735.202319355241;32;Hauts-de-France
2024;59;Nord;65 ans et plus;Hommes et Femmes;199.737622767725;32;Hauts-de-France
2020;60;Oise;00-17 ans;Hommes;0.0;32;Hauts-de-France
2020;60;Oise;45-64 ans;Hommes;442.851117671868;32;Hauts-de-France
2020;60;Oise;00-17 ans;Femmes;67.2645739910314;32;Hauts-de-France
2020;60;Oise;18-24 ans;Femmes;595.7836846929421;32;Hauts-de-France
2020;60;Oise;45-64 ans;Hommes et Femmes;697.5585450921769;32;Hauts-de-France
2021;60;Oise;18-24 ans;Hommes;371.459526389104;32;Hauts-de-France
2021;60;Oise;25-44 ans;Hommes;487.41362290227005;32;Hauts-de-France
2021;60;Oise;25-44 ans;Femmes;573.410731983576;32;Hauts-de-France
2021;60;Oise;65 ans et plus;Femmes;293.84472626043896;32;Hauts-de-France
2021;60;Oise;00-17 ans;Hommes et Femmes;66.7853962600178;32;Hauts-de-France
2021;60;Oise;Tous;Hommes et Femmes;391.353644709411;32;Hauts-de-France
2022;60;Oise;18-24 ans;Hommes;277.737172927934;32;Hauts-de-France
2022;60;Oise;45-64 ans;Hommes;509.936257967754;32;Hauts-de-France
2022;60;Oise;45-64 ans;Femmes;751.0729613733911;32;Hauts-de-France
2022;60;Oise;18-24 ans;Hommes et Femmes;644.227289178429;32;Hauts-de-France
2022;60;Oise;25-44 ans;Hommes et Femmes;490.63336306868905;32;Hauts-de-France
2022;60;Oise;45-64 ans;Hommes et Femmes;624.729873089466;32;Hauts-de-France
2022;60;Oise;Tous;Hommes et Femmes;406.820484953517;32;Hauts-de-France
2023;60;Oise;45-64 ans;Hommes;505.56858147713905;32;Hauts-de-France
2023;60;Oise;25-44 ans;Femmes;700.0933457794371;32;Hauts-de-France
2023;60;Oise;45-64 ans;Femmes;756.782867724016;32;Hauts-de-France
2023;60;Oise;00-17 ans;Hommes et Femmes;231.080300404391;32;Hauts-de-France
2023;60;Oise;25-44 ans;Hommes et Femmes;662.314315450847;32;Hauts-de-France
2023;60;Oise;Tous;Hommes et Femmes;462.445824583352;32;Hauts-de-France
2024;60;Oise;00-17 ans;Hommes;135.899507823404;32;Hauts-de-France
2024;60;Oise;18-24 ans;Hommes;420.68794852759197;32;Hauts-de-France
2024;60;Oise;25-44 ans;Hommes;457.6767009531;32;Hauts-de-France
2024;60;Oise;00-17 ans;Femmes;510.48161010920995;32;Hauts-de-France
2024;60;Oise;18-24 ans;Femmes;1219.2316540142601;32;Hauts-de-France
2024;60;Oise;65 ans et plus;Femmes;220.26431718061698;32;Hauts-de-France
2024;60;Oise;Tous;Femmes;561.655730317319;32;Hauts-de-France
2024;60;Oise;25-44 ans;Hommes et Femmes;489.56641865199606;32;Hauts-de-France
2024;60;Oise;65 ans et plus;Hommes et Femmes;159.123055162659;32;Hauts-de-France
2020;61;Orne;00-17 ans;Hommes;85.0340136054422;28;Normandie
2020;61;Orne;25-44 ans;Hommes;453.575240128068;28;Normandie
2020;61;Orne;Tous;Hommes;251.421730020952;28;Normandie
2020;61;Orne;00-17 ans;Femmes;193.829752867065;28;Normandie
2020;61;Orne;00-17 ans;Hommes et Femmes;135.879821846456;28;Normandie
2021;61;Orne;00-17 ans;Hommes;65.54641878202841;28;Normandie
2021;61;Orne;45-64 ans;Hommes;404.52330605865603;28;Normandie
2021;61;Orne;65 ans et plus;Hommes;69.9953336444237;28;Normandie
2021;61;Orne;45-64 ans;Femmes;662.3247599072749;28;Normandie
2021;61;Orne;25-44 ans;Hommes et Femmes;451.44647134696896;28;Normandie
2021;61;Orne;45-64 ans;Hommes et Femmes;521.669341894061;28;Normandie
2022;61;Orne;25-44 ans;Hommes;531.829170024174;28;Normandie
2022;61;Orne;45-64 ans;Hommes;370.11533826820397;28;Normandie
2022;61;Orne;65 ans et plus;Hommes;153.66347698540199;28;Normandie
2022;61;Orne;00-17 ans;Femmes;321.137745154261;28;Normandie
2022;61;Orne;00-17 ans;Hommes et Femmes;199.47869567530202;28;Normandie
2022;61;Orne;65 ans et plus;Hommes et Femmes;145.612218483044;28;Normandie
2023;61;Orne;18-24 ans;Hommes;613.36717428088;28;Normandie
2023;61;Orne;25-44 ans;Hommes;525.14463729417;28;Normandie
2023;61;Orne;65 ans et plus;Hommes;127.66596575548199;28;Normandie
2023;61;Orne;Tous;Hommes;291.29600558172;28;Normandie
2023;61;Orne;45-64 ans;Femmes;751.1095937179921;28;Normandie
2023;61;Orne;65 ans et plus;Femmes;181.81818181818198;28;Normandie
2023;61;Orne;00-17 ans;Hommes et Femmes;209.901346367207;28;Normandie
2023;61;Orne;45-64 ans;Hommes et Femmes;526.870389884088;28;Normandie
2023;61;Orne;65 ans et plus;Hommes et Femmes;157.178979020023;28;Normandie
2024;61;Orne;00-17 ans;Hommes;44.5881172667484;28;Normandie
2024;61;Orne;25-44 ans;Femmes;676.190476190476;28;Normandie
2024;61;Orne;00-17 ans;Hommes et Femmes;238.032266596139;28;Normandie
2024;61;Orne;Tous;Hommes et Femmes;407.709414381023;28;Normandie
2020;62;Pas-de-Calais;18-24 ans;Hommes;830.1707779886151;32;Hauts-de-France
2020;62;Pas-de-Calais;25-44 ans;Hommes;863.851491062813;32;Hauts-de-France
2020;62;Pas-de-Calais;25-44 ans;Femmes;1163.25942988771;32;Hauts-de-France
2020;62;Pas-de-Calais;65 ans et plus;Femmes;382.558997050148;32;Hauts-de-France
2021;62;Pas-de-Calais;00-17 ans;Hommes;185.746012517666;32;Hauts-de-France
2021;62;Pas-de-Calais;25-44 ans;Hommes;700.473973407156;32;Hauts-de-France
2021;62;Pas-de-Calais;65 ans et plus;Hommes;217.174385161707;32;Hauts-de-France
2021;62;Pas-de-Calais;00-17 ans;Femmes;591.254927124393;32;Hauts-de-France
2021;62;Pas-de-Calais;65 ans et plus;Femmes;386.417824549864;32;Hauts-de-France
2021;62;Pas-de-Calais;65 ans et plus;Hommes et Femmes;316.708169136668;32;Hauts-de-France
2022;62;Pas-de-Calais;25-44 ans;Hommes;685.135537682455;32;Hauts-de-France
2022;62;Pas-de-Calais;45-64 ans;Hommes;634.696755994358;32;Hauts-de-France
2022;62;Pas-de-Calais;18-24 ans;Femmes;1363.81553015372;32;Hauts-de-France
2022;62;Pas-de-Calais;25-44 ans;Femmes;928.5373367466481;32;Hauts-de-France
2022;62;Pas-de-Calais;45-64 ans;Femmes;906.502135738016;32;Hauts-de-France
2022;62;Pas-de-Calais;18-24 ans;Hommes et Femmes;996.348046999047;32;Hauts-de-France
2022;62;Pas-de-Calais;Tous;Hommes et Femmes;550.4183179216201;32;Hauts-de-France
2023;62;Pas-de-Calais;45-64 ans;Hommes;616.169789008527;32;Hauts-de-France
2023;62;Pas-de-Calais;45-64 ans;Femmes;1006.11778580379;32;Hauts-de-France
2023;62;Pas-de-Calais;45-64 ans;Hommes et Femmes;794.61483955866;32;Hauts-de-France
2023;62;Pas-de-Calais;65 ans et plus;Hommes et Femmes;241.218959810241;32;Hauts-de-France
2024;62;Pas-de-Calais;00-17 ans;Hommes;125.65708182370301;32;Hauts-de-France
2024;62;Pas-de-Calais;00-17 ans;Femmes;643.094281800664;32;Hauts-de-France
2024;62;Pas-de-Calais;18-24 ans;Femmes;1571.8040877635299;32;Hauts-de-France
2024;62;Pas-de-Calais;25-44 ans;Femmes;913.5885759262379;32;Hauts-de-France
2024;62;Pas-de-Calais;Tous;Femmes;765.863711458434;32;Hauts-de-France
2024;62;Pas-de-Calais;25-44 ans;Hommes et Femmes;769.162650068946;32;Hauts-de-France
2024;62;Pas-de-Calais;65 ans et plus;Hommes et Femmes;251.300746823346;32;Hauts-de-France
2020;63;Puy-de-Dôme;45-64 ans;Hommes;360.01694197374;84;Auvergne et Rhône-Alpes
2020;63;Puy-de-Dôme;65 ans et plus;Hommes;97.1062342202369;84;Auvergne et Rhône-Alpes
2020;63;Puy-de-Dôme;25-44 ans;Femmes;687.666370896185;84;Auvergne et Rhône-Alpes
2020;63;Puy-de-Dôme;Tous;Femmes;633.105671092011;84;Auvergne et Rhône-Alpes
2021;63;Puy-de-Dôme;00-17 ans;Femmes;840.336134453782;84;Auvergne et Rhône-Alpes
2021;63;Puy-de-Dôme;25-44 ans;Hommes et Femmes;828.008280082801;84;Auvergne et Rhône-Alpes
2021;63;Puy-de-Dôme;65 ans et plus;Hommes et Femmes;234.960782281193;84;Auvergne et Rhône-Alpes
2021;63;Puy-de-Dôme;Tous;Hommes et Femmes;604.5485895285369;84;Auvergne et Rhône-Alpes
2022;63;Puy-de-Dôme;00-17 ans;Hommes;153.29816493079;84;Auvergne et Rhône-Alpes
2022;63;Puy-de-Dôme;18-24 ans;Hommes;467.894474863116;84;Auvergne et Rhône-Alpes
2022;63;Puy-de-Dôme;25-44 ans;Hommes;525.55902622837;84;Auvergne et Rhône-Alpes
2022;63;Puy-de-Dôme;65 ans et plus;Hommes;123.96694214876001;84;Auvergne et Rhône-Alpes
2022;63;Puy-de-Dôme;25-44 ans;Femmes;650.395601448304;84;Auvergne et Rhône-Alpes
2022;63;Puy-de-Dôme;45-64 ans;Femmes;706.349790302406;84;Auvergne et Rhône-Alpes
2022;63;Puy-de-Dôme;65 ans et plus;Femmes;218.753107288456;84;Auvergne et Rhône-Alpes
2022;63;Puy-de-Dôme;25-44 ans;Hommes et Femmes;578.5453716370271;84;Auvergne et Rhône-Alpes
2022;63;Puy-de-Dôme;65 ans et plus;Hommes et Femmes;175.41965779672898;84;Auvergne et Rhône-Alpes
2023;63;Puy-de-Dôme;18-24 ans;Hommes;827.6797829036641;84;Auvergne et Rhône-Alpes
2023;63;Puy-de-Dôme;45-64 ans;Hommes;660.139445186174;84;Auvergne et Rhône-Alpes
2023;63;Puy-de-Dôme;65 ans et plus;Femmes;338.665138331683;84;Auvergne et Rhône-Alpes
2023;63;Puy-de-Dôme;Tous;Femmes;973.854706288126;84;Auvergne et Rhône-Alpes
2023;63;Puy-de-Dôme;00-17 ans;Hommes et Femmes;528.476141611083;84;Auvergne et Rhône-Alpes
2024;63;Puy-de-Dôme;00-17 ans;Hommes;208.234737340275;84;Auvergne et Rhône-Alpes
2024;63;Puy-de-Dôme;18-24 ans;Hommes;978.753879207448;84;Auvergne et Rhône-Alpes
2024;63;Puy-de-Dôme;45-64 ans;Hommes;671.821523640512;84;Auvergne et Rhône-Alpes
2024;63;Puy-de-Dôme;65 ans et plus;Hommes;187.86902844873902;84;Auvergne et Rhône-Alpes
2024;63;Puy-de-Dôme;18-24 ans;Femmes;2947.56859549036;84;Auvergne et Rhône-Alpes
2024;63;Puy-de-Dôme;45-64 ans;Femmes;1073.8566131026;84;Auvergne et Rhône-Alpes
2024;63;Puy-de-Dôme;Tous;Femmes;1102.07793265381;84;Auvergne et Rhône-Alpes
2024;63;Puy-de-Dôme;00-17 ans;Hommes et Femmes;676.040408194741;84;Auvergne et Rhône-Alpes
2024;63;Puy-de-Dôme;18-24 ans;Hommes et Femmes;1899.4981259132198;84;Auvergne et Rhône-Alpes
2020;64;Pyrénées-Atlantiques;00-17 ans;Hommes;155.52099533437;75;Nouvelle Aquitaine
2020;64;Pyrénées-Atlantiques;65 ans et plus;Hommes;139.140114094894;75;Nouvelle Aquitaine
2020;64;Pyrénées-Atlantiques;00-17 ans;Femmes;451.31784811650004;75;Nouvelle Aquitaine
2020;64;Pyrénées-Atlantiques;18-24 ans;Hommes et Femmes;655.298759864713;75;Nouvelle Aquitaine
2020;64;Pyrénées-Atlantiques;45-64 ans;Hommes et Femmes;605.352917678149;75;Nouvelle Aquitaine
2021;64;Pyrénées-Atlantiques;00-17 ans;Hommes;136.475969163808;75;Nouvelle Aquitaine
2021;64;Pyrénées-Atlantiques;18-24 ans;Hommes;415.123976214518;75;Nouvelle Aquitaine
2021;64;Pyrénées-Atlantiques;45-64 ans;Hommes;335.958005249344;75;Nouvelle Aquitaine
2021;64;Pyrénées-Atlantiques;00-17 ans;Femmes;634.453588340766;75;Nouvelle Aquitaine
2021;64;Pyrénées-Atlantiques;25-44 ans;Femmes;719.471091521908;75;Nouvelle Aquitaine
2021;64;Pyrénées-Atlantiques;65 ans et plus;Femmes;202.583900313432;75;Nouvelle Aquitaine
2021;64;Pyrénées-Atlantiques;65 ans et plus;Hommes et Femmes;164.048722470574;75;Nouvelle Aquitaine
2021;64;Pyrénées-Atlantiques;Tous;Hommes et Femmes;388.507555820831;75;Nouvelle Aquitaine
2022;64;Pyrénées-Atlantiques;00-17 ans;Hommes;114.87262652881999;75;Nouvelle Aquitaine
2022;64;Pyrénées-Atlantiques;18-24 ans;Hommes;431.266846361186;75;Nouvelle Aquitaine
2022;64;Pyrénées-Atlantiques;18-24 ans;Femmes;1202.0836115934299;75;Nouvelle Aquitaine
2022;64;Pyrénées-Atlantiques;65 ans et plus;Femmes;219.54291884110103;75;Nouvelle Aquitaine
2022;64;Pyrénées-Atlantiques;Tous;Femmes;591.989436619718;75;Nouvelle Aquitaine
2022;64;Pyrénées-Atlantiques;45-64 ans;Hommes et Femmes;530.135510574361;75;Nouvelle Aquitaine
2023;64;Pyrénées-Atlantiques;25-44 ans;Hommes;413.243230103554;75;Nouvelle Aquitaine
2023;64;Pyrénées-Atlantiques;25-44 ans;Femmes;645.970523675133;75;Nouvelle Aquitaine
2023;64;Pyrénées-Atlantiques;45-64 ans;Femmes;790.761892807832;75;Nouvelle Aquitaine
2023;64;Pyrénées-Atlantiques;25-44 ans;Hommes et Femmes;514.8287099159301;75;Nouvelle Aquitaine
2023;64;Pyrénées-Atlantiques;45-64 ans;Hommes et Femmes;592.559465578444;75;Nouvelle Aquitaine
2024;64;Pyrénées-Atlantiques;00-17 ans;Hommes;123.530865069001;75;Nouvelle Aquitaine
2024;64;Pyrénées-Atlantiques;18-24 ans;Hommes;349.268718620389;75;Nouvelle Aquitaine
2024;64;Pyrénées-Atlantiques;25-44 ans;Hommes;456.100342075257;75;Nouvelle Aquitaine
2024;64;Pyrénées-Atlantiques;45-64 ans;Hommes;319.891430787127;75;Nouvelle Aquitaine
2024;64;Pyrénées-Atlantiques;65 ans et plus;Hommes;103.51584162076199;75;Nouvelle Aquitaine
2024;64;Pyrénées-Atlantiques;45-64 ans;Femmes;624.893484065216;75;Nouvelle Aquitaine
2024;64;Pyrénées-Atlantiques;65 ans et plus;Femmes;233.054962128569;75;Nouvelle Aquitaine
2024;64;Pyrénées-Atlantiques;18-24 ans;Hommes et Femmes;908.072409929831;75;Nouvelle Aquitaine
2024;64;Pyrénées-Atlantiques;25-44 ans;Hommes et Femmes;523.30750666836;75;Nouvelle Aquitaine
2024;64;Pyrénées-Atlantiques;45-64 ans;Hommes et Femmes;460.275118991579;75;Nouvelle Aquitaine
2024;64;Pyrénées-Atlantiques;Tous;Hommes et Femmes;405.19633604282797;75;Nouvelle Aquitaine
2020;65;Hautes-Pyrénées;25-44 ans;Hommes;514.481707317073;76;Occitanie
2020;65;Hautes-Pyrénées;25-44 ans;Femmes;738.859385823136;76;Occitanie
2020;65;Hautes-Pyrénées;45-64 ans;Femmes;2241.82285924293;76;Occitanie
2020;65;Hautes-Pyrénées;65 ans et plus;Femmes;157.232704402516;76;Occitanie
2020;65;Hautes-Pyrénées;00-17 ans;Hommes et Femmes;374.116668976029;76;Occitanie
2020;65;Hautes-Pyrénées;18-24 ans;Hommes et Femmes;932.159502848265;76;Occitanie
2020;65;Hautes-Pyrénées;25-44 ans;Hommes et Femmes;615.9306816995511;76;Occitanie
2020;65;Hautes-Pyrénées;Tous;Hommes et Femmes;602.433593128678;76;Occitanie
2021;65;Hautes-Pyrénées;00-17 ans;Hommes;230.668939925785;76;Occitanie
2021;65;Hautes-Pyrénées;18-24 ans;Hommes;626.0534553334941;76;Occitanie
2021;65;Hautes-Pyrénées;00-17 ans;Hommes et Femmes;324.711062190424;76;Occitanie
2021;65;Hautes-Pyrénées;65 ans et plus;Hommes et Femmes;250.925020201591;76;Occitanie
2022;65;Hautes-Pyrénées;65 ans et plus;Hommes;104.184754297621;76;Occitanie
2022;65;Hautes-Pyrénées;18-24 ans;Femmes;949.3670886075951;76;Occitanie
2022;65;Hautes-Pyrénées;45-64 ans;Femmes;597.280467657898;76;Occitanie
2022;65;Hautes-Pyrénées;65 ans et plus;Femmes;261.995658357662;76;Occitanie
2022;65;Hautes-Pyrénées;Tous;Femmes;519.743185719997;76;Occitanie
2022;65;Hautes-Pyrénées;00-17 ans;Hommes et Femmes;378.508124076809;76;Occitanie
2023;65;Hautes-Pyrénées;45-64 ans;Hommes;336.436021083324;76;Occitanie
2023;65;Hautes-Pyrénées;25-44 ans;Femmes;575.963138359145;76;Occitanie
2023;65;Hautes-Pyrénées;65 ans et plus;Femmes;209.65876229034103;76;Occitanie
2023;65;Hautes-Pyrénées;00-17 ans;Hommes et Femmes;250.83612040133798;76;Occitanie
2023;65;Hautes-Pyrénées;18-24 ans;Hommes et Femmes;546.6517579823579;76;Occitanie
2024;65;Hautes-Pyrénées;00-17 ans;Hommes;91.66743056192131;76;Occitanie
2024;65;Hautes-Pyrénées;45-64 ans;Hommes;357.861775889063;76;Occitanie
2024;65;Hautes-Pyrénées;Tous;Hommes;300.141242937853;76;Occitanie
2024;65;Hautes-Pyrénées;00-17 ans;Femmes;735.612289052358;76;Occitanie
2024;65;Hautes-Pyrénées;25-44 ans;Femmes;452.261306532663;76;Occitanie
2024;65;Hautes-Pyrénées;45-64 ans;Femmes;678.1750924784219;76;Occitanie
2024;65;Hautes-Pyrénées;Tous;Femmes;529.709811146937;76;Occitanie
2024;65;Hautes-Pyrénées;18-24 ans;Hommes et Femmes;935.4877900619609;76;Occitanie
2020;66;Pyrénées-Orientales;18-24 ans;Hommes;541.586073500967;76;Occitanie
2020;66;Pyrénées-Orientales;25-44 ans;Hommes;515.759312320917;76;Occitanie
2020;66;Pyrénées-Orientales;65 ans et plus;Hommes;118.906064209275;76;Occitanie
2020;66;Pyrénées-Orientales;Tous;Hommes;327.026768337428;76;Occitanie
2020;66;Pyrénées-Orientales;Tous;Femmes;605.219804040579;76;Occitanie
2020;66;Pyrénées-Orientales;00-17 ans;Hommes et Femmes;268.41398910555;76;Occitanie
2020;66;Pyrénées-Orientales;25-44 ans;Hommes et Femmes;706.8655783800671;76;Occitanie
2020;66;Pyrénées-Orientales;Tous;Hommes et Femmes;460.293457850745;76;Occitanie
2021;66;Pyrénées-Orientales;25-44 ans;Hommes;458.996328029376;76;Occitanie
2021;66;Pyrénées-Orientales;45-64 ans;Hommes;321.109755314366;76;Occitanie
2021;66;Pyrénées-Orientales;65 ans et plus;Hommes;123.08380888441299;76;Occitanie
2021;66;Pyrénées-Orientales;00-17 ans;Femmes;435.56717068010704;76;Occitanie
2021;66;Pyrénées-Orientales;25-44 ans;Femmes;651.7016654598119;76;Occitanie
2021;66;Pyrénées-Orientales;45-64 ans;Femmes;628.033114473309;76;Occitanie
2021;66;Pyrénées-Orientales;Tous;Femmes;482.24526443839403;76;Occitanie
2021;66;Pyrénées-Orientales;25-44 ans;Hommes et Femmes;547.26368159204;76;Occitanie
2021;66;Pyrénées-Orientales;45-64 ans;Hommes et Femmes;466.484129398641;76;Occitanie
2022;66;Pyrénées-Orientales;Tous;Hommes;238.48390552466498;76;Occitanie
2022;66;Pyrénées-Orientales;18-24 ans;Femmes;760.697305863708;76;Occitanie
2022;66;Pyrénées-Orientales;25-44 ans;Hommes et Femmes;447.08899043361095;76;Occitanie
2022;66;Pyrénées-Orientales;65 ans et plus;Hommes et Femmes;170.589332835781;76;Occitanie
2022;66;Pyrénées-Orientales;Tous;Hommes et Femmes;363.513118371036;76;Occitanie
2023;66;Pyrénées-Orientales;18-24 ans;Hommes;244.778067885118;76;Occitanie
2023;66;Pyrénées-Orientales;25-44 ans;Hommes;413.19765649090294;76;Occitanie
2023;66;Pyrénées-Orientales;00-17 ans;Femmes;599.527644885848;76;Occitanie
2023;66;Pyrénées-Orientales;Tous;Femmes;539.129447817945;76;Occitanie
2024;66;Pyrénées-Orientales;45-64 ans;Hommes;375.144942364095;76;Occitanie
2024;66;Pyrénées-Orientales;65 ans et plus;Hommes;98.9789539487393;76;Occitanie
2024;66;Pyrénées-Orientales;18-24 ans;Femmes;1180.95238095238;76;Occitanie
2024;66;Pyrénées-Orientales;45-64 ans;Femmes;784.8837209302329;76;Occitanie
2024;66;Pyrénées-Orientales;65 ans et plus;Femmes;231.87821352959;76;Occitanie
2024;66;Pyrénées-Orientales;00-17 ans;Hommes et Femmes;411.77148122552404;76;Occitanie
2024;66;Pyrénées-Orientales;18-24 ans;Hommes et Femmes;734.873067379271;76;Occitanie
2024;66;Pyrénées-Orientales;25-44 ans;Hommes et Femmes;571.57607493178;76;Occitanie
2024;66;Pyrénées-Orientales;65 ans et plus;Hommes et Femmes;166.521494082082;76;Occitanie
2020;67;Bas-Rhin;00-17 ans;Hommes;202.68934150682202;44;Grand Est
2020;67;Bas-Rhin;45-64 ans;Hommes;555.325810834761;44;Grand Est
2020;67;Bas-Rhin;65 ans et plus;Hommes;183.20939756439302;44;Grand Est
2020;67;Bas-Rhin;00-17 ans;Femmes;623.77472821244;44;Grand Est
2020;67;Bas-Rhin;25-44 ans;Hommes et Femmes;967.359230979832;44;Grand Est
2020;67;Bas-Rhin;45-64 ans;Hommes et Femmes;742.2099942414741;44;Grand Est
2020;67;Bas-Rhin;Tous;Hommes et Femmes;617.363592965797;44;Grand Est
2021;67;Bas-Rhin;00-17 ans;Hommes;163.353260114;44;Grand Est
2021;67;Bas-Rhin;65 ans et plus;Hommes;196.321113055354;44;Grand Est
2021;67;Bas-Rhin;25-44 ans;Femmes;966.257668711656;44;Grand Est
2021;67;Bas-Rhin;65 ans et plus;Femmes;236.037475488416;44;Grand Est
2021;67;Bas-Rhin;25-44 ans;Hommes et Femmes;851.2852041902149;44;Grand Est
2022;67;Bas-Rhin;00-17 ans;Hommes;150.009375585974;44;Grand Est
2022;67;Bas-Rhin;65 ans et plus;Hommes;170.39403620873298;44;Grand Est
2022;67;Bas-Rhin;Tous;Hommes;425.105821309909;44;Grand Est
2022;67;Bas-Rhin;18-24 ans;Femmes;2627.25779967159;44;Grand Est
2022;67;Bas-Rhin;65 ans et plus;Femmes;281.248887464844;44;Grand Est
2022;67;Bas-Rhin;00-17 ans;Hommes et Femmes;367.428172895368;44;Grand Est
2022;67;Bas-Rhin;45-64 ans;Hommes et Femmes;823.3058898036729;44;Grand Est
2023;67;Bas-Rhin;18-24 ans;Hommes;821.0362809275489;44;Grand Est
2023;67;Bas-Rhin;25-44 ans;Hommes;735.554767812832;44;Grand Est
2023;67;Bas-Rhin;65 ans et plus;Hommes;124.06417112299499;44;Grand Est
2023;67;Bas-Rhin;00-17 ans;Femmes;672.192667738876;44;Grand Est
2023;67;Bas-Rhin;25-44 ans;Femmes;1001.90839694656;44;Grand Est
2023;67;Bas-Rhin;Tous;Femmes;878.6313151625781;44;Grand Est
2023;67;Bas-Rhin;45-64 ans;Hommes et Femmes;736.954096063523;44;Grand Est
2023;67;Bas-Rhin;Tous;Hommes et Femmes;630.8040153767761;44;Grand Est
2024;67;Bas-Rhin;25-44 ans;Femmes;1032.07096554077;44;Grand Est
2024;67;Bas-Rhin;45-64 ans;Femmes;728.962595106839;44;Grand Est
2024;67;Bas-Rhin;18-24 ans;Hommes et Femmes;1597.30979403111;44;Grand Est
2024;67;Bas-Rhin;45-64 ans;Hommes et Femmes;611.5481026882189;44;Grand Est
2024;67;Bas-Rhin;65 ans et plus;Hommes et Femmes;208.16626000307102;44;Grand Est
2024;67;Bas-Rhin;Tous;Hommes et Femmes;609.408963875375;44;Grand Est
2020;68;Haut-Rhin;25-44 ans;Femmes;956.12214645716;44;Grand Est
2020;68;Haut-Rhin;45-64 ans;Femmes;936.8518915826361;44;Grand Est
2020;68;Haut-Rhin;00-17 ans;Hommes et Femmes;374.944861049846;44;Grand Est
2020;68;Haut-Rhin;18-24 ans;Hommes et Femmes;1065.20058414226;44;Grand Est
2020;68;Haut-Rhin;25-44 ans;Hommes et Femmes;793.25400793254;44;Grand Est
2020;68;Haut-Rhin;45-64 ans;Hommes et Femmes;772.518080210388;44;Grand Est
2021;68;Haut-Rhin;18-24 ans;Hommes;608.108108108108;44;Grand Est
2021;68;Haut-Rhin;Tous;Hommes;398.389261744966;44;Grand Est
2021;68;Haut-Rhin;18-24 ans;Femmes;948.3960948396099;44;Grand Est
2021;68;Haut-Rhin;65 ans et plus;Hommes et Femmes;246.05385329619298;44;Grand Est
2021;68;Haut-Rhin;Tous;Hommes et Femmes;515.231459559404;44;Grand Est
2022;68;Haut-Rhin;25-44 ans;Femmes;617.357947734356;44;Grand Est
2022;68;Haut-Rhin;65 ans et plus;Femmes;197.52895154731002;44;Grand Est
2022;68;Haut-Rhin;25-44 ans;Hommes et Femmes;559.12252541466;44;Grand Est
2023;68;Haut-Rhin;Tous;Hommes;300.19235626712305;44;Grand Est
2024;68;Haut-Rhin;18-24 ans;Hommes;372.254622161558;44;Grand Est
2024;68;Haut-Rhin;Tous;Hommes;229.08976237733998;44;Grand Est
2024;68;Haut-Rhin;00-17 ans;Hommes et Femmes;290.677064870613;44;Grand Est
2024;68;Haut-Rhin;18-24 ans;Hommes et Femmes;651.253663301856;44;Grand Est
2024;68;Haut-Rhin;Tous;Hommes et Femmes;335.07670342798;44;Grand Est
2020;69;Rhône;25-44 ans;Hommes;530.755908151293;84;Auvergne et Rhône-Alpes
2020;69;Rhône;00-17 ans;Femmes;427.767188261891;84;Auvergne et Rhône-Alpes
2020;69;Rhône;18-24 ans;Femmes;1321.1334671584;84;Auvergne et Rhône-Alpes
2020;69;Rhône;65 ans et plus;Hommes et Femmes;235.316832997454;84;Auvergne et Rhône-Alpes
2020;69;Rhône;Tous;Hommes et Femmes;503.435368595581;84;Auvergne et Rhône-Alpes
2021;69;Rhône;45-64 ans;Hommes;393.00367091341;84;Auvergne et Rhône-Alpes
2021;69;Rhône;18-24 ans;Femmes;1298.30917874396;84;Auvergne et Rhône-Alpes
2021;69;Rhône;18-24 ans;Hommes et Femmes;858.762431689352;84;Auvergne et Rhône-Alpes
2022;69;Rhône;00-17 ans;Femmes;528.837952265008;84;Auvergne et Rhône-Alpes
2022;69;Rhône;25-44 ans;Femmes;606.1590964491751;84;Auvergne et Rhône-Alpes
2022;69;Rhône;25-44 ans;Hommes et Femmes;477.69858126544807;84;Auvergne et Rhône-Alpes
2022;69;Rhône;45-64 ans;Hommes et Femmes;513.659907605828;84;Auvergne et Rhône-Alpes
2022;69;Rhône;Tous;Hommes et Femmes;440.06519484368096;84;Auvergne et Rhône-Alpes
2023;69;Rhône;25-44 ans;Hommes;363.155677575863;84;Auvergne et Rhône-Alpes
2023;69;Rhône;45-64 ans;Hommes;386.700767263427;84;Auvergne et Rhône-Alpes
2023;69;Rhône;25-44 ans;Femmes;578.463614132726;84;Auvergne et Rhône-Alpes
2023;69;Rhône;65 ans et plus;Femmes;177.580083445398;84;Auvergne et Rhône-Alpes
2023;69;Rhône;Tous;Femmes;660.538537430517;84;Auvergne et Rhône-Alpes
2023;69;Rhône;00-17 ans;Hommes et Femmes;330.664674898272;84;Auvergne et Rhône-Alpes
2023;69;Rhône;18-24 ans;Hommes et Femmes;1256.39296814616;84;Auvergne et Rhône-Alpes
2023;69;Rhône;45-64 ans;Hommes et Femmes;479.22979390969897;84;Auvergne et Rhône-Alpes
2023;69;Rhône;65 ans et plus;Hommes et Femmes;153.309318008672;84;Auvergne et Rhône-Alpes
2023;69;Rhône;Tous;Hommes et Femmes;462.59303614649;84;Auvergne et Rhône-Alpes
2024;69;Rhône;18-24 ans;Hommes;659.63913858889;84;Auvergne et Rhône-Alpes
2024;69;Rhône;25-44 ans;Femmes;577.664698446226;84;Auvergne et Rhône-Alpes
2024;69;Rhône;65 ans et plus;Femmes;205.381978135714;84;Auvergne et Rhône-Alpes
2024;69;Rhône;Tous;Femmes;670.576765110048;84;Auvergne et Rhône-Alpes
2024;69;Rhône;00-17 ans;Hommes et Femmes;422.410991969549;84;Auvergne et Rhône-Alpes
2024;69;Rhône;45-64 ans;Hommes et Femmes;452.67826122499;84;Auvergne et Rhône-Alpes
2024;69;Rhône;65 ans et plus;Hommes et Femmes;157.227180099782;84;Auvergne et Rhône-Alpes
2020;70;Haute-Saône;00-17 ans;Hommes;326.644890340644;27;Bourgogne et Franche-Comté
2020;70;Haute-Saône;18-24 ans;Hommes;904.522613065327;27;Bourgogne et Franche-Comté
2020;70;Haute-Saône;25-44 ans;Hommes;1049.16683809916;27;Bourgogne et Franche-Comté
2020;70;Haute-Saône;Tous;Hommes;617.763953689304;27;Bourgogne et Franche-Comté
2020;70;Haute-Saône;25-44 ans;Femmes;1128.7839917906601;27;Bourgogne et Franche-Comté
2020;70;Haute-Saône;65 ans et plus;Femmes;318.091451292247;27;Bourgogne et Franche-Comté
2020;70;Haute-Saône;00-17 ans;Hommes et Femmes;554.016620498615;27;Bourgogne et Franche-Comté
2020;70;Haute-Saône;18-24 ans;Hommes et Femmes;1116.3032191069601;27;Bourgogne et Franche-Comté
2020;70;Haute-Saône;25-44 ans;Hommes et Femmes;1084.59869848156;27;Bourgogne et Franche-Comté
2021;70;Haute-Saône;00-17 ans;Hommes;349.65034965035;27;Bourgogne et Franche-Comté
2021;70;Haute-Saône;65 ans et plus;Hommes;84.9617672047579;27;Bourgogne et Franche-Comté
2021;70;Haute-Saône;25-44 ans;Femmes;1126.12612612613;27;Bourgogne et Franche-Comté
2021;70;Haute-Saône;65 ans et plus;Femmes;255.78562728379998;27;Bourgogne et Franche-Comté
2021;70;Haute-Saône;00-17 ans;Hommes et Femmes;567.763642098623;27;Bourgogne et Franche-Comté
2022;70;Haute-Saône;00-17 ans;Hommes;233.45005836251497;27;Bourgogne et Franche-Comté
2022;70;Haute-Saône;25-44 ans;Hommes;575.022461814915;27;Bourgogne et Franche-Comté
2022;70;Haute-Saône;18-24 ans;Femmes;1656.41268338855;27;Bourgogne et Franche-Comté
2022;70;Haute-Saône;00-17 ans;Hommes et Femmes;533.186247471962;27;Bourgogne et Franche-Comté
2023;70;Haute-Saône;00-17 ans;Hommes;463.157894736842;27;Bourgogne et Franche-Comté
2023;70;Haute-Saône;18-24 ans;Hommes;974.658869395711;27;Bourgogne et Franche-Comté
2023;70;Haute-Saône;65 ans et plus;Femmes;132.132132132132;27;Bourgogne et Franche-Comté
2023;70;Haute-Saône;Tous;Femmes;851.9559302377451;27;Bourgogne et Franche-Comté
2023;70;Haute-Saône;45-64 ans;Hommes et Femmes;797.957229492499;27;Bourgogne et Franche-Comté
2024;70;Haute-Saône;65 ans et plus;Hommes;51.3544742585698;27;Bourgogne et Franche-Comté
2024;70;Haute-Saône;00-17 ans;Femmes;1445.71740316421;27;Bourgogne et Franche-Comté
2024;70;Haute-Saône;18-24 ans;Femmes;1986.37911464245;27;Bourgogne et Franche-Comté
2024;70;Haute-Saône;25-44 ans;Femmes;1237.22431414739;27;Bourgogne et Franche-Comté
2024;70;Haute-Saône;65 ans et plus;Femmes;238.772029562251;27;Bourgogne et Franche-Comté
2024;70;Haute-Saône;Tous;Femmes;921.617752326414;27;Bourgogne et Franche-Comté
2024;70;Haute-Saône;00-17 ans;Hommes et Femmes;842.8358948934059;27;Bourgogne et Franche-Comté
2024;70;Haute-Saône;18-24 ans;Hommes et Femmes;1500.5359056806;27;Bourgogne et Franche-Comté
2024;70;Haute-Saône;Tous;Hommes et Femmes;679.271405702419;27;Bourgogne et Franche-Comté
2020;71;Saône-et-Loire;18-24 ans;Hommes;858.369098712446;27;Bourgogne et Franche-Comté
2020;71;Saône-et-Loire;65 ans et plus;Hommes;166.828113227855;27;Bourgogne et Franche-Comté
2020;71;Saône-et-Loire;18-24 ans;Hommes et Femmes;991.653582348566;27;Bourgogne et Franche-Comté
2020;71;Saône-et-Loire;25-44 ans;Hommes et Femmes;825.889094892972;27;Bourgogne et Franche-Comté
2020;71;Saône-et-Loire;45-64 ans;Hommes et Femmes;951.0106681639529;27;Bourgogne et Franche-Comté
2020;71;Saône-et-Loire;65 ans et plus;Hommes et Femmes;273.049296467578;27;Bourgogne et Franche-Comté
2021;71;Saône-et-Loire;18-24 ans;Hommes;612.027674294838;27;Bourgogne et Franche-Comté
2021;71;Saône-et-Loire;45-64 ans;Hommes;567.331670822943;27;Bourgogne et Franche-Comté
2021;71;Saône-et-Loire;65 ans et plus;Hommes;178.63710397730298;27;Bourgogne et Franche-Comté
2021;71;Saône-et-Loire;Tous;Hommes;360.87665451755197;27;Bourgogne et Franche-Comté
2021;71;Saône-et-Loire;00-17 ans;Hommes et Femmes;319.643103527572;27;Bourgogne et Franche-Comté
2021;71;Saône-et-Loire;18-24 ans;Hommes et Femmes;911.287538833276;27;Bourgogne et Franche-Comté
2021;71;Saône-et-Loire;25-44 ans;Hommes et Femmes;748.507721946752;27;Bourgogne et Franche-Comté
2021;71;Saône-et-Loire;45-64 ans;Hommes et Femmes;855.365474339036;27;Bourgogne et Franche-Comté
2021;71;Saône-et-Loire;Tous;Hommes et Femmes;535.540106486745;27;Bourgogne et Franche-Comté
2022;71;Saône-et-Loire;00-17 ans;Hommes;99.4671403197158;27;Bourgogne et Franche-Comté
2022;71;Saône-et-Loire;25-44 ans;Hommes;496.27791563275395;27;Bourgogne et Franche-Comté
2022;71;Saône-et-Loire;18-24 ans;Femmes;1541.91197084385;27;Bourgogne et Franche-Comté
2023;71;Saône-et-Loire;00-17 ans;Hommes;122.644209149258;27;Bourgogne et Franche-Comté
2023;71;Saône-et-Loire;65 ans et plus;Hommes;142.052180500971;27;Bourgogne et Franche-Comté
2023;71;Saône-et-Loire;00-17 ans;Femmes;572.7947402500371;27;Bourgogne et Franche-Comté
2023;71;Saône-et-Loire;25-44 ans;Femmes;684.578579315421;27;Bourgogne et Franche-Comté
2023;71;Saône-et-Loire;45-64 ans;Femmes;1057.8069129916598;27;Bourgogne et Franche-Comté
2023;71;Saône-et-Loire;Tous;Femmes;683.453237410072;27;Bourgogne et Franche-Comté
2023;71;Saône-et-Loire;00-17 ans;Hommes et Femmes;325.550067355186;27;Bourgogne et Franche-Comté
2024;71;Saône-et-Loire;00-17 ans;Hommes;93.8046305376711;27;Bourgogne et Franche-Comté
2024;71;Saône-et-Loire;25-44 ans;Hommes;541.408852927178;27;Bourgogne et Franche-Comté
2024;71;Saône-et-Loire;00-17 ans;Femmes;644.304544560299;27;Bourgogne et Franche-Comté
2024;71;Saône-et-Loire;25-44 ans;Femmes;826.985854189336;27;Bourgogne et Franche-Comté
2024;71;Saône-et-Loire;45-64 ans;Hommes et Femmes;609.0921464543351;27;Bourgogne et Franche-Comté
2024;71;Saône-et-Loire;65 ans et plus;Hommes et Femmes;179.07011447696598;27;Bourgogne et Franche-Comté
2020;72;Sarthe;00-17 ans;Hommes;237.33683092873702;52;Pays de la Loire
2020;72;Sarthe;00-17 ans;Hommes et Femmes;459.53107704692604;52;Pays de la Loire
2020;72;Sarthe;18-24 ans;Hommes et Femmes;1540.60232581254;52;Pays de la Loire
2020;72;Sarthe;25-44 ans;Hommes et Femmes;1362.49551810685;52;Pays de la Loire
2020;72;Sarthe;Tous;Hommes et Femmes;801.882019629667;52;Pays de la Loire
2021;72;Sarthe;00-17 ans;Hommes;160.023276112889;52;Pays de la Loire
2021;72;Sarthe;Tous;Hommes;445.90471720253504;52;Pays de la Loire
2021;72;Sarthe;00-17 ans;Hommes et Femmes;417.645523362047;52;Pays de la Loire
2021;72;Sarthe;18-24 ans;Hommes et Femmes;1143.7483753574202;52;Pays de la Loire
2022;72;Sarthe;25-44 ans;Femmes;985.0651414045119;52;Pays de la Loire
2022;72;Sarthe;65 ans et plus;Femmes;264.70456278882;52;Pays de la Loire
2022;72;Sarthe;Tous;Femmes;761.54347026017;52;Pays de la Loire
2023;72;Sarthe;45-64 ans;Hommes;585.080448561677;52;Pays de la Loire
2023;72;Sarthe;18-24 ans;Femmes;2316.81034482759;52;Pays de la Loire
2023;72;Sarthe;45-64 ans;Hommes et Femmes;830.545622332449;52;Pays de la Loire
2023;72;Sarthe;65 ans et plus;Hommes et Femmes;261.498231041378;52;Pays de la Loire
2023;72;Sarthe;Tous;Hommes et Femmes;677.390172326295;52;Pays de la Loire
2024;72;Sarthe;45-64 ans;Hommes;627.326623466152;52;Pays de la Loire
2024;72;Sarthe;65 ans et plus;Hommes;165.67434636292998;52;Pays de la Loire
2024;72;Sarthe;00-17 ans;Femmes;1046.84290730802;52;Pays de la Loire
2024;72;Sarthe;00-17 ans;Hommes et Femmes;603.560704861848;52;Pays de la Loire
2020;73;Savoie;45-64 ans;Hommes;166.458593424886;84;Auvergne et Rhône-Alpes
2020;73;Savoie;00-17 ans;Femmes;322.58064516128997;84;Auvergne et Rhône-Alpes
2020;73;Savoie;45-64 ans;Femmes;316.656111462951;84;Auvergne et Rhône-Alpes
2020;73;Savoie;65 ans et plus;Femmes;159.19945417329998;84;Auvergne et Rhône-Alpes
2020;73;Savoie;00-17 ans;Hommes et Femmes;220.96921670222497;84;Auvergne et Rhône-Alpes
2020;73;Savoie;18-24 ans;Hommes et Femmes;310.642895732037;84;Auvergne et Rhône-Alpes
2020;73;Savoie;25-44 ans;Hommes et Femmes;232.658803159831;84;Auvergne et Rhône-Alpes
2021;73;Savoie;00-17 ans;Hommes;72.79344858962689;84;Auvergne et Rhône-Alpes
2021;73;Savoie;18-24 ans;Hommes;189.15510718789398;84;Auvergne et Rhône-Alpes
2021;73;Savoie;45-64 ans;Hommes;179.05102954342001;84;Auvergne et Rhône-Alpes
2021;73;Savoie;Tous;Femmes;305.50882688477697;84;Auvergne et Rhône-Alpes
2021;73;Savoie;45-64 ans;Hommes et Femmes;226.895182529071;84;Auvergne et Rhône-Alpes
2021;73;Savoie;65 ans et plus;Hommes et Femmes;143.374584968307;84;Auvergne et Rhône-Alpes
2022;73;Savoie;18-24 ans;Hommes;156.156156156156;84;Auvergne et Rhône-Alpes
2022;73;Savoie;25-44 ans;Femmes;410.084033613445;84;Auvergne et Rhône-Alpes
2022;73;Savoie;Tous;Hommes et Femmes;217.561159607716;84;Auvergne et Rhône-Alpes
2023;73;Savoie;00-17 ans;Hommes;96.16844662651211;84;Auvergne et Rhône-Alpes
2023;73;Savoie;18-24 ans;Hommes;273.28897338403004;84;Auvergne et Rhône-Alpes
2023;73;Savoie;65 ans et plus;Hommes;52.4567232033572;84;Auvergne et Rhône-Alpes
2023;73;Savoie;25-44 ans;Femmes;451.452915368475;84;Auvergne et Rhône-Alpes
2023;73;Savoie;65 ans et plus;Hommes et Femmes;86.0776364747043;84;Auvergne et Rhône-Alpes
2024;73;Savoie;25-44 ans;Hommes;251.436781609195;84;Auvergne et Rhône-Alpes
2024;73;Savoie;00-17 ans;Femmes;478.15432430817106;84;Auvergne et Rhône-Alpes
2024;73;Savoie;45-64 ans;Femmes;277.957336780866;84;Auvergne et Rhône-Alpes
2024;73;Savoie;65 ans et plus;Femmes;107.09130697956;84;Auvergne et Rhône-Alpes
2024;73;Savoie;18-24 ans;Hommes et Femmes;673.958025421224;84;Auvergne et Rhône-Alpes
2020;74;Haute-Savoie;00-17 ans;Hommes;140.311491511155;84;Auvergne et Rhône-Alpes
2020;74;Haute-Savoie;25-44 ans;Hommes;266.69011195123403;84;Auvergne et Rhône-Alpes
2020;74;Haute-Savoie;45-64 ans;Hommes;215.558720505023;84;Auvergne et Rhône-Alpes
2020;74;Haute-Savoie;00-17 ans;Femmes;279.684719043987;84;Auvergne et Rhône-Alpes
2020;74;Haute-Savoie;18-24 ans;Femmes;609.41308831802;84;Auvergne et Rhône-Alpes
2020;74;Haute-Savoie;25-44 ans;Femmes;358.616312281815;84;Auvergne et Rhône-Alpes
2020;74;Haute-Savoie;00-17 ans;Hommes et Femmes;203.423658555308;84;Auvergne et Rhône-Alpes
2021;74;Haute-Savoie;00-17 ans;Hommes;117.495969614996;84;Auvergne et Rhône-Alpes
2021;74;Haute-Savoie;18-24 ans;Hommes;171.990171990172;84;Auvergne et Rhône-Alpes
2021;74;Haute-Savoie;25-44 ans;Hommes;214.450239601811;84;Auvergne et Rhône-Alpes
2021;74;Haute-Savoie;65 ans et plus;Hommes;91.2143952900203;84;Auvergne et Rhône-Alpes
2021;74;Haute-Savoie;Tous;Hommes;162.932495256854;84;Auvergne et Rhône-Alpes
2021;74;Haute-Savoie;00-17 ans;Femmes;382.377933198248;84;Auvergne et Rhône-Alpes
2021;74;Haute-Savoie;45-64 ans;Femmes;482.99034019319606;84;Auvergne et Rhône-Alpes
2021;74;Haute-Savoie;Tous;Femmes;344.698159311829;84;Auvergne et Rhône-Alpes
2021;74;Haute-Savoie;00-17 ans;Hommes et Femmes;238.098781231864;84;Auvergne et Rhône-Alpes
2022;74;Haute-Savoie;25-44 ans;Hommes;267.07163803938;84;Auvergne et Rhône-Alpes
2022;74;Haute-Savoie;65 ans et plus;Hommes;81.6739265712508;84;Auvergne et Rhône-Alpes
2022;74;Haute-Savoie;00-17 ans;Femmes;468.104902017794;84;Auvergne et Rhône-Alpes
2022;74;Haute-Savoie;18-24 ans;Femmes;673.534072900159;84;Auvergne et Rhône-Alpes
2022;74;Haute-Savoie;65 ans et plus;Femmes;158.12994156067398;84;Auvergne et Rhône-Alpes
2022;74;Haute-Savoie;00-17 ans;Hommes et Femmes;266.136151038853;84;Auvergne et Rhône-Alpes
2022;74;Haute-Savoie;18-24 ans;Hommes et Femmes;471.604644711291;84;Auvergne et Rhône-Alpes
2023;74;Haute-Savoie;18-24 ans;Hommes;248.073004341278;84;Auvergne et Rhône-Alpes
2023;74;Haute-Savoie;18-24 ans;Femmes;730.968087003031;84;Auvergne et Rhône-Alpes
2023;74;Haute-Savoie;25-44 ans;Femmes;447.509578544061;84;Auvergne et Rhône-Alpes
2023;74;Haute-Savoie;Tous;Femmes;422.11767738609296;84;Auvergne et Rhône-Alpes
2023;74;Haute-Savoie;00-17 ans;Hommes et Femmes;279.520561471737;84;Auvergne et Rhône-Alpes
2023;74;Haute-Savoie;18-24 ans;Hommes et Femmes;488.75855327468196;84;Auvergne et Rhône-Alpes
2023;74;Haute-Savoie;25-44 ans;Hommes et Femmes;337.441096460585;84;Auvergne et Rhône-Alpes
2023;74;Haute-Savoie;65 ans et plus;Hommes et Femmes;108.561374611612;84;Auvergne et Rhône-Alpes
2024;74;Haute-Savoie;18-24 ans;Hommes;287.150035893755;84;Auvergne et Rhône-Alpes
2024;74;Haute-Savoie;25-44 ans;Femmes;347.72440532972297;84;Auvergne et Rhône-Alpes
2024;74;Haute-Savoie;65 ans et plus;Femmes;171.508575428771;84;Auvergne et Rhône-Alpes
2024;74;Haute-Savoie;25-44 ans;Hommes et Femmes;273.277969241046;84;Auvergne et Rhône-Alpes
2024;74;Haute-Savoie;45-64 ans;Hommes et Femmes;314.266430439551;84;Auvergne et Rhône-Alpes
2024;74;Haute-Savoie;Tous;Hommes et Femmes;264.72456415132297;84;Auvergne et Rhône-Alpes
2020;75;Paris;Tous;Hommes;296.03482952755604;11;Île-de-France
2020;75;Paris;00-17 ans;Femmes;457.259938532271;11;Île-de-France
2020;75;Paris;18-24 ans;Femmes;1035.17637246725;11;Île-de-France
2020;75;Paris;45-64 ans;Femmes;535.446043514077;11;Île-de-France
2020;75;Paris;Tous;Femmes;512.382154589324;11;Île-de-France
2020;75;Paris;18-24 ans;Hommes et Femmes;741.919629274229;11;Île-de-France
2020;75;Paris;25-44 ans;Hommes et Femmes;467.339922647185;11;Île-de-France
2020;75;Paris;65 ans et plus;Hommes et Femmes;153.985507246377;11;Île-de-France
2020;75;Paris;Tous;Hommes et Femmes;392.913305149303;11;Île-de-France
2021;75;Paris;Tous;Hommes;247.488277368236;11;Île-de-France
2021;75;Paris;18-24 ans;Femmes;1073.24082805694;11;Île-de-France
2021;75;Paris;Tous;Femmes;496.934963183286;11;Île-de-France
2022;75;Paris;45-64 ans;Hommes;179.652181595959;11;Île-de-France
2022;75;Paris;Tous;Hommes;167.980147800714;11;Île-de-France
2022;75;Paris;18-24 ans;Femmes;791.6944581387929;11;Île-de-France
2022;75;Paris;Tous;Femmes;355.181918940587;11;Île-de-France
2022;75;Paris;25-44 ans;Hommes et Femmes;298.054116161473;11;Île-de-France
2022;75;Paris;65 ans et plus;Hommes et Femmes;92.70629182964811;11;Île-de-France
2023;75;Paris;25-44 ans;Hommes;234.14177284345698;11;Île-de-France
2023;75;Paris;45-64 ans;Hommes;187.030638759601;11;Île-de-France
2023;75;Paris;45-64 ans;Femmes;259.569460787707;11;Île-de-France
2023;75;Paris;00-17 ans;Hommes et Femmes;235.234318204654;11;Île-de-France
2023;75;Paris;18-24 ans;Hommes et Femmes;758.5451966513;11;Île-de-France
2024;75;Paris;00-17 ans;Hommes;111.311799050699;11;Île-de-France
2024;75;Paris;45-64 ans;Hommes;198.440040790453;11;Île-de-France
2024;75;Paris;00-17 ans;Femmes;386.380419875514;11;Île-de-France
2024;75;Paris;65 ans et plus;Femmes;134.59323703672902;11;Île-de-France
2024;75;Paris;Tous;Femmes;359.41632813192103;11;Île-de-France
2024;75;Paris;00-17 ans;Hommes et Femmes;233.21604339338097;11;Île-de-France
2020;76;Seine-Maritime;00-17 ans;Hommes et Femmes;232.579667214367;28;Normandie
2020;76;Seine-Maritime;18-24 ans;Hommes et Femmes;639.60142732108;28;Normandie
2020;76;Seine-Maritime;25-44 ans;Hommes et Femmes;612.577292840773;28;Normandie
2021;76;Seine-Maritime;18-24 ans;Femmes;900.167584390711;28;Normandie
2021;76;Seine-Maritime;65 ans et plus;Femmes;245.11949575418;28;Normandie
2021;76;Seine-Maritime;45-64 ans;Hommes et Femmes;529.860283453713;28;Normandie
2021;76;Seine-Maritime;65 ans et plus;Hommes et Femmes;181.52579128188898;28;Normandie
2022;76;Seine-Maritime;00-17 ans;Femmes;294.808739181833;28;Normandie
2022;76;Seine-Maritime;18-24 ans;Femmes;870.746125579166;28;Normandie
2022;76;Seine-Maritime;45-64 ans;Femmes;560.352512671608;28;Normandie
2022;76;Seine-Maritime;65 ans et plus;Femmes;176.043424044598;28;Normandie
2022;76;Seine-Maritime;Tous;Femmes;399.82097568253;28;Normandie
2022;76;Seine-Maritime;Tous;Hommes et Femmes;293.104742209584;28;Normandie
2023;76;Seine-Maritime;45-64 ans;Hommes;233.31875091140103;28;Normandie
2023;76;Seine-Maritime;00-17 ans;Femmes;294.276182567778;28;Normandie
2023;76;Seine-Maritime;25-44 ans;Femmes;333.783523056145;28;Normandie
2023;76;Seine-Maritime;65 ans et plus;Femmes;147.025755452926;28;Normandie
2023;76;Seine-Maritime;Tous;Femmes;319.967158087925;28;Normandie
2023;76;Seine-Maritime;00-17 ans;Hommes et Femmes;195.015512597593;28;Normandie
2024;76;Seine-Maritime;00-17 ans;Femmes;324.96523457512995;28;Normandie
2024;76;Seine-Maritime;18-24 ans;Femmes;671.27114698122;28;Normandie
2024;76;Seine-Maritime;18-24 ans;Hommes et Femmes;475.435816164818;28;Normandie
2024;76;Seine-Maritime;45-64 ans;Hommes et Femmes;351.493848857645;28;Normandie
2024;76;Seine-Maritime;65 ans et plus;Hommes et Femmes;113.286037960108;28;Normandie
2020;77;Seine-et-Marne;25-44 ans;Hommes;303.183425972713;11;Île-de-France
2020;77;Seine-et-Marne;45-64 ans;Hommes;302.500354492603;11;Île-de-France
2020;77;Seine-et-Marne;25-44 ans;Femmes;455.50368920343305;11;Île-de-France
2020;77;Seine-et-Marne;Tous;Femmes;507.512238446167;11;Île-de-France
2020;77;Seine-et-Marne;25-44 ans;Hommes et Femmes;380.388034024658;11;Île-de-France
2021;77;Seine-et-Marne;18-24 ans;Hommes;395.22367978472903;11;Île-de-France
2021;77;Seine-et-Marne;00-17 ans;Femmes;749.765698219306;11;Île-de-France
2021;77;Seine-et-Marne;18-24 ans;Femmes;872.5043232196199;11;Île-de-France
2021;77;Seine-et-Marne;45-64 ans;Femmes;671.460752036042;11;Île-de-France
2021;77;Seine-et-Marne;25-44 ans;Hommes et Femmes;398.987186373053;11;Île-de-France
2022;77;Seine-et-Marne;00-17 ans;Hommes;175.38921248078302;11;Île-de-France
2022;77;Seine-et-Marne;25-44 ans;Hommes;353.675450762829;11;Île-de-France
2022;77;Seine-et-Marne;00-17 ans;Femmes;654.95608531995;11;Île-de-France
2022;77;Seine-et-Marne;18-24 ans;Femmes;1055.08662816526;11;Île-de-France
2022;77;Seine-et-Marne;65 ans et plus;Femmes;204.36343551505098;11;Île-de-France
2022;77;Seine-et-Marne;25-44 ans;Hommes et Femmes;405.56796700464;11;Île-de-France
2023;77;Seine-et-Marne;00-17 ans;Hommes;137.08254082489398;11;Île-de-France
2023;77;Seine-et-Marne;25-44 ans;Hommes;284.726030286413;11;Île-de-France
2023;77;Seine-et-Marne;45-64 ans;Hommes;291.02068892534;11;Île-de-France
2023;77;Seine-et-Marne;25-44 ans;Femmes;435.32211802518395;11;Île-de-France
2023;77;Seine-et-Marne;Tous;Femmes;480.818943232344;11;Île-de-France
2023;77;Seine-et-Marne;00-17 ans;Hommes et Femmes;302.887589919753;11;Île-de-France
2023;77;Seine-et-Marne;45-64 ans;Hommes et Femmes;385.070687004204;11;Île-de-France
2024;77;Seine-et-Marne;25-44 ans;Hommes;283.67019168596;11;Île-de-France
2024;77;Seine-et-Marne;65 ans et plus;Hommes;109.011627906977;11;Île-de-France
2024;77;Seine-et-Marne;45-64 ans;Femmes;377.837152187407;11;Île-de-France
2024;77;Seine-et-Marne;25-44 ans;Hommes et Femmes;327.064595257563;11;Île-de-France
2020;78;Yvelines;00-17 ans;Hommes;181.005712992816;11;Île-de-France
2020;78;Yvelines;18-24 ans;Hommes;299.01406174236297;11;Île-de-France
2020;78;Yvelines;65 ans et plus;Hommes;125.740244990671;11;Île-de-France
2020;78;Yvelines;00-17 ans;Femmes;454.46837374936405;11;Île-de-France
2020;78;Yvelines;Tous;Femmes;520.491990672296;11;Île-de-France
2020;78;Yvelines;18-24 ans;Hommes et Femmes;629.1324383891;11;Île-de-France
2020;78;Yvelines;25-44 ans;Hommes et Femmes;393.851384855139;11;Île-de-France
2020;78;Yvelines;45-64 ans;Hommes et Femmes;480.15944917557493;11;Île-de-France
2020;78;Yvelines;65 ans et plus;Hommes et Femmes;206.00189299036802;11;Île-de-France
2020;78;Yvelines;Tous;Hommes et Femmes;374.34563714814703;11;Île-de-France
2021;78;Yvelines;25-44 ans;Hommes;182.09250299152;11;Île-de-France
2021;78;Yvelines;65 ans et plus;Femmes;200.998712351999;11;Île-de-France
2021;78;Yvelines;Tous;Femmes;443.147427583225;11;Île-de-France
2021;78;Yvelines;18-24 ans;Hommes et Femmes;502.45921941898695;11;Île-de-France
2021;78;Yvelines;25-44 ans;Hommes et Femmes;286.8406742795;11;Île-de-France
2021;78;Yvelines;Tous;Hommes et Femmes;300.063639870874;11;Île-de-France
2022;78;Yvelines;Tous;Hommes;179.598826342553;11;Île-de-France
2022;78;Yvelines;00-17 ans;Femmes;506.992672520997;11;Île-de-France
2022;78;Yvelines;65 ans et plus;Femmes;172.44082144536802;11;Île-de-France
2022;78;Yvelines;00-17 ans;Hommes et Femmes;309.199105222701;11;Île-de-France
2022;78;Yvelines;25-44 ans;Hommes et Femmes;291.139536515212;11;Île-de-France
2023;78;Yvelines;18-24 ans;Femmes;928.7020109689211;11;Île-de-France
2023;78;Yvelines;25-44 ans;Femmes;331.969206994248;11;Île-de-France
2023;78;Yvelines;25-44 ans;Hommes et Femmes;266.520877468735;11;Île-de-France
2023;78;Yvelines;65 ans et plus;Hommes et Femmes;129.34349437181;11;Île-de-France
2024;78;Yvelines;00-17 ans;Femmes;625.394570707071;11;Île-de-France
2024;78;Yvelines;25-44 ans;Femmes;342.566755144173;11;Île-de-France
2024;78;Yvelines;65 ans et plus;Femmes;137.832699619772;11;Île-de-France
2024;78;Yvelines;00-17 ans;Hommes et Femmes;364.697301239971;11;Île-de-France
2024;78;Yvelines;18-24 ans;Hommes et Femmes;609.191207433817;11;Île-de-France
2024;78;Yvelines;25-44 ans;Hommes et Femmes;269.11072141525796;11;Île-de-France
2020;79;Deux-Sèvres;00-17 ans;Hommes;106.951871657754;75;Nouvelle Aquitaine
2020;79;Deux-Sèvres;18-24 ans;Femmes;701.861458651205;75;Nouvelle Aquitaine
2020;79;Deux-Sèvres;25-44 ans;Femmes;568.339340171888;75;Nouvelle Aquitaine
2020;79;Deux-Sèvres;45-64 ans;Femmes;645.855758880517;75;Nouvelle Aquitaine
2020;79;Deux-Sèvres;65 ans et plus;Femmes;143.846084689382;75;Nouvelle Aquitaine
2020;79;Deux-Sèvres;00-17 ans;Hommes et Femmes;242.764965182393;75;Nouvelle Aquitaine
2020;79;Deux-Sèvres;25-44 ans;Hommes et Femmes;465.005365446524;75;Nouvelle Aquitaine
2021;79;Deux-Sèvres;18-24 ans;Hommes;217.39130434782598;75;Nouvelle Aquitaine
2021;79;Deux-Sèvres;45-64 ans;Hommes;265.055131467345;75;Nouvelle Aquitaine
2021;79;Deux-Sèvres;Tous;Hommes;199.286995416399;75;Nouvelle Aquitaine
2021;79;Deux-Sèvres;45-64 ans;Femmes;784.9293563579281;75;Nouvelle Aquitaine
2021;79;Deux-Sèvres;65 ans et plus;Femmes;257.22369887679;75;Nouvelle Aquitaine
2021;79;Deux-Sèvres;Tous;Femmes;461.554067762224;75;Nouvelle Aquitaine
2021;79;Deux-Sèvres;00-17 ans;Hommes et Femmes;228.40752151280103;75;Nouvelle Aquitaine
2021;79;Deux-Sèvres;18-24 ans;Hommes et Femmes;384.257102934327;75;Nouvelle Aquitaine
2021;79;Deux-Sèvres;25-44 ans;Hommes et Femmes;409.65207631874296;75;Nouvelle Aquitaine
2022;79;Deux-Sèvres;18-24 ans;Hommes;270.045700041545;75;Nouvelle Aquitaine
2022;79;Deux-Sèvres;25-44 ans;Hommes;304.327151688065;75;Nouvelle Aquitaine
2022;79;Deux-Sèvres;45-64 ans;Hommes;373.333333333333;75;Nouvelle Aquitaine
2022;79;Deux-Sèvres;65 ans et plus;Hommes;74.8643084409508;75;Nouvelle Aquitaine
2022;79;Deux-Sèvres;25-44 ans;Femmes;395.55952532857003;75;Nouvelle Aquitaine
2022;79;Deux-Sèvres;45-64 ans;Femmes;664.621676891616;75;Nouvelle Aquitaine
2022;79;Deux-Sèvres;65 ans et plus;Femmes;216.90164344706798;75;Nouvelle Aquitaine
2022;79;Deux-Sèvres;Tous;Femmes;488.25740930618605;75;Nouvelle Aquitaine
2022;79;Deux-Sèvres;45-64 ans;Hommes et Femmes;505.52004648460195;75;Nouvelle Aquitaine
2022;79;Deux-Sèvres;65 ans et plus;Hommes et Femmes;149.89859800723;75;Nouvelle Aquitaine
2023;79;Deux-Sèvres;00-17 ans;Hommes;151.15729806329702;75;Nouvelle Aquitaine
2023;79;Deux-Sèvres;18-24 ans;Hommes;364.728599013087;75;Nouvelle Aquitaine
2023;79;Deux-Sèvres;25-44 ans;Hommes;357.882840459597;75;Nouvelle Aquitaine
2023;79;Deux-Sèvres;45-64 ans;Hommes;197.156791532635;75;Nouvelle Aquitaine
2023;79;Deux-Sèvres;18-24 ans;Femmes;985.0905218317359;75;Nouvelle Aquitaine
2023;79;Deux-Sèvres;45-64 ans;Femmes;859.496239703951;75;Nouvelle Aquitaine
2023;79;Deux-Sèvres;00-17 ans;Hommes et Femmes;481.03701453238097;75;Nouvelle Aquitaine
2023;79;Deux-Sèvres;18-24 ans;Hommes et Femmes;641.558750148509;75;Nouvelle Aquitaine
2023;79;Deux-Sèvres;45-64 ans;Hommes et Femmes;505.162651271233;75;Nouvelle Aquitaine
2023;79;Deux-Sèvres;Tous;Hommes et Femmes;398.216534495082;75;Nouvelle Aquitaine
2024;79;Deux-Sèvres;25-44 ans;Hommes;396.496081143384;75;Nouvelle Aquitaine
2024;79;Deux-Sèvres;Tous;Hommes;274.661426971752;75;Nouvelle Aquitaine
2024;79;Deux-Sèvres;00-17 ans;Femmes;610.154717803443;75;Nouvelle Aquitaine
2024;79;Deux-Sèvres;65 ans et plus;Femmes;199.044585987261;75;Nouvelle Aquitaine
2024;79;Deux-Sèvres;Tous;Femmes;459.846401820423;75;Nouvelle Aquitaine
2024;79;Deux-Sèvres;00-17 ans;Hommes et Femmes;388.806466465442;75;Nouvelle Aquitaine
2024;79;Deux-Sèvres;65 ans et plus;Hommes et Femmes;169.561621174524;75;Nouvelle Aquitaine
2020;80;Somme;00-17 ans;Hommes;376.222723852521;32;Hauts-de-France
2020;80;Somme;65 ans et plus;Hommes;231.319220524324;32;Hauts-de-France
2020;80;Somme;18-24 ans;Femmes;1958.4468664850099;32;Hauts-de-France
2020;80;Somme;25-44 ans;Femmes;1328.84479092842;32;Hauts-de-France
2020;80;Somme;45-64 ans;Femmes;2105.74293527803;32;Hauts-de-France
2020;80;Somme;00-17 ans;Hommes et Femmes;757.9693755921639;32;Hauts-de-France
2020;80;Somme;65 ans et plus;Hommes et Femmes;296.244385691078;32;Hauts-de-France
2021;80;Somme;65 ans et plus;Hommes;205.72396684213697;32;Hauts-de-France
2021;80;Somme;18-24 ans;Femmes;2551.5600211528304;32;Hauts-de-France
2021;80;Somme;25-44 ans;Hommes et Femmes;1569.3112467306;32;Hauts-de-France
2022;80;Somme;25-44 ans;Hommes;1052.51371626917;32;Hauts-de-France
2022;80;Somme;65 ans et plus;Hommes;225.188997908959;32;Hauts-de-France
2022;80;Somme;Tous;Hommes;619.995748600581;32;Hauts-de-France
2022;80;Somme;Tous;Femmes;1053.22071842882;32;Hauts-de-France
2022;80;Somme;00-17 ans;Hommes et Femmes;623.957214362444;32;Hauts-de-France
2023;80;Somme;18-24 ans;Hommes;803.837676649812;32;Hauts-de-France
2023;80;Somme;45-64 ans;Hommes;999.035022989158;32;Hauts-de-France
2023;80;Somme;65 ans et plus;Hommes;196.595788711263;32;Hauts-de-France
2023;80;Somme;00-17 ans;Femmes;963.3622841170011;32;Hauts-de-France
2023;80;Somme;18-24 ans;Femmes;2461.81037747759;32;Hauts-de-France
2023;80;Somme;45-64 ans;Femmes;1518.91742612538;32;Hauts-de-France
2023;80;Somme;Tous;Femmes;1176.0313608362899;32;Hauts-de-France
2023;80;Somme;25-44 ans;Hommes et Femmes;1603.5338254871099;32;Hauts-de-France
2023;80;Somme;45-64 ans;Hommes et Femmes;1233.60642970624;32;Hauts-de-France
2023;80;Somme;65 ans et plus;Hommes et Femmes;290.42997804066005;32;Hauts-de-France
2023;80;Somme;Tous;Hommes et Femmes;933.256214679054;32;Hauts-de-France
2024;80;Somme;25-44 ans;Hommes;1189.0017339608598;32;Hauts-de-France
2024;80;Somme;45-64 ans;Hommes;962.388805077251;32;Hauts-de-France
2024;80;Somme;Tous;Hommes;635.3476368567241;32;Hauts-de-France
2024;80;Somme;00-17 ans;Hommes et Femmes;523.313375135543;32;Hauts-de-France
2024;80;Somme;25-44 ans;Hommes et Femmes;1345.68425522879;32;Hauts-de-France
2024;80;Somme;65 ans et plus;Hommes et Femmes;294.217977144806;32;Hauts-de-France
2020;81;Tarn;18-24 ans;Hommes;721.7151347909149;76;Occitanie
2020;81;Tarn;45-64 ans;Hommes;592.500884329678;76;Occitanie
2020;81;Tarn;65 ans et plus;Hommes;230.46453006841898;76;Occitanie
2020;81;Tarn;45-64 ans;Femmes;1276.4260071799001;76;Occitanie
2020;81;Tarn;Tous;Femmes;801.3830977321261;76;Occitanie
2020;81;Tarn;00-17 ans;Hommes et Femmes;398.13857290589397;76;Occitanie
2021;81;Tarn;45-64 ans;Hommes;695.221352085664;76;Occitanie
2021;81;Tarn;Tous;Hommes;406.38849402123907;76;Occitanie
2021;81;Tarn;65 ans et plus;Femmes;315.137872819358;76;Occitanie
2021;81;Tarn;18-24 ans;Hommes et Femmes;791.4419899112889;76;Occitanie
2021;81;Tarn;Tous;Hommes et Femmes;632.2826960119551;76;Occitanie
2022;81;Tarn;00-17 ans;Hommes;233.16417501028698;76;Occitanie
2022;81;Tarn;18-24 ans;Hommes;609.1370558375629;76;Occitanie
2022;81;Tarn;65 ans et plus;Hommes;153.374233128834;76;Occitanie
2022;81;Tarn;Tous;Hommes;345.980664812608;76;Occitanie
2022;81;Tarn;25-44 ans;Hommes et Femmes;661.638216223369;76;Occitanie
2022;81;Tarn;65 ans et plus;Hommes et Femmes;261.549312331022;76;Occitanie
2023;81;Tarn;00-17 ans;Hommes;180.310133429499;76;Occitanie
2023;81;Tarn;18-24 ans;Hommes;615.435795076514;76;Occitanie
2023;81;Tarn;00-17 ans;Femmes;1044.8521916411798;76;Occitanie
2023;81;Tarn;00-17 ans;Hommes et Femmes;577.290634629637;76;Occitanie
2023;81;Tarn;18-24 ans;Hommes et Femmes;1040.11887072808;76;Occitanie
2024;81;Tarn;00-17 ans;Hommes;181.093806591815;76;Occitanie
2024;81;Tarn;Tous;Hommes;386.56010438753896;76;Occitanie
2024;81;Tarn;00-17 ans;Femmes;1180.79244292837;76;Occitanie
2024;81;Tarn;25-44 ans;Femmes;1106.4884482606;76;Occitanie
2024;81;Tarn;45-64 ans;Femmes;1146.94722318041;76;Occitanie
2024;81;Tarn;65 ans et plus;Femmes;293.145720072487;76;Occitanie
2024;81;Tarn;18-24 ans;Hommes et Femmes;1246.3956841224099;76;Occitanie
2024;81;Tarn;25-44 ans;Hommes et Femmes;852.0011637089061;76;Occitanie
2020;82;Tarn-et-Garonne;00-17 ans;Hommes;172.413793103448;76;Occitanie
2020;82;Tarn-et-Garonne;Tous;Hommes;543.511637904563;76;Occitanie
2020;82;Tarn-et-Garonne;00-17 ans;Femmes;557.585079792348;76;Occitanie
2020;82;Tarn-et-Garonne;65 ans et plus;Femmes;324.39446366782;76;Occitanie
2020;82;Tarn-et-Garonne;25-44 ans;Hommes et Femmes;862.1284226498381;76;Occitanie
2020;82;Tarn-et-Garonne;45-64 ans;Hommes et Femmes;1203.6555464744802;76;Occitanie
2021;82;Tarn-et-Garonne;00-17 ans;Hommes;154.261473197069;76;Occitanie
2021;82;Tarn-et-Garonne;18-24 ans;Hommes;480.36168409155096;76;Occitanie
2021;82;Tarn-et-Garonne;45-64 ans;Hommes;733.752620545073;76;Occitanie
2021;82;Tarn-et-Garonne;18-24 ans;Femmes;1056.12552806276;76;Occitanie
2021;82;Tarn-et-Garonne;25-44 ans;Femmes;655.966503838102;76;Occitanie
2021;82;Tarn-et-Garonne;65 ans et plus;Femmes;357.21790292078197;76;Occitanie
2021;82;Tarn-et-Garonne;Tous;Femmes;669.122160834868;76;Occitanie
2021;82;Tarn-et-Garonne;00-17 ans;Hommes et Femmes;387.12452505556;76;Occitanie
2021;82;Tarn-et-Garonne;65 ans et plus;Hommes et Femmes;287.801638255479;76;Occitanie
2022;82;Tarn-et-Garonne;18-24 ans;Femmes;1330.00831255195;76;Occitanie
2022;82;Tarn-et-Garonne;25-44 ans;Femmes;995.94245665806;76;Occitanie
2022;82;Tarn-et-Garonne;65 ans et plus;Femmes;263.852242744063;76;Occitanie
2022;82;Tarn-et-Garonne;Tous;Femmes;860.4954367666229;76;Occitanie
2022;82;Tarn-et-Garonne;00-17 ans;Hommes et Femmes;614.239986157972;76;Occitanie
2022;82;Tarn-et-Garonne;25-44 ans;Hommes et Femmes;1025.21008403361;76;Occitanie
2022;82;Tarn-et-Garonne;Tous;Hommes et Femmes;705.853288394007;76;Occitanie
2023;82;Tarn-et-Garonne;00-17 ans;Hommes;342.0523138833;76;Occitanie
2023;82;Tarn-et-Garonne;25-44 ans;Hommes;850.4344610833799;76;Occitanie
2023;82;Tarn-et-Garonne;45-64 ans;Hommes;868.794326241135;76;Occitanie
2023;82;Tarn-et-Garonne;65 ans et plus;Hommes;252.87646984448102;76;Occitanie
2023;82;Tarn-et-Garonne;00-17 ans;Femmes;1206.71563483736;76;Occitanie
2023;82;Tarn-et-Garonne;65 ans et plus;Femmes;298.614429049212;76;Occitanie
2023;82;Tarn-et-Garonne;00-17 ans;Hommes et Femmes;717.376451833295;76;Occitanie
2023;82;Tarn-et-Garonne;18-24 ans;Hommes et Femmes;1977.13196760362;76;Occitanie
2023;82;Tarn-et-Garonne;45-64 ans;Hommes et Femmes;1121.38500885304;76;Occitanie
2024;82;Tarn-et-Garonne;00-17 ans;Hommes;226.477249330863;76;Occitanie
2024;82;Tarn-et-Garonne;18-24 ans;Hommes;420.560747663551;76;Occitanie
2024;82;Tarn-et-Garonne;00-17 ans;Femmes;2120.80536912752;76;Occitanie
2024;82;Tarn-et-Garonne;18-24 ans;Femmes;2282.60869565217;76;Occitanie
2024;82;Tarn-et-Garonne;65 ans et plus;Femmes;258.86325267304403;76;Occitanie
2024;82;Tarn-et-Garonne;18-24 ans;Hommes et Femmes;1260.1927353595302;76;Occitanie
2024;82;Tarn-et-Garonne;25-44 ans;Hommes et Femmes;980.49125644395;76;Occitanie
2024;82;Tarn-et-Garonne;Tous;Hommes et Femmes;691.5545905956619;76;Occitanie
2020;83;Var;Tous;Hommes;529.571769010423;93;Provence-Alpes-Côte d'Azur
2020;83;Var;18-24 ans;Femmes;1088.25878594249;93;Provence-Alpes-Côte d'Azur
2020;83;Var;25-44 ans;Femmes;1030.67076718477;93;Provence-Alpes-Côte d'Azur
2021;83;Var;25-44 ans;Hommes;692.9010328147469;93;Provence-Alpes-Côte d'Azur
2021;83;Var;Tous;Hommes;440.366717984993;93;Provence-Alpes-Côte d'Azur
2021;83;Var;18-24 ans;Femmes;1231.65176311793;93;Provence-Alpes-Côte d'Azur
2021;83;Var;25-44 ans;Femmes;826.691380908248;93;Provence-Alpes-Côte d'Azur
2021;83;Var;45-64 ans;Femmes;1269.9044585987301;93;Provence-Alpes-Côte d'Azur
2021;83;Var;65 ans et plus;Femmes;344.418052256532;93;Provence-Alpes-Côte d'Azur
2021;83;Var;00-17 ans;Hommes et Femmes;379.06818696669905;93;Provence-Alpes-Côte d'Azur
2021;83;Var;25-44 ans;Hommes et Femmes;755.575627040923;93;Provence-Alpes-Côte d'Azur
2021;83;Var;45-64 ans;Hommes et Femmes;935.1875952850181;93;Provence-Alpes-Côte d'Azur
2021;83;Var;65 ans et plus;Hommes et Femmes;294.914004601675;93;Provence-Alpes-Côte d'Azur
2022;83;Var;00-17 ans;Hommes;145.041858571465;93;Provence-Alpes-Côte d'Azur
2022;83;Var;65 ans et plus;Hommes;154.721632182099;93;Provence-Alpes-Côte d'Azur
2022;83;Var;Tous;Femmes;768.920631263679;93;Provence-Alpes-Côte d'Azur
2022;83;Var;18-24 ans;Hommes et Femmes;942.4778761061949;93;Provence-Alpes-Côte d'Azur
2022;83;Var;25-44 ans;Hommes et Femmes;709.4582640387811;93;Provence-Alpes-Côte d'Azur
2022;83;Var;Tous;Hommes et Femmes;555.491221975415;93;Provence-Alpes-Côte d'Azur
2023;83;Var;25-44 ans;Hommes;578.663112856842;93;Provence-Alpes-Côte d'Azur
2023;83;Var;Tous;Hommes;320.18163030664704;93;Provence-Alpes-Côte d'Azur
2023;83;Var;00-17 ans;Femmes;653.5014105631541;93;Provence-Alpes-Côte d'Azur
2023;83;Var;25-44 ans;Hommes et Femmes;789.9541677534751;93;Provence-Alpes-Côte d'Azur
2023;83;Var;45-64 ans;Hommes et Femmes;816.3101174199779;93;Provence-Alpes-Côte d'Azur
2023;83;Var;65 ans et plus;Hommes et Femmes;289.45335017722897;93;Provence-Alpes-Côte d'Azur
2024;83;Var;00-17 ans;Hommes;149.810533736745;93;Provence-Alpes-Côte d'Azur
2024;83;Var;45-64 ans;Hommes;550.57174758403;93;Provence-Alpes-Côte d'Azur
2024;83;Var;00-17 ans;Femmes;1083.44286171006;93;Provence-Alpes-Côte d'Azur
2024;83;Var;Tous;Femmes;889.8599812501891;93;Provence-Alpes-Côte d'Azur
2024;83;Var;00-17 ans;Hommes et Femmes;572.393279202508;93;Provence-Alpes-Côte d'Azur
2024;83;Var;18-24 ans;Hommes et Femmes;1194.8664994837;93;Provence-Alpes-Côte d'Azur
2024;83;Var;65 ans et plus;Hommes et Femmes;300.165445521153;93;Provence-Alpes-Côte d'Azur
2020;84;Vaucluse;65 ans et plus;Hommes;194.156366908178;93;Provence-Alpes-Côte d'Azur
2020;84;Vaucluse;18-24 ans;Femmes;778.559664620452;93;Provence-Alpes-Côte d'Azur
2020;84;Vaucluse;65 ans et plus;Hommes et Femmes;220.51453391246199;93;Provence-Alpes-Côte d'Azur
2021;84;Vaucluse;00-17 ans;Hommes;184.386178412066;93;Provence-Alpes-Côte d'Azur
2021;84;Vaucluse;25-44 ans;Hommes;592.192533636536;93;Provence-Alpes-Côte d'Azur
2021;84;Vaucluse;45-64 ans;Hommes;418.2156133829;93;Provence-Alpes-Côte d'Azur
2021;84;Vaucluse;Tous;Hommes;346.818450741579;93;Provence-Alpes-Côte d'Azur
2021;84;Vaucluse;18-24 ans;Femmes;929.738345065746;93;Provence-Alpes-Côte d'Azur
2021;84;Vaucluse;25-44 ans;Femmes;648.6361267157;93;Provence-Alpes-Côte d'Azur
2021;84;Vaucluse;45-64 ans;Femmes;856.122197585612;93;Provence-Alpes-Côte d'Azur
2021;84;Vaucluse;00-17 ans;Hommes et Femmes;384.02300030803997;93;Provence-Alpes-Côte d'Azur
2021;84;Vaucluse;Tous;Hommes et Femmes;465.52835051546396;93;Provence-Alpes-Côte d'Azur
2022;84;Vaucluse;18-24 ans;Hommes;346.658000216661;93;Provence-Alpes-Côte d'Azur
2022;84;Vaucluse;45-64 ans;Hommes;295.646368795003;93;Provence-Alpes-Côte d'Azur
2022;84;Vaucluse;45-64 ans;Femmes;753.2956685499059;93;Provence-Alpes-Côte d'Azur
2022;84;Vaucluse;65 ans et plus;Femmes;231.660231660232;93;Provence-Alpes-Côte d'Azur
2022;84;Vaucluse;Tous;Femmes;534.2165166212089;93;Provence-Alpes-Côte d'Azur
2022;84;Vaucluse;00-17 ans;Hommes et Femmes;242.584235592102;93;Provence-Alpes-Côte d'Azur
2022;84;Vaucluse;Tous;Hommes et Femmes;357.610243184553;93;Provence-Alpes-Côte d'Azur
2023;84;Vaucluse;00-17 ans;Hommes;75.48594074353649;93;Provence-Alpes-Côte d'Azur
2023;84;Vaucluse;25-44 ans;Hommes;353.3717555004;93;Provence-Alpes-Côte d'Azur
2023;84;Vaucluse;Tous;Hommes;202.59065035184398;93;Provence-Alpes-Côte d'Azur
2023;84;Vaucluse;00-17 ans;Femmes;500.366121552355;93;Provence-Alpes-Côte d'Azur
2023;84;Vaucluse;18-24 ans;Femmes;916.72046481601;93;Provence-Alpes-Côte d'Azur
2023;84;Vaucluse;45-64 ans;Femmes;792.689639986788;93;Provence-Alpes-Côte d'Azur
2023;84;Vaucluse;Tous;Hommes et Femmes;353.011973976621;93;Provence-Alpes-Côte d'Azur
2024;84;Vaucluse;18-24 ans;Hommes;447.77673643653;93;Provence-Alpes-Côte d'Azur
2024;84;Vaucluse;25-44 ans;Hommes;437.58356630606505;93;Provence-Alpes-Côte d'Azur
2024;84;Vaucluse;25-44 ans;Hommes et Femmes;495.16988306032704;93;Provence-Alpes-Côte d'Azur
2024;84;Vaucluse;65 ans et plus;Hommes et Femmes;172.056661766671;93;Provence-Alpes-Côte d'Azur
2020;85;Vendée;Tous;Hommes;368.941572560847;52;Pays de la Loire
2020;85;Vendée;45-64 ans;Femmes;1176.7512125308099;52;Pays de la Loire
2020;85;Vendée;45-64 ans;Hommes et Femmes;796.883300867717;52;Pays de la Loire
2020;85;Vendée;Tous;Hommes et Femmes;552.238805970149;52;Pays de la Loire
2021;85;Vendée;18-24 ans;Hommes;613.644567440741;52;Pays de la Loire
2021;85;Vendée;45-64 ans;Hommes;632.741701967934;52;Pays de la Loire
2021;85;Vendée;Tous;Hommes;385.423572640545;52;Pays de la Loire
2021;85;Vendée;45-64 ans;Femmes;1125.16644474035;52;Pays de la Loire
2021;85;Vendée;Tous;Femmes;843.9354846909589;52;Pays de la Loire
2021;85;Vendée;45-64 ans;Hommes et Femmes;852.340223330957;52;Pays de la Loire
2021;85;Vendée;Tous;Hommes et Femmes;601.6050751857281;52;Pays de la Loire
2022;85;Vendée;18-24 ans;Hommes;690.448791714614;52;Pays de la Loire
2022;85;Vendée;45-64 ans;Hommes;661.977658254034;52;Pays de la Loire
2022;85;Vendée;Tous;Hommes;427.67732962447803;52;Pays de la Loire
2022;85;Vendée;18-24 ans;Femmes;2375.5484944772297;52;Pays de la Loire
2022;85;Vendée;25-44 ans;Femmes;1340.48257372654;52;Pays de la Loire
2022;85;Vendée;Tous;Femmes;1022.7652046197999;52;Pays de la Loire
2022;85;Vendée;18-24 ans;Hommes et Femmes;1462.13013651168;52;Pays de la Loire
2022;85;Vendée;25-44 ans;Hommes et Femmes;936.7602299628;52;Pays de la Loire
2022;85;Vendée;65 ans et plus;Hommes et Femmes;263.287806483462;52;Pays de la Loire
2023;85;Vendée;18-24 ans;Hommes;676.437429537768;52;Pays de la Loire
2023;85;Vendée;25-44 ans;Hommes;800.403352870738;52;Pays de la Loire
2023;85;Vendée;65 ans et plus;Hommes;127.315831065063;52;Pays de la Loire
2023;85;Vendée;18-24 ans;Femmes;2993.81711682395;52;Pays de la Loire
2023;85;Vendée;45-64 ans;Femmes;1239.88810765858;52;Pays de la Loire
2023;85;Vendée;18-24 ans;Hommes et Femmes;1752.0012082767;52;Pays de la Loire
2023;85;Vendée;65 ans et plus;Hommes et Femmes;235.854113510152;52;Pays de la Loire
2024;85;Vendée;25-44 ans;Hommes;855.1506380739379;52;Pays de la Loire
2024;85;Vendée;00-17 ans;Femmes;1468.92655367232;52;Pays de la Loire
2024;85;Vendée;18-24 ans;Femmes;3065.74517100833;52;Pays de la Loire
2024;85;Vendée;25-44 ans;Femmes;1302.82278269584;52;Pays de la Loire
2024;85;Vendée;45-64 ans;Femmes;1253.91849529781;52;Pays de la Loire
2024;85;Vendée;65 ans et plus;Femmes;274.30415490117;52;Pays de la Loire
2024;85;Vendée;Tous;Femmes;1104.13944606372;52;Pays de la Loire
2024;85;Vendée;00-17 ans;Hommes et Femmes;819.411802070762;52;Pays de la Loire
2024;85;Vendée;45-64 ans;Hommes et Femmes;940.515027417228;52;Pays de la Loire
2024;85;Vendée;65 ans et plus;Hommes et Femmes;222.39006377979197;52;Pays de la Loire
2020;86;Vienne;00-17 ans;Hommes;295.566502463054;75;Nouvelle Aquitaine
2020;86;Vienne;18-24 ans;Hommes;592.930444697834;75;Nouvelle Aquitaine
2020;86;Vienne;65 ans et plus;Hommes;90.0991090199219;75;Nouvelle Aquitaine
2020;86;Vienne;25-44 ans;Femmes;1072.09863307424;75;Nouvelle Aquitaine
2020;86;Vienne;45-64 ans;Femmes;1152.69674114131;75;Nouvelle Aquitaine
2020;86;Vienne;00-17 ans;Hommes et Femmes;509.73348220787403;75;Nouvelle Aquitaine
2020;86;Vienne;25-44 ans;Hommes et Femmes;853.1419157448809;75;Nouvelle Aquitaine
2020;86;Vienne;Tous;Hommes et Femmes;664.363217554707;75;Nouvelle Aquitaine
2021;86;Vienne;65 ans et plus;Hommes;178.521093676595;75;Nouvelle Aquitaine
2021;86;Vienne;18-24 ans;Femmes;1702.1276595744698;75;Nouvelle Aquitaine
2021;86;Vienne;25-44 ans;Femmes;1227.77848829774;75;Nouvelle Aquitaine
2021;86;Vienne;Tous;Femmes;953.143018521569;75;Nouvelle Aquitaine
2021;86;Vienne;18-24 ans;Hommes et Femmes;1146.96734059098;75;Nouvelle Aquitaine
2021;86;Vienne;25-44 ans;Hommes et Femmes;1024.8023984737;75;Nouvelle Aquitaine
2021;86;Vienne;65 ans et plus;Hommes et Femmes;268.499135341768;75;Nouvelle Aquitaine
2022;86;Vienne;00-17 ans;Hommes;230.66485753052902;75;Nouvelle Aquitaine
2022;86;Vienne;45-64 ans;Femmes;981.378963261198;75;Nouvelle Aquitaine
2022;86;Vienne;Tous;Femmes;915.549847753589;75;Nouvelle Aquitaine
2022;86;Vienne;00-17 ans;Hommes et Femmes;570.608157855986;75;Nouvelle Aquitaine
2022;86;Vienne;45-64 ans;Hommes et Femmes;822.1352837784201;75;Nouvelle Aquitaine
2022;86;Vienne;65 ans et plus;Hommes et Femmes;177.736563502183;75;Nouvelle Aquitaine
2022;86;Vienne;Tous;Hommes et Femmes;651.998326213252;75;Nouvelle Aquitaine
2023;86;Vienne;18-24 ans;Hommes;832.3424494649229;75;Nouvelle Aquitaine
2023;86;Vienne;25-44 ans;Hommes;670.297444490993;75;Nouvelle Aquitaine
2023;86;Vienne;00-17 ans;Femmes;1047.69088928003;75;Nouvelle Aquitaine
2023;86;Vienne;18-24 ans;Femmes;1923.7684286228;75;Nouvelle Aquitaine
2023;86;Vienne;45-64 ans;Femmes;907.398790134946;75;Nouvelle Aquitaine
2023;86;Vienne;45-64 ans;Hommes et Femmes;735.5344883949;75;Nouvelle Aquitaine
2024;86;Vienne;00-17 ans;Hommes;309.152347400963;75;Nouvelle Aquitaine
2024;86;Vienne;18-24 ans;Hommes;677.159590043924;75;Nouvelle Aquitaine
2024;86;Vienne;18-24 ans;Femmes;2430.6185380010897;75;Nouvelle Aquitaine
2024;86;Vienne;25-44 ans;Femmes;990.8998988877651;75;Nouvelle Aquitaine
2024;86;Vienne;65 ans et plus;Femmes;165.586753059755;75;Nouvelle Aquitaine
2024;86;Vienne;Tous;Femmes;878.618282481796;75;Nouvelle Aquitaine
2020;87;Haute-Vienne;00-17 ans;Hommes;201.87338501292;75;Nouvelle Aquitaine
2020;87;Haute-Vienne;25-44 ans;Hommes;684.242302274099;75;Nouvelle Aquitaine
2020;87;Haute-Vienne;65 ans et plus;Hommes et Femmes;247.57189106836802;75;Nouvelle Aquitaine
2021;87;Haute-Vienne;18-24 ans;Hommes;718.167701863354;75;Nouvelle Aquitaine
2021;87;Haute-Vienne;45-64 ans;Hommes;424.264307636758;75;Nouvelle Aquitaine
2021;87;Haute-Vienne;Tous;Hommes;296.693981350664;75;Nouvelle Aquitaine
2021;87;Haute-Vienne;25-44 ans;Femmes;801.0986495765619;75;Nouvelle Aquitaine
2021;87;Haute-Vienne;45-64 ans;Femmes;916.9477234401351;75;Nouvelle Aquitaine
2021;87;Haute-Vienne;65 ans et plus;Femmes;245.58909067407703;75;Nouvelle Aquitaine
2021;87;Haute-Vienne;Tous;Hommes et Femmes;467.100292974148;75;Nouvelle Aquitaine
2022;87;Haute-Vienne;Tous;Hommes;337.299888708159;75;Nouvelle Aquitaine
2022;87;Haute-Vienne;00-17 ans;Femmes;455.193966981453;75;Nouvelle Aquitaine
2022;87;Haute-Vienne;65 ans et plus;Femmes;380.736089773562;75;Nouvelle Aquitaine
2022;87;Haute-Vienne;00-17 ans;Hommes et Femmes;264.946075681067;75;Nouvelle Aquitaine
2022;87;Haute-Vienne;18-24 ans;Hommes et Femmes;1129.45264986968;75;Nouvelle Aquitaine
2022;87;Haute-Vienne;45-64 ans;Hommes et Femmes;794.378246257256;75;Nouvelle Aquitaine
2023;87;Haute-Vienne;00-17 ans;Hommes;163.75226621439901;75;Nouvelle Aquitaine
2023;87;Haute-Vienne;18-24 ans;Hommes;517.943026267111;75;Nouvelle Aquitaine
2023;87;Haute-Vienne;25-44 ans;Hommes;489.19046867603004;75;Nouvelle Aquitaine
2023;87;Haute-Vienne;45-64 ans;Hommes;429.654591406908;75;Nouvelle Aquitaine
2023;87;Haute-Vienne;65 ans et plus;Femmes;246.305418719212;75;Nouvelle Aquitaine
2023;87;Haute-Vienne;18-24 ans;Hommes et Femmes;1160.30817785204;75;Nouvelle Aquitaine
2023;87;Haute-Vienne;45-64 ans;Hommes et Femmes;620.503597122302;75;Nouvelle Aquitaine
2024;87;Haute-Vienne;00-17 ans;Hommes;133.009484154522;75;Nouvelle Aquitaine
2024;87;Haute-Vienne;18-24 ans;Hommes et Femmes;1156.27822944896;75;Nouvelle Aquitaine
2024;87;Haute-Vienne;Tous;Hommes et Femmes;468.481049657367;75;Nouvelle Aquitaine
2020;88;Vosges;45-64 ans;Hommes;540.386803185438;44;Grand Est
2020;88;Vosges;00-17 ans;Femmes;601.309996778696;44;Grand Est
2020;88;Vosges;Tous;Femmes;701.862127958239;44;Grand Est
2020;88;Vosges;Tous;Hommes et Femmes;535.9901966007781;44;Grand Est
2021;88;Vosges;25-44 ans;Hommes;599.5551687457689;44;Grand Est
2021;88;Vosges;45-64 ans;Hommes;456.32333767926997;44;Grand Est
2021;88;Vosges;65 ans et plus;Hommes;83.1758034026465;44;Grand Est
2021;88;Vosges;25-44 ans;Femmes;975.841961204332;44;Grand Est
2021;88;Vosges;45-64 ans;Femmes;942.753293957292;44;Grand Est
2021;88;Vosges;Tous;Femmes;726.341859351912;44;Grand Est
2021;88;Vosges;25-44 ans;Hommes et Femmes;768.245838668374;44;Grand Est
2021;88;Vosges;45-64 ans;Hommes et Femmes;675.468222290451;44;Grand Est
2022;88;Vosges;00-17 ans;Hommes;212.672796647276;44;Grand Est
2022;88;Vosges;65 ans et plus;Hommes;74.00430570505921;44;Grand Est
2022;88;Vosges;00-17 ans;Femmes;723.525542644157;44;Grand Est
2022;88;Vosges;65 ans et plus;Femmes;225.171841668642;44;Grand Est
2022;88;Vosges;18-24 ans;Hommes et Femmes;734.82428115016;44;Grand Est
2022;88;Vosges;45-64 ans;Hommes et Femmes;624.359787327447;44;Grand Est
2022;88;Vosges;Tous;Hommes et Femmes;462.612199056949;44;Grand Est
2023;88;Vosges;18-24 ans;Hommes;592.8385107896611;44;Grand Est
2023;88;Vosges;45-64 ans;Femmes;1026.91218130312;44;Grand Est
2023;88;Vosges;65 ans et plus;Femmes;225.408553002317;44;Grand Est
2023;88;Vosges;Tous;Femmes;685.2133832668011;44;Grand Est
2023;88;Vosges;18-24 ans;Hommes et Femmes;1027.0204181440301;44;Grand Est
2023;88;Vosges;25-44 ans;Hommes et Femmes;611.572839893367;44;Grand Est
2023;88;Vosges;45-64 ans;Hommes et Femmes;671.50147730325;44;Grand Est
2024;88;Vosges;45-64 ans;Hommes et Femmes;498.60914291712606;44;Grand Est
2020;89;Yonne;65 ans et plus;Hommes;256.159120018082;27;Bourgogne et Franche-Comté
2020;89;Yonne;25-44 ans;Femmes;684.9315068493149;27;Bourgogne et Franche-Comté
2020;89;Yonne;25-44 ans;Hommes et Femmes;653.375774836656;27;Bourgogne et Franche-Comté
2020;89;Yonne;45-64 ans;Hommes et Femmes;738.769329601248;27;Bourgogne et Franche-Comté
2021;89;Yonne;18-24 ans;Hommes;374.064837905237;27;Bourgogne et Franche-Comté
2021;89;Yonne;45-64 ans;Hommes;464.371497197758;27;Bourgogne et Franche-Comté
2021;89;Yonne;45-64 ans;Femmes;939.447493256441;27;Bourgogne et Franche-Comté
2021;89;Yonne;Tous;Femmes;451.82660149215303;27;Bourgogne et Franche-Comté
2021;89;Yonne;18-24 ans;Hommes et Femmes;444.04168554599;27;Bourgogne et Franche-Comté
2021;89;Yonne;45-64 ans;Hommes et Femmes;684.135794501097;27;Bourgogne et Franche-Comté
2021;89;Yonne;65 ans et plus;Hommes et Femmes;178.37452163196502;27;Bourgogne et Franche-Comté
2022;89;Yonne;00-17 ans;Hommes;111.088253445793;27;Bourgogne et Franche-Comté
2022;89;Yonne;18-24 ans;Hommes;468.04389928986404;27;Bourgogne et Franche-Comté
2022;89;Yonne;65 ans et plus;Hommes;116.350275566442;27;Bourgogne et Franche-Comté
2022;89;Yonne;Tous;Hommes;295.09111935239497;27;Bourgogne et Franche-Comté
2022;89;Yonne;18-24 ans;Femmes;518.505274450206;27;Bourgogne et Franche-Comté
2022;89;Yonne;25-44 ans;Femmes;593.9356048765239;27;Bourgogne et Franche-Comté
2022;89;Yonne;00-17 ans;Hommes et Femmes;165.505975410541;27;Bourgogne et Franche-Comté
2023;89;Yonne;65 ans et plus;Hommes;92.2849760059062;27;Bourgogne et Franche-Comté
2023;89;Yonne;00-17 ans;Femmes;314.061384725196;27;Bourgogne et Franche-Comté
2023;89;Yonne;65 ans et plus;Femmes;204.697263520793;27;Bourgogne et Franche-Comté
2023;89;Yonne;18-24 ans;Hommes et Femmes;434.93092273580095;27;Bourgogne et Franche-Comté
2023;89;Yonne;Tous;Hommes et Femmes;322.281394949321;27;Bourgogne et Franche-Comté
2024;89;Yonne;65 ans et plus;Hommes;135.685210312076;27;Bourgogne et Franche-Comté
2024;89;Yonne;Tous;Hommes;294.336857796137;27;Bourgogne et Franche-Comté
2024;89;Yonne;18-24 ans;Femmes;1025.13227513228;27;Bourgogne et Franche-Comté
2024;89;Yonne;25-44 ans;Femmes;601.405695239475;27;Bourgogne et Franche-Comté
2024;89;Yonne;65 ans et plus;Femmes;196.582489036746;27;Bourgogne et Franche-Comté
2024;89;Yonne;Tous;Femmes;429.076224129228;27;Bourgogne et Franche-Comté
2024;89;Yonne;Tous;Hommes et Femmes;360.01036001036;27;Bourgogne et Franche-Comté
2020;90;Territoire de Belfort;00-17 ans;Hommes;0.0;27;Bourgogne et Franche-Comté
2020;90;Territoire de Belfort;18-24 ans;Femmes;1364.02387041773;27;Bourgogne et Franche-Comté
2020;90;Territoire de Belfort;45-64 ans;Femmes;1151.6654854713;27;Bourgogne et Franche-Comté
2020;90;Territoire de Belfort;65 ans et plus;Femmes;262.059594292924;27;Bourgogne et Franche-Comté
2020;90;Territoire de Belfort;00-17 ans;Hommes et Femmes;212.615166548547;27;Bourgogne et Franche-Comté
2020;90;Territoire de Belfort;45-64 ans;Hommes et Femmes;883.9779005524861;27;Bourgogne et Franche-Comté
2020;90;Territoire de Belfort;65 ans et plus;Hommes et Femmes;254.347261873865;27;Bourgogne et Franche-Comté
2020;90;Territoire de Belfort;Tous;Hommes et Femmes;612.879455058502;27;Bourgogne et Franche-Comté
2021;90;Territoire de Belfort;00-17 ans;Hommes;133.244503664224;27;Bourgogne et Franche-Comté
2021;90;Territoire de Belfort;25-44 ans;Hommes;572.7619855748829;27;Bourgogne et Franche-Comté
2021;90;Territoire de Belfort;65 ans et plus;Hommes;105.42457350968;27;Bourgogne et Franche-Comté
2021;90;Territoire de Belfort;Tous;Hommes;383.204686045875;27;Bourgogne et Franche-Comté
2021;90;Territoire de Belfort;18-24 ans;Femmes;1460.7425441266;27;Bourgogne et Franche-Comté
2021;90;Territoire de Belfort;45-64 ans;Femmes;1034.87383045081;27;Bourgogne et Franche-Comté
2022;90;Territoire de Belfort;65 ans et plus;Hommes;105.235464351486;27;Bourgogne et Franche-Comté
2022;90;Territoire de Belfort;18-24 ans;Femmes;1504.59738088604;27;Bourgogne et Franche-Comté
2022;90;Territoire de Belfort;45-64 ans;Femmes;862.0689655172409;27;Bourgogne et Franche-Comté
2022;90;Territoire de Belfort;Tous;Femmes;672.3058869548211;27;Bourgogne et Franche-Comté
2023;90;Territoire de Belfort;00-17 ans;Hommes;196.060125105032;27;Bourgogne et Franche-Comté
2023;90;Territoire de Belfort;18-24 ans;Hommes;303.874398581919;27;Bourgogne et Franche-Comté
2023;90;Territoire de Belfort;25-44 ans;Hommes;416.08876560332897;27;Bourgogne et Franche-Comté
2023;90;Territoire de Belfort;45-64 ans;Hommes;386.484098939929;27;Bourgogne et Franche-Comté
2023;90;Territoire de Belfort;65 ans et plus;Hommes;92.6081831958242;27;Bourgogne et Franche-Comté
2023;90;Territoire de Belfort;18-24 ans;Femmes;1249.64498721954;27;Bourgogne et Franche-Comté
2023;90;Territoire de Belfort;Tous;Hommes et Femmes;429.26851723979195;27;Bourgogne et Franche-Comté
2024;90;Territoire de Belfort;45-64 ans;Hommes;417.93742234270906;27;Bourgogne et Franche-Comté
2024;90;Territoire de Belfort;65 ans et plus;Hommes;84.9256900212314;27;Bourgogne et Franche-Comté
2024;90;Territoire de Belfort;Tous;Hommes;304.783092324805;27;Bourgogne et Franche-Comté
2024;90;Territoire de Belfort;00-17 ans;Femmes;780.477080356161;27;Bourgogne et Franche-Comté
2024;90;Territoire de Belfort;65 ans et plus;Femmes;165.27683870483102;27;Bourgogne et Franche-Comté
2024;90;Territoire de Belfort;Tous;Femmes;680.0049097827421;27;Bourgogne et Franche-Comté
2024;90;Territoire de Belfort;18-24 ans;Hommes et Femmes;831.2891796129741;27;Bourgogne et Franche-Comté
2020;91;Essonne;45-64 ans;Hommes;349.940947465115;11;Île-de-France
2020;91;Essonne;Tous;Hommes;276.533042670865;11;Île-de-France
2020;91;Essonne;00-17 ans;Femmes;387.29666924864404;11;Île-de-France
2020;91;Essonne;18-24 ans;Hommes et Femmes;728.5293980292349;11;Île-de-France
2020;91;Essonne;25-44 ans;Hommes et Femmes;396.805795669713;11;Île-de-France
2020;91;Essonne;45-64 ans;Hommes et Femmes;489.91018313309195;11;Île-de-France
2021;91;Essonne;18-24 ans;Hommes;294.844210694079;11;Île-de-France
2021;91;Essonne;Tous;Hommes;200.57004116964;11;Île-de-France
2021;91;Essonne;00-17 ans;Femmes;418.74061783993096;11;Île-de-France
2021;91;Essonne;18-24 ans;Femmes;875.760724358023;11;Île-de-France
2021;91;Essonne;25-44 ans;Femmes;411.55791820286396;11;Île-de-France
2021;91;Essonne;18-24 ans;Hommes et Femmes;595.626945394459;11;Île-de-France
2022;91;Essonne;00-17 ans;Hommes;134.46282102998498;11;Île-de-France
2022;91;Essonne;25-44 ans;Hommes;216.876480119656;11;Île-de-France
2022;91;Essonne;45-64 ans;Femmes;411.681914144968;11;Île-de-France
2022;91;Essonne;00-17 ans;Hommes et Femmes;257.696717259369;11;Île-de-France
2022;91;Essonne;25-44 ans;Hommes et Femmes;279.360277164432;11;Île-de-France
2023;91;Essonne;18-24 ans;Hommes;290.45643153527;11;Île-de-France
2023;91;Essonne;65 ans et plus;Hommes;77.3423688862699;11;Île-de-France
2023;91;Essonne;00-17 ans;Femmes;372.71477949444;11;Île-de-France
2023;91;Essonne;Tous;Femmes;402.052554415248;11;Île-de-France
2023;91;Essonne;00-17 ans;Hommes et Femmes;229.893721263285;11;Île-de-France
2023;91;Essonne;18-24 ans;Hommes et Femmes;672.943622920518;11;Île-de-France
2024;91;Essonne;00-17 ans;Hommes;99.5634525541855;11;Île-de-France
2024;91;Essonne;65 ans et plus;Hommes;42.4613424861116;11;Île-de-France
2024;91;Essonne;18-24 ans;Hommes et Femmes;615.509682664112;11;Île-de-France
2020;92;Hauts-de-Seine;25-44 ans;Hommes;221.92052634327203;11;Île-de-France
2020;92;Hauts-de-Seine;65 ans et plus;Hommes;110.07396970764401;11;Île-de-France
2020;92;Hauts-de-Seine;45-64 ans;Hommes et Femmes;434.023087867164;11;Île-de-France
2020;92;Hauts-de-Seine;65 ans et plus;Hommes et Femmes;171.104905007277;11;Île-de-France
2020;92;Hauts-de-Seine;Tous;Hommes et Femmes;329.02475816161297;11;Île-de-France
2021;92;Hauts-de-Seine;00-17 ans;Hommes;147.08941253380098;11;Île-de-France
2021;92;Hauts-de-Seine;25-44 ans;Hommes;259.93645997645;11;Île-de-France
2021;92;Hauts-de-Seine;Tous;Hommes;196.298825971679;11;Île-de-France
2021;92;Hauts-de-Seine;45-64 ans;Femmes;520.160146275338;11;Île-de-France
2021;92;Hauts-de-Seine;25-44 ans;Hommes et Femmes;315.144766146993;11;Île-de-France
2022;92;Hauts-de-Seine;25-44 ans;Hommes;213.712339715745;11;Île-de-France
2022;92;Hauts-de-Seine;45-64 ans;Femmes;431.066153959196;11;Île-de-France
2022;92;Hauts-de-Seine;65 ans et plus;Femmes;190.45951093500298;11;Île-de-France
2022;92;Hauts-de-Seine;00-17 ans;Hommes et Femmes;261.755187511898;11;Île-de-France
2022;92;Hauts-de-Seine;18-24 ans;Hommes et Femmes;642.155324336721;11;Île-de-France
2022;92;Hauts-de-Seine;45-64 ans;Hommes et Femmes;345.589415089915;11;Île-de-France
2023;92;Hauts-de-Seine;65 ans et plus;Hommes;83.3668717300063;11;Île-de-France
2023;92;Hauts-de-Seine;00-17 ans;Femmes;502.01488969332695;11;Île-de-France
2023;92;Hauts-de-Seine;18-24 ans;Femmes;911.3948727946189;11;Île-de-France
2023;92;Hauts-de-Seine;65 ans et plus;Femmes;173.767402910081;11;Île-de-France
2023;92;Hauts-de-Seine;25-44 ans;Hommes et Femmes;308.47915306824996;11;Île-de-France
2023;92;Hauts-de-Seine;45-64 ans;Hommes et Femmes;280.43767452451397;11;Île-de-France
2023;92;Hauts-de-Seine;65 ans et plus;Hommes et Femmes;135.668774377983;11;Île-de-France
2024;92;Hauts-de-Seine;00-17 ans;Hommes;126.305040108569;11;Île-de-France
2024;92;Hauts-de-Seine;18-24 ans;Hommes;438.302480276388;11;Île-de-France
2024;92;Hauts-de-Seine;65 ans et plus;Hommes;73.6336860477801;11;Île-de-France
2024;92;Hauts-de-Seine;Tous;Hommes;182.096865051812;11;Île-de-France
2024;92;Hauts-de-Seine;00-17 ans;Femmes;460.732645737011;11;Île-de-France
2024;92;Hauts-de-Seine;18-24 ans;Femmes;847.10066925633;11;Île-de-France
2024;92;Hauts-de-Seine;45-64 ans;Femmes;323.131606887319;11;Île-de-France
2024;92;Hauts-de-Seine;65 ans et plus;Femmes;134.341226715858;11;Île-de-France
2024;92;Hauts-de-Seine;18-24 ans;Hommes et Femmes;652.584578396016;11;Île-de-France
2020;93;Seine-Saint-Denis;25-44 ans;Hommes;129.495878018531;11;Île-de-France
2020;93;Seine-Saint-Denis;45-64 ans;Hommes;101.27607859023699;11;Île-de-France
2020;93;Seine-Saint-Denis;65 ans et plus;Hommes et Femmes;94.0269387179427;11;Île-de-France
2020;93;Seine-Saint-Denis;Tous;Hommes et Femmes;190.554557068924;11;Île-de-France
2021;93;Seine-Saint-Denis;25-44 ans;Hommes;127.80197420418;11;Île-de-France
2021;93;Seine-Saint-Denis;25-44 ans;Femmes;222.340078328982;11;Île-de-France
2021;93;Seine-Saint-Denis;45-64 ans;Femmes;245.700245700246;11;Île-de-France
2021;93;Seine-Saint-Denis;00-17 ans;Hommes et Femmes;198.844053237181;11;Île-de-France
2022;93;Seine-Saint-Denis;65 ans et plus;Hommes;65.055459779462;11;Île-de-France
2022;93;Seine-Saint-Denis;45-64 ans;Femmes;250.670653942566;11;Île-de-France
2022;93;Seine-Saint-Denis;25-44 ans;Hommes et Femmes;241.110753402607;11;Île-de-France
2023;93;Seine-Saint-Denis;18-24 ans;Hommes;196.699814227953;11;Île-de-France
2023;93;Seine-Saint-Denis;Tous;Hommes;119.943827549086;11;Île-de-France
2023;93;Seine-Saint-Denis;45-64 ans;Femmes;273.763945494216;11;Île-de-France
2023;93;Seine-Saint-Denis;00-17 ans;Hommes et Femmes;162.64971166642;11;Île-de-France
2023;93;Seine-Saint-Denis;45-64 ans;Hommes et Femmes;205.38320181601998;11;Île-de-France
2024;93;Seine-Saint-Denis;00-17 ans;Hommes;50.0011905045358;11;Île-de-France
2024;93;Seine-Saint-Denis;18-24 ans;Hommes;178.051703475432;11;Île-de-France
2024;93;Seine-Saint-Denis;25-44 ans;Femmes;227.33929343505503;11;Île-de-France
2024;93;Seine-Saint-Denis;45-64 ans;Hommes et Femmes;138.206946717585;11;Île-de-France
2024;93;Seine-Saint-Denis;65 ans et plus;Hommes et Femmes;69.75933031042901;11;Île-de-France
2020;94;Val-de-Marne;25-44 ans;Hommes;268.630849220104;11;Île-de-France
2020;94;Val-de-Marne;18-24 ans;Femmes;1101.5911872705;11;Île-de-France
2020;94;Val-de-Marne;25-44 ans;Femmes;506.997017664602;11;Île-de-France
2020;94;Val-de-Marne;45-64 ans;Femmes;592.0988772769921;11;Île-de-France
2020;94;Val-de-Marne;65 ans et plus;Femmes;268.638791441484;11;Île-de-France
2020;94;Val-de-Marne;18-24 ans;Hommes et Femmes;742.912349668521;11;Île-de-France
2020;94;Val-de-Marne;45-64 ans;Hommes et Femmes;434.135826831416;11;Île-de-France
2020;94;Val-de-Marne;Tous;Hommes et Femmes;398.97326283656497;11;Île-de-France
2021;94;Val-de-Marne;00-17 ans;Hommes;172.28922358695002;11;Île-de-France
2021;94;Val-de-Marne;45-64 ans;Hommes;279.44524943076;11;Île-de-France
2021;94;Val-de-Marne;65 ans et plus;Hommes;109.320449977078;11;Île-de-France
2021;94;Val-de-Marne;18-24 ans;Hommes et Femmes;766.727342931215;11;Île-de-France
2021;94;Val-de-Marne;25-44 ans;Hommes et Femmes;336.670330432027;11;Île-de-France
2021;94;Val-de-Marne;65 ans et plus;Hommes et Femmes;166.761885644581;11;Île-de-France
2021;94;Val-de-Marne;Tous;Hommes et Femmes;341.813360540395;11;Île-de-France
2022;94;Val-de-Marne;18-24 ans;Hommes;337.134357957362;11;Île-de-France
2022;94;Val-de-Marne;25-44 ans;Hommes;200.05914792199403;11;Île-de-France
2022;94;Val-de-Marne;45-64 ans;Hommes;226.321425094909;11;Île-de-France
2022;94;Val-de-Marne;65 ans et plus;Hommes;122.552774288428;11;Île-de-France
2022;94;Val-de-Marne;25-44 ans;Femmes;449.714568916463;11;Île-de-France
2022;94;Val-de-Marne;65 ans et plus;Hommes et Femmes;146.846834709742;11;Île-de-France
2023;94;Val-de-Marne;45-64 ans;Hommes;289.544757779995;11;Île-de-France
2023;94;Val-de-Marne;18-24 ans;Femmes;1282.11499279432;11;Île-de-France
2023;94;Val-de-Marne;45-64 ans;Femmes;421.00831491422;11;Île-de-France
2023;94;Val-de-Marne;Tous;Femmes;458.93840420171495;11;Île-de-France
2023;94;Val-de-Marne;00-17 ans;Hommes et Femmes;274.533525661905;11;Île-de-France
2023;94;Val-de-Marne;45-64 ans;Hommes et Femmes;352.691325563168;11;Île-de-France
2024;94;Val-de-Marne;18-24 ans;Hommes;447.93396748704;11;Île-de-France
2024;94;Val-de-Marne;00-17 ans;Femmes;475.258596589321;11;Île-de-France
2024;94;Val-de-Marne;25-44 ans;Femmes;401.411239514706;11;Île-de-France
2024;94;Val-de-Marne;65 ans et plus;Femmes;172.95597484276698;11;Île-de-France
2024;94;Val-de-Marne;Tous;Hommes et Femmes;317.92214411621;11;Île-de-France
2020;95;Val-d'Oise;00-17 ans;Hommes;93.92219068291871;11;Île-de-France
2020;95;Val-d'Oise;18-24 ans;Hommes;291.52221872045396;11;Île-de-France
2020;95;Val-d'Oise;18-24 ans;Femmes;775.651916968309;11;Île-de-France
2020;95;Val-d'Oise;25-44 ans;Femmes;380.06101659858297;11;Île-de-France
2020;95;Val-d'Oise;Tous;Femmes;360.40180967717197;11;Île-de-France
2020;95;Val-d'Oise;25-44 ans;Hommes et Femmes;314.15492325644;11;Île-de-France
2021;95;Val-d'Oise;00-17 ans;Hommes;98.034912134381;11;Île-de-France
2021;95;Val-d'Oise;18-24 ans;Hommes;294.194560669456;11;Île-de-France
2021;95;Val-d'Oise;45-64 ans;Hommes;198.001131435037;11;Île-de-France
2021;95;Val-d'Oise;25-44 ans;Femmes;340.883093113704;11;Île-de-France
2021;95;Val-d'Oise;45-64 ans;Femmes;428.449014567266;11;Île-de-France
2021;95;Val-d'Oise;25-44 ans;Hommes et Femmes;274.72839352004297;11;Île-de-France
2021;95;Val-d'Oise;45-64 ans;Hommes et Femmes;308.232092207302;11;Île-de-France
2022;95;Val-d'Oise;18-24 ans;Hommes;175.587652223166;11;Île-de-France
2022;95;Val-d'Oise;25-44 ans;Hommes;161.75165203669;11;Île-de-France
2022;95;Val-d'Oise;45-64 ans;Hommes;212.61923916791199;11;Île-de-France
2022;95;Val-d'Oise;18-24 ans;Femmes;756.564307966177;11;Île-de-France
2022;95;Val-d'Oise;65 ans et plus;Femmes;165.273495852271;11;Île-de-France
2022;95;Val-d'Oise;Tous;Femmes;312.581970796538;11;Île-de-France
2022;95;Val-d'Oise;25-44 ans;Hommes et Femmes;216.691495900572;11;Île-de-France
2022;95;Val-d'Oise;45-64 ans;Hommes et Femmes;285.16127125781196;11;Île-de-France
2022;95;Val-d'Oise;65 ans et plus;Hommes et Femmes;121.618569418142;11;Île-de-France
2023;95;Val-d'Oise;00-17 ans;Hommes;67.96918730175649;11;Île-de-France
2023;95;Val-d'Oise;25-44 ans;Hommes;142.810274620298;11;Île-de-France
2023;95;Val-d'Oise;65 ans et plus;Hommes;65.4307524536532;11;Île-de-France
2023;95;Val-d'Oise;Tous;Hommes;113.22431312972101;11;Île-de-France
2023;95;Val-d'Oise;00-17 ans;Femmes;218.84321099727703;11;Île-de-France
2023;95;Val-d'Oise;18-24 ans;Hommes et Femmes;449.164055785067;11;Île-de-France
2023;95;Val-d'Oise;Tous;Hommes et Femmes;206.18862184512898;11;Île-de-France
2024;95;Val-d'Oise;00-17 ans;Hommes;70.001350903263;11;Île-de-France
2024;95;Val-d'Oise;18-24 ans;Hommes;142.50252827066302;11;Île-de-France
2024;95;Val-d'Oise;65 ans et plus;Hommes;60.02744111593869;11;Île-de-France
2024;95;Val-d'Oise;00-17 ans;Femmes;221.508973373717;11;Île-de-France
2024;95;Val-d'Oise;45-64 ans;Femmes;263.103233400263;11;Île-de-France
2024;95;Val-d'Oise;65 ans et plus;Femmes;156.09479211011802;11;Île-de-France
2024;95;Val-d'Oise;65 ans et plus;Hommes et Femmes;112.596580687745;11;Île-de-France
2020;971;Guadeloupe;00-17 ans;Hommes;313.306302985625;01;Guadeloupe
2020;971;Guadeloupe;18-24 ans;Hommes;552.268244575937;01;Guadeloupe
2020;971;Guadeloupe;25-44 ans;Hommes;473.661547294388;01;Guadeloupe
2020;971;Guadeloupe;Tous;Hommes;292.351033859565;01;Guadeloupe
2020;971;Guadeloupe;45-64 ans;Femmes;394.051099529681;01;Guadeloupe
2020;971;Guadeloupe;65 ans et plus;Femmes;207.765225295416;01;Guadeloupe
2020;971;Guadeloupe;Tous;Femmes;389.525061009949;01;Guadeloupe
2020;971;Guadeloupe;25-44 ans;Hommes et Femmes;405.38584045171604;01;Guadeloupe
2021;971;Guadeloupe;45-64 ans;Hommes;127.728750580585;01;Guadeloupe
2021;971;Guadeloupe;18-24 ans;Femmes;871.132472213878;01;Guadeloupe
2021;971;Guadeloupe;25-44 ans;Femmes;402.93040293040303;01;Guadeloupe
2021;971;Guadeloupe;45-64 ans;Femmes;461.011591148577;01;Guadeloupe
2021;971;Guadeloupe;65 ans et plus;Femmes;132.362673726009;01;Guadeloupe
2021;971;Guadeloupe;18-24 ans;Hommes et Femmes;709.710922624199;01;Guadeloupe
2022;971;Guadeloupe;00-17 ans;Femmes;367.753100663398;01;Guadeloupe
2022;971;Guadeloupe;18-24 ans;Femmes;697.13400464756;01;Guadeloupe
2022;971;Guadeloupe;25-44 ans;Femmes;520.997789706347;01;Guadeloupe
2022;971;Guadeloupe;Tous;Femmes;379.174958317646;01;Guadeloupe
2022;971;Guadeloupe;Tous;Hommes et Femmes;297.771189039975;01;Guadeloupe
2023;971;Guadeloupe;65 ans et plus;Hommes;58.6097761106553;01;Guadeloupe
2023;971;Guadeloupe;Tous;Femmes;485.663328302922;01;Guadeloupe
2023;971;Guadeloupe;00-17 ans;Hommes et Femmes;307.01006310762403;01;Guadeloupe
2023;971;Guadeloupe;25-44 ans;Hommes et Femmes;532.168387609214;01;Guadeloupe
2024;971;Guadeloupe;45-64 ans;Hommes;171.547604460238;01;Guadeloupe
2024;971;Guadeloupe;00-17 ans;Femmes;383.835457705678;01;Guadeloupe
2024;971;Guadeloupe;Tous;Femmes;467.182937666624;01;Guadeloupe
2024;971;Guadeloupe;00-17 ans;Hommes et Femmes;261.99714787914996;01;Guadeloupe
2024;971;Guadeloupe;65 ans et plus;Hommes et Femmes;124.33776624499899;01;Guadeloupe
2020;972;Martinique;00-17 ans;Hommes;;02;Martinique
2020;972;Martinique;45-64 ans;Hommes;;02;Martinique
2020;972;Martinique;65 ans et plus;Hommes;;02;Martinique
2020;972;Martinique;18-24 ans;Femmes;;02;Martinique
2020;972;Martinique;45-64 ans;Femmes;;02;Martinique
2020;972;Martinique;Tous;Femmes;;02;Martinique
2020;972;Martinique;Tous;Hommes et Femmes;;02;Martinique
2021;972;Martinique;18-24 ans;Hommes;;02;Martinique
2021;972;Martinique;45-64 ans;Hommes;;02;Martinique
2021;972;Martinique;65 ans et plus;Hommes;;02;Martinique
2021;972;Martinique;00-17 ans;Femmes;;02;Martinique
2021;972;Martinique;65 ans et plus;Femmes;;02;Martinique
2021;972;Martinique;Tous;Femmes;;02;Martinique
2021;972;Martinique;00-17 ans;Hommes et Femmes;;02;Martinique
2021;972;Martinique;25-44 ans;Hommes et Femmes;;02;Martinique
2022;972;Martinique;18-24 ans;Hommes;;02;Martinique
2022;972;Martinique;25-44 ans;Hommes;;02;Martinique
2022;972;Martinique;65 ans et plus;Hommes;;02;Martinique
2022;972;Martinique;00-17 ans;Femmes;;02;Martinique
2022;972;Martinique;18-24 ans;Femmes;;02;Martinique
2022;972;Martinique;65 ans et plus;Femmes;;02;Martinique
2022;972;Martinique;00-17 ans;Hommes et Femmes;;02;Martinique
2022;972;Martinique;65 ans et plus;Hommes et Femmes;;02;Martinique
2023;972;Martinique;45-64 ans;Hommes;112.27544910179601;02;Martinique
2023;972;Martinique;Tous;Hommes;181.305398871878;02;Martinique
2023;972;Martinique;18-24 ans;Hommes et Femmes;1007.91936645068;02;Martinique
2023;972;Martinique;25-44 ans;Hommes et Femmes;575.991621940044;02;Martinique
2024;972;Martinique;00-17 ans;Hommes;153.473344103393;02;Martinique
2024;972;Martinique;45-64 ans;Hommes;251.572327044025;02;Martinique
2024;972;Martinique;65 ans et plus;Hommes;120.059106021426;02;Martinique
2024;972;Martinique;00-17 ans;Femmes;692.547795552087;02;Martinique
2024;972;Martinique;18-24 ans;Femmes;2182.16318785579;02;Martinique
2024;972;Martinique;65 ans et plus;Femmes;148.603130572617;02;Martinique
2024;972;Martinique;45-64 ans;Hommes et Femmes;471.105527638191;02;Martinique
2020;973;Guyane;25-44 ans;Hommes;282.532823666279;03;Guyane
2020;973;Guyane;65 ans et plus;Hommes;94.1028858218319;03;Guyane
2020;973;Guyane;00-17 ans;Hommes et Femmes;442.314780685588;03;Guyane
2021;973;Guyane;18-24 ans;Hommes;261.60889470242;03;Guyane
2021;973;Guyane;45-64 ans;Hommes;172.95053614666202;03;Guyane
2021;973;Guyane;Tous;Hommes;204.401148125598;03;Guyane
2021;973;Guyane;00-17 ans;Hommes et Femmes;467.608710492184;03;Guyane
2022;973;Guyane;00-17 ans;Hommes;242.61603375527397;03;Guyane
2022;973;Guyane;Tous;Hommes;235.27025656627097;03;Guyane
2022;973;Guyane;45-64 ans;Femmes;222.513089005236;03;Guyane
2022;973;Guyane;65 ans et plus;Femmes;230.547550432277;03;Guyane
2022;973;Guyane;Tous;Femmes;491.967434368061;03;Guyane
2022;973;Guyane;45-64 ans;Hommes et Femmes;208.193007164289;03;Guyane
2023;973;Guyane;18-24 ans;Hommes;333.185250999556;03;Guyane
2023;973;Guyane;00-17 ans;Femmes;513.698630136986;03;Guyane
2023;973;Guyane;25-44 ans;Femmes;471.38604035726104;03;Guyane
2023;973;Guyane;65 ans et plus;Femmes;299.58058717795103;03;Guyane
2024;973;Guyane;Tous;Hommes;195.515517497401;03;Guyane
2024;973;Guyane;18-24 ans;Femmes;660.276890308839;03;Guyane
2024;973;Guyane;25-44 ans;Femmes;339.983895499687;03;Guyane
2024;973;Guyane;65 ans et plus;Femmes;118.80011880011901;03;Guyane
2024;973;Guyane;00-17 ans;Hommes et Femmes;322.420634920635;03;Guyane
2024;973;Guyane;25-44 ans;Hommes et Femmes;258.094791177851;03;Guyane
2020;974;Réunion;65 ans et plus;Hommes;114.17154274297101;04;Réunion
2020;974;Réunion;00-17 ans;Femmes;693.062953218251;04;Réunion
2020;974;Réunion;18-24 ans;Femmes;1342.06742291101;04;Réunion
2020;974;Réunion;25-44 ans;Femmes;1023.1660231660201;04;Réunion
2020;974;Réunion;Tous;Femmes;764.722806911277;04;Réunion
2020;974;Réunion;25-44 ans;Hommes et Femmes;778.930660474413;04;Réunion
2020;974;Réunion;Tous;Hommes et Femmes;562.989669278236;04;Réunion
2021;974;Réunion;00-17 ans;Hommes;205.745341614907;04;Réunion
2021;974;Réunion;18-24 ans;Hommes;575.475874280655;04;Réunion
2021;974;Réunion;25-44 ans;Hommes;560.25162178101;04;Réunion
2021;974;Réunion;Tous;Hommes;330.63517338995;04;Réunion
2021;974;Réunion;18-24 ans;Femmes;1363.1815907953999;04;Réunion
2021;974;Réunion;25-44 ans;Femmes;777.964676198486;04;Réunion
2021;974;Réunion;25-44 ans;Hommes et Femmes;665.447526160723;04;Réunion
2021;974;Réunion;65 ans et plus;Hommes et Femmes;128.036974579976;04;Réunion
2021;974;Réunion;Tous;Hommes et Femmes;474.594058828674;04;Réunion
2022;974;Réunion;18-24 ans;Hommes;786.838340486409;04;Réunion
2022;974;Réunion;45-64 ans;Hommes;309.653916211293;04;Réunion
2022;974;Réunion;65 ans et plus;Hommes;96.7173010183763;04;Réunion
2022;974;Réunion;00-17 ans;Femmes;608.868806004442;04;Réunion
2022;974;Réunion;00-17 ans;Hommes et Femmes;360.617095009411;04;Réunion
2022;974;Réunion;18-24 ans;Hommes et Femmes;1092.00287713333;04;Réunion
2022;974;Réunion;Tous;Hommes et Femmes;445.772456125184;04;Réunion
2023;974;Réunion;00-17 ans;Hommes;165.938568864506;04;Réunion
2023;974;Réunion;18-24 ans;Hommes;706.764748305207;04;Réunion
2023;974;Réunion;65 ans et plus;Hommes;74.319689000686;04;Réunion
2023;974;Réunion;45-64 ans;Femmes;649.350649350649;04;Réunion
2023;974;Réunion;65 ans et plus;Femmes;139.844492923869;04;Réunion
2023;974;Réunion;00-17 ans;Hommes et Femmes;440.3370481109;04;Réunion
2023;974;Réunion;45-64 ans;Hommes et Femmes;469.605375814026;04;Réunion
2024;974;Réunion;00-17 ans;Hommes;205.4325496462;04;Réunion
2024;974;Réunion;25-44 ans;Hommes;387.900976290098;04;Réunion
2024;974;Réunion;45-64 ans;Hommes;170.026718484333;04;Réunion
2024;974;Réunion;Tous;Hommes;238.128986534373;04;Réunion
2024;974;Réunion;45-64 ans;Femmes;528.216460949712;04;Réunion
2024;974;Réunion;65 ans et plus;Femmes;100.03501225428899;04;Réunion
2024;974;Réunion;Tous;Femmes;672.481252037822;04;Réunion
2024;974;Réunion;25-44 ans;Hommes et Femmes;551.361995405317;04;Réunion
2024;974;Réunion;45-64 ans;Hommes et Femmes;323.662004392556;04;Réunion
2024;974;Réunion;65 ans et plus;Hommes et Femmes;82.908323493204;04;Réunion
2020;976;Mayotte;25-44 ans;Hommes;128.064398097329;06;Mayotte
2020;976;Mayotte;45-64 ans;Femmes;81.4995925020375;06;Mayotte
2020;976;Mayotte;18-24 ans;Hommes et Femmes;488.633949437009;06;Mayotte
2020;976;Mayotte;65 ans et plus;Hommes et Femmes;97.4658869395711;06;Mayotte
2020;976;Mayotte;Tous;Hommes et Femmes;278.386834519968;06;Mayotte
2021;976;Mayotte;Tous;Hommes;223.77372001432101;06;Mayotte
2021;976;Mayotte;00-17 ans;Femmes;325.32532532532497;06;Mayotte
2021;976;Mayotte;25-44 ans;Femmes;241.93548387096803;06;Mayotte
2021;976;Mayotte;65 ans et plus;Femmes;264.200792602378;06;Mayotte
2021;976;Mayotte;Tous;Femmes;285.228457023751;06;Mayotte
2021;976;Mayotte;00-17 ans;Hommes et Femmes;278.462032772839;06;Mayotte
2021;976;Mayotte;Tous;Hommes et Femmes;251.37393104468;06;Mayotte
2022;976;Mayotte;Tous;Femmes;400.332744098991;06;Mayotte
2022;976;Mayotte;00-17 ans;Hommes et Femmes;359.439072545942;06;Mayotte
2022;976;Mayotte;Tous;Hommes et Femmes;301.844078668113;06;Mayotte
2023;976;Mayotte;25-44 ans;Hommes;161.648817943019;06;Mayotte
2023;976;Mayotte;45-64 ans;Hommes;234.375;06;Mayotte
2023;976;Mayotte;65 ans et plus;Hommes;0.0;06;Mayotte
2023;976;Mayotte;Tous;Hommes et Femmes;218.26564645870099;06;Mayotte
2024;976;Mayotte;00-17 ans;Hommes;270.218104613009;06;Mayotte
2024;976;Mayotte;65 ans et plus;Hommes;0.0;06;Mayotte
2024;976;Mayotte;18-24 ans;Femmes;740.055504162812;06;Mayotte
2024;976;Mayotte;45-64 ans;Femmes;0.0;06;Mayotte
2024;976;Mayotte;Tous;Femmes;410.67761806981497;06;Mayotte
2024;976;Mayotte;45-64 ans;Hommes et Femmes;136.42564802182798;06;Mayotte
2020;977;Saint-Barthélemy;65 ans et plus;Hommes;0.0;977;Saint-Barthélemy
2020;977;Saint-Barthélemy;00-17 ans;Femmes;0.0;977;Saint-Barthélemy
2020;977;Saint-Barthélemy;25-44 ans;Femmes;0.0;977;Saint-Barthélemy
2020;977;Saint-Barthélemy;Tous;Femmes;74.6547219111609;977;Saint-Barthélemy
2020;977;Saint-Barthélemy;45-64 ans;Hommes et Femmes;198.314328210213;977;Saint-Barthélemy
2021;977;Saint-Barthélemy;00-17 ans;Hommes;0.0;977;Saint-Barthélemy
2021;977;Saint-Barthélemy;45-64 ans;Hommes;0.0;977;Saint-Barthélemy
2021;977;Saint-Barthélemy;Tous;Hommes;94.7418285172904;977;Saint-Barthélemy
2021;977;Saint-Barthélemy;00-17 ans;Hommes et Femmes;0.0;977;Saint-Barthélemy
2021;977;Saint-Barthélemy;45-64 ans;Hommes et Femmes;0.0;977;Saint-Barthélemy
2021;977;Saint-Barthélemy;65 ans et plus;Hommes et Femmes;263.852242744063;977;Saint-Barthélemy
2021;977;Saint-Barthélemy;Tous;Hommes et Femmes;56.8504832291074;977;Saint-Barthélemy
2022;977;Saint-Barthélemy;25-44 ans;Femmes;683.371298405467;977;Saint-Barthélemy
2022;977;Saint-Barthélemy;Tous;Femmes;578.7515502273669;977;Saint-Barthélemy
2022;977;Saint-Barthélemy;45-64 ans;Hommes et Femmes;247.678018575851;977;Saint-Barthélemy
2023;977;Saint-Barthélemy;Tous;Hommes;0.0;977;Saint-Barthélemy
2023;977;Saint-Barthélemy;00-17 ans;Femmes;0.0;977;Saint-Barthélemy
2023;977;Saint-Barthélemy;25-44 ans;Femmes;831.600831600832;977;Saint-Barthélemy
2023;977;Saint-Barthélemy;45-64 ans;Femmes;571.428571428571;977;Saint-Barthélemy
2023;977;Saint-Barthélemy;45-64 ans;Hommes et Femmes;233.372228704784;977;Saint-Barthélemy
2023;977;Saint-Barthélemy;65 ans et plus;Hommes et Femmes;0.0;977;Saint-Barthélemy
2023;977;Saint-Barthélemy;Tous;Hommes et Femmes;308.356460067838;977;Saint-Barthélemy
2024;977;Saint-Barthélemy;00-17 ans;Hommes;0.0;977;Saint-Barthélemy
2024;977;Saint-Barthélemy;18-24 ans;Hommes;415.800415800416;977;Saint-Barthélemy
2024;977;Saint-Barthélemy;25-44 ans;Hommes;251.730648206419;977;Saint-Barthélemy
2024;977;Saint-Barthélemy;00-17 ans;Femmes;394.477317554241;977;Saint-Barthélemy
2024;977;Saint-Barthélemy;25-44 ans;Femmes;0.0;977;Saint-Barthélemy
2024;977;Saint-Barthélemy;45-64 ans;Femmes;0.0;977;Saint-Barthélemy
2024;977;Saint-Barthélemy;Tous;Hommes et Femmes;107.13807419311601;977;Saint-Barthélemy
2020;978;Saint-Martin;25-44 ans;Hommes;396.51070578905603;978;Saint-Martin
2020;978;Saint-Martin;18-24 ans;Femmes;531.914893617021;978;Saint-Martin
2020;978;Saint-Martin;00-17 ans;Hommes et Femmes;340.52213393870596;978;Saint-Martin
2020;978;Saint-Martin;25-44 ans;Hommes et Femmes;328.1079110463;978;Saint-Martin
2020;978;Saint-Martin;Tous;Hommes et Femmes;350.70746160358;978;Saint-Martin
2021;978;Saint-Martin;45-64 ans;Hommes;210.084033613445;978;Saint-Martin
2021;978;Saint-Martin;18-24 ans;Femmes;579.710144927536;978;Saint-Martin
2021;978;Saint-Martin;25-44 ans;Femmes;294.985250737463;978;Saint-Martin
2021;978;Saint-Martin;45-64 ans;Femmes;218.81838074398198;978;Saint-Martin
2021;978;Saint-Martin;Tous;Femmes;320.0;978;Saint-Martin
2021;978;Saint-Martin;65 ans et plus;Hommes et Femmes;0.0;978;Saint-Martin
2022;978;Saint-Martin;18-24 ans;Hommes;558.659217877095;978;Saint-Martin
2022;978;Saint-Martin;45-64 ans;Hommes;525.210084033613;978;Saint-Martin
2022;978;Saint-Martin;18-24 ans;Hommes et Femmes;648.508430609598;978;Saint-Martin
2022;978;Saint-Martin;45-64 ans;Hommes et Femmes;257.334019557385;978;Saint-Martin
2023;978;Saint-Martin;45-64 ans;Hommes;0.0;978;Saint-Martin
2023;978;Saint-Martin;00-17 ans;Hommes et Femmes;312.989045383412;978;Saint-Martin
2023;978;Saint-Martin;25-44 ans;Hommes et Femmes;249.021700462469;978;Saint-Martin
2023;978;Saint-Martin;45-64 ans;Hommes et Femmes;0.0;978;Saint-Martin
2023;978;Saint-Martin;65 ans et plus;Hommes et Femmes;0.0;978;Saint-Martin
2023;978;Saint-Martin;Tous;Hommes et Femmes;198.599351938957;978;Saint-Martin
2024;978;Saint-Martin;Tous;Hommes;130.861504907306;978;Saint-Martin
2024;978;Saint-Martin;00-17 ans;Femmes;373.134328358209;978;Saint-Martin
2024;978;Saint-Martin;25-44 ans;Hommes et Femmes;286.327845382963;978;Saint-Martin
