annee;reglib;libgeo;classe_d_age;sexe;nombre_de_sejours;taux_brut;taux_standardise;num_departement;reg
2024;Saint-Martin;Saint-Martin;00-17 ans;Femmes;10.0;;;978;978
2024;Saint-Martin;Saint-Martin;45-64 ans;Femmes;2.5;;;978;978
2024;Saint-Martin;Saint-Martin;Tous;Femmes;16.0;;;978;978
2024;Saint-Martin;Saint-Martin;25-44 ans;Hommes et Femmes;5.0;;;978;978
2024;Corse;Corse-du-Sud;00-17 ans;Hommes;2.5;15.1;;2A;94
2024;Corse;Corse-du-Sud;18-24 ans;Hommes;7.0;150.3;;2A;94
2024;Corse;Corse-du-Sud;00-17 ans;Femmes;29.0;179.7;;2A;94
2024;Corse;Corse-du-Sud;18-24 ans;Femmes;13.0;285.8;;2A;94
2024;Corse;Corse-du-Sud;25-44 ans;Femmes;37.0;169.6;;2A;94
2024;Corse;Corse-du-Sud;45-64 ans;Femmes;37.0;163.3;;2A;94
2024;Corse;Corse-du-Sud;65 ans et plus;Femmes;18.0;77.2;;2A;94
2024;Corse;Corse-du-Sud;65 ans et plus;Hommes et Femmes;24.0;56.8;;2A;94
2024;Corse;Haute-Corse;18-24 ans;Hommes;5.0;69.9;;2B;94
2024;Corse;Haute-Corse;65 ans et plus;Hommes;6.0;27.9;;2B;94
2024;Corse;Haute-Corse;18-24 ans;Femmes;6.0;85.8;;2B;94
2024;Corse;Haute-Corse;Tous;Femmes;58.0;60.6;64.5;2B;94
2024;Corse;Haute-Corse;00-17 ans;Hommes et Femmes;20.5;65.0;;2B;94
2024;Corse;Haute-Corse;18-24 ans;Hommes et Femmes;11.0;77.7;;2B;94
2024;Corse;Haute-Corse;25-44 ans;Hommes et Femmes;27.0;62.2;;2B;94
2024;Corse;Haute-Corse;45-64 ans;Hommes et Femmes;18.0;35.5;;2B;94
2024;Corse;Haute-Corse;65 ans et plus;Hommes et Femmes;13.0;27.7;;2B;94
2024;Corse;Haute-Corse;Tous;Hommes et Femmes;89.5;47.9;49.7;2B;94
2024;Auvergne et Rhône-Alpes;Ain;45-64 ans;Hommes;93.0;105.5;;01;84
2024;Auvergne et Rhône-Alpes;Ain;65 ans et plus;Hommes;37.0;63.0;;01;84
2024;Auvergne et Rhône-Alpes;Ain;45-64 ans;Femmes;93.0;104.4;;01;84
2024;Auvergne et Rhône-Alpes;Ain;65 ans et plus;Femmes;44.0;61.2;;01;84
2024;Auvergne et Rhône-Alpes;Ain;Tous;Femmes;452.0;130.6;132.3;01;84
2024;Auvergne et Rhône-Alpes;Ain;00-17 ans;Hommes et Femmes;145.0;91.6;;01;84
2024;Auvergne et Rhône-Alpes;Ain;25-44 ans;Hommes et Femmes;200.0;117.1;;01;84
2024;Auvergne et Rhône-Alpes;Ain;45-64 ans;Hommes et Femmes;186.0;104.9;;01;84
2024;Auvergne et Rhône-Alpes;Ain;Tous;Hommes et Femmes;734.0;107.5;109.4;01;84
2024;Hauts-de-France;Aisne;00-17 ans;Hommes;34.0;58.4;;02;32
2024;Hauts-de-France;Aisne;25-44 ans;Hommes;180.0;304.1;;02;32
2024;Hauts-de-France;Aisne;65 ans et plus;Hommes;37.0;73.2;;02;32
2024;Hauts-de-France;Aisne;Tous;Femmes;843.0;316.6;322.4;02;32
2024;Hauts-de-France;Aisne;Tous;Hommes et Femmes;1279.0;245.4;250.8;02;32
2024;Auvergne et Rhône-Alpes;Allier;18-24 ans;Hommes;14.0;119.3;;03;84
2024;Auvergne et Rhône-Alpes;Allier;45-64 ans;Hommes;33.0;75.6;;03;84
2024;Auvergne et Rhône-Alpes;Allier;65 ans et plus;Hommes;22.0;52.7;;03;84
2024;Auvergne et Rhône-Alpes;Allier;Tous;Hommes;122.0;75.9;78.8;03;84
2024;Auvergne et Rhône-Alpes;Allier;00-17 ans;Femmes;86.0;297.5;;03;84
2024;Auvergne et Rhône-Alpes;Allier;18-24 ans;Femmes;30.0;289.6;;03;84
2024;Auvergne et Rhône-Alpes;Allier;00-17 ans;Hommes et Femmes;100.0;168.1;;03;84
2024;Auvergne et Rhône-Alpes;Allier;25-44 ans;Hommes et Femmes;82.0;124.3;;03;84
2024;Auvergne et Rhône-Alpes;Allier;Tous;Hommes et Femmes;346.0;103.8;113.7;03;84
2024;Provence-Alpes-Côte d'Azur;Alpes-de-Haute-Provence;45-64 ans;Hommes;31.0;138.4;;04;93
2024;Provence-Alpes-Côte d'Azur;Alpes-de-Haute-Provence;00-17 ans;Femmes;30.0;196.6;;04;93
2024;Provence-Alpes-Côte d'Azur;Alpes-de-Haute-Provence;18-24 ans;Femmes;25.0;549.7;;04;93
2024;Provence-Alpes-Côte d'Azur;Hautes-Alpes;65 ans et plus;Hommes;7.0;39.8;;05;93
2024;Provence-Alpes-Côte d'Azur;Hautes-Alpes;18-24 ans;Femmes;30.0;842.2;;05;93
2024;Provence-Alpes-Côte d'Azur;Hautes-Alpes;45-64 ans;Femmes;45.0;227.3;;05;93
2024;Provence-Alpes-Côte d'Azur;Hautes-Alpes;Tous;Femmes;193.0;266.0;300.3;05;93
2024;Provence-Alpes-Côte d'Azur;Hautes-Alpes;45-64 ans;Hommes et Femmes;76.0;194.5;;05;93
2024;Provence-Alpes-Côte d'Azur;Hautes-Alpes;65 ans et plus;Hommes et Femmes;28.0;71.5;;05;93
2024;Provence-Alpes-Côte d'Azur;Hautes-Alpes;Tous;Hommes et Femmes;284.0;200.1;222.4;05;93
2024;Provence-Alpes-Côte d'Azur;Alpes-Maritimes;00-17 ans;Hommes;39.0;36.6;;06;93
2024;Provence-Alpes-Côte d'Azur;Alpes-Maritimes;25-44 ans;Hommes;194.0;157.1;;06;93
2024;Provence-Alpes-Côte d'Azur;Alpes-Maritimes;Tous;Hommes;609.0;114.3;114.9;06;93
2024;Provence-Alpes-Côte d'Azur;Alpes-Maritimes;25-44 ans;Femmes;220.0;165.4;;06;93
2024;Provence-Alpes-Côte d'Azur;Alpes-Maritimes;Tous;Femmes;1145.0;193.3;205.2;06;93
2024;Provence-Alpes-Côte d'Azur;Alpes-Maritimes;00-17 ans;Hommes et Femmes;431.0;208.1;;06;93
2024;Provence-Alpes-Côte d'Azur;Alpes-Maritimes;45-64 ans;Hommes et Femmes;408.0;138.6;;06;93
2024;Provence-Alpes-Côte d'Azur;Alpes-Maritimes;Tous;Hommes et Femmes;1754.0;155.9;161.4;06;93
2024;Auvergne et Rhône-Alpes;Ardèche;45-64 ans;Hommes;54.0;118.9;;07;84
2024;Auvergne et Rhône-Alpes;Ardèche;Tous;Hommes;168.0;102.4;106.2;07;84
2024;Auvergne et Rhône-Alpes;Ardèche;25-44 ans;Femmes;64.0;182.2;;07;84
2024;Auvergne et Rhône-Alpes;Ardèche;45-64 ans;Femmes;100.0;215.7;;07;84
2024;Auvergne et Rhône-Alpes;Ardèche;65 ans et plus;Femmes;31.0;63.1;;07;84
2024;Auvergne et Rhône-Alpes;Ardèche;18-24 ans;Hommes et Femmes;43.0;221.4;;07;84
2024;Auvergne et Rhône-Alpes;Ardèche;45-64 ans;Hommes et Femmes;154.0;167.8;;07;84
2024;Grand Est;Ardennes;00-17 ans;Hommes;12.0;42.9;;08;44
2024;Grand Est;Ardennes;25-44 ans;Hommes;63.0;215.4;;08;44
2024;Grand Est;Ardennes;65 ans et plus;Hommes;22.0;80.4;;08;44
2024;Grand Est;Ardennes;Tous;Hommes;165.0;127.0;130.1;08;44
2024;Grand Est;Ardennes;45-64 ans;Femmes;67.0;187.4;;08;44
2024;Grand Est;Ardennes;18-24 ans;Hommes et Femmes;58.0;311.8;;08;44
2024;Occitanie;Ariège;00-17 ans;Femmes;22.0;158.4;;09;76
2024;Occitanie;Ariège;65 ans et plus;Femmes;18.0;76.3;;09;76
2024;Occitanie;Ariège;Tous;Femmes;132.0;165.3;174.0;09;76
2024;Occitanie;Ariège;45-64 ans;Hommes et Femmes;65.0;153.6;;09;76
2024;Occitanie;Ariège;65 ans et plus;Hommes et Femmes;26.0;60.3;;09;76
2024;Grand Est;Aube;45-64 ans;Hommes;28.0;73.6;;10;44
2024;Grand Est;Aube;45-64 ans;Femmes;28.0;70.3;;10;44
2024;Grand Est;Aube;65 ans et plus;Femmes;22.0;54.3;;10;44
2024;Grand Est;Aube;18-24 ans;Hommes et Femmes;45.0;181.0;;10;44
2024;Grand Est;Aube;65 ans et plus;Hommes et Femmes;35.0;48.9;;10;44
2024;Grand Est;Aube;Tous;Hommes et Femmes;326.0;104.8;106.0;10;44
2024;Occitanie;Aude;25-44 ans;Hommes;85.0;223.0;;11;76
2024;Occitanie;Aude;65 ans et plus;Hommes;18.0;38.1;;11;76
2024;Occitanie;Aude;Tous;Hommes;208.0;113.8;122.8;11;76
2024;Occitanie;Aude;00-17 ans;Femmes;79.0;233.4;;11;76
2024;Occitanie;Aude;65 ans et plus;Femmes;50.0;85.1;;11;76
2024;Occitanie;Aude;00-17 ans;Hommes et Femmes;92.0;132.1;;11;76
2024;Occitanie;Aude;25-44 ans;Hommes et Femmes;167.0;216.4;;11;76
2024;Occitanie;Aude;65 ans et plus;Hommes et Femmes;68.0;64.1;;11;76
2024;Occitanie;Aude;Tous;Hommes et Femmes;553.0;145.8;157.5;11;76
2024;Occitanie;Aveyron;00-17 ans;Hommes;6.0;23.7;;12;76
2024;Occitanie;Aveyron;65 ans et plus;Hommes;8.0;22.4;;12;76
2024;Occitanie;Aveyron;65 ans et plus;Femmes;30.0;68.9;;12;76
2024;Occitanie;Aveyron;Tous;Femmes;186.0;132.1;144.4;12;76
2024;Occitanie;Aveyron;25-44 ans;Hommes et Femmes;64.0;111.2;;12;76
2024;Occitanie;Aveyron;45-64 ans;Hommes et Femmes;90.0;118.6;;12;76
2024;Occitanie;Aveyron;65 ans et plus;Hommes et Femmes;38.0;48.0;;12;76
2024;Occitanie;Aveyron;Tous;Hommes et Femmes;275.0;98.6;107.0;12;76
2024;Provence-Alpes-Côte d'Azur;Bouches-du-Rhône;18-24 ans;Hommes;86.0;98.8;;13;93
2024;Provence-Alpes-Côte d'Azur;Bouches-du-Rhône;45-64 ans;Hommes;215.0;85.0;;13;93
2024;Provence-Alpes-Côte d'Azur;Bouches-du-Rhône;65 ans et plus;Hommes;73.0;37.5;;13;93
2024;Provence-Alpes-Côte d'Azur;Bouches-du-Rhône;00-17 ans;Femmes;552.0;270.1;;13;93
2024;Provence-Alpes-Côte d'Azur;Bouches-du-Rhône;18-24 ans;Femmes;247.0;288.2;;13;93
2024;Provence-Alpes-Côte d'Azur;Bouches-du-Rhône;65 ans et plus;Femmes;178.0;68.7;;13;93
2024;Provence-Alpes-Côte d'Azur;Bouches-du-Rhône;18-24 ans;Hommes et Femmes;333.0;192.8;;13;93
2024;Provence-Alpes-Côte d'Azur;Bouches-du-Rhône;Tous;Hommes et Femmes;2289.0;109.9;110.2;13;93
2024;Normandie;Calvados;Tous;Hommes;390.0;114.1;114.2;14;28
2024;Normandie;Calvados;00-17 ans;Femmes;317.0;463.9;;14;28
2024;Normandie;Calvados;45-64 ans;Femmes;108.0;119.8;;14;28
2024;Normandie;Calvados;00-17 ans;Hommes et Femmes;360.0;256.3;;14;28
2024;Normandie;Calvados;18-24 ans;Hommes et Femmes;207.0;334.3;;14;28
2024;Normandie;Calvados;65 ans et plus;Hommes et Femmes;151.0;89.9;;14;28
2024;Auvergne et Rhône-Alpes;Cantal;25-44 ans;Hommes;10.0;69.6;;15;84
2024;Auvergne et Rhône-Alpes;Cantal;45-64 ans;Hommes;15.0;73.6;;15;84
2024;Auvergne et Rhône-Alpes;Cantal;65 ans et plus;Hommes;10.0;51.6;;15;84
2024;Auvergne et Rhône-Alpes;Cantal;Tous;Hommes;47.0;66.3;68.0;15;84
2024;Auvergne et Rhône-Alpes;Cantal;45-64 ans;Femmes;17.0;84.8;;15;84
2024;Auvergne et Rhône-Alpes;Cantal;18-24 ans;Hommes et Femmes;13.0;151.0;;15;84
2024;Auvergne et Rhône-Alpes;Cantal;45-64 ans;Hommes et Femmes;32.0;79.2;;15;84
2024;Nouvelle Aquitaine;Charente;25-44 ans;Hommes;68.0;182.8;;16;75
2024;Nouvelle Aquitaine;Charente;45-64 ans;Hommes;70.0;151.6;;16;75
2024;Nouvelle Aquitaine;Charente;18-24 ans;Femmes;42.0;394.0;;16;75
2024;Nouvelle Aquitaine;Charente;25-44 ans;Femmes;68.0;184.5;;16;75
2024;Nouvelle Aquitaine;Charente;25-44 ans;Hommes et Femmes;136.0;183.7;;16;75
2024;Nouvelle Aquitaine;Charente;Tous;Hommes et Femmes;493.0;140.6;146.3;16;75
2024;Nouvelle Aquitaine;Charente-Maritime;25-44 ans;Hommes;166.0;248.5;;17;75
2024;Nouvelle Aquitaine;Charente-Maritime;00-17 ans;Femmes;210.0;370.6;;17;75
2024;Nouvelle Aquitaine;Charente-Maritime;18-24 ans;Hommes et Femmes;152.0;342.8;;17;75
2024;Nouvelle Aquitaine;Charente-Maritime;25-44 ans;Hommes et Femmes;338.0;249.6;;17;75
2024;Nouvelle Aquitaine;Charente-Maritime;65 ans et plus;Hommes et Femmes;135.0;66.8;;17;75
2024;Centre-Val de Loire;Cher;00-17 ans;Hommes;12.0;41.2;;18;24
2024;Centre-Val de Loire;Cher;Tous;Femmes;190.0;124.8;132.1;18;24
2024;Centre-Val de Loire;Cher;45-64 ans;Hommes et Femmes;78.0;99.6;;18;24
2024;Centre-Val de Loire;Cher;65 ans et plus;Hommes et Femmes;49.0;60.9;;18;24
2024;Nouvelle Aquitaine;Corrèze;18-24 ans;Hommes;17.0;198.0;;19;75
2024;Nouvelle Aquitaine;Corrèze;45-64 ans;Hommes;32.0;100.6;;19;75
2024;Nouvelle Aquitaine;Corrèze;65 ans et plus;Hommes;18.0;58.8;;19;75
2024;Nouvelle Aquitaine;Corrèze;45-64 ans;Femmes;59.0;181.9;;19;75
2024;Nouvelle Aquitaine;Corrèze;Tous;Femmes;228.0;186.5;205.6;19;75
2024;Nouvelle Aquitaine;Corrèze;45-64 ans;Hommes et Femmes;91.0;141.6;;19;75
2024;Nouvelle Aquitaine;Corrèze;65 ans et plus;Hommes et Femmes;48.0;68.7;;19;75
2024;Bourgogne et Franche-Comté;Côte-d'Or;00-17 ans;Hommes;52.0;98.2;;21;27
2024;Bourgogne et Franche-Comté;Côte-d'Or;18-24 ans;Hommes;71.0;273.6;;21;27
2024;Bourgogne et Franche-Comté;Côte-d'Or;25-44 ans;Hommes;131.0;202.5;;21;27
2024;Bourgogne et Franche-Comté;Côte-d'Or;Tous;Hommes;364.0;139.2;137.3;21;27
2024;Bourgogne et Franche-Comté;Côte-d'Or;00-17 ans;Femmes;311.0;625.5;;21;27
2024;Bourgogne et Franche-Comté;Côte-d'Or;00-17 ans;Hommes et Femmes;363.0;353.6;;21;27
2024;Bourgogne et Franche-Comté;Côte-d'Or;18-24 ans;Hommes et Femmes;244.0;467.9;;21;27
2024;Bourgogne et Franche-Comté;Côte-d'Or;25-44 ans;Hommes et Femmes;255.0;197.6;;21;27
2024;Bourgogne et Franche-Comté;Côte-d'Or;Tous;Hommes et Femmes;1155.0;214.5;214.5;21;27
2024;Bretagne;Côtes-d'Armor;25-44 ans;Hommes;182.0;299.5;;22;53
2024;Bretagne;Côtes-d'Armor;45-64 ans;Hommes;168.0;209.6;;22;53
2024;Bretagne;Côtes-d'Armor;18-24 ans;Femmes;176.0;965.4;;22;53
2024;Bretagne;Côtes-d'Armor;00-17 ans;Hommes et Femmes;301.0;253.9;;22;53
2024;Bretagne;Côtes-d'Armor;18-24 ans;Hommes et Femmes;234.0;590.5;;22;53
2024;Nouvelle Aquitaine;Creuse;45-64 ans;Hommes;17.0;107.3;;23;75
2024;Nouvelle Aquitaine;Creuse;65 ans et plus;Hommes;6.0;36.3;;23;75
2024;Nouvelle Aquitaine;Creuse;00-17 ans;Femmes;25.0;275.8;;23;75
2024;Nouvelle Aquitaine;Creuse;25-44 ans;Femmes;21.0;204.1;;23;75
2024;Nouvelle Aquitaine;Creuse;Tous;Femmes;110.0;187.8;220.4;23;75
2024;Nouvelle Aquitaine;Creuse;25-44 ans;Hommes et Femmes;55.0;260.5;;23;75
2024;Nouvelle Aquitaine;Creuse;45-64 ans;Hommes et Femmes;48.0;150.3;;23;75
2024;Nouvelle Aquitaine;Creuse;65 ans et plus;Hommes et Femmes;20.0;54.3;;23;75
2024;Nouvelle Aquitaine;Dordogne;00-17 ans;Hommes;16.0;44.7;;24;75
2024;Nouvelle Aquitaine;Dordogne;18-24 ans;Hommes;35.0;278.2;;24;75
2024;Nouvelle Aquitaine;Dordogne;65 ans et plus;Hommes;36.0;62.8;;24;75
2024;Nouvelle Aquitaine;Dordogne;Tous;Hommes;292.0;145.0;159.0;24;75
2024;Nouvelle Aquitaine;Dordogne;18-24 ans;Femmes;63.0;567.0;;24;75
2024;Nouvelle Aquitaine;Dordogne;25-44 ans;Femmes;99.0;247.9;;24;75
2024;Nouvelle Aquitaine;Dordogne;45-64 ans;Femmes;122.0;202.7;;24;75
2024;Nouvelle Aquitaine;Dordogne;25-44 ans;Hommes et Femmes;216.0;272.9;;24;75
2024;Nouvelle Aquitaine;Dordogne;65 ans et plus;Hommes et Femmes;93.0;72.4;;24;75
2024;Bourgogne et Franche-Comté;Doubs;00-17 ans;Hommes;18.0;30.0;;25;27
2024;Bourgogne et Franche-Comté;Doubs;18-24 ans;Hommes;31.0;122.1;;25;27
2024;Bourgogne et Franche-Comté;Doubs;45-64 ans;Hommes;62.0;92.2;;25;27
2024;Bourgogne et Franche-Comté;Doubs;Tous;Hommes;218.0;80.8;80.5;25;27
2024;Bourgogne et Franche-Comté;Doubs;Tous;Hommes et Femmes;671.0;121.9;121.0;25;27
2024;Auvergne et Rhône-Alpes;Drôme;Tous;Hommes;255.0;100.3;102.7;26;84
2024;Auvergne et Rhône-Alpes;Drôme;18-24 ans;Femmes;71.0;442.7;;26;84
2024;Auvergne et Rhône-Alpes;Drôme;25-44 ans;Femmes;104.0;169.8;;26;84
2024;Auvergne et Rhône-Alpes;Drôme;25-44 ans;Hommes et Femmes;198.0;164.9;;26;84
2024;Auvergne et Rhône-Alpes;Drôme;45-64 ans;Hommes et Femmes;170.0;125.2;;26;84
2024;Normandie;Eure;00-17 ans;Hommes;42.0;60.9;;27;28
2024;Normandie;Eure;18-24 ans;Hommes;52.0;234.7;;27;28
2024;Normandie;Eure;65 ans et plus;Hommes;28.0;50.2;;27;28
2024;Normandie;Eure;Tous;Hommes;330.0;112.2;114.7;27;28
2024;Normandie;Eure;18-24 ans;Femmes;106.0;550.6;;27;28
2024;Normandie;Eure;Tous;Femmes;717.0;232.9;236.4;27;28
2024;Normandie;Eure;25-44 ans;Hommes et Femmes;272.0;194.7;;27;28
2024;Normandie;Eure;Tous;Hommes et Femmes;1047.0;174.0;177.4;27;28
2024;Centre-Val de Loire;Eure-et-Loir;45-64 ans;Hommes;57.0;101.3;;28;24
2024;Centre-Val de Loire;Eure-et-Loir;65 ans et plus;Hommes;19.0;45.4;;28;24
2024;Centre-Val de Loire;Eure-et-Loir;00-17 ans;Femmes;112.0;239.6;;28;24
2024;Centre-Val de Loire;Eure-et-Loir;18-24 ans;Hommes et Femmes;104.0;348.8;;28;24
2024;Centre-Val de Loire;Eure-et-Loir;65 ans et plus;Hommes et Femmes;52.0;54.7;;28;24
2024;Bretagne;Finistère;25-44 ans;Hommes;262.0;252.2;;29;53
2024;Bretagne;Finistère;45-64 ans;Hommes;185.0;150.1;;29;53
2024;Bretagne;Finistère;65 ans et plus;Hommes;61.0;60.3;;29;53
2024;Bretagne;Finistère;Tous;Femmes;1148.0;240.1;253.8;29;53
2024;Bretagne;Finistère;18-24 ans;Hommes et Femmes;245.0;354.6;;29;53
2024;Occitanie;Gard;25-44 ans;Hommes;104.0;129.5;;30;76
2024;Occitanie;Gard;18-24 ans;Hommes et Femmes;179.0;320.3;;30;76
2024;Occitanie;Gard;65 ans et plus;Hommes et Femmes;135.0;70.2;;30;76
2024;Occitanie;Haute-Garonne;18-24 ans;Hommes;90.0;116.7;;31;76
2024;Occitanie;Haute-Garonne;25-44 ans;Hommes;184.0;89.2;;31;76
2024;Occitanie;Haute-Garonne;25-44 ans;Femmes;192.0;92.4;;31;76
2024;Occitanie;Haute-Garonne;00-17 ans;Hommes et Femmes;309.0;101.9;;31;76
2024;Occitanie;Haute-Garonne;65 ans et plus;Hommes et Femmes;148.0;56.8;;31;76
2024;Occitanie;Haute-Garonne;Tous;Hommes et Femmes;1428.0;95.9;92.1;31;76
2024;Occitanie;Gers;00-17 ans;Hommes;9.0;51.2;;32;76
2024;Occitanie;Gers;25-44 ans;Hommes;37.0;205.3;;32;76
2024;Occitanie;Gers;25-44 ans;Hommes et Femmes;66.0;180.2;;32;76
2024;Nouvelle Aquitaine;Gironde;00-17 ans;Hommes;112.0;65.5;;33;75
2024;Nouvelle Aquitaine;Gironde;18-24 ans;Hommes;193.0;255.8;;33;75
2024;Nouvelle Aquitaine;Gironde;00-17 ans;Femmes;766.0;461.1;;33;75
2024;Nouvelle Aquitaine;Gironde;18-24 ans;Femmes;478.0;631.7;;33;75
2024;Nouvelle Aquitaine;Gironde;45-64 ans;Femmes;350.0;158.7;;33;75
2024;Nouvelle Aquitaine;Gironde;65 ans et plus;Femmes;167.0;84.1;;33;75
2024;Occitanie;Hérault;45-64 ans;Hommes;152.0;104.2;;34;76
2024;Occitanie;Hérault;65 ans et plus;Hommes;54.0;43.9;;34;76
2024;Occitanie;Hérault;18-24 ans;Femmes;194.0;332.4;;34;76
2024;Occitanie;Hérault;45-64 ans;Hommes et Femmes;375.0;123.0;;34;76
2024;Occitanie;Hérault;Tous;Hommes et Femmes;1343.0;108.2;107.3;34;76
2024;Bretagne;Ille-et-Vilaine;25-44 ans;Hommes;277.0;193.7;;35;53
2024;Bretagne;Ille-et-Vilaine;Tous;Hommes;711.0;129.1;127.0;35;53
2024;Bretagne;Ille-et-Vilaine;25-44 ans;Femmes;322.0;224.7;;35;53
2024;Bretagne;Ille-et-Vilaine;00-17 ans;Hommes et Femmes;265.0;109.1;;35;53
2024;Bretagne;Ille-et-Vilaine;65 ans et plus;Hommes et Femmes;212.0;99.0;;35;53
2024;Centre-Val de Loire;Indre;00-17 ans;Hommes;7.0;36.0;;36;24
2024;Centre-Val de Loire;Indre;18-24 ans;Hommes;15.0;216.9;;36;24
2024;Centre-Val de Loire;Indre;25-44 ans;Hommes;40.0;195.4;;36;24
2024;Centre-Val de Loire;Indre;45-64 ans;Hommes;32.0;111.3;;36;24
2024;Centre-Val de Loire;Indre;Tous;Hommes;110.0;106.1;114.0;36;24
2024;Centre-Val de Loire;Indre;Tous;Femmes;141.0;127.2;139.4;36;24
2024;Centre-Val de Loire;Indre;00-17 ans;Hommes et Femmes;34.0;89.8;;36;24
2024;Centre-Val de Loire;Indre;65 ans et plus;Hommes et Femmes;38.0;59.8;;36;24
2024;Centre-Val de Loire;Indre-et-Loire;18-24 ans;Hommes;72.0;271.1;;37;24
2024;Centre-Val de Loire;Indre-et-Loire;25-44 ans;Hommes;124.0;174.5;;37;24
2024;Centre-Val de Loire;Indre-et-Loire;Tous;Hommes;322.0;108.2;108.6;37;24
2024;Centre-Val de Loire;Indre-et-Loire;65 ans et plus;Femmes;58.0;71.2;;37;24
2024;Centre-Val de Loire;Indre-et-Loire;Tous;Femmes;629.0;195.6;196.1;37;24
2024;Centre-Val de Loire;Indre-et-Loire;00-17 ans;Hommes et Femmes;188.0;153.6;;37;24
2024;Centre-Val de Loire;Indre-et-Loire;Tous;Hommes et Femmes;951.0;153.6;153.7;37;24
2024;Auvergne et Rhône-Alpes;Isère;25-44 ans;Hommes;244.0;153.5;;38;84
2024;Auvergne et Rhône-Alpes;Isère;45-64 ans;Femmes;272.0;163.7;;38;84
2024;Auvergne et Rhône-Alpes;Isère;18-24 ans;Hommes et Femmes;414.0;372.3;;38;84
2024;Auvergne et Rhône-Alpes;Isère;65 ans et plus;Hommes et Femmes;214.0;82.8;;38;84
2024;Auvergne et Rhône-Alpes;Isère;Tous;Hommes et Femmes;2059.0;158.0;156.8;38;84
2024;Bourgogne et Franche-Comté;Jura;25-44 ans;Hommes;53.0;188.0;;39;27
2024;Bourgogne et Franche-Comté;Jura;45-64 ans;Hommes;46.0;135.0;;39;27
2024;Bourgogne et Franche-Comté;Jura;65 ans et plus;Femmes;15.0;41.8;;39;27
2024;Bourgogne et Franche-Comté;Jura;25-44 ans;Hommes et Femmes;116.0;206.8;;39;27
2024;Bourgogne et Franche-Comté;Jura;45-64 ans;Hommes et Femmes;117.0;169.3;;39;27
2024;Bourgogne et Franche-Comté;Jura;65 ans et plus;Hommes et Femmes;29.0;44.7;;39;27
2024;Bourgogne et Franche-Comté;Jura;Tous;Hommes et Femmes;415.0;161.1;170.3;39;27
2024;Nouvelle Aquitaine;Landes;00-17 ans;Hommes;15.0;36.7;;40;75
2024;Nouvelle Aquitaine;Landes;45-64 ans;Femmes;76.0;122.8;;40;75
2024;Nouvelle Aquitaine;Landes;Tous;Hommes et Femmes;510.0;116.7;126.7;40;75
2024;Centre-Val de Loire;Loir-et-Cher;00-17 ans;Hommes;24.0;72.5;;41;24
2024;Centre-Val de Loire;Loir-et-Cher;18-24 ans;Hommes;22.0;196.0;;41;24
2024;Centre-Val de Loire;Loir-et-Cher;25-44 ans;Hommes;51.0;151.0;;41;24
2024;Centre-Val de Loire;Loir-et-Cher;65 ans et plus;Hommes;23.0;60.0;;41;24
2024;Centre-Val de Loire;Loir-et-Cher;Tous;Hommes;168.0;105.4;110.2;41;24
2024;Centre-Val de Loire;Loir-et-Cher;00-17 ans;Femmes;144.0;462.4;;41;24
2024;Centre-Val de Loire;Loir-et-Cher;25-44 ans;Femmes;45.0;130.4;;41;24
2024;Centre-Val de Loire;Loir-et-Cher;65 ans et plus;Femmes;49.0;100.6;;41;24
2024;Centre-Val de Loire;Loir-et-Cher;00-17 ans;Hommes et Femmes;168.0;261.5;;41;24
2024;Centre-Val de Loire;Loir-et-Cher;45-64 ans;Hommes et Femmes;97.0;111.0;;41;24
2024;Auvergne et Rhône-Alpes;Loire;65 ans et plus;Hommes;42.0;53.8;;42;84
2024;Auvergne et Rhône-Alpes;Loire;00-17 ans;Femmes;205.0;256.6;;42;84
2024;Auvergne et Rhône-Alpes;Loire;65 ans et plus;Femmes;81.0;78.3;;42;84
2024;Auvergne et Rhône-Alpes;Loire;18-24 ans;Hommes et Femmes;215.0;337.0;;42;84
2024;Auvergne et Rhône-Alpes;Loire;25-44 ans;Hommes et Femmes;413.0;237.6;;42;84
2024;Auvergne et Rhône-Alpes;Loire;Tous;Hommes et Femmes;1288.0;166.1;170.0;42;84
2024;Auvergne et Rhône-Alpes;Haute-Loire;00-17 ans;Hommes;9.0;39.2;;43;84
2024;Auvergne et Rhône-Alpes;Haute-Loire;45-64 ans;Hommes;49.0;157.2;;43;84
2024;Auvergne et Rhône-Alpes;Haute-Loire;00-17 ans;Femmes;61.0;286.7;;43;84
2024;Auvergne et Rhône-Alpes;Haute-Loire;25-44 ans;Femmes;55.0;234.9;;43;84
2024;Auvergne et Rhône-Alpes;Haute-Loire;65 ans et plus;Femmes;30.0;91.2;;43;84
2024;Auvergne et Rhône-Alpes;Haute-Loire;18-24 ans;Hommes et Femmes;77.0;516.7;;43;84
2024;Auvergne et Rhône-Alpes;Haute-Loire;65 ans et plus;Hommes et Femmes;48.0;80.7;;43;84
2024;Pays de la Loire;Loire-Atlantique;00-17 ans;Hommes;47.0;28.4;;44;52
2024;Pays de la Loire;Loire-Atlantique;00-17 ans;Femmes;389.0;248.1;;44;52
2024;Pays de la Loire;Loire-Atlantique;18-24 ans;Femmes;182.0;290.8;;44;52
2024;Pays de la Loire;Loire-Atlantique;25-44 ans;Femmes;214.0;111.1;;44;52
2024;Pays de la Loire;Loire-Atlantique;Tous;Femmes;1114.0;145.4;143.3;44;52
2024;Pays de la Loire;Loire-Atlantique;00-17 ans;Hommes et Femmes;436.0;135.3;;44;52
2024;Pays de la Loire;Loire-Atlantique;45-64 ans;Hommes et Femmes;378.0;102.9;;44;52
2024;Centre-Val de Loire;Loiret;25-44 ans;Hommes;156.0;196.8;;45;24
2024;Centre-Val de Loire;Loiret;Tous;Hommes;384.0;113.9;115.9;45;24
2024;Centre-Val de Loire;Loiret;45-64 ans;Femmes;145.0;164.7;;45;24
2024;Centre-Val de Loire;Loiret;18-24 ans;Hommes et Femmes;191.0;345.2;;45;24
2024;Centre-Val de Loire;Loiret;25-44 ans;Hommes et Femmes;288.0;178.6;;45;24
2024;Centre-Val de Loire;Loiret;45-64 ans;Hommes et Femmes;261.0;150.9;;45;24
2024;Centre-Val de Loire;Loiret;65 ans et plus;Hommes et Femmes;123.0;83.0;;45;24
2024;Occitanie;Lot;00-17 ans;Hommes;6.0;41.0;;46;76
2024;Occitanie;Lot;18-24 ans;Hommes;15.0;289.6;;46;76
2024;Occitanie;Lot;25-44 ans;Hommes;42.0;259.5;;46;76
2024;Occitanie;Lot;25-44 ans;Femmes;44.0;268.0;;46;76
2024;Occitanie;Lot;45-64 ans;Femmes;41.0;164.4;;46;76
2024;Occitanie;Lot;65 ans et plus;Femmes;20.0;64.3;;46;76
2024;Occitanie;Lot;Tous;Femmes;191.0;211.0;263.5;46;76
2024;Occitanie;Lot;65 ans et plus;Hommes et Femmes;33.0;58.1;;46;76
2024;Nouvelle Aquitaine;Lot-et-Garonne;25-44 ans;Hommes;61.0;181.6;;47;75
2024;Nouvelle Aquitaine;Lot-et-Garonne;Tous;Hommes;157.0;97.8;104.5;47;75
2024;Nouvelle Aquitaine;Lot-et-Garonne;18-24 ans;Femmes;60.0;601.0;;47;75
2024;Nouvelle Aquitaine;Lot-et-Garonne;00-17 ans;Hommes et Femmes;115.0;182.4;;47;75
2024;Nouvelle Aquitaine;Lot-et-Garonne;18-24 ans;Hommes et Femmes;88.0;418.6;;47;75
2024;Nouvelle Aquitaine;Lot-et-Garonne;45-64 ans;Hommes et Femmes;130.0;148.5;;47;75
2024;Occitanie;Lozère;25-44 ans;Hommes;8.0;102.1;;48;76
2024;Occitanie;Lozère;Tous;Hommes;27.0;70.5;71.8;48;76
2024;Occitanie;Lozère;Tous;Femmes;45.5;119.0;136.4;48;76
2024;Occitanie;Lozère;45-64 ans;Hommes et Femmes;22.0;104.6;;48;76
2024;Occitanie;Lozère;65 ans et plus;Hommes et Femmes;6.0;28.6;;48;76
2024;Pays de la Loire;Maine-et-Loire;Tous;Hommes;354.0;87.4;87.9;49;52
2024;Pays de la Loire;Maine-et-Loire;18-24 ans;Femmes;125.0;330.7;;49;52
2024;Pays de la Loire;Maine-et-Loire;Tous;Femmes;609.0;142.3;139.0;49;52
2024;Pays de la Loire;Maine-et-Loire;18-24 ans;Hommes et Femmes;169.0;222.1;;49;52
2024;Pays de la Loire;Maine-et-Loire;25-44 ans;Hommes et Femmes;243.0;125.4;;49;52
2024;Pays de la Loire;Maine-et-Loire;45-64 ans;Hommes et Femmes;197.0;96.0;;49;52
2024;Pays de la Loire;Maine-et-Loire;Tous;Hommes et Femmes;963.0;115.6;114.3;49;52
2024;Normandie;Manche;25-44 ans;Hommes;156.0;291.4;;50;28
2024;Normandie;Manche;18-24 ans;Femmes;98.0;671.1;;50;28
2024;Normandie;Manche;25-44 ans;Femmes;174.0;334.8;;50;28
2024;Normandie;Manche;65 ans et plus;Femmes;84.0;112.9;;50;28
2024;Normandie;Manche;25-44 ans;Hommes et Femmes;330.0;312.8;;50;28
2024;Grand Est;Marne;00-17 ans;Hommes;21.0;36.5;;51;44
2024;Grand Est;Marne;18-24 ans;Hommes;33.0;126.4;;51;44
2024;Grand Est;Marne;25-44 ans;Hommes;97.0;145.1;;51;44
2024;Grand Est;Marne;00-17 ans;Femmes;167.0;297.7;;51;44
2024;Grand Est;Marne;65 ans et plus;Femmes;57.0;81.8;;51;44
2024;Grand Est;Marne;Tous;Femmes;551.0;189.7;189.2;51;44
2024;Grand Est;Marne;00-17 ans;Hommes et Femmes;188.0;165.4;;51;44
2024;Grand Est;Haute-Marne;00-17 ans;Hommes;2.5;15.7;;52;44
2024;Grand Est;Haute-Marne;45-64 ans;Hommes;41.0;187.0;;52;44
2024;Grand Est;Haute-Marne;65 ans et plus;Hommes;10.0;49.5;;52;44
2024;Grand Est;Haute-Marne;Tous;Hommes;133.5;161.1;169.8;52;44
2024;Grand Est;Haute-Marne;65 ans et plus;Femmes;25.0;98.1;;52;44
2024;Grand Est;Haute-Marne;Tous;Femmes;240.0;281.8;305.7;52;44
2024;Grand Est;Haute-Marne;18-24 ans;Hommes et Femmes;52.0;445.3;;52;44
2024;Grand Est;Haute-Marne;45-64 ans;Hommes et Femmes;103.0;233.4;;52;44
2024;Pays de la Loire;Mayenne;00-17 ans;Hommes;47.0;142.0;;53;52
2024;Pays de la Loire;Mayenne;25-44 ans;Hommes;73.0;219.9;;53;52
2024;Pays de la Loire;Mayenne;45-64 ans;Hommes;44.0;111.2;;53;52
2024;Pays de la Loire;Mayenne;00-17 ans;Femmes;196.0;621.1;;53;52
2024;Pays de la Loire;Mayenne;18-24 ans;Femmes;56.0;530.2;;53;52
2024;Pays de la Loire;Mayenne;18-24 ans;Hommes et Femmes;88.0;382.6;;53;52
2024;Pays de la Loire;Mayenne;25-44 ans;Hommes et Femmes;131.0;199.7;;53;52
2024;Pays de la Loire;Mayenne;65 ans et plus;Hommes et Femmes;50.0;69.5;;53;52
2024;Pays de la Loire;Mayenne;Tous;Hommes et Femmes;637.0;209.6;214.6;53;52
2024;Grand Est;Meurthe-et-Moselle;18-24 ans;Hommes;58.0;162.1;;54;44
2024;Grand Est;Meurthe-et-Moselle;65 ans et plus;Femmes;58.0;66.6;;54;44
2024;Grand Est;Meuse;18-24 ans;Hommes;15.0;218.8;;55;44
2024;Grand Est;Meuse;25-44 ans;Hommes;49.0;249.8;;55;44
2024;Grand Est;Meuse;45-64 ans;Hommes;37.0;156.0;;55;44
2024;Grand Est;Meuse;65 ans et plus;Hommes;7.0;34.3;;55;44
2024;Grand Est;Meuse;18-24 ans;Femmes;33.0;623.8;;55;44
2024;Grand Est;Meuse;45-64 ans;Femmes;52.0;217.6;;55;44
2024;Grand Est;Meuse;45-64 ans;Hommes et Femmes;89.0;186.9;;55;44
2024;Grand Est;Meuse;Tous;Hommes et Femmes;300.0;168.3;179.3;55;44
2024;Bretagne;Morbihan;18-24 ans;Hommes;40.0;141.6;;56;53
2024;Bretagne;Morbihan;45-64 ans;Hommes;141.0;136.8;;56;53
2024;Bretagne;Morbihan;Tous;Hommes;453.0;118.7;123.8;56;53
2024;Bretagne;Morbihan;18-24 ans;Femmes;133.0;559.9;;56;53
2024;Bretagne;Morbihan;18-24 ans;Hommes et Femmes;173.0;332.6;;56;53
2024;Bretagne;Morbihan;25-44 ans;Hommes et Femmes;344.0;211.8;;56;53
2024;Grand Est;Moselle;00-17 ans;Hommes;48.0;45.4;;57;44
2024;Grand Est;Moselle;25-44 ans;Hommes;153.0;116.2;;57;44
2024;Grand Est;Moselle;65 ans et plus;Hommes;53.0;53.7;;57;44
2024;Grand Est;Moselle;25-44 ans;Femmes;153.0;117.8;;57;44
2024;Grand Est;Moselle;65 ans et plus;Femmes;99.0;77.5;;57;44
2024;Grand Est;Moselle;Tous;Femmes;823.0;153.5;157.8;57;44
2024;Grand Est;Moselle;18-24 ans;Hommes et Femmes;189.0;242.7;;57;44
2024;Bourgogne et Franche-Comté;Nièvre;18-24 ans;Hommes;17.0;246.3;;58;27
2024;Bourgogne et Franche-Comté;Nièvre;18-24 ans;Femmes;47.0;818.5;;58;27
2024;Bourgogne et Franche-Comté;Nièvre;25-44 ans;Femmes;59.0;308.0;;58;27
2024;Bourgogne et Franche-Comté;Nièvre;45-64 ans;Femmes;58.0;214.0;;58;27
2024;Bourgogne et Franche-Comté;Nièvre;65 ans et plus;Femmes;15.0;42.7;;58;27
2024;Bourgogne et Franche-Comté;Nièvre;Tous;Hommes et Femmes;420.0;209.4;241.7;58;27
2024;Hauts-de-France;Nord;45-64 ans;Hommes et Femmes;1762.0;278.7;;59;32
2024;Hauts-de-France;Oise;00-17 ans;Hommes;55.0;55.8;;60;32
2024;Hauts-de-France;Oise;45-64 ans;Hommes;134.0;125.0;;60;32
2024;Hauts-de-France;Oise;45-64 ans;Femmes;164.0;151.5;;60;32
2024;Hauts-de-France;Oise;Tous;Femmes;849.0;200.6;193.7;60;32
2024;Hauts-de-France;Oise;25-44 ans;Hommes et Femmes;276.0;137.0;;60;32
2024;Hauts-de-France;Oise;65 ans et plus;Hommes et Femmes;113.0;73.2;;60;32
2024;Normandie;Orne;18-24 ans;Femmes;71.0;833.2;;61;28
2024;Normandie;Orne;65 ans et plus;Femmes;41.0;95.8;;61;28
2024;Normandie;Orne;Tous;Femmes;413.0;296.0;327.6;61;28
2024;Normandie;Orne;25-44 ans;Hommes et Femmes;168.0;307.7;;61;28
2024;Normandie;Orne;45-64 ans;Hommes et Femmes;117.0;162.1;;61;28
2024;Hauts-de-France;Pas-de-Calais;65 ans et plus;Hommes;97.0;76.2;;62;32
2024;Hauts-de-France;Pas-de-Calais;00-17 ans;Femmes;526.0;337.1;;62;32
2024;Hauts-de-France;Pas-de-Calais;18-24 ans;Femmes;357.0;641.0;;62;32
2024;Hauts-de-France;Pas-de-Calais;25-44 ans;Femmes;460.0;266.5;;62;32
2024;Hauts-de-France;Pas-de-Calais;45-64 ans;Femmes;510.0;271.3;;62;32
2024;Hauts-de-France;Pas-de-Calais;25-44 ans;Hommes et Femmes;927.0;270.2;;62;32
2024;Hauts-de-France;Pas-de-Calais;65 ans et plus;Hommes et Femmes;276.0;91.1;;62;32
2024;Auvergne et Rhône-Alpes;Puy-de-Dôme;18-24 ans;Hommes;64.0;215.0;;63;84
2024;Auvergne et Rhône-Alpes;Puy-de-Dôme;00-17 ans;Hommes et Femmes;146.0;114.6;;63;84
2024;Auvergne et Rhône-Alpes;Puy-de-Dôme;25-44 ans;Hommes et Femmes;332.0;213.3;;63;84
2024;Nouvelle Aquitaine;Pyrénées-Atlantiques;00-17 ans;Hommes;7.0;10.6;;64;75
2024;Nouvelle Aquitaine;Pyrénées-Atlantiques;18-24 ans;Hommes;12.0;46.5;;64;75
2024;Nouvelle Aquitaine;Pyrénées-Atlantiques;18-24 ans;Femmes;40.0;171.4;;64;75
2024;Nouvelle Aquitaine;Pyrénées-Atlantiques;18-24 ans;Hommes et Femmes;52.0;105.8;;64;75
2024;Nouvelle Aquitaine;Pyrénées-Atlantiques;45-64 ans;Hommes et Femmes;99.0;52.0;;64;75
2024;Nouvelle Aquitaine;Pyrénées-Atlantiques;65 ans et plus;Hommes et Femmes;50.0;27.4;;64;75
2024;Nouvelle Aquitaine;Pyrénées-Atlantiques;Tous;Hommes et Femmes;385.0;54.3;57.0;64;75
2024;Occitanie;Hautes-Pyrénées;00-17 ans;Femmes;54.0;279.9;;65;76
2024;Occitanie;Hautes-Pyrénées;45-64 ans;Femmes;54.0;166.6;;65;76
2024;Occitanie;Hautes-Pyrénées;Tous;Hommes et Femmes;350.0;150.8;164.6;65;76
2024;Occitanie;Pyrénées-Orientales;00-17 ans;Hommes;22.0;44.9;;66;76
2024;Occitanie;Pyrénées-Orientales;18-24 ans;Femmes;51.0;319.2;;66;76
2024;Occitanie;Pyrénées-Orientales;25-44 ans;Femmes;84.0;156.7;;66;76
2024;Occitanie;Pyrénées-Orientales;00-17 ans;Hommes et Femmes;178.0;186.1;;66;76
2024;Occitanie;Pyrénées-Orientales;Tous;Hommes et Femmes;603.0;120.6;127.7;66;76
2024;Grand Est;Bas-Rhin;00-17 ans;Hommes;46.0;39.3;;67;44
2024;Grand Est;Bas-Rhin;45-64 ans;Femmes;133.0;87.3;;67;44
2024;Grand Est;Bas-Rhin;45-64 ans;Hommes et Femmes;243.0;80.7;;67;44
2024;Grand Est;Haut-Rhin;18-24 ans;Hommes;12.0;40.3;;68;44
2024;Grand Est;Haut-Rhin;25-44 ans;Femmes;46.0;50.3;;68;44
2024;Auvergne et Rhône-Alpes;Rhône;65 ans et plus;Hommes;64.0;44.1;;69;84
2024;Auvergne et Rhône-Alpes;Rhône;18-24 ans;Femmes;395.0;387.8;;69;84
2024;Auvergne et Rhône-Alpes;Rhône;25-44 ans;Femmes;299.0;111.3;;69;84
2024;Auvergne et Rhône-Alpes;Rhône;45-64 ans;Femmes;227.0;100.4;;69;84
2024;Auvergne et Rhône-Alpes;Rhône;65 ans et plus;Femmes;121.0;61.3;;69;84
2024;Auvergne et Rhône-Alpes;Rhône;00-17 ans;Hommes et Femmes;457.0;110.7;;69;84
2024;Auvergne et Rhône-Alpes;Rhône;25-44 ans;Hommes et Femmes;581.0;110.5;;69;84
2024;Bourgogne et Franche-Comté;Haute-Saône;18-24 ans;Hommes;13.0;157.5;;70;27
2024;Bourgogne et Franche-Comté;Haute-Saône;45-64 ans;Hommes;39.0;123.0;;70;27
2024;Bourgogne et Franche-Comté;Haute-Saône;Tous;Hommes;117.0;102.0;106.6;70;27
2024;Bourgogne et Franche-Comté;Haute-Saône;00-17 ans;Femmes;76.0;342.5;;70;27
2024;Bourgogne et Franche-Comté;Haute-Saône;45-64 ans;Femmes;65.0;202.8;;70;27
2024;Bourgogne et Franche-Comté;Haute-Saône;25-44 ans;Hommes et Femmes;77.0;156.8;;70;27
2024;Bourgogne et Franche-Comté;Haute-Saône;Tous;Hommes et Femmes;338.0;145.3;152.5;70;27
2024;Bourgogne et Franche-Comté;Saône-et-Loire;45-64 ans;Hommes;91.0;126.3;;71;27
2024;Bourgogne et Franche-Comté;Saône-et-Loire;65 ans et plus;Hommes;47.0;70.9;;71;27
2024;Bourgogne et Franche-Comté;Saône-et-Loire;00-17 ans;Femmes;307.0;618.5;;71;27
2024;Bourgogne et Franche-Comté;Saône-et-Loire;18-24 ans;Hommes et Femmes;208.0;604.2;;71;27
2024;Bourgogne et Franche-Comté;Saône-et-Loire;25-44 ans;Hommes et Femmes;263.0;234.1;;71;27
2024;Bourgogne et Franche-Comté;Saône-et-Loire;45-64 ans;Hommes et Femmes;255.0;174.9;;71;27
2024;Pays de la Loire;Sarthe;45-64 ans;Hommes;144.0;199.6;;72;52
2024;Pays de la Loire;Sarthe;65 ans et plus;Hommes;63.0;108.2;;72;52
2024;Pays de la Loire;Sarthe;25-44 ans;Femmes;172.0;275.1;;72;52
2024;Pays de la Loire;Sarthe;45-64 ans;Femmes;167.0;227.7;;72;52
2024;Pays de la Loire;Sarthe;Tous;Femmes;834.0;288.6;295.9;72;52
2024;Pays de la Loire;Sarthe;45-64 ans;Hommes et Femmes;311.0;213.8;;72;52
2024;Pays de la Loire;Sarthe;Tous;Hommes et Femmes;1303.0;230.7;236.4;72;52
2024;Auvergne et Rhône-Alpes;Savoie;00-17 ans;Hommes;31.0;66.6;;73;84
2024;Auvergne et Rhône-Alpes;Savoie;Tous;Hommes;250.0;112.9;112.9;73;84
2024;Auvergne et Rhône-Alpes;Savoie;18-24 ans;Femmes;78.0;505.5;;73;84
2024;Auvergne et Rhône-Alpes;Savoie;Tous;Femmes;445.0;194.4;201.4;73;84
2024;Auvergne et Rhône-Alpes;Savoie;18-24 ans;Hommes et Femmes;111.0;335.0;;73;84
2024;Auvergne et Rhône-Alpes;Haute-Savoie;00-17 ans;Hommes;34.0;35.0;;74;84
2024;Auvergne et Rhône-Alpes;Haute-Savoie;00-17 ans;Femmes;215.0;233.9;;74;84
2024;Auvergne et Rhône-Alpes;Haute-Savoie;65 ans et plus;Femmes;67.0;77.0;;74;84
2024;Auvergne et Rhône-Alpes;Haute-Savoie;Tous;Femmes;686.0;156.5;157.7;74;84
2024;Auvergne et Rhône-Alpes;Haute-Savoie;18-24 ans;Hommes et Femmes;174.0;298.9;;74;84
2024;Auvergne et Rhône-Alpes;Haute-Savoie;25-44 ans;Hommes et Femmes;323.0;135.4;;74;84
2024;Auvergne et Rhône-Alpes;Haute-Savoie;65 ans et plus;Hommes et Femmes;99.0;64.0;;74;84
2024;Île-de-France;Paris;18-24 ans;Femmes;260.0;213.0;;75;11
2024;Île-de-France;Paris;45-64 ans;Femmes;139.0;54.9;;75;11
2024;Île-de-France;Paris;00-17 ans;Hommes et Femmes;407.0;128.9;;75;11
2024;Île-de-France;Paris;25-44 ans;Hommes et Femmes;421.0;63.6;;75;11
2024;Normandie;Seine-Maritime;25-44 ans;Hommes;366.0;246.1;;76;28
2024;Normandie;Seine-Maritime;45-64 ans;Hommes;277.0;184.5;;76;28
2024;Normandie;Seine-Maritime;Tous;Hommes;938.0;154.6;155.0;76;28
2024;Normandie;Seine-Maritime;25-44 ans;Hommes et Femmes;728.0;241.6;;76;28
2024;Normandie;Seine-Maritime;Tous;Hommes et Femmes;2706.0;214.7;214.1;76;28
2024;Île-de-France;Seine-et-Marne;25-44 ans;Hommes;143.0;76.9;;77;11
2024;Île-de-France;Seine-et-Marne;65 ans et plus;Hommes;47.0;45.4;;77;11
2024;Île-de-France;Seine-et-Marne;25-44 ans;Femmes;175.0;87.5;;77;11
2024;Île-de-France;Seine-et-Marne;Tous;Femmes;977.0;129.6;123.3;77;11
2024;Île-de-France;Seine-et-Marne;00-17 ans;Hommes et Femmes;463.0;131.0;;77;11
2024;Île-de-France;Seine-et-Marne;45-64 ans;Hommes et Femmes;294.0;79.8;;77;11
2024;Île-de-France;Seine-et-Marne;65 ans et plus;Hommes et Femmes;131.0;55.5;;77;11
2024;Île-de-France;Seine-et-Marne;Tous;Hommes et Femmes;1446.0;98.3;95.0;77;11
2024;Île-de-France;Yvelines;25-44 ans;Hommes;70.0;38.5;;78;11
2024;Île-de-France;Yvelines;00-17 ans;Femmes;414.0;244.0;;78;11
2024;Île-de-France;Yvelines;18-24 ans;Femmes;137.0;227.6;;78;11
2024;Île-de-France;Yvelines;65 ans et plus;Femmes;68.0;46.7;;78;11
2024;Île-de-France;Yvelines;00-17 ans;Hommes et Femmes;445.0;127.6;;78;11
2024;Île-de-France;Yvelines;18-24 ans;Hommes et Femmes;179.0;144.5;;78;11
2024;Nouvelle Aquitaine;Deux-Sèvres;00-17 ans;Hommes;26.0;68.0;;79;75
2024;Nouvelle Aquitaine;Deux-Sèvres;25-44 ans;Hommes;90.0;222.5;;79;75
2024;Nouvelle Aquitaine;Deux-Sèvres;45-64 ans;Hommes;83.0;164.9;;79;75
2024;Nouvelle Aquitaine;Deux-Sèvres;00-17 ans;Femmes;109.0;300.2;;79;75
2024;Nouvelle Aquitaine;Deux-Sèvres;65 ans et plus;Femmes;51.0;98.6;;79;75
2024;Nouvelle Aquitaine;Deux-Sèvres;18-24 ans;Hommes et Femmes;87.0;343.5;;79;75
2024;Hauts-de-France;Somme;00-17 ans;Hommes;59.0;100.9;;80;32
2024;Hauts-de-France;Somme;18-24 ans;Hommes;86.0;333.0;;80;32
2024;Hauts-de-France;Somme;25-44 ans;Femmes;282.0;426.0;;80;32
2024;Hauts-de-France;Somme;00-17 ans;Hommes et Femmes;469.0;411.0;;80;32
2024;Hauts-de-France;Somme;18-24 ans;Hommes et Femmes;319.0;624.2;;80;32
2024;Hauts-de-France;Somme;45-64 ans;Hommes et Femmes;475.0;334.7;;80;32
2024;Hauts-de-France;Somme;65 ans et plus;Hommes et Femmes;148.0;120.8;;80;32
2024;Hauts-de-France;Somme;Tous;Hommes et Femmes;1962.0;349.3;348.9;80;32
2024;Occitanie;Tarn;25-44 ans;Hommes;75.0;185.1;;81;76
2024;Occitanie;Tarn;45-64 ans;Hommes;69.0;132.0;;81;76
2024;Occitanie;Tarn;18-24 ans;Femmes;66.0;530.2;;81;76
2024;Occitanie;Tarn;45-64 ans;Femmes;105.0;191.8;;81;76
2024;Occitanie;Tarn;Tous;Femmes;374.0;181.4;195.2;81;76
2024;Occitanie;Tarn;25-44 ans;Hommes et Femmes;160.0;193.8;;81;76
2024;Occitanie;Tarn;65 ans et plus;Hommes et Femmes;62.0;57.6;;81;76
2024;Occitanie;Tarn;Tous;Hommes et Femmes;581.0;145.4;155.0;81;76
2024;Occitanie;Tarn-et-Garonne;18-24 ans;Hommes;16.0;164.8;;82;76
2024;Occitanie;Tarn-et-Garonne;Tous;Hommes;143.0;109.4;113.7;82;76
2024;Occitanie;Tarn-et-Garonne;45-64 ans;Femmes;56.0;156.6;;82;76
2024;Occitanie;Tarn-et-Garonne;Tous;Femmes;291.0;213.5;224.5;82;76
2024;Occitanie;Tarn-et-Garonne;00-17 ans;Hommes et Femmes;107.0;186.6;;82;76
2024;Occitanie;Tarn-et-Garonne;18-24 ans;Hommes et Femmes;66.0;372.6;;82;76
2024;Occitanie;Tarn-et-Garonne;Tous;Hommes et Femmes;434.0;162.5;170.8;82;76
2024;Provence-Alpes-Côte d'Azur;Var;65 ans et plus;Hommes;82.0;60.2;;83;93
2024;Provence-Alpes-Côte d'Azur;Var;Tous;Hommes;451.0;83.1;85.3;83;93
2024;Provence-Alpes-Côte d'Azur;Var;Tous;Femmes;974.0;166.7;180.6;83;93
2024;Provence-Alpes-Côte d'Azur;Var;00-17 ans;Hommes et Femmes;352.0;173.1;;83;93
2024;Provence-Alpes-Côte d'Azur;Var;18-24 ans;Hommes et Femmes;170.0;234.3;;83;93
2024;Provence-Alpes-Côte d'Azur;Var;Tous;Hommes et Femmes;1425.0;126.5;134.4;83;93
2024;Provence-Alpes-Côte d'Azur;Vaucluse;25-44 ans;Hommes;88.0;142.5;;84;93
2024;Provence-Alpes-Côte d'Azur;Vaucluse;00-17 ans;Femmes;146.0;256.5;;84;93
2024;Provence-Alpes-Côte d'Azur;Vaucluse;45-64 ans;Femmes;107.0;137.9;;84;93
2024;Provence-Alpes-Côte d'Azur;Vaucluse;65 ans et plus;Femmes;61.0;77.9;;84;93
2024;Provence-Alpes-Côte d'Azur;Vaucluse;Tous;Femmes;492.0;165.5;172.1;84;93
2024;Provence-Alpes-Côte d'Azur;Vaucluse;45-64 ans;Hommes et Femmes;187.0;124.9;;84;93
2024;Pays de la Loire;Vendée;25-44 ans;Femmes;174.0;233.1;;85;52
2024;Pays de la Loire;Vendée;18-24 ans;Hommes et Femmes;241.0;510.5;;85;52
2024;Pays de la Loire;Vendée;45-64 ans;Hommes et Femmes;320.0;170.0;;85;52
2024;Pays de la Loire;Vendée;65 ans et plus;Hommes et Femmes;129.0;67.0;;85;52
2024;Nouvelle Aquitaine;Vienne;45-64 ans;Femmes;57.0;102.2;;86;75
2024;Nouvelle Aquitaine;Haute-Vienne;Tous;Hommes;200.0;112.2;114.8;87;75
2024;Nouvelle Aquitaine;Haute-Vienne;18-24 ans;Femmes;84.0;532.8;;87;75
2024;Nouvelle Aquitaine;Haute-Vienne;25-44 ans;Femmes;93.0;230.4;;87;75
2024;Nouvelle Aquitaine;Haute-Vienne;65 ans et plus;Femmes;46.0;82.6;;87;75
2024;Nouvelle Aquitaine;Haute-Vienne;00-17 ans;Hommes et Femmes;138.0;205.7;;87;75
2024;Nouvelle Aquitaine;Haute-Vienne;25-44 ans;Hommes et Femmes;155.0;194.1;;87;75
2024;Grand Est;Vosges;00-17 ans;Hommes;18.0;52.8;;88;44
2024;Grand Est;Vosges;18-24 ans;Hommes;46.0;354.1;;88;44
2024;Grand Est;Vosges;65 ans et plus;Hommes;20.0;48.9;;88;44
2024;Grand Est;Vosges;Tous;Hommes;314.0;181.1;192.3;88;44
2024;Grand Est;Vosges;00-17 ans;Femmes;129.0;403.0;;88;44
2024;Grand Est;Vosges;18-24 ans;Femmes;95.0;865.2;;88;44
2024;Grand Est;Vosges;25-44 ans;Femmes;131.0;354.4;;88;44
2024;Grand Est;Vosges;45-64 ans;Femmes;130.0;267.3;;88;44
2024;Bourgogne et Franche-Comté;Yonne;25-44 ans;Hommes;64.0;183.8;;89;27
2024;Bourgogne et Franche-Comté;Yonne;Tous;Hommes;177.0;109.2;113.3;89;27
2024;Bourgogne et Franche-Comté;Yonne;00-17 ans;Femmes;127.0;392.3;;89;27
2024;Bourgogne et Franche-Comté;Yonne;25-44 ans;Femmes;63.0;180.5;;89;27
2024;Bourgogne et Franche-Comté;Yonne;Tous;Femmes;340.0;200.4;214.7;89;27
2024;Bourgogne et Franche-Comté;Yonne;18-24 ans;Hommes et Femmes;58.0;281.4;;89;27
2024;Bourgogne et Franche-Comté;Yonne;Tous;Hommes et Femmes;517.0;155.8;165.6;89;27
2024;Bourgogne et Franche-Comté;Territoire de Belfort;Tous;Hommes;58.0;84.0;82.8;90;27
2024;Bourgogne et Franche-Comté;Territoire de Belfort;00-17 ans;Femmes;38.0;268.7;;90;27
2024;Bourgogne et Franche-Comté;Territoire de Belfort;18-24 ans;Femmes;16.0;324.1;;90;27
2024;Île-de-France;Essonne;45-64 ans;Hommes;104.0;63.3;;91;11
2024;Île-de-France;Essonne;Tous;Hommes;418.0;63.6;63.0;91;11
2024;Île-de-France;Essonne;00-17 ans;Hommes et Femmes;419.0;130.9;;91;11
2024;Île-de-France;Hauts-de-Seine;00-17 ans;Hommes;49.0;27.5;;92;11
2024;Île-de-France;Hauts-de-Seine;25-44 ans;Hommes;162.0;69.2;;92;11
2024;Île-de-France;Hauts-de-Seine;45-64 ans;Hommes;171.0;86.7;;92;11
2024;Île-de-France;Hauts-de-Seine;18-24 ans;Femmes;160.0;212.2;;92;11
2024;Île-de-France;Hauts-de-Seine;45-64 ans;Femmes;152.0;70.6;;92;11
2024;Île-de-France;Hauts-de-Seine;65 ans et plus;Femmes;95.0;60.7;;92;11
2024;Île-de-France;Hauts-de-Seine;18-24 ans;Hommes et Femmes;247.0;165.7;;92;11
2024;Île-de-France;Hauts-de-Seine;25-44 ans;Hommes et Femmes;331.0;68.5;;92;11
2024;Île-de-France;Hauts-de-Seine;45-64 ans;Hommes et Femmes;323.0;78.3;;92;11
2024;Île-de-France;Hauts-de-Seine;65 ans et plus;Hommes et Femmes;155.0;58.2;;92;11
2024;Île-de-France;Hauts-de-Seine;Tous;Hommes et Femmes;1498.0;90.3;89.0;92;11
2024;Île-de-France;Seine-Saint-Denis;00-17 ans;Femmes;221.0;107.6;;93;11
2024;Île-de-France;Seine-Saint-Denis;65 ans et plus;Femmes;41.0;33.1;;93;11
2024;Île-de-France;Seine-Saint-Denis;65 ans et plus;Hommes et Femmes;72.0;31.7;;93;11
2024;Île-de-France;Val-de-Marne;00-17 ans;Hommes;105.0;66.7;;94;11
2024;Île-de-France;Val-de-Marne;45-64 ans;Hommes;123.0;73.0;;94;11
2024;Île-de-France;Val-de-Marne;Tous;Hommes;491.0;71.6;70.6;94;11
2024;Île-de-France;Val-de-Marne;00-17 ans;Femmes;251.0;165.4;;94;11
2024;Île-de-France;Val-de-Marne;18-24 ans;Femmes;250.0;369.7;;94;11
2024;Île-de-France;Val-de-Marne;25-44 ans;Femmes;194.0;93.4;;94;11
2024;Île-de-France;Val-de-Marne;18-24 ans;Hommes et Femmes;327.0;243.1;;94;11
2024;Île-de-France;Val-de-Marne;25-44 ans;Hommes et Femmes;325.0;80.5;;94;11
2024;Île-de-France;Val-d'Oise;25-44 ans;Hommes;78.0;47.0;;95;11
2024;Île-de-France;Val-d'Oise;65 ans et plus;Hommes;22.0;26.2;;95;11
2024;Île-de-France;Val-d'Oise;Tous;Hommes;264.0;42.2;41.0;95;11
2024;Île-de-France;Val-d'Oise;18-24 ans;Femmes;99.0;174.1;;95;11
2024;Île-de-France;Val-d'Oise;45-64 ans;Femmes;85.0;53.8;;95;11
2024;Île-de-France;Val-d'Oise;Tous;Femmes;604.0;91.9;86.1;95;11
2024;Île-de-France;Val-d'Oise;00-17 ans;Hommes et Femmes;338.0;105.5;;95;11
2024;Guadeloupe;Guadeloupe;00-17 ans;Hommes;10.0;25.5;;971;01
2024;Guadeloupe;Guadeloupe;18-24 ans;Hommes;2.5;17.9;;971;01
2024;Guadeloupe;Guadeloupe;25-44 ans;Hommes;15.0;48.7;;971;01
2024;Guadeloupe;Guadeloupe;18-24 ans;Femmes;12.0;88.6;;971;01
2024;Guadeloupe;Guadeloupe;Tous;Femmes;61.0;29.4;31.3;971;01
2024;Guadeloupe;Guadeloupe;00-17 ans;Hommes et Femmes;35.0;45.7;;971;01
2024;Guadeloupe;Guadeloupe;18-24 ans;Hommes et Femmes;14.5;52.6;;971;01
2024;Martinique;Martinique;65 ans et plus;Hommes;12.0;31.2;;972;02
2024;Martinique;Martinique;18-24 ans;Femmes;16.0;139.6;;972;02
2024;Martinique;Martinique;Tous;Femmes;114.0;58.5;65.1;972;02
2024;Martinique;Martinique;18-24 ans;Hommes et Femmes;18.5;79.9;;972;02
2024;Martinique;Martinique;45-64 ans;Hommes et Femmes;33.0;30.1;;972;02
2024;Guyane;Guyane;18-24 ans;Hommes;15.0;103.6;;973;03
2024;Guyane;Guyane;25-44 ans;Hommes;17.0;48.0;;973;03
2024;Guyane;Guyane;65 ans et plus;Hommes;2.5;24.9;;973;03
2024;Guyane;Guyane;45-64 ans;Hommes et Femmes;15.0;27.0;;973;03
2024;Guyane;Guyane;Tous;Hommes et Femmes;171.5;58.8;53.5;973;03
2024;Réunion;Réunion;Tous;Hommes;447.0;105.3;107.1;974;04
2024;Réunion;Réunion;18-24 ans;Femmes;128.0;345.0;;974;04
2024;Réunion;Réunion;45-64 ans;Femmes;151.0;120.1;;974;04
2024;Réunion;Réunion;65 ans et plus;Femmes;26.0;35.0;;974;04
2024;Réunion;Réunion;00-17 ans;Hommes et Femmes;486.0;211.7;;974;04
2024;Réunion;Réunion;45-64 ans;Hommes et Femmes;267.0;110.5;;974;04
2024;Réunion;Réunion;Tous;Hommes et Femmes;1378.0;154.5;144.9;974;04
2024;Mayotte;Mayotte;00-17 ans;Hommes;0.0;0.0;;976;06
2024;Mayotte;Mayotte;65 ans et plus;Hommes;0.0;0.0;;976;06
2024;Mayotte;Mayotte;Tous;Hommes;5.0;3.3;5.4;976;06
2024;Mayotte;Mayotte;00-17 ans;Femmes;2.5;3.1;;976;06
2024;Mayotte;Mayotte;25-44 ans;Hommes et Femmes;5.0;6.1;;976;06
2024;Mayotte;Mayotte;45-64 ans;Hommes et Femmes;2.5;6.8;;976;06
2024;Mayotte;Mayotte;65 ans et plus;Hommes et Femmes;0.0;0.0;;976;06
2024;Saint-Barthélemy;Saint-Barthélemy;00-17 ans;Hommes;0.0;;;977;977
2024;Saint-Barthélemy;Saint-Barthélemy;25-44 ans;Hommes;2.5;;;977;977
2024;Saint-Barthélemy;Saint-Barthélemy;18-24 ans;Hommes et Femmes;2.5;;;977;977
2024;Saint-Barthélemy;Saint-Barthélemy;Tous;Hommes et Femmes;15.0;;;977;977
2024;Auvergne et Rhône-Alpes;Ain;18-24 ans;Hommes;36.0;148.1;;01;84
2024;Auvergne et Rhône-Alpes;Ain;Tous;Hommes;282.0;83.7;85.1;01;84
2024;Auvergne et Rhône-Alpes;Ain;18-24 ans;Femmes;86.0;395.0;;01;84
2024;Hauts-de-France;Aisne;18-24 ans;Hommes;50.0;243.1;;02;32
2024;Hauts-de-France;Aisne;45-64 ans;Hommes;135.0;203.4;;02;32
2024;Hauts-de-France;Aisne;Tous;Hommes;436.0;171.1;174.7;02;32
2024;Hauts-de-France;Aisne;00-17 ans;Femmes;279.0;505.0;;02;32
2024;Hauts-de-France;Aisne;18-24 ans;Femmes;145.0;794.2;;02;32
2024;Hauts-de-France;Aisne;18-24 ans;Hommes et Femmes;195.0;502.2;;02;32
2024;Hauts-de-France;Aisne;25-44 ans;Hommes et Femmes;365.0;308.5;;02;32
2024;Auvergne et Rhône-Alpes;Allier;00-17 ans;Hommes;14.0;45.8;;03;84
2024;Auvergne et Rhône-Alpes;Allier;25-44 ans;Hommes;39.0;118.0;;03;84
2024;Auvergne et Rhône-Alpes;Allier;25-44 ans;Femmes;43.0;130.6;;03;84
2024;Auvergne et Rhône-Alpes;Allier;65 ans et plus;Femmes;19.0;34.5;;03;84
2024;Auvergne et Rhône-Alpes;Allier;Tous;Femmes;224.0;129.9;146.5;03;84
2024;Auvergne et Rhône-Alpes;Allier;45-64 ans;Hommes et Femmes;79.0;89.0;;03;84
2024;Auvergne et Rhône-Alpes;Allier;65 ans et plus;Hommes et Femmes;41.0;42.3;;03;84
2024;Provence-Alpes-Côte d'Azur;Alpes-de-Haute-Provence;00-17 ans;Hommes;5.0;31.4;;04;93
2024;Provence-Alpes-Côte d'Azur;Alpes-de-Haute-Provence;Tous;Hommes;96.0;117.2;121.9;04;93
2024;Provence-Alpes-Côte d'Azur;Alpes-de-Haute-Provence;25-44 ans;Femmes;36.0;209.2;;04;93
2024;Provence-Alpes-Côte d'Azur;Alpes-de-Haute-Provence;45-64 ans;Femmes;36.0;149.2;;04;93
2024;Provence-Alpes-Côte d'Azur;Alpes-de-Haute-Provence;65 ans et plus;Femmes;40.0;154.9;;04;93
2024;Provence-Alpes-Côte d'Azur;Alpes-de-Haute-Provence;Tous;Femmes;167.0;192.0;205.3;04;93
2024;Provence-Alpes-Côte d'Azur;Alpes-de-Haute-Provence;00-17 ans;Hommes et Femmes;35.0;112.3;;04;93
2024;Provence-Alpes-Côte d'Azur;Hautes-Alpes;00-17 ans;Hommes;6.0;46.2;;05;93
2024;Provence-Alpes-Côte d'Azur;Hautes-Alpes;18-24 ans;Hommes;13.0;285.0;;05;93
2024;Provence-Alpes-Côte d'Azur;Hautes-Alpes;25-44 ans;Hommes;34.0;227.4;;05;93
2024;Provence-Alpes-Côte d'Azur;Hautes-Alpes;Tous;Hommes;91.0;131.2;139.6;05;93
2024;Provence-Alpes-Côte d'Azur;Hautes-Alpes;25-44 ans;Femmes;37.0;239.9;;05;93
2024;Provence-Alpes-Côte d'Azur;Hautes-Alpes;00-17 ans;Hommes et Femmes;66.0;262.0;;05;93
2024;Provence-Alpes-Côte d'Azur;Hautes-Alpes;18-24 ans;Hommes et Femmes;43.0;529.4;;05;93
2024;Provence-Alpes-Côte d'Azur;Hautes-Alpes;25-44 ans;Hommes et Femmes;71.0;233.7;;05;93
2024;Provence-Alpes-Côte d'Azur;Alpes-Maritimes;18-24 ans;Hommes;81.0;194.1;;06;93
2024;Provence-Alpes-Côte d'Azur;Alpes-Maritimes;65 ans et plus;Hommes;96.0;79.9;;06;93
2024;Provence-Alpes-Côte d'Azur;Alpes-Maritimes;45-64 ans;Femmes;209.0;136.2;;06;93
2024;Provence-Alpes-Côte d'Azur;Alpes-Maritimes;65 ans et plus;Femmes;166.0;100.6;;06;93
2024;Provence-Alpes-Côte d'Azur;Alpes-Maritimes;18-24 ans;Hommes et Femmes;239.0;291.6;;06;93
2024;Provence-Alpes-Côte d'Azur;Alpes-Maritimes;65 ans et plus;Hommes et Femmes;262.0;91.9;;06;93
2024;Auvergne et Rhône-Alpes;Ardèche;18-24 ans;Hommes;12.0;117.6;;07;84
2024;Auvergne et Rhône-Alpes;Ardèche;00-17 ans;Femmes;86.0;268.9;;07;84
2024;Auvergne et Rhône-Alpes;Ardèche;18-24 ans;Femmes;31.0;336.5;;07;84
2024;Auvergne et Rhône-Alpes;Ardèche;Tous;Femmes;312.0;181.6;192.2;07;84
2024;Auvergne et Rhône-Alpes;Ardèche;Tous;Hommes et Femmes;480.0;142.9;150.5;07;84
2024;Grand Est;Ardennes;18-24 ans;Hommes;25.0;243.2;;08;44
2024;Grand Est;Ardennes;45-64 ans;Hommes;43.0;122.6;;08;44
2024;Grand Est;Ardennes;00-17 ans;Femmes;77.0;291.2;;08;44
2024;Grand Est;Ardennes;18-24 ans;Femmes;33.0;396.7;;08;44
2024;Grand Est;Ardennes;25-44 ans;Femmes;63.0;215.6;;08;44
2024;Grand Est;Ardennes;00-17 ans;Hommes et Femmes;89.0;163.5;;08;44
2024;Grand Est;Ardennes;25-44 ans;Hommes et Femmes;126.0;215.5;;08;44
2024;Occitanie;Ariège;18-24 ans;Hommes;2.5;46.0;;09;76
2024;Occitanie;Ariège;25-44 ans;Hommes;20.0;123.2;;09;76
2024;Occitanie;Ariège;Tous;Hommes;57.5;75.2;77.6;09;76
2024;Occitanie;Ariège;18-24 ans;Femmes;10.0;227.7;;09;76
2024;Occitanie;Ariège;18-24 ans;Hommes et Femmes;12.5;127.2;;09;76
2024;Occitanie;Ariège;25-44 ans;Hommes et Femmes;59.0;180.5;;09;76
2024;Occitanie;Ariège;Tous;Hommes et Femmes;189.5;121.2;127.3;09;76
2024;Grand Est;Aube;18-24 ans;Hommes;21.0;155.1;;10;44
2024;Grand Est;Aube;25-44 ans;Hommes;34.0;96.5;;10;44
2024;Grand Est;Aube;65 ans et plus;Hommes;13.0;41.9;;10;44
2024;Grand Est;Aube;Tous;Hommes;111.0;73.0;73.6;10;44
2024;Grand Est;Aube;25-44 ans;Femmes;35.0;98.7;;10;44
2024;Grand Est;Aube;25-44 ans;Hommes et Femmes;69.0;97.6;;10;44
2024;Grand Est;Aube;45-64 ans;Hommes et Femmes;56.0;71.9;;10;44
2024;Occitanie;Aude;00-17 ans;Hommes;13.0;36.3;;11;76
2024;Occitanie;Aude;18-24 ans;Hommes;27.0;217.8;;11;76
2024;Occitanie;Aude;45-64 ans;Hommes;65.0;132.2;;11;76
2024;Occitanie;Aude;18-24 ans;Femmes;53.0;456.4;;11;76
2024;Occitanie;Aude;25-44 ans;Femmes;82.0;209.9;;11;76
2024;Occitanie;Aude;18-24 ans;Hommes et Femmes;80.0;333.2;;11;76
2024;Occitanie;Aveyron;18-24 ans;Hommes;8.0;87.0;;12;76
2024;Occitanie;Aveyron;25-44 ans;Hommes;32.0;108.2;;12;76
2024;Occitanie;Aveyron;Tous;Hommes;89.0;64.5;67.1;12;76
2024;Occitanie;Aveyron;18-24 ans;Femmes;32.0;438.2;;12;76
2024;Occitanie;Aveyron;00-17 ans;Hommes et Femmes;43.0;86.6;;12;76
2024;Provence-Alpes-Côte d'Azur;Bouches-du-Rhône;00-17 ans;Hommes;78.0;36.2;;13;93
2024;Provence-Alpes-Côte d'Azur;Bouches-du-Rhône;25-44 ans;Hommes;238.0;95.9;;13;93
2024;Provence-Alpes-Côte d'Azur;Bouches-du-Rhône;Tous;Hommes;690.0;69.1;69.1;13;93
2024;Provence-Alpes-Côte d'Azur;Bouches-du-Rhône;Tous;Femmes;1599.0;147.3;149.0;13;93
2024;Provence-Alpes-Côte d'Azur;Bouches-du-Rhône;00-17 ans;Hommes et Femmes;630.0;150.0;;13;93
2024;Provence-Alpes-Côte d'Azur;Bouches-du-Rhône;25-44 ans;Hommes et Femmes;547.0;106.6;;13;93
2024;Provence-Alpes-Côte d'Azur;Bouches-du-Rhône;45-64 ans;Hommes et Femmes;528.0;100.7;;13;93
2024;Provence-Alpes-Côte d'Azur;Bouches-du-Rhône;65 ans et plus;Hommes et Femmes;251.0;55.3;;13;93
2024;Normandie;Calvados;00-17 ans;Hommes;43.0;59.6;;14;28
2024;Normandie;Calvados;25-44 ans;Hommes;126.0;156.4;;14;28
2024;Normandie;Calvados;45-64 ans;Hommes;107.0;124.6;;14;28
2024;Normandie;Calvados;65 ans et plus;Hommes;65.0;91.0;;14;28
2024;Normandie;Calvados;Tous;Femmes;825.0;224.5;229.0;14;28
2024;Normandie;Calvados;25-44 ans;Hommes et Femmes;282.0;173.2;;14;28
2024;Normandie;Calvados;Tous;Hommes et Femmes;1215.0;171.3;173.4;14;28
2024;Auvergne et Rhône-Alpes;Cantal;00-17 ans;Hommes;7.0;57.6;;15;84
2024;Auvergne et Rhône-Alpes;Cantal;18-24 ans;Hommes;5.0;109.4;;15;84
2024;Auvergne et Rhône-Alpes;Cantal;18-24 ans;Femmes;8.0;197.9;;15;84
2024;Auvergne et Rhône-Alpes;Cantal;25-44 ans;Femmes;19.0;137.9;;15;84
2024;Auvergne et Rhône-Alpes;Cantal;25-44 ans;Hommes et Femmes;29.0;103.0;;15;84
2024;Auvergne et Rhône-Alpes;Cantal;65 ans et plus;Hommes et Femmes;23.0;53.4;;15;84
2024;Auvergne et Rhône-Alpes;Cantal;Tous;Hommes et Femmes;141.0;97.9;108.2;15;84
2024;Nouvelle Aquitaine;Charente;00-17 ans;Hommes;6.0;18.2;;16;75
2024;Nouvelle Aquitaine;Charente;65 ans et plus;Hommes;32.0;76.8;;16;75
2024;Nouvelle Aquitaine;Charente;Tous;Hommes;194.0;113.4;114.3;16;75
2024;Nouvelle Aquitaine;Charente;00-17 ans;Femmes;56.0;182.5;;16;75
2024;Nouvelle Aquitaine;Charente;65 ans et plus;Femmes;48.0;90.2;;16;75
2024;Nouvelle Aquitaine;Charente;Tous;Femmes;299.0;166.5;176.4;16;75
2024;Nouvelle Aquitaine;Charente;00-17 ans;Hommes et Femmes;62.0;97.4;;16;75
2024;Nouvelle Aquitaine;Charente;18-24 ans;Hommes et Femmes;60.0;253.0;;16;75
2024;Nouvelle Aquitaine;Charente;65 ans et plus;Hommes et Femmes;80.0;84.3;;16;75
2024;Nouvelle Aquitaine;Charente-Maritime;00-17 ans;Hommes;36.0;60.6;;17;75
2024;Nouvelle Aquitaine;Charente-Maritime;Tous;Hommes;397.0;122.1;131.4;17;75
2024;Nouvelle Aquitaine;Charente-Maritime;18-24 ans;Femmes;111.0;546.9;;17;75
2024;Nouvelle Aquitaine;Charente-Maritime;45-64 ans;Femmes;189.0;203.2;;17;75
2024;Nouvelle Aquitaine;Charente-Maritime;65 ans et plus;Femmes;92.0;81.1;;17;75
2024;Nouvelle Aquitaine;Charente-Maritime;Tous;Femmes;774.0;219.8;246.0;17;75
2024;Nouvelle Aquitaine;Charente-Maritime;00-17 ans;Hommes et Femmes;246.0;211.9;;17;75
2024;Centre-Val de Loire;Cher;45-64 ans;Hommes;36.0;93.7;;18;24
2024;Centre-Val de Loire;Cher;65 ans et plus;Hommes;16.0;45.4;;18;24
2024;Centre-Val de Loire;Cher;Tous;Hommes;113.0;78.1;80.6;18;24
2024;Centre-Val de Loire;Cher;00-17 ans;Femmes;49.0;180.1;;18;24
2024;Centre-Val de Loire;Cher;25-44 ans;Femmes;46.0;148.5;;18;24
2024;Centre-Val de Loire;Cher;18-24 ans;Hommes et Femmes;33.0;168.1;;18;24
2024;Centre-Val de Loire;Cher;25-44 ans;Hommes et Femmes;82.0;131.7;;18;24
2024;Centre-Val de Loire;Cher;Tous;Hommes et Femmes;303.0;102.0;107.1;18;24
2024;Nouvelle Aquitaine;Corrèze;25-44 ans;Hommes;32.0;127.9;;19;75
2024;Nouvelle Aquitaine;Corrèze;Tous;Hommes;110.0;93.7;96.9;19;75
2024;Nouvelle Aquitaine;Corrèze;65 ans et plus;Femmes;30.0;76.4;;19;75
2024;Nouvelle Aquitaine;Corrèze;18-24 ans;Hommes et Femmes;36.0;234.9;;19;75
2024;Bourgogne et Franche-Comté;Côte-d'Or;45-64 ans;Hommes;77.0;118.1;;21;27
2024;Bourgogne et Franche-Comté;Côte-d'Or;65 ans et plus;Hommes;33.0;62.6;;21;27
2024;Bourgogne et Franche-Comté;Côte-d'Or;25-44 ans;Femmes;124.0;192.6;;21;27
2024;Bourgogne et Franche-Comté;Côte-d'Or;65 ans et plus;Femmes;67.0;98.1;;21;27
2024;Bourgogne et Franche-Comté;Côte-d'Or;45-64 ans;Hommes et Femmes;193.0;144.4;;21;27
2024;Bretagne;Côtes-d'Armor;00-17 ans;Hommes;45.0;74.2;;22;53
2024;Bretagne;Côtes-d'Armor;18-24 ans;Hommes;58.0;271.0;;22;53
2024;Bretagne;Côtes-d'Armor;65 ans et plus;Hommes;50.0;67.5;;22;53
2024;Bretagne;Côtes-d'Armor;Tous;Hommes;503.0;169.3;180.0;22;53
2024;Bretagne;Côtes-d'Armor;00-17 ans;Femmes;256.0;442.3;;22;53
2024;Bretagne;Côtes-d'Armor;65 ans et plus;Femmes;104.0;108.6;;22;53
2024;Bretagne;Côtes-d'Armor;25-44 ans;Hommes et Femmes;390.0;319.5;;22;53
2024;Bretagne;Côtes-d'Armor;Tous;Hommes et Femmes;1478.0;241.0;262.1;22;53
2024;Nouvelle Aquitaine;Creuse;18-24 ans;Hommes;8.0;232.6;;23;75
2024;Nouvelle Aquitaine;Creuse;25-44 ans;Hommes;34.0;314.0;;23;75
2024;Nouvelle Aquitaine;Creuse;Tous;Hommes;67.5;120.5;138.6;23;75
2024;Nouvelle Aquitaine;Creuse;45-64 ans;Femmes;31.0;192.7;;23;75
2024;Nouvelle Aquitaine;Creuse;65 ans et plus;Femmes;14.0;68.9;;23;75
2024;Nouvelle Aquitaine;Creuse;18-24 ans;Hommes et Femmes;27.0;431.0;;23;75
2024;Nouvelle Aquitaine;Creuse;Tous;Hommes et Femmes;177.5;154.9;180.7;23;75
2024;Nouvelle Aquitaine;Dordogne;25-44 ans;Hommes;117.0;298.2;;24;75
2024;Nouvelle Aquitaine;Dordogne;45-64 ans;Hommes;88.0;155.8;;24;75
2024;Nouvelle Aquitaine;Dordogne;65 ans et plus;Femmes;57.0;80.1;;24;75
2024;Nouvelle Aquitaine;Dordogne;Tous;Femmes;482.0;223.2;256.3;24;75
2024;Nouvelle Aquitaine;Dordogne;18-24 ans;Hommes et Femmes;98.0;413.7;;24;75
2024;Bourgogne et Franche-Comté;Doubs;25-44 ans;Hommes;80.0;119.7;;25;27
2024;Bourgogne et Franche-Comté;Doubs;25-44 ans;Femmes;97.0;144.9;;25;27
2024;Bourgogne et Franche-Comté;Doubs;00-17 ans;Hommes et Femmes;199.0;169.4;;25;27
2024;Auvergne et Rhône-Alpes;Drôme;00-17 ans;Hommes;27.0;47.6;;26;84
2024;Auvergne et Rhône-Alpes;Drôme;65 ans et plus;Hommes;34.0;63.1;;26;84
2024;Auvergne et Rhône-Alpes;Drôme;00-17 ans;Femmes;134.0;251.0;;26;84
2024;Auvergne et Rhône-Alpes;Drôme;45-64 ans;Femmes;102.0;146.2;;26;84
2024;Auvergne et Rhône-Alpes;Drôme;Tous;Femmes;470.0;174.7;181.6;26;84
2024;Auvergne et Rhône-Alpes;Drôme;00-17 ans;Hommes et Femmes;161.0;146.3;;26;84
2024;Auvergne et Rhône-Alpes;Drôme;18-24 ans;Hommes et Femmes;103.0;293.6;;26;84
2024;Auvergne et Rhône-Alpes;Drôme;65 ans et plus;Hommes et Femmes;93.0;75.9;;26;84
2024;Normandie;Eure;45-64 ans;Hommes;98.0;125.5;;27;28
2024;Normandie;Eure;00-17 ans;Femmes;228.0;345.7;;27;28
2024;Normandie;Eure;45-64 ans;Femmes;138.0;172.1;;27;28
2024;Normandie;Eure;65 ans et plus;Femmes;83.0;115.7;;27;28
2024;Normandie;Eure;65 ans et plus;Hommes et Femmes;111.0;87.0;;27;28
2024;Centre-Val de Loire;Eure-et-Loir;18-24 ans;Hommes;41.0;256.4;;28;24
2024;Centre-Val de Loire;Eure-et-Loir;Tous;Hommes;216.0;101.9;106.3;28;24
2024;Centre-Val de Loire;Eure-et-Loir;18-24 ans;Femmes;63.0;455.8;;28;24
2024;Centre-Val de Loire;Eure-et-Loir;45-64 ans;Femmes;88.0;152.6;;28;24
2024;Centre-Val de Loire;Eure-et-Loir;25-44 ans;Hommes et Femmes;146.0;149.3;;28;24
2024;Centre-Val de Loire;Eure-et-Loir;45-64 ans;Hommes et Femmes;145.0;127.3;;28;24
2024;Bretagne;Finistère;00-17 ans;Hommes;48.0;52.9;;29;53
2024;Bretagne;Finistère;Tous;Hommes;623.0;136.8;139.5;29;53
2024;Bretagne;Finistère;18-24 ans;Femmes;178.0;545.0;;29;53
2024;Bretagne;Finistère;25-44 ans;Femmes;268.0;264.4;;29;53
2024;Bretagne;Finistère;25-44 ans;Hommes et Femmes;530.0;258.3;;29;53
2024;Occitanie;Gard;18-24 ans;Hommes;46.0;155.9;;30;76
2024;Occitanie;Gard;45-64 ans;Hommes;101.0;102.1;;30;76
2024;Occitanie;Gard;25-44 ans;Hommes et Femmes;255.0;154.1;;30;76
2024;Occitanie;Gard;45-64 ans;Hommes et Femmes;244.0;119.4;;30;76
2024;Occitanie;Gard;Tous;Hommes et Femmes;1039.0;134.5;140.2;30;76
2024;Occitanie;Haute-Garonne;00-17 ans;Hommes;64.0;41.4;;31;76
2024;Occitanie;Haute-Garonne;65 ans et plus;Hommes;55.0;48.9;;31;76
2024;Occitanie;Haute-Garonne;18-24 ans;Femmes;219.0;290.0;;31;76
2024;Occitanie;Haute-Garonne;45-64 ans;Femmes;156.0;85.9;;31;76
2024;Occitanie;Haute-Garonne;Tous;Femmes;905.0;118.8;113.6;31;76
2024;Occitanie;Haute-Garonne;18-24 ans;Hommes et Femmes;309.0;202.4;;31;76
2024;Occitanie;Haute-Garonne;45-64 ans;Hommes et Femmes;286.0;79.7;;31;76
2024;Occitanie;Gers;00-17 ans;Femmes;14.0;85.4;;32;76
2024;Occitanie;Gers;18-24 ans;Hommes et Femmes;27.0;238.9;;32;76
2024;Occitanie;Gers;45-64 ans;Hommes et Femmes;83.0;151.6;;32;76
2024;Occitanie;Gers;Tous;Hommes et Femmes;241.0;124.9;132.9;32;76
2024;Nouvelle Aquitaine;Gironde;45-64 ans;Hommes;312.0;150.4;;33;75
2024;Nouvelle Aquitaine;Gironde;65 ans et plus;Hommes;93.0;63.0;;33;75
2024;Nouvelle Aquitaine;Gironde;Tous;Hommes;1111.0;135.8;132.7;33;75
2024;Nouvelle Aquitaine;Gironde;Tous;Femmes;2192.0;247.2;245.8;33;75
2024;Nouvelle Aquitaine;Gironde;00-17 ans;Hommes et Femmes;878.0;260.5;;33;75
2024;Nouvelle Aquitaine;Gironde;18-24 ans;Hommes et Femmes;671.0;444.0;;33;75
2024;Nouvelle Aquitaine;Gironde;45-64 ans;Hommes et Femmes;662.0;154.7;;33;75
2024;Nouvelle Aquitaine;Gironde;65 ans et plus;Hommes et Femmes;260.0;75.1;;33;75
2024;Nouvelle Aquitaine;Gironde;Tous;Hommes et Femmes;3303.0;193.8;191.0;33;75
2024;Occitanie;Hérault;00-17 ans;Hommes;35.0;28.3;;34;76
2024;Occitanie;Hérault;18-24 ans;Hommes;56.0;102.6;;34;76
2024;Occitanie;Hérault;Tous;Hommes;457.0;77.2;77.3;34;76
2024;Occitanie;Hérault;25-44 ans;Femmes;182.0;118.9;;34;76
2024;Occitanie;Hérault;45-64 ans;Femmes;223.0;140.2;;34;76
2024;Occitanie;Hérault;65 ans et plus;Femmes;105.0;64.9;;34;76
2024;Occitanie;Hérault;00-17 ans;Hommes et Femmes;217.0;90.2;;34;76
2024;Occitanie;Hérault;25-44 ans;Hommes et Femmes;342.0;114.7;;34;76
2024;Occitanie;Hérault;65 ans et plus;Hommes et Femmes;159.0;55.8;;34;76
2024;Bretagne;Ille-et-Vilaine;00-17 ans;Hommes;31.0;24.9;;35;53
2024;Bretagne;Ille-et-Vilaine;18-24 ans;Hommes;117.0;218.6;;35;53
2024;Bretagne;Ille-et-Vilaine;45-64 ans;Hommes;198.0;144.1;;35;53
2024;Bretagne;Ille-et-Vilaine;65 ans et plus;Hommes;88.0;95.3;;35;53
2024;Bretagne;Ille-et-Vilaine;00-17 ans;Femmes;234.0;197.7;;35;53
2024;Bretagne;Ille-et-Vilaine;18-24 ans;Femmes;300.0;558.0;;35;53
2024;Bretagne;Ille-et-Vilaine;45-64 ans;Femmes;273.0;197.0;;35;53
2024;Bretagne;Ille-et-Vilaine;65 ans et plus;Femmes;124.0;101.9;;35;53
2024;Bretagne;Ille-et-Vilaine;18-24 ans;Hommes et Femmes;417.0;388.7;;35;53
2024;Bretagne;Ille-et-Vilaine;25-44 ans;Hommes et Femmes;599.0;209.2;;35;53
2024;Bretagne;Ille-et-Vilaine;Tous;Hommes et Femmes;1964.0;174.4;169.6;35;53
2024;Centre-Val de Loire;Indre;65 ans et plus;Hommes;16.0;57.0;;36;24
2024;Centre-Val de Loire;Indre;00-17 ans;Femmes;27.0;146.7;;36;24
2024;Centre-Val de Loire;Indre;18-24 ans;Femmes;31.0;501.3;;36;24
2024;Centre-Val de Loire;Indre;25-44 ans;Femmes;18.0;86.1;;36;24
2024;Centre-Val de Loire;Indre;45-64 ans;Femmes;43.0;143.8;;36;24
2024;Centre-Val de Loire;Indre;25-44 ans;Hommes et Femmes;58.0;140.2;;36;24
2024;Centre-Val de Loire;Indre-et-Loire;65 ans et plus;Hommes;26.0;41.7;;37;24
2024;Centre-Val de Loire;Indre-et-Loire;45-64 ans;Femmes;107.0;135.0;;37;24
2024;Centre-Val de Loire;Indre-et-Loire;65 ans et plus;Hommes et Femmes;84.0;58.4;;37;24
2024;Auvergne et Rhône-Alpes;Isère;45-64 ans;Hommes;207.0;126.1;;38;84
2024;Auvergne et Rhône-Alpes;Isère;65 ans et plus;Hommes;96.0;84.2;;38;84
2024;Auvergne et Rhône-Alpes;Isère;00-17 ans;Femmes;367.0;265.1;;38;84
2024;Auvergne et Rhône-Alpes;Isère;25-44 ans;Femmes;283.0;176.0;;38;84
2024;Auvergne et Rhône-Alpes;Isère;65 ans et plus;Femmes;118.0;81.7;;38;84
2024;Auvergne et Rhône-Alpes;Isère;Tous;Femmes;1345.0;203.0;199.8;38;84
2024;Auvergne et Rhône-Alpes;Isère;25-44 ans;Hommes et Femmes;527.0;164.8;;38;84
2024;Bourgogne et Franche-Comté;Jura;18-24 ans;Hommes;19.0;206.4;;39;27
2024;Bourgogne et Franche-Comté;Jura;65 ans et plus;Hommes;14.0;48.4;;39;27
2024;Bourgogne et Franche-Comté;Jura;18-24 ans;Femmes;32.0;415.5;;39;27
2024;Bourgogne et Franche-Comté;Jura;Tous;Femmes;274.0;208.8;221.8;39;27
2024;Bourgogne et Franche-Comté;Jura;18-24 ans;Hommes et Femmes;51.0;301.7;;39;27
2024;Nouvelle Aquitaine;Landes;25-44 ans;Hommes;46.0;101.8;;40;75
2024;Nouvelle Aquitaine;Landes;18-24 ans;Femmes;46.0;384.9;;40;75
2024;Nouvelle Aquitaine;Landes;Tous;Femmes;360.0;160.1;176.8;40;75
2024;Nouvelle Aquitaine;Landes;18-24 ans;Hommes et Femmes;64.0;247.9;;40;75
2024;Nouvelle Aquitaine;Landes;45-64 ans;Hommes et Femmes;127.0;104.5;;40;75
2024;Centre-Val de Loire;Loir-et-Cher;45-64 ans;Hommes;48.0;111.8;;41;24
2024;Centre-Val de Loire;Loir-et-Cher;18-24 ans;Femmes;44.0;446.4;;41;24
2024;Centre-Val de Loire;Loir-et-Cher;45-64 ans;Femmes;49.0;110.2;;41;24
2024;Centre-Val de Loire;Loir-et-Cher;18-24 ans;Hommes et Femmes;66.0;313.0;;41;24
2024;Centre-Val de Loire;Loir-et-Cher;25-44 ans;Hommes et Femmes;96.0;140.6;;41;24
2024;Centre-Val de Loire;Loir-et-Cher;Tous;Hommes et Femmes;499.0;152.1;161.0;41;24
2024;Auvergne et Rhône-Alpes;Loire;00-17 ans;Hommes;24.0;28.2;;42;84
2024;Auvergne et Rhône-Alpes;Loire;18-24 ans;Hommes;64.0;192.8;;42;84
2024;Auvergne et Rhône-Alpes;Loire;25-44 ans;Hommes;174.0;202.4;;42;84
2024;Auvergne et Rhône-Alpes;Loire;Tous;Hommes;443.0;117.5;120.5;42;84
2024;Auvergne et Rhône-Alpes;Loire;25-44 ans;Femmes;239.0;272.0;;42;84
2024;Auvergne et Rhône-Alpes;Loire;45-64 ans;Femmes;169.0;175.0;;42;84
2024;Auvergne et Rhône-Alpes;Loire;Tous;Femmes;845.0;212.1;216.6;42;84
2024;Auvergne et Rhône-Alpes;Loire;00-17 ans;Hommes et Femmes;229.0;138.8;;42;84
2024;Auvergne et Rhône-Alpes;Loire;65 ans et plus;Hommes et Femmes;123.0;67.7;;42;84
2024;Auvergne et Rhône-Alpes;Haute-Loire;18-24 ans;Hommes;25.0;311.5;;43;84
2024;Auvergne et Rhône-Alpes;Haute-Loire;25-44 ans;Hommes;54.0;227.4;;43;84
2024;Auvergne et Rhône-Alpes;Haute-Loire;18-24 ans;Femmes;52.0;756.0;;43;84
2024;Auvergne et Rhône-Alpes;Haute-Loire;45-64 ans;Femmes;70.0;225.2;;43;84
2024;Auvergne et Rhône-Alpes;Haute-Loire;25-44 ans;Hommes et Femmes;109.0;231.1;;43;84
2024;Auvergne et Rhône-Alpes;Haute-Loire;45-64 ans;Hommes et Femmes;119.0;191.1;;43;84
2024;Pays de la Loire;Loire-Atlantique;25-44 ans;Hommes;257.0;132.7;;44;52
2024;Pays de la Loire;Loire-Atlantique;45-64 ans;Hommes;160.0;88.5;;44;52
2024;Pays de la Loire;Loire-Atlantique;Tous;Hommes;606.0;82.7;81.4;44;52
2024;Pays de la Loire;Loire-Atlantique;45-64 ans;Femmes;218.0;116.9;;44;52
2024;Pays de la Loire;Loire-Atlantique;18-24 ans;Hommes et Femmes;253.0;194.5;;44;52
2024;Pays de la Loire;Loire-Atlantique;25-44 ans;Hommes et Femmes;471.0;122.0;;44;52
2024;Pays de la Loire;Loire-Atlantique;65 ans et plus;Hommes et Femmes;182.0;62.1;;44;52
2024;Pays de la Loire;Loire-Atlantique;Tous;Hommes et Femmes;1720.0;114.7;113.3;44;52
2024;Centre-Val de Loire;Loiret;45-64 ans;Hommes;116.0;136.6;;45;24
2024;Centre-Val de Loire;Loiret;65 ans et plus;Hommes;52.0;79.9;;45;24
2024;Centre-Val de Loire;Loiret;18-24 ans;Femmes;150.0;583.1;;45;24
2024;Centre-Val de Loire;Loiret;25-44 ans;Femmes;132.0;161.0;;45;24
2024;Centre-Val de Loire;Loiret;65 ans et plus;Femmes;71.0;85.4;;45;24
2024;Centre-Val de Loire;Loiret;Tous;Hommes et Femmes;1049.0;152.1;154.1;45;24
2024;Occitanie;Lot;45-64 ans;Hommes;31.0;130.0;;46;76
2024;Occitanie;Lot;65 ans et plus;Hommes;13.0;50.5;;46;76
2024;Occitanie;Lot;Tous;Hommes;107.0;125.0;140.7;46;76
2024;Occitanie;Lot;00-17 ans;Femmes;31.0;225.9;;46;76
2024;Occitanie;Lot;00-17 ans;Hommes et Femmes;37.0;130.5;;46;76
2024;Occitanie;Lot;18-24 ans;Hommes et Femmes;70.0;734.8;;46;76
2024;Occitanie;Lot;25-44 ans;Hommes et Femmes;86.0;263.8;;46;76
2024;Occitanie;Lot;Tous;Hommes et Femmes;298.0;169.2;204.0;46;76
2024;Nouvelle Aquitaine;Lot-et-Garonne;18-24 ans;Hommes;28.0;253.7;;47;75
2024;Nouvelle Aquitaine;Lot-et-Garonne;45-64 ans;Hommes;36.0;84.6;;47;75
2024;Nouvelle Aquitaine;Lot-et-Garonne;65 ans et plus;Hommes;25.0;61.1;;47;75
2024;Nouvelle Aquitaine;Lot-et-Garonne;45-64 ans;Femmes;94.0;209.1;;47;75
2024;Nouvelle Aquitaine;Lot-et-Garonne;65 ans et plus;Femmes;46.0;89.5;;47;75
2024;Nouvelle Aquitaine;Lot-et-Garonne;Tous;Hommes et Femmes;533.0;160.4;172.8;47;75
2024;Occitanie;Lozère;18-24 ans;Hommes;2.5;87.3;;48;76
2024;Occitanie;Lozère;45-64 ans;Hommes;12.0;111.4;;48;76
2024;Occitanie;Lozère;65 ans et plus;Hommes;2.5;25.7;;48;76
2024;Occitanie;Lozère;00-17 ans;Femmes;7.0;102.9;;48;76
2024;Occitanie;Lozère;18-24 ans;Femmes;12.0;538.8;;48;76
2024;Occitanie;Lozère;25-44 ans;Femmes;14.0;181.7;;48;76
2024;Occitanie;Lozère;65 ans et plus;Femmes;2.5;22.3;;48;76
2024;Occitanie;Lozère;00-17 ans;Hommes et Femmes;9.5;68.4;;48;76
2024;Occitanie;Lozère;18-24 ans;Hommes et Femmes;14.5;284.9;;48;76
2024;Occitanie;Lozère;25-44 ans;Hommes et Femmes;22.0;141.6;;48;76
2024;Pays de la Loire;Maine-et-Loire;25-44 ans;Hommes;137.0;142.9;;49;52
2024;Pays de la Loire;Maine-et-Loire;65 ans et plus;Hommes;46.0;59.8;;49;52
2024;Pays de la Loire;Maine-et-Loire;00-17 ans;Femmes;214.0;242.7;;49;52
2024;Pays de la Loire;Maine-et-Loire;65 ans et plus;Femmes;56.0;55.7;;49;52
2024;Pays de la Loire;Maine-et-Loire;00-17 ans;Hommes et Femmes;252.0;139.6;;49;52
2024;Pays de la Loire;Maine-et-Loire;65 ans et plus;Hommes et Femmes;102.0;57.5;;49;52
2024;Normandie;Manche;18-24 ans;Hommes;62.0;359.5;;50;28
2024;Normandie;Manche;00-17 ans;Femmes;187.0;408.2;;50;28
2024;Normandie;Manche;Tous;Femmes;665.0;262.4;285.6;50;28
2024;Normandie;Manche;00-17 ans;Hommes et Femmes;220.0;233.4;;50;28
2024;Normandie;Manche;65 ans et plus;Hommes et Femmes;133.0;100.3;;50;28
2024;Normandie;Manche;Tous;Hommes et Femmes;1087.0;219.0;235.1;50;28
2024;Grand Est;Marne;45-64 ans;Hommes;78.0;114.3;;51;44
2024;Grand Est;Marne;65 ans et plus;Hommes;32.0;62.4;;51;44
2024;Grand Est;Marne;18-24 ans;Femmes;90.0;354.0;;51;44
2024;Grand Est;Marne;18-24 ans;Hommes et Femmes;123.0;238.6;;51;44
2024;Grand Est;Marne;25-44 ans;Hommes et Femmes;219.0;162.1;;51;44
2024;Grand Est;Marne;65 ans et plus;Hommes et Femmes;89.0;73.6;;51;44
2024;Grand Est;Marne;Tous;Hommes et Femmes;812.0;144.9;143.9;51;44
2024;Grand Est;Haute-Marne;18-24 ans;Hommes;16.0;247.3;;52;44
2024;Grand Est;Haute-Marne;25-44 ans;Hommes;64.0;348.1;;52;44
2024;Grand Est;Haute-Marne;18-24 ans;Femmes;36.0;691.5;;52;44
2024;Grand Est;Haute-Marne;25-44 ans;Femmes;63.0;367.6;;52;44
2024;Grand Est;Haute-Marne;25-44 ans;Hommes et Femmes;127.0;357.5;;52;44
2024;Pays de la Loire;Mayenne;18-24 ans;Hommes;32.0;257.3;;53;52
2024;Pays de la Loire;Mayenne;Tous;Hommes;216.0;143.7;148.1;53;52
2024;Pays de la Loire;Mayenne;25-44 ans;Femmes;58.0;179.0;;53;52
2024;Pays de la Loire;Mayenne;65 ans et plus;Femmes;30.0;75.0;;53;52
2024;Pays de la Loire;Mayenne;Tous;Femmes;421.0;274.1;277.1;53;52
2024;Grand Est;Meurthe-et-Moselle;00-17 ans;Hommes;25.0;33.3;;54;44
2024;Grand Est;Meurthe-et-Moselle;25-44 ans;Hommes;152.0;168.0;;54;44
2024;Grand Est;Meurthe-et-Moselle;45-64 ans;Hommes;112.0;125.7;;54;44
2024;Grand Est;Meurthe-et-Moselle;65 ans et plus;Hommes;29.0;44.8;;54;44
2024;Grand Est;Meurthe-et-Moselle;Tous;Hommes;376.0;105.9;103.4;54;44
2024;Grand Est;Meurthe-et-Moselle;18-24 ans;Femmes;77.0;216.3;;54;44
2024;Grand Est;Meurthe-et-Moselle;25-44 ans;Femmes;121.0;134.2;;54;44
2024;Grand Est;Meurthe-et-Moselle;45-64 ans;Femmes;88.0;95.5;;54;44
2024;Grand Est;Meurthe-et-Moselle;Tous;Femmes;442.0;117.7;116.1;54;44
2024;Grand Est;Meurthe-et-Moselle;00-17 ans;Hommes et Femmes;123.0;84.5;;54;44
2024;Grand Est;Meurthe-et-Moselle;18-24 ans;Hommes et Femmes;135.0;189.1;;54;44
2024;Grand Est;Meurthe-et-Moselle;25-44 ans;Hommes et Femmes;273.0;151.1;;54;44
2024;Grand Est;Meurthe-et-Moselle;Tous;Hommes et Femmes;818.0;112.0;109.9;54;44
2024;Grand Est;Meuse;Tous;Hommes;120.0;135.5;141.6;55;44
2024;Grand Est;Meuse;00-17 ans;Femmes;40.0;239.0;;55;44
2024;Grand Est;Meuse;25-44 ans;Hommes et Femmes;86.0;224.4;;55;44
2024;Grand Est;Meuse;65 ans et plus;Hommes et Femmes;25.0;55.0;;55;44
2024;Bretagne;Morbihan;00-17 ans;Hommes;42.0;54.7;;56;53
2024;Bretagne;Morbihan;65 ans et plus;Hommes;53.0;57.4;;56;53
2024;Bretagne;Morbihan;00-17 ans;Femmes;264.0;368.5;;56;53
2024;Bretagne;Morbihan;45-64 ans;Femmes;209.0;194.1;;56;53
2024;Bretagne;Morbihan;65 ans et plus;Femmes;89.0;74.6;;56;53
2024;Bretagne;Morbihan;45-64 ans;Hommes et Femmes;350.0;166.1;;56;53
2024;Bretagne;Morbihan;65 ans et plus;Hommes et Femmes;142.0;67.1;;56;53
2024;Bretagne;Morbihan;Tous;Hommes et Femmes;1315.0;167.5;179.6;56;53
2024;Grand Est;Moselle;Tous;Hommes;449.0;87.2;86.4;57;44
2024;Grand Est;Moselle;18-24 ans;Femmes;140.0;380.1;;57;44
2024;Grand Est;Moselle;45-64 ans;Femmes;158.0;111.9;;57;44
2024;Grand Est;Moselle;00-17 ans;Hommes et Femmes;321.0;155.6;;57;44
2024;Grand Est;Moselle;45-64 ans;Hommes et Femmes;304.0;109.1;;57;44
2024;Grand Est;Moselle;Tous;Hommes et Femmes;1272.0;121.0;123.2;57;44
2024;Bourgogne et Franche-Comté;Nièvre;25-44 ans;Hommes;55.0;286.6;;58;27
2024;Bourgogne et Franche-Comté;Nièvre;45-64 ans;Hommes;45.0;171.4;;58;27
2024;Bourgogne et Franche-Comté;Nièvre;Tous;Hommes;139.0;143.8;156.3;58;27
2024;Bourgogne et Franche-Comté;Nièvre;00-17 ans;Femmes;102.0;608.6;;58;27
2024;Bourgogne et Franche-Comté;Nièvre;Tous;Femmes;281.0;270.6;321.9;58;27
2024;Bourgogne et Franche-Comté;Nièvre;00-17 ans;Hommes et Femmes;111.0;326.2;;58;27
2024;Bourgogne et Franche-Comté;Nièvre;18-24 ans;Hommes et Femmes;64.0;506.2;;58;27
2024;Bourgogne et Franche-Comté;Nièvre;25-44 ans;Hommes et Femmes;114.0;297.3;;58;27
2024;Bourgogne et Franche-Comté;Nièvre;45-64 ans;Hommes et Femmes;103.0;193.1;;58;27
2024;Hauts-de-France;Nord;18-24 ans;Hommes;464.0;365.6;;59;32
2024;Hauts-de-France;Nord;25-44 ans;Hommes;1207.0;370.0;;59;32
2024;Hauts-de-France;Nord;Tous;Hommes;2899.0;229.5;224.4;59;32
2024;Hauts-de-France;Nord;00-17 ans;Femmes;1290.0;455.6;;59;32
2024;Hauts-de-France;Nord;18-24 ans;Femmes;949.0;757.4;;59;32
2024;Hauts-de-France;Nord;Tous;Femmes;4612.0;340.9;328.0;59;32
2024;Hauts-de-France;Nord;00-17 ans;Hommes et Femmes;1504.0;259.3;;59;32
2024;Hauts-de-France;Nord;18-24 ans;Hommes et Femmes;1413.0;560.2;;59;32
2024;Hauts-de-France;Nord;65 ans et plus;Hommes et Femmes;508.0;103.7;;59;32
2024;Hauts-de-France;Oise;18-24 ans;Hommes;52.0;152.8;;60;32
2024;Hauts-de-France;Oise;25-44 ans;Hommes;132.0;133.4;;60;32
2024;Hauts-de-France;Oise;65 ans et plus;Hommes;35.0;51.4;;60;32
2024;Hauts-de-France;Oise;00-17 ans;Femmes;361.0;381.8;;60;32
2024;Hauts-de-France;Oise;00-17 ans;Hommes et Femmes;416.0;215.3;;60;32
2024;Hauts-de-France;Oise;18-24 ans;Hommes et Femmes;154.0;234.8;;60;32
2024;Normandie;Orne;00-17 ans;Hommes;15.0;55.3;;61;28
2024;Normandie;Orne;18-24 ans;Hommes;21.0;215.7;;61;28
2024;Normandie;Orne;00-17 ans;Femmes;148.0;597.4;;61;28
2024;Normandie;Orne;25-44 ans;Femmes;83.0;307.7;;61;28
2024;Normandie;Orne;45-64 ans;Femmes;70.0;192.0;;61;28
2024;Normandie;Orne;00-17 ans;Hommes et Femmes;163.0;314.1;;61;28
2024;Normandie;Orne;65 ans et plus;Hommes et Femmes;64.0;83.7;;61;28
2024;Hauts-de-France;Pas-de-Calais;Tous;Hommes;1278.0;181.2;181.8;62;32
2024;Hauts-de-France;Pas-de-Calais;65 ans et plus;Femmes;179.0;101.8;;62;32
2024;Hauts-de-France;Pas-de-Calais;00-17 ans;Hommes et Femmes;641.0;200.2;;62;32
2024;Hauts-de-France;Pas-de-Calais;18-24 ans;Hommes et Femmes;546.0;471.0;;62;32
2024;Hauts-de-France;Pas-de-Calais;45-64 ans;Hommes et Femmes;920.0;247.8;;62;32
2024;Hauts-de-France;Pas-de-Calais;Tous;Hommes et Femmes;3310.0;227.7;228.6;62;32
2024;Auvergne et Rhône-Alpes;Puy-de-Dôme;00-17 ans;Hommes;13.0;20.0;;63;84
2024;Auvergne et Rhône-Alpes;Puy-de-Dôme;25-44 ans;Hommes;141.0;181.1;;63;84
2024;Auvergne et Rhône-Alpes;Puy-de-Dôme;45-64 ans;Hommes;107.0;128.2;;63;84
2024;Auvergne et Rhône-Alpes;Puy-de-Dôme;65 ans et plus;Hommes;40.0;60.3;;63;84
2024;Auvergne et Rhône-Alpes;Puy-de-Dôme;Tous;Hommes;365.0;113.2;111.8;63;84
2024;Auvergne et Rhône-Alpes;Puy-de-Dôme;18-24 ans;Femmes;203.0;701.0;;63;84
2024;Auvergne et Rhône-Alpes;Puy-de-Dôme;25-44 ans;Femmes;191.0;245.4;;63;84
2024;Auvergne et Rhône-Alpes;Puy-de-Dôme;45-64 ans;Femmes;143.0;167.5;;63;84
2024;Auvergne et Rhône-Alpes;Puy-de-Dôme;45-64 ans;Hommes et Femmes;250.0;148.0;;63;84
2024;Auvergne et Rhône-Alpes;Puy-de-Dôme;65 ans et plus;Hommes et Femmes;104.0;67.8;;63;84
2024;Auvergne et Rhône-Alpes;Puy-de-Dôme;Tous;Hommes et Femmes;1099.0;165.5;164.8;63;84
2024;Nouvelle Aquitaine;Pyrénées-Atlantiques;25-44 ans;Hommes;56.0;72.2;;64;75
2024;Nouvelle Aquitaine;Pyrénées-Atlantiques;65 ans et plus;Hommes;24.0;30.6;;64;75
2024;Nouvelle Aquitaine;Pyrénées-Atlantiques;25-44 ans;Femmes;47.0;57.8;;64;75
2024;Nouvelle Aquitaine;Pyrénées-Atlantiques;25-44 ans;Hommes et Femmes;103.0;64.8;;64;75
2024;Occitanie;Hautes-Pyrénées;00-17 ans;Hommes;6.0;28.9;;65;76
2024;Occitanie;Hautes-Pyrénées;45-64 ans;Hommes;35.0;115.7;;65;76
2024;Occitanie;Hautes-Pyrénées;Tous;Hommes;132.0;117.4;121.8;65;76
2024;Occitanie;Hautes-Pyrénées;25-44 ans;Femmes;41.0;169.8;;65;76
2024;Occitanie;Hautes-Pyrénées;00-17 ans;Hommes et Femmes;60.0;149.7;;65;76
2024;Occitanie;Hautes-Pyrénées;18-24 ans;Hommes et Femmes;77.0;483.4;;65;76
2024;Occitanie;Hautes-Pyrénées;25-44 ans;Hommes et Femmes;89.0;184.1;;65;76
2024;Occitanie;Hautes-Pyrénées;65 ans et plus;Hommes et Femmes;35.0;53.7;;65;76
2024;Occitanie;Pyrénées-Orientales;25-44 ans;Hommes;56.0;113.8;;66;76
2024;Occitanie;Pyrénées-Orientales;45-64 ans;Hommes;61.0;97.0;;66;76
2024;Occitanie;Pyrénées-Orientales;Tous;Hommes;183.0;76.9;79.8;66;76
2024;Occitanie;Pyrénées-Orientales;00-17 ans;Femmes;156.0;334.7;;66;76
2024;Occitanie;Pyrénées-Orientales;65 ans et plus;Femmes;51.0;66.3;;66;76
2024;Occitanie;Pyrénées-Orientales;18-24 ans;Hommes et Femmes;68.0;202.7;;66;76
2024;Occitanie;Pyrénées-Orientales;25-44 ans;Hommes et Femmes;140.0;136.2;;66;76
2024;Occitanie;Pyrénées-Orientales;65 ans et plus;Hommes et Femmes;78.0;57.2;;66;76
2024;Grand Est;Bas-Rhin;18-24 ans;Hommes;62.0;119.9;;67;44
2024;Grand Est;Bas-Rhin;45-64 ans;Hommes;110.0;74.0;;67;44
2024;Grand Est;Bas-Rhin;65 ans et plus;Hommes;41.0;39.6;;67;44
2024;Grand Est;Bas-Rhin;00-17 ans;Femmes;336.0;301.5;;67;44
2024;Grand Est;Bas-Rhin;18-24 ans;Femmes;152.0;290.3;;67;44
2024;Grand Est;Bas-Rhin;25-44 ans;Femmes;173.0;114.4;;67;44
2024;Grand Est;Bas-Rhin;00-17 ans;Hommes et Femmes;382.0;167.3;;67;44
2024;Grand Est;Bas-Rhin;18-24 ans;Hommes et Femmes;214.0;205.6;;67;44
2024;Grand Est;Bas-Rhin;25-44 ans;Hommes et Femmes;319.0;107.3;;67;44
2024;Grand Est;Haut-Rhin;25-44 ans;Hommes;52.0;57.7;;68;44
2024;Grand Est;Haut-Rhin;45-64 ans;Hommes;49.0;47.3;;68;44
2024;Grand Est;Haut-Rhin;18-24 ans;Femmes;31.0;121.6;;68;44
2024;Grand Est;Haut-Rhin;45-64 ans;Femmes;45.0;42.7;;68;44
2024;Grand Est;Haut-Rhin;Tous;Femmes;410.0;105.3;108.9;68;44
2024;Grand Est;Haut-Rhin;25-44 ans;Hommes et Femmes;98.0;54.0;;68;44
2024;Grand Est;Haut-Rhin;45-64 ans;Hommes et Femmes;94.0;45.0;;68;44
2024;Grand Est;Haut-Rhin;65 ans et plus;Hommes et Femmes;65.0;38.6;;68;44
2024;Auvergne et Rhône-Alpes;Rhône;00-17 ans;Hommes;76.0;36.0;;69;84
2024;Auvergne et Rhône-Alpes;Rhône;25-44 ans;Hommes;282.0;109.7;;69;84
2024;Auvergne et Rhône-Alpes;Rhône;Tous;Hommes;770.0;82.9;80.0;69;84
2024;Auvergne et Rhône-Alpes;Rhône;Tous;Femmes;1423.0;142.9;133.8;69;84
2024;Auvergne et Rhône-Alpes;Rhône;18-24 ans;Hommes et Femmes;542.0;272.8;;69;84
2024;Auvergne et Rhône-Alpes;Rhône;Tous;Hommes et Femmes;2193.0;113.9;107.7;69;84
2024;Bourgogne et Franche-Comté;Haute-Saône;00-17 ans;Hommes;18.0;76.0;;70;27
2024;Bourgogne et Franche-Comté;Haute-Saône;65 ans et plus;Hommes;8.0;30.3;;70;27
2024;Bourgogne et Franche-Comté;Haute-Saône;18-24 ans;Femmes;23.0;328.0;;70;27
2024;Bourgogne et Franche-Comté;Haute-Saône;25-44 ans;Femmes;38.0;155.4;;70;27
2024;Bourgogne et Franche-Comté;Haute-Saône;65 ans et plus;Femmes;19.0;58.9;;70;27
2024;Bourgogne et Franche-Comté;Haute-Saône;18-24 ans;Hommes et Femmes;36.0;235.8;;70;27
2024;Bourgogne et Franche-Comté;Haute-Saône;65 ans et plus;Hommes et Femmes;27.0;46.1;;70;27
2024;Bourgogne et Franche-Comté;Saône-et-Loire;18-24 ans;Hommes;73.0;390.5;;71;27
2024;Bourgogne et Franche-Comté;Saône-et-Loire;25-44 ans;Hommes;123.0;217.9;;71;27
2024;Bourgogne et Franche-Comté;Saône-et-Loire;Tous;Hommes;358.0;134.1;143.0;71;27
2024;Bourgogne et Franche-Comté;Saône-et-Loire;25-44 ans;Femmes;140.0;250.5;;71;27
2024;Bourgogne et Franche-Comté;Saône-et-Loire;Tous;Femmes;815.0;291.2;324.3;71;27
2024;Bourgogne et Franche-Comté;Saône-et-Loire;00-17 ans;Hommes et Femmes;331.0;321.1;;71;27
2024;Bourgogne et Franche-Comté;Saône-et-Loire;65 ans et plus;Hommes et Femmes;116.0;76.8;;71;27
2024;Bourgogne et Franche-Comté;Saône-et-Loire;Tous;Hommes et Femmes;1173.0;214.5;236.5;71;27
2024;Pays de la Loire;Sarthe;Tous;Hommes;469.0;170.0;173.0;72;52
2024;Pays de la Loire;Sarthe;00-17 ans;Femmes;241.0;418.1;;72;52
2024;Pays de la Loire;Sarthe;18-24 ans;Femmes;179.0;854.0;;72;52
2024;Pays de la Loire;Sarthe;65 ans et plus;Femmes;75.0;100.6;;72;52
2024;Pays de la Loire;Sarthe;00-17 ans;Hommes et Femmes;297.0;250.4;;72;52
2024;Pays de la Loire;Sarthe;65 ans et plus;Hommes et Femmes;138.0;103.9;;72;52
2024;Auvergne et Rhône-Alpes;Savoie;18-24 ans;Hommes;33.0;186.3;;73;84
2024;Auvergne et Rhône-Alpes;Savoie;45-64 ans;Hommes;72.0;121.5;;73;84
2024;Auvergne et Rhône-Alpes;Savoie;00-17 ans;Femmes;162.0;371.5;;73;84
2024;Auvergne et Rhône-Alpes;Savoie;25-44 ans;Femmes;106.0;196.2;;73;84
2024;Auvergne et Rhône-Alpes;Savoie;45-64 ans;Femmes;61.0;102.2;;73;84
2024;Auvergne et Rhône-Alpes;Savoie;65 ans et plus;Femmes;38.0;67.6;;73;84
2024;Auvergne et Rhône-Alpes;Savoie;25-44 ans;Hommes et Femmes;183.0;169.0;;73;84
2024;Auvergne et Rhône-Alpes;Savoie;45-64 ans;Hommes et Femmes;133.0;111.8;;73;84
2024;Auvergne et Rhône-Alpes;Savoie;Tous;Hommes et Femmes;695.0;154.3;158.5;73;84
2024;Auvergne et Rhône-Alpes;Haute-Savoie;45-64 ans;Hommes;109.0;98.3;;74;84
2024;Auvergne et Rhône-Alpes;Haute-Savoie;65 ans et plus;Hommes;32.0;47.2;;74;84
2024;Auvergne et Rhône-Alpes;Haute-Savoie;18-24 ans;Femmes;110.0;405.3;;74;84
2024;Auvergne et Rhône-Alpes;Haute-Savoie;45-64 ans;Femmes;131.0;116.6;;74;84
2024;Île-de-France;Paris;00-17 ans;Femmes;339.0;217.6;;75;11
2024;Île-de-France;Paris;Tous;Femmes;1073.0;97.9;100.8;75;11
2024;Île-de-France;Paris;18-24 ans;Hommes et Femmes;366.0;165.8;;75;11
2024;Île-de-France;Paris;Tous;Hommes et Femmes;1660.0;80.2;80.0;75;11
2024;Normandie;Seine-Maritime;00-17 ans;Femmes;541.0;417.4;;76;28
2024;Normandie;Seine-Maritime;18-24 ans;Femmes;363.0;676.2;;76;28
2024;Normandie;Seine-Maritime;25-44 ans;Femmes;362.0;237.2;;76;28
2024;Normandie;Seine-Maritime;45-64 ans;Femmes;356.0;222.5;;76;28
2024;Normandie;Seine-Maritime;Tous;Femmes;1768.0;270.5;269.7;76;28
2024;Normandie;Seine-Maritime;00-17 ans;Hommes et Femmes;648.0;244.4;;76;28
2024;Normandie;Seine-Maritime;18-24 ans;Hommes et Femmes;469.0;426.5;;76;28
2024;Normandie;Seine-Maritime;45-64 ans;Hommes et Femmes;633.0;204.1;;76;28
2024;Île-de-France;Seine-et-Marne;00-17 ans;Hommes;79.0;43.7;;77;11
2024;Île-de-France;Seine-et-Marne;Tous;Hommes;469.0;65.4;64.9;77;11
2024;Île-de-France;Seine-et-Marne;65 ans et plus;Femmes;84.0;63.5;;77;11
2024;Île-de-France;Seine-et-Marne;18-24 ans;Hommes et Femmes;240.0;188.9;;77;11
2024;Île-de-France;Yvelines;18-24 ans;Hommes;42.0;65.9;;78;11
2024;Île-de-France;Yvelines;45-64 ans;Hommes;73.0;38.9;;78;11
2024;Île-de-France;Yvelines;Tous;Hommes;239.0;33.0;32.9;78;11
2024;Île-de-France;Yvelines;25-44 ans;Femmes;111.0;58.0;;78;11
2024;Île-de-France;Yvelines;45-64 ans;Femmes;93.0;48.1;;78;11
2024;Nouvelle Aquitaine;Deux-Sèvres;18-24 ans;Hommes;22.0;154.6;;79;75
2024;Nouvelle Aquitaine;Deux-Sèvres;65 ans et plus;Hommes;30.0;72.3;;79;75
2024;Nouvelle Aquitaine;Deux-Sèvres;45-64 ans;Femmes;81.0;159.1;;79;75
2024;Nouvelle Aquitaine;Deux-Sèvres;25-44 ans;Hommes et Femmes;185.0;229.7;;79;75
2024;Nouvelle Aquitaine;Deux-Sèvres;45-64 ans;Hommes et Femmes;164.0;161.9;;79;75
2024;Hauts-de-France;Somme;25-44 ans;Hommes;269.0;408.8;;80;32
2024;Hauts-de-France;Somme;00-17 ans;Femmes;410.0;736.6;;80;32
2024;Hauts-de-France;Somme;18-24 ans;Femmes;233.0;921.8;;80;32
2024;Hauts-de-France;Somme;65 ans et plus;Femmes;98.0;140.5;;80;32
2024;Occitanie;Tarn;00-17 ans;Hommes;14.0;36.3;;81;76
2024;Occitanie;Tarn;18-24 ans;Hommes;28.0;191.2;;81;76
2024;Occitanie;Tarn;Tous;Hommes;207.0;107.0;112.3;81;76
2024;Occitanie;Tarn;25-44 ans;Femmes;85.0;202.1;;81;76
2024;Occitanie;Tarn;00-17 ans;Hommes et Femmes;91.0;120.7;;81;76
2024;Occitanie;Tarn-et-Garonne;00-17 ans;Hommes;12.0;41.0;;82;76
2024;Occitanie;Tarn-et-Garonne;25-44 ans;Hommes;59.0;205.3;;82;76
2024;Occitanie;Tarn-et-Garonne;65 ans et plus;Hommes;18.0;64.1;;82;76
2024;Occitanie;Tarn-et-Garonne;00-17 ans;Femmes;95.0;338.1;;82;76
2024;Occitanie;Tarn-et-Garonne;25-44 ans;Femmes;68.0;228.6;;82;76
2024;Occitanie;Tarn-et-Garonne;25-44 ans;Hommes et Femmes;127.0;217.2;;82;76
2024;Occitanie;Tarn-et-Garonne;65 ans et plus;Hommes et Femmes;40.0;63.7;;82;76
2024;Provence-Alpes-Côte d'Azur;Var;00-17 ans;Hommes;43.0;40.8;;83;93
2024;Provence-Alpes-Côte d'Azur;Var;25-44 ans;Hommes;152.0;126.4;;83;93
2024;Provence-Alpes-Côte d'Azur;Var;00-17 ans;Femmes;309.0;315.1;;83;93
2024;Provence-Alpes-Côte d'Azur;Var;18-24 ans;Femmes;115.0;338.3;;83;93
2024;Provence-Alpes-Côte d'Azur;Vaucluse;00-17 ans;Hommes;21.0;34.7;;84;93
2024;Provence-Alpes-Côte d'Azur;Vaucluse;45-64 ans;Hommes;80.0;110.8;;84;93
2024;Provence-Alpes-Côte d'Azur;Vaucluse;65 ans et plus;Hommes;38.0;63.3;;84;93
2024;Provence-Alpes-Côte d'Azur;Vaucluse;Tous;Hommes;260.0;94.6;97.2;84;93
2024;Provence-Alpes-Côte d'Azur;Vaucluse;00-17 ans;Hommes et Femmes;167.0;142.2;;84;93
2024;Provence-Alpes-Côte d'Azur;Vaucluse;Tous;Hommes et Femmes;752.0;131.5;135.8;84;93
2024;Pays de la Loire;Vendée;00-17 ans;Hommes;40.0;55.2;;85;52
2024;Pays de la Loire;Vendée;18-24 ans;Hommes;64.0;250.6;;85;52
2024;Pays de la Loire;Vendée;65 ans et plus;Hommes;48.0;55.6;;85;52
2024;Pays de la Loire;Vendée;Tous;Hommes;469.0;133.1;140.8;85;52
2024;Pays de la Loire;Vendée;00-17 ans;Femmes;294.0;435.2;;85;52
2024;Pays de la Loire;Vendée;65 ans et plus;Femmes;81.0;76.2;;85;52
2024;Pays de la Loire;Vendée;Tous;Femmes;903.0;247.2;270.2;85;52
2024;Pays de la Loire;Vendée;00-17 ans;Hommes et Femmes;334.0;238.6;;85;52
2024;Pays de la Loire;Vendée;25-44 ans;Hommes et Femmes;348.0;232.5;;85;52
2024;Nouvelle Aquitaine;Vienne;45-64 ans;Hommes;51.0;95.6;;86;75
2024;Nouvelle Aquitaine;Vienne;18-24 ans;Femmes;53.0;252.3;;86;75
2024;Nouvelle Aquitaine;Vienne;65 ans et plus;Femmes;33.0;57.8;;86;75
2024;Nouvelle Aquitaine;Vienne;00-17 ans;Hommes et Femmes;84.0;97.4;;86;75
2024;Nouvelle Aquitaine;Vienne;25-44 ans;Hommes et Femmes;155.0;158.9;;86;75
2024;Nouvelle Aquitaine;Vienne;45-64 ans;Hommes et Femmes;108.0;98.9;;86;75
2024;Nouvelle Aquitaine;Vienne;65 ans et plus;Hommes et Femmes;55.0;53.7;;86;75
2024;Nouvelle Aquitaine;Vienne;Tous;Hommes et Femmes;475.0;108.5;109.5;86;75
2024;Nouvelle Aquitaine;Haute-Vienne;00-17 ans;Hommes;24.0;69.9;;87;75
2024;Nouvelle Aquitaine;Haute-Vienne;25-44 ans;Hommes;62.0;157.0;;87;75
2024;Nouvelle Aquitaine;Haute-Vienne;65 ans et plus;Hommes;21.0;49.6;;87;75
2024;Nouvelle Aquitaine;Haute-Vienne;18-24 ans;Hommes et Femmes;115.0;367.0;;87;75
2024;Nouvelle Aquitaine;Haute-Vienne;45-64 ans;Hommes et Femmes;138.0;144.4;;87;75
2024;Nouvelle Aquitaine;Haute-Vienne;65 ans et plus;Hommes et Femmes;67.0;68.4;;87;75
2024;Grand Est;Vosges;Tous;Femmes;549.0;303.1;327.6;88;44
2024;Grand Est;Vosges;25-44 ans;Hommes et Femmes;281.0;376.3;;88;44
2024;Grand Est;Vosges;65 ans et plus;Hommes et Femmes;84.0;89.9;;88;44
2024;Grand Est;Vosges;Tous;Hommes et Femmes;863.0;243.5;262.0;88;44
2024;Bourgogne et Franche-Comté;Yonne;18-24 ans;Hommes;14.0;123.8;;89;27
2024;Bourgogne et Franche-Comté;Yonne;45-64 ans;Hommes;53.0;120.0;;89;27
2024;Bourgogne et Franche-Comté;Yonne;65 ans et plus;Hommes;22.0;58.1;;89;27
2024;Bourgogne et Franche-Comté;Yonne;45-64 ans;Femmes;74.0;164.6;;89;27
2024;Bourgogne et Franche-Comté;Yonne;65 ans et plus;Femmes;32.0;66.4;;89;27
2024;Bourgogne et Franche-Comté;Yonne;00-17 ans;Hommes et Femmes;151.0;227.5;;89;27
2024;Bourgogne et Franche-Comté;Yonne;25-44 ans;Hommes et Femmes;127.0;182.2;;89;27
2024;Bourgogne et Franche-Comté;Yonne;65 ans et plus;Hommes et Femmes;54.0;62.8;;89;27
2024;Bourgogne et Franche-Comté;Territoire de Belfort;25-44 ans;Hommes;16.0;96.5;;90;27
2024;Bourgogne et Franche-Comté;Territoire de Belfort;45-64 ans;Hommes;18.0;102.2;;90;27
2024;Bourgogne et Franche-Comté;Territoire de Belfort;65 ans et plus;Hommes;5.0;39.1;;90;27
2024;Bourgogne et Franche-Comté;Territoire de Belfort;45-64 ans;Femmes;22.0;122.8;;90;27
2024;Bourgogne et Franche-Comté;Territoire de Belfort;65 ans et plus;Femmes;12.0;71.6;;90;27
2024;Bourgogne et Franche-Comté;Territoire de Belfort;00-17 ans;Hommes et Femmes;46.0;157.0;;90;27
2024;Bourgogne et Franche-Comté;Territoire de Belfort;25-44 ans;Hommes et Femmes;34.0;103.8;;90;27
2024;Bourgogne et Franche-Comté;Territoire de Belfort;65 ans et plus;Hommes et Femmes;17.0;57.5;;90;27
2024;Île-de-France;Essonne;18-24 ans;Hommes;71.0;113.0;;91;11
2024;Île-de-France;Essonne;65 ans et plus;Femmes;77.0;63.1;;91;11
2024;Île-de-France;Essonne;25-44 ans;Hommes et Femmes;331.0;94.1;;91;11
2024;Île-de-France;Essonne;65 ans et plus;Hommes et Femmes;122.0;56.5;;91;11
2024;Île-de-France;Essonne;Tous;Hommes et Femmes;1381.0;103.3;99.6;91;11
2024;Île-de-France;Hauts-de-Seine;18-24 ans;Hommes;87.0;118.1;;92;11
2024;Île-de-France;Hauts-de-Seine;Tous;Hommes;529.0;66.7;66.0;92;11
2024;Île-de-France;Hauts-de-Seine;25-44 ans;Femmes;169.0;67.8;;92;11
2024;Île-de-France;Seine-Saint-Denis;18-24 ans;Hommes;48.0;57.0;;93;11
2024;Île-de-France;Seine-Saint-Denis;25-44 ans;Hommes;108.0;44.8;;93;11
2024;Île-de-France;Seine-Saint-Denis;45-64 ans;Hommes;69.0;34.8;;93;11
2024;Île-de-France;Seine-Saint-Denis;65 ans et plus;Hommes;31.0;30.0;;93;11
2024;Île-de-France;Seine-Saint-Denis;Tous;Hommes;293.0;34.7;34.3;93;11
2024;Île-de-France;Seine-Saint-Denis;45-64 ans;Femmes;97.0;48.8;;93;11
2024;Île-de-France;Seine-Saint-Denis;00-17 ans;Hommes et Femmes;258.0;61.0;;93;11
2024;Île-de-France;Seine-Saint-Denis;45-64 ans;Hommes et Femmes;166.0;41.8;;93;11
2024;Île-de-France;Seine-Saint-Denis;Tous;Hommes et Femmes;902.0;53.0;50.3;93;11
2024;Île-de-France;Val-de-Marne;18-24 ans;Hommes;77.0;115.1;;94;11
2024;Île-de-France;Val-de-Marne;25-44 ans;Hommes;131.0;66.9;;94;11
2024;Île-de-France;Val-de-Marne;65 ans et plus;Hommes;55.0;56.5;;94;11
2024;Île-de-France;Val-de-Marne;65 ans et plus;Femmes;110.0;83.4;;94;11
2024;Île-de-France;Val-de-Marne;Tous;Femmes;963.0;130.4;125.5;94;11
2024;Île-de-France;Val-de-Marne;65 ans et plus;Hommes et Femmes;165.0;71.9;;94;11
2024;Île-de-France;Val-de-Marne;Tous;Hommes et Femmes;1454.0;102.1;98.9;94;11
2024;Île-de-France;Val-d'Oise;00-17 ans;Hommes;65.0;39.4;;95;11
2024;Île-de-France;Val-d'Oise;18-24 ans;Hommes;41.0;69.1;;95;11
2024;Île-de-France;Val-d'Oise;45-64 ans;Hommes;58.0;38.3;;95;11
2024;Île-de-France;Val-d'Oise;65 ans et plus;Hommes et Femmes;77.0;40.0;;95;11
2024;Île-de-France;Val-d'Oise;Tous;Hommes et Femmes;868.0;67.7;64.3;95;11
2024;Guadeloupe;Guadeloupe;45-64 ans;Hommes;8.0;15.5;;971;01
2024;Guadeloupe;Guadeloupe;Tous;Hommes;42.5;24.3;27.5;971;01
2024;Guadeloupe;Guadeloupe;65 ans et plus;Hommes et Femmes;12.0;13.5;;971;01
2024;Guadeloupe;Guadeloupe;Tous;Hommes et Femmes;103.5;27.1;29.5;971;01
2024;Martinique;Martinique;00-17 ans;Hommes;2.5;7.4;;972;02
2024;Martinique;Martinique;25-44 ans;Hommes;22.0;74.5;;972;02
2024;Martinique;Martinique;Tous;Hommes;51.0;31.3;34.0;972;02
2024;Martinique;Martinique;00-17 ans;Femmes;50.0;153.7;;972;02
2024;Martinique;Martinique;25-44 ans;Femmes;19.0;47.3;;972;02
2024;Martinique;Martinique;00-17 ans;Hommes et Femmes;52.5;79.1;;972;02
2024;Martinique;Martinique;65 ans et plus;Hommes et Femmes;19.0;21.4;;972;02
2024;Martinique;Martinique;Tous;Hommes et Femmes;165.0;46.1;50.0;972;02
2024;Guyane;Guyane;45-64 ans;Hommes;7.0;25.8;;973;03
2024;Guyane;Guyane;18-24 ans;Femmes;25.0;158.8;;973;03
2024;Guyane;Guyane;65 ans et plus;Femmes;5.0;44.8;;973;03
2024;Guyane;Guyane;18-24 ans;Hommes et Femmes;40.0;132.4;;973;03
2024;Réunion;Réunion;45-64 ans;Hommes;116.0;100.0;;974;04
2024;Réunion;Réunion;65 ans et plus;Hommes;22.0;36.5;;974;04
2024;Réunion;Réunion;00-17 ans;Femmes;428.0;377.1;;974;04
2024;Réunion;Réunion;25-44 ans;Femmes;198.0;169.3;;974;04
2024;Réunion;Réunion;Tous;Femmes;931.0;199.1;180.6;974;04
2024;Réunion;Réunion;18-24 ans;Hommes et Femmes;182.0;246.7;;974;04
2024;Réunion;Réunion;25-44 ans;Hommes et Femmes;395.0;186.0;;974;04
2024;Réunion;Réunion;65 ans et plus;Hommes et Femmes;48.0;35.6;;974;04
2024;Mayotte;Mayotte;25-44 ans;Hommes;2.5;7.0;;976;06
2024;Mayotte;Mayotte;18-24 ans;Femmes;2.5;14.6;;976;06
2024;Mayotte;Mayotte;45-64 ans;Femmes;0.0;0.0;;976;06
2024;Mayotte;Mayotte;65 ans et plus;Femmes;0.0;0.0;;976;06
2024;Mayotte;Mayotte;Tous;Femmes;7.0;4.2;2.9;976;06
2024;Mayotte;Mayotte;00-17 ans;Hommes et Femmes;2.5;1.5;;976;06
2024;Saint-Barthélemy;Saint-Barthélemy;18-24 ans;Hommes;0.0;;;977;977
2024;Saint-Barthélemy;Saint-Barthélemy;45-64 ans;Hommes;2.5;;;977;977
2024;Saint-Barthélemy;Saint-Barthélemy;65 ans et plus;Hommes;0.0;;;977;977
2024;Saint-Barthélemy;Saint-Barthélemy;18-24 ans;Femmes;2.5;;;977;977
2024;Saint-Barthélemy;Saint-Barthélemy;25-44 ans;Femmes;2.5;;;977;977
2024;Saint-Barthélemy;Saint-Barthélemy;00-17 ans;Hommes et Femmes;2.5;;;977;977
2024;Saint-Barthélemy;Saint-Barthélemy;25-44 ans;Hommes et Femmes;5.0;;;977;977
2024;Saint-Martin;Saint-Martin;18-24 ans;Hommes;0.0;;;978;978
2024;Saint-Martin;Saint-Martin;65 ans et plus;Hommes;2.5;;;978;978
2024;Saint-Martin;Saint-Martin;Tous;Hommes;7.5;;;978;978
2024;Saint-Martin;Saint-Martin;Tous;Hommes et Femmes;25.0;;;978;978
2024;Corse;Corse-du-Sud;25-44 ans;Hommes;24.0;122.2;;2A;94
2024;Corse;Corse-du-Sud;45-64 ans;Hommes;32.0;143.4;;2A;94
2024;Corse;Corse-du-Sud;65 ans et plus;Hommes;6.0;31.7;;2A;94
2024;Corse;Corse-du-Sud;Tous;Hommes;71.5;87.1;91.2;2A;94
2024;Corse;Corse-du-Sud;Tous;Hommes et Femmes;205.5;120.5;125.4;2A;94
2024;Corse;Haute-Corse;00-17 ans;Hommes;2.5;15.5;;2B;94
2024;Corse;Haute-Corse;25-44 ans;Hommes;11.0;51.0;;2B;94
2024;Corse;Haute-Corse;Tous;Hommes;31.5;34.6;33.9;2B;94
2024;Corse;Haute-Corse;65 ans et plus;Femmes;7.0;27.5;;2B;94
2024;Auvergne et Rhône-Alpes;Ain;00-17 ans;Hommes;21.0;25.8;;01;84
2024;Auvergne et Rhône-Alpes;Ain;25-44 ans;Hommes;95.0;112.4;;01;84
2024;Auvergne et Rhône-Alpes;Ain;00-17 ans;Femmes;124.0;161.1;;01;84
2024;Auvergne et Rhône-Alpes;Ain;25-44 ans;Femmes;105.0;121.7;;01;84
2024;Auvergne et Rhône-Alpes;Ain;18-24 ans;Hommes et Femmes;122.0;264.7;;01;84
2024;Auvergne et Rhône-Alpes;Ain;65 ans et plus;Hommes et Femmes;81.0;62.0;;01;84
2024;Hauts-de-France;Aisne;25-44 ans;Femmes;185.0;312.9;;02;32
2024;Hauts-de-France;Aisne;45-64 ans;Femmes;167.0;245.2;;02;32
2024;Hauts-de-France;Aisne;65 ans et plus;Femmes;67.0;102.2;;02;32
2024;Hauts-de-France;Aisne;00-17 ans;Hommes et Femmes;313.0;275.9;;02;32
2024;Hauts-de-France;Aisne;45-64 ans;Hommes et Femmes;302.0;224.6;;02;32
2024;Hauts-de-France;Aisne;65 ans et plus;Hommes et Femmes;104.0;89.6;;02;32
2024;Auvergne et Rhône-Alpes;Allier;45-64 ans;Femmes;46.0;101.9;;03;84
2024;Auvergne et Rhône-Alpes;Allier;18-24 ans;Hommes et Femmes;44.0;199.1;;03;84
2024;Provence-Alpes-Côte d'Azur;Alpes-de-Haute-Provence;18-24 ans;Hommes;13.0;237.9;;04;93
2024;Provence-Alpes-Côte d'Azur;Alpes-de-Haute-Provence;25-44 ans;Hommes;30.0;178.3;;04;93
2024;Provence-Alpes-Côte d'Azur;Alpes-de-Haute-Provence;65 ans et plus;Hommes;17.0;79.6;;04;93
2024;Provence-Alpes-Côte d'Azur;Alpes-de-Haute-Provence;18-24 ans;Hommes et Femmes;38.0;379.5;;04;93
2024;Provence-Alpes-Côte d'Azur;Alpes-de-Haute-Provence;25-44 ans;Hommes et Femmes;66.0;193.9;;04;93
2024;Provence-Alpes-Côte d'Azur;Alpes-de-Haute-Provence;45-64 ans;Hommes et Femmes;67.0;144.0;;04;93
2024;Provence-Alpes-Côte d'Azur;Alpes-de-Haute-Provence;65 ans et plus;Hommes et Femmes;57.0;120.8;;04;93
2024;Provence-Alpes-Côte d'Azur;Alpes-de-Haute-Provence;Tous;Hommes et Femmes;263.0;155.7;164.9;04;93
2024;Provence-Alpes-Côte d'Azur;Hautes-Alpes;45-64 ans;Hommes;31.0;160.8;;05;93
2024;Provence-Alpes-Côte d'Azur;Hautes-Alpes;00-17 ans;Femmes;60.0;491.2;;05;93
2024;Provence-Alpes-Côte d'Azur;Hautes-Alpes;65 ans et plus;Femmes;21.0;97.4;;05;93
2024;Provence-Alpes-Côte d'Azur;Alpes-Maritimes;45-64 ans;Hommes;199.0;141.1;;06;93
2024;Provence-Alpes-Côte d'Azur;Alpes-Maritimes;00-17 ans;Femmes;392.0;389.7;;06;93
2024;Provence-Alpes-Côte d'Azur;Alpes-Maritimes;18-24 ans;Femmes;158.0;392.7;;06;93
2024;Provence-Alpes-Côte d'Azur;Alpes-Maritimes;25-44 ans;Hommes et Femmes;414.0;161.4;;06;93
2024;Auvergne et Rhône-Alpes;Ardèche;00-17 ans;Hommes;21.0;62.8;;07;84
2024;Auvergne et Rhône-Alpes;Ardèche;25-44 ans;Hommes;57.0;164.2;;07;84
2024;Auvergne et Rhône-Alpes;Ardèche;65 ans et plus;Hommes;24.0;59.6;;07;84
2024;Auvergne et Rhône-Alpes;Ardèche;00-17 ans;Hommes et Femmes;107.0;163.5;;07;84
2024;Auvergne et Rhône-Alpes;Ardèche;25-44 ans;Hommes et Femmes;121.0;173.3;;07;84
2024;Auvergne et Rhône-Alpes;Ardèche;65 ans et plus;Hommes et Femmes;55.0;61.5;;07;84
2024;Grand Est;Ardennes;65 ans et plus;Femmes;25.0;71.7;;08;44
2024;Grand Est;Ardennes;Tous;Femmes;265.0;196.9;204.1;08;44
2024;Grand Est;Ardennes;45-64 ans;Hommes et Femmes;110.0;155.3;;08;44
2024;Grand Est;Ardennes;65 ans et plus;Hommes et Femmes;47.0;75.5;;08;44
2024;Grand Est;Ardennes;Tous;Hommes et Femmes;430.0;162.5;168.2;08;44
2024;Occitanie;Ariège;00-17 ans;Hommes;5.0;34.6;;09;76
2024;Occitanie;Ariège;45-64 ans;Hommes;22.0;105.8;;09;76
2024;Occitanie;Ariège;65 ans et plus;Hommes;8.0;41.0;;09;76
2024;Occitanie;Ariège;25-44 ans;Femmes;39.0;237.1;;09;76
2024;Occitanie;Ariège;45-64 ans;Femmes;43.0;199.8;;09;76
2024;Occitanie;Ariège;00-17 ans;Hommes et Femmes;27.0;95.2;;09;76
2024;Grand Est;Aube;00-17 ans;Hommes;15.0;43.7;;10;44
2024;Grand Est;Aube;00-17 ans;Femmes;106.0;332.3;;10;44
2024;Grand Est;Aube;18-24 ans;Femmes;24.0;211.9;;10;44
2024;Grand Est;Aube;Tous;Femmes;215.0;135.2;136.4;10;44
2024;Grand Est;Aube;00-17 ans;Hommes et Femmes;121.0;182.7;;10;44
2024;Occitanie;Aude;45-64 ans;Femmes;81.0;152.5;;11;76
2024;Occitanie;Aude;Tous;Femmes;345.0;175.7;190.2;11;76
2024;Occitanie;Aude;45-64 ans;Hommes et Femmes;146.0;142.7;;11;76
2024;Occitanie;Aveyron;45-64 ans;Hommes;35.0;91.6;;12;76
2024;Occitanie;Aveyron;00-17 ans;Femmes;37.0;152.3;;12;76
2024;Occitanie;Aveyron;25-44 ans;Femmes;32.0;114.3;;12;76
2024;Occitanie;Aveyron;45-64 ans;Femmes;55.0;146.0;;12;76
2024;Occitanie;Aveyron;18-24 ans;Hommes et Femmes;40.0;242.4;;12;76
2024;Provence-Alpes-Côte d'Azur;Bouches-du-Rhône;25-44 ans;Femmes;309.0;116.7;;13;93
2024;Provence-Alpes-Côte d'Azur;Bouches-du-Rhône;45-64 ans;Femmes;313.0;115.3;;13;93
2024;Normandie;Calvados;18-24 ans;Hommes;49.0;154.4;;14;28
2024;Normandie;Calvados;18-24 ans;Femmes;158.0;523.3;;14;28
2024;Normandie;Calvados;25-44 ans;Femmes;156.0;189.7;;14;28
2024;Normandie;Calvados;65 ans et plus;Femmes;86.0;89.1;;14;28
2024;Normandie;Calvados;45-64 ans;Hommes et Femmes;215.0;122.2;;14;28
2024;Auvergne et Rhône-Alpes;Cantal;00-17 ans;Femmes;37.0;319.5;;15;84
2024;Auvergne et Rhône-Alpes;Cantal;65 ans et plus;Femmes;13.0;55.0;;15;84
2024;Auvergne et Rhône-Alpes;Cantal;Tous;Femmes;94.0;128.6;146.0;15;84
2024;Auvergne et Rhône-Alpes;Cantal;00-17 ans;Hommes et Femmes;44.0;185.3;;15;84
2024;Nouvelle Aquitaine;Charente;18-24 ans;Hommes;18.0;137.9;;16;75
2024;Nouvelle Aquitaine;Charente;45-64 ans;Femmes;85.0;176.4;;16;75
2024;Nouvelle Aquitaine;Charente;45-64 ans;Hommes et Femmes;155.0;164.3;;16;75
2024;Nouvelle Aquitaine;Charente-Maritime;18-24 ans;Hommes;41.0;170.5;;17;75
2024;Nouvelle Aquitaine;Charente-Maritime;45-64 ans;Hommes;111.0;128.6;;17;75
2024;Nouvelle Aquitaine;Charente-Maritime;65 ans et plus;Hommes;43.0;48.6;;17;75
2024;Nouvelle Aquitaine;Charente-Maritime;25-44 ans;Femmes;172.0;250.5;;17;75
2024;Nouvelle Aquitaine;Charente-Maritime;45-64 ans;Hommes et Femmes;300.0;167.3;;17;75
2024;Nouvelle Aquitaine;Charente-Maritime;Tous;Hommes et Femmes;1171.0;172.9;190.5;17;75
2024;Centre-Val de Loire;Cher;18-24 ans;Hommes;13.0;121.9;;18;24
2024;Centre-Val de Loire;Cher;25-44 ans;Hommes;36.0;115.0;;18;24
2024;Centre-Val de Loire;Cher;18-24 ans;Femmes;20.0;222.8;;18;24
2024;Centre-Val de Loire;Cher;45-64 ans;Femmes;42.0;105.2;;18;24
2024;Centre-Val de Loire;Cher;65 ans et plus;Femmes;33.0;73.0;;18;24
2024;Centre-Val de Loire;Cher;00-17 ans;Hommes et Femmes;61.0;108.2;;18;24
2024;Nouvelle Aquitaine;Corrèze;00-17 ans;Hommes;11.0;51.4;;19;75
2024;Nouvelle Aquitaine;Corrèze;00-17 ans;Femmes;75.0;379.5;;19;75
2024;Nouvelle Aquitaine;Corrèze;18-24 ans;Femmes;19.0;282.0;;19;75
2024;Nouvelle Aquitaine;Corrèze;25-44 ans;Femmes;45.0;187.0;;19;75
2024;Nouvelle Aquitaine;Corrèze;00-17 ans;Hommes et Femmes;86.0;208.9;;19;75
2024;Nouvelle Aquitaine;Corrèze;25-44 ans;Hommes et Femmes;77.0;156.9;;19;75
2024;Nouvelle Aquitaine;Corrèze;Tous;Hommes et Femmes;338.0;141.0;152.9;19;75
2024;Bourgogne et Franche-Comté;Côte-d'Or;18-24 ans;Femmes;173.0;660.3;;21;27
2024;Bourgogne et Franche-Comté;Côte-d'Or;45-64 ans;Femmes;116.0;169.4;;21;27
2024;Bourgogne et Franche-Comté;Côte-d'Or;Tous;Femmes;791.0;285.5;287.1;21;27
2024;Bourgogne et Franche-Comté;Côte-d'Or;65 ans et plus;Hommes et Femmes;100.0;82.7;;21;27
2024;Bretagne;Côtes-d'Armor;25-44 ans;Femmes;208.0;339.5;;22;53
2024;Bretagne;Côtes-d'Armor;45-64 ans;Femmes;231.0;278.2;;22;53
2024;Bretagne;Côtes-d'Armor;Tous;Femmes;975.0;308.4;339.3;22;53
2024;Bretagne;Côtes-d'Armor;45-64 ans;Hommes et Femmes;399.0;244.5;;22;53
2024;Bretagne;Côtes-d'Armor;65 ans et plus;Hommes et Femmes;154.0;90.7;;22;53
2024;Nouvelle Aquitaine;Creuse;00-17 ans;Hommes;2.5;26.7;;23;75
2024;Nouvelle Aquitaine;Creuse;18-24 ans;Femmes;19.0;672.3;;23;75
2024;Nouvelle Aquitaine;Creuse;00-17 ans;Hommes et Femmes;27.5;149.1;;23;75
2024;Nouvelle Aquitaine;Dordogne;00-17 ans;Femmes;141.0;419.4;;24;75
2024;Nouvelle Aquitaine;Dordogne;00-17 ans;Hommes et Femmes;157.0;226.1;;24;75
2024;Nouvelle Aquitaine;Dordogne;45-64 ans;Hommes et Femmes;210.0;180.0;;24;75
2024;Nouvelle Aquitaine;Dordogne;Tous;Hommes et Femmes;774.0;185.4;209.2;24;75
2024;Bourgogne et Franche-Comté;Doubs;65 ans et plus;Hommes;27.0;53.8;;25;27
2024;Bourgogne et Franche-Comté;Doubs;00-17 ans;Femmes;181.0;315.2;;25;27
2024;Bourgogne et Franche-Comté;Doubs;18-24 ans;Femmes;65.0;275.9;;25;27
2024;Bourgogne et Franche-Comté;Doubs;45-64 ans;Femmes;87.0;127.5;;25;27
2024;Bourgogne et Franche-Comté;Doubs;65 ans et plus;Femmes;23.0;35.7;;25;27
2024;Bourgogne et Franche-Comté;Doubs;Tous;Femmes;453.0;161.4;159.1;25;27
2024;Bourgogne et Franche-Comté;Doubs;18-24 ans;Hommes et Femmes;96.0;196.1;;25;27
2024;Bourgogne et Franche-Comté;Doubs;25-44 ans;Hommes et Femmes;177.0;132.3;;25;27
2024;Bourgogne et Franche-Comté;Doubs;45-64 ans;Hommes et Femmes;149.0;110.0;;25;27
2024;Bourgogne et Franche-Comté;Doubs;65 ans et plus;Hommes et Femmes;50.0;43.6;;25;27
2024;Auvergne et Rhône-Alpes;Drôme;18-24 ans;Hommes;32.0;168.1;;26;84
2024;Auvergne et Rhône-Alpes;Drôme;25-44 ans;Hommes;94.0;159.9;;26;84
2024;Auvergne et Rhône-Alpes;Drôme;45-64 ans;Hommes;68.0;103.1;;26;84
2024;Auvergne et Rhône-Alpes;Drôme;65 ans et plus;Femmes;59.0;86.0;;26;84
2024;Auvergne et Rhône-Alpes;Drôme;Tous;Hommes et Femmes;725.0;138.5;143.4;26;84
2024;Normandie;Eure;25-44 ans;Hommes;110.0;159.5;;27;28
2024;Normandie;Eure;25-44 ans;Femmes;162.0;228.9;;27;28
2024;Normandie;Eure;00-17 ans;Hommes et Femmes;270.0;200.0;;27;28
2024;Normandie;Eure;18-24 ans;Hommes et Femmes;158.0;381.6;;27;28
2024;Normandie;Eure;45-64 ans;Hommes et Femmes;236.0;149.2;;27;28
2024;Centre-Val de Loire;Eure-et-Loir;00-17 ans;Hommes;16.0;32.0;;28;24
2024;Centre-Val de Loire;Eure-et-Loir;25-44 ans;Hommes;83.0;173.1;;28;24
2024;Centre-Val de Loire;Eure-et-Loir;25-44 ans;Femmes;63.0;126.5;;28;24
2024;Centre-Val de Loire;Eure-et-Loir;65 ans et plus;Femmes;33.0;62.0;;28;24
2024;Centre-Val de Loire;Eure-et-Loir;Tous;Femmes;359.0;162.3;166.1;28;24
2024;Centre-Val de Loire;Eure-et-Loir;00-17 ans;Hommes et Femmes;128.0;132.4;;28;24
2024;Centre-Val de Loire;Eure-et-Loir;Tous;Hommes et Femmes;575.0;132.7;137.2;28;24
2024;Bretagne;Finistère;18-24 ans;Hommes;67.0;183.9;;29;53
2024;Bretagne;Finistère;00-17 ans;Femmes;334.0;388.6;;29;53
2024;Bretagne;Finistère;45-64 ans;Femmes;246.0;198.0;;29;53
2024;Bretagne;Finistère;65 ans et plus;Femmes;122.0;91.1;;29;53
2024;Bretagne;Finistère;00-17 ans;Hommes et Femmes;382.0;216.1;;29;53
2024;Bretagne;Finistère;45-64 ans;Hommes et Femmes;431.0;174.1;;29;53
2024;Bretagne;Finistère;65 ans et plus;Hommes et Femmes;183.0;77.8;;29;53
2024;Bretagne;Finistère;Tous;Hommes et Femmes;1771.0;189.7;198.4;29;53
2024;Occitanie;Gard;00-17 ans;Hommes;25.0;31.3;;30;76
2024;Occitanie;Gard;65 ans et plus;Hommes;49.0;57.6;;30;76
2024;Occitanie;Gard;Tous;Hommes;325.0;87.0;89.3;30;76
2024;Occitanie;Gard;00-17 ans;Femmes;201.0;270.4;;30;76
2024;Occitanie;Gard;18-24 ans;Femmes;133.0;504.1;;30;76
2024;Occitanie;Gard;25-44 ans;Femmes;151.0;177.3;;30;76
2024;Occitanie;Gard;45-64 ans;Femmes;143.0;135.6;;30;76
2024;Occitanie;Gard;65 ans et plus;Femmes;86.0;80.2;;30;76
2024;Occitanie;Gard;Tous;Femmes;714.0;179.1;188.1;30;76
2024;Occitanie;Gard;00-17 ans;Hommes et Femmes;226.0;146.6;;30;76
2024;Occitanie;Haute-Garonne;45-64 ans;Hommes;130.0;73.3;;31;76
2024;Occitanie;Haute-Garonne;Tous;Hommes;523.0;71.8;69.2;31;76
2024;Occitanie;Haute-Garonne;00-17 ans;Femmes;245.0;164.7;;31;76
2024;Occitanie;Haute-Garonne;65 ans et plus;Femmes;93.0;62.8;;31;76
2024;Occitanie;Haute-Garonne;25-44 ans;Hommes et Femmes;376.0;90.8;;31;76
2024;Occitanie;Gers;18-24 ans;Hommes;7.0;113.8;;32;76
2024;Occitanie;Gers;45-64 ans;Hommes;30.0;112.4;;32;76
2024;Occitanie;Gers;65 ans et plus;Hommes;9.0;35.0;;32;76
2024;Occitanie;Gers;Tous;Hommes;92.0;97.7;107.1;32;76
2024;Occitanie;Gers;18-24 ans;Femmes;20.0;388.4;;32;76
2024;Occitanie;Gers;25-44 ans;Femmes;29.0;155.9;;32;76
2024;Occitanie;Gers;45-64 ans;Femmes;53.0;188.9;;32;76
2024;Occitanie;Gers;65 ans et plus;Femmes;33.0;107.9;;32;76
2024;Occitanie;Gers;Tous;Femmes;149.0;150.8;157.1;32;76
2024;Occitanie;Gers;00-17 ans;Hommes et Femmes;23.0;67.7;;32;76
2024;Occitanie;Gers;65 ans et plus;Hommes et Femmes;42.0;74.6;;32;76
2024;Nouvelle Aquitaine;Gironde;25-44 ans;Hommes;401.0;185.3;;33;75
2024;Nouvelle Aquitaine;Gironde;25-44 ans;Femmes;431.0;190.9;;33;75
2024;Nouvelle Aquitaine;Gironde;25-44 ans;Hommes et Femmes;832.0;188.1;;33;75
2024;Occitanie;Hérault;25-44 ans;Hommes;160.0;110.4;;34;76
2024;Occitanie;Hérault;00-17 ans;Femmes;182.0;155.4;;34;76
2024;Occitanie;Hérault;Tous;Femmes;886.0;136.4;135.5;34;76
2024;Occitanie;Hérault;18-24 ans;Hommes et Femmes;250.0;221.3;;34;76
2024;Bretagne;Ille-et-Vilaine;Tous;Femmes;1253.0;217.7;209.7;35;53
2024;Bretagne;Ille-et-Vilaine;45-64 ans;Hommes et Femmes;471.0;170.7;;35;53
2024;Centre-Val de Loire;Indre;65 ans et plus;Femmes;22.0;62.1;;36;24
2024;Centre-Val de Loire;Indre;18-24 ans;Hommes et Femmes;46.0;351.1;;36;24
2024;Centre-Val de Loire;Indre;45-64 ans;Hommes et Femmes;75.0;127.9;;36;24
2024;Centre-Val de Loire;Indre;Tous;Hommes et Femmes;251.0;117.0;127.1;36;24
2024;Centre-Val de Loire;Indre-et-Loire;00-17 ans;Hommes;23.0;36.8;;37;24
2024;Centre-Val de Loire;Indre-et-Loire;45-64 ans;Hommes;77.0;102.3;;37;24
2024;Centre-Val de Loire;Indre-et-Loire;00-17 ans;Femmes;165.0;275.6;;37;24
2024;Centre-Val de Loire;Indre-et-Loire;18-24 ans;Femmes;155.0;567.4;;37;24
2024;Centre-Val de Loire;Indre-et-Loire;25-44 ans;Femmes;144.0;195.5;;37;24
2024;Centre-Val de Loire;Indre-et-Loire;18-24 ans;Hommes et Femmes;227.0;421.3;;37;24
2024;Centre-Val de Loire;Indre-et-Loire;25-44 ans;Hommes et Femmes;268.0;185.2;;37;24
2024;Centre-Val de Loire;Indre-et-Loire;45-64 ans;Hommes et Femmes;184.0;119.0;;37;24
2024;Auvergne et Rhône-Alpes;Isère;00-17 ans;Hommes;58.0;40.0;;38;84
2024;Auvergne et Rhône-Alpes;Isère;18-24 ans;Hommes;109.0;186.9;;38;84
2024;Auvergne et Rhône-Alpes;Isère;Tous;Hommes;714.0;111.5;111.0;38;84
2024;Auvergne et Rhône-Alpes;Isère;18-24 ans;Femmes;305.0;576.8;;38;84
2024;Auvergne et Rhône-Alpes;Isère;00-17 ans;Hommes et Femmes;425.0;150.0;;38;84
2024;Auvergne et Rhône-Alpes;Isère;45-64 ans;Hommes et Femmes;479.0;145.0;;38;84
2024;Bourgogne et Franche-Comté;Jura;00-17 ans;Hommes;9.0;34.6;;39;27
2024;Bourgogne et Franche-Comté;Jura;Tous;Hommes;141.0;111.5;115.5;39;27
2024;Bourgogne et Franche-Comté;Jura;00-17 ans;Femmes;93.0;376.0;;39;27
2024;Bourgogne et Franche-Comté;Jura;25-44 ans;Femmes;63.0;225.8;;39;27
2024;Bourgogne et Franche-Comté;Jura;45-64 ans;Femmes;71.0;202.7;;39;27
2024;Bourgogne et Franche-Comté;Jura;00-17 ans;Hommes et Femmes;102.0;201.0;;39;27
2024;Nouvelle Aquitaine;Landes;18-24 ans;Hommes;18.0;129.8;;40;75
2024;Nouvelle Aquitaine;Landes;45-64 ans;Hommes;51.0;85.5;;40;75
2024;Nouvelle Aquitaine;Landes;65 ans et plus;Hommes;20.0;38.1;;40;75
2024;Nouvelle Aquitaine;Landes;Tous;Hommes;150.0;70.7;73.5;40;75
2024;Nouvelle Aquitaine;Landes;00-17 ans;Femmes;126.0;326.4;;40;75
2024;Nouvelle Aquitaine;Landes;25-44 ans;Femmes;72.0;154.7;;40;75
2024;Nouvelle Aquitaine;Landes;65 ans et plus;Femmes;40.0;60.8;;40;75
2024;Nouvelle Aquitaine;Landes;00-17 ans;Hommes et Femmes;141.0;177.5;;40;75
2024;Nouvelle Aquitaine;Landes;25-44 ans;Hommes et Femmes;118.0;128.7;;40;75
2024;Nouvelle Aquitaine;Landes;65 ans et plus;Hommes et Femmes;60.0;50.7;;40;75
2024;Centre-Val de Loire;Loir-et-Cher;Tous;Femmes;331.0;196.3;208.9;41;24
2024;Centre-Val de Loire;Loir-et-Cher;65 ans et plus;Hommes et Femmes;72.0;82.7;;41;24
2024;Auvergne et Rhône-Alpes;Loire;45-64 ans;Hommes;139.0;146.9;;42;84
2024;Auvergne et Rhône-Alpes;Loire;18-24 ans;Femmes;151.0;493.4;;42;84
2024;Auvergne et Rhône-Alpes;Loire;45-64 ans;Hommes et Femmes;308.0;161.1;;42;84
2024;Auvergne et Rhône-Alpes;Haute-Loire;65 ans et plus;Hommes;18.0;67.7;;43;84
2024;Auvergne et Rhône-Alpes;Haute-Loire;Tous;Hommes;155.0;137.8;144.6;43;84
2024;Auvergne et Rhône-Alpes;Haute-Loire;Tous;Femmes;268.0;232.0;249.8;43;84
2024;Auvergne et Rhône-Alpes;Haute-Loire;00-17 ans;Hommes et Femmes;70.0;158.3;;43;84
2024;Auvergne et Rhône-Alpes;Haute-Loire;Tous;Hommes et Femmes;423.0;185.5;198.8;43;84
2024;Pays de la Loire;Loire-Atlantique;18-24 ans;Hommes;71.0;105.2;;44;52
2024;Pays de la Loire;Loire-Atlantique;65 ans et plus;Hommes;71.0;56.7;;44;52
2024;Pays de la Loire;Loire-Atlantique;65 ans et plus;Femmes;111.0;66.1;;44;52
2024;Centre-Val de Loire;Loiret;00-17 ans;Hommes;19.0;24.3;;45;24
2024;Centre-Val de Loire;Loiret;18-24 ans;Hommes;41.0;138.5;;45;24
2024;Centre-Val de Loire;Loiret;00-17 ans;Femmes;167.0;225.9;;45;24
2024;Centre-Val de Loire;Loiret;Tous;Femmes;665.0;188.5;190.0;45;24
2024;Centre-Val de Loire;Loiret;00-17 ans;Hommes et Femmes;186.0;122.4;;45;24
2024;Occitanie;Lot;18-24 ans;Femmes;55.0;1264.9;;46;76
2024;Occitanie;Lot;45-64 ans;Hommes et Femmes;72.0;147.6;;46;76
2024;Nouvelle Aquitaine;Lot-et-Garonne;00-17 ans;Hommes;7.0;21.6;;47;75
2024;Nouvelle Aquitaine;Lot-et-Garonne;00-17 ans;Femmes;108.0;352.8;;47;75
2024;Nouvelle Aquitaine;Lot-et-Garonne;25-44 ans;Femmes;68.0;195.3;;47;75
2024;Nouvelle Aquitaine;Lot-et-Garonne;Tous;Femmes;376.0;218.9;237.0;47;75
2024;Nouvelle Aquitaine;Lot-et-Garonne;25-44 ans;Hommes et Femmes;129.0;188.6;;47;75
2024;Nouvelle Aquitaine;Lot-et-Garonne;65 ans et plus;Hommes et Femmes;71.0;76.9;;47;75
2024;Occitanie;Lozère;00-17 ans;Hommes;2.5;35.3;;48;76
2024;Occitanie;Lozère;45-64 ans;Femmes;10.0;97.4;;48;76
2024;Occitanie;Lozère;Tous;Hommes et Femmes;74.0;96.7;105.1;48;76
2024;Pays de la Loire;Maine-et-Loire;00-17 ans;Hommes;38.0;41.2;;49;52
2024;Pays de la Loire;Maine-et-Loire;18-24 ans;Hommes;44.0;114.9;;49;52
2024;Pays de la Loire;Maine-et-Loire;45-64 ans;Hommes;89.0;87.6;;49;52
2024;Pays de la Loire;Maine-et-Loire;25-44 ans;Femmes;106.0;108.2;;49;52
2024;Pays de la Loire;Maine-et-Loire;45-64 ans;Femmes;108.0;104.3;;49;52
2024;Normandie;Manche;00-17 ans;Hommes;33.0;68.1;;50;28
2024;Normandie;Manche;45-64 ans;Hommes;122.0;186.4;;50;28
2024;Normandie;Manche;65 ans et plus;Hommes;49.0;84.2;;50;28
2024;Normandie;Manche;Tous;Hommes;422.0;173.8;181.5;50;28
2024;Normandie;Manche;45-64 ans;Femmes;122.0;183.0;;50;28
2024;Normandie;Manche;18-24 ans;Hommes et Femmes;160.0;502.4;;50;28
2024;Normandie;Manche;45-64 ans;Hommes et Femmes;244.0;184.7;;50;28
2024;Grand Est;Marne;Tous;Hommes;261.0;96.7;95.8;51;44
2024;Grand Est;Marne;25-44 ans;Femmes;122.0;178.8;;51;44
2024;Grand Est;Marne;45-64 ans;Femmes;115.0;161.8;;51;44
2024;Grand Est;Marne;45-64 ans;Hommes et Femmes;193.0;138.5;;51;44
2024;Grand Est;Haute-Marne;00-17 ans;Femmes;54.0;357.1;;52;44
2024;Grand Est;Haute-Marne;45-64 ans;Femmes;62.0;279.0;;52;44
2024;Grand Est;Haute-Marne;00-17 ans;Hommes et Femmes;56.5;182.2;;52;44
2024;Grand Est;Haute-Marne;65 ans et plus;Hommes et Femmes;35.0;76.6;;52;44
2024;Grand Est;Haute-Marne;Tous;Hommes et Femmes;373.5;222.3;239.8;52;44
2024;Pays de la Loire;Mayenne;65 ans et plus;Hommes;20.0;62.6;;53;52
2024;Pays de la Loire;Mayenne;45-64 ans;Femmes;81.0;207.4;;53;52
2024;Pays de la Loire;Mayenne;00-17 ans;Hommes et Femmes;243.0;375.8;;53;52
2024;Pays de la Loire;Mayenne;45-64 ans;Hommes et Femmes;125.0;159.0;;53;52
2024;Grand Est;Meurthe-et-Moselle;00-17 ans;Femmes;98.0;139.0;;54;44
2024;Grand Est;Meurthe-et-Moselle;45-64 ans;Hommes et Femmes;200.0;110.4;;54;44
2024;Grand Est;Meurthe-et-Moselle;65 ans et plus;Hommes et Femmes;87.0;57.3;;54;44
2024;Grand Est;Meuse;00-17 ans;Hommes;12.0;66.8;;55;44
2024;Grand Est;Meuse;25-44 ans;Femmes;37.0;197.8;;55;44
2024;Grand Est;Meuse;65 ans et plus;Femmes;18.0;71.8;;55;44
2024;Grand Est;Meuse;Tous;Femmes;180.0;200.7;214.8;55;44
2024;Grand Est;Meuse;00-17 ans;Hommes et Femmes;52.0;149.9;;55;44
2024;Grand Est;Meuse;18-24 ans;Hommes et Femmes;48.0;395.2;;55;44
2024;Bretagne;Morbihan;25-44 ans;Hommes;177.0;217.8;;56;53
2024;Bretagne;Morbihan;25-44 ans;Femmes;167.0;205.8;;56;53
2024;Bretagne;Morbihan;Tous;Femmes;862.0;213.6;232.2;56;53
2024;Bretagne;Morbihan;00-17 ans;Hommes et Femmes;306.0;206.2;;56;53
2024;Grand Est;Moselle;18-24 ans;Hommes;49.0;119.4;;57;44
2024;Grand Est;Moselle;45-64 ans;Hommes;146.0;106.2;;57;44
2024;Grand Est;Moselle;00-17 ans;Femmes;273.0;271.6;;57;44
2024;Grand Est;Moselle;25-44 ans;Hommes et Femmes;306.0;117.0;;57;44
2024;Grand Est;Moselle;65 ans et plus;Hommes et Femmes;152.0;67.1;;57;44
2024;Bourgogne et Franche-Comté;Nièvre;00-17 ans;Hommes;9.0;52.1;;58;27
2024;Bourgogne et Franche-Comté;Nièvre;65 ans et plus;Hommes;13.0;48.0;;58;27
2024;Bourgogne et Franche-Comté;Nièvre;65 ans et plus;Hommes et Femmes;28.0;45.0;;58;27
2024;Hauts-de-France;Nord;00-17 ans;Hommes;214.0;72.1;;59;32
2024;Hauts-de-France;Nord;45-64 ans;Hommes;834.0;269.5;;59;32
2024;Hauts-de-France;Nord;65 ans et plus;Hommes;180.0;88.4;;59;32
2024;Hauts-de-France;Nord;25-44 ans;Femmes;1117.0;332.8;;59;32
2024;Hauts-de-France;Nord;45-64 ans;Femmes;928.0;287.6;;59;32
2024;Hauts-de-France;Nord;65 ans et plus;Femmes;328.0;114.6;;59;32
2024;Hauts-de-France;Nord;25-44 ans;Hommes et Femmes;2324.0;351.1;;59;32
2024;Hauts-de-France;Nord;Tous;Hommes et Femmes;7511.0;287.1;277.8;59;32
2024;Hauts-de-France;Oise;Tous;Hommes;408.0;100.3;100.2;60;32
2024;Hauts-de-France;Oise;18-24 ans;Femmes;102.0;323.3;;60;32
2024;Hauts-de-France;Oise;25-44 ans;Femmes;144.0;140.5;;60;32
2024;Hauts-de-France;Oise;65 ans et plus;Femmes;78.0;90.3;;60;32
2024;Hauts-de-France;Oise;45-64 ans;Hommes et Femmes;298.0;138.3;;60;32
2024;Hauts-de-France;Oise;Tous;Hommes et Femmes;1257.0;151.4;148.4;60;32
2024;Normandie;Orne;25-44 ans;Hommes;85.0;307.7;;61;28
2024;Normandie;Orne;45-64 ans;Hommes;47.0;131.6;;61;28
2024;Normandie;Orne;65 ans et plus;Hommes;23.0;68.3;;61;28
2024;Normandie;Orne;Tous;Hommes;191.0;142.6;153.1;61;28
2024;Normandie;Orne;18-24 ans;Hommes et Femmes;92.0;503.9;;61;28
2024;Normandie;Orne;Tous;Hommes et Femmes;604.0;220.9;243.0;61;28
2024;Hauts-de-France;Pas-de-Calais;00-17 ans;Hommes;115.0;70.1;;62;32
2024;Hauts-de-France;Pas-de-Calais;18-24 ans;Hommes;189.0;313.8;;62;32
2024;Hauts-de-France;Pas-de-Calais;25-44 ans;Hommes;467.0;274.0;;62;32
2024;Hauts-de-France;Pas-de-Calais;45-64 ans;Hommes;410.0;223.8;;62;32
2024;Hauts-de-France;Pas-de-Calais;Tous;Femmes;2032.0;271.6;272.5;62;32
2024;Auvergne et Rhône-Alpes;Puy-de-Dôme;00-17 ans;Femmes;133.0;213.1;;63;84
2024;Auvergne et Rhône-Alpes;Puy-de-Dôme;65 ans et plus;Femmes;64.0;73.5;;63;84
2024;Auvergne et Rhône-Alpes;Puy-de-Dôme;Tous;Femmes;734.0;214.8;214.7;63;84
2024;Auvergne et Rhône-Alpes;Puy-de-Dôme;18-24 ans;Hommes et Femmes;267.0;454.7;;63;84
2024;Nouvelle Aquitaine;Pyrénées-Atlantiques;45-64 ans;Hommes;46.0;49.8;;64;75
2024;Nouvelle Aquitaine;Pyrénées-Atlantiques;Tous;Hommes;145.0;42.6;42.7;64;75
2024;Nouvelle Aquitaine;Pyrénées-Atlantiques;00-17 ans;Femmes;74.0;120.4;;64;75
2024;Nouvelle Aquitaine;Pyrénées-Atlantiques;45-64 ans;Femmes;53.0;54.0;;64;75
2024;Nouvelle Aquitaine;Pyrénées-Atlantiques;65 ans et plus;Femmes;26.0;24.9;;64;75
2024;Nouvelle Aquitaine;Pyrénées-Atlantiques;Tous;Femmes;240.0;65.1;70.5;64;75
2024;Nouvelle Aquitaine;Pyrénées-Atlantiques;00-17 ans;Hommes et Femmes;81.0;63.4;;64;75
2024;Occitanie;Hautes-Pyrénées;18-24 ans;Hommes;26.0;297.0;;65;76
2024;Occitanie;Hautes-Pyrénées;25-44 ans;Hommes;48.0;198.3;;65;76
2024;Occitanie;Hautes-Pyrénées;65 ans et plus;Hommes;17.0;59.8;;65;76
2024;Occitanie;Hautes-Pyrénées;18-24 ans;Femmes;51.0;710.8;;65;76
2024;Occitanie;Hautes-Pyrénées;65 ans et plus;Femmes;18.0;49.1;;65;76
2024;Occitanie;Hautes-Pyrénées;Tous;Femmes;218.0;182.1;204.8;65;76
2024;Occitanie;Hautes-Pyrénées;45-64 ans;Hommes et Femmes;89.0;142.0;;65;76
2024;Occitanie;Pyrénées-Orientales;18-24 ans;Hommes;17.0;96.8;;66;76
2024;Occitanie;Pyrénées-Orientales;65 ans et plus;Hommes;27.0;45.5;;66;76
2024;Occitanie;Pyrénées-Orientales;45-64 ans;Femmes;78.0;113.2;;66;76
2024;Occitanie;Pyrénées-Orientales;Tous;Femmes;420.0;160.3;172.7;66;76
2024;Occitanie;Pyrénées-Orientales;45-64 ans;Hommes et Femmes;139.0;105.5;;66;76
2024;Grand Est;Bas-Rhin;25-44 ans;Hommes;146.0;99.9;;67;44
2024;Grand Est;Bas-Rhin;Tous;Hommes;405.0;71.4;70.1;67;44
2024;Grand Est;Bas-Rhin;65 ans et plus;Femmes;85.0;65.2;;67;44
2024;Grand Est;Bas-Rhin;Tous;Femmes;879.0;147.0;146.9;67;44
2024;Grand Est;Bas-Rhin;65 ans et plus;Hommes et Femmes;126.0;53.8;;67;44
2024;Grand Est;Bas-Rhin;Tous;Hommes et Femmes;1284.0;110.2;109.7;67;44
2024;Grand Est;Haut-Rhin;00-17 ans;Hommes;20.0;25.5;;68;44
2024;Grand Est;Haut-Rhin;65 ans et plus;Hommes;29.0;38.5;;68;44
2024;Grand Est;Haut-Rhin;Tous;Hommes;162.0;42.9;42.7;68;44
2024;Grand Est;Haut-Rhin;00-17 ans;Femmes;252.0;340.6;;68;44
2024;Grand Est;Haut-Rhin;65 ans et plus;Femmes;36.0;38.7;;68;44
2024;Grand Est;Haut-Rhin;00-17 ans;Hommes et Femmes;272.0;178.3;;68;44
2024;Grand Est;Haut-Rhin;18-24 ans;Hommes et Femmes;43.0;77.8;;68;44
2024;Grand Est;Haut-Rhin;Tous;Hommes et Femmes;572.0;74.6;76.8;68;44
2024;Auvergne et Rhône-Alpes;Rhône;18-24 ans;Hommes;147.0;151.8;;69;84
2024;Auvergne et Rhône-Alpes;Rhône;45-64 ans;Hommes;201.0;92.0;;69;84
2024;Auvergne et Rhône-Alpes;Rhône;00-17 ans;Femmes;381.0;188.9;;69;84
2024;Auvergne et Rhône-Alpes;Rhône;45-64 ans;Hommes et Femmes;428.0;96.3;;69;84
2024;Auvergne et Rhône-Alpes;Rhône;65 ans et plus;Hommes et Femmes;185.0;54.0;;69;84
2024;Bourgogne et Franche-Comté;Haute-Saône;25-44 ans;Hommes;39.0;158.1;;70;27
2024;Bourgogne et Franche-Comté;Haute-Saône;Tous;Femmes;221.0;187.4;195.5;70;27
2024;Bourgogne et Franche-Comté;Haute-Saône;00-17 ans;Hommes et Femmes;94.0;204.9;;70;27
2024;Bourgogne et Franche-Comté;Haute-Saône;45-64 ans;Hommes et Femmes;104.0;163.2;;70;27
2024;Bourgogne et Franche-Comté;Saône-et-Loire;00-17 ans;Hommes;24.0;44.9;;71;27
2024;Bourgogne et Franche-Comté;Saône-et-Loire;18-24 ans;Femmes;135.0;858.1;;71;27
2024;Bourgogne et Franche-Comté;Saône-et-Loire;45-64 ans;Femmes;164.0;222.3;;71;27
2024;Bourgogne et Franche-Comté;Saône-et-Loire;65 ans et plus;Femmes;69.0;81.4;;71;27
2024;Pays de la Loire;Sarthe;00-17 ans;Hommes;56.0;91.8;;72;52
2024;Pays de la Loire;Sarthe;18-24 ans;Hommes;56.0;238.9;;72;52
2024;Pays de la Loire;Sarthe;25-44 ans;Hommes;150.0;245.6;;72;52
2024;Pays de la Loire;Sarthe;18-24 ans;Hommes et Femmes;235.0;529.3;;72;52
2024;Pays de la Loire;Sarthe;25-44 ans;Hommes et Femmes;322.0;260.5;;72;52
2024;Auvergne et Rhône-Alpes;Savoie;25-44 ans;Hommes;77.0;141.9;;73;84
2024;Auvergne et Rhône-Alpes;Savoie;65 ans et plus;Hommes;37.0;84.6;;73;84
2024;Auvergne et Rhône-Alpes;Savoie;00-17 ans;Hommes et Femmes;193.0;214.1;;73;84
2024;Auvergne et Rhône-Alpes;Savoie;65 ans et plus;Hommes et Femmes;75.0;75.1;;73;84
2024;Auvergne et Rhône-Alpes;Haute-Savoie;18-24 ans;Hommes;64.0;205.9;;74;84
2024;Auvergne et Rhône-Alpes;Haute-Savoie;25-44 ans;Hommes;160.0;134.9;;74;84
2024;Auvergne et Rhône-Alpes;Haute-Savoie;Tous;Hommes;399.0;93.8;92.9;74;84
2024;Auvergne et Rhône-Alpes;Haute-Savoie;25-44 ans;Femmes;163.0;136.0;;74;84
2024;Auvergne et Rhône-Alpes;Haute-Savoie;00-17 ans;Hommes et Femmes;249.0;131.8;;74;84
2024;Auvergne et Rhône-Alpes;Haute-Savoie;45-64 ans;Hommes et Femmes;240.0;107.5;;74;84
2024;Auvergne et Rhône-Alpes;Haute-Savoie;Tous;Hommes et Femmes;1085.0;125.6;126.3;74;84
2024;Île-de-France;Paris;00-17 ans;Hommes;68.0;42.5;;75;11
2024;Île-de-France;Paris;18-24 ans;Hommes;106.0;107.5;;75;11
2024;Île-de-France;Paris;25-44 ans;Hommes;197.0;61.8;;75;11
2024;Île-de-France;Paris;45-64 ans;Hommes;148.0;62.1;;75;11
2024;Île-de-France;Paris;65 ans et plus;Hommes;68.0;42.9;;75;11
2024;Île-de-France;Paris;Tous;Hommes;587.0;60.3;58.0;75;11
2024;Île-de-France;Paris;25-44 ans;Femmes;224.0;65.2;;75;11
2024;Île-de-France;Paris;65 ans et plus;Femmes;111.0;50.0;;75;11
2024;Île-de-France;Paris;45-64 ans;Hommes et Femmes;287.0;58.4;;75;11
2024;Île-de-France;Paris;65 ans et plus;Hommes et Femmes;179.0;47.1;;75;11
2024;Normandie;Seine-Maritime;00-17 ans;Hommes;107.0;79.0;;76;28
2024;Normandie;Seine-Maritime;18-24 ans;Hommes;106.0;188.3;;76;28
2024;Normandie;Seine-Maritime;65 ans et plus;Hommes;82.0;70.6;;76;28
2024;Normandie;Seine-Maritime;65 ans et plus;Femmes;146.0;92.6;;76;28
2024;Normandie;Seine-Maritime;65 ans et plus;Hommes et Femmes;228.0;83.3;;76;28
2024;Île-de-France;Seine-et-Marne;18-24 ans;Hommes;68.0;104.1;;77;11
2024;Île-de-France;Seine-et-Marne;45-64 ans;Hommes;132.0;72.9;;77;11
2024;Île-de-France;Seine-et-Marne;00-17 ans;Femmes;384.0;222.2;;77;11
2024;Île-de-France;Seine-et-Marne;18-24 ans;Femmes;172.0;278.6;;77;11
2024;Île-de-France;Seine-et-Marne;45-64 ans;Femmes;162.0;86.5;;77;11
2024;Île-de-France;Seine-et-Marne;25-44 ans;Hommes et Femmes;318.0;82.4;;77;11
2024;Île-de-France;Yvelines;00-17 ans;Hommes;31.0;17.3;;78;11
2024;Île-de-France;Yvelines;65 ans et plus;Hommes;23.0;20.7;;78;11
2024;Île-de-France;Yvelines;Tous;Femmes;823.0;108.3;103.0;78;11
2024;Île-de-France;Yvelines;25-44 ans;Hommes et Femmes;181.0;48.5;;78;11
2024;Île-de-France;Yvelines;45-64 ans;Hommes et Femmes;166.0;43.6;;78;11
2024;Île-de-France;Yvelines;65 ans et plus;Hommes et Femmes;91.0;35.5;;78;11
2024;Île-de-France;Yvelines;Tous;Hommes et Femmes;1062.0;71.6;69.0;78;11
2024;Nouvelle Aquitaine;Deux-Sèvres;Tous;Hommes;251.0;135.9;139.1;79;75
2024;Nouvelle Aquitaine;Deux-Sèvres;18-24 ans;Femmes;65.0;586.0;;79;75
2024;Nouvelle Aquitaine;Deux-Sèvres;25-44 ans;Femmes;95.0;236.8;;79;75
2024;Nouvelle Aquitaine;Deux-Sèvres;Tous;Femmes;401.0;210.9;224.7;79;75
2024;Nouvelle Aquitaine;Deux-Sèvres;00-17 ans;Hommes et Femmes;135.0;181.2;;79;75
2024;Nouvelle Aquitaine;Deux-Sèvres;65 ans et plus;Hommes et Femmes;81.0;86.9;;79;75
2024;Nouvelle Aquitaine;Deux-Sèvres;Tous;Hommes et Femmes;652.0;173.9;183.2;79;75
2024;Hauts-de-France;Somme;45-64 ans;Hommes;228.0;325.5;;80;32
2024;Hauts-de-France;Somme;65 ans et plus;Hommes;50.0;94.8;;80;32
2024;Hauts-de-France;Somme;Tous;Hommes;692.0;253.6;253.1;80;32
2024;Hauts-de-France;Somme;45-64 ans;Femmes;247.0;343.5;;80;32
2024;Hauts-de-France;Somme;Tous;Femmes;1270.0;439.8;439.0;80;32
2024;Hauts-de-France;Somme;25-44 ans;Hommes et Femmes;551.0;417.4;;80;32
2024;Occitanie;Tarn;65 ans et plus;Hommes;21.0;44.2;;81;76
2024;Occitanie;Tarn;00-17 ans;Femmes;77.0;209.1;;81;76
2024;Occitanie;Tarn;65 ans et plus;Femmes;41.0;68.2;;81;76
2024;Occitanie;Tarn;18-24 ans;Hommes et Femmes;94.0;347.0;;81;76
2024;Occitanie;Tarn;45-64 ans;Hommes et Femmes;174.0;162.6;;81;76
2024;Occitanie;Tarn-et-Garonne;45-64 ans;Hommes;38.0;108.6;;82;76
2024;Occitanie;Tarn-et-Garonne;18-24 ans;Femmes;50.0;624.5;;82;76
2024;Occitanie;Tarn-et-Garonne;65 ans et plus;Femmes;22.0;63.5;;82;76
2024;Occitanie;Tarn-et-Garonne;45-64 ans;Hommes et Femmes;94.0;132.9;;82;76
2024;Provence-Alpes-Côte d'Azur;Var;18-24 ans;Hommes;55.0;142.7;;83;93
2024;Provence-Alpes-Côte d'Azur;Var;45-64 ans;Hommes;119.0;83.8;;83;93
2024;Provence-Alpes-Côte d'Azur;Var;25-44 ans;Femmes;186.0;151.0;;83;93
2024;Provence-Alpes-Côte d'Azur;Var;45-64 ans;Femmes;231.0;151.0;;83;93
2024;Provence-Alpes-Côte d'Azur;Var;65 ans et plus;Femmes;133.0;75.5;;83;93
2024;Provence-Alpes-Côte d'Azur;Var;25-44 ans;Hommes et Femmes;338.0;138.9;;83;93
2024;Provence-Alpes-Côte d'Azur;Var;45-64 ans;Hommes et Femmes;350.0;118.7;;83;93
2024;Provence-Alpes-Côte d'Azur;Var;65 ans et plus;Hommes et Femmes;215.0;68.8;;83;93
2024;Provence-Alpes-Côte d'Azur;Vaucluse;18-24 ans;Hommes;33.0;163.4;;84;93
2024;Provence-Alpes-Côte d'Azur;Vaucluse;18-24 ans;Femmes;72.0;382.5;;84;93
2024;Provence-Alpes-Côte d'Azur;Vaucluse;25-44 ans;Femmes;106.0;161.2;;84;93
2024;Provence-Alpes-Côte d'Azur;Vaucluse;18-24 ans;Hommes et Femmes;105.0;269.1;;84;93
2024;Provence-Alpes-Côte d'Azur;Vaucluse;25-44 ans;Hommes et Femmes;194.0;152.1;;84;93
2024;Provence-Alpes-Côte d'Azur;Vaucluse;65 ans et plus;Hommes et Femmes;99.0;71.6;;84;93
2024;Pays de la Loire;Vendée;25-44 ans;Hommes;174.0;231.8;;85;52
2024;Pays de la Loire;Vendée;45-64 ans;Hommes;143.0;153.6;;85;52
2024;Pays de la Loire;Vendée;18-24 ans;Femmes;177.0;816.9;;85;52
2024;Pays de la Loire;Vendée;45-64 ans;Femmes;177.0;186.1;;85;52
2024;Pays de la Loire;Vendée;Tous;Hommes et Femmes;1372.0;191.2;207.5;85;52
2024;Nouvelle Aquitaine;Vienne;00-17 ans;Hommes;20.0;45.3;;86;75
2024;Nouvelle Aquitaine;Vienne;18-24 ans;Hommes;20.0;93.9;;86;75
2024;Nouvelle Aquitaine;Vienne;25-44 ans;Hommes;74.0;153.2;;86;75
2024;Nouvelle Aquitaine;Vienne;65 ans et plus;Hommes;22.0;48.5;;86;75
2024;Nouvelle Aquitaine;Vienne;Tous;Hommes;187.0;88.0;89.5;86;75
2024;Nouvelle Aquitaine;Vienne;00-17 ans;Femmes;64.0;151.8;;86;75
2024;Nouvelle Aquitaine;Vienne;25-44 ans;Femmes;81.0;164.5;;86;75
2024;Nouvelle Aquitaine;Vienne;Tous;Femmes;288.0;127.8;128.2;86;75
2024;Nouvelle Aquitaine;Vienne;18-24 ans;Hommes et Femmes;73.0;172.5;;86;75
2024;Nouvelle Aquitaine;Haute-Vienne;18-24 ans;Hommes;31.0;199.2;;87;75
2024;Nouvelle Aquitaine;Haute-Vienne;45-64 ans;Hommes;62.0;133.0;;87;75
2024;Nouvelle Aquitaine;Haute-Vienne;00-17 ans;Femmes;114.0;348.0;;87;75
2024;Nouvelle Aquitaine;Haute-Vienne;45-64 ans;Femmes;76.0;155.3;;87;75
2024;Nouvelle Aquitaine;Haute-Vienne;Tous;Femmes;413.0;213.4;223.9;87;75
2024;Nouvelle Aquitaine;Haute-Vienne;Tous;Hommes et Femmes;613.0;164.9;171.0;87;75
2024;Grand Est;Vosges;25-44 ans;Hommes;150.0;397.8;;88;44
2024;Grand Est;Vosges;45-64 ans;Hommes;80.0;168.1;;88;44
2024;Grand Est;Vosges;65 ans et plus;Femmes;64.0;121.9;;88;44
2024;Grand Est;Vosges;00-17 ans;Hommes et Femmes;147.0;222.3;;88;44
2024;Grand Est;Vosges;18-24 ans;Hommes et Femmes;141.0;588.2;;88;44
2024;Grand Est;Vosges;45-64 ans;Hommes et Femmes;210.0;218.2;;88;44
2024;Bourgogne et Franche-Comté;Yonne;00-17 ans;Hommes;24.0;70.6;;89;27
2024;Bourgogne et Franche-Comté;Yonne;18-24 ans;Femmes;44.0;472.8;;89;27
2024;Bourgogne et Franche-Comté;Yonne;45-64 ans;Hommes et Femmes;127.0;142.5;;89;27
2024;Bourgogne et Franche-Comté;Territoire de Belfort;00-17 ans;Hommes;8.0;52.8;;90;27
2024;Bourgogne et Franche-Comté;Territoire de Belfort;18-24 ans;Hommes;11.0;159.0;;90;27
2024;Bourgogne et Franche-Comté;Territoire de Belfort;25-44 ans;Femmes;18.0;111.3;;90;27
2024;Bourgogne et Franche-Comté;Territoire de Belfort;Tous;Femmes;106.0;151.6;152.8;90;27
2024;Bourgogne et Franche-Comté;Territoire de Belfort;18-24 ans;Hommes et Femmes;27.0;227.7;;90;27
2024;Bourgogne et Franche-Comté;Territoire de Belfort;45-64 ans;Hommes et Femmes;40.0;112.6;;90;27
2024;Bourgogne et Franche-Comté;Territoire de Belfort;Tous;Hommes et Femmes;164.0;118.0;118.9;90;27
2024;Île-de-France;Essonne;00-17 ans;Hommes;40.0;24.4;;91;11
2024;Île-de-France;Essonne;25-44 ans;Hommes;158.0;91.5;;91;11
2024;Île-de-France;Essonne;65 ans et plus;Hommes;45.0;48.0;;91;11
2024;Île-de-France;Essonne;00-17 ans;Femmes;379.0;243.2;;91;11
2024;Île-de-France;Essonne;18-24 ans;Femmes;187.0;331.1;;91;11
2024;Île-de-France;Essonne;25-44 ans;Femmes;173.0;96.6;;91;11
2024;Île-de-France;Essonne;45-64 ans;Femmes;147.0;88.3;;91;11
2024;Île-de-France;Essonne;Tous;Femmes;963.0;141.6;134.0;91;11
2024;Île-de-France;Essonne;18-24 ans;Hommes et Femmes;258.0;216.3;;91;11
2024;Île-de-France;Essonne;45-64 ans;Hommes et Femmes;251.0;75.9;;91;11
2024;Île-de-France;Hauts-de-Seine;65 ans et plus;Hommes;60.0;54.7;;92;11
2024;Île-de-France;Hauts-de-Seine;00-17 ans;Femmes;393.0;231.4;;92;11
2024;Île-de-France;Hauts-de-Seine;Tous;Femmes;969.0;111.9;110.6;92;11
2024;Île-de-France;Hauts-de-Seine;00-17 ans;Hommes et Femmes;442.0;127.1;;92;11
2024;Île-de-France;Seine-Saint-Denis;00-17 ans;Hommes;37.0;17.0;;93;11
2024;Île-de-France;Seine-Saint-Denis;18-24 ans;Femmes;122.0;150.1;;93;11
2024;Île-de-France;Seine-Saint-Denis;25-44 ans;Femmes;128.0;51.5;;93;11
2024;Île-de-France;Seine-Saint-Denis;Tous;Femmes;609.0;71.0;65.3;93;11
2024;Île-de-France;Seine-Saint-Denis;18-24 ans;Hommes et Femmes;170.0;102.7;;93;11
2024;Île-de-France;Seine-Saint-Denis;25-44 ans;Hommes et Femmes;236.0;48.2;;93;11
2024;Île-de-France;Val-de-Marne;45-64 ans;Femmes;158.0;88.1;;94;11
2024;Île-de-France;Val-de-Marne;00-17 ans;Hommes et Femmes;356.0;115.1;;94;11
2024;Île-de-France;Val-de-Marne;45-64 ans;Hommes et Femmes;281.0;80.8;;94;11
2024;Île-de-France;Val-d'Oise;00-17 ans;Femmes;273.0;175.5;;95;11
2024;Île-de-France;Val-d'Oise;25-44 ans;Femmes;92.0;51.7;;95;11
2024;Île-de-France;Val-d'Oise;65 ans et plus;Femmes;55.0;50.6;;95;11
2024;Île-de-France;Val-d'Oise;18-24 ans;Hommes et Femmes;140.0;120.4;;95;11
2024;Île-de-France;Val-d'Oise;25-44 ans;Hommes et Femmes;170.0;49.4;;95;11
2024;Île-de-France;Val-d'Oise;45-64 ans;Hommes et Femmes;143.0;46.2;;95;11
2024;Guadeloupe;Guadeloupe;65 ans et plus;Hommes;7.0;17.9;;971;01
2024;Guadeloupe;Guadeloupe;00-17 ans;Femmes;25.0;67.1;;971;01
2024;Guadeloupe;Guadeloupe;25-44 ans;Femmes;8.0;18.7;;971;01
2024;Guadeloupe;Guadeloupe;45-64 ans;Femmes;11.0;17.2;;971;01
2024;Guadeloupe;Guadeloupe;65 ans et plus;Femmes;5.0;10.0;;971;01
2024;Guadeloupe;Guadeloupe;25-44 ans;Hommes et Femmes;23.0;31.3;;971;01
2024;Guadeloupe;Guadeloupe;45-64 ans;Hommes et Femmes;19.0;16.5;;971;01
2024;Martinique;Martinique;18-24 ans;Hommes;2.5;21.4;;972;02
2024;Martinique;Martinique;45-64 ans;Hommes;11.0;22.3;;972;02
2024;Martinique;Martinique;45-64 ans;Femmes;22.0;36.4;;972;02
2024;Martinique;Martinique;65 ans et plus;Femmes;7.0;14.0;;972;02
2024;Martinique;Martinique;25-44 ans;Hommes et Femmes;41.0;58.8;;972;02
2024;Guyane;Guyane;00-17 ans;Hommes;18.0;33.2;;973;03
2024;Guyane;Guyane;Tous;Hommes;59.5;42.1;42.3;973;03
2024;Guyane;Guyane;00-17 ans;Femmes;40.0;75.3;;973;03
2024;Guyane;Guyane;25-44 ans;Femmes;34.0;81.0;;973;03
2024;Guyane;Guyane;45-64 ans;Femmes;8.0;28.1;;973;03
2024;Guyane;Guyane;Tous;Femmes;112.0;74.4;64.1;973;03
2024;Guyane;Guyane;00-17 ans;Hommes et Femmes;58.0;54.1;;973;03
2024;Guyane;Guyane;25-44 ans;Hommes et Femmes;51.0;65.9;;973;03
2024;Guyane;Guyane;65 ans et plus;Hommes et Femmes;7.5;35.4;;973;03
2024;Réunion;Réunion;00-17 ans;Hommes;58.0;50.0;;974;04
2024;Réunion;Réunion;18-24 ans;Hommes;54.0;147.2;;974;04
2024;Réunion;Réunion;25-44 ans;Hommes;197.0;206.5;;974;04
2024;Mayotte;Mayotte;18-24 ans;Hommes;0.0;0.0;;976;06
2024;Mayotte;Mayotte;45-64 ans;Hommes;2.5;13.1;;976;06
2024;Mayotte;Mayotte;25-44 ans;Femmes;2.5;5.3;;976;06
2024;Mayotte;Mayotte;18-24 ans;Hommes et Femmes;2.5;8.1;;976;06
2024;Mayotte;Mayotte;Tous;Hommes et Femmes;12.0;3.7;4.1;976;06
2024;Saint-Barthélemy;Saint-Barthélemy;Tous;Hommes;5.0;;;977;977
2024;Saint-Barthélemy;Saint-Barthélemy;00-17 ans;Femmes;2.5;;;977;977
2024;Saint-Barthélemy;Saint-Barthélemy;45-64 ans;Femmes;2.5;;;977;977
2024;Saint-Barthélemy;Saint-Barthélemy;65 ans et plus;Femmes;0.0;;;977;977
2024;Saint-Barthélemy;Saint-Barthélemy;Tous;Femmes;7.0;;;977;977
2024;Saint-Barthélemy;Saint-Barthélemy;45-64 ans;Hommes et Femmes;5.0;;;977;977
2024;Saint-Barthélemy;Saint-Barthélemy;65 ans et plus;Hommes et Femmes;0.0;;;977;977
2024;Saint-Martin;Saint-Martin;00-17 ans;Hommes;0.0;;;978;978
2024;Saint-Martin;Saint-Martin;25-44 ans;Hommes;2.5;;;978;978
2024;Saint-Martin;Saint-Martin;45-64 ans;Hommes;2.5;;;978;978
2024;Saint-Martin;Saint-Martin;18-24 ans;Femmes;2.5;;;978;978
2024;Saint-Martin;Saint-Martin;25-44 ans;Femmes;2.5;;;978;978
2024;Saint-Martin;Saint-Martin;65 ans et plus;Femmes;0.0;;;978;978
2024;Saint-Martin;Saint-Martin;00-17 ans;Hommes et Femmes;10.0;;;978;978
2024;Saint-Martin;Saint-Martin;18-24 ans;Hommes et Femmes;2.5;;;978;978
2024;Saint-Martin;Saint-Martin;45-64 ans;Hommes et Femmes;5.0;;;978;978
2024;Saint-Martin;Saint-Martin;65 ans et plus;Hommes et Femmes;2.5;;;978;978
2024;Corse;Corse-du-Sud;Tous;Femmes;134.0;151.5;157.6;2A;94
2024;Corse;Corse-du-Sud;00-17 ans;Hommes et Femmes;31.5;96.4;;2A;94
2024;Corse;Corse-du-Sud;18-24 ans;Hommes et Femmes;20.0;217.2;;2A;94
2024;Corse;Corse-du-Sud;25-44 ans;Hommes et Femmes;61.0;147.2;;2A;94
2024;Corse;Corse-du-Sud;45-64 ans;Hommes et Femmes;69.0;153.4;;2A;94
2024;Corse;Haute-Corse;45-64 ans;Hommes;7.0;28.4;;2B;94
2024;Corse;Haute-Corse;00-17 ans;Femmes;18.0;117.1;;2B;94
2024;Corse;Haute-Corse;25-44 ans;Femmes;16.0;73.4;;2B;94
2024;Corse;Haute-Corse;45-64 ans;Femmes;11.0;42.2;;2B;94
2023;Saint-Martin;Saint-Martin;00-17 ans;Hommes;0.0;;;978;978
2023;Saint-Martin;Saint-Martin;Tous;Hommes;5.0;;;978;978
2023;Saint-Martin;Saint-Martin;65 ans et plus;Femmes;0.0;;;978;978
2023;Saint-Martin;Saint-Martin;00-17 ans;Hommes et Femmes;7.0;;;978;978
2023;Saint-Martin;Saint-Martin;18-24 ans;Hommes et Femmes;2.5;;;978;978
2023;Saint-Martin;Saint-Martin;25-44 ans;Hommes et Femmes;8.5;;;978;978
2023;Auvergne et Rhône-Alpes;Ain;25-44 ans;Hommes;80.0;95.7;;01;84
2023;Auvergne et Rhône-Alpes;Ain;45-64 ans;Hommes;66.0;75.0;;01;84
2023;Auvergne et Rhône-Alpes;Ain;65 ans et plus;Hommes;26.0;45.4;;01;84
2023;Auvergne et Rhône-Alpes;Ain;00-17 ans;Femmes;120.0;156.6;;01;84
2023;Auvergne et Rhône-Alpes;Ain;25-44 ans;Femmes;73.0;85.7;;01;84
2023;Auvergne et Rhône-Alpes;Ain;45-64 ans;Femmes;69.0;77.6;;01;84
2023;Auvergne et Rhône-Alpes;Ain;65 ans et plus;Femmes;42.0;59.6;;01;84
2023;Auvergne et Rhône-Alpes;Ain;Tous;Femmes;354.0;103.2;102.7;01;84
2023;Auvergne et Rhône-Alpes;Ain;00-17 ans;Hommes et Femmes;135.0;85.6;;01;84
2023;Auvergne et Rhône-Alpes;Ain;18-24 ans;Hommes et Femmes;68.0;147.2;;01;84
2023;Hauts-de-France;Aisne;25-44 ans;Hommes;161.0;272.4;;02;32
2023;Hauts-de-France;Aisne;45-64 ans;Femmes;146.0;211.7;;02;32
2023;Hauts-de-France;Aisne;65 ans et plus;Femmes;60.0;92.8;;02;32
2023;Hauts-de-France;Aisne;25-44 ans;Hommes et Femmes;316.0;266.6;;02;32
2023;Hauts-de-France;Aisne;45-64 ans;Hommes et Femmes;259.0;190.2;;02;32
2023;Hauts-de-France;Aisne;65 ans et plus;Hommes et Femmes;93.0;81.2;;02;32
2023;Auvergne et Rhône-Alpes;Allier;25-44 ans;Hommes;39.0;118.1;;03;84
2023;Auvergne et Rhône-Alpes;Allier;Tous;Femmes;200.0;115.6;129.2;03;84
2023;Auvergne et Rhône-Alpes;Allier;00-17 ans;Hommes et Femmes;87.0;144.7;;03;84
2023;Auvergne et Rhône-Alpes;Allier;25-44 ans;Hommes et Femmes;69.0;104.6;;03;84
2023;Auvergne et Rhône-Alpes;Allier;Tous;Hommes et Femmes;330.0;98.8;108.1;03;84
2023;Provence-Alpes-Côte d'Azur;Alpes-de-Haute-Provence;00-17 ans;Hommes;5.0;31.2;;04;93
2023;Provence-Alpes-Côte d'Azur;Alpes-de-Haute-Provence;25-44 ans;Hommes;25.0;149.3;;04;93
2023;Provence-Alpes-Côte d'Azur;Alpes-de-Haute-Provence;00-17 ans;Femmes;37.0;243.0;;04;93
2023;Provence-Alpes-Côte d'Azur;Alpes-de-Haute-Provence;00-17 ans;Hommes et Femmes;42.0;134.5;;04;93
2023;Provence-Alpes-Côte d'Azur;Alpes-de-Haute-Provence;45-64 ans;Hommes et Femmes;60.0;128.6;;04;93
2023;Provence-Alpes-Côte d'Azur;Hautes-Alpes;45-64 ans;Hommes;42.0;216.7;;05;93
2023;Provence-Alpes-Côte d'Azur;Hautes-Alpes;65 ans et plus;Hommes;10.0;58.0;;05;93
2023;Provence-Alpes-Côte d'Azur;Hautes-Alpes;25-44 ans;Hommes et Femmes;63.0;206.4;;05;93
2023;Provence-Alpes-Côte d'Azur;Alpes-Maritimes;18-24 ans;Hommes;66.0;158.7;;06;93
2023;Provence-Alpes-Côte d'Azur;Alpes-Maritimes;65 ans et plus;Hommes;69.0;58.3;;06;93
2023;Provence-Alpes-Côte d'Azur;Alpes-Maritimes;Tous;Hommes;511.0;96.4;97.6;06;93
2023;Provence-Alpes-Côte d'Azur;Alpes-Maritimes;18-24 ans;Femmes;131.0;325.6;;06;93
2023;Provence-Alpes-Côte d'Azur;Alpes-Maritimes;Tous;Femmes;926.0;157.0;164.4;06;93
2023;Provence-Alpes-Côte d'Azur;Alpes-Maritimes;00-17 ans;Hommes et Femmes;302.0;145.3;;06;93
2023;Provence-Alpes-Côte d'Azur;Alpes-Maritimes;25-44 ans;Hommes et Femmes;362.0;141.8;;06;93
2023;Provence-Alpes-Côte d'Azur;Alpes-Maritimes;45-64 ans;Hommes et Femmes;371.0;126.4;;06;93
2023;Provence-Alpes-Côte d'Azur;Alpes-Maritimes;65 ans et plus;Hommes et Femmes;205.0;72.9;;06;93
2023;Provence-Alpes-Côte d'Azur;Alpes-Maritimes;Tous;Hommes et Femmes;1437.0;128.3;132.1;06;93
2023;Auvergne et Rhône-Alpes;Ardèche;25-44 ans;Hommes;44.0;127.8;;07;84
2023;Auvergne et Rhône-Alpes;Ardèche;00-17 ans;Femmes;73.0;227.5;;07;84
2023;Auvergne et Rhône-Alpes;Ardèche;18-24 ans;Femmes;38.0;410.6;;07;84
2023;Auvergne et Rhône-Alpes;Ardèche;25-44 ans;Femmes;55.0;157.3;;07;84
2023;Auvergne et Rhône-Alpes;Ardèche;18-24 ans;Hommes et Femmes;53.0;272.6;;07;84
2023;Auvergne et Rhône-Alpes;Ardèche;65 ans et plus;Hommes et Femmes;49.0;55.8;;07;84
2023;Grand Est;Ardennes;00-17 ans;Hommes;31.0;109.4;;08;44
2023;Grand Est;Ardennes;18-24 ans;Hommes;21.0;203.3;;08;44
2023;Grand Est;Ardennes;25-44 ans;Hommes;75.0;255.7;;08;44
2023;Grand Est;Ardennes;45-64 ans;Hommes;53.0;149.3;;08;44
2023;Grand Est;Ardennes;Tous;Femmes;314.0;231.9;241.2;08;44
2023;Grand Est;Ardennes;Tous;Hommes et Femmes;522.0;196.3;203.1;08;44
2023;Occitanie;Ariège;25-44 ans;Hommes;22.0;137.3;;09;76
2023;Occitanie;Ariège;45-64 ans;Hommes;20.0;95.5;;09;76
2023;Occitanie;Ariège;65 ans et plus;Hommes;8.0;41.6;;09;76
2023;Occitanie;Ariège;00-17 ans;Hommes et Femmes;20.5;72.1;;09;76
2023;Occitanie;Ariège;18-24 ans;Hommes et Femmes;20.0;202.3;;09;76
2023;Corse;Corse-du-Sud;45-64 ans;Femmes;15.0;66.4;;2A;94
2023;Corse;Corse-du-Sud;18-24 ans;Hommes et Femmes;9.5;103.2;;2A;94
2023;Corse;Corse-du-Sud;65 ans et plus;Hommes et Femmes;18.0;43.4;;2A;94
2023;Corse;Haute-Corse;00-17 ans;Femmes;15.0;96.8;;2B;94
2023;Corse;Haute-Corse;45-64 ans;Femmes;20.0;77.2;;2B;94
2023;Corse;Haute-Corse;65 ans et plus;Hommes et Femmes;14.0;30.3;;2B;94
2023;Grand Est;Aube;Tous;Hommes;102.0;67.1;68.4;10;44
2023;Grand Est;Aube;25-44 ans;Femmes;37.0;103.8;;10;44
2023;Grand Est;Aube;45-64 ans;Femmes;31.0;77.6;;10;44
2023;Grand Est;Aube;Tous;Femmes;209.0;131.3;132.5;10;44
2023;Grand Est;Aube;65 ans et plus;Hommes et Femmes;29.0;41.0;;10;44
2023;Occitanie;Aude;00-17 ans;Hommes;17.0;47.0;;11;76
2023;Occitanie;Aude;18-24 ans;Hommes;20.0;161.9;;11;76
2023;Occitanie;Aude;65 ans et plus;Hommes;19.0;40.8;;11;76
2023;Occitanie;Aude;00-17 ans;Femmes;56.0;163.9;;11;76
2023;Occitanie;Aude;25-44 ans;Femmes;72.0;184.2;;11;76
2023;Occitanie;Aude;45-64 ans;Femmes;85.0;159.9;;11;76
2023;Occitanie;Aude;65 ans et plus;Femmes;41.0;70.7;;11;76
2023;Occitanie;Aveyron;00-17 ans;Hommes;9.0;35.2;;12;76
2023;Occitanie;Aveyron;18-24 ans;Hommes;17.0;183.5;;12;76
2023;Occitanie;Aveyron;45-64 ans;Hommes;28.0;72.9;;12;76
2023;Occitanie;Aveyron;25-44 ans;Femmes;46.0;164.6;;12;76
2023;Occitanie;Aveyron;25-44 ans;Hommes et Femmes;87.0;151.7;;12;76
2023;Occitanie;Aveyron;65 ans et plus;Hommes et Femmes;32.0;40.7;;12;76
2023;Occitanie;Aveyron;Tous;Hommes et Femmes;298.0;106.7;118.5;12;76
2023;Provence-Alpes-Côte d'Azur;Bouches-du-Rhône;00-17 ans;Hommes;71.0;32.7;;13;93
2023;Provence-Alpes-Côte d'Azur;Bouches-du-Rhône;18-24 ans;Hommes;88.0;100.9;;13;93
2023;Provence-Alpes-Côte d'Azur;Bouches-du-Rhône;25-44 ans;Hommes;220.0;89.2;;13;93
2023;Provence-Alpes-Côte d'Azur;Bouches-du-Rhône;Tous;Hommes;683.0;68.7;68.6;13;93
2023;Provence-Alpes-Côte d'Azur;Bouches-du-Rhône;00-17 ans;Femmes;413.0;200.4;;13;93
2023;Provence-Alpes-Côte d'Azur;Bouches-du-Rhône;18-24 ans;Femmes;200.0;232.4;;13;93
2023;Provence-Alpes-Côte d'Azur;Bouches-du-Rhône;65 ans et plus;Femmes;176.0;69.0;;13;93
2023;Provence-Alpes-Côte d'Azur;Bouches-du-Rhône;Tous;Femmes;1381.0;127.6;128.3;13;93
2023;Normandie;Calvados;00-17 ans;Hommes;25.0;34.4;;14;28
2023;Normandie;Calvados;45-64 ans;Hommes;106.0;123.2;;14;28
2023;Normandie;Calvados;18-24 ans;Femmes;132.0;433.4;;14;28
2023;Normandie;Calvados;00-17 ans;Hommes et Femmes;295.0;208.7;;14;28
2023;Normandie;Calvados;18-24 ans;Hommes et Femmes;176.0;284.5;;14;28
2023;Normandie;Calvados;45-64 ans;Hommes et Femmes;252.0;142.7;;14;28
2023;Normandie;Calvados;Tous;Hommes et Femmes;1172.0;165.9;167.5;14;28
2023;Auvergne et Rhône-Alpes;Cantal;00-17 ans;Hommes;2.5;20.5;;15;84
2023;Auvergne et Rhône-Alpes;Cantal;Tous;Hommes;41.5;58.6;61.9;15;84
2023;Auvergne et Rhône-Alpes;Cantal;18-24 ans;Hommes et Femmes;19.0;220.2;;15;84
2023;Nouvelle Aquitaine;Charente;18-24 ans;Hommes;15.0;115.7;;16;75
2023;Nouvelle Aquitaine;Charente;Tous;Hommes;165.0;96.4;100.1;16;75
2023;Nouvelle Aquitaine;Charente;00-17 ans;Femmes;51.0;165.1;;16;75
2023;Nouvelle Aquitaine;Charente;25-44 ans;Femmes;91.0;247.3;;16;75
2023;Nouvelle Aquitaine;Charente;45-64 ans;Femmes;109.0;223.4;;16;75
2023;Nouvelle Aquitaine;Charente;00-17 ans;Hommes et Femmes;66.0;102.8;;16;75
2023;Nouvelle Aquitaine;Charente;18-24 ans;Hommes et Femmes;69.0;290.4;;16;75
2023;Nouvelle Aquitaine;Charente;25-44 ans;Hommes et Femmes;159.0;215.6;;16;75
2023;Nouvelle Aquitaine;Charente;65 ans et plus;Hommes et Femmes;80.0;85.3;;16;75
2023;Nouvelle Aquitaine;Charente-Maritime;25-44 ans;Hommes;120.0;181.8;;17;75
2023;Nouvelle Aquitaine;Charente-Maritime;65 ans et plus;Femmes;114.0;102.5;;17;75
2023;Nouvelle Aquitaine;Charente-Maritime;Tous;Femmes;757.0;216.4;236.0;17;75
2023;Nouvelle Aquitaine;Charente-Maritime;00-17 ans;Hommes et Femmes;193.0;165.1;;17;75
2023;Nouvelle Aquitaine;Charente-Maritime;65 ans et plus;Hommes et Femmes;154.0;77.8;;17;75
2023;Centre-Val de Loire;Cher;00-17 ans;Femmes;37.0;134.8;;18;24
2023;Centre-Val de Loire;Cher;25-44 ans;Femmes;22.0;71.0;;18;24
2023;Centre-Val de Loire;Cher;Tous;Femmes;128.0;83.6;88.2;18;24
2023;Centre-Val de Loire;Cher;25-44 ans;Hommes et Femmes;51.0;82.0;;18;24
2023;Centre-Val de Loire;Cher;45-64 ans;Hommes et Femmes;54.0;67.9;;18;24
2023;Centre-Val de Loire;Cher;Tous;Hommes et Femmes;214.0;71.7;74.6;18;24
2023;Nouvelle Aquitaine;Corrèze;25-44 ans;Hommes;34.0;137.7;;19;75
2023;Nouvelle Aquitaine;Corrèze;Tous;Hommes;129.0;110.0;113.5;19;75
2023;Nouvelle Aquitaine;Corrèze;25-44 ans;Femmes;45.0;187.6;;19;75
2023;Nouvelle Aquitaine;Corrèze;45-64 ans;Femmes;59.0;179.6;;19;75
2023;Nouvelle Aquitaine;Corrèze;65 ans et plus;Femmes;37.0;94.9;;19;75
2023;Nouvelle Aquitaine;Corrèze;Tous;Femmes;275.0;224.2;250.4;19;75
2023;Nouvelle Aquitaine;Corrèze;Tous;Hommes et Femmes;404.0;168.4;184.0;19;75
2023;Bourgogne et Franche-Comté;Côte-d'Or;18-24 ans;Hommes;53.0;205.1;;21;27
2023;Bourgogne et Franche-Comté;Côte-d'Or;25-44 ans;Hommes;127.0;197.8;;21;27
2023;Bourgogne et Franche-Comté;Côte-d'Or;65 ans et plus;Hommes;30.0;57.8;;21;27
2023;Bourgogne et Franche-Comté;Côte-d'Or;25-44 ans;Femmes;131.0;204.2;;21;27
2023;Bourgogne et Franche-Comté;Côte-d'Or;65 ans et plus;Femmes;62.0;91.8;;21;27
2023;Bourgogne et Franche-Comté;Côte-d'Or;Tous;Femmes;724.0;261.3;256.9;21;27
2023;Bourgogne et Franche-Comté;Côte-d'Or;00-17 ans;Hommes et Femmes;254.0;245.0;;21;27
2023;Bourgogne et Franche-Comté;Côte-d'Or;Tous;Hommes et Femmes;1066.0;198.1;195.3;21;27
2023;Bretagne;Côtes-d'Armor;45-64 ans;Hommes;190.0;235.6;;22;53
2023;Bretagne;Côtes-d'Armor;65 ans et plus;Hommes;72.0;99.0;;22;53
2023;Bretagne;Côtes-d'Armor;00-17 ans;Femmes;247.0;423.7;;22;53
2023;Bretagne;Côtes-d'Armor;25-44 ans;Femmes;205.0;336.3;;22;53
2023;Bretagne;Côtes-d'Armor;00-17 ans;Hommes et Femmes;282.0;236.0;;22;53
2023;Nouvelle Aquitaine;Creuse;18-24 ans;Hommes;2.5;72.5;;23;75
2023;Nouvelle Aquitaine;Creuse;25-44 ans;Hommes;19.0;175.6;;23;75
2023;Nouvelle Aquitaine;Creuse;65 ans et plus;Hommes;2.5;15.4;;23;75
2023;Nouvelle Aquitaine;Creuse;Tous;Hommes;47.0;83.8;91.0;23;75
2023;Nouvelle Aquitaine;Creuse;25-44 ans;Femmes;19.0;184.0;;23;75
2023;Nouvelle Aquitaine;Creuse;25-44 ans;Hommes et Femmes;38.0;179.7;;23;75
2023;Nouvelle Aquitaine;Dordogne;65 ans et plus;Femmes;62.0;88.2;;24;75
2023;Nouvelle Aquitaine;Dordogne;18-24 ans;Hommes et Femmes;94.0;398.5;;24;75
2023;Nouvelle Aquitaine;Dordogne;Tous;Hommes et Femmes;806.0;193.4;217.1;24;75
2023;Bourgogne et Franche-Comté;Doubs;Tous;Hommes;229.0;85.1;84.4;25;27
2023;Bourgogne et Franche-Comté;Doubs;18-24 ans;Femmes;70.0;301.5;;25;27
2023;Bourgogne et Franche-Comté;Doubs;25-44 ans;Femmes;83.0;123.7;;25;27
2023;Bourgogne et Franche-Comté;Doubs;00-17 ans;Hommes et Femmes;135.0;113.7;;25;27
2023;Bourgogne et Franche-Comté;Doubs;65 ans et plus;Hommes et Femmes;53.0;46.9;;25;27
2023;Auvergne et Rhône-Alpes;Drôme;00-17 ans;Hommes;28.0;49.0;;26;84
2023;Auvergne et Rhône-Alpes;Drôme;18-24 ans;Hommes;23.0;121.4;;26;84
2023;Auvergne et Rhône-Alpes;Drôme;00-17 ans;Femmes;129.0;239.5;;26;84
2023;Auvergne et Rhône-Alpes;Drôme;45-64 ans;Femmes;82.0;117.2;;26;84
2023;Auvergne et Rhône-Alpes;Drôme;Tous;Femmes;418.0;155.6;163.3;26;84
2023;Auvergne et Rhône-Alpes;Drôme;65 ans et plus;Hommes et Femmes;70.0;58.0;;26;84
2023;Normandie;Eure;18-24 ans;Hommes;37.0;166.5;;27;28
2023;Normandie;Eure;45-64 ans;Hommes;110.0;140.2;;27;28
2023;Normandie;Eure;Tous;Hommes;362.0;123.2;125.3;27;28
2023;Normandie;Eure;25-44 ans;Femmes;151.0;213.0;;27;28
2023;Normandie;Eure;65 ans et plus;Femmes;71.0;100.9;;27;28
2023;Centre-Val de Loire;Eure-et-Loir;Tous;Hommes;197.0;93.0;95.4;28;24
2023;Centre-Val de Loire;Eure-et-Loir;25-44 ans;Femmes;79.0;158.3;;28;24
2023;Centre-Val de Loire;Eure-et-Loir;65 ans et plus;Femmes;46.0;87.5;;28;24
2023;Centre-Val de Loire;Eure-et-Loir;00-17 ans;Hommes et Femmes;109.0;111.9;;28;24
2023;Centre-Val de Loire;Eure-et-Loir;25-44 ans;Hommes et Femmes;135.0;137.7;;28;24
2023;Centre-Val de Loire;Eure-et-Loir;65 ans et plus;Hommes et Femmes;72.0;76.6;;28;24
2023;Bretagne;Finistère;18-24 ans;Hommes;68.0;186.0;;29;53
2023;Bretagne;Finistère;00-17 ans;Hommes et Femmes;378.0;212.1;;29;53
2023;Bretagne;Finistère;45-64 ans;Hommes et Femmes;561.0;225.8;;29;53
2023;Bretagne;Finistère;Tous;Hommes et Femmes;1949.0;209.4;216.8;29;53
2023;Occitanie;Gard;Tous;Hommes;331.0;89.1;91.3;30;76
2023;Occitanie;Gard;25-44 ans;Femmes;139.0;163.6;;30;76
2023;Occitanie;Gard;65 ans et plus;Hommes et Femmes;155.0;82.3;;30;76
2023;Occitanie;Haute-Garonne;00-17 ans;Hommes;47.0;30.3;;31;76
2023;Occitanie;Haute-Garonne;65 ans et plus;Hommes;44.0;40.1;;31;76
2023;Occitanie;Haute-Garonne;Tous;Hommes;485.0;67.4;65.0;31;76
2023;Occitanie;Haute-Garonne;00-17 ans;Femmes;225.0;150.9;;31;76
2023;Occitanie;Haute-Garonne;18-24 ans;Femmes;166.0;223.2;;31;76
2023;Occitanie;Haute-Garonne;25-44 ans;Femmes;196.0;95.6;;31;76
2023;Occitanie;Haute-Garonne;18-24 ans;Hommes et Femmes;233.0;155.3;;31;76
2023;Occitanie;Haute-Garonne;65 ans et plus;Hommes et Femmes;126.0;49.4;;31;76
2023;Occitanie;Gers;25-44 ans;Hommes et Femmes;86.0;234.5;;32;76
2023;Occitanie;Gers;45-64 ans;Hommes et Femmes;84.0;152.5;;32;76
2023;Occitanie;Gers;65 ans et plus;Hommes et Femmes;31.0;55.7;;32;76
2023;Occitanie;Gers;Tous;Hommes et Femmes;269.5;139.8;154.7;32;76
2023;Nouvelle Aquitaine;Gironde;00-17 ans;Hommes;81.0;47.2;;33;75
2023;Nouvelle Aquitaine;Gironde;00-17 ans;Femmes;577.0;347.6;;33;75
2023;Nouvelle Aquitaine;Gironde;18-24 ans;Femmes;407.0;538.8;;33;75
2023;Nouvelle Aquitaine;Gironde;65 ans et plus;Femmes;165.0;84.6;;33;75
2023;Occitanie;Hérault;65 ans et plus;Hommes;70.0;58.1;;34;76
2023;Occitanie;Hérault;Tous;Hommes;408.0;69.6;69.3;34;76
2023;Occitanie;Hérault;18-24 ans;Femmes;139.0;243.0;;34;76
2023;Occitanie;Hérault;00-17 ans;Hommes et Femmes;133.0;55.0;;34;76
2023;Occitanie;Hérault;25-44 ans;Hommes et Femmes;288.0;97.5;;34;76
2023;Bretagne;Ille-et-Vilaine;00-17 ans;Hommes;19.0;15.2;;35;53
2023;Bretagne;Ille-et-Vilaine;45-64 ans;Hommes;188.0;137.8;;35;53
2023;Bretagne;Ille-et-Vilaine;18-24 ans;Femmes;288.0;544.2;;35;53
2023;Bretagne;Ille-et-Vilaine;Tous;Femmes;1172.0;205.2;197.5;35;53
2023;Bretagne;Ille-et-Vilaine;18-24 ans;Hommes et Femmes;373.0;351.7;;35;53
2023;Bretagne;Ille-et-Vilaine;25-44 ans;Hommes et Femmes;544.0;192.0;;35;53
2023;Centre-Val de Loire;Indre;45-64 ans;Hommes;33.0;113.0;;36;24
2023;Centre-Val de Loire;Indre;18-24 ans;Femmes;23.0;366.8;;36;24
2023;Centre-Val de Loire;Indre-et-Loire;18-24 ans;Hommes;50.0;191.0;;37;24
2023;Centre-Val de Loire;Indre-et-Loire;45-64 ans;Hommes;86.0;113.6;;37;24
2023;Centre-Val de Loire;Indre-et-Loire;65 ans et plus;Hommes;46.0;75.3;;37;24
2023;Centre-Val de Loire;Indre-et-Loire;Tous;Hommes;335.0;112.8;113.2;37;24
2023;Centre-Val de Loire;Indre-et-Loire;00-17 ans;Femmes;136.0;224.6;;37;24
2023;Centre-Val de Loire;Indre-et-Loire;18-24 ans;Femmes;162.0;595.2;;37;24
2023;Centre-Val de Loire;Indre-et-Loire;65 ans et plus;Femmes;65.0;80.8;;37;24
2023;Centre-Val de Loire;Indre-et-Loire;Tous;Femmes;664.0;207.0;206.6;37;24
2023;Centre-Val de Loire;Indre-et-Loire;25-44 ans;Hommes et Femmes;284.0;197.6;;37;24
2023;Centre-Val de Loire;Indre-et-Loire;45-64 ans;Hommes et Femmes;227.0;146.1;;37;24
2023;Auvergne et Rhône-Alpes;Isère;18-24 ans;Hommes;122.0;209.8;;38;84
2023;Auvergne et Rhône-Alpes;Isère;25-44 ans;Hommes;291.0;184.7;;38;84
2023;Auvergne et Rhône-Alpes;Isère;00-17 ans;Femmes;295.0;211.8;;38;84
2023;Auvergne et Rhône-Alpes;Isère;45-64 ans;Femmes;275.0;165.6;;38;84
2023;Auvergne et Rhône-Alpes;Isère;18-24 ans;Hommes et Femmes;361.0;325.1;;38;84
2023;Auvergne et Rhône-Alpes;Isère;25-44 ans;Hommes et Femmes;571.0;179.9;;38;84
2023;Auvergne et Rhône-Alpes;Isère;45-64 ans;Hommes et Femmes;500.0;151.5;;38;84
2023;Bourgogne et Franche-Comté;Jura;00-17 ans;Hommes;5.0;19.0;;39;27
2023;Bourgogne et Franche-Comté;Jura;25-44 ans;Hommes;60.0;213.9;;39;27
2023;Bourgogne et Franche-Comté;Jura;45-64 ans;Hommes;50.0;145.0;;39;27
2023;Bourgogne et Franche-Comté;Jura;00-17 ans;Femmes;82.0;329.0;;39;27
2023;Bourgogne et Franche-Comté;Jura;00-17 ans;Hommes et Femmes;87.0;169.8;;39;27
2023;Bourgogne et Franche-Comté;Jura;18-24 ans;Hommes et Femmes;65.0;380.7;;39;27
2023;Bourgogne et Franche-Comté;Jura;65 ans et plus;Hommes et Femmes;47.0;73.5;;39;27
2023;Nouvelle Aquitaine;Landes;25-44 ans;Hommes;55.0;122.7;;40;75
2023;Nouvelle Aquitaine;Landes;00-17 ans;Femmes;97.0;250.8;;40;75
2023;Nouvelle Aquitaine;Landes;18-24 ans;Femmes;51.0;431.1;;40;75
2023;Nouvelle Aquitaine;Landes;65 ans et plus;Femmes;35.0;54.2;;40;75
2023;Nouvelle Aquitaine;Landes;00-17 ans;Hommes et Femmes;119.0;149.4;;40;75
2023;Nouvelle Aquitaine;Landes;65 ans et plus;Hommes et Femmes;52.0;44.9;;40;75
2023;Centre-Val de Loire;Loir-et-Cher;18-24 ans;Hommes;12.0;106.7;;41;24
2023;Centre-Val de Loire;Loir-et-Cher;00-17 ans;Femmes;137.0;434.9;;41;24
2023;Centre-Val de Loire;Loir-et-Cher;45-64 ans;Femmes;56.0;124.8;;41;24
2023;Centre-Val de Loire;Loir-et-Cher;18-24 ans;Hommes et Femmes;45.0;213.6;;41;24
2023;Auvergne et Rhône-Alpes;Loire;00-17 ans;Hommes;18.0;21.0;;42;84
2023;Auvergne et Rhône-Alpes;Loire;18-24 ans;Hommes;54.0;163.4;;42;84
2023;Auvergne et Rhône-Alpes;Loire;00-17 ans;Femmes;123.0;152.6;;42;84
2023;Auvergne et Rhône-Alpes;Loire;25-44 ans;Femmes;186.0;212.5;;42;84
2023;Auvergne et Rhône-Alpes;Loire;00-17 ans;Hommes et Femmes;141.0;84.9;;42;84
2023;Auvergne et Rhône-Alpes;Loire;Tous;Hommes et Femmes;1114.0;144.0;147.1;42;84
2023;Auvergne et Rhône-Alpes;Haute-Loire;45-64 ans;Hommes;78.0;248.1;;43;84
2023;Auvergne et Rhône-Alpes;Haute-Loire;25-44 ans;Femmes;66.0;281.9;;43;84
2023;Auvergne et Rhône-Alpes;Haute-Loire;45-64 ans;Femmes;64.0;204.6;;43;84
2023;Auvergne et Rhône-Alpes;Haute-Loire;65 ans et plus;Femmes;31.0;95.3;;43;84
2023;Auvergne et Rhône-Alpes;Haute-Loire;18-24 ans;Hommes et Femmes;48.0;322.6;;43;84
2023;Auvergne et Rhône-Alpes;Haute-Loire;65 ans et plus;Hommes et Femmes;54.0;92.0;;43;84
2023;Auvergne et Rhône-Alpes;Haute-Loire;Tous;Hommes et Femmes;412.5;180.9;190.0;43;84
2023;Pays de la Loire;Loire-Atlantique;Tous;Femmes;1029.0;135.3;132.8;44;52
2023;Pays de la Loire;Loire-Atlantique;65 ans et plus;Hommes et Femmes;159.0;55.4;;44;52
2023;Centre-Val de Loire;Loiret;00-17 ans;Hommes;18.0;22.9;;45;24
2023;Centre-Val de Loire;Loiret;25-44 ans;Hommes;113.0;143.1;;45;24
2023;Centre-Val de Loire;Loiret;65 ans et plus;Hommes;36.0;56.2;;45;24
2023;Centre-Val de Loire;Loiret;Tous;Hommes;285.0;84.8;86.2;45;24
2023;Centre-Val de Loire;Loiret;18-24 ans;Femmes;119.0;462.2;;45;24
2023;Centre-Val de Loire;Loiret;65 ans et plus;Femmes;66.0;80.4;;45;24
2023;Centre-Val de Loire;Loiret;Tous;Femmes;612.0;173.7;175.0;45;24
2023;Centre-Val de Loire;Loiret;25-44 ans;Hommes et Femmes;256.0;159.1;;45;24
2023;Centre-Val de Loire;Loiret;65 ans et plus;Hommes et Femmes;102.0;69.8;;45;24
2023;Occitanie;Lot;00-17 ans;Femmes;33.0;237.3;;46;76
2023;Occitanie;Lot;65 ans et plus;Femmes;22.0;71.8;;46;76
2023;Occitanie;Lot;Tous;Femmes;190.0;210.1;247.9;46;76
2023;Occitanie;Lot;18-24 ans;Hommes et Femmes;52.0;551.5;;46;76
2023;Occitanie;Lot;65 ans et plus;Hommes et Femmes;36.0;64.3;;46;76
2023;Nouvelle Aquitaine;Lot-et-Garonne;45-64 ans;Hommes;57.0;133.5;;47;75
2023;Nouvelle Aquitaine;Lot-et-Garonne;00-17 ans;Hommes et Femmes;101.0;159.5;;47;75
2023;Nouvelle Aquitaine;Lot-et-Garonne;65 ans et plus;Hommes et Femmes;61.0;66.8;;47;75
2023;Occitanie;Lozère;25-44 ans;Hommes;9.0;114.3;;48;76
2023;Occitanie;Lozère;45-64 ans;Hommes;9.0;83.0;;48;76
2023;Occitanie;Lozère;25-44 ans;Hommes et Femmes;16.0;102.6;;48;76
2023;Pays de la Loire;Maine-et-Loire;18-24 ans;Hommes;34.0;89.9;;49;52
2023;Pays de la Loire;Maine-et-Loire;25-44 ans;Hommes;102.0;106.9;;49;52
2023;Pays de la Loire;Maine-et-Loire;45-64 ans;Hommes;87.0;85.7;;49;52
2023;Pays de la Loire;Maine-et-Loire;00-17 ans;Femmes;218.0;244.5;;49;52
2023;Pays de la Loire;Maine-et-Loire;45-64 ans;Femmes;93.0;89.6;;49;52
2023;Pays de la Loire;Maine-et-Loire;Tous;Femmes;608.0;142.5;139.1;49;52
2023;Pays de la Loire;Maine-et-Loire;18-24 ans;Hommes et Femmes;156.0;207.6;;49;52
2023;Pays de la Loire;Maine-et-Loire;45-64 ans;Hommes et Femmes;180.0;87.7;;49;52
2023;Pays de la Loire;Maine-et-Loire;65 ans et plus;Hommes et Femmes;82.0;46.8;;49;52
2023;Normandie;Manche;Tous;Hommes;413.0;170.1;178.5;50;28
2023;Normandie;Manche;45-64 ans;Femmes;166.0;246.6;;50;28
2023;Normandie;Manche;45-64 ans;Hommes et Femmes;285.0;213.8;;50;28
2023;Normandie;Manche;Tous;Hommes et Femmes;1139.0;229.4;246.7;50;28
2023;Grand Est;Marne;00-17 ans;Hommes;24.0;40.8;;51;44
2023;Grand Est;Marne;25-44 ans;Hommes;101.0;150.7;;51;44
2023;Grand Est;Marne;65 ans et plus;Hommes;27.0;53.6;;51;44
2023;Grand Est;Marne;18-24 ans;Femmes;112.0;443.8;;51;44
2023;Grand Est;Marne;Tous;Femmes;551.0;189.1;187.2;51;44
2023;Grand Est;Marne;25-44 ans;Hommes et Femmes;232.0;171.2;;51;44
2023;Grand Est;Marne;45-64 ans;Hommes et Femmes;209.0;148.7;;51;44
2023;Grand Est;Marne;65 ans et plus;Hommes et Femmes;81.0;68.0;;51;44
2023;Grand Est;Haute-Marne;65 ans et plus;Femmes;24.0;95.2;;52;44
2023;Grand Est;Haute-Marne;Tous;Femmes;220.0;256.7;277.0;52;44
2023;Grand Est;Haute-Marne;00-17 ans;Hommes et Femmes;38.0;121.6;;52;44
2023;Grand Est;Haute-Marne;18-24 ans;Hommes et Femmes;68.0;572.6;;52;44
2023;Grand Est;Haute-Marne;45-64 ans;Hommes et Femmes;88.0;195.4;;52;44
2023;Grand Est;Haute-Marne;Tous;Hommes et Femmes;353.0;209.1;222.7;52;44
2023;Pays de la Loire;Mayenne;00-17 ans;Femmes;176.0;546.3;;53;52
2023;Pays de la Loire;Mayenne;25-44 ans;Hommes et Femmes;135.0;205.8;;53;52
2023;Grand Est;Meurthe-et-Moselle;18-24 ans;Hommes;63.0;176.3;;54;44
2023;Grand Est;Meurthe-et-Moselle;45-64 ans;Hommes;97.0;108.3;;54;44
2023;Grand Est;Meurthe-et-Moselle;Tous;Hommes;348.0;97.9;95.1;54;44
2023;Grand Est;Meurthe-et-Moselle;45-64 ans;Femmes;102.0;109.8;;54;44
2023;Grand Est;Meurthe-et-Moselle;65 ans et plus;Femmes;58.0;67.3;;54;44
2023;Grand Est;Meurthe-et-Moselle;Tous;Hommes et Femmes;807.0;110.3;107.8;54;44
2023;Grand Est;Meuse;18-24 ans;Hommes;22.0;319.8;;55;44
2023;Grand Est;Meuse;25-44 ans;Hommes;50.0;252.6;;55;44
2023;Grand Est;Meuse;18-24 ans;Femmes;20.0;372.7;;55;44
2023;Grand Est;Meuse;25-44 ans;Femmes;53.0;280.9;;55;44
2023;Grand Est;Meuse;Tous;Femmes;183.0;202.4;214.3;55;44
2023;Grand Est;Meuse;18-24 ans;Hommes et Femmes;42.0;343.0;;55;44
2023;Grand Est;Meuse;25-44 ans;Hommes et Femmes;103.0;266.4;;55;44
2023;Grand Est;Meuse;45-64 ans;Hommes et Femmes;82.0;169.5;;55;44
2023;Grand Est;Meuse;Tous;Hommes et Femmes;308.0;171.6;181.2;55;44
2023;Bretagne;Morbihan;25-44 ans;Hommes;156.0;193.1;;56;53
2023;Bretagne;Morbihan;45-64 ans;Hommes;158.0;152.8;;56;53
2023;Bretagne;Morbihan;65 ans et plus;Hommes;66.0;73.6;;56;53
2023;Bretagne;Morbihan;Tous;Hommes;479.0;126.3;130.2;56;53
2023;Bretagne;Morbihan;25-44 ans;Femmes;186.0;230.2;;56;53
2023;Grand Est;Moselle;45-64 ans;Femmes;205.0;143.7;;57;44
2023;Grand Est;Moselle;18-24 ans;Hommes et Femmes;183.0;234.4;;57;44
2023;Grand Est;Moselle;Tous;Hommes et Femmes;1317.0;125.3;126.2;57;44
2023;Bourgogne et Franche-Comté;Nièvre;00-17 ans;Hommes;14.0;79.8;;58;27
2023;Bourgogne et Franche-Comté;Nièvre;25-44 ans;Hommes;34.0;178.3;;58;27
2023;Bourgogne et Franche-Comté;Nièvre;65 ans et plus;Hommes;14.0;52.1;;58;27
2023;Bourgogne et Franche-Comté;Nièvre;00-17 ans;Hommes et Femmes;83.0;241.2;;58;27
2023;Bourgogne et Franche-Comté;Nièvre;18-24 ans;Hommes et Femmes;41.0;325.0;;58;27
2023;Bourgogne et Franche-Comté;Nièvre;25-44 ans;Hommes et Femmes;79.0;206.6;;58;27
2023;Hauts-de-France;Nord;00-17 ans;Hommes;201.0;66.9;;59;32
2023;Hauts-de-France;Nord;18-24 ans;Hommes;403.0;317.8;;59;32
2023;Hauts-de-France;Nord;Tous;Hommes;2829.0;224.0;219.7;59;32
2023;Hauts-de-France;Nord;25-44 ans;Femmes;1034.0;308.4;;59;32
2023;Hauts-de-France;Nord;65 ans et plus;Femmes;324.0;115.0;;59;32
2023;Hauts-de-France;Nord;18-24 ans;Hommes et Femmes;1353.0;536.7;;59;32
2023;Hauts-de-France;Nord;45-64 ans;Hommes et Femmes;1860.0;293.2;;59;32
2023;Hauts-de-France;Oise;18-24 ans;Femmes;97.0;309.7;;60;32
2023;Hauts-de-France;Oise;25-44 ans;Femmes;157.0;152.7;;60;32
2023;Hauts-de-France;Oise;45-64 ans;Femmes;164.0;150.7;;60;32
2023;Hauts-de-France;Oise;65 ans et plus;Femmes;89.0;104.6;;60;32
2023;Hauts-de-France;Oise;00-17 ans;Hommes et Femmes;324.0;166.1;;60;32
2023;Normandie;Orne;25-44 ans;Hommes;81.0;293.5;;61;28
2023;Normandie;Orne;65 ans et plus;Hommes;17.0;51.0;;61;28
2023;Normandie;Orne;25-44 ans;Femmes;95.0;351.7;;61;28
2023;Normandie;Orne;65 ans et plus;Femmes;46.0;108.1;;61;28
2023;Normandie;Orne;00-17 ans;Hommes et Femmes;112.0;213.0;;61;28
2023;Normandie;Orne;18-24 ans;Hommes et Femmes;103.0;560.0;;61;28
2023;Normandie;Orne;45-64 ans;Hommes et Femmes;120.0;163.8;;61;28
2023;Hauts-de-France;Pas-de-Calais;65 ans et plus;Hommes;86.0;69.2;;62;32
2023;Hauts-de-France;Pas-de-Calais;00-17 ans;Femmes;451.0;284.9;;62;32
2023;Hauts-de-France;Pas-de-Calais;25-44 ans;Hommes et Femmes;991.0;288.5;;62;32
2023;Hauts-de-France;Pas-de-Calais;45-64 ans;Hommes et Femmes;890.0;237.9;;62;32
2023;Hauts-de-France;Pas-de-Calais;Tous;Hommes et Femmes;3174.0;217.9;218.5;62;32
2023;Auvergne et Rhône-Alpes;Puy-de-Dôme;00-17 ans;Femmes;120.0;190.0;;63;84
2023;Auvergne et Rhône-Alpes;Puy-de-Dôme;25-44 ans;Femmes;190.0;244.6;;63;84
2023;Auvergne et Rhône-Alpes;Puy-de-Dôme;45-64 ans;Femmes;183.0;213.0;;63;84
2023;Auvergne et Rhône-Alpes;Puy-de-Dôme;65 ans et plus;Femmes;70.0;81.1;;63;84
2023;Auvergne et Rhône-Alpes;Puy-de-Dôme;Tous;Femmes;753.0;220.2;219.8;63;84
2023;Auvergne et Rhône-Alpes;Puy-de-Dôme;18-24 ans;Hommes et Femmes;265.0;451.5;;63;84
2023;Auvergne et Rhône-Alpes;Puy-de-Dôme;65 ans et plus;Hommes et Femmes;119.0;78.4;;63;84
2023;Nouvelle Aquitaine;Pyrénées-Atlantiques;45-64 ans;Hommes;44.0;47.7;;64;75
2023;Nouvelle Aquitaine;Pyrénées-Atlantiques;65 ans et plus;Hommes;13.0;17.0;;64;75
2023;Nouvelle Aquitaine;Pyrénées-Atlantiques;18-24 ans;Femmes;36.0;154.7;;64;75
2023;Nouvelle Aquitaine;Pyrénées-Atlantiques;18-24 ans;Hommes et Femmes;59.0;120.0;;64;75
2023;Nouvelle Aquitaine;Pyrénées-Atlantiques;Tous;Hommes et Femmes;358.5;50.9;53.6;64;75
2023;Occitanie;Hautes-Pyrénées;18-24 ans;Hommes;21.0;240.3;;65;76
2023;Occitanie;Hautes-Pyrénées;25-44 ans;Hommes;41.0;171.3;;65;76
2023;Occitanie;Hautes-Pyrénées;45-64 ans;Hommes;32.0;104.9;;65;76
2023;Occitanie;Hautes-Pyrénées;Tous;Hommes;108.0;96.3;101.1;65;76
2023;Occitanie;Hautes-Pyrénées;00-17 ans;Femmes;43.0;222.2;;65;76
2023;Occitanie;Hautes-Pyrénées;00-17 ans;Hommes et Femmes;48.0;119.4;;65;76
2023;Occitanie;Hautes-Pyrénées;25-44 ans;Hommes et Femmes;87.0;181.8;;65;76
2023;Occitanie;Pyrénées-Orientales;18-24 ans;Hommes;20.0;115.3;;66;76
2023;Occitanie;Pyrénées-Orientales;18-24 ans;Femmes;42.0;263.4;;66;76
2023;Occitanie;Pyrénées-Orientales;45-64 ans;Femmes;80.0;116.9;;66;76
2023;Occitanie;Pyrénées-Orientales;Tous;Femmes;325.0;124.9;132.2;66;76
2023;Occitanie;Pyrénées-Orientales;00-17 ans;Hommes et Femmes;112.0;117.2;;66;76
2023;Occitanie;Pyrénées-Orientales;18-24 ans;Hommes et Femmes;62.0;186.2;;66;76
2023;Occitanie;Pyrénées-Orientales;25-44 ans;Hommes et Femmes;115.0;112.3;;66;76
2023;Grand Est;Bas-Rhin;18-24 ans;Hommes;79.0;154.1;;67;44
2023;Grand Est;Bas-Rhin;45-64 ans;Hommes;207.0;138.7;;67;44
2023;Grand Est;Bas-Rhin;65 ans et plus;Hommes;51.0;50.4;;67;44
2023;Grand Est;Bas-Rhin;25-44 ans;Femmes;228.0;151.9;;67;44
2023;Grand Est;Bas-Rhin;45-64 ans;Femmes;200.0;130.7;;67;44
2023;Grand Est;Bas-Rhin;65 ans et plus;Femmes;100.0;78.0;;67;44
2023;Grand Est;Bas-Rhin;18-24 ans;Hommes et Femmes;340.0;329.0;;67;44
2023;Grand Est;Bas-Rhin;Tous;Hommes et Femmes;1681.0;144.8;141.9;67;44
2023;Grand Est;Haut-Rhin;18-24 ans;Hommes;24.0;80.1;;68;44
2023;Grand Est;Haut-Rhin;00-17 ans;Hommes et Femmes;224.0;144.8;;68;44
2023;Grand Est;Haut-Rhin;45-64 ans;Hommes et Femmes;138.0;65.6;;68;44
2023;Auvergne et Rhône-Alpes;Rhône;45-64 ans;Hommes;159.0;73.3;;69;84
2023;Auvergne et Rhône-Alpes;Rhône;65 ans et plus;Hommes;59.0;41.3;;69;84
2023;Auvergne et Rhône-Alpes;Rhône;Tous;Hommes;545.0;59.0;57.9;69;84
2023;Auvergne et Rhône-Alpes;Rhône;45-64 ans;Femmes;198.0;88.0;;69;84
2023;Auvergne et Rhône-Alpes;Rhône;Tous;Femmes;1142.0;115.1;107.5;69;84
2023;Auvergne et Rhône-Alpes;Rhône;18-24 ans;Hommes et Femmes;415.0;211.3;;69;84
2023;Auvergne et Rhône-Alpes;Rhône;65 ans et plus;Hommes et Femmes;154.0;45.6;;69;84
2023;Auvergne et Rhône-Alpes;Rhône;Tous;Hommes et Femmes;1687.0;88.0;83.4;69;84
2023;Bourgogne et Franche-Comté;Haute-Saône;25-44 ans;Hommes;51.0;207.1;;70;27
2023;Bourgogne et Franche-Comté;Haute-Saône;00-17 ans;Hommes et Femmes;82.0;175.9;;70;27
2023;Bourgogne et Franche-Comté;Haute-Saône;18-24 ans;Hommes et Femmes;43.0;281.9;;70;27
2023;Bourgogne et Franche-Comté;Saône-et-Loire;00-17 ans;Hommes;29.0;53.8;;71;27
2023;Bourgogne et Franche-Comté;Saône-et-Loire;18-24 ans;Hommes;57.0;299.4;;71;27
2023;Bourgogne et Franche-Comté;Saône-et-Loire;45-64 ans;Hommes;105.0;144.3;;71;27
2023;Bourgogne et Franche-Comté;Saône-et-Loire;65 ans et plus;Hommes;48.0;73.5;;71;27
2023;Bourgogne et Franche-Comté;Saône-et-Loire;25-44 ans;Femmes;108.0;193.5;;71;27
2023;Bourgogne et Franche-Comté;Saône-et-Loire;00-17 ans;Hommes et Femmes;255.0;244.7;;71;27
2023;Pays de la Loire;Sarthe;00-17 ans;Hommes;21.0;34.0;;72;52
2023;Pays de la Loire;Sarthe;25-44 ans;Hommes;47.0;77.2;;72;52
2023;Pays de la Loire;Sarthe;45-64 ans;Hommes;45.0;62.0;;72;52
2023;Pays de la Loire;Sarthe;00-17 ans;Femmes;193.0;331.4;;72;52
2023;Pays de la Loire;Sarthe;65 ans et plus;Hommes et Femmes;57.0;43.5;;72;52
2023;Pays de la Loire;Sarthe;Tous;Hommes et Femmes;535.0;94.6;95.5;72;52
2023;Auvergne et Rhône-Alpes;Savoie;18-24 ans;Hommes;36.0;203.8;;73;84
2023;Auvergne et Rhône-Alpes;Savoie;25-44 ans;Hommes;87.0;162.1;;73;84
2023;Auvergne et Rhône-Alpes;Savoie;45-64 ans;Hommes;70.0;118.2;;73;84
2023;Auvergne et Rhône-Alpes;Savoie;18-24 ans;Femmes;80.0;523.6;;73;84
2023;Auvergne et Rhône-Alpes;Savoie;45-64 ans;Femmes;58.0;97.0;;73;84
2023;Auvergne et Rhône-Alpes;Savoie;65 ans et plus;Femmes;47.0;85.2;;73;84
2023;Auvergne et Rhône-Alpes;Haute-Savoie;25-44 ans;Hommes;121.0;103.0;;74;84
2023;Auvergne et Rhône-Alpes;Haute-Savoie;Tous;Hommes;330.0;78.2;78.1;74;84
2023;Auvergne et Rhône-Alpes;Haute-Savoie;00-17 ans;Femmes;251.0;272.8;;74;84
2023;Auvergne et Rhône-Alpes;Haute-Savoie;18-24 ans;Femmes;107.0;395.6;;74;84
2023;Auvergne et Rhône-Alpes;Haute-Savoie;45-64 ans;Femmes;126.0;112.7;;74;84
2023;Auvergne et Rhône-Alpes;Haute-Savoie;Tous;Femmes;708.0;162.8;162.3;74;84
2023;Auvergne et Rhône-Alpes;Haute-Savoie;18-24 ans;Hommes et Femmes;153.0;264.2;;74;84
2023;Auvergne et Rhône-Alpes;Haute-Savoie;65 ans et plus;Hommes et Femmes;95.0;62.7;;74;84
2023;Île-de-France;Paris;00-17 ans;Hommes;43.0;26.0;;75;11
2023;Île-de-France;Paris;18-24 ans;Hommes;83.0;83.3;;75;11
2023;Île-de-France;Paris;Tous;Hommes;500.0;50.8;48.4;75;11
2023;Île-de-France;Paris;00-17 ans;Femmes;270.0;167.3;;75;11
2023;Île-de-France;Paris;18-24 ans;Femmes;247.0;200.8;;75;11
2023;Île-de-France;Paris;25-44 ans;Femmes;201.0;58.2;;75;11
2023;Île-de-France;Paris;00-17 ans;Hommes et Femmes;313.0;95.9;;75;11
2023;Île-de-France;Paris;65 ans et plus;Hommes et Femmes;143.0;37.7;;75;11
2023;Île-de-France;Paris;Tous;Hommes et Femmes;1416.0;67.7;66.1;75;11
2023;Normandie;Seine-Maritime;00-17 ans;Hommes;95.0;69.4;;76;28
2023;Normandie;Seine-Maritime;45-64 ans;Hommes;274.0;181.2;;76;28
2023;Normandie;Seine-Maritime;00-17 ans;Femmes;490.0;374.4;;76;28
2023;Normandie;Seine-Maritime;45-64 ans;Femmes;358.0;222.0;;76;28
2023;Normandie;Seine-Maritime;65 ans et plus;Femmes;136.0;87.3;;76;28
2023;Normandie;Seine-Maritime;00-17 ans;Hommes et Femmes;585.0;218.5;;76;28
2023;Normandie;Seine-Maritime;25-44 ans;Hommes et Femmes;678.0;225.9;;76;28
2023;Île-de-France;Seine-et-Marne;45-64 ans;Hommes;130.0;71.8;;77;11
2023;Île-de-France;Seine-et-Marne;65 ans et plus;Hommes;55.0;54.5;;77;11
2023;Île-de-France;Seine-et-Marne;25-44 ans;Hommes et Femmes;349.0;91.2;;77;11
2023;Île-de-France;Yvelines;00-17 ans;Hommes;49.0;27.3;;78;11
2023;Île-de-France;Yvelines;65 ans et plus;Hommes;34.0;31.1;;78;11
2023;Île-de-France;Yvelines;Tous;Hommes;261.0;36.3;36.2;78;11
2023;Île-de-France;Yvelines;18-24 ans;Femmes;113.0;188.6;;78;11
2023;Île-de-France;Yvelines;25-44 ans;Femmes;81.0;42.6;;78;11
2023;Île-de-France;Yvelines;65 ans et plus;Femmes;61.0;42.5;;78;11
2023;Île-de-France;Yvelines;18-24 ans;Hommes et Femmes;135.0;109.3;;78;11
2023;Nouvelle Aquitaine;Deux-Sèvres;00-17 ans;Hommes;19.0;48.8;;79;75
2023;Nouvelle Aquitaine;Deux-Sèvres;25-44 ans;Hommes;104.0;258.5;;79;75
2023;Nouvelle Aquitaine;Deux-Sèvres;Tous;Hommes;260.0;140.9;148.0;79;75
2023;Nouvelle Aquitaine;Deux-Sèvres;45-64 ans;Hommes et Femmes;179.0;175.7;;79;75
2023;Hauts-de-France;Somme;00-17 ans;Hommes;54.0;90.9;;80;32
2023;Hauts-de-France;Somme;65 ans et plus;Hommes;57.0;109.6;;80;32
2023;Hauts-de-France;Somme;25-44 ans;Femmes;304.0;459.2;;80;32
2023;Hauts-de-France;Somme;45-64 ans;Femmes;277.0;381.7;;80;32
2023;Hauts-de-France;Somme;Tous;Femmes;1254.0;432.8;429.7;80;32
2023;Hauts-de-France;Somme;18-24 ans;Hommes et Femmes;308.0;596.9;;80;32
2023;Hauts-de-France;Somme;25-44 ans;Hommes et Femmes;613.0;464.6;;80;32
2023;Occitanie;Tarn;00-17 ans;Hommes;13.0;33.4;;81;76
2023;Occitanie;Tarn;45-64 ans;Hommes;77.0;147.5;;81;76
2023;Occitanie;Tarn;65 ans et plus;Hommes;26.0;55.9;;81;76
2023;Occitanie;Tarn;18-24 ans;Hommes et Femmes;85.0;317.4;;81;76
2023;Occitanie;Tarn-et-Garonne;18-24 ans;Hommes;14.0;147.2;;82;76
2023;Occitanie;Tarn-et-Garonne;25-44 ans;Hommes;55.0;191.6;;82;76
2023;Occitanie;Tarn-et-Garonne;00-17 ans;Femmes;51.0;181.1;;82;76
2023;Occitanie;Tarn-et-Garonne;45-64 ans;Femmes;88.0;246.8;;82;76
2023;Occitanie;Tarn-et-Garonne;00-17 ans;Hommes et Femmes;65.0;112.7;;82;76
2023;Occitanie;Tarn-et-Garonne;Tous;Hommes et Femmes;454.0;170.7;180.7;82;76
2023;Provence-Alpes-Côte d'Azur;Var;18-24 ans;Hommes;55.0;142.2;;83;93
2023;Provence-Alpes-Côte d'Azur;Var;45-64 ans;Hommes;127.0;89.8;;83;93
2023;Provence-Alpes-Côte d'Azur;Var;65 ans et plus;Hommes;87.0;65.2;;83;93
2023;Provence-Alpes-Côte d'Azur;Var;Tous;Hommes;456.0;84.8;86.5;83;93
2023;Provence-Alpes-Côte d'Azur;Var;00-17 ans;Femmes;258.0;262.6;;83;93
2023;Provence-Alpes-Côte d'Azur;Var;25-44 ans;Femmes;209.0;171.5;;83;93
2023;Provence-Alpes-Côte d'Azur;Var;45-64 ans;Femmes;252.0;164.9;;83;93
2023;Provence-Alpes-Côte d'Azur;Var;65 ans et plus;Femmes;155.0;89.8;;83;93
2023;Provence-Alpes-Côte d'Azur;Var;Tous;Femmes;1028.0;177.2;190.4;83;93
2023;Provence-Alpes-Côte d'Azur;Var;25-44 ans;Hommes et Femmes;355.0;147.4;;83;93
2023;Provence-Alpes-Côte d'Azur;Var;45-64 ans;Hommes et Femmes;379.0;128.8;;83;93
2023;Provence-Alpes-Côte d'Azur;Var;65 ans et plus;Hommes et Femmes;242.0;79.1;;83;93
2023;Provence-Alpes-Côte d'Azur;Vaucluse;25-44 ans;Hommes;102.0;165.4;;84;93
2023;Provence-Alpes-Côte d'Azur;Vaucluse;00-17 ans;Femmes;132.0;229.6;;84;93
2023;Provence-Alpes-Côte d'Azur;Vaucluse;Tous;Femmes;484.0;163.2;167.6;84;93
2023;Provence-Alpes-Côte d'Azur;Vaucluse;00-17 ans;Hommes et Femmes;147.0;124.2;;84;93
2023;Provence-Alpes-Côte d'Azur;Vaucluse;25-44 ans;Hommes et Femmes;189.0;148.3;;84;93
2023;Provence-Alpes-Côte d'Azur;Vaucluse;45-64 ans;Hommes et Femmes;205.0;136.9;;84;93
2023;Pays de la Loire;Vendée;00-17 ans;Hommes;39.0;53.4;;85;52
2023;Pays de la Loire;Vendée;18-24 ans;Hommes;52.0;208.7;;85;52
2023;Pays de la Loire;Vendée;45-64 ans;Hommes;127.0;137.2;;85;52
2023;Pays de la Loire;Vendée;65 ans et plus;Hommes;45.0;53.6;;85;52
2023;Pays de la Loire;Vendée;Tous;Hommes;438.0;125.4;132.7;85;52
2023;Pays de la Loire;Vendée;Tous;Femmes;900.0;248.2;272.7;85;52
2023;Pays de la Loire;Vendée;00-17 ans;Hommes et Femmes;312.0;220.7;;85;52
2023;Pays de la Loire;Vendée;25-44 ans;Hommes et Femmes;361.0;241.8;;85;52
2023;Pays de la Loire;Vendée;45-64 ans;Hommes et Femmes;291.0;155.3;;85;52
2023;Nouvelle Aquitaine;Vienne;00-17 ans;Hommes;10.0;22.4;;86;75
2023;Nouvelle Aquitaine;Vienne;18-24 ans;Hommes;32.0;153.1;;86;75
2023;Nouvelle Aquitaine;Vienne;25-44 ans;Hommes;62.0;128.0;;86;75
2023;Nouvelle Aquitaine;Vienne;Tous;Hommes;180.0;84.8;84.7;86;75
2023;Nouvelle Aquitaine;Vienne;18-24 ans;Femmes;47.0;225.0;;86;75
2023;Nouvelle Aquitaine;Vienne;45-64 ans;Femmes;57.0;101.4;;86;75
2023;Nouvelle Aquitaine;Vienne;25-44 ans;Hommes et Femmes;140.0;143.3;;86;75
2023;Nouvelle Aquitaine;Haute-Vienne;18-24 ans;Femmes;96.0;614.9;;87;75
2023;Nouvelle Aquitaine;Haute-Vienne;25-44 ans;Hommes et Femmes;174.0;217.9;;87;75
2023;Grand Est;Vosges;00-17 ans;Hommes;22.0;63.5;;88;44
2023;Grand Est;Vosges;18-24 ans;Hommes;45.0;340.7;;88;44
2023;Grand Est;Vosges;Tous;Hommes;271.0;155.6;162.7;88;44
2023;Grand Est;Vosges;18-24 ans;Femmes;87.0;788.7;;88;44
2023;Grand Est;Vosges;25-44 ans;Femmes;114.0;306.3;;88;44
2023;Grand Est;Vosges;65 ans et plus;Hommes et Femmes;72.0;78.2;;88;44
2023;Bourgogne et Franche-Comté;Yonne;00-17 ans;Hommes;18.0;52.3;;89;27
2023;Bourgogne et Franche-Comté;Yonne;18-24 ans;Hommes;10.0;88.3;;89;27
2023;Bourgogne et Franche-Comté;Yonne;25-44 ans;Hommes;68.0;195.2;;89;27
2023;Bourgogne et Franche-Comté;Yonne;65 ans et plus;Hommes;18.0;47.9;;89;27
2023;Bourgogne et Franche-Comté;Yonne;Tous;Hommes;172.0;105.9;109.8;89;27
2023;Bourgogne et Franche-Comté;Yonne;25-44 ans;Femmes;64.0;182.3;;89;27
2023;Bourgogne et Franche-Comté;Yonne;45-64 ans;Femmes;40.0;87.9;;89;27
2023;Bourgogne et Franche-Comté;Yonne;45-64 ans;Hommes et Femmes;98.0;109.1;;89;27
2023;Bourgogne et Franche-Comté;Yonne;Tous;Hommes et Femmes;426.0;128.0;135.3;89;27
2023;Bourgogne et Franche-Comté;Territoire de Belfort;00-17 ans;Hommes;2.5;16.3;;90;27
2023;Bourgogne et Franche-Comté;Territoire de Belfort;25-44 ans;Hommes;21.0;126.0;;90;27
2023;Bourgogne et Franche-Comté;Territoire de Belfort;65 ans et plus;Hommes;6.0;47.7;;90;27
2023;Bourgogne et Franche-Comté;Territoire de Belfort;45-64 ans;Femmes;14.0;77.0;;90;27
2023;Bourgogne et Franche-Comté;Territoire de Belfort;65 ans et plus;Femmes;8.0;48.4;;90;27
2023;Bourgogne et Franche-Comté;Territoire de Belfort;00-17 ans;Hommes et Femmes;38.5;129.8;;90;27
2023;Bourgogne et Franche-Comté;Territoire de Belfort;18-24 ans;Hommes et Femmes;30.0;254.6;;90;27
2023;Bourgogne et Franche-Comté;Territoire de Belfort;Tous;Hommes et Femmes;157.5;112.9;113.8;90;27
2023;Île-de-France;Essonne;45-64 ans;Hommes;101.0;61.6;;91;11
2023;Île-de-France;Essonne;65 ans et plus;Hommes;41.0;44.6;;91;11
2023;Île-de-France;Essonne;25-44 ans;Femmes;170.0;95.6;;91;11
2023;Île-de-France;Essonne;Tous;Hommes et Femmes;1183.0;88.9;87.1;91;11
2023;Île-de-France;Hauts-de-Seine;00-17 ans;Hommes;43.0;23.9;;92;11
2023;Île-de-France;Hauts-de-Seine;25-44 ans;Hommes;138.0;59.3;;92;11
2023;Île-de-France;Hauts-de-Seine;45-64 ans;Hommes;153.0;78.3;;92;11
2023;Île-de-France;Hauts-de-Seine;65 ans et plus;Hommes;55.0;50.9;;92;11
2023;Île-de-France;Hauts-de-Seine;00-17 ans;Femmes;322.0;187.1;;92;11
2023;Île-de-France;Hauts-de-Seine;65 ans et plus;Femmes;82.0;53.2;;92;11
2023;Île-de-France;Hauts-de-Seine;25-44 ans;Hommes et Femmes;325.0;67.7;;92;11
2023;Île-de-France;Hauts-de-Seine;45-64 ans;Hommes et Femmes;296.0;72.2;;92;11
2023;Île-de-France;Seine-Saint-Denis;00-17 ans;Hommes;39.0;17.8;;93;11
2023;Île-de-France;Seine-Saint-Denis;45-64 ans;Hommes;78.0;39.7;;93;11
2023;Île-de-France;Seine-Saint-Denis;Tous;Hommes;305.0;36.4;36.3;93;11
2023;Île-de-France;Seine-Saint-Denis;18-24 ans;Femmes;101.0;126.1;;93;11
2023;Île-de-France;Seine-Saint-Denis;Tous;Femmes;605.0;70.9;65.8;93;11
2023;Île-de-France;Seine-Saint-Denis;00-17 ans;Hommes et Femmes;263.0;61.6;;93;11
2023;Île-de-France;Seine-Saint-Denis;25-44 ans;Hommes et Femmes;240.0;49.2;;93;11
2023;Île-de-France;Seine-Saint-Denis;45-64 ans;Hommes et Femmes;180.0;45.7;;93;11
2023;Île-de-France;Seine-Saint-Denis;Tous;Hommes et Femmes;910.0;53.8;51.5;93;11
2023;Île-de-France;Val-de-Marne;00-17 ans;Femmes;255.0;165.6;;94;11
2023;Île-de-France;Val-de-Marne;65 ans et plus;Femmes;85.0;65.4;;94;11
2023;Île-de-France;Val-de-Marne;18-24 ans;Hommes et Femmes;287.0;213.4;;94;11
2023;Île-de-France;Val-d'Oise;00-17 ans;Hommes;36.0;21.7;;95;11
2023;Île-de-France;Val-d'Oise;65 ans et plus;Hommes;34.0;41.5;;95;11
2023;Île-de-France;Val-d'Oise;Tous;Hommes;246.0;39.5;40.1;95;11
2023;Île-de-France;Val-d'Oise;18-24 ans;Femmes;107.0;188.0;;95;11
2023;Île-de-France;Val-d'Oise;45-64 ans;Hommes et Femmes;159.0;51.5;;95;11
2023;Guadeloupe;Guadeloupe;00-17 ans;Hommes;5.0;12.5;;971;01
2023;Guadeloupe;Guadeloupe;Tous;Femmes;59.0;28.4;30.0;971;01
2023;Martinique;Martinique;00-17 ans;Hommes;2.5;7.3;;972;02
2023;Martinique;Martinique;25-44 ans;Hommes;16.0;53.9;;972;02
2023;Martinique;Martinique;45-64 ans;Hommes;15.0;29.8;;972;02
2023;Martinique;Martinique;18-24 ans;Femmes;12.0;101.8;;972;02
2023;Martinique;Martinique;65 ans et plus;Femmes;9.0;18.4;;972;02
2023;Martinique;Martinique;00-17 ans;Hommes et Femmes;44.5;65.8;;972;02
2023;Martinique;Martinique;18-24 ans;Hommes et Femmes;14.5;60.9;;972;02
2023;Martinique;Martinique;45-64 ans;Hommes et Femmes;27.0;24.1;;972;02
2023;Martinique;Martinique;Tous;Hommes et Femmes;140.0;39.0;41.9;972;02
2023;Guyane;Guyane;00-17 ans;Hommes;15.0;27.5;;973;03
2023;Guyane;Guyane;18-24 ans;Hommes;9.0;62.0;;973;03
2023;Guyane;Guyane;45-64 ans;Hommes;14.0;52.0;;973;03
2023;Guyane;Guyane;Tous;Hommes;62.5;44.4;48.1;973;03
2023;Guyane;Guyane;00-17 ans;Femmes;50.0;93.6;;973;03
2023;Guyane;Guyane;65 ans et plus;Femmes;2.5;23.7;;973;03
2023;Guyane;Guyane;25-44 ans;Hommes et Femmes;60.0;78.0;;973;03
2023;Réunion;Réunion;65 ans et plus;Hommes;40.0;69.9;;974;04
2023;Réunion;Réunion;Tous;Femmes;798.0;171.8;155.9;974;04
2023;Réunion;Réunion;18-24 ans;Hommes et Femmes;165.0;220.6;;974;04
2023;Réunion;Réunion;25-44 ans;Hommes et Femmes;357.0;168.0;;974;04
2023;Réunion;Réunion;45-64 ans;Hommes et Femmes;238.0;99.1;;974;04
2023;Réunion;Réunion;65 ans et plus;Hommes et Femmes;70.0;54.6;;974;04
2023;Mayotte;Mayotte;25-44 ans;Hommes;2.5;7.3;;976;06
2023;Mayotte;Mayotte;45-64 ans;Hommes;2.5;13.5;;976;06
2023;Mayotte;Mayotte;18-24 ans;Hommes et Femmes;6.0;20.2;;976;06
2023;Saint-Barthélemy;Saint-Barthélemy;Tous;Hommes;8.0;;;977;977
2023;Saint-Barthélemy;Saint-Barthélemy;00-17 ans;Femmes;0.0;;;977;977
2023;Saint-Barthélemy;Saint-Barthélemy;45-64 ans;Femmes;2.5;;;977;977
2023;Saint-Barthélemy;Saint-Barthélemy;Tous;Femmes;7.0;;;977;977
2023;Saint-Barthélemy;Saint-Barthélemy;18-24 ans;Hommes et Femmes;2.5;;;977;977
2023;Saint-Barthélemy;Saint-Barthélemy;45-64 ans;Hommes et Femmes;5.0;;;977;977
2023;Saint-Barthélemy;Saint-Barthélemy;65 ans et plus;Hommes et Femmes;2.5;;;977;977
2023;Grand Est;Aube;65 ans et plus;Femmes;21.0;52.3;;10;44
2023;Grand Est;Aube;00-17 ans;Hommes et Femmes;109.0;163.2;;10;44
2023;Grand Est;Aube;25-44 ans;Hommes et Femmes;77.0;108.7;;10;44
2023;Occitanie;Aude;25-44 ans;Hommes;50.0;132.1;;11;76
2023;Occitanie;Aude;Tous;Hommes;162.0;88.9;93.7;11;76
2023;Occitanie;Aude;18-24 ans;Femmes;47.0;403.1;;11;76
2023;Occitanie;Aude;18-24 ans;Hommes et Femmes;67.0;279.0;;11;76
2023;Occitanie;Aveyron;25-44 ans;Hommes;41.0;139.4;;12;76
2023;Occitanie;Aveyron;65 ans et plus;Hommes;10.0;28.3;;12;76
2023;Occitanie;Aveyron;45-64 ans;Femmes;50.0;131.4;;12;76
2023;Occitanie;Aveyron;00-17 ans;Hommes et Femmes;52.0;103.6;;12;76
2023;Occitanie;Aveyron;45-64 ans;Hommes et Femmes;78.0;102.0;;12;76
2023;Provence-Alpes-Côte d'Azur;Bouches-du-Rhône;65 ans et plus;Hommes;74.0;38.7;;13;93
2023;Provence-Alpes-Côte d'Azur;Bouches-du-Rhône;25-44 ans;Femmes;291.0;110.8;;13;93
2023;Provence-Alpes-Côte d'Azur;Bouches-du-Rhône;18-24 ans;Hommes et Femmes;288.0;166.2;;13;93
2023;Provence-Alpes-Côte d'Azur;Bouches-du-Rhône;45-64 ans;Hommes et Femmes;531.0;101.2;;13;93
2023;Provence-Alpes-Côte d'Azur;Bouches-du-Rhône;65 ans et plus;Hommes et Femmes;250.0;56.0;;13;93
2023;Normandie;Calvados;18-24 ans;Hommes;44.0;140.0;;14;28
2023;Normandie;Calvados;25-44 ans;Hommes;179.0;223.1;;14;28
2023;Normandie;Calvados;65 ans et plus;Hommes;55.0;78.6;;14;28
2023;Normandie;Calvados;Tous;Hommes;409.0;120.2;121.0;14;28
2023;Normandie;Calvados;Tous;Femmes;763.0;208.3;211.2;14;28
2023;Normandie;Calvados;65 ans et plus;Hommes et Femmes;141.0;85.5;;14;28
2023;Auvergne et Rhône-Alpes;Cantal;25-44 ans;Hommes;8.0;56.1;;15;84
2023;Auvergne et Rhône-Alpes;Cantal;65 ans et plus;Hommes;6.0;31.4;;15;84
2023;Auvergne et Rhône-Alpes;Cantal;00-17 ans;Femmes;16.0;136.3;;15;84
2023;Auvergne et Rhône-Alpes;Cantal;18-24 ans;Femmes;13.0;324.8;;15;84
2023;Auvergne et Rhône-Alpes;Cantal;Tous;Femmes;68.0;92.7;107.3;15;84
2023;Auvergne et Rhône-Alpes;Cantal;Tous;Hommes et Femmes;109.5;75.9;85.3;15;84
2023;Nouvelle Aquitaine;Charente;25-44 ans;Hommes;68.0;184.1;;16;75
2023;Nouvelle Aquitaine;Charente;45-64 ans;Hommes;46.0;98.5;;16;75
2023;Nouvelle Aquitaine;Charente;18-24 ans;Femmes;54.0;500.1;;16;75
2023;Nouvelle Aquitaine;Charente;65 ans et plus;Femmes;59.0;112.1;;16;75
2023;Nouvelle Aquitaine;Charente;Tous;Hommes et Femmes;529.0;150.7;158.3;16;75
2023;Nouvelle Aquitaine;Charente-Maritime;00-17 ans;Hommes;41.0;68.5;;17;75
2023;Nouvelle Aquitaine;Charente-Maritime;18-24 ans;Hommes;38.0;158.5;;17;75
2023;Nouvelle Aquitaine;Charente-Maritime;45-64 ans;Hommes;121.0;140.4;;17;75
2023;Nouvelle Aquitaine;Charente-Maritime;65 ans et plus;Hommes;40.0;46.2;;17;75
2023;Nouvelle Aquitaine;Charente-Maritime;Tous;Hommes;360.0;111.6;118.3;17;75
2023;Nouvelle Aquitaine;Charente-Maritime;00-17 ans;Femmes;152.0;266.4;;17;75
2023;Nouvelle Aquitaine;Charente-Maritime;18-24 ans;Femmes;108.0;533.6;;17;75
2023;Nouvelle Aquitaine;Charente-Maritime;25-44 ans;Femmes;177.0;259.9;;17;75
2023;Nouvelle Aquitaine;Charente-Maritime;45-64 ans;Femmes;206.0;221.2;;17;75
2023;Nouvelle Aquitaine;Charente-Maritime;18-24 ans;Hommes et Femmes;146.0;330.2;;17;75
2023;Nouvelle Aquitaine;Charente-Maritime;25-44 ans;Hommes et Femmes;297.0;221.5;;17;75
2023;Nouvelle Aquitaine;Charente-Maritime;45-64 ans;Hommes et Femmes;327.0;182.3;;17;75
2023;Centre-Val de Loire;Cher;18-24 ans;Hommes;7.0;66.5;;18;24
2023;Centre-Val de Loire;Cher;45-64 ans;Hommes;28.0;71.9;;18;24
2023;Centre-Val de Loire;Cher;Tous;Hommes;86.0;59.2;60.1;18;24
2023;Centre-Val de Loire;Cher;18-24 ans;Femmes;18.0;198.7;;18;24
2023;Centre-Val de Loire;Cher;45-64 ans;Femmes;26.0;64.0;;18;24
2023;Centre-Val de Loire;Cher;00-17 ans;Hommes et Femmes;43.0;75.5;;18;24
2023;Centre-Val de Loire;Cher;18-24 ans;Hommes et Femmes;25.0;127.6;;18;24
2023;Nouvelle Aquitaine;Corrèze;00-17 ans;Hommes;14.0;64.9;;19;75
2023;Nouvelle Aquitaine;Corrèze;00-17 ans;Femmes;99.0;494.9;;19;75
2023;Nouvelle Aquitaine;Corrèze;18-24 ans;Femmes;35.0;513.2;;19;75
2023;Nouvelle Aquitaine;Corrèze;45-64 ans;Hommes et Femmes;99.0;152.5;;19;75
2023;Nouvelle Aquitaine;Corrèze;65 ans et plus;Hommes et Femmes;57.0;82.4;;19;75
2023;Bourgogne et Franche-Comté;Côte-d'Or;45-64 ans;Hommes;89.0;135.6;;21;27
2023;Bourgogne et Franche-Comté;Côte-d'Or;Tous;Hommes;342.0;131.0;129.9;21;27
2023;Bourgogne et Franche-Comté;Côte-d'Or;00-17 ans;Femmes;211.0;420.0;;21;27
2023;Bourgogne et Franche-Comté;Côte-d'Or;18-24 ans;Femmes;195.0;741.2;;21;27
2023;Bourgogne et Franche-Comté;Côte-d'Or;45-64 ans;Femmes;125.0;181.5;;21;27
2023;Bourgogne et Franche-Comté;Côte-d'Or;25-44 ans;Hommes et Femmes;258.0;201.0;;21;27
2023;Bourgogne et Franche-Comté;Côte-d'Or;65 ans et plus;Hommes et Femmes;92.0;77.1;;21;27
2023;Bretagne;Côtes-d'Armor;00-17 ans;Hommes;35.0;57.2;;22;53
2023;Bretagne;Côtes-d'Armor;18-24 ans;Femmes;142.0;777.9;;22;53
2023;Bretagne;Côtes-d'Armor;45-64 ans;Femmes;215.0;258.0;;22;53
2023;Bretagne;Côtes-d'Armor;Tous;Femmes;911.0;289.0;315.1;22;53
2023;Bretagne;Côtes-d'Armor;18-24 ans;Hommes et Femmes;191.0;484.2;;22;53
2023;Bretagne;Côtes-d'Armor;Tous;Hommes et Femmes;1476.0;241.5;259.9;22;53
2023;Nouvelle Aquitaine;Creuse;00-17 ans;Hommes;2.5;26.5;;23;75
2023;Nouvelle Aquitaine;Creuse;00-17 ans;Femmes;26.0;284.2;;23;75
2023;Nouvelle Aquitaine;Creuse;18-24 ans;Femmes;12.0;430.6;;23;75
2023;Nouvelle Aquitaine;Creuse;65 ans et plus;Femmes;14.0;69.3;;23;75
2023;Nouvelle Aquitaine;Creuse;Tous;Femmes;86.0;146.2;173.0;23;75
2023;Nouvelle Aquitaine;Creuse;45-64 ans;Hommes et Femmes;33.0;101.5;;23;75
2023;Nouvelle Aquitaine;Creuse;Tous;Hommes et Femmes;133.0;115.7;133.3;23;75
2023;Nouvelle Aquitaine;Dordogne;00-17 ans;Hommes;21.0;58.1;;24;75
2023;Nouvelle Aquitaine;Dordogne;18-24 ans;Hommes;20.0;160.3;;24;75
2023;Nouvelle Aquitaine;Dordogne;25-44 ans;Hommes;147.0;375.3;;24;75
2023;Nouvelle Aquitaine;Dordogne;45-64 ans;Hommes;98.0;172.4;;24;75
2023;Nouvelle Aquitaine;Dordogne;00-17 ans;Femmes;105.0;310.1;;24;75
2023;Nouvelle Aquitaine;Dordogne;00-17 ans;Hommes et Femmes;126.0;180.0;;24;75
2023;Nouvelle Aquitaine;Dordogne;25-44 ans;Hommes et Femmes;261.0;330.1;;24;75
2023;Nouvelle Aquitaine;Dordogne;45-64 ans;Hommes et Femmes;234.0;199.4;;24;75
2023;Nouvelle Aquitaine;Dordogne;65 ans et plus;Hommes et Femmes;91.0;71.8;;24;75
2023;Bourgogne et Franche-Comté;Doubs;45-64 ans;Hommes;57.0;84.9;;25;27
2023;Bourgogne et Franche-Comté;Doubs;65 ans et plus;Hommes;20.0;40.5;;25;27
2023;Bourgogne et Franche-Comté;Doubs;65 ans et plus;Femmes;33.0;51.8;;25;27
2023;Bourgogne et Franche-Comté;Doubs;Tous;Femmes;381.0;135.9;134.0;25;27
2023;Bourgogne et Franche-Comté;Doubs;18-24 ans;Hommes et Femmes;109.0;226.6;;25;27
2023;Bourgogne et Franche-Comté;Doubs;45-64 ans;Hommes et Femmes;140.0;103.3;;25;27
2023;Bourgogne et Franche-Comté;Doubs;Tous;Hommes et Femmes;610.0;111.0;110.0;25;27
2023;Auvergne et Rhône-Alpes;Drôme;Tous;Hommes;217.0;85.5;87.1;26;84
2023;Auvergne et Rhône-Alpes;Drôme;18-24 ans;Femmes;80.0;496.0;;26;84
2023;Auvergne et Rhône-Alpes;Drôme;25-44 ans;Femmes;85.0;139.1;;26;84
2023;Auvergne et Rhône-Alpes;Drôme;65 ans et plus;Femmes;42.0;62.1;;26;84
2023;Auvergne et Rhône-Alpes;Drôme;00-17 ans;Hommes et Femmes;157.0;141.4;;26;84
2023;Auvergne et Rhône-Alpes;Drôme;18-24 ans;Hommes et Femmes;103.0;293.6;;26;84
2023;Auvergne et Rhône-Alpes;Drôme;45-64 ans;Hommes et Femmes;150.0;110.2;;26;84
2023;Normandie;Eure;00-17 ans;Hommes;35.0;50.4;;27;28
2023;Normandie;Eure;65 ans et plus;Hommes;42.0;76.7;;27;28
2023;Normandie;Eure;45-64 ans;Femmes;152.0;188.4;;27;28
2023;Normandie;Eure;Tous;Femmes;636.0;206.6;209.1;27;28
2023;Normandie;Eure;00-17 ans;Hommes et Femmes;210.0;154.3;;27;28
2023;Normandie;Eure;25-44 ans;Hommes et Femmes;289.0;206.9;;27;28
2023;Normandie;Eure;45-64 ans;Hommes et Femmes;262.0;164.7;;27;28
2023;Normandie;Eure;65 ans et plus;Hommes et Femmes;113.0;90.3;;27;28
2023;Normandie;Eure;Tous;Hommes et Femmes;998.0;165.9;168.5;27;28
2023;Centre-Val de Loire;Eure-et-Loir;00-17 ans;Hommes;11.0;21.9;;28;24
2023;Centre-Val de Loire;Eure-et-Loir;25-44 ans;Hommes;56.0;116.3;;28;24
2023;Centre-Val de Loire;Eure-et-Loir;45-64 ans;Femmes;90.0;155.8;;28;24
2023;Centre-Val de Loire;Eure-et-Loir;Tous;Hommes et Femmes;588.0;135.8;140.3;28;24
2023;Bretagne;Finistère;25-44 ans;Hommes;251.0;243.2;;29;53
2023;Bretagne;Finistère;65 ans et plus;Hommes;66.0;66.8;;29;53
2023;Bretagne;Finistère;Tous;Hommes;650.0;143.2;144.9;29;53
2023;Bretagne;Finistère;18-24 ans;Femmes;237.0;721.0;;29;53
2023;Bretagne;Finistère;45-64 ans;Femmes;337.0;269.8;;29;53
2023;Bretagne;Finistère;Tous;Femmes;1299.0;272.4;284.4;29;53
2023;Bretagne;Finistère;25-44 ans;Hommes et Femmes;490.0;240.4;;29;53
2023;Bretagne;Finistère;65 ans et plus;Hommes et Femmes;215.0;93.2;;29;53
2023;Occitanie;Gard;00-17 ans;Hommes;22.0;27.5;;30;76
2023;Occitanie;Gard;18-24 ans;Hommes;43.0;146.6;;30;76
2023;Occitanie;Gard;25-44 ans;Hommes;108.0;134.9;;30;76
2023;Occitanie;Gard;18-24 ans;Hommes et Femmes;181.0;325.0;;30;76
2023;Occitanie;Gard;25-44 ans;Hommes et Femmes;247.0;149.7;;30;76
2023;Occitanie;Gard;Tous;Hommes et Femmes;1110.0;144.5;149.4;30;76
2023;Occitanie;Haute-Garonne;25-44 ans;Hommes;189.0;92.7;;31;76
2023;Occitanie;Haute-Garonne;25-44 ans;Hommes et Femmes;385.0;94.2;;31;76
2023;Occitanie;Haute-Garonne;45-64 ans;Hommes et Femmes;323.0;90.9;;31;76
2023;Occitanie;Gers;00-17 ans;Hommes;2.5;14.0;;32;76
2023;Occitanie;Gers;18-24 ans;Hommes;14.0;231.3;;32;76
2023;Occitanie;Gers;25-44 ans;Hommes;41.0;227.7;;32;76
2023;Occitanie;Gers;Tous;Hommes;104.5;111.1;119.9;32;76
2023;Occitanie;Gers;00-17 ans;Femmes;25.0;150.7;;32;76
2023;Occitanie;Gers;25-44 ans;Femmes;45.0;241.2;;32;76
2023;Occitanie;Gers;45-64 ans;Femmes;47.0;167.0;;32;76
2023;Occitanie;Gers;Tous;Femmes;165.0;167.1;187.5;32;76
2023;Occitanie;Gers;00-17 ans;Hommes et Femmes;27.5;80.0;;32;76
2023;Occitanie;Gers;18-24 ans;Hommes et Femmes;41.0;370.2;;32;76
2023;Nouvelle Aquitaine;Gironde;18-24 ans;Hommes;160.0;213.4;;33;75
2023;Nouvelle Aquitaine;Gironde;25-44 ans;Hommes;306.0;143.2;;33;75
2023;Nouvelle Aquitaine;Gironde;65 ans et plus;Hommes;78.0;53.7;;33;75
2023;Nouvelle Aquitaine;Gironde;Tous;Hommes;894.0;110.2;107.8;33;75
2023;Nouvelle Aquitaine;Gironde;00-17 ans;Hommes et Femmes;658.0;195.0;;33;75
2023;Nouvelle Aquitaine;Gironde;18-24 ans;Hommes et Femmes;567.0;376.7;;33;75
2023;Nouvelle Aquitaine;Gironde;45-64 ans;Hommes et Femmes;624.0;146.9;;33;75
2023;Nouvelle Aquitaine;Gironde;65 ans et plus;Hommes et Femmes;243.0;71.4;;33;75
2023;Nouvelle Aquitaine;Gironde;Tous;Hommes et Femmes;2818.0;166.8;163.8;33;75
2023;Occitanie;Hérault;00-17 ans;Hommes;17.0;13.7;;34;76
2023;Occitanie;Hérault;25-44 ans;Hommes;132.0;91.9;;34;76
2023;Occitanie;Hérault;00-17 ans;Femmes;116.0;98.5;;34;76
2023;Occitanie;Hérault;18-24 ans;Hommes et Femmes;191.0;172.0;;34;76
2023;Occitanie;Hérault;45-64 ans;Hommes et Femmes;337.0;111.2;;34;76
2023;Occitanie;Hérault;65 ans et plus;Hommes et Femmes;173.0;62.1;;34;76
2023;Occitanie;Hérault;Tous;Hommes et Femmes;1122.0;91.3;90.3;34;76
2023;Bretagne;Ille-et-Vilaine;Tous;Hommes;592.0;108.4;107.2;35;53
2023;Bretagne;Ille-et-Vilaine;45-64 ans;Femmes;246.0;178.4;;35;53
2023;Bretagne;Ille-et-Vilaine;65 ans et plus;Femmes;121.0;101.3;;35;53
2023;Bretagne;Ille-et-Vilaine;45-64 ans;Hommes et Femmes;434.0;158.2;;35;53
2023;Bretagne;Ille-et-Vilaine;65 ans et plus;Hommes et Femmes;193.0;91.9;;35;53
2023;Centre-Val de Loire;Indre;00-17 ans;Hommes;7.0;35.6;;36;24
2023;Centre-Val de Loire;Indre;Tous;Hommes;97.0;93.1;98.3;36;24
2023;Centre-Val de Loire;Indre;25-44 ans;Femmes;31.0;149.3;;36;24
2023;Centre-Val de Loire;Indre;Tous;Femmes;136.0;122.1;136.2;36;24
2023;Centre-Val de Loire;Indre;00-17 ans;Hommes et Femmes;34.0;88.8;;36;24
2023;Centre-Val de Loire;Indre;25-44 ans;Hommes et Femmes;64.0;155.1;;36;24
2023;Centre-Val de Loire;Indre;65 ans et plus;Hommes et Femmes;28.0;44.3;;36;24
2023;Centre-Val de Loire;Indre;Tous;Hommes et Femmes;233.0;108.1;117.8;36;24
2023;Centre-Val de Loire;Indre-et-Loire;25-44 ans;Hommes;124.0;175.4;;37;24
2023;Centre-Val de Loire;Indre-et-Loire;25-44 ans;Femmes;160.0;219.2;;37;24
2023;Centre-Val de Loire;Indre-et-Loire;45-64 ans;Femmes;141.0;177.0;;37;24
2023;Centre-Val de Loire;Indre-et-Loire;00-17 ans;Hommes et Femmes;165.0;133.3;;37;24
2023;Centre-Val de Loire;Indre-et-Loire;18-24 ans;Hommes et Femmes;212.0;397.1;;37;24
2023;Auvergne et Rhône-Alpes;Isère;65 ans et plus;Hommes;81.0;72.6;;38;84
2023;Auvergne et Rhône-Alpes;Isère;Tous;Hommes;758.0;119.0;118.4;38;84
2023;Auvergne et Rhône-Alpes;Isère;65 ans et plus;Femmes;106.0;74.7;;38;84
2023;Auvergne et Rhône-Alpes;Isère;00-17 ans;Hommes et Femmes;334.0;117.1;;38;84
2023;Bourgogne et Franche-Comté;Jura;18-24 ans;Hommes;17.0;183.6;;39;27
2023;Bourgogne et Franche-Comté;Jura;Tous;Hommes;150.0;118.6;121.8;39;27
2023;Bourgogne et Franche-Comté;Jura;25-44 ans;Femmes;48.0;172.0;;39;27
2023;Bourgogne et Franche-Comté;Jura;Tous;Femmes;290.0;220.5;232.4;39;27
2023;Bourgogne et Franche-Comté;Jura;Tous;Hommes et Femmes;440.0;170.6;178.8;39;27
2023;Nouvelle Aquitaine;Landes;65 ans et plus;Hommes;17.0;33.2;;40;75
2023;Nouvelle Aquitaine;Landes;Tous;Hommes;169.0;80.5;84.8;40;75
2023;Nouvelle Aquitaine;Landes;45-64 ans;Femmes;75.0;121.9;;40;75
2023;Nouvelle Aquitaine;Landes;Tous;Femmes;310.0;139.2;153.6;40;75
2023;Nouvelle Aquitaine;Landes;Tous;Hommes et Femmes;479.0;110.7;120.2;40;75
2023;Centre-Val de Loire;Loir-et-Cher;25-44 ans;Hommes;41.0;121.6;;41;24
2023;Centre-Val de Loire;Loir-et-Cher;Tous;Hommes;115.0;72.1;75.0;41;24
2023;Centre-Val de Loire;Loir-et-Cher;18-24 ans;Femmes;33.0;335.8;;41;24
2023;Centre-Val de Loire;Loir-et-Cher;Tous;Hommes et Femmes;416.0;126.7;134.1;41;24
2023;Auvergne et Rhône-Alpes;Loire;25-44 ans;Hommes;148.0;173.3;;42;84
2023;Auvergne et Rhône-Alpes;Loire;45-64 ans;Hommes;123.0;129.8;;42;84
2023;Auvergne et Rhône-Alpes;Loire;Tous;Hommes;388.0;103.3;105.7;42;84
2023;Auvergne et Rhône-Alpes;Loire;18-24 ans;Femmes;163.0;536.2;;42;84
2023;Auvergne et Rhône-Alpes;Loire;65 ans et plus;Femmes;84.0;82.0;;42;84
2023;Auvergne et Rhône-Alpes;Loire;Tous;Femmes;726.0;182.4;186.0;42;84
2023;Auvergne et Rhône-Alpes;Loire;18-24 ans;Hommes et Femmes;217.0;342.0;;42;84
2023;Auvergne et Rhône-Alpes;Haute-Loire;00-17 ans;Hommes;2.5;10.8;;43;84
2023;Auvergne et Rhône-Alpes;Haute-Loire;18-24 ans;Hommes;15.0;186.4;;43;84
2023;Auvergne et Rhône-Alpes;Haute-Loire;65 ans et plus;Hommes;23.0;87.8;;43;84
2023;Auvergne et Rhône-Alpes;Haute-Loire;00-17 ans;Femmes;37.0;171.7;;43;84
2023;Auvergne et Rhône-Alpes;Haute-Loire;00-17 ans;Hommes et Femmes;39.5;88.4;;43;84
2023;Auvergne et Rhône-Alpes;Haute-Loire;45-64 ans;Hommes et Femmes;142.0;226.4;;43;84
2023;Pays de la Loire;Loire-Atlantique;18-24 ans;Hommes;88.0;132.7;;44;52
2023;Pays de la Loire;Loire-Atlantique;25-44 ans;Hommes;191.0;100.0;;44;52
2023;Pays de la Loire;Loire-Atlantique;Tous;Hommes;576.0;79.4;78.8;44;52
2023;Pays de la Loire;Loire-Atlantique;18-24 ans;Femmes;167.0;269.6;;44;52
2023;Pays de la Loire;Loire-Atlantique;65 ans et plus;Femmes;98.0;59.4;;44;52
2023;Pays de la Loire;Loire-Atlantique;18-24 ans;Hommes et Femmes;255.0;198.8;;44;52
2023;Pays de la Loire;Loire-Atlantique;25-44 ans;Hommes et Femmes;393.0;102.9;;44;52
2023;Pays de la Loire;Loire-Atlantique;45-64 ans;Hommes et Femmes;381.0;104.4;;44;52
2023;Centre-Val de Loire;Loiret;18-24 ans;Hommes;45.0;154.2;;45;24
2023;Centre-Val de Loire;Loiret;25-44 ans;Femmes;143.0;174.4;;45;24
2023;Centre-Val de Loire;Loiret;45-64 ans;Femmes;152.0;172.2;;45;24
2023;Centre-Val de Loire;Loiret;00-17 ans;Hommes et Femmes;150.0;98.0;;45;24
2023;Centre-Val de Loire;Loiret;45-64 ans;Hommes et Femmes;225.0;129.7;;45;24
2023;Occitanie;Lot;00-17 ans;Hommes;10.0;67.7;;46;76
2023;Occitanie;Lot;Tous;Hommes;136.0;159.2;178.8;46;76
2023;Occitanie;Lot;18-24 ans;Femmes;36.0;835.8;;46;76
2023;Occitanie;Lot;25-44 ans;Femmes;44.0;268.4;;46;76
2023;Occitanie;Lot;45-64 ans;Femmes;55.0;218.5;;46;76
2023;Occitanie;Lot;45-64 ans;Hommes et Femmes;98.0;199.0;;46;76
2023;Occitanie;Lot;Tous;Hommes et Femmes;326.0;185.4;214.4;46;76
2023;Nouvelle Aquitaine;Lot-et-Garonne;18-24 ans;Hommes;20.0;182.1;;47;75
2023;Nouvelle Aquitaine;Lot-et-Garonne;25-44 ans;Hommes;66.0;196.6;;47;75
2023;Nouvelle Aquitaine;Lot-et-Garonne;65 ans et plus;Hommes;25.0;61.8;;47;75
2023;Nouvelle Aquitaine;Lot-et-Garonne;25-44 ans;Femmes;73.0;209.8;;47;75
2023;Nouvelle Aquitaine;Lot-et-Garonne;18-24 ans;Hommes et Femmes;72.0;343.2;;47;75
2023;Nouvelle Aquitaine;Lot-et-Garonne;45-64 ans;Hommes et Femmes;127.0;144.2;;47;75
2023;Nouvelle Aquitaine;Lot-et-Garonne;Tous;Hommes et Femmes;500.0;150.6;162.1;47;75
2023;Occitanie;Lozère;00-17 ans;Hommes;2.5;34.9;;48;76
2023;Occitanie;Lozère;65 ans et plus;Hommes;2.5;26.1;;48;76
2023;Occitanie;Lozère;25-44 ans;Femmes;7.0;90.6;;48;76
2023;Occitanie;Lozère;Tous;Femmes;57.5;150.4;163.7;48;76
2023;Occitanie;Lozère;45-64 ans;Hommes et Femmes;35.0;164.9;;48;76
2023;Occitanie;Lozère;65 ans et plus;Hommes et Femmes;7.0;34.0;;48;76
2023;Pays de la Loire;Maine-et-Loire;65 ans et plus;Hommes;41.0;54.0;;49;52
2023;Pays de la Loire;Maine-et-Loire;25-44 ans;Femmes;134.0;137.9;;49;52
2023;Normandie;Manche;00-17 ans;Hommes;25.0;51.1;;50;28
2023;Normandie;Manche;18-24 ans;Femmes;105.0;712.4;;50;28
2023;Normandie;Manche;Tous;Femmes;726.0;286.2;310.9;50;28
2023;Normandie;Manche;18-24 ans;Hommes et Femmes;168.0;526.6;;50;28
2023;Grand Est;Marne;Tous;Hommes;289.0;106.6;105.7;51;44
2023;Grand Est;Marne;00-17 ans;Femmes;141.0;247.0;;51;44
2023;Grand Est;Marne;45-64 ans;Femmes;113.0;157.3;;51;44
2023;Grand Est;Marne;65 ans et plus;Femmes;54.0;78.7;;51;44
2023;Grand Est;Marne;00-17 ans;Hommes et Femmes;165.0;142.4;;51;44
2023;Grand Est;Marne;Tous;Hommes et Femmes;840.0;149.4;147.7;51;44
2023;Grand Est;Haute-Marne;00-17 ans;Hommes;5.0;31.2;;52;44
2023;Grand Est;Haute-Marne;65 ans et plus;Hommes;19.0;95.7;;52;44
2023;Grand Est;Haute-Marne;Tous;Hommes;133.0;159.9;165.0;52;44
2023;Grand Est;Haute-Marne;00-17 ans;Femmes;33.0;216.5;;52;44
2023;Grand Est;Haute-Marne;18-24 ans;Femmes;37.0;700.0;;52;44
2023;Grand Est;Haute-Marne;25-44 ans;Femmes;64.0;371.2;;52;44
2023;Grand Est;Haute-Marne;45-64 ans;Femmes;62.0;273.0;;52;44
2023;Grand Est;Haute-Marne;25-44 ans;Hommes et Femmes;116.0;325.6;;52;44
2023;Grand Est;Haute-Marne;65 ans et plus;Hommes et Femmes;43.0;95.4;;52;44
2023;Pays de la Loire;Mayenne;00-17 ans;Hommes;29.0;86.2;;53;52
2023;Pays de la Loire;Mayenne;45-64 ans;Hommes;56.0;140.3;;53;52
2023;Pays de la Loire;Mayenne;65 ans et plus;Hommes;28.0;89.0;;53;52
2023;Pays de la Loire;Mayenne;Tous;Hommes;220.0;146.2;149.8;53;52
2023;Pays de la Loire;Mayenne;18-24 ans;Femmes;60.0;575.8;;53;52
2023;Pays de la Loire;Mayenne;25-44 ans;Femmes;62.0;191.3;;53;52
2023;Pays de la Loire;Mayenne;Tous;Femmes;386.0;250.5;253.5;53;52
2023;Pays de la Loire;Mayenne;18-24 ans;Hommes et Femmes;94.0;413.7;;53;52
2023;Pays de la Loire;Mayenne;Tous;Hommes et Femmes;606.0;198.9;203.3;53;52
2023;Grand Est;Meurthe-et-Moselle;25-44 ans;Hommes;141.0;155.9;;54;44
2023;Grand Est;Meurthe-et-Moselle;00-17 ans;Femmes;74.0;103.5;;54;44
2023;Grand Est;Meurthe-et-Moselle;18-24 ans;Femmes;83.0;234.5;;54;44
2023;Grand Est;Meurthe-et-Moselle;25-44 ans;Femmes;142.0;157.5;;54;44
2023;Grand Est;Meurthe-et-Moselle;25-44 ans;Hommes et Femmes;283.0;156.7;;54;44
2023;Grand Est;Meurthe-et-Moselle;45-64 ans;Hommes et Femmes;199.0;109.1;;54;44
2023;Grand Est;Meurthe-et-Moselle;65 ans et plus;Hommes et Femmes;81.0;54.0;;54;44
2023;Grand Est;Meuse;00-17 ans;Hommes;9.0;49.4;;55;44
2023;Grand Est;Meuse;Tous;Hommes;125.0;140.4;145.9;55;44
2023;Grand Est;Meuse;00-17 ans;Femmes;44.0;257.8;;55;44
2023;Grand Est;Meuse;45-64 ans;Femmes;50.0;206.6;;55;44
2023;Grand Est;Meuse;00-17 ans;Hommes et Femmes;53.0;150.2;;55;44
2023;Grand Est;Meuse;65 ans et plus;Hommes et Femmes;28.0;62.4;;55;44
2023;Bretagne;Morbihan;18-24 ans;Hommes;56.0;199.2;;56;53
2023;Bretagne;Morbihan;00-17 ans;Femmes;282.0;390.0;;56;53
2023;Bretagne;Morbihan;18-24 ans;Femmes;143.0;602.2;;56;53
2023;Bretagne;Morbihan;45-64 ans;Femmes;199.0;184.1;;56;53
2023;Bretagne;Morbihan;65 ans et plus;Femmes;99.0;85.0;;56;53
2023;Bretagne;Morbihan;18-24 ans;Hommes et Femmes;199.0;383.7;;56;53
2023;Bretagne;Morbihan;25-44 ans;Hommes et Femmes;342.0;211.7;;56;53
2023;Bretagne;Morbihan;45-64 ans;Hommes et Femmes;357.0;168.8;;56;53
2023;Bretagne;Morbihan;Tous;Hommes et Femmes;1388.0;177.8;189.6;56;53
2023;Grand Est;Moselle;00-17 ans;Hommes;32.0;30.0;;57;44
2023;Grand Est;Moselle;18-24 ans;Hommes;42.0;101.9;;57;44
2023;Grand Est;Moselle;65 ans et plus;Hommes;57.0;58.9;;57;44
2023;Grand Est;Moselle;00-17 ans;Femmes;202.0;199.2;;57;44
2023;Grand Est;Moselle;18-24 ans;Femmes;141.0;382.3;;57;44
2023;Grand Est;Moselle;25-44 ans;Femmes;181.0;139.6;;57;44
2023;Grand Est;Moselle;65 ans et plus;Femmes;100.0;79.7;;57;44
2023;Grand Est;Moselle;Tous;Femmes;829.0;154.6;157.4;57;44
2023;Grand Est;Moselle;00-17 ans;Hommes et Femmes;234.0;112.4;;57;44
2023;Grand Est;Moselle;25-44 ans;Hommes et Femmes;366.0;140.3;;57;44
2023;Grand Est;Moselle;45-64 ans;Hommes et Femmes;377.0;134.1;;57;44
2023;Grand Est;Moselle;65 ans et plus;Hommes et Femmes;157.0;70.6;;57;44
2023;Bourgogne et Franche-Comté;Nièvre;18-24 ans;Hommes;10.0;145.8;;58;27
2023;Bourgogne et Franche-Comté;Nièvre;45-64 ans;Hommes;30.0;112.4;;58;27
2023;Bourgogne et Franche-Comté;Nièvre;Tous;Hommes;102.0;105.1;112.8;58;27
2023;Bourgogne et Franche-Comté;Nièvre;00-17 ans;Femmes;69.0;409.0;;58;27
2023;Bourgogne et Franche-Comté;Nièvre;45-64 ans;Femmes;55.0;200.1;;58;27
2023;Bourgogne et Franche-Comté;Nièvre;65 ans et plus;Femmes;23.0;65.6;;58;27
2023;Bourgogne et Franche-Comté;Nièvre;45-64 ans;Hommes et Femmes;85.0;156.8;;58;27
2023;Bourgogne et Franche-Comté;Nièvre;65 ans et plus;Hommes et Femmes;37.0;59.7;;58;27
2023;Hauts-de-France;Nord;45-64 ans;Hommes;829.0;267.3;;59;32
2023;Hauts-de-France;Nord;00-17 ans;Femmes;1077.0;375.5;;59;32
2023;Hauts-de-France;Nord;45-64 ans;Femmes;1031.0;318.0;;59;32
2023;Hauts-de-France;Nord;00-17 ans;Hommes et Femmes;1278.0;217.6;;59;32
2023;Hauts-de-France;Nord;25-44 ans;Hommes et Femmes;2240.0;338.6;;59;32
2023;Hauts-de-France;Nord;65 ans et plus;Hommes et Femmes;514.0;106.8;;59;32
2023;Hauts-de-France;Nord;Tous;Hommes et Femmes;7245.0;276.9;268.4;59;32
2023;Hauts-de-France;Oise;00-17 ans;Hommes;51.0;51.3;;60;32
2023;Hauts-de-France;Oise;18-24 ans;Hommes;40.0;118.3;;60;32
2023;Hauts-de-France;Oise;25-44 ans;Hommes;126.0;127.1;;60;32
2023;Hauts-de-France;Oise;45-64 ans;Hommes;121.0;112.4;;60;32
2023;Hauts-de-France;Oise;65 ans et plus;Hommes;39.0;58.3;;60;32
2023;Hauts-de-France;Oise;00-17 ans;Femmes;273.0;285.6;;60;32
2023;Hauts-de-France;Oise;Tous;Femmes;780.0;184.1;179.6;60;32
2023;Hauts-de-France;Oise;25-44 ans;Hommes et Femmes;283.0;140.2;;60;32
2023;Hauts-de-France;Oise;45-64 ans;Hommes et Femmes;285.0;131.7;;60;32
2023;Hauts-de-France;Oise;Tous;Hommes et Femmes;1157.0;139.3;137.5;60;32
2023;Normandie;Orne;18-24 ans;Hommes;31.0;318.1;;61;28
2023;Normandie;Orne;45-64 ans;Hommes;56.0;154.2;;61;28
2023;Normandie;Orne;00-17 ans;Femmes;95.0;377.7;;61;28
2023;Normandie;Orne;45-64 ans;Femmes;64.0;173.1;;61;28
2023;Normandie;Orne;65 ans et plus;Hommes et Femmes;63.0;83.0;;61;28
2023;Normandie;Orne;Tous;Hommes et Femmes;574.0;208.9;229.5;61;28
2023;Hauts-de-France;Pas-de-Calais;25-44 ans;Hommes;512.0;300.4;;62;32
2023;Hauts-de-France;Pas-de-Calais;Tous;Hommes;1252.0;177.2;177.9;62;32
2023;Hauts-de-France;Pas-de-Calais;18-24 ans;Femmes;311.0;554.3;;62;32
2023;Hauts-de-France;Pas-de-Calais;25-44 ans;Femmes;479.0;276.9;;62;32
2023;Hauts-de-France;Pas-de-Calais;65 ans et plus;Femmes;173.0;99.8;;62;32
2023;Hauts-de-France;Pas-de-Calais;Tous;Femmes;1922.0;256.2;256.7;62;32
2023;Hauts-de-France;Pas-de-Calais;00-17 ans;Hommes et Femmes;542.0;166.9;;62;32
2023;Hauts-de-France;Pas-de-Calais;65 ans et plus;Hommes et Femmes;259.0;87.0;;62;32
2023;Auvergne et Rhône-Alpes;Puy-de-Dôme;18-24 ans;Hommes;75.0;251.9;;63;84
2023;Auvergne et Rhône-Alpes;Puy-de-Dôme;45-64 ans;Hommes;112.0;133.3;;63;84
2023;Auvergne et Rhône-Alpes;Puy-de-Dôme;18-24 ans;Femmes;190.0;657.0;;63;84
2023;Auvergne et Rhône-Alpes;Puy-de-Dôme;00-17 ans;Hommes et Femmes;135.0;105.0;;63;84
2023;Auvergne et Rhône-Alpes;Puy-de-Dôme;25-44 ans;Hommes et Femmes;344.0;221.6;;63;84
2023;Auvergne et Rhône-Alpes;Puy-de-Dôme;45-64 ans;Hommes et Femmes;295.0;173.6;;63;84
2023;Auvergne et Rhône-Alpes;Puy-de-Dôme;Tous;Hommes et Femmes;1158.0;174.3;173.4;63;84
2023;Nouvelle Aquitaine;Pyrénées-Atlantiques;18-24 ans;Hommes;23.0;88.9;;64;75
2023;Nouvelle Aquitaine;Pyrénées-Atlantiques;25-44 ans;Hommes;35.0;45.5;;64;75
2023;Nouvelle Aquitaine;Pyrénées-Atlantiques;25-44 ans;Femmes;53.0;65.6;;64;75
2023;Nouvelle Aquitaine;Pyrénées-Atlantiques;45-64 ans;Femmes;56.0;57.2;;64;75
2023;Nouvelle Aquitaine;Pyrénées-Atlantiques;Tous;Femmes;241.0;65.8;70.5;64;75
2023;Nouvelle Aquitaine;Pyrénées-Atlantiques;65 ans et plus;Hommes et Femmes;39.0;21.8;;64;75
2023;Occitanie;Hautes-Pyrénées;00-17 ans;Hommes;5.0;24.0;;65;76
2023;Occitanie;Hautes-Pyrénées;65 ans et plus;Hommes;9.0;32.1;;65;76
2023;Occitanie;Hautes-Pyrénées;18-24 ans;Femmes;32.0;443.4;;65;76
2023;Occitanie;Hautes-Pyrénées;65 ans et plus;Femmes;26.0;71.4;;65;76
2023;Occitanie;Hautes-Pyrénées;Tous;Femmes;207.0;173.2;187.5;65;76
2023;Occitanie;Hautes-Pyrénées;18-24 ans;Hommes et Femmes;53.0;332.2;;65;76
2023;Occitanie;Hautes-Pyrénées;65 ans et plus;Hommes et Femmes;35.0;54.3;;65;76
2023;Occitanie;Pyrénées-Orientales;45-64 ans;Hommes;63.0;100.6;;66;76
2023;Occitanie;Pyrénées-Orientales;65 ans et plus;Hommes;35.0;60.1;;66;76
2023;Occitanie;Pyrénées-Orientales;65 ans et plus;Femmes;46.0;60.7;;66;76
2023;Occitanie;Pyrénées-Orientales;Tous;Hommes et Femmes;513.0;103.4;107.7;66;76
2023;Grand Est;Bas-Rhin;00-17 ans;Hommes;42.0;35.6;;67;44
2023;Grand Est;Bas-Rhin;25-44 ans;Hommes;225.0;155.1;;67;44
2023;Grand Est;Bas-Rhin;Tous;Hommes;604.0;106.9;104.5;67;44
2023;Grand Est;Bas-Rhin;Tous;Femmes;1077.0;180.7;177.1;67;44
2023;Grand Est;Bas-Rhin;00-17 ans;Hommes et Femmes;330.0;143.1;;67;44
2023;Grand Est;Bas-Rhin;25-44 ans;Hommes et Femmes;453.0;153.5;;67;44
2023;Grand Est;Bas-Rhin;65 ans et plus;Hommes et Femmes;151.0;65.9;;67;44
2023;Grand Est;Haut-Rhin;25-44 ans;Hommes;80.0;89.0;;68;44
2023;Grand Est;Haut-Rhin;45-64 ans;Hommes;62.0;59.5;;68;44
2023;Grand Est;Haut-Rhin;18-24 ans;Femmes;66.0;254.8;;68;44
2023;Grand Est;Haut-Rhin;25-44 ans;Femmes;67.0;73.2;;68;44
2023;Grand Est;Haut-Rhin;45-64 ans;Femmes;76.0;71.7;;68;44
2023;Grand Est;Haut-Rhin;Tous;Femmes;450.0;115.4;118.7;68;44
2023;Grand Est;Haut-Rhin;18-24 ans;Hommes et Femmes;90.0;161.1;;68;44
2023;Grand Est;Haut-Rhin;65 ans et plus;Hommes et Femmes;76.0;46.1;;68;44
2023;Auvergne et Rhône-Alpes;Rhône;00-17 ans;Hommes;41.0;19.1;;69;84
2023;Auvergne et Rhône-Alpes;Rhône;18-24 ans;Hommes;91.0;95.2;;69;84
2023;Auvergne et Rhône-Alpes;Rhône;25-44 ans;Hommes;195.0;76.5;;69;84
2023;Auvergne et Rhône-Alpes;Rhône;00-17 ans;Femmes;261.0;127.8;;69;84
2023;Auvergne et Rhône-Alpes;Rhône;18-24 ans;Femmes;324.0;321.2;;69;84
2023;Auvergne et Rhône-Alpes;Rhône;65 ans et plus;Femmes;95.0;48.7;;69;84
2023;Auvergne et Rhône-Alpes;Rhône;00-17 ans;Hommes et Femmes;302.0;72.2;;69;84
2023;Auvergne et Rhône-Alpes;Rhône;25-44 ans;Hommes et Femmes;459.0;88.0;;69;84
2023;Auvergne et Rhône-Alpes;Rhône;45-64 ans;Hommes et Femmes;357.0;80.8;;69;84
2023;Bourgogne et Franche-Comté;Haute-Saône;00-17 ans;Hommes;16.0;66.4;;70;27
2023;Bourgogne et Franche-Comté;Haute-Saône;18-24 ans;Hommes;11.0;133.7;;70;27
2023;Bourgogne et Franche-Comté;Haute-Saône;45-64 ans;Hommes;34.0;106.2;;70;27
2023;Bourgogne et Franche-Comté;Haute-Saône;65 ans et plus;Hommes;18.0;69.2;;70;27
2023;Bourgogne et Franche-Comté;Haute-Saône;Tous;Femmes;226.0;191.0;199.5;70;27
2023;Bourgogne et Franche-Comté;Haute-Saône;25-44 ans;Hommes et Femmes;90.0;182.9;;70;27
2023;Bourgogne et Franche-Comté;Haute-Saône;45-64 ans;Hommes et Femmes;96.0;149.1;;70;27
2023;Bourgogne et Franche-Comté;Haute-Saône;65 ans et plus;Hommes et Femmes;45.0;77.9;;70;27
2023;Bourgogne et Franche-Comté;Saône-et-Loire;25-44 ans;Hommes;112.0;199.3;;71;27
2023;Bourgogne et Franche-Comté;Saône-et-Loire;Tous;Hommes;351.0;131.4;137.7;71;27
2023;Bourgogne et Franche-Comté;Saône-et-Loire;00-17 ans;Femmes;226.0;449.2;;71;27
2023;Bourgogne et Franche-Comté;Saône-et-Loire;18-24 ans;Femmes;123.0;779.6;;71;27
2023;Bourgogne et Franche-Comté;Saône-et-Loire;Tous;Femmes;709.0;252.7;275.9;71;27
2023;Bourgogne et Franche-Comté;Saône-et-Loire;45-64 ans;Hommes et Femmes;272.0;184.3;;71;27
2023;Bourgogne et Franche-Comté;Saône-et-Loire;65 ans et plus;Hommes et Femmes;133.0;89.2;;71;27
2023;Bourgogne et Franche-Comté;Saône-et-Loire;Tous;Hommes et Femmes;1060.0;193.5;208.9;71;27
2023;Pays de la Loire;Sarthe;65 ans et plus;Hommes;28.0;48.8;;72;52
2023;Pays de la Loire;Sarthe;Tous;Hommes;168.0;60.9;61.7;72;52
2023;Pays de la Loire;Sarthe;25-44 ans;Femmes;47.0;75.2;;72;52
2023;Pays de la Loire;Sarthe;45-64 ans;Femmes;65.0;88.0;;72;52
2023;Pays de la Loire;Sarthe;65 ans et plus;Femmes;29.0;39.3;;72;52
2023;Auvergne et Rhône-Alpes;Savoie;65 ans et plus;Hommes;35.0;81.8;;73;84
2023;Auvergne et Rhône-Alpes;Savoie;Tous;Hommes;260.0;118.1;118.4;73;84
2023;Auvergne et Rhône-Alpes;Savoie;00-17 ans;Femmes;146.0;332.2;;73;84
2023;Auvergne et Rhône-Alpes;Savoie;25-44 ans;Femmes;99.0;184.4;;73;84
2023;Auvergne et Rhône-Alpes;Savoie;Tous;Femmes;430.0;188.7;195.0;73;84
2023;Auvergne et Rhône-Alpes;Savoie;00-17 ans;Hommes et Femmes;178.0;196.1;;73;84
2023;Auvergne et Rhône-Alpes;Savoie;25-44 ans;Hommes et Femmes;186.0;173.3;;73;84
2023;Auvergne et Rhône-Alpes;Savoie;65 ans et plus;Hommes et Femmes;82.0;83.7;;73;84
2023;Auvergne et Rhône-Alpes;Haute-Savoie;18-24 ans;Hommes;46.0;149.0;;74;84
2023;Auvergne et Rhône-Alpes;Haute-Savoie;25-44 ans;Femmes;169.0;142.3;;74;84
2023;Auvergne et Rhône-Alpes;Haute-Savoie;25-44 ans;Hommes et Femmes;290.0;122.7;;74;84
2023;Auvergne et Rhône-Alpes;Haute-Savoie;45-64 ans;Hommes et Femmes;215.0;96.9;;74;84
2023;Auvergne et Rhône-Alpes;Haute-Savoie;Tous;Hommes et Femmes;1038.0;121.2;121.5;74;84
2023;Île-de-France;Paris;45-64 ans;Hommes;142.0;59.1;;75;11
2023;Île-de-France;Paris;65 ans et plus;Hommes;57.0;36.2;;75;11
2023;Île-de-France;Paris;18-24 ans;Hommes et Femmes;330.0;148.2;;75;11
2023;Île-de-France;Paris;25-44 ans;Hommes et Femmes;376.0;56.3;;75;11
2023;Normandie;Seine-Maritime;65 ans et plus;Hommes;78.0;68.4;;76;28
2023;Normandie;Seine-Maritime;Tous;Hommes;889.0;146.6;146.9;76;28
2023;Normandie;Seine-Maritime;18-24 ans;Femmes;291.0;539.0;;76;28
2023;Normandie;Seine-Maritime;18-24 ans;Hommes et Femmes;401.0;363.8;;76;28
2023;Normandie;Seine-Maritime;45-64 ans;Hommes et Femmes;632.0;202.3;;76;28
2023;Île-de-France;Seine-et-Marne;00-17 ans;Femmes;318.0;183.5;;77;11
2023;Île-de-France;Seine-et-Marne;65 ans et plus;Femmes;87.0;67.3;;77;11
2023;Île-de-France;Seine-et-Marne;65 ans et plus;Hommes et Femmes;142.0;61.7;;77;11
2023;Île-de-France;Yvelines;18-24 ans;Hommes;22.0;34.6;;78;11
2023;Île-de-France;Yvelines;25-44 ans;Hommes;87.0;48.2;;78;11
2023;Île-de-France;Yvelines;00-17 ans;Femmes;288.0;169.0;;78;11
2023;Île-de-France;Yvelines;00-17 ans;Hommes et Femmes;337.0;96.3;;78;11
2023;Île-de-France;Yvelines;65 ans et plus;Hommes et Femmes;95.0;37.6;;78;11
2023;Nouvelle Aquitaine;Deux-Sèvres;18-24 ans;Hommes;48.0;344.3;;79;75
2023;Nouvelle Aquitaine;Deux-Sèvres;45-64 ans;Hommes;63.0;124.6;;79;75
2023;Nouvelle Aquitaine;Deux-Sèvres;45-64 ans;Femmes;116.0;226.0;;79;75
2023;Nouvelle Aquitaine;Deux-Sèvres;00-17 ans;Hommes et Femmes;136.0;179.9;;79;75
2023;Nouvelle Aquitaine;Deux-Sèvres;18-24 ans;Hommes et Femmes;115.0;458.1;;79;75
2023;Nouvelle Aquitaine;Deux-Sèvres;65 ans et plus;Hommes et Femmes;74.0;80.3;;79;75
2023;Nouvelle Aquitaine;Deux-Sèvres;Tous;Hommes et Femmes;700.0;186.7;197.3;79;75
2023;Hauts-de-France;Somme;25-44 ans;Hommes;309.0;469.9;;80;32
2023;Hauts-de-France;Somme;Tous;Hommes;748.0;273.2;273.2;80;32
2023;Hauts-de-France;Somme;00-17 ans;Hommes et Femmes;386.0;333.2;;80;32
2023;Occitanie;Tarn;18-24 ans;Hommes;29.0;201.6;;81;76
2023;Occitanie;Tarn;18-24 ans;Femmes;56.0;451.8;;81;76
2023;Occitanie;Tarn;45-64 ans;Femmes;120.0;218.4;;81;76
2023;Occitanie;Tarn;25-44 ans;Hommes et Femmes;127.0;154.6;;81;76
2023;Occitanie;Tarn;65 ans et plus;Hommes et Femmes;68.0;64.3;;81;76
2023;Occitanie;Tarn-et-Garonne;00-17 ans;Hommes;14.0;47.4;;82;76
2023;Occitanie;Tarn-et-Garonne;45-64 ans;Hommes;53.0;151.8;;82;76
2023;Occitanie;Tarn-et-Garonne;18-24 ans;Femmes;68.0;854.6;;82;76
2023;Occitanie;Tarn-et-Garonne;25-44 ans;Femmes;67.0;225.3;;82;76
2023;Occitanie;Tarn-et-Garonne;Tous;Femmes;304.0;224.0;238.8;82;76
2023;Occitanie;Tarn-et-Garonne;25-44 ans;Hommes et Femmes;122.0;208.8;;82;76
2023;Occitanie;Tarn-et-Garonne;45-64 ans;Hommes et Femmes;141.0;199.8;;82;76
2023;Occitanie;Tarn-et-Garonne;65 ans et plus;Hommes et Femmes;44.0;71.2;;82;76
2023;Provence-Alpes-Côte d'Azur;Var;25-44 ans;Hommes;146.0;122.8;;83;93
2023;Provence-Alpes-Côte d'Azur;Vaucluse;00-17 ans;Hommes;15.0;24.6;;84;93
2023;Provence-Alpes-Côte d'Azur;Vaucluse;45-64 ans;Hommes;69.0;95.8;;84;93
2023;Provence-Alpes-Côte d'Azur;Vaucluse;25-44 ans;Femmes;87.0;132.3;;84;93
2023;Provence-Alpes-Côte d'Azur;Vaucluse;45-64 ans;Femmes;136.0;175.0;;84;93
2023;Provence-Alpes-Côte d'Azur;Vaucluse;65 ans et plus;Femmes;63.0;82.2;;84;93
2023;Provence-Alpes-Côte d'Azur;Vaucluse;18-24 ans;Hommes et Femmes;94.0;239.1;;84;93
2023;Pays de la Loire;Vendée;18-24 ans;Femmes;199.0;935.0;;85;52
2023;Pays de la Loire;Vendée;25-44 ans;Femmes;186.0;249.5;;85;52
2023;Pays de la Loire;Vendée;65 ans et plus;Femmes;78.0;75.2;;85;52
2023;Pays de la Loire;Vendée;18-24 ans;Hommes et Femmes;251.0;543.3;;85;52
2023;Pays de la Loire;Vendée;65 ans et plus;Hommes et Femmes;123.0;65.5;;85;52
2023;Pays de la Loire;Vendée;Tous;Hommes et Femmes;1338.0;187.9;204.8;85;52
2023;Nouvelle Aquitaine;Vienne;45-64 ans;Hommes;52.0;96.9;;86;75
2023;Nouvelle Aquitaine;Vienne;65 ans et plus;Hommes;24.0;53.7;;86;75
2023;Nouvelle Aquitaine;Vienne;00-17 ans;Femmes;52.0;121.8;;86;75
2023;Nouvelle Aquitaine;Vienne;25-44 ans;Femmes;78.0;158.3;;86;75
2023;Nouvelle Aquitaine;Vienne;65 ans et plus;Femmes;19.0;33.5;;86;75
2023;Nouvelle Aquitaine;Vienne;18-24 ans;Hommes et Femmes;79.0;189.0;;86;75
2023;Nouvelle Aquitaine;Haute-Vienne;18-24 ans;Hommes;19.0;125.4;;87;75
2023;Nouvelle Aquitaine;Haute-Vienne;45-64 ans;Hommes;59.0;125.6;;87;75
2023;Nouvelle Aquitaine;Haute-Vienne;00-17 ans;Femmes;112.0;337.0;;87;75
2023;Nouvelle Aquitaine;Haute-Vienne;45-64 ans;Femmes;76.0;153.7;;87;75
2023;Nouvelle Aquitaine;Haute-Vienne;65 ans et plus;Femmes;48.0;87.0;;87;75
2023;Nouvelle Aquitaine;Haute-Vienne;18-24 ans;Hommes et Femmes;115.0;373.9;;87;75
2023;Nouvelle Aquitaine;Haute-Vienne;45-64 ans;Hommes et Femmes;135.0;140.0;;87;75
2023;Nouvelle Aquitaine;Haute-Vienne;65 ans et plus;Hommes et Femmes;73.0;75.2;;87;75
2023;Grand Est;Vosges;45-64 ans;Hommes;72.0;149.0;;88;44
2023;Grand Est;Vosges;65 ans et plus;Hommes;27.0;67.1;;88;44
2023;Grand Est;Vosges;00-17 ans;Femmes;106.0;324.0;;88;44
2023;Grand Est;Vosges;45-64 ans;Femmes;113.0;228.7;;88;44
2023;Grand Est;Vosges;00-17 ans;Hommes et Femmes;128.0;190.1;;88;44
2023;Grand Est;Vosges;18-24 ans;Hommes et Femmes;132.0;544.6;;88;44
2023;Grand Est;Vosges;Tous;Hommes et Femmes;736.0;206.5;221.4;88;44
2023;Bourgogne et Franche-Comté;Yonne;45-64 ans;Hommes;58.0;130.7;;89;27
2023;Bourgogne et Franche-Comté;Yonne;18-24 ans;Femmes;25.0;271.4;;89;27
2023;Bourgogne et Franche-Comté;Yonne;00-17 ans;Hommes et Femmes;115.0;171.2;;89;27
2023;Bourgogne et Franche-Comté;Yonne;18-24 ans;Hommes et Femmes;35.0;170.4;;89;27
2023;Bourgogne et Franche-Comté;Yonne;25-44 ans;Hommes et Femmes;132.0;188.7;;89;27
2023;Bourgogne et Franche-Comté;Yonne;65 ans et plus;Hommes et Femmes;46.0;54.0;;89;27
2023;Bourgogne et Franche-Comté;Territoire de Belfort;18-24 ans;Hommes;5.0;73.1;;90;27
2023;Bourgogne et Franche-Comté;Territoire de Belfort;45-64 ans;Hommes;23.0;128.9;;90;27
2023;Bourgogne et Franche-Comté;Territoire de Belfort;Tous;Hommes;57.5;83.0;80.8;90;27
2023;Bourgogne et Franche-Comté;Territoire de Belfort;00-17 ans;Femmes;36.0;251.5;;90;27
2023;Bourgogne et Franche-Comté;Territoire de Belfort;Tous;Femmes;100.0;142.4;144.9;90;27
2023;Bourgogne et Franche-Comté;Territoire de Belfort;25-44 ans;Hommes et Femmes;38.0;115.4;;90;27
2023;Bourgogne et Franche-Comté;Territoire de Belfort;65 ans et plus;Hommes et Femmes;14.0;48.1;;90;27
2023;Île-de-France;Essonne;00-17 ans;Hommes;33.0;20.1;;91;11
2023;Île-de-France;Essonne;18-24 ans;Femmes;193.0;341.2;;91;11
2023;Île-de-France;Essonne;45-64 ans;Femmes;169.0;101.5;;91;11
2023;Île-de-France;Essonne;65 ans et plus;Femmes;84.0;70.1;;91;11
2023;Île-de-France;Essonne;00-17 ans;Hommes et Femmes;267.0;83.2;;91;11
2023;Île-de-France;Essonne;18-24 ans;Hommes et Femmes;244.0;203.7;;91;11
2023;Île-de-France;Essonne;45-64 ans;Hommes et Femmes;270.0;81.7;;91;11
2023;Île-de-France;Essonne;65 ans et plus;Hommes et Femmes;125.0;59.0;;91;11
2023;Île-de-France;Hauts-de-Seine;18-24 ans;Hommes;64.0;87.0;;92;11
2023;Île-de-France;Hauts-de-Seine;Tous;Hommes;453.0;57.4;57.2;92;11
2023;Île-de-France;Hauts-de-Seine;25-44 ans;Femmes;187.0;75.5;;92;11
2023;Île-de-France;Hauts-de-Seine;45-64 ans;Femmes;143.0;66.6;;92;11
2023;Île-de-France;Hauts-de-Seine;Tous;Femmes;911.0;105.5;102.7;92;11
2023;Île-de-France;Hauts-de-Seine;65 ans et plus;Hommes et Femmes;137.0;52.3;;92;11
2023;Île-de-France;Hauts-de-Seine;Tous;Hommes et Femmes;1364.0;82.5;80.6;92;11
2023;Île-de-France;Seine-Saint-Denis;25-44 ans;Hommes;108.0;45.0;;93;11
2023;Île-de-France;Seine-Saint-Denis;00-17 ans;Femmes;224.0;107.9;;93;11
2023;Île-de-France;Seine-Saint-Denis;25-44 ans;Femmes;132.0;53.3;;93;11
2023;Île-de-France;Seine-Saint-Denis;18-24 ans;Hommes et Femmes;149.0;91.7;;93;11
2023;Île-de-France;Seine-Saint-Denis;65 ans et plus;Hommes et Femmes;78.0;35.3;;93;11
2023;Île-de-France;Val-de-Marne;00-17 ans;Hommes;39.0;24.5;;94;11
2023;Île-de-France;Val-de-Marne;18-24 ans;Hommes;58.0;86.2;;94;11
2023;Île-de-France;Val-de-Marne;65 ans et plus;Hommes;53.0;55.7;;94;11
2023;Île-de-France;Val-de-Marne;Tous;Hommes;360.0;52.6;52.5;94;11
2023;Île-de-France;Val-de-Marne;18-24 ans;Femmes;229.0;340.6;;94;11
2023;Île-de-France;Val-de-Marne;45-64 ans;Femmes;133.0;74.2;;94;11
2023;Île-de-France;Val-de-Marne;25-44 ans;Hommes et Femmes;251.0;62.6;;94;11
2023;Île-de-France;Val-de-Marne;45-64 ans;Hommes et Femmes;230.0;66.1;;94;11
2023;Île-de-France;Val-de-Marne;Tous;Hommes et Femmes;1200.0;84.4;81.7;94;11
2023;Île-de-France;Val-d'Oise;18-24 ans;Hommes;40.0;68.3;;95;11
2023;Île-de-France;Val-d'Oise;00-17 ans;Femmes;183.0;116.9;;95;11
2023;Île-de-France;Val-d'Oise;45-64 ans;Femmes;98.0;62.0;;95;11
2023;Île-de-France;Val-d'Oise;Tous;Femmes;556.0;84.9;80.7;95;11
2023;Île-de-France;Val-d'Oise;00-17 ans;Hommes et Femmes;219.0;68.0;;95;11
2023;Île-de-France;Val-d'Oise;18-24 ans;Hommes et Femmes;147.0;127.3;;95;11
2023;Guadeloupe;Guadeloupe;18-24 ans;Hommes;6.0;42.3;;971;01
2023;Guadeloupe;Guadeloupe;45-64 ans;Hommes;13.0;24.8;;971;01
2023;Guadeloupe;Guadeloupe;65 ans et plus;Hommes;2.5;6.7;;971;01
2023;Guadeloupe;Guadeloupe;Tous;Hommes;35.5;20.3;22.0;971;01
2023;Guadeloupe;Guadeloupe;25-44 ans;Femmes;14.0;32.5;;971;01
2023;Guadeloupe;Guadeloupe;65 ans et plus;Femmes;9.0;18.6;;971;01
2023;Guadeloupe;Guadeloupe;25-44 ans;Hommes et Femmes;23.0;31.1;;971;01
2023;Guadeloupe;Guadeloupe;65 ans et plus;Hommes et Femmes;11.5;13.4;;971;01
2023;Martinique;Martinique;18-24 ans;Hommes;2.5;20.8;;972;02
2023;Guyane;Guyane;25-44 ans;Hommes;22.0;62.4;;973;03
2023;Guyane;Guyane;Tous;Femmes;132.5;88.7;73.5;973;03
2023;Guyane;Guyane;00-17 ans;Hommes et Femmes;65.0;60.2;;973;03
2023;Guyane;Guyane;45-64 ans;Hommes et Femmes;28.0;50.9;;973;03
2023;Réunion;Réunion;25-44 ans;Hommes;185.0;193.8;;974;04
2023;Réunion;Réunion;Tous;Hommes;459.0;108.7;111.2;974;04
2023;Réunion;Réunion;00-17 ans;Hommes et Femmes;427.0;185.0;;974;04
2023;Réunion;Réunion;Tous;Hommes et Femmes;1257.0;141.8;134.2;974;04
2023;Mayotte;Mayotte;18-24 ans;Hommes;2.5;19.0;;976;06
2023;Mayotte;Mayotte;18-24 ans;Femmes;2.5;15.0;;976;06
2023;Mayotte;Mayotte;45-64 ans;Femmes;2.5;14.8;;976;06
2023;Mayotte;Mayotte;Tous;Femmes;18.0;11.1;10.8;976;06
2023;Mayotte;Mayotte;25-44 ans;Hommes et Femmes;8.5;10.7;;976;06
2023;Mayotte;Mayotte;Tous;Hommes et Femmes;27.0;8.7;9.1;976;06
2023;Saint-Barthélemy;Saint-Barthélemy;18-24 ans;Hommes;0.0;;;977;977
2023;Saint-Barthélemy;Saint-Barthélemy;45-64 ans;Hommes;2.5;;;977;977
2023;Saint-Barthélemy;Saint-Barthélemy;65 ans et plus;Hommes;2.5;;;977;977
2023;Saint-Barthélemy;Saint-Barthélemy;Tous;Hommes et Femmes;15.0;;;977;977
2023;Saint-Martin;Saint-Martin;25-44 ans;Hommes;2.5;;;978;978
2023;Saint-Martin;Saint-Martin;45-64 ans;Hommes;2.5;;;978;978
2023;Saint-Martin;Saint-Martin;25-44 ans;Femmes;6.0;;;978;978
2023;Saint-Martin;Saint-Martin;45-64 ans;Femmes;2.5;;;978;978
2023;Saint-Martin;Saint-Martin;Tous;Femmes;18.0;;;978;978
2023;Saint-Martin;Saint-Martin;45-64 ans;Hommes et Femmes;5.0;;;978;978
2023;Auvergne et Rhône-Alpes;Ain;00-17 ans;Hommes;15.0;18.5;;01;84
2023;Auvergne et Rhône-Alpes;Ain;18-24 ans;Hommes;18.0;74.3;;01;84
2023;Auvergne et Rhône-Alpes;Ain;18-24 ans;Femmes;50.0;227.7;;01;84
2023;Auvergne et Rhône-Alpes;Ain;45-64 ans;Hommes et Femmes;135.0;76.3;;01;84
2023;Hauts-de-France;Aisne;00-17 ans;Hommes;35.0;59.4;;02;32
2023;Hauts-de-France;Aisne;Tous;Hommes;386.0;150.9;154.1;02;32
2023;Hauts-de-France;Aisne;00-17 ans;Femmes;168.0;300.7;;02;32
2023;Hauts-de-France;Aisne;25-44 ans;Femmes;155.0;260.9;;02;32
2023;Hauts-de-France;Aisne;00-17 ans;Hommes et Femmes;203.0;176.9;;02;32
2023;Hauts-de-France;Aisne;18-24 ans;Hommes et Femmes;150.0;382.5;;02;32
2023;Auvergne et Rhône-Alpes;Allier;00-17 ans;Hommes;23.0;74.5;;03;84
2023;Auvergne et Rhône-Alpes;Allier;25-44 ans;Femmes;30.0;91.0;;03;84
2023;Auvergne et Rhône-Alpes;Allier;45-64 ans;Femmes;51.0;111.7;;03;84
2023;Auvergne et Rhône-Alpes;Allier;65 ans et plus;Femmes;17.0;31.0;;03;84
2023;Auvergne et Rhône-Alpes;Allier;18-24 ans;Hommes et Femmes;55.0;250.1;;03;84
2023;Provence-Alpes-Côte d'Azur;Alpes-de-Haute-Provence;65 ans et plus;Hommes;18.0;86.3;;04;93
2023;Provence-Alpes-Côte d'Azur;Alpes-de-Haute-Provence;18-24 ans;Femmes;22.0;484.5;;04;93
2023;Provence-Alpes-Côte d'Azur;Alpes-de-Haute-Provence;25-44 ans;Femmes;28.0;162.5;;04;93
2023;Provence-Alpes-Côte d'Azur;Alpes-de-Haute-Provence;65 ans et plus;Femmes;28.0;110.8;;04;93
2023;Provence-Alpes-Côte d'Azur;Alpes-de-Haute-Provence;Tous;Femmes;147.0;170.0;183.8;04;93
2023;Provence-Alpes-Côte d'Azur;Alpes-de-Haute-Provence;Tous;Hommes et Femmes;231.0;137.5;145.4;04;93
2023;Provence-Alpes-Côte d'Azur;Hautes-Alpes;Tous;Hommes;100.0;144.3;149.3;05;93
2023;Provence-Alpes-Côte d'Azur;Hautes-Alpes;00-17 ans;Femmes;41.0;328.9;;05;93
2023;Provence-Alpes-Côte d'Azur;Hautes-Alpes;18-24 ans;Femmes;33.0;929.1;;05;93
2023;Provence-Alpes-Côte d'Azur;Hautes-Alpes;18-24 ans;Hommes et Femmes;46.0;569.0;;05;93
2023;Provence-Alpes-Côte d'Azur;Hautes-Alpes;45-64 ans;Hommes et Femmes;74.0;188.6;;05;93
2023;Provence-Alpes-Côte d'Azur;Alpes-Maritimes;25-44 ans;Hommes;188.0;152.9;;06;93
2023;Provence-Alpes-Côte d'Azur;Alpes-Maritimes;25-44 ans;Femmes;174.0;131.5;;06;93
2023;Provence-Alpes-Côte d'Azur;Alpes-Maritimes;45-64 ans;Femmes;223.0;145.7;;06;93
2023;Provence-Alpes-Côte d'Azur;Alpes-Maritimes;65 ans et plus;Femmes;136.0;83.4;;06;93
2023;Auvergne et Rhône-Alpes;Ardèche;18-24 ans;Hommes;15.0;147.2;;07;84
2023;Auvergne et Rhône-Alpes;Ardèche;45-64 ans;Femmes;68.0;146.4;;07;84
2023;Auvergne et Rhône-Alpes;Ardèche;65 ans et plus;Femmes;29.0;59.9;;07;84
2023;Auvergne et Rhône-Alpes;Ardèche;00-17 ans;Hommes et Femmes;88.0;134.0;;07;84
2023;Auvergne et Rhône-Alpes;Ardèche;25-44 ans;Hommes et Femmes;99.0;142.7;;07;84
2023;Auvergne et Rhône-Alpes;Ardèche;45-64 ans;Hommes et Femmes;109.0;118.3;;07;84
2023;Grand Est;Ardennes;65 ans et plus;Hommes;28.0;103.9;;08;44
2023;Grand Est;Ardennes;00-17 ans;Femmes;104.0;388.0;;08;44
2023;Grand Est;Ardennes;18-24 ans;Femmes;38.0;451.8;;08;44
2023;Grand Est;Ardennes;25-44 ans;Femmes;86.0;292.5;;08;44
2023;Grand Est;Ardennes;45-64 ans;Femmes;60.0;165.4;;08;44
2023;Grand Est;Ardennes;25-44 ans;Hommes et Femmes;161.0;274.1;;08;44
2023;Grand Est;Ardennes;65 ans et plus;Hommes et Femmes;54.0;87.8;;08;44
2023;Occitanie;Ariège;18-24 ans;Hommes;10.0;181.6;;09;76
2023;Occitanie;Ariège;18-24 ans;Femmes;10.0;228.4;;09;76
2023;Occitanie;Ariège;45-64 ans;Femmes;20.0;92.5;;09;76
2023;Occitanie;Ariège;65 ans et plus;Femmes;21.0;90.3;;09;76
2023;Occitanie;Ariège;45-64 ans;Hommes et Femmes;40.0;93.9;;09;76
2023;Occitanie;Ariège;65 ans et plus;Hommes et Femmes;29.0;68.2;;09;76
2023;Occitanie;Ariège;Tous;Hommes et Femmes;157.5;101.1;106.7;09;76
2023;Corse;Corse-du-Sud;00-17 ans;Hommes;2.5;15.3;;2A;94
2023;Corse;Corse-du-Sud;18-24 ans;Hommes;2.5;53.4;;2A;94
2023;Corse;Corse-du-Sud;25-44 ans;Hommes;9.0;46.6;;2A;94
2023;Corse;Corse-du-Sud;25-44 ans;Femmes;11.0;51.1;;2A;94
2023;Corse;Corse-du-Sud;65 ans et plus;Femmes;13.0;56.9;;2A;94
2023;Corse;Corse-du-Sud;Tous;Femmes;61.0;69.9;73.1;2A;94
2023;Corse;Corse-du-Sud;00-17 ans;Hommes et Femmes;17.5;54.5;;2A;94
2023;Corse;Corse-du-Sud;25-44 ans;Hommes et Femmes;20.0;49.0;;2A;94
2023;Corse;Corse-du-Sud;45-64 ans;Hommes et Femmes;29.0;64.9;;2A;94
2023;Corse;Corse-du-Sud;Tous;Hommes et Femmes;93.0;55.3;56.7;2A;94
2023;Corse;Haute-Corse;18-24 ans;Hommes;2.5;35.0;;2B;94
2023;Corse;Haute-Corse;18-24 ans;Femmes;2.5;36.2;;2B;94
2023;Corse;Haute-Corse;65 ans et plus;Femmes;6.0;23.9;;2B;94
2023;Corse;Haute-Corse;Tous;Femmes;53.5;56.1;58.6;2B;94
2023;Corse;Haute-Corse;18-24 ans;Hommes et Femmes;5.0;35.6;;2B;94
2023;Corse;Haute-Corse;45-64 ans;Hommes et Femmes;28.0;55.4;;2B;94
2023;Grand Est;Aube;00-17 ans;Hommes;14.0;40.5;;10;44
2023;Grand Est;Aube;18-24 ans;Hommes;12.0;89.9;;10;44
2023;Grand Est;Aube;25-44 ans;Hommes;40.0;113.7;;10;44
2023;Grand Est;Aube;45-64 ans;Hommes;28.0;73.0;;10;44
2023;Grand Est;Aube;65 ans et plus;Hommes;8.0;26.2;;10;44
2023;Grand Est;Aube;00-17 ans;Femmes;95.0;295.1;;10;44
2023;Grand Est;Aube;18-24 ans;Femmes;25.0;223.9;;10;44
2023;Grand Est;Aube;18-24 ans;Hommes et Femmes;37.0;151.0;;10;44
2023;Grand Est;Aube;45-64 ans;Hommes et Femmes;59.0;75.3;;10;44
2023;Grand Est;Aube;Tous;Hommes et Femmes;311.0;99.9;101.4;10;44
2023;Occitanie;Aude;45-64 ans;Hommes;56.0;113.4;;11;76
2023;Occitanie;Aude;Tous;Femmes;301.0;153.5;164.6;11;76
2023;Occitanie;Aude;00-17 ans;Hommes et Femmes;73.0;103.8;;11;76
2023;Occitanie;Aude;25-44 ans;Hommes et Femmes;122.0;158.6;;11;76
2023;Occitanie;Aude;45-64 ans;Hommes et Femmes;141.0;137.5;;11;76
2023;Occitanie;Aude;65 ans et plus;Hommes et Femmes;60.0;57.4;;11;76
2023;Occitanie;Aude;Tous;Hommes et Femmes;463.0;122.3;130.3;11;76
2023;Occitanie;Aveyron;Tous;Hommes;105.0;76.0;81.9;12;76
2023;Occitanie;Aveyron;00-17 ans;Femmes;43.0;174.8;;12;76
2023;Occitanie;Aveyron;18-24 ans;Femmes;32.0;436.9;;12;76
2023;Occitanie;Aveyron;65 ans et plus;Femmes;22.0;50.9;;12;76
2023;Occitanie;Aveyron;Tous;Femmes;193.0;136.7;152.9;12;76
2023;Occitanie;Aveyron;18-24 ans;Hommes et Femmes;49.0;295.4;;12;76
2023;Provence-Alpes-Côte d'Azur;Bouches-du-Rhône;45-64 ans;Hommes;230.0;91.1;;13;93
2023;Provence-Alpes-Côte d'Azur;Bouches-du-Rhône;45-64 ans;Femmes;301.0;110.6;;13;93
2023;Provence-Alpes-Côte d'Azur;Bouches-du-Rhône;00-17 ans;Hommes et Femmes;484.0;114.3;;13;93
2023;Provence-Alpes-Côte d'Azur;Bouches-du-Rhône;25-44 ans;Hommes et Femmes;511.0;100.3;;13;93
2023;Provence-Alpes-Côte d'Azur;Bouches-du-Rhône;Tous;Hommes et Femmes;2064.0;99.4;99.4;13;93
2023;Normandie;Calvados;00-17 ans;Femmes;270.0;393.1;;14;28
2023;Normandie;Calvados;25-44 ans;Femmes;129.0;158.0;;14;28
2023;Normandie;Calvados;45-64 ans;Femmes;146.0;161.2;;14;28
2023;Normandie;Calvados;65 ans et plus;Femmes;86.0;90.7;;14;28
2023;Normandie;Calvados;25-44 ans;Hommes et Femmes;308.0;190.3;;14;28
2023;Auvergne et Rhône-Alpes;Cantal;18-24 ans;Hommes;6.0;129.7;;15;84
2023;Auvergne et Rhône-Alpes;Cantal;45-64 ans;Hommes;19.0;92.2;;15;84
2023;Auvergne et Rhône-Alpes;Cantal;25-44 ans;Femmes;17.0;123.0;;15;84
2023;Auvergne et Rhône-Alpes;Cantal;45-64 ans;Femmes;15.0;74.3;;15;84
2023;Auvergne et Rhône-Alpes;Cantal;65 ans et plus;Femmes;7.0;29.7;;15;84
2023;Auvergne et Rhône-Alpes;Cantal;00-17 ans;Hommes et Femmes;18.5;77.2;;15;84
2023;Auvergne et Rhône-Alpes;Cantal;25-44 ans;Hommes et Femmes;25.0;89.0;;15;84
2023;Auvergne et Rhône-Alpes;Cantal;45-64 ans;Hommes et Femmes;34.0;83.3;;15;84
2023;Auvergne et Rhône-Alpes;Cantal;65 ans et plus;Hommes et Femmes;13.0;30.4;;15;84
2023;Nouvelle Aquitaine;Charente;00-17 ans;Hommes;15.0;45.0;;16;75
2023;Nouvelle Aquitaine;Charente;65 ans et plus;Hommes;21.0;51.0;;16;75
2023;Nouvelle Aquitaine;Charente;Tous;Femmes;364.0;202.3;213.1;16;75
2023;Nouvelle Aquitaine;Charente;45-64 ans;Hommes et Femmes;155.0;162.3;;16;75
2023;Nouvelle Aquitaine;Charente-Maritime;Tous;Hommes et Femmes;1117.0;166.1;179.0;17;75
2023;Centre-Val de Loire;Cher;00-17 ans;Hommes;6.0;20.3;;18;24
2023;Centre-Val de Loire;Cher;25-44 ans;Hommes;29.0;92.9;;18;24
2023;Centre-Val de Loire;Cher;65 ans et plus;Hommes;16.0;45.5;;18;24
2023;Centre-Val de Loire;Cher;65 ans et plus;Femmes;25.0;55.6;;18;24
2023;Centre-Val de Loire;Cher;65 ans et plus;Hommes et Femmes;41.0;51.2;;18;24
2023;Nouvelle Aquitaine;Corrèze;18-24 ans;Hommes;21.0;239.7;;19;75
2023;Nouvelle Aquitaine;Corrèze;45-64 ans;Hommes;40.0;124.6;;19;75
2023;Nouvelle Aquitaine;Corrèze;65 ans et plus;Hommes;20.0;66.3;;19;75
2023;Nouvelle Aquitaine;Corrèze;00-17 ans;Hommes et Femmes;113.0;271.9;;19;75
2023;Nouvelle Aquitaine;Corrèze;18-24 ans;Hommes et Femmes;56.0;359.4;;19;75
2023;Nouvelle Aquitaine;Corrèze;25-44 ans;Hommes et Femmes;79.0;162.3;;19;75
2023;Bourgogne et Franche-Comté;Côte-d'Or;00-17 ans;Hommes;43.0;80.5;;21;27
2023;Bourgogne et Franche-Comté;Côte-d'Or;18-24 ans;Hommes et Femmes;248.0;475.6;;21;27
2023;Bourgogne et Franche-Comté;Côte-d'Or;45-64 ans;Hommes et Femmes;214.0;159.1;;21;27
2023;Bretagne;Côtes-d'Armor;18-24 ans;Hommes;49.0;231.2;;22;53
2023;Bretagne;Côtes-d'Armor;25-44 ans;Hommes;219.0;363.5;;22;53
2023;Bretagne;Côtes-d'Armor;Tous;Hommes;565.0;190.9;201.1;22;53
2023;Bretagne;Côtes-d'Armor;65 ans et plus;Femmes;102.0;108.0;;22;53
2023;Bretagne;Côtes-d'Armor;25-44 ans;Hommes et Femmes;424.0;349.8;;22;53
2023;Bretagne;Côtes-d'Armor;45-64 ans;Hommes et Femmes;405.0;247.0;;22;53
2023;Bretagne;Côtes-d'Armor;65 ans et plus;Hommes et Femmes;174.0;104.1;;22;53
2023;Nouvelle Aquitaine;Creuse;45-64 ans;Hommes;18.0;111.4;;23;75
2023;Nouvelle Aquitaine;Creuse;45-64 ans;Femmes;15.0;91.7;;23;75
2023;Nouvelle Aquitaine;Creuse;00-17 ans;Hommes et Femmes;28.5;153.2;;23;75
2023;Nouvelle Aquitaine;Creuse;18-24 ans;Hommes et Femmes;14.5;232.6;;23;75
2023;Nouvelle Aquitaine;Creuse;65 ans et plus;Hommes et Femmes;16.5;45.3;;23;75
2023;Nouvelle Aquitaine;Dordogne;65 ans et plus;Hommes;29.0;51.4;;24;75
2023;Nouvelle Aquitaine;Dordogne;Tous;Hommes;315.0;156.7;172.8;24;75
2023;Nouvelle Aquitaine;Dordogne;18-24 ans;Femmes;74.0;666.0;;24;75
2023;Nouvelle Aquitaine;Dordogne;25-44 ans;Femmes;114.0;285.7;;24;75
2023;Nouvelle Aquitaine;Dordogne;45-64 ans;Femmes;136.0;224.8;;24;75
2023;Nouvelle Aquitaine;Dordogne;Tous;Femmes;491.0;227.7;258.8;24;75
2023;Bourgogne et Franche-Comté;Doubs;00-17 ans;Hommes;23.0;37.9;;25;27
2023;Bourgogne et Franche-Comté;Doubs;18-24 ans;Hommes;39.0;156.7;;25;27
2023;Bourgogne et Franche-Comté;Doubs;25-44 ans;Hommes;90.0;134.3;;25;27
2023;Bourgogne et Franche-Comté;Doubs;00-17 ans;Femmes;112.0;193.2;;25;27
2023;Bourgogne et Franche-Comté;Doubs;45-64 ans;Femmes;83.0;121.4;;25;27
2023;Bourgogne et Franche-Comté;Doubs;25-44 ans;Hommes et Femmes;173.0;129.0;;25;27
2023;Auvergne et Rhône-Alpes;Drôme;25-44 ans;Hommes;70.0;119.7;;26;84
2023;Auvergne et Rhône-Alpes;Drôme;45-64 ans;Hommes;68.0;102.8;;26;84
2023;Auvergne et Rhône-Alpes;Drôme;65 ans et plus;Hommes;28.0;52.8;;26;84
2023;Auvergne et Rhône-Alpes;Drôme;25-44 ans;Hommes et Femmes;155.0;129.6;;26;84
2023;Auvergne et Rhône-Alpes;Drôme;Tous;Hommes et Femmes;635.0;121.5;126.4;26;84
2023;Normandie;Eure;25-44 ans;Hommes;138.0;200.5;;27;28
2023;Normandie;Eure;00-17 ans;Femmes;175.0;262.7;;27;28
2023;Normandie;Eure;18-24 ans;Femmes;87.0;451.3;;27;28
2023;Normandie;Eure;18-24 ans;Hommes et Femmes;124.0;298.8;;27;28
2023;Centre-Val de Loire;Eure-et-Loir;18-24 ans;Hommes;29.0;183.8;;28;24
2023;Centre-Val de Loire;Eure-et-Loir;45-64 ans;Hommes;75.0;133.1;;28;24
2023;Centre-Val de Loire;Eure-et-Loir;65 ans et plus;Hommes;26.0;62.8;;28;24
2023;Centre-Val de Loire;Eure-et-Loir;00-17 ans;Femmes;98.0;207.8;;28;24
2023;Centre-Val de Loire;Eure-et-Loir;18-24 ans;Femmes;78.0;563.9;;28;24
2023;Centre-Val de Loire;Eure-et-Loir;Tous;Femmes;391.0;176.8;182.5;28;24
2023;Centre-Val de Loire;Eure-et-Loir;18-24 ans;Hommes et Femmes;107.0;361.3;;28;24
2023;Centre-Val de Loire;Eure-et-Loir;45-64 ans;Hommes et Femmes;165.0;144.6;;28;24
2023;Bretagne;Finistère;00-17 ans;Hommes;41.0;44.7;;29;53
2023;Bretagne;Finistère;45-64 ans;Hommes;224.0;181.3;;29;53
2023;Bretagne;Finistère;00-17 ans;Femmes;337.0;389.5;;29;53
2023;Bretagne;Finistère;25-44 ans;Femmes;239.0;237.5;;29;53
2023;Bretagne;Finistère;65 ans et plus;Femmes;149.0;112.9;;29;53
2023;Bretagne;Finistère;18-24 ans;Hommes et Femmes;305.0;439.3;;29;53
2023;Occitanie;Gard;45-64 ans;Hommes;107.0;108.4;;30;76
2023;Occitanie;Gard;65 ans et plus;Hommes;51.0;61.2;;30;76
2023;Occitanie;Gard;00-17 ans;Femmes;226.0;302.6;;30;76
2023;Occitanie;Gard;18-24 ans;Femmes;138.0;523.3;;30;76
2023;Occitanie;Gard;45-64 ans;Femmes;172.0;162.9;;30;76
2023;Occitanie;Gard;65 ans et plus;Femmes;104.0;99.0;;30;76
2023;Occitanie;Gard;Tous;Femmes;779.0;196.4;203.9;30;76
2023;Occitanie;Gard;00-17 ans;Hommes et Femmes;248.0;160.3;;30;76
2023;Occitanie;Gard;45-64 ans;Hommes et Femmes;279.0;136.6;;30;76
2023;Occitanie;Haute-Garonne;18-24 ans;Hommes;67.0;88.6;;31;76
2023;Occitanie;Haute-Garonne;45-64 ans;Hommes;138.0;78.8;;31;76
2023;Occitanie;Haute-Garonne;45-64 ans;Femmes;185.0;102.7;;31;76
2023;Occitanie;Haute-Garonne;65 ans et plus;Femmes;82.0;56.5;;31;76
2023;Occitanie;Haute-Garonne;Tous;Femmes;854.0;113.3;109.2;31;76
2023;Occitanie;Haute-Garonne;00-17 ans;Hommes et Femmes;272.0;89.4;;31;76
2023;Occitanie;Haute-Garonne;Tous;Hommes et Femmes;1339.0;90.9;87.8;31;76
2023;Occitanie;Gers;45-64 ans;Hommes;37.0;137.4;;32;76
2023;Occitanie;Gers;65 ans et plus;Hommes;10.0;39.5;;32;76
2023;Occitanie;Gers;18-24 ans;Femmes;27.0;537.6;;32;76
2023;Occitanie;Gers;65 ans et plus;Femmes;21.0;69.3;;32;76
2023;Nouvelle Aquitaine;Gironde;45-64 ans;Hommes;269.0;130.8;;33;75
2023;Nouvelle Aquitaine;Gironde;25-44 ans;Femmes;420.0;188.3;;33;75
2023;Nouvelle Aquitaine;Gironde;45-64 ans;Femmes;355.0;162.1;;33;75
2023;Nouvelle Aquitaine;Gironde;Tous;Femmes;1924.0;219.0;216.4;33;75
2023;Nouvelle Aquitaine;Gironde;25-44 ans;Hommes et Femmes;726.0;166.2;;33;75
2023;Occitanie;Hérault;18-24 ans;Hommes;52.0;96.5;;34;76
2023;Occitanie;Hérault;45-64 ans;Hommes;137.0;94.8;;34;76
2023;Occitanie;Hérault;25-44 ans;Femmes;156.0;102.9;;34;76
2023;Occitanie;Hérault;45-64 ans;Femmes;200.0;126.3;;34;76
2023;Occitanie;Hérault;65 ans et plus;Femmes;103.0;65.1;;34;76
2023;Occitanie;Hérault;Tous;Femmes;714.0;111.0;110.0;34;76
2023;Bretagne;Ille-et-Vilaine;18-24 ans;Hommes;85.0;160.0;;35;53
2023;Bretagne;Ille-et-Vilaine;25-44 ans;Hommes;228.0;161.2;;35;53
2023;Bretagne;Ille-et-Vilaine;65 ans et plus;Hommes;72.0;79.6;;35;53
2023;Bretagne;Ille-et-Vilaine;00-17 ans;Femmes;201.0;168.9;;35;53
2023;Bretagne;Ille-et-Vilaine;25-44 ans;Femmes;316.0;222.6;;35;53
2023;Bretagne;Ille-et-Vilaine;00-17 ans;Hommes et Femmes;220.0;90.2;;35;53
2023;Bretagne;Ille-et-Vilaine;Tous;Hommes et Femmes;1764.0;157.8;153.8;35;53
2023;Centre-Val de Loire;Indre;18-24 ans;Hommes;10.0;142.9;;36;24
2023;Centre-Val de Loire;Indre;25-44 ans;Hommes;33.0;161.0;;36;24
2023;Centre-Val de Loire;Indre;65 ans et plus;Hommes;14.0;50.4;;36;24
2023;Centre-Val de Loire;Indre;00-17 ans;Femmes;27.0;145.1;;36;24
2023;Centre-Val de Loire;Indre;45-64 ans;Femmes;41.0;134.8;;36;24
2023;Centre-Val de Loire;Indre;65 ans et plus;Femmes;14.0;39.6;;36;24
2023;Centre-Val de Loire;Indre;18-24 ans;Hommes et Femmes;33.0;248.7;;36;24
2023;Centre-Val de Loire;Indre;45-64 ans;Hommes et Femmes;74.0;124.1;;36;24
2023;Centre-Val de Loire;Indre-et-Loire;00-17 ans;Hommes;29.0;45.9;;37;24
2023;Centre-Val de Loire;Indre-et-Loire;65 ans et plus;Hommes et Femmes;111.0;78.4;;37;24
2023;Centre-Val de Loire;Indre-et-Loire;Tous;Hommes et Femmes;999.0;161.7;161.3;37;24
2023;Auvergne et Rhône-Alpes;Isère;00-17 ans;Hommes;39.0;26.7;;38;84
2023;Auvergne et Rhône-Alpes;Isère;45-64 ans;Hommes;225.0;137.3;;38;84
2023;Auvergne et Rhône-Alpes;Isère;18-24 ans;Femmes;239.0;451.9;;38;84
2023;Auvergne et Rhône-Alpes;Isère;25-44 ans;Femmes;280.0;175.2;;38;84
2023;Auvergne et Rhône-Alpes;Isère;Tous;Femmes;1195.0;181.1;178.2;38;84
2023;Auvergne et Rhône-Alpes;Isère;65 ans et plus;Hommes et Femmes;187.0;73.8;;38;84
2023;Auvergne et Rhône-Alpes;Isère;Tous;Hommes et Femmes;1953.0;150.6;149.2;38;84
2023;Bourgogne et Franche-Comté;Jura;65 ans et plus;Hommes;18.0;63.5;;39;27
2023;Bourgogne et Franche-Comté;Jura;18-24 ans;Femmes;48.0;614.4;;39;27
2023;Bourgogne et Franche-Comté;Jura;45-64 ans;Femmes;83.0;235.1;;39;27
2023;Bourgogne et Franche-Comté;Jura;65 ans et plus;Femmes;29.0;81.5;;39;27
2023;Bourgogne et Franche-Comté;Jura;25-44 ans;Hommes et Femmes;108.0;193.0;;39;27
2023;Bourgogne et Franche-Comté;Jura;45-64 ans;Hommes et Femmes;133.0;190.6;;39;27
2023;Nouvelle Aquitaine;Landes;00-17 ans;Hommes;22.0;53.7;;40;75
2023;Nouvelle Aquitaine;Landes;18-24 ans;Hommes;20.0;146.3;;40;75
2023;Nouvelle Aquitaine;Landes;45-64 ans;Hommes;55.0;92.7;;40;75
2023;Nouvelle Aquitaine;Landes;25-44 ans;Femmes;52.0;112.7;;40;75
2023;Nouvelle Aquitaine;Landes;18-24 ans;Hommes et Femmes;71.0;278.4;;40;75
2023;Nouvelle Aquitaine;Landes;25-44 ans;Hommes et Femmes;107.0;117.6;;40;75
2023;Nouvelle Aquitaine;Landes;45-64 ans;Hommes et Femmes;130.0;107.6;;40;75
2023;Centre-Val de Loire;Loir-et-Cher;00-17 ans;Hommes;12.0;35.9;;41;24
2023;Centre-Val de Loire;Loir-et-Cher;45-64 ans;Hommes;32.0;73.9;;41;24
2023;Centre-Val de Loire;Loir-et-Cher;65 ans et plus;Hommes;18.0;47.5;;41;24
2023;Centre-Val de Loire;Loir-et-Cher;25-44 ans;Femmes;45.0;130.5;;41;24
2023;Centre-Val de Loire;Loir-et-Cher;65 ans et plus;Femmes;30.0;62.3;;41;24
2023;Centre-Val de Loire;Loir-et-Cher;Tous;Femmes;301.0;178.3;189.6;41;24
2023;Centre-Val de Loire;Loir-et-Cher;00-17 ans;Hommes et Femmes;149.0;229.7;;41;24
2023;Centre-Val de Loire;Loir-et-Cher;25-44 ans;Hommes et Femmes;86.0;126.1;;41;24
2023;Centre-Val de Loire;Loir-et-Cher;45-64 ans;Hommes et Femmes;88.0;99.8;;41;24
2023;Centre-Val de Loire;Loir-et-Cher;65 ans et plus;Hommes et Femmes;48.0;55.8;;41;24
2023;Auvergne et Rhône-Alpes;Loire;65 ans et plus;Hommes;45.0;58.4;;42;84
2023;Auvergne et Rhône-Alpes;Loire;45-64 ans;Femmes;170.0;175.3;;42;84
2023;Auvergne et Rhône-Alpes;Loire;25-44 ans;Hommes et Femmes;334.0;193.1;;42;84
2023;Auvergne et Rhône-Alpes;Loire;45-64 ans;Hommes et Femmes;293.0;152.8;;42;84
2023;Auvergne et Rhône-Alpes;Loire;65 ans et plus;Hommes et Femmes;129.0;71.9;;42;84
2023;Auvergne et Rhône-Alpes;Haute-Loire;25-44 ans;Hommes;63.0;266.9;;43;84
2023;Auvergne et Rhône-Alpes;Haute-Loire;Tous;Hommes;181.5;161.4;165.8;43;84
2023;Auvergne et Rhône-Alpes;Haute-Loire;18-24 ans;Femmes;33.0;482.8;;43;84
2023;Auvergne et Rhône-Alpes;Haute-Loire;Tous;Femmes;231.0;199.8;212.7;43;84
2023;Auvergne et Rhône-Alpes;Haute-Loire;25-44 ans;Hommes et Femmes;129.0;274.4;;43;84
2023;Pays de la Loire;Loire-Atlantique;00-17 ans;Hommes;47.0;28.2;;44;52
2023;Pays de la Loire;Loire-Atlantique;45-64 ans;Hommes;189.0;105.2;;44;52
2023;Pays de la Loire;Loire-Atlantique;65 ans et plus;Hommes;61.0;50.0;;44;52
2023;Pays de la Loire;Loire-Atlantique;00-17 ans;Femmes;370.0;234.7;;44;52
2023;Pays de la Loire;Loire-Atlantique;25-44 ans;Femmes;202.0;105.9;;44;52
2023;Pays de la Loire;Loire-Atlantique;45-64 ans;Femmes;192.0;103.7;;44;52
2023;Pays de la Loire;Loire-Atlantique;00-17 ans;Hommes et Femmes;417.0;128.6;;44;52
2023;Pays de la Loire;Loire-Atlantique;Tous;Hommes et Femmes;1605.0;108.0;106.6;44;52
2023;Centre-Val de Loire;Loiret;45-64 ans;Hommes;73.0;85.7;;45;24
2023;Centre-Val de Loire;Loiret;00-17 ans;Femmes;132.0;177.6;;45;24
2023;Centre-Val de Loire;Loiret;18-24 ans;Hommes et Femmes;164.0;298.5;;45;24
2023;Centre-Val de Loire;Loiret;Tous;Hommes et Femmes;897.0;130.3;131.9;45;24
2023;Occitanie;Lot;18-24 ans;Hommes;16.0;312.4;;46;76
2023;Occitanie;Lot;25-44 ans;Hommes;53.0;327.9;;46;76
2023;Occitanie;Lot;45-64 ans;Hommes;43.0;178.7;;46;76
2023;Occitanie;Lot;65 ans et plus;Hommes;14.0;55.3;;46;76
2023;Occitanie;Lot;00-17 ans;Hommes et Femmes;43.0;149.9;;46;76
2023;Occitanie;Lot;25-44 ans;Hommes et Femmes;97.0;297.9;;46;76
2023;Nouvelle Aquitaine;Lot-et-Garonne;00-17 ans;Hommes;12.0;36.9;;47;75
2023;Nouvelle Aquitaine;Lot-et-Garonne;Tous;Hommes;180.0;112.3;118.1;47;75
2023;Nouvelle Aquitaine;Lot-et-Garonne;00-17 ans;Femmes;89.0;289.4;;47;75
2023;Nouvelle Aquitaine;Lot-et-Garonne;18-24 ans;Femmes;52.0;520.5;;47;75
2023;Nouvelle Aquitaine;Lot-et-Garonne;45-64 ans;Femmes;70.0;154.2;;47;75
2023;Nouvelle Aquitaine;Lot-et-Garonne;65 ans et plus;Femmes;36.0;70.8;;47;75
2023;Nouvelle Aquitaine;Lot-et-Garonne;Tous;Femmes;320.0;186.3;203.4;47;75
2023;Nouvelle Aquitaine;Lot-et-Garonne;25-44 ans;Hommes et Femmes;139.0;203.3;;47;75
2023;Occitanie;Lozère;18-24 ans;Hommes;2.5;89.8;;48;76
2023;Occitanie;Lozère;Tous;Hommes;28.0;73.2;75.9;48;76
2023;Occitanie;Lozère;00-17 ans;Femmes;7.0;102.0;;48;76
2023;Occitanie;Lozère;18-24 ans;Femmes;15.0;672.9;;48;76
2023;Occitanie;Lozère;45-64 ans;Femmes;26.0;250.4;;48;76
2023;Occitanie;Lozère;65 ans et plus;Femmes;2.5;22.7;;48;76
2023;Occitanie;Lozère;00-17 ans;Hommes et Femmes;9.5;67.8;;48;76
2023;Occitanie;Lozère;18-24 ans;Hommes et Femmes;17.5;349.2;;48;76
2023;Occitanie;Lozère;Tous;Hommes et Femmes;85.5;111.8;121.2;48;76
2023;Pays de la Loire;Maine-et-Loire;00-17 ans;Hommes;21.0;22.5;;49;52
2023;Pays de la Loire;Maine-et-Loire;Tous;Hommes;285.0;70.6;71.2;49;52
2023;Pays de la Loire;Maine-et-Loire;18-24 ans;Femmes;122.0;326.9;;49;52
2023;Pays de la Loire;Maine-et-Loire;65 ans et plus;Femmes;41.0;41.4;;49;52
2023;Pays de la Loire;Maine-et-Loire;00-17 ans;Hommes et Femmes;239.0;131.1;;49;52
2023;Pays de la Loire;Maine-et-Loire;25-44 ans;Hommes et Femmes;236.0;122.5;;49;52
2023;Pays de la Loire;Maine-et-Loire;Tous;Hommes et Femmes;893.0;107.5;106.2;49;52
2023;Normandie;Manche;18-24 ans;Hommes;63.0;367.0;;50;28
2023;Normandie;Manche;25-44 ans;Hommes;163.0;305.3;;50;28
2023;Normandie;Manche;45-64 ans;Hommes;119.0;180.4;;50;28
2023;Normandie;Manche;65 ans et plus;Hommes;43.0;75.0;;50;28
2023;Normandie;Manche;00-17 ans;Femmes;194.0;418.0;;50;28
2023;Normandie;Manche;25-44 ans;Femmes;190.0;368.0;;50;28
2023;Normandie;Manche;65 ans et plus;Femmes;71.0;96.6;;50;28
2023;Normandie;Manche;00-17 ans;Hommes et Femmes;219.0;229.7;;50;28
2023;Normandie;Manche;25-44 ans;Hommes et Femmes;353.0;336.1;;50;28
2023;Normandie;Manche;65 ans et plus;Hommes et Femmes;114.0;87.1;;50;28
2023;Grand Est;Marne;18-24 ans;Hommes;41.0;157.1;;51;44
2023;Grand Est;Marne;45-64 ans;Hommes;96.0;139.7;;51;44
2023;Grand Est;Marne;25-44 ans;Femmes;131.0;191.2;;51;44
2023;Grand Est;Marne;18-24 ans;Hommes et Femmes;153.0;298.0;;51;44
2023;Grand Est;Haute-Marne;18-24 ans;Hommes;31.0;470.5;;52;44
2023;Grand Est;Haute-Marne;25-44 ans;Hommes;52.0;282.8;;52;44
2023;Grand Est;Haute-Marne;45-64 ans;Hommes;26.0;116.5;;52;44
2023;Pays de la Loire;Mayenne;18-24 ans;Hommes;34.0;276.4;;53;52
2023;Pays de la Loire;Mayenne;25-44 ans;Hommes;73.0;219.9;;53;52
2023;Pays de la Loire;Mayenne;45-64 ans;Femmes;55.0;139.8;;53;52
2023;Pays de la Loire;Mayenne;65 ans et plus;Femmes;33.0;83.1;;53;52
2023;Pays de la Loire;Mayenne;00-17 ans;Hommes et Femmes;205.0;311.3;;53;52
2023;Pays de la Loire;Mayenne;45-64 ans;Hommes et Femmes;111.0;140.1;;53;52
2023;Pays de la Loire;Mayenne;65 ans et plus;Hommes et Femmes;61.0;85.7;;53;52
2023;Grand Est;Meurthe-et-Moselle;00-17 ans;Hommes;24.0;31.6;;54;44
2023;Grand Est;Meurthe-et-Moselle;65 ans et plus;Hommes;23.0;36.0;;54;44
2023;Grand Est;Meurthe-et-Moselle;Tous;Femmes;459.0;122.0;119.7;54;44
2023;Grand Est;Meurthe-et-Moselle;00-17 ans;Hommes et Femmes;98.0;66.5;;54;44
2023;Grand Est;Meurthe-et-Moselle;18-24 ans;Hommes et Femmes;146.0;205.2;;54;44
2023;Grand Est;Meuse;45-64 ans;Hommes;32.0;132.4;;55;44
2023;Grand Est;Meuse;65 ans et plus;Hommes;12.0;60.1;;55;44
2023;Grand Est;Meuse;65 ans et plus;Femmes;16.0;64.2;;55;44
2023;Bretagne;Morbihan;00-17 ans;Hommes;43.0;55.7;;56;53
2023;Bretagne;Morbihan;Tous;Femmes;909.0;226.4;245.4;56;53
2023;Bretagne;Morbihan;00-17 ans;Hommes et Femmes;325.0;217.3;;56;53
2023;Bretagne;Morbihan;65 ans et plus;Hommes et Femmes;165.0;80.0;;56;53
2023;Grand Est;Moselle;25-44 ans;Hommes;185.0;140.9;;57;44
2023;Grand Est;Moselle;45-64 ans;Hommes;172.0;124.2;;57;44
2023;Grand Est;Moselle;Tous;Hommes;488.0;94.8;93.1;57;44
2023;Bourgogne et Franche-Comté;Nièvre;18-24 ans;Femmes;31.0;538.5;;58;27
2023;Bourgogne et Franche-Comté;Nièvre;25-44 ans;Femmes;45.0;234.7;;58;27
2023;Bourgogne et Franche-Comté;Nièvre;Tous;Femmes;223.0;213.7;244.9;58;27
2023;Bourgogne et Franche-Comté;Nièvre;Tous;Hommes et Femmes;325.0;161.4;180.8;58;27
2023;Hauts-de-France;Nord;25-44 ans;Hommes;1206.0;369.7;;59;32
2023;Hauts-de-France;Nord;65 ans et plus;Hommes;190.0;95.2;;59;32
2023;Hauts-de-France;Nord;18-24 ans;Femmes;950.0;758.2;;59;32
2023;Hauts-de-France;Nord;Tous;Femmes;4416.0;326.3;314.1;59;32
2023;Hauts-de-France;Oise;Tous;Hommes;377.0;92.6;92.7;60;32
2023;Hauts-de-France;Oise;18-24 ans;Hommes et Femmes;137.0;210.3;;60;32
2023;Hauts-de-France;Oise;65 ans et plus;Hommes et Femmes;128.0;84.3;;60;32
2023;Normandie;Orne;00-17 ans;Hommes;17.0;62.0;;61;28
2023;Normandie;Orne;Tous;Hommes;202.0;150.3;162.5;61;28
2023;Normandie;Orne;18-24 ans;Femmes;72.0;832.7;;61;28
2023;Normandie;Orne;Tous;Femmes;372.0;265.1;292.4;61;28
2023;Normandie;Orne;25-44 ans;Hommes et Femmes;176.0;322.3;;61;28
2023;Hauts-de-France;Pas-de-Calais;00-17 ans;Hommes;91.0;54.7;;62;32
2023;Hauts-de-France;Pas-de-Calais;18-24 ans;Hommes;181.0;298.7;;62;32
2023;Hauts-de-France;Pas-de-Calais;45-64 ans;Hommes;382.0;206.8;;62;32
2023;Hauts-de-France;Pas-de-Calais;45-64 ans;Femmes;508.0;268.2;;62;32
2023;Hauts-de-France;Pas-de-Calais;18-24 ans;Hommes et Femmes;492.0;421.6;;62;32
2023;Auvergne et Rhône-Alpes;Puy-de-Dôme;00-17 ans;Hommes;15.0;22.9;;63;84
2023;Auvergne et Rhône-Alpes;Puy-de-Dôme;25-44 ans;Hommes;154.0;198.6;;63;84
2023;Auvergne et Rhône-Alpes;Puy-de-Dôme;65 ans et plus;Hommes;49.0;74.8;;63;84
2023;Auvergne et Rhône-Alpes;Puy-de-Dôme;Tous;Hommes;405.0;125.7;124.0;63;84
2023;Nouvelle Aquitaine;Pyrénées-Atlantiques;00-17 ans;Hommes;2.5;3.8;;64;75
2023;Nouvelle Aquitaine;Pyrénées-Atlantiques;Tous;Hommes;117.5;34.8;35.7;64;75
2023;Nouvelle Aquitaine;Pyrénées-Atlantiques;00-17 ans;Femmes;70.0;113.2;;64;75
2023;Nouvelle Aquitaine;Pyrénées-Atlantiques;65 ans et plus;Femmes;26.0;25.4;;64;75
2023;Nouvelle Aquitaine;Pyrénées-Atlantiques;00-17 ans;Hommes et Femmes;72.5;56.6;;64;75
2023;Nouvelle Aquitaine;Pyrénées-Atlantiques;25-44 ans;Hommes et Femmes;88.0;55.8;;64;75
2023;Nouvelle Aquitaine;Pyrénées-Atlantiques;45-64 ans;Hommes et Femmes;100.0;52.6;;64;75
2023;Occitanie;Hautes-Pyrénées;25-44 ans;Femmes;46.0;192.3;;65;76
2023;Occitanie;Hautes-Pyrénées;45-64 ans;Femmes;60.0;183.7;;65;76
2023;Occitanie;Hautes-Pyrénées;45-64 ans;Hommes et Femmes;92.0;145.6;;65;76
2023;Occitanie;Hautes-Pyrénées;Tous;Hommes et Femmes;315.0;136.0;145.6;65;76
2023;Occitanie;Pyrénées-Orientales;00-17 ans;Hommes;15.0;30.6;;66;76
2023;Occitanie;Pyrénées-Orientales;25-44 ans;Hommes;55.0;112.3;;66;76
2023;Occitanie;Pyrénées-Orientales;Tous;Hommes;188.0;79.6;81.6;66;76
2023;Occitanie;Pyrénées-Orientales;00-17 ans;Femmes;97.0;208.2;;66;76
2023;Occitanie;Pyrénées-Orientales;25-44 ans;Femmes;60.0;112.2;;66;76
2023;Occitanie;Pyrénées-Orientales;45-64 ans;Hommes et Femmes;143.0;109.1;;66;76
2023;Occitanie;Pyrénées-Orientales;65 ans et plus;Hommes et Femmes;81.0;60.5;;66;76
2023;Grand Est;Bas-Rhin;00-17 ans;Femmes;288.0;255.8;;67;44
2023;Grand Est;Bas-Rhin;18-24 ans;Femmes;261.0;501.1;;67;44
2023;Grand Est;Bas-Rhin;45-64 ans;Hommes et Femmes;407.0;134.7;;67;44
2023;Grand Est;Haut-Rhin;00-17 ans;Hommes;27.0;33.9;;68;44
2023;Grand Est;Haut-Rhin;65 ans et plus;Hommes;32.0;43.5;;68;44
2023;Grand Est;Haut-Rhin;Tous;Hommes;225.0;59.6;59.8;68;44
2023;Grand Est;Haut-Rhin;00-17 ans;Femmes;197.0;262.7;;68;44
2023;Grand Est;Haut-Rhin;65 ans et plus;Femmes;44.0;48.1;;68;44
2023;Grand Est;Haut-Rhin;25-44 ans;Hommes et Femmes;147.0;81.0;;68;44
2023;Grand Est;Haut-Rhin;Tous;Hommes et Femmes;675.0;88.0;90.2;68;44
2023;Auvergne et Rhône-Alpes;Rhône;25-44 ans;Femmes;264.0;98.9;;69;84
2023;Bourgogne et Franche-Comté;Haute-Saône;Tous;Hommes;130.0;113.1;117.5;70;27
2023;Bourgogne et Franche-Comté;Haute-Saône;00-17 ans;Femmes;66.0;292.9;;70;27
2023;Bourgogne et Franche-Comté;Haute-Saône;18-24 ans;Femmes;32.0;455.6;;70;27
2023;Bourgogne et Franche-Comté;Haute-Saône;25-44 ans;Femmes;39.0;158.7;;70;27
2023;Bourgogne et Franche-Comté;Haute-Saône;45-64 ans;Femmes;62.0;191.5;;70;27
2023;Bourgogne et Franche-Comté;Haute-Saône;65 ans et plus;Femmes;27.0;84.9;;70;27
2023;Bourgogne et Franche-Comté;Haute-Saône;Tous;Hommes et Femmes;356.0;152.6;159.8;70;27
2023;Bourgogne et Franche-Comté;Saône-et-Loire;45-64 ans;Femmes;167.0;223.2;;71;27
2023;Bourgogne et Franche-Comté;Saône-et-Loire;65 ans et plus;Femmes;85.0;101.4;;71;27
2023;Bourgogne et Franche-Comté;Saône-et-Loire;18-24 ans;Hommes et Femmes;180.0;517.0;;71;27
2023;Bourgogne et Franche-Comté;Saône-et-Loire;25-44 ans;Hommes et Femmes;220.0;196.4;;71;27
2023;Pays de la Loire;Sarthe;18-24 ans;Hommes;27.0;115.7;;72;52
2023;Pays de la Loire;Sarthe;18-24 ans;Femmes;33.0;156.8;;72;52
2023;Pays de la Loire;Sarthe;Tous;Femmes;367.0;126.8;127.3;72;52
2023;Pays de la Loire;Sarthe;00-17 ans;Hommes et Femmes;214.0;178.4;;72;52
2023;Pays de la Loire;Sarthe;18-24 ans;Hommes et Femmes;60.0;135.2;;72;52
2023;Pays de la Loire;Sarthe;25-44 ans;Hommes et Femmes;94.0;76.2;;72;52
2023;Pays de la Loire;Sarthe;45-64 ans;Hommes et Femmes;110.0;75.1;;72;52
2023;Auvergne et Rhône-Alpes;Savoie;00-17 ans;Hommes;32.0;68.4;;73;84
2023;Auvergne et Rhône-Alpes;Savoie;18-24 ans;Hommes et Femmes;116.0;352.2;;73;84
2023;Auvergne et Rhône-Alpes;Savoie;45-64 ans;Hommes et Femmes;128.0;107.5;;73;84
2023;Auvergne et Rhône-Alpes;Savoie;Tous;Hommes et Femmes;690.0;154.0;157.9;73;84
2023;Auvergne et Rhône-Alpes;Haute-Savoie;00-17 ans;Hommes;34.0;35.0;;74;84
2023;Auvergne et Rhône-Alpes;Haute-Savoie;45-64 ans;Hommes;89.0;81.0;;74;84
2023;Auvergne et Rhône-Alpes;Haute-Savoie;65 ans et plus;Hommes;40.0;60.3;;74;84
2023;Auvergne et Rhône-Alpes;Haute-Savoie;65 ans et plus;Femmes;55.0;64.5;;74;84
2023;Auvergne et Rhône-Alpes;Haute-Savoie;00-17 ans;Hommes et Femmes;285.0;150.7;;74;84
2023;Île-de-France;Paris;25-44 ans;Hommes;175.0;54.3;;75;11
2023;Île-de-France;Paris;45-64 ans;Femmes;112.0;43.7;;75;11
2023;Île-de-France;Paris;65 ans et plus;Femmes;86.0;38.7;;75;11
2023;Île-de-France;Paris;Tous;Femmes;916.0;82.7;82.7;75;11
2023;Île-de-France;Paris;45-64 ans;Hommes et Femmes;254.0;51.1;;75;11
2023;Normandie;Seine-Maritime;18-24 ans;Hommes;110.0;195.6;;76;28
2023;Normandie;Seine-Maritime;25-44 ans;Hommes;332.0;224.3;;76;28
2023;Normandie;Seine-Maritime;25-44 ans;Femmes;346.0;227.4;;76;28
2023;Normandie;Seine-Maritime;Tous;Femmes;1621.0;247.9;246.9;76;28
2023;Normandie;Seine-Maritime;65 ans et plus;Hommes et Femmes;214.0;79.3;;76;28
2023;Normandie;Seine-Maritime;Tous;Hommes et Femmes;2510.0;199.2;198.4;76;28
2023;Île-de-France;Seine-et-Marne;00-17 ans;Hommes;49.0;27.0;;77;11
2023;Île-de-France;Seine-et-Marne;18-24 ans;Hommes;63.0;97.7;;77;11
2023;Île-de-France;Seine-et-Marne;25-44 ans;Hommes;161.0;87.4;;77;11
2023;Île-de-France;Seine-et-Marne;Tous;Hommes;458.0;64.3;64.7;77;11
2023;Île-de-France;Seine-et-Marne;18-24 ans;Femmes;170.0;275.5;;77;11
2023;Île-de-France;Seine-et-Marne;25-44 ans;Femmes;188.0;94.8;;77;11
2023;Île-de-France;Seine-et-Marne;45-64 ans;Femmes;172.0;92.0;;77;11
2023;Île-de-France;Seine-et-Marne;Tous;Femmes;935.0;124.8;119.3;77;11
2023;Île-de-France;Seine-et-Marne;00-17 ans;Hommes et Femmes;367.0;103.4;;77;11
2023;Île-de-France;Seine-et-Marne;18-24 ans;Hommes et Femmes;233.0;184.6;;77;11
2023;Île-de-France;Seine-et-Marne;45-64 ans;Hommes et Femmes;302.0;82.1;;77;11
2023;Île-de-France;Seine-et-Marne;Tous;Hommes et Femmes;1393.0;95.3;92.8;77;11
2023;Île-de-France;Yvelines;45-64 ans;Hommes;69.0;36.9;;78;11
2023;Île-de-France;Yvelines;45-64 ans;Femmes;104.0;53.8;;78;11
2023;Île-de-France;Yvelines;Tous;Femmes;647.0;85.4;81.8;78;11
2023;Île-de-France;Yvelines;25-44 ans;Hommes et Femmes;168.0;45.3;;78;11
2023;Île-de-France;Yvelines;45-64 ans;Hommes et Femmes;173.0;45.5;;78;11
2023;Île-de-France;Yvelines;Tous;Hommes et Femmes;908.0;61.5;59.7;78;11
2023;Nouvelle Aquitaine;Deux-Sèvres;65 ans et plus;Hommes;26.0;63.6;;79;75
2023;Nouvelle Aquitaine;Deux-Sèvres;00-17 ans;Femmes;117.0;318.9;;79;75
2023;Nouvelle Aquitaine;Deux-Sèvres;18-24 ans;Femmes;67.0;600.1;;79;75
2023;Nouvelle Aquitaine;Deux-Sèvres;25-44 ans;Femmes;92.0;229.5;;79;75
2023;Nouvelle Aquitaine;Deux-Sèvres;65 ans et plus;Femmes;48.0;93.7;;79;75
2023;Nouvelle Aquitaine;Deux-Sèvres;Tous;Femmes;440.0;231.0;243.6;79;75
2023;Nouvelle Aquitaine;Deux-Sèvres;25-44 ans;Hommes et Femmes;196.0;244.1;;79;75
2023;Hauts-de-France;Somme;18-24 ans;Hommes;74.0;285.8;;80;32
2023;Hauts-de-France;Somme;45-64 ans;Hommes;254.0;359.2;;80;32
2023;Hauts-de-France;Somme;00-17 ans;Femmes;332.0;588.1;;80;32
2023;Hauts-de-France;Somme;18-24 ans;Femmes;234.0;910.2;;80;32
2023;Hauts-de-France;Somme;65 ans et plus;Femmes;107.0;155.4;;80;32
2023;Hauts-de-France;Somme;45-64 ans;Hommes et Femmes;531.0;370.6;;80;32
2023;Hauts-de-France;Somme;65 ans et plus;Hommes et Femmes;164.0;135.7;;80;32
2023;Hauts-de-France;Somme;Tous;Hommes et Femmes;2002.0;355.3;353.8;80;32
2023;Occitanie;Tarn;25-44 ans;Hommes;49.0;121.6;;81;76
2023;Occitanie;Tarn;Tous;Hommes;194.0;100.9;103.2;81;76
2023;Occitanie;Tarn;00-17 ans;Femmes;77.0;207.8;;81;76
2023;Occitanie;Tarn;25-44 ans;Femmes;78.0;186.3;;81;76
2023;Occitanie;Tarn;65 ans et plus;Femmes;42.0;71.0;;81;76
2023;Occitanie;Tarn;Tous;Femmes;373.0;181.6;192.5;81;76
2023;Occitanie;Tarn;00-17 ans;Hommes et Femmes;90.0;118.5;;81;76
2023;Occitanie;Tarn;45-64 ans;Hommes et Femmes;197.0;183.8;;81;76
2023;Occitanie;Tarn;Tous;Hommes et Femmes;567.0;142.5;149.2;81;76
2023;Occitanie;Tarn-et-Garonne;65 ans et plus;Hommes;14.0;50.7;;82;76
2023;Occitanie;Tarn-et-Garonne;Tous;Hommes;150.0;115.2;118.9;82;76
2023;Occitanie;Tarn-et-Garonne;65 ans et plus;Femmes;30.0;87.7;;82;76
2023;Occitanie;Tarn-et-Garonne;18-24 ans;Hommes et Femmes;82.0;469.5;;82;76
2023;Provence-Alpes-Côte d'Azur;Var;00-17 ans;Hommes;41.0;39.0;;83;93
2023;Provence-Alpes-Côte d'Azur;Var;18-24 ans;Femmes;154.0;447.5;;83;93
2023;Provence-Alpes-Côte d'Azur;Var;00-17 ans;Hommes et Femmes;299.0;146.9;;83;93
2023;Provence-Alpes-Côte d'Azur;Var;18-24 ans;Hommes et Femmes;209.0;285.9;;83;93
2023;Provence-Alpes-Côte d'Azur;Var;Tous;Hommes et Femmes;1484.0;132.8;140.0;83;93
2023;Provence-Alpes-Côte d'Azur;Vaucluse;18-24 ans;Hommes;28.0;137.2;;84;93
2023;Provence-Alpes-Côte d'Azur;Vaucluse;65 ans et plus;Hommes;30.0;50.9;;84;93
2023;Provence-Alpes-Côte d'Azur;Vaucluse;Tous;Hommes;244.0;89.1;92.1;84;93
2023;Provence-Alpes-Côte d'Azur;Vaucluse;18-24 ans;Femmes;66.0;349.0;;84;93
2023;Provence-Alpes-Côte d'Azur;Vaucluse;65 ans et plus;Hommes et Femmes;93.0;68.6;;84;93
2023;Provence-Alpes-Côte d'Azur;Vaucluse;Tous;Hommes et Femmes;728.0;127.6;131.0;84;93
2023;Pays de la Loire;Vendée;25-44 ans;Hommes;175.0;234.1;;85;52
2023;Pays de la Loire;Vendée;00-17 ans;Femmes;273.0;399.7;;85;52
2023;Pays de la Loire;Vendée;45-64 ans;Femmes;164.0;173.0;;85;52
2023;Nouvelle Aquitaine;Vienne;Tous;Femmes;253.0;112.1;112.9;86;75
2023;Nouvelle Aquitaine;Vienne;00-17 ans;Hommes et Femmes;62.0;71.0;;86;75
2023;Nouvelle Aquitaine;Vienne;45-64 ans;Hommes et Femmes;109.0;99.2;;86;75
2023;Nouvelle Aquitaine;Vienne;65 ans et plus;Hommes et Femmes;43.0;42.4;;86;75
2023;Nouvelle Aquitaine;Vienne;Tous;Hommes et Femmes;433.0;98.8;99.2;86;75
2023;Nouvelle Aquitaine;Haute-Vienne;00-17 ans;Hommes;13.0;37.4;;87;75
2023;Nouvelle Aquitaine;Haute-Vienne;25-44 ans;Hommes;71.0;179.5;;87;75
2023;Nouvelle Aquitaine;Haute-Vienne;65 ans et plus;Hommes;25.0;59.7;;87;75
2023;Nouvelle Aquitaine;Haute-Vienne;Tous;Hommes;187.0;104.9;106.8;87;75
2023;Nouvelle Aquitaine;Haute-Vienne;25-44 ans;Femmes;103.0;255.6;;87;75
2023;Nouvelle Aquitaine;Haute-Vienne;Tous;Femmes;435.0;224.5;234.7;87;75
2023;Nouvelle Aquitaine;Haute-Vienne;00-17 ans;Hommes et Femmes;125.0;183.8;;87;75
2023;Nouvelle Aquitaine;Haute-Vienne;Tous;Hommes et Femmes;622.0;167.2;172.7;87;75
2023;Grand Est;Vosges;25-44 ans;Hommes;105.0;278.1;;88;44
2023;Grand Est;Vosges;65 ans et plus;Femmes;45.0;86.7;;88;44
2023;Grand Est;Vosges;Tous;Femmes;465.0;255.1;276.6;88;44
2023;Grand Est;Vosges;25-44 ans;Hommes et Femmes;219.0;292.1;;88;44
2023;Grand Est;Vosges;45-64 ans;Hommes et Femmes;185.0;189.3;;88;44
2023;Bourgogne et Franche-Comté;Yonne;00-17 ans;Femmes;97.0;296.1;;89;27
2023;Bourgogne et Franche-Comté;Yonne;65 ans et plus;Femmes;28.0;58.8;;89;27
2023;Bourgogne et Franche-Comté;Yonne;Tous;Femmes;254.0;149.2;159.3;89;27
2023;Bourgogne et Franche-Comté;Territoire de Belfort;18-24 ans;Femmes;25.0;506.3;;90;27
2023;Bourgogne et Franche-Comté;Territoire de Belfort;25-44 ans;Femmes;17.0;104.5;;90;27
2023;Bourgogne et Franche-Comté;Territoire de Belfort;45-64 ans;Hommes et Femmes;37.0;102.7;;90;27
2023;Île-de-France;Essonne;18-24 ans;Hommes;51.0;80.7;;91;11
2023;Île-de-France;Essonne;25-44 ans;Hommes;107.0;62.7;;91;11
2023;Île-de-France;Essonne;Tous;Hommes;333.0;50.9;51.1;91;11
2023;Île-de-France;Essonne;00-17 ans;Femmes;234.0;149.5;;91;11
2023;Île-de-France;Essonne;Tous;Femmes;850.0;125.5;120.9;91;11
2023;Île-de-France;Essonne;25-44 ans;Hommes et Femmes;277.0;79.5;;91;11
2023;Île-de-France;Hauts-de-Seine;18-24 ans;Femmes;177.0;235.6;;92;11
2023;Île-de-France;Hauts-de-Seine;00-17 ans;Hommes et Femmes;365.0;103.7;;92;11
2023;Île-de-France;Hauts-de-Seine;18-24 ans;Hommes et Femmes;241.0;162.1;;92;11
2023;Île-de-France;Seine-Saint-Denis;18-24 ans;Hommes;48.0;58.3;;93;11
2023;Île-de-France;Seine-Saint-Denis;65 ans et plus;Hommes;32.0;31.8;;93;11
2023;Île-de-France;Seine-Saint-Denis;45-64 ans;Femmes;102.0;51.7;;93;11
2023;Île-de-France;Seine-Saint-Denis;65 ans et plus;Femmes;46.0;38.1;;93;11
2023;Île-de-France;Val-de-Marne;25-44 ans;Hommes;113.0;58.2;;94;11
2023;Île-de-France;Val-de-Marne;45-64 ans;Hommes;97.0;57.6;;94;11
2023;Île-de-France;Val-de-Marne;25-44 ans;Femmes;138.0;66.7;;94;11
2023;Île-de-France;Val-de-Marne;Tous;Femmes;840.0;113.9;109.2;94;11
2023;Île-de-France;Val-de-Marne;00-17 ans;Hommes et Femmes;294.0;93.8;;94;11
2023;Île-de-France;Val-de-Marne;65 ans et plus;Hommes et Femmes;138.0;61.3;;94;11
2023;Île-de-France;Val-d'Oise;25-44 ans;Hommes;75.0;45.4;;95;11
2023;Île-de-France;Val-d'Oise;45-64 ans;Hommes;61.0;40.4;;95;11
2023;Île-de-France;Val-d'Oise;25-44 ans;Femmes;114.0;64.4;;95;11
2023;Île-de-France;Val-d'Oise;65 ans et plus;Femmes;54.0;50.8;;95;11
2023;Île-de-France;Val-d'Oise;25-44 ans;Hommes et Femmes;189.0;55.2;;95;11
2023;Île-de-France;Val-d'Oise;65 ans et plus;Hommes et Femmes;88.0;46.8;;95;11
2023;Île-de-France;Val-d'Oise;Tous;Hommes et Femmes;802.0;62.8;61.0;95;11
2023;Guadeloupe;Guadeloupe;25-44 ans;Hommes;9.0;29.1;;971;01
2023;Guadeloupe;Guadeloupe;00-17 ans;Femmes;22.0;57.5;;971;01
2023;Guadeloupe;Guadeloupe;18-24 ans;Femmes;6.0;43.6;;971;01
2023;Guadeloupe;Guadeloupe;45-64 ans;Femmes;8.0;12.4;;971;01
2023;Guadeloupe;Guadeloupe;00-17 ans;Hommes et Femmes;27.0;34.4;;971;01
2023;Guadeloupe;Guadeloupe;18-24 ans;Hommes et Femmes;12.0;42.9;;971;01
2023;Guadeloupe;Guadeloupe;45-64 ans;Hommes et Femmes;21.0;18.0;;971;01
2023;Guadeloupe;Guadeloupe;Tous;Hommes et Femmes;94.5;24.7;26.1;971;01
2023;Martinique;Martinique;65 ans et plus;Hommes;9.0;24.2;;972;02
2023;Martinique;Martinique;Tous;Hommes;47.0;28.7;30.2;972;02
2023;Martinique;Martinique;00-17 ans;Femmes;42.0;126.3;;972;02
2023;Martinique;Martinique;25-44 ans;Femmes;18.0;44.9;;972;02
2023;Martinique;Martinique;45-64 ans;Femmes;12.0;19.5;;972;02
2023;Martinique;Martinique;Tous;Femmes;93.0;47.6;52.9;972;02
2023;Martinique;Martinique;25-44 ans;Hommes et Femmes;34.0;48.7;;972;02
2023;Martinique;Martinique;65 ans et plus;Hommes et Femmes;18.0;20.9;;972;02
2023;Guyane;Guyane;65 ans et plus;Hommes;2.5;26.2;;973;03
2023;Guyane;Guyane;18-24 ans;Femmes;28.0;178.9;;973;03
2023;Guyane;Guyane;25-44 ans;Femmes;38.0;91.2;;973;03
2023;Guyane;Guyane;45-64 ans;Femmes;14.0;49.9;;973;03
2023;Guyane;Guyane;18-24 ans;Hommes et Femmes;37.0;122.7;;973;03
2023;Guyane;Guyane;65 ans et plus;Hommes et Femmes;7.0;34.8;;973;03
2023;Guyane;Guyane;Tous;Hommes et Femmes;197.0;67.9;61.1;973;03
2023;Réunion;Réunion;00-17 ans;Hommes;64.0;54.8;;974;04
2023;Réunion;Réunion;18-24 ans;Hommes;51.0;136.4;;974;04
2023;Réunion;Réunion;45-64 ans;Hommes;119.0;103.2;;974;04
2023;Réunion;Réunion;00-17 ans;Femmes;363.0;318.2;;974;04
2023;Réunion;Réunion;18-24 ans;Femmes;114.0;304.9;;974;04
2023;Réunion;Réunion;25-44 ans;Femmes;172.0;147.0;;974;04
2023;Réunion;Réunion;45-64 ans;Femmes;119.0;95.3;;974;04
2023;Réunion;Réunion;65 ans et plus;Femmes;30.0;42.3;;974;04
2023;Mayotte;Mayotte;00-17 ans;Hommes;2.5;3.2;;976;06
2023;Mayotte;Mayotte;65 ans et plus;Hommes;0.0;0.0;;976;06
2023;Mayotte;Mayotte;Tous;Hommes;9.0;6.1;7.2;976;06
2023;Mayotte;Mayotte;00-17 ans;Femmes;5.0;6.3;;976;06
2023;Mayotte;Mayotte;25-44 ans;Femmes;6.0;13.2;;976;06
2023;Mayotte;Mayotte;65 ans et plus;Femmes;0.0;0.0;;976;06
2023;Mayotte;Mayotte;00-17 ans;Hommes et Femmes;7.5;4.8;;976;06
2023;Mayotte;Mayotte;45-64 ans;Hommes et Femmes;5.0;14.1;;976;06
2023;Mayotte;Mayotte;65 ans et plus;Hommes et Femmes;0.0;0.0;;976;06
2023;Saint-Barthélemy;Saint-Barthélemy;00-17 ans;Hommes;0.0;;;977;977
2023;Saint-Barthélemy;Saint-Barthélemy;25-44 ans;Hommes;2.5;;;977;977
2023;Saint-Barthélemy;Saint-Barthélemy;18-24 ans;Femmes;2.5;;;977;977
2023;Saint-Barthélemy;Saint-Barthélemy;25-44 ans;Femmes;2.5;;;977;977
2023;Saint-Barthélemy;Saint-Barthélemy;65 ans et plus;Femmes;0.0;;;977;977
2023;Saint-Barthélemy;Saint-Barthélemy;00-17 ans;Hommes et Femmes;0.0;;;977;977
2023;Saint-Barthélemy;Saint-Barthélemy;25-44 ans;Hommes et Femmes;5.0;;;977;977
2023;Saint-Martin;Saint-Martin;18-24 ans;Hommes;0.0;;;978;978
2023;Saint-Martin;Saint-Martin;65 ans et plus;Hommes;0.0;;;978;978
2023;Saint-Martin;Saint-Martin;00-17 ans;Femmes;7.0;;;978;978
2023;Saint-Martin;Saint-Martin;18-24 ans;Femmes;2.5;;;978;978
2023;Saint-Martin;Saint-Martin;65 ans et plus;Hommes et Femmes;0.0;;;978;978
2023;Saint-Martin;Saint-Martin;Tous;Hommes et Femmes;23.0;;;978;978
2023;Auvergne et Rhône-Alpes;Ain;Tous;Hommes;205.0;61.4;61.9;01;84
2023;Auvergne et Rhône-Alpes;Ain;25-44 ans;Hommes et Femmes;153.0;90.7;;01;84
2023;Auvergne et Rhône-Alpes;Ain;65 ans et plus;Hommes et Femmes;68.0;53.3;;01;84
2023;Auvergne et Rhône-Alpes;Ain;Tous;Hommes et Femmes;559.0;82.5;82.9;01;84
2023;Hauts-de-France;Aisne;18-24 ans;Hommes;44.0;212.6;;02;32
2023;Hauts-de-France;Aisne;45-64 ans;Hommes;113.0;168.2;;02;32
2023;Hauts-de-France;Aisne;65 ans et plus;Hommes;33.0;66.1;;02;32
2023;Hauts-de-France;Aisne;18-24 ans;Femmes;106.0;572.4;;02;32
2023;Hauts-de-France;Aisne;Tous;Femmes;635.0;237.4;241.5;02;32
2023;Hauts-de-France;Aisne;Tous;Hommes et Femmes;1021.0;195.1;199.1;02;32
2023;Auvergne et Rhône-Alpes;Allier;18-24 ans;Hommes;17.0;146.0;;03;84
2023;Auvergne et Rhône-Alpes;Allier;45-64 ans;Hommes;34.0;77.1;;03;84
2023;Auvergne et Rhône-Alpes;Allier;65 ans et plus;Hommes;17.0;41.2;;03;84
2023;Auvergne et Rhône-Alpes;Allier;Tous;Hommes;130.0;80.8;85.7;03;84
2023;Auvergne et Rhône-Alpes;Allier;00-17 ans;Femmes;64.0;219.0;;03;84
2023;Auvergne et Rhône-Alpes;Allier;18-24 ans;Femmes;38.0;367.3;;03;84
2023;Auvergne et Rhône-Alpes;Allier;45-64 ans;Hommes et Femmes;85.0;94.7;;03;84
2023;Auvergne et Rhône-Alpes;Allier;65 ans et plus;Hommes et Femmes;34.0;35.4;;03;84
2023;Provence-Alpes-Côte d'Azur;Alpes-de-Haute-Provence;18-24 ans;Hommes;8.0;146.8;;04;93
2023;Provence-Alpes-Côte d'Azur;Alpes-de-Haute-Provence;45-64 ans;Hommes;28.0;124.6;;04;93
2023;Provence-Alpes-Côte d'Azur;Alpes-de-Haute-Provence;Tous;Hommes;84.0;103.0;104.6;04;93
2023;Provence-Alpes-Côte d'Azur;Alpes-de-Haute-Provence;45-64 ans;Femmes;32.0;132.3;;04;93
2023;Provence-Alpes-Côte d'Azur;Alpes-de-Haute-Provence;18-24 ans;Hommes et Femmes;30.0;300.2;;04;93
2023;Provence-Alpes-Côte d'Azur;Alpes-de-Haute-Provence;25-44 ans;Hommes et Femmes;53.0;156.0;;04;93
2023;Provence-Alpes-Côte d'Azur;Alpes-de-Haute-Provence;65 ans et plus;Hommes et Femmes;46.0;99.7;;04;93
2023;Provence-Alpes-Côte d'Azur;Hautes-Alpes;00-17 ans;Hommes;11.0;83.6;;05;93
2023;Provence-Alpes-Côte d'Azur;Hautes-Alpes;18-24 ans;Hommes;13.0;286.8;;05;93
2023;Provence-Alpes-Côte d'Azur;Hautes-Alpes;25-44 ans;Hommes;24.0;160.0;;05;93
2023;Provence-Alpes-Côte d'Azur;Hautes-Alpes;25-44 ans;Femmes;39.0;251.4;;05;93
2023;Provence-Alpes-Côte d'Azur;Hautes-Alpes;45-64 ans;Femmes;32.0;161.1;;05;93
2023;Provence-Alpes-Côte d'Azur;Hautes-Alpes;65 ans et plus;Femmes;18.0;85.2;;05;93
2023;Provence-Alpes-Côte d'Azur;Hautes-Alpes;Tous;Femmes;163.0;224.7;257.9;05;93
2023;Provence-Alpes-Côte d'Azur;Hautes-Alpes;00-17 ans;Hommes et Femmes;52.0;203.0;;05;93
2023;Provence-Alpes-Côte d'Azur;Hautes-Alpes;65 ans et plus;Hommes et Femmes;28.0;73.0;;05;93
2023;Provence-Alpes-Côte d'Azur;Hautes-Alpes;Tous;Hommes et Femmes;263.0;185.4;205.3;05;93
2023;Provence-Alpes-Côte d'Azur;Alpes-Maritimes;00-17 ans;Hommes;40.0;37.4;;06;93
2023;Provence-Alpes-Côte d'Azur;Alpes-Maritimes;45-64 ans;Hommes;148.0;105.4;;06;93
2023;Provence-Alpes-Côte d'Azur;Alpes-Maritimes;00-17 ans;Femmes;262.0;259.5;;06;93
2023;Provence-Alpes-Côte d'Azur;Alpes-Maritimes;18-24 ans;Hommes et Femmes;197.0;240.8;;06;93
2023;Auvergne et Rhône-Alpes;Ardèche;00-17 ans;Hommes;15.0;44.6;;07;84
2023;Auvergne et Rhône-Alpes;Ardèche;45-64 ans;Hommes;41.0;89.7;;07;84
2023;Auvergne et Rhône-Alpes;Ardèche;65 ans et plus;Hommes;20.0;50.8;;07;84
2023;Auvergne et Rhône-Alpes;Ardèche;Tous;Hommes;135.0;82.7;86.7;07;84
2023;Auvergne et Rhône-Alpes;Ardèche;Tous;Femmes;263.0;153.7;165.5;07;84
2023;Auvergne et Rhône-Alpes;Ardèche;Tous;Hommes et Femmes;398.0;119.0;127.3;07;84
2023;Grand Est;Ardennes;Tous;Hommes;208.0;159.4;162.6;08;44
2023;Grand Est;Ardennes;65 ans et plus;Femmes;26.0;75.3;;08;44
2023;Grand Est;Ardennes;00-17 ans;Hommes et Femmes;135.0;244.8;;08;44
2023;Grand Est;Ardennes;18-24 ans;Hommes et Femmes;59.0;314.8;;08;44
2023;Grand Est;Ardennes;45-64 ans;Hommes et Femmes;113.0;157.4;;08;44
2023;Occitanie;Ariège;00-17 ans;Hommes;2.5;17.2;;09;76
2023;Occitanie;Ariège;Tous;Hommes;62.5;82.0;86.4;09;76
2023;Occitanie;Ariège;00-17 ans;Femmes;18.0;129.3;;09;76
2023;Occitanie;Ariège;25-44 ans;Femmes;26.0;159.2;;09;76
2023;Occitanie;Ariège;Tous;Femmes;95.0;119.5;125.8;09;76
2023;Occitanie;Ariège;25-44 ans;Hommes et Femmes;48.0;148.4;;09;76
2023;Corse;Corse-du-Sud;45-64 ans;Hommes;14.0;63.3;;2A;94
2023;Corse;Corse-du-Sud;65 ans et plus;Hommes;5.0;26.9;;2A;94
2023;Corse;Corse-du-Sud;Tous;Hommes;32.0;39.5;39.2;2A;94
2023;Corse;Corse-du-Sud;00-17 ans;Femmes;15.0;95.1;;2A;94
2023;Corse;Corse-du-Sud;18-24 ans;Femmes;7.0;154.8;;2A;94
2023;Corse;Haute-Corse;00-17 ans;Hommes;0.0;0.0;;2B;94
2023;Corse;Haute-Corse;25-44 ans;Hommes;10.0;46.6;;2B;94
2023;Corse;Haute-Corse;45-64 ans;Hommes;8.0;32.5;;2B;94
2023;Corse;Haute-Corse;65 ans et plus;Hommes;8.0;37.9;;2B;94
2023;Corse;Haute-Corse;Tous;Hommes;28.5;31.4;28.2;2B;94
2023;Corse;Haute-Corse;25-44 ans;Femmes;10.0;45.7;;2B;94
2023;Corse;Haute-Corse;00-17 ans;Hommes et Femmes;15.0;47.1;;2B;94
2023;Corse;Haute-Corse;25-44 ans;Hommes et Femmes;20.0;46.2;;2B;94
2023;Corse;Haute-Corse;Tous;Hommes et Femmes;82.0;44.1;43.8;2B;94
2022;Saint-Martin;Saint-Martin;00-17 ans;Hommes;0.0;;;978;978
2022;Saint-Martin;Saint-Martin;18-24 ans;Hommes;2.5;;;978;978
2022;Saint-Martin;Saint-Martin;45-64 ans;Hommes;2.5;;;978;978
2022;Saint-Martin;Saint-Martin;65 ans et plus;Hommes;0.0;;;978;978
2022;Saint-Martin;Saint-Martin;00-17 ans;Femmes;5.0;;;978;978
2022;Saint-Martin;Saint-Martin;25-44 ans;Femmes;2.5;;;978;978
2022;Saint-Martin;Saint-Martin;Tous;Femmes;12.0;;;978;978
2022;Auvergne et Rhône-Alpes;Ain;00-17 ans;Hommes;20.0;24.8;;01;84
2022;Auvergne et Rhône-Alpes;Ain;45-64 ans;Hommes;73.0;83.0;;01;84
2022;Auvergne et Rhône-Alpes;Ain;Tous;Hommes;223.0;67.3;67.9;01;84
2022;Auvergne et Rhône-Alpes;Ain;00-17 ans;Femmes;104.0;136.4;;01;84
2022;Auvergne et Rhône-Alpes;Ain;25-44 ans;Femmes;93.0;110.4;;01;84
2022;Auvergne et Rhône-Alpes;Ain;65 ans et plus;Femmes;32.0;46.3;;01;84
2022;Auvergne et Rhône-Alpes;Ain;18-24 ans;Hommes et Femmes;59.0;127.1;;01;84
2022;Hauts-de-France;Aisne;00-17 ans;Hommes;46.0;77.2;;02;32
2022;Hauts-de-France;Aisne;25-44 ans;Hommes;137.0;231.0;;02;32
2022;Hauts-de-France;Aisne;Tous;Hommes;391.0;152.3;154.2;02;32
2022;Hauts-de-France;Aisne;00-17 ans;Femmes;217.0;383.3;;02;32
2022;Hauts-de-France;Aisne;25-44 ans;Femmes;141.0;236.1;;02;32
2022;Hauts-de-France;Aisne;45-64 ans;Femmes;162.0;232.6;;02;32
2022;Hauts-de-France;Aisne;Tous;Femmes;679.0;252.6;254.0;02;32
2022;Hauts-de-France;Aisne;18-24 ans;Hommes et Femmes;128.0;327.4;;02;32
2022;Hauts-de-France;Aisne;45-64 ans;Hommes et Femmes;294.0;213.7;;02;32
2022;Hauts-de-France;Aisne;Tous;Hommes et Femmes;1070.0;203.6;205.7;02;32
2022;Auvergne et Rhône-Alpes;Allier;00-17 ans;Femmes;74.0;251.1;;03;84
2022;Auvergne et Rhône-Alpes;Allier;45-64 ans;Femmes;60.0;129.9;;03;84
2022;Auvergne et Rhône-Alpes;Allier;65 ans et plus;Femmes;34.0;62.3;;03;84
2022;Provence-Alpes-Côte d'Azur;Alpes-de-Haute-Provence;18-24 ans;Hommes;5.0;93.2;;04;93
2022;Provence-Alpes-Côte d'Azur;Alpes-de-Haute-Provence;25-44 ans;Femmes;34.0;197.5;;04;93
2022;Provence-Alpes-Côte d'Azur;Alpes-de-Haute-Provence;Tous;Femmes;149.0;173.2;182.9;04;93
2022;Provence-Alpes-Côte d'Azur;Alpes-de-Haute-Provence;25-44 ans;Hommes et Femmes;57.0;168.4;;04;93
2022;Provence-Alpes-Côte d'Azur;Hautes-Alpes;00-17 ans;Hommes;6.0;45.0;;05;93
2022;Provence-Alpes-Côte d'Azur;Hautes-Alpes;45-64 ans;Hommes;29.0;148.7;;05;93
2022;Provence-Alpes-Côte d'Azur;Hautes-Alpes;65 ans et plus;Hommes;14.0;83.2;;05;93
2022;Provence-Alpes-Côte d'Azur;Hautes-Alpes;18-24 ans;Femmes;24.0;665.4;;05;93
2022;Provence-Alpes-Côte d'Azur;Hautes-Alpes;45-64 ans;Femmes;40.0;200.1;;05;93
2022;Provence-Alpes-Côte d'Azur;Hautes-Alpes;65 ans et plus;Femmes;18.0;86.9;;05;93
2022;Provence-Alpes-Côte d'Azur;Hautes-Alpes;00-17 ans;Hommes et Femmes;37.0;142.5;;05;93
2022;Provence-Alpes-Côte d'Azur;Hautes-Alpes;25-44 ans;Hommes et Femmes;56.0;183.7;;05;93
2022;Provence-Alpes-Côte d'Azur;Alpes-Maritimes;00-17 ans;Femmes;325.0;320.7;;06;93
2022;Provence-Alpes-Côte d'Azur;Alpes-Maritimes;18-24 ans;Femmes;131.0;329.6;;06;93
2022;Provence-Alpes-Côte d'Azur;Alpes-Maritimes;45-64 ans;Femmes;217.0;142.4;;06;93
2022;Provence-Alpes-Côte d'Azur;Alpes-Maritimes;Tous;Femmes;1000.0;170.3;178.5;06;93
2022;Auvergne et Rhône-Alpes;Ardèche;18-24 ans;Femmes;29.0;311.6;;07;84
2022;Auvergne et Rhône-Alpes;Ardèche;65 ans et plus;Femmes;30.0;63.0;;07;84
2022;Auvergne et Rhône-Alpes;Ardèche;Tous;Femmes;218.0;127.8;136.3;07;84
2022;Auvergne et Rhône-Alpes;Ardèche;00-17 ans;Hommes et Femmes;65.0;99.2;;07;84
2022;Auvergne et Rhône-Alpes;Ardèche;45-64 ans;Hommes et Femmes;85.0;91.7;;07;84
2022;Grand Est;Ardennes;25-44 ans;Hommes;66.0;224.6;;08;44
2022;Grand Est;Ardennes;18-24 ans;Femmes;34.0;402.9;;08;44
2022;Grand Est;Ardennes;65 ans et plus;Femmes;22.0;64.4;;08;44
2022;Grand Est;Ardennes;Tous;Femmes;307.0;225.3;232.4;08;44
2022;Grand Est;Ardennes;00-17 ans;Hommes et Femmes;156.0;279.5;;08;44
2022;Grand Est;Ardennes;25-44 ans;Hommes et Femmes;139.0;235.2;;08;44
2022;Grand Est;Ardennes;45-64 ans;Hommes et Femmes;138.0;189.6;;08;44
2022;Grand Est;Ardennes;65 ans et plus;Hommes et Femmes;40.0;65.8;;08;44
2022;Grand Est;Ardennes;Tous;Hommes et Femmes;531.0;198.7;203.8;08;44
2022;Occitanie;Ariège;18-24 ans;Hommes;2.5;46.2;;09;76
2022;Occitanie;Ariège;25-44 ans;Hommes;29.0;182.0;;09;76
2022;Occitanie;Ariège;Tous;Hommes;62.0;81.6;84.7;09;76
2022;Occitanie;Ariège;Tous;Femmes;127.0;160.1;175.4;09;76
2022;Corse;Corse-du-Sud;45-64 ans;Hommes;9.0;41.0;;2A;94
2022;Corse;Corse-du-Sud;Tous;Hommes;27.5;34.4;35.1;2A;94
2022;Corse;Corse-du-Sud;25-44 ans;Femmes;12.0;56.5;;2A;94
2022;Corse;Haute-Corse;00-17 ans;Hommes;2.5;15.0;;2B;94
2022;Corse;Haute-Corse;Tous;Hommes;37.0;41.0;40.3;2B;94
2022;Corse;Haute-Corse;00-17 ans;Femmes;21.0;133.0;;2B;94
2022;Corse;Haute-Corse;45-64 ans;Femmes;23.0;89.1;;2B;94
2022;Corse;Haute-Corse;Tous;Femmes;79.0;83.2;86.6;2B;94
2022;Grand Est;Aube;45-64 ans;Hommes;35.0;90.6;;10;44
2022;Grand Est;Aube;45-64 ans;Femmes;54.0;134.3;;10;44
2022;Grand Est;Aube;Tous;Femmes;244.0;153.2;155.5;10;44
2022;Grand Est;Aube;18-24 ans;Hommes et Femmes;59.0;240.4;;10;44
2022;Grand Est;Aube;25-44 ans;Hommes et Femmes;97.0;137.2;;10;44
2022;Grand Est;Aube;45-64 ans;Hommes et Femmes;89.0;112.9;;10;44
2022;Occitanie;Aude;18-24 ans;Hommes;11.0;90.1;;11;76
2022;Occitanie;Aude;45-64 ans;Hommes;50.0;100.9;;11;76
2022;Occitanie;Aude;25-44 ans;Femmes;82.0;208.5;;11;76
2022;Occitanie;Aude;65 ans et plus;Femmes;32.0;55.9;;11;76
2022;Occitanie;Aude;Tous;Hommes et Femmes;457.0;121.0;129.8;11;76
2022;Occitanie;Aveyron;00-17 ans;Hommes;6.0;23.2;;12;76
2022;Occitanie;Aveyron;25-44 ans;Femmes;39.0;140.0;;12;76
2022;Occitanie;Aveyron;65 ans et plus;Femmes;18.0;41.8;;12;76
2022;Occitanie;Aveyron;00-17 ans;Hommes et Femmes;49.0;96.8;;12;76
2022;Occitanie;Aveyron;18-24 ans;Hommes et Femmes;42.0;252.2;;12;76
2022;Occitanie;Aveyron;25-44 ans;Hommes et Femmes;86.0;150.7;;12;76
2022;Occitanie;Aveyron;45-64 ans;Hommes et Femmes;79.0;102.3;;12;76
2022;Provence-Alpes-Côte d'Azur;Bouches-du-Rhône;18-24 ans;Hommes;76.0;87.0;;13;93
2022;Provence-Alpes-Côte d'Azur;Bouches-du-Rhône;65 ans et plus;Hommes;92.0;48.9;;13;93
2022;Provence-Alpes-Côte d'Azur;Bouches-du-Rhône;00-17 ans;Femmes;479.0;231.0;;13;93
2022;Provence-Alpes-Côte d'Azur;Bouches-du-Rhône;18-24 ans;Femmes;200.0;232.6;;13;93
2022;Provence-Alpes-Côte d'Azur;Bouches-du-Rhône;45-64 ans;Hommes et Femmes;458.0;87.2;;13;93
2022;Normandie;Calvados;00-17 ans;Hommes;31.0;42.3;;14;28
2022;Normandie;Calvados;18-24 ans;Hommes;74.0;237.9;;14;28
2022;Normandie;Calvados;65 ans et plus;Hommes;46.0;67.0;;14;28
2022;Normandie;Calvados;00-17 ans;Hommes et Femmes;227.0;159.4;;14;28
2022;Normandie;Calvados;18-24 ans;Hommes et Femmes;224.0;364.8;;14;28
2022;Normandie;Calvados;25-44 ans;Hommes et Femmes;301.0;187.1;;14;28
2022;Normandie;Calvados;65 ans et plus;Hommes et Femmes;129.0;79.6;;14;28
2022;Auvergne et Rhône-Alpes;Cantal;00-17 ans;Hommes;8.0;64.8;;15;84
2022;Auvergne et Rhône-Alpes;Cantal;18-24 ans;Hommes;5.0;110.4;;15;84
2022;Auvergne et Rhône-Alpes;Cantal;25-44 ans;Hommes;11.0;77.2;;15;84
2022;Auvergne et Rhône-Alpes;Cantal;00-17 ans;Femmes;28.0;235.7;;15;84
2022;Auvergne et Rhône-Alpes;Cantal;65 ans et plus;Femmes;8.0;34.0;;15;84
2022;Auvergne et Rhône-Alpes;Cantal;25-44 ans;Hommes et Femmes;23.0;81.9;;15;84
2022;Auvergne et Rhône-Alpes;Cantal;Tous;Hommes et Femmes;129.0;89.3;97.4;15;84
2022;Nouvelle Aquitaine;Charente;25-44 ans;Hommes;83.0;224.8;;16;75
2022;Nouvelle Aquitaine;Charente;65 ans et plus;Hommes;31.0;76.2;;16;75
2022;Nouvelle Aquitaine;Charente;25-44 ans;Femmes;66.0;178.5;;16;75
2022;Nouvelle Aquitaine;Charente;45-64 ans;Hommes et Femmes;193.0;199.8;;16;75
2022;Nouvelle Aquitaine;Charente;65 ans et plus;Hommes et Femmes;90.0;96.9;;16;75
2022;Nouvelle Aquitaine;Charente;Tous;Hommes et Femmes;589.0;167.5;173.8;16;75
2022;Nouvelle Aquitaine;Charente-Maritime;18-24 ans;Hommes;77.0;321.8;;17;75
2022;Nouvelle Aquitaine;Charente-Maritime;25-44 ans;Hommes;150.0;229.4;;17;75
2022;Nouvelle Aquitaine;Charente-Maritime;Tous;Femmes;769.0;221.2;239.1;17;75
2022;Nouvelle Aquitaine;Charente-Maritime;18-24 ans;Hommes et Femmes;176.0;399.8;;17;75
2022;Centre-Val de Loire;Cher;25-44 ans;Hommes;24.0;77.2;;18;24
2022;Centre-Val de Loire;Cher;65 ans et plus;Hommes;11.0;31.5;;18;24
2022;Centre-Val de Loire;Cher;18-24 ans;Femmes;13.0;143.4;;18;24
2022;Centre-Val de Loire;Cher;Tous;Femmes;135.0;87.8;92.5;18;24
2022;Centre-Val de Loire;Cher;45-64 ans;Hommes et Femmes;65.0;80.4;;18;24
2022;Centre-Val de Loire;Cher;Tous;Hommes et Femmes;209.0;69.8;72.8;18;24
2022;Nouvelle Aquitaine;Corrèze;25-44 ans;Hommes;25.0;102.0;;19;75
2022;Nouvelle Aquitaine;Corrèze;18-24 ans;Femmes;36.0;526.5;;19;75
2022;Nouvelle Aquitaine;Corrèze;65 ans et plus;Femmes;34.0;87.7;;19;75
2022;Nouvelle Aquitaine;Corrèze;18-24 ans;Hommes et Femmes;46.0;293.6;;19;75
2022;Nouvelle Aquitaine;Corrèze;25-44 ans;Hommes et Femmes;48.0;99.0;;19;75
2022;Bourgogne et Franche-Comté;Côte-d'Or;45-64 ans;Hommes;89.0;134.4;;21;27
2022;Bourgogne et Franche-Comté;Côte-d'Or;Tous;Hommes;344.0;132.1;131.2;21;27
2022;Bourgogne et Franche-Comté;Côte-d'Or;18-24 ans;Femmes;149.0;574.3;;21;27
2022;Bourgogne et Franche-Comté;Côte-d'Or;25-44 ans;Femmes;157.0;246.0;;21;27
2022;Bourgogne et Franche-Comté;Côte-d'Or;65 ans et plus;Femmes;55.0;82.3;;21;27
2022;Bretagne;Côtes-d'Armor;18-24 ans;Hommes;73.0;348.4;;22;53
2022;Bretagne;Côtes-d'Armor;25-44 ans;Hommes;192.0;320.3;;22;53
2022;Bretagne;Côtes-d'Armor;45-64 ans;Hommes;206.0;254.3;;22;53
2022;Bretagne;Côtes-d'Armor;00-17 ans;Femmes;226.0;385.2;;22;53
2022;Bretagne;Côtes-d'Armor;25-44 ans;Femmes;199.0;327.3;;22;53
2022;Bretagne;Côtes-d'Armor;65 ans et plus;Femmes;104.0;111.2;;22;53
2022;Bretagne;Côtes-d'Armor;Tous;Femmes;930.0;295.5;318.9;22;53
2022;Bretagne;Côtes-d'Armor;00-17 ans;Hommes et Femmes;261.0;217.1;;22;53
2022;Bretagne;Côtes-d'Armor;18-24 ans;Hommes et Femmes;209.0;534.8;;22;53
2022;Bretagne;Côtes-d'Armor;25-44 ans;Hommes et Femmes;391.0;323.9;;22;53
2022;Bretagne;Côtes-d'Armor;65 ans et plus;Hommes et Femmes;156.0;94.5;;22;53
2022;Nouvelle Aquitaine;Creuse;00-17 ans;Femmes;23.0;250.8;;23;75
2022;Nouvelle Aquitaine;Creuse;18-24 ans;Hommes et Femmes;13.5;216.0;;23;75
2022;Nouvelle Aquitaine;Creuse;25-44 ans;Hommes et Femmes;32.0;151.2;;23;75
2022;Nouvelle Aquitaine;Creuse;45-64 ans;Hommes et Femmes;45.0;135.8;;23;75
2022;Nouvelle Aquitaine;Dordogne;00-17 ans;Hommes;15.0;41.2;;24;75
2022;Nouvelle Aquitaine;Dordogne;25-44 ans;Hommes;90.0;230.0;;24;75
2022;Nouvelle Aquitaine;Dordogne;00-17 ans;Femmes;108.0;317.1;;24;75
2022;Nouvelle Aquitaine;Dordogne;18-24 ans;Femmes;43.0;389.4;;24;75
2022;Nouvelle Aquitaine;Dordogne;45-64 ans;Femmes;120.0;197.0;;24;75
2022;Nouvelle Aquitaine;Dordogne;65 ans et plus;Femmes;51.0;73.3;;24;75
2022;Nouvelle Aquitaine;Dordogne;Tous;Femmes;407.0;188.9;210.8;24;75
2022;Nouvelle Aquitaine;Dordogne;00-17 ans;Hommes et Femmes;123.0;174.6;;24;75
2022;Nouvelle Aquitaine;Dordogne;18-24 ans;Hommes et Femmes;57.0;243.8;;24;75
2022;Bourgogne et Franche-Comté;Doubs;25-44 ans;Hommes;99.0;148.3;;25;27
2022;Bourgogne et Franche-Comté;Doubs;45-64 ans;Hommes;80.0;119.1;;25;27
2022;Bourgogne et Franche-Comté;Doubs;Tous;Hommes;264.0;98.2;98.1;25;27
2022;Bourgogne et Franche-Comté;Doubs;18-24 ans;Femmes;101.0;442.8;;25;27
2022;Bourgogne et Franche-Comté;Doubs;25-44 ans;Femmes;100.0;149.3;;25;27
2022;Bourgogne et Franche-Comté;Doubs;65 ans et plus;Femmes;31.0;49.4;;25;27
2022;Bourgogne et Franche-Comté;Doubs;Tous;Femmes;453.0;161.8;159.2;25;27
2022;Bourgogne et Franche-Comté;Doubs;18-24 ans;Hommes et Femmes;139.0;293.6;;25;27
2022;Bourgogne et Franche-Comté;Doubs;45-64 ans;Hommes et Femmes;178.0;131.0;;25;27
2022;Bourgogne et Franche-Comté;Doubs;65 ans et plus;Hommes et Femmes;61.0;54.7;;25;27
2022;Auvergne et Rhône-Alpes;Drôme;00-17 ans;Hommes;20.0;34.8;;26;84
2022;Auvergne et Rhône-Alpes;Drôme;Tous;Femmes;412.0;153.6;158.0;26;84
2022;Auvergne et Rhône-Alpes;Drôme;Tous;Hommes et Femmes;619.0;118.7;122.0;26;84
2022;Normandie;Eure;00-17 ans;Hommes;26.0;37.2;;27;28
2022;Normandie;Eure;25-44 ans;Hommes;106.0;154.5;;27;28
2022;Normandie;Eure;65 ans et plus;Hommes;42.0;78.1;;27;28
2022;Normandie;Eure;Tous;Hommes;344.0;117.2;119.3;27;28
2022;Normandie;Eure;18-24 ans;Femmes;87.0;452.6;;27;28
2022;Normandie;Eure;25-44 ans;Femmes;145.0;203.7;;27;28
2022;Normandie;Eure;Tous;Femmes;611.0;198.5;201.1;27;28
2022;Normandie;Eure;Tous;Hommes et Femmes;955.0;158.8;161.5;27;28
2022;Centre-Val de Loire;Eure-et-Loir;18-24 ans;Hommes;25.0;160.6;;28;24
2022;Centre-Val de Loire;Eure-et-Loir;45-64 ans;Hommes;76.0;134.7;;28;24
2022;Centre-Val de Loire;Eure-et-Loir;65 ans et plus;Hommes;25.0;61.1;;28;24
2022;Centre-Val de Loire;Eure-et-Loir;18-24 ans;Femmes;50.0;362.4;;28;24
2022;Centre-Val de Loire;Eure-et-Loir;25-44 ans;Femmes;72.0;144.0;;28;24
2022;Centre-Val de Loire;Eure-et-Loir;65 ans et plus;Femmes;58.0;111.8;;28;24
2022;Centre-Val de Loire;Eure-et-Loir;Tous;Femmes;371.0;167.7;170.3;28;24
2022;Centre-Val de Loire;Eure-et-Loir;00-17 ans;Hommes et Femmes;96.0;98.1;;28;24
2022;Bretagne;Finistère;25-44 ans;Hommes;288.0;280.2;;29;53
2022;Bretagne;Finistère;45-64 ans;Hommes;221.0;178.3;;29;53
2022;Bretagne;Finistère;Tous;Hommes;685.0;151.5;153.7;29;53
2022;Bretagne;Finistère;45-64 ans;Femmes;344.0;274.1;;29;53
2022;Bretagne;Finistère;65 ans et plus;Femmes;113.0;86.9;;29;53
2022;Bretagne;Finistère;18-24 ans;Hommes et Femmes;312.0;446.8;;29;53
2022;Bretagne;Finistère;25-44 ans;Hommes et Femmes;538.0;265.1;;29;53
2022;Occitanie;Gard;00-17 ans;Hommes;28.0;35.0;;30;76
2022;Occitanie;Gard;18-24 ans;Hommes;41.0;141.1;;30;76
2022;Occitanie;Gard;Tous;Hommes;372.0;100.8;102.7;30;76
2022;Occitanie;Gard;00-17 ans;Femmes;209.0;279.2;;30;76
2022;Occitanie;Gard;18-24 ans;Femmes;163.0;618.2;;30;76
2022;Occitanie;Gard;25-44 ans;Femmes;145.0;171.7;;30;76
2022;Occitanie;Gard;45-64 ans;Femmes;176.0;165.9;;30;76
2022;Occitanie;Gard;65 ans et plus;Femmes;97.0;94.0;;30;76
2022;Occitanie;Gard;Tous;Femmes;790.0;200.1;208.2;30;76
2022;Occitanie;Gard;Tous;Hommes et Femmes;1162.0;152.1;157.1;30;76
2022;Occitanie;Haute-Garonne;00-17 ans;Hommes;59.0;38.1;;31;76
2022;Occitanie;Haute-Garonne;45-64 ans;Hommes;98.0;56.6;;31;76
2022;Occitanie;Haute-Garonne;25-44 ans;Femmes;179.0;88.7;;31;76
2022;Occitanie;Haute-Garonne;65 ans et plus;Femmes;83.0;58.3;;31;76
2022;Occitanie;Haute-Garonne;00-17 ans;Hommes et Femmes;298.0;98.0;;31;76
2022;Occitanie;Haute-Garonne;18-24 ans;Hommes et Femmes;242.0;163.8;;31;76
2022;Occitanie;Haute-Garonne;65 ans et plus;Hommes et Femmes;142.0;56.8;;31;76
2022;Occitanie;Gers;00-17 ans;Hommes;8.0;44.8;;32;76
2022;Occitanie;Gers;45-64 ans;Hommes;26.0;95.8;;32;76
2022;Occitanie;Gers;18-24 ans;Femmes;11.0;217.8;;32;76
2022;Occitanie;Gers;25-44 ans;Femmes;39.0;208.9;;32;76
2022;Occitanie;Gers;65 ans et plus;Femmes;24.0;79.8;;32;76
2022;Nouvelle Aquitaine;Gironde;18-24 ans;Hommes;166.0;221.9;;33;75
2022;Nouvelle Aquitaine;Gironde;25-44 ans;Hommes;368.0;174.8;;33;75
2022;Nouvelle Aquitaine;Gironde;45-64 ans;Hommes;278.0;136.1;;33;75
2022;Nouvelle Aquitaine;Gironde;00-17 ans;Femmes;667.0;401.5;;33;75
2022;Nouvelle Aquitaine;Gironde;18-24 ans;Femmes;400.0;534.8;;33;75
2022;Nouvelle Aquitaine;Gironde;Tous;Femmes;1974.0;226.6;224.3;33;75
2022;Nouvelle Aquitaine;Gironde;00-17 ans;Hommes et Femmes;751.0;222.3;;33;75
2022;Nouvelle Aquitaine;Gironde;18-24 ans;Hommes et Femmes;566.0;378.4;;33;75
2022;Nouvelle Aquitaine;Gironde;25-44 ans;Hommes et Femmes;754.0;175.0;;33;75
2022;Nouvelle Aquitaine;Gironde;65 ans et plus;Hommes et Femmes;256.0;76.5;;33;75
2022;Occitanie;Hérault;00-17 ans;Hommes;16.0;12.9;;34;76
2022;Occitanie;Hérault;18-24 ans;Hommes;64.0;120.0;;34;76
2022;Occitanie;Hérault;45-64 ans;Hommes;127.0;88.5;;34;76
2022;Occitanie;Hérault;65 ans et plus;Hommes;53.0;44.8;;34;76
2022;Occitanie;Hérault;00-17 ans;Femmes;172.0;145.6;;34;76
2022;Occitanie;Hérault;45-64 ans;Femmes;224.0;142.4;;34;76
2022;Occitanie;Hérault;65 ans et plus;Femmes;109.0;70.2;;34;76
2022;Occitanie;Hérault;00-17 ans;Hommes et Femmes;188.0;77.7;;34;76
2022;Occitanie;Hérault;18-24 ans;Hommes et Femmes;239.0;218.3;;34;76
2022;Occitanie;Hérault;25-44 ans;Hommes et Femmes;314.0;107.6;;34;76
2022;Occitanie;Hérault;65 ans et plus;Hommes et Femmes;162.0;59.3;;34;76
2022;Occitanie;Hérault;Tous;Hommes et Femmes;1254.0;103.0;101.9;34;76
2022;Bretagne;Ille-et-Vilaine;18-24 ans;Hommes;78.0;147.5;;35;53
2022;Bretagne;Ille-et-Vilaine;65 ans et plus;Hommes;68.0;76.8;;35;53
2022;Bretagne;Ille-et-Vilaine;Tous;Hommes;574.0;105.9;105.0;35;53
2022;Bretagne;Ille-et-Vilaine;00-17 ans;Femmes;192.0;160.6;;35;53
2022;Bretagne;Ille-et-Vilaine;18-24 ans;Hommes et Femmes;271.0;257.7;;35;53
2022;Bretagne;Ille-et-Vilaine;45-64 ans;Hommes et Femmes;407.0;149.2;;35;53
2022;Bretagne;Ille-et-Vilaine;Tous;Hommes et Femmes;1542.0;139.0;136.5;35;53
2022;Centre-Val de Loire;Indre;18-24 ans;Hommes;17.0;240.8;;36;24
2022;Centre-Val de Loire;Indre;25-44 ans;Hommes;27.0;131.8;;36;24
2022;Centre-Val de Loire;Indre;25-44 ans;Femmes;32.0;153.5;;36;24
2022;Centre-Val de Loire;Indre;65 ans et plus;Femmes;24.0;67.9;;36;24
2022;Centre-Val de Loire;Indre;00-17 ans;Hommes et Femmes;28.0;72.5;;36;24
2022;Centre-Val de Loire;Indre;65 ans et plus;Hommes et Femmes;48.0;76.3;;36;24
2022;Centre-Val de Loire;Indre-et-Loire;00-17 ans;Hommes;23.0;36.1;;37;24
2022;Centre-Val de Loire;Indre-et-Loire;18-24 ans;Hommes;53.0;202.4;;37;24
2022;Centre-Val de Loire;Indre-et-Loire;45-64 ans;Hommes;77.0;101.3;;37;24
2022;Centre-Val de Loire;Indre-et-Loire;18-24 ans;Hommes et Femmes;200.0;374.5;;37;24
2022;Auvergne et Rhône-Alpes;Isère;25-44 ans;Hommes;205.0;131.1;;38;84
2022;Auvergne et Rhône-Alpes;Isère;45-64 ans;Hommes;201.0;122.9;;38;84
2022;Auvergne et Rhône-Alpes;Isère;Tous;Femmes;1056.0;160.7;158.2;38;84
2022;Auvergne et Rhône-Alpes;Isère;18-24 ans;Hommes et Femmes;285.0;257.4;;38;84
2022;Auvergne et Rhône-Alpes;Isère;25-44 ans;Hommes et Femmes;421.0;133.5;;38;84
2022;Auvergne et Rhône-Alpes;Isère;Tous;Hommes et Femmes;1659.0;128.5;127.5;38;84
2022;Bourgogne et Franche-Comté;Jura;45-64 ans;Hommes;55.0;158.2;;39;27
2022;Bourgogne et Franche-Comté;Jura;Tous;Hommes;167.0;131.9;136.5;39;27
2022;Bourgogne et Franche-Comté;Jura;00-17 ans;Femmes;82.0;325.0;;39;27
2022;Bourgogne et Franche-Comté;Jura;45-64 ans;Femmes;66.0;185.3;;39;27
2022;Nouvelle Aquitaine;Landes;18-24 ans;Hommes;11.0;82.5;;40;75
2022;Nouvelle Aquitaine;Landes;65 ans et plus;Femmes;46.0;72.7;;40;75
2022;Nouvelle Aquitaine;Landes;Tous;Femmes;333.0;150.9;162.3;40;75
2022;Nouvelle Aquitaine;Landes;18-24 ans;Hommes et Femmes;52.0;209.2;;40;75
2022;Nouvelle Aquitaine;Landes;25-44 ans;Hommes et Femmes;133.0;146.5;;40;75
2022;Nouvelle Aquitaine;Landes;65 ans et plus;Hommes et Femmes;63.0;55.7;;40;75
2022;Centre-Val de Loire;Loir-et-Cher;18-24 ans;Hommes;14.0;124.3;;41;24
2022;Centre-Val de Loire;Loir-et-Cher;45-64 ans;Hommes;38.0;87.1;;41;24
2022;Centre-Val de Loire;Loir-et-Cher;45-64 ans;Hommes et Femmes;95.0;106.8;;41;24
2022;Centre-Val de Loire;Loir-et-Cher;65 ans et plus;Hommes et Femmes;62.0;72.6;;41;24
2022;Auvergne et Rhône-Alpes;Loire;25-44 ans;Hommes;170.0;199.8;;42;84
2022;Auvergne et Rhône-Alpes;Loire;25-44 ans;Femmes;173.0;198.5;;42;84
2022;Auvergne et Rhône-Alpes;Loire;65 ans et plus;Femmes;71.0;69.8;;42;84
2022;Auvergne et Rhône-Alpes;Loire;00-17 ans;Hommes et Femmes;170.0;101.8;;42;84
2022;Auvergne et Rhône-Alpes;Loire;25-44 ans;Hommes et Femmes;343.0;199.1;;42;84
2022;Auvergne et Rhône-Alpes;Haute-Loire;18-24 ans;Hommes;28.0;348.7;;43;84
2022;Auvergne et Rhône-Alpes;Haute-Loire;45-64 ans;Hommes;55.0;173.3;;43;84
2022;Auvergne et Rhône-Alpes;Haute-Loire;Tous;Hommes;147.0;130.7;136.5;43;84
2022;Auvergne et Rhône-Alpes;Haute-Loire;18-24 ans;Femmes;46.0;671.7;;43;84
2022;Auvergne et Rhône-Alpes;Haute-Loire;25-44 ans;Femmes;49.0;209.4;;43;84
2022;Auvergne et Rhône-Alpes;Haute-Loire;65 ans et plus;Femmes;34.0;105.9;;43;84
2022;Auvergne et Rhône-Alpes;Haute-Loire;Tous;Femmes;267.0;230.8;244.4;43;84
2022;Auvergne et Rhône-Alpes;Haute-Loire;18-24 ans;Hommes et Femmes;74.0;497.4;;43;84
2022;Auvergne et Rhône-Alpes;Haute-Loire;45-64 ans;Hommes et Femmes;129.0;203.6;;43;84
2022;Pays de la Loire;Loire-Atlantique;25-44 ans;Hommes;203.0;107.6;;44;52
2022;Pays de la Loire;Loire-Atlantique;45-64 ans;Hommes;187.0;104.9;;44;52
2022;Pays de la Loire;Loire-Atlantique;65 ans et plus;Hommes;48.0;40.2;;44;52
2022;Pays de la Loire;Loire-Atlantique;00-17 ans;Femmes;363.0;230.0;;44;52
2022;Pays de la Loire;Loire-Atlantique;45-64 ans;Femmes;219.0;118.6;;44;52
2022;Pays de la Loire;Loire-Atlantique;25-44 ans;Hommes et Femmes;433.0;114.8;;44;52
2022;Pays de la Loire;Loire-Atlantique;45-64 ans;Hommes et Femmes;406.0;111.9;;44;52
2022;Centre-Val de Loire;Loiret;18-24 ans;Hommes;41.0;143.8;;45;24
2022;Centre-Val de Loire;Loiret;45-64 ans;Hommes;73.0;85.5;;45;24
2022;Centre-Val de Loire;Loiret;Tous;Hommes;259.0;77.3;78.6;45;24
2022;Occitanie;Lot;00-17 ans;Hommes;6.0;40.3;;46;76
2022;Occitanie;Lot;45-64 ans;Hommes;37.0;152.5;;46;76
2022;Occitanie;Lot;65 ans et plus;Hommes;24.0;96.2;;46;76
2022;Occitanie;Lot;Tous;Hommes;116.0;135.9;143.5;46;76
2022;Occitanie;Lot;18-24 ans;Femmes;22.0;513.3;;46;76
2022;Occitanie;Lot;00-17 ans;Hommes et Femmes;34.0;117.5;;46;76
2022;Occitanie;Lot;25-44 ans;Hommes et Femmes;80.0;245.9;;46;76
2022;Nouvelle Aquitaine;Lot-et-Garonne;45-64 ans;Hommes;39.0;90.7;;47;75
2022;Nouvelle Aquitaine;Lot-et-Garonne;25-44 ans;Femmes;56.0;160.9;;47;75
2022;Nouvelle Aquitaine;Lot-et-Garonne;Tous;Femmes;307.0;178.5;189.9;47;75
2022;Nouvelle Aquitaine;Lot-et-Garonne;00-17 ans;Hommes et Femmes;99.0;155.9;;47;75
2022;Nouvelle Aquitaine;Lot-et-Garonne;25-44 ans;Hommes et Femmes;115.0;168.4;;47;75
2022;Nouvelle Aquitaine;Lot-et-Garonne;Tous;Hommes et Femmes;468.0;140.9;149.5;47;75
2022;Occitanie;Lozère;00-17 ans;Hommes;2.5;34.7;;48;76
2022;Occitanie;Lozère;25-44 ans;Hommes;18.0;229.5;;48;76
2022;Occitanie;Lozère;65 ans et plus;Hommes;5.0;53.2;;48;76
2022;Occitanie;Lozère;25-44 ans;Femmes;16.0;206.2;;48;76
2022;Occitanie;Lozère;65 ans et plus;Femmes;2.5;22.8;;48;76
2022;Occitanie;Lozère;Tous;Femmes;51.5;134.6;149.9;48;76
2022;Occitanie;Lozère;00-17 ans;Hommes et Femmes;8.5;60.2;;48;76
2022;Occitanie;Lozère;18-24 ans;Hommes et Femmes;11.5;228.9;;48;76
2022;Occitanie;Lozère;45-64 ans;Hommes et Femmes;31.0;144.8;;48;76
2022;Occitanie;Lozère;65 ans et plus;Hommes et Femmes;7.5;36.8;;48;76
2022;Occitanie;Lozère;Tous;Hommes et Femmes;93.5;122.2;133.1;48;76
2022;Pays de la Loire;Maine-et-Loire;00-17 ans;Hommes;31.0;33.0;;49;52
2022;Pays de la Loire;Maine-et-Loire;45-64 ans;Hommes;93.0;91.6;;49;52
2022;Pays de la Loire;Maine-et-Loire;18-24 ans;Femmes;100.0;271.0;;49;52
2022;Pays de la Loire;Maine-et-Loire;25-44 ans;Femmes;96.0;99.5;;49;52
2022;Pays de la Loire;Maine-et-Loire;Tous;Femmes;628.0;147.6;143.8;49;52
2022;Pays de la Loire;Maine-et-Loire;25-44 ans;Hommes et Femmes;217.0;113.4;;49;52
2022;Normandie;Manche;00-17 ans;Hommes;31.0;62.8;;50;28
2022;Normandie;Manche;18-24 ans;Hommes;45.0;263.0;;50;28
2022;Normandie;Manche;25-44 ans;Femmes;132.0;256.1;;50;28
2022;Grand Est;Marne;00-17 ans;Femmes;168.0;290.3;;51;44
2022;Grand Est;Marne;18-24 ans;Femmes;92.0;365.4;;51;44
2022;Grand Est;Marne;45-64 ans;Femmes;139.0;191.4;;51;44
2022;Grand Est;Marne;65 ans et plus;Femmes;55.0;81.3;;51;44
2022;Grand Est;Marne;Tous;Femmes;581.0;199.0;197.5;51;44
2022;Grand Est;Marne;00-17 ans;Hommes et Femmes;193.0;164.4;;51;44
2022;Grand Est;Haute-Marne;18-24 ans;Hommes;28.0;425.8;;52;44
2022;Grand Est;Haute-Marne;65 ans et plus;Hommes;11.0;56.1;;52;44
2022;Grand Est;Haute-Marne;00-17 ans;Hommes et Femmes;26.0;81.8;;52;44
2022;Grand Est;Haute-Marne;65 ans et plus;Hommes et Femmes;45.0;100.8;;52;44
2022;Pays de la Loire;Mayenne;00-17 ans;Hommes;19.0;55.6;;53;52
2022;Pays de la Loire;Mayenne;18-24 ans;Hommes;28.0;231.3;;53;52
2022;Pays de la Loire;Mayenne;25-44 ans;Hommes;73.0;220.0;;53;52
2022;Pays de la Loire;Mayenne;45-64 ans;Hommes;49.0;121.6;;53;52
2022;Pays de la Loire;Mayenne;Tous;Hommes;191.0;126.6;130.9;53;52
2022;Pays de la Loire;Mayenne;25-44 ans;Femmes;47.0;144.1;;53;52
2022;Pays de la Loire;Mayenne;45-64 ans;Hommes et Femmes;125.0;156.4;;53;52
2022;Grand Est;Meurthe-et-Moselle;25-44 ans;Hommes;159.0;175.8;;54;44
2022;Grand Est;Meurthe-et-Moselle;45-64 ans;Hommes;115.0;127.7;;54;44
2022;Grand Est;Meurthe-et-Moselle;Tous;Hommes;382.0;107.3;105.3;54;44
2022;Grand Est;Meurthe-et-Moselle;45-64 ans;Femmes;122.0;130.2;;54;44
2022;Grand Est;Meurthe-et-Moselle;65 ans et plus;Femmes;60.0;70.2;;54;44
2022;Grand Est;Meurthe-et-Moselle;Tous;Femmes;454.0;120.5;118.9;54;44
2022;Grand Est;Meurthe-et-Moselle;00-17 ans;Hommes et Femmes;130.0;87.0;;54;44
2022;Grand Est;Meurthe-et-Moselle;45-64 ans;Hommes et Femmes;237.0;129.0;;54;44
2022;Grand Est;Meurthe-et-Moselle;65 ans et plus;Hommes et Femmes;97.0;65.3;;54;44
2022;Grand Est;Meuse;00-17 ans;Hommes;6.0;32.4;;55;44
2022;Grand Est;Meuse;18-24 ans;Hommes;23.0;330.8;;55;44
2022;Grand Est;Meuse;18-24 ans;Femmes;24.0;444.9;;55;44
2022;Grand Est;Meuse;25-44 ans;Femmes;33.0;172.8;;55;44
2022;Grand Est;Meuse;Tous;Femmes;174.0;190.9;198.9;55;44
2022;Bretagne;Morbihan;18-24 ans;Femmes;120.0;505.7;;56;53
2022;Bretagne;Morbihan;25-44 ans;Femmes;177.0;220.2;;56;53
2022;Bretagne;Morbihan;Tous;Femmes;850.0;212.8;226.5;56;53
2022;Bretagne;Morbihan;00-17 ans;Hommes et Femmes;257.0;170.9;;56;53
2022;Bretagne;Morbihan;18-24 ans;Hommes et Femmes;178.0;344.7;;56;53
2022;Bretagne;Morbihan;Tous;Hommes et Femmes;1327.0;171.0;181.0;56;53
2022;Grand Est;Moselle;45-64 ans;Hommes;129.0;92.4;;57;44
2022;Grand Est;Moselle;Tous;Hommes;381.0;74.1;73.1;57;44
2022;Grand Est;Moselle;00-17 ans;Femmes;162.0;158.7;;57;44
2022;Grand Est;Moselle;18-24 ans;Femmes;112.0;304.3;;57;44
2022;Grand Est;Moselle;25-44 ans;Femmes;140.0;108.0;;57;44
2022;Grand Est;Moselle;00-17 ans;Hommes et Femmes;194.0;92.5;;57;44
2022;Grand Est;Moselle;25-44 ans;Hommes et Femmes;274.0;105.2;;57;44
2022;Grand Est;Moselle;45-64 ans;Hommes et Femmes;281.0;99.0;;57;44
2022;Bourgogne et Franche-Comté;Nièvre;00-17 ans;Hommes;11.0;61.9;;58;27
2022;Bourgogne et Franche-Comté;Nièvre;18-24 ans;Hommes;9.0;132.1;;58;27
2022;Bourgogne et Franche-Comté;Nièvre;25-44 ans;Hommes;38.0;199.0;;58;27
2022;Bourgogne et Franche-Comté;Nièvre;45-64 ans;Hommes;37.0;136.0;;58;27
2022;Bourgogne et Franche-Comté;Nièvre;Tous;Hommes;105.0;107.7;116.0;58;27
2022;Bourgogne et Franche-Comté;Nièvre;25-44 ans;Femmes;34.0;176.8;;58;27
2022;Bourgogne et Franche-Comté;Nièvre;Tous;Femmes;229.0;218.4;246.9;58;27
2022;Bourgogne et Franche-Comté;Nièvre;65 ans et plus;Hommes et Femmes;32.0;52.0;;58;27
2022;Hauts-de-France;Nord;25-44 ans;Hommes;1060.0;325.1;;59;32
2022;Hauts-de-France;Nord;00-17 ans;Femmes;929.0;319.9;;59;32
2022;Hauts-de-France;Nord;25-44 ans;Femmes;966.0;288.7;;59;32
2022;Hauts-de-France;Nord;65 ans et plus;Femmes;309.0;111.3;;59;32
2022;Hauts-de-France;Nord;Tous;Femmes;4017.0;296.7;285.5;59;32
2022;Hauts-de-France;Nord;00-17 ans;Hommes et Femmes;1112.0;186.9;;59;32
2022;Hauts-de-France;Nord;18-24 ans;Hommes et Femmes;1232.0;490.3;;59;32
2022;Hauts-de-France;Nord;Tous;Hommes et Femmes;6636.0;253.6;246.2;59;32
2022;Hauts-de-France;Oise;65 ans et plus;Hommes;51.0;77.5;;60;32
2022;Hauts-de-France;Oise;45-64 ans;Femmes;173.0;158.6;;60;32
2022;Normandie;Orne;18-24 ans;Hommes;35.0;357.9;;61;28
2022;Normandie;Orne;25-44 ans;Hommes;70.0;253.5;;61;28
2022;Normandie;Orne;65 ans et plus;Hommes;31.0;94.0;;61;28
2022;Normandie;Orne;00-17 ans;Hommes et Femmes;104.0;195.5;;61;28
2022;Hauts-de-France;Pas-de-Calais;00-17 ans;Hommes;97.0;57.6;;62;32
2022;Hauts-de-France;Pas-de-Calais;18-24 ans;Hommes;155.0;255.1;;62;32
2022;Hauts-de-France;Pas-de-Calais;25-44 ans;Hommes;434.0;253.5;;62;32
2022;Hauts-de-France;Pas-de-Calais;65 ans et plus;Hommes;105.0;86.2;;62;32
2022;Hauts-de-France;Pas-de-Calais;18-24 ans;Femmes;301.0;534.4;;62;32
2022;Hauts-de-France;Pas-de-Calais;25-44 ans;Femmes;408.0;235.5;;62;32
2022;Hauts-de-France;Pas-de-Calais;65 ans et plus;Femmes;179.0;104.6;;62;32
2022;Hauts-de-France;Pas-de-Calais;25-44 ans;Hommes et Femmes;842.0;244.4;;62;32
2022;Auvergne et Rhône-Alpes;Puy-de-Dôme;45-64 ans;Hommes;140.0;165.7;;63;84
2022;Auvergne et Rhône-Alpes;Puy-de-Dôme;65 ans et plus;Hommes;48.0;74.1;;63;84
2022;Auvergne et Rhône-Alpes;Puy-de-Dôme;18-24 ans;Femmes;138.0;477.7;;63;84
2022;Auvergne et Rhône-Alpes;Puy-de-Dôme;25-44 ans;Femmes;168.0;216.8;;63;84
2022;Auvergne et Rhône-Alpes;Puy-de-Dôme;18-24 ans;Hommes et Femmes;213.0;363.3;;63;84
2022;Auvergne et Rhône-Alpes;Puy-de-Dôme;25-44 ans;Hommes et Femmes;340.0;219.7;;63;84
2022;Auvergne et Rhône-Alpes;Puy-de-Dôme;Tous;Hommes et Femmes;1112.0;167.4;166.9;63;84
2022;Nouvelle Aquitaine;Pyrénées-Atlantiques;00-17 ans;Hommes et Femmes;54.0;42.0;;64;75
2022;Nouvelle Aquitaine;Pyrénées-Atlantiques;Tous;Hommes et Femmes;304.0;43.5;44.8;64;75
2022;Occitanie;Hautes-Pyrénées;25-44 ans;Hommes;20.0;85.0;;65;76
2022;Occitanie;Hautes-Pyrénées;00-17 ans;Femmes;52.0;268.2;;65;76
2022;Occitanie;Hautes-Pyrénées;18-24 ans;Femmes;33.0;456.1;;65;76
2022;Occitanie;Hautes-Pyrénées;25-44 ans;Femmes;35.0;147.6;;65;76
2022;Occitanie;Hautes-Pyrénées;25-44 ans;Hommes et Femmes;55.0;116.4;;65;76
2022;Occitanie;Hautes-Pyrénées;Tous;Hommes et Femmes;279.0;120.5;129.1;65;76
2022;Occitanie;Pyrénées-Orientales;18-24 ans;Hommes;22.0;129.7;;66;76
2022;Occitanie;Pyrénées-Orientales;00-17 ans;Femmes;123.0;265.3;;66;76
2022;Occitanie;Pyrénées-Orientales;18-24 ans;Femmes;42.0;263.5;;66;76
2022;Occitanie;Pyrénées-Orientales;18-24 ans;Hommes et Femmes;64.0;194.5;;66;76
2022;Grand Est;Bas-Rhin;65 ans et plus;Hommes;50.0;50.4;;67;44
2022;Grand Est;Bas-Rhin;18-24 ans;Femmes;203.0;391.3;;67;44
2022;Grand Est;Bas-Rhin;65 ans et plus;Femmes;76.0;60.3;;67;44
2022;Grand Est;Bas-Rhin;00-17 ans;Hommes et Femmes;311.0;133.8;;67;44
2022;Grand Est;Bas-Rhin;25-44 ans;Hommes et Femmes;392.0;133.9;;67;44
2022;Grand Est;Bas-Rhin;Tous;Hommes et Femmes;1444.0;124.8;122.4;67;44
2022;Grand Est;Haut-Rhin;00-17 ans;Hommes;31.0;38.3;;68;44
2022;Grand Est;Haut-Rhin;25-44 ans;Femmes;84.0;91.5;;68;44
2022;Grand Est;Haut-Rhin;Tous;Femmes;473.0;121.1;123.5;68;44
2022;Grand Est;Haut-Rhin;00-17 ans;Hommes et Femmes;192.0;122.4;;68;44
2022;Grand Est;Haut-Rhin;18-24 ans;Hommes et Femmes;103.0;185.3;;68;44
2022;Auvergne et Rhône-Alpes;Rhône;00-17 ans;Hommes;45.0;20.8;;69;84
2022;Auvergne et Rhône-Alpes;Rhône;18-24 ans;Hommes;112.0;118.7;;69;84
2022;Auvergne et Rhône-Alpes;Rhône;65 ans et plus;Hommes;83.0;58.9;;69;84
2022;Auvergne et Rhône-Alpes;Rhône;25-44 ans;Hommes et Femmes;434.0;83.9;;69;84
2022;Bourgogne et Franche-Comté;Haute-Saône;00-17 ans;Hommes;12.0;49.1;;70;27
2022;Bourgogne et Franche-Comté;Haute-Saône;00-17 ans;Femmes;52.0;227.6;;70;27
2022;Bourgogne et Franche-Comté;Haute-Saône;25-44 ans;Hommes et Femmes;79.0;159.6;;70;27
2022;Bourgogne et Franche-Comté;Haute-Saône;45-64 ans;Hommes et Femmes;117.0;179.8;;70;27
2022;Bourgogne et Franche-Comté;Haute-Saône;65 ans et plus;Hommes et Femmes;34.0;59.6;;70;27
2022;Bourgogne et Franche-Comté;Saône-et-Loire;25-44 ans;Hommes;117.0;208.4;;71;27
2022;Bourgogne et Franche-Comté;Saône-et-Loire;65 ans et plus;Hommes;36.0;55.7;;71;27
2022;Bourgogne et Franche-Comté;Saône-et-Loire;00-17 ans;Femmes;209.0;411.4;;71;27
2022;Bourgogne et Franche-Comté;Saône-et-Loire;18-24 ans;Femmes;95.0;601.7;;71;27
2022;Bourgogne et Franche-Comté;Saône-et-Loire;45-64 ans;Femmes;157.0;207.5;;71;27
2022;Bourgogne et Franche-Comté;Saône-et-Loire;65 ans et plus;Femmes;76.0;91.4;;71;27
2022;Bourgogne et Franche-Comté;Saône-et-Loire;18-24 ans;Hommes et Femmes;132.0;377.5;;71;27
2022;Bourgogne et Franche-Comté;Saône-et-Loire;45-64 ans;Hommes et Femmes;261.0;175.1;;71;27
2022;Pays de la Loire;Sarthe;65 ans et plus;Hommes;34.0;59.8;;72;52
2022;Pays de la Loire;Sarthe;Tous;Hommes;199.0;72.1;73.7;72;52
2022;Pays de la Loire;Sarthe;00-17 ans;Femmes;158.0;268.4;;72;52
2022;Pays de la Loire;Sarthe;18-24 ans;Femmes;34.0;161.7;;72;52
2022;Pays de la Loire;Sarthe;Tous;Femmes;360.0;124.1;124.4;72;52
2022;Pays de la Loire;Sarthe;45-64 ans;Hommes et Femmes;120.0;81.3;;72;52
2022;Pays de la Loire;Sarthe;Tous;Hommes et Femmes;559.0;98.7;99.8;72;52
2022;Auvergne et Rhône-Alpes;Savoie;00-17 ans;Hommes;20.0;42.5;;73;84
2022;Auvergne et Rhône-Alpes;Savoie;18-24 ans;Hommes;21.0;121.2;;73;84
2022;Auvergne et Rhône-Alpes;Savoie;18-24 ans;Femmes;66.0;438.1;;73;84
2022;Auvergne et Rhône-Alpes;Savoie;25-44 ans;Femmes;83.0;155.8;;73;84
2022;Auvergne et Rhône-Alpes;Savoie;45-64 ans;Femmes;69.0;115.3;;73;84
2022;Auvergne et Rhône-Alpes;Savoie;65 ans et plus;Femmes;28.0;51.7;;73;84
2022;Auvergne et Rhône-Alpes;Savoie;00-17 ans;Hommes et Femmes;185.0;202.5;;73;84
2022;Auvergne et Rhône-Alpes;Savoie;25-44 ans;Hommes et Femmes;144.0;135.3;;73;84
2022;Auvergne et Rhône-Alpes;Savoie;Tous;Hommes et Femmes;613.0;137.7;140.6;73;84
2022;Auvergne et Rhône-Alpes;Haute-Savoie;00-17 ans;Hommes;31.0;32.0;;74;84
2022;Auvergne et Rhône-Alpes;Haute-Savoie;18-24 ans;Hommes;51.0;167.3;;74;84
2022;Auvergne et Rhône-Alpes;Haute-Savoie;Tous;Femmes;694.0;160.8;160.2;74;84
2022;Auvergne et Rhône-Alpes;Haute-Savoie;45-64 ans;Hommes et Femmes;233.0;106.1;;74;84
2022;Île-de-France;Paris;25-44 ans;Hommes;165.0;50.8;;75;11
2022;Île-de-France;Paris;45-64 ans;Hommes;116.0;47.8;;75;11
2022;Île-de-France;Paris;65 ans et plus;Hommes;62.0;39.6;;75;11
2022;Île-de-France;Paris;00-17 ans;Femmes;279.0;167.4;;75;11
2022;Île-de-France;Paris;45-64 ans;Femmes;123.0;47.3;;75;11
2022;Île-de-France;Paris;65 ans et plus;Hommes et Femmes;144.0;38.0;;75;11
2022;Normandie;Seine-Maritime;00-17 ans;Hommes;88.0;63.8;;76;28
2022;Normandie;Seine-Maritime;18-24 ans;Hommes;92.0;163.9;;76;28
2022;Normandie;Seine-Maritime;25-44 ans;Hommes;287.0;195.0;;76;28
2022;Normandie;Seine-Maritime;45-64 ans;Hommes;254.0;166.5;;76;28
2022;Normandie;Seine-Maritime;45-64 ans;Femmes;361.0;221.7;;76;28
2022;Normandie;Seine-Maritime;65 ans et plus;Femmes;135.0;87.7;;76;28
2022;Normandie;Seine-Maritime;Tous;Femmes;1587.0;242.6;240.6;76;28
2022;Normandie;Seine-Maritime;25-44 ans;Hommes et Femmes;589.0;197.1;;76;28
2022;Normandie;Seine-Maritime;45-64 ans;Hommes et Femmes;615.0;195.0;;76;28
2022;Île-de-France;Seine-et-Marne;00-17 ans;Hommes;43.0;23.7;;77;11
2022;Île-de-France;Seine-et-Marne;65 ans et plus;Hommes;62.0;63.0;;77;11
2022;Île-de-France;Seine-et-Marne;18-24 ans;Femmes;145.0;236.6;;77;11
2022;Île-de-France;Seine-et-Marne;25-44 ans;Femmes;195.0;98.9;;77;11
2022;Île-de-France;Seine-et-Marne;18-24 ans;Hommes et Femmes;208.0;166.3;;77;11
2022;Île-de-France;Seine-et-Marne;25-44 ans;Hommes et Femmes;347.0;91.3;;77;11
2022;Île-de-France;Seine-et-Marne;45-64 ans;Hommes et Femmes;292.0;79.6;;77;11
2022;Île-de-France;Seine-et-Marne;65 ans et plus;Hommes et Femmes;139.0;61.8;;77;11
2022;Île-de-France;Seine-et-Marne;Tous;Hommes et Femmes;1386.0;95.4;92.6;77;11
2022;Île-de-France;Yvelines;Tous;Femmes;703.0;93.2;89.9;78;11
2022;Île-de-France;Yvelines;45-64 ans;Hommes et Femmes;200.0;52.8;;78;11
2022;Île-de-France;Yvelines;65 ans et plus;Hommes et Femmes;121.0;48.5;;78;11
2022;Nouvelle Aquitaine;Deux-Sèvres;00-17 ans;Hommes;13.0;32.8;;79;75
2022;Nouvelle Aquitaine;Deux-Sèvres;18-24 ans;Hommes;35.0;258.4;;79;75
2022;Nouvelle Aquitaine;Deux-Sèvres;65 ans et plus;Femmes;53.0;104.7;;79;75
2022;Hauts-de-France;Somme;18-24 ans;Hommes;75.0;287.0;;80;32
2022;Hauts-de-France;Somme;45-64 ans;Hommes;235.0;330.5;;80;32
2022;Hauts-de-France;Somme;45-64 ans;Femmes;292.0;396.9;;80;32
2022;Hauts-de-France;Somme;65 ans et plus;Femmes;90.0;132.5;;80;32
2022;Hauts-de-France;Somme;Tous;Hommes et Femmes;1827.0;323.1;320.8;80;32
2022;Occitanie;Tarn;00-17 ans;Hommes;18.0;46.2;;81;76
2022;Occitanie;Tarn;65 ans et plus;Hommes;19.0;41.5;;81;76
2022;Occitanie;Tarn;Tous;Hommes;182.0;95.1;100.2;81;76
2022;Occitanie;Tarn;18-24 ans;Hommes et Femmes;80.0;296.8;;81;76
2022;Occitanie;Tarn;65 ans et plus;Hommes et Femmes;67.0;64.3;;81;76
2022;Occitanie;Tarn;Tous;Hommes et Femmes;537.0;135.5;142.2;81;76
2022;Occitanie;Tarn-et-Garonne;25-44 ans;Hommes;56.0;194.6;;82;76
2022;Occitanie;Tarn-et-Garonne;Tous;Hommes;164.0;126.5;130.6;82;76
2022;Occitanie;Tarn-et-Garonne;00-17 ans;Femmes;67.0;238.4;;82;76
2022;Occitanie;Tarn-et-Garonne;65 ans et plus;Femmes;23.0;68.1;;82;76
2022;Occitanie;Tarn-et-Garonne;18-24 ans;Hommes et Femmes;57.0;330.3;;82;76
2022;Occitanie;Tarn-et-Garonne;45-64 ans;Hommes et Femmes;127.0;180.3;;82;76
2022;Occitanie;Tarn-et-Garonne;Tous;Hommes et Femmes;409.0;154.4;159.3;82;76
2022;Provence-Alpes-Côte d'Azur;Var;18-24 ans;Hommes;32.0;83.7;;83;93
2022;Provence-Alpes-Côte d'Azur;Var;65 ans et plus;Hommes;85.0;64.9;;83;93
2022;Provence-Alpes-Côte d'Azur;Var;00-17 ans;Femmes;279.0;284.6;;83;93
2022;Provence-Alpes-Côte d'Azur;Var;18-24 ans;Femmes;119.0;344.5;;83;93
2022;Provence-Alpes-Côte d'Azur;Var;45-64 ans;Femmes;251.0;164.2;;83;93
2022;Provence-Alpes-Côte d'Azur;Var;65 ans et plus;Femmes;175.0;103.4;;83;93
2022;Provence-Alpes-Côte d'Azur;Var;45-64 ans;Hommes et Femmes;401.0;136.6;;83;93
2022;Provence-Alpes-Côte d'Azur;Vaucluse;00-17 ans;Hommes;13.0;21.2;;84;93
2022;Provence-Alpes-Côte d'Azur;Vaucluse;18-24 ans;Hommes;34.0;168.0;;84;93
2022;Provence-Alpes-Côte d'Azur;Vaucluse;00-17 ans;Femmes;112.0;193.4;;84;93
2022;Provence-Alpes-Côte d'Azur;Vaucluse;Tous;Femmes;451.0;152.5;156.7;84;93
2022;Pays de la Loire;Vendée;00-17 ans;Hommes;68.0;92.7;;85;52
2022;Pays de la Loire;Vendée;25-44 ans;Hommes;137.0;184.3;;85;52
2022;Pays de la Loire;Vendée;45-64 ans;Hommes;133.0;144.2;;85;52
2022;Pays de la Loire;Vendée;Tous;Hommes;453.0;130.9;136.9;85;52
2022;Pays de la Loire;Vendée;00-17 ans;Femmes;218.0;317.2;;85;52
2022;Pays de la Loire;Vendée;00-17 ans;Hommes et Femmes;286.0;201.3;;85;52
2022;Pays de la Loire;Vendée;25-44 ans;Hommes et Femmes;308.0;206.9;;85;52
2022;Pays de la Loire;Vendée;45-64 ans;Hommes et Femmes;313.0;167.6;;85;52
2022;Pays de la Loire;Vendée;65 ans et plus;Hommes et Femmes;143.0;78.1;;85;52
2022;Nouvelle Aquitaine;Vienne;65 ans et plus;Hommes;14.0;31.7;;86;75
2022;Nouvelle Aquitaine;Vienne;18-24 ans;Femmes;64.0;306.1;;86;75
2022;Nouvelle Aquitaine;Vienne;65 ans et plus;Femmes;36.0;63.9;;86;75
2022;Nouvelle Aquitaine;Vienne;00-17 ans;Hommes et Femmes;67.0;76.0;;86;75
2022;Nouvelle Aquitaine;Vienne;Tous;Hommes et Femmes;450.0;102.6;102.3;86;75
2022;Nouvelle Aquitaine;Haute-Vienne;65 ans et plus;Hommes;20.0;48.2;;87;75
2022;Nouvelle Aquitaine;Haute-Vienne;Tous;Hommes;220.0;123.4;127.2;87;75
2022;Nouvelle Aquitaine;Haute-Vienne;18-24 ans;Femmes;61.0;391.9;;87;75
2022;Nouvelle Aquitaine;Haute-Vienne;25-44 ans;Femmes;81.0;200.7;;87;75
2022;Nouvelle Aquitaine;Haute-Vienne;45-64 ans;Femmes;92.0;184.3;;87;75
2022;Nouvelle Aquitaine;Haute-Vienne;45-64 ans;Hommes et Femmes;157.0;161.4;;87;75
2022;Grand Est;Vosges;45-64 ans;Femmes;124.0;247.2;;88;44
2022;Grand Est;Vosges;65 ans et plus;Femmes;41.0;79.5;;88;44
2022;Grand Est;Vosges;Tous;Femmes;484.0;263.5;282.7;88;44
2022;Grand Est;Vosges;25-44 ans;Hommes et Femmes;200.0;265.6;;88;44
2022;Bourgogne et Franche-Comté;Yonne;18-24 ans;Hommes;20.0;179.0;;89;27
2022;Bourgogne et Franche-Comté;Yonne;25-44 ans;Hommes;35.0;100.0;;89;27
2022;Bourgogne et Franche-Comté;Yonne;45-64 ans;Hommes;59.0;132.1;;89;27
2022;Bourgogne et Franche-Comté;Yonne;25-44 ans;Femmes;50.0;141.4;;89;27
2022;Bourgogne et Franche-Comté;Yonne;45-64 ans;Femmes;60.0;130.3;;89;27
2022;Bourgogne et Franche-Comté;Yonne;65 ans et plus;Femmes;33.0;69.9;;89;27
2022;Bourgogne et Franche-Comté;Yonne;Tous;Femmes;242.0;141.6;145.9;89;27
2022;Bourgogne et Franche-Comté;Territoire de Belfort;00-17 ans;Femmes;36.0;250.2;;90;27
2022;Bourgogne et Franche-Comté;Territoire de Belfort;18-24 ans;Femmes;14.0;282.1;;90;27
2022;Bourgogne et Franche-Comté;Territoire de Belfort;25-44 ans;Hommes et Femmes;45.0;135.3;;90;27
2022;Bourgogne et Franche-Comté;Territoire de Belfort;45-64 ans;Hommes et Femmes;51.0;140.8;;90;27
2022;Île-de-France;Essonne;00-17 ans;Hommes;52.0;31.6;;91;11
2022;Île-de-France;Essonne;18-24 ans;Hommes;56.0;89.2;;91;11
2022;Île-de-France;Essonne;25-44 ans;Hommes;114.0;67.5;;91;11
2022;Île-de-France;Essonne;45-64 ans;Hommes;114.0;69.7;;91;11
2022;Île-de-France;Essonne;65 ans et plus;Hommes;37.0;40.9;;91;11
2022;Île-de-France;Essonne;Tous;Hommes;373.0;57.4;56.9;91;11
2022;Île-de-France;Essonne;Tous;Femmes;838.0;124.3;117.1;91;11
2022;Île-de-France;Essonne;25-44 ans;Hommes et Femmes;301.0;87.0;;91;11
2022;Île-de-France;Hauts-de-Seine;25-44 ans;Hommes;133.0;57.4;;92;11
2022;Île-de-France;Hauts-de-Seine;Tous;Hommes;414.0;52.7;52.3;92;11
2022;Île-de-France;Hauts-de-Seine;00-17 ans;Femmes;268.0;153.6;;92;11
2022;Île-de-France;Hauts-de-Seine;18-24 ans;Femmes;135.0;182.9;;92;11
2022;Île-de-France;Hauts-de-Seine;25-44 ans;Femmes;191.0;77.2;;92;11
2022;Île-de-France;Hauts-de-Seine;45-64 ans;Femmes;125.0;58.6;;92;11
2022;Île-de-France;Hauts-de-Seine;Tous;Hommes et Femmes;1221.0;74.1;72.4;92;11
2022;Île-de-France;Seine-Saint-Denis;18-24 ans;Hommes;32.0;39.8;;93;11
2022;Île-de-France;Seine-Saint-Denis;65 ans et plus;Hommes;40.0;40.9;;93;11
2022;Île-de-France;Seine-Saint-Denis;18-24 ans;Femmes;119.0;152.3;;93;11
2022;Île-de-France;Seine-Saint-Denis;25-44 ans;Femmes;143.0;57.8;;93;11
2022;Île-de-France;Seine-Saint-Denis;45-64 ans;Femmes;80.0;40.8;;93;11
2022;Île-de-France;Seine-Saint-Denis;Tous;Femmes;601.0;70.8;65.6;93;11
2022;Île-de-France;Seine-Saint-Denis;00-17 ans;Hommes et Femmes;234.0;54.4;;93;11
2022;Île-de-France;Val-de-Marne;18-24 ans;Hommes;57.0;85.9;;94;11
2022;Île-de-France;Val-de-Marne;65 ans et plus;Hommes;49.0;52.4;;94;11
2022;Île-de-France;Val-de-Marne;Tous;Hommes;355.0;52.0;52.3;94;11
2022;Île-de-France;Val-de-Marne;65 ans et plus;Femmes;62.0;48.2;;94;11
2022;Île-de-France;Val-de-Marne;Tous;Femmes;760.0;103.2;98.7;94;11
2022;Île-de-France;Val-de-Marne;18-24 ans;Hommes et Femmes;211.0;158.6;;94;11
2022;Île-de-France;Val-de-Marne;45-64 ans;Hommes et Femmes;244.0;70.2;;94;11
2022;Île-de-France;Val-d'Oise;00-17 ans;Hommes;48.0;29.0;;95;11
2022;Île-de-France;Val-d'Oise;00-17 ans;Femmes;251.0;159.6;;95;11
2022;Île-de-France;Val-d'Oise;18-24 ans;Femmes;116.0;206.6;;95;11
2022;Île-de-France;Val-d'Oise;25-44 ans;Femmes;124.0;70.1;;95;11
2022;Île-de-France;Val-d'Oise;45-64 ans;Femmes;127.0;80.4;;95;11
2022;Île-de-France;Val-d'Oise;18-24 ans;Hommes et Femmes;155.0;136.2;;95;11
2022;Île-de-France;Val-d'Oise;45-64 ans;Hommes et Femmes;199.0;64.5;;95;11
2022;Île-de-France;Val-d'Oise;Tous;Hommes et Femmes;943.0;74.2;71.5;95;11
2022;Guadeloupe;Guadeloupe;45-64 ans;Hommes;12.0;22.8;;971;01
2022;Guadeloupe;Guadeloupe;Tous;Hommes;53.0;30.2;33.2;971;01
2022;Guadeloupe;Guadeloupe;00-17 ans;Femmes;26.0;66.3;;971;01
2022;Guadeloupe;Guadeloupe;45-64 ans;Femmes;8.0;12.4;;971;01
2022;Guadeloupe;Guadeloupe;25-44 ans;Hommes et Femmes;31.0;41.5;;971;01
2022;Martinique;Martinique;45-64 ans;Hommes;22.0;42.8;;972;02
2022;Martinique;Martinique;65 ans et plus;Hommes;14.0;38.7;;972;02
2022;Martinique;Martinique;18-24 ans;Femmes;9.0;74.9;;972;02
2022;Martinique;Martinique;45-64 ans;Femmes;14.0;22.4;;972;02
2022;Martinique;Martinique;Tous;Hommes et Femmes;160.0;44.3;46.8;972;02
2022;Guyane;Guyane;18-24 ans;Hommes;12.0;82.6;;973;03
2022;Guyane;Guyane;65 ans et plus;Hommes;6.0;65.1;;973;03
2022;Guyane;Guyane;65 ans et plus;Femmes;2.5;24.8;;973;03
2022;Guyane;Guyane;Tous;Femmes;119.5;80.7;67.1;973;03
2022;Guyane;Guyane;45-64 ans;Hommes et Femmes;28.0;51.7;;973;03
2022;Réunion;Réunion;00-17 ans;Hommes;38.0;32.4;;974;04
2022;Réunion;Réunion;65 ans et plus;Hommes;24.0;44.1;;974;04
2022;Réunion;Réunion;45-64 ans;Hommes et Femmes;213.0;89.3;;974;04
2022;Mayotte;Mayotte;18-24 ans;Hommes;2.5;19.7;;976;06
2022;Mayotte;Mayotte;25-44 ans;Hommes;2.5;7.5;;976;06
2022;Mayotte;Mayotte;00-17 ans;Femmes;8.0;10.4;;976;06
2022;Mayotte;Mayotte;65 ans et plus;Femmes;0.0;0.0;;976;06
2022;Mayotte;Mayotte;00-17 ans;Hommes et Femmes;10.5;6.9;;976;06
2022;Mayotte;Mayotte;Tous;Hommes et Femmes;32.0;10.7;10.7;976;06
2022;Saint-Barthélemy;Saint-Barthélemy;00-17 ans;Hommes;0.0;;;977;977
2022;Saint-Barthélemy;Saint-Barthélemy;Tous;Hommes;2.5;;;977;977
2022;Saint-Barthélemy;Saint-Barthélemy;00-17 ans;Femmes;2.5;;;977;977
2022;Grand Est;Aube;18-24 ans;Hommes;19.0;143.6;;10;44
2022;Grand Est;Aube;65 ans et plus;Hommes;18.0;59.7;;10;44
2022;Grand Est;Aube;00-17 ans;Femmes;84.0;260.2;;10;44
2022;Grand Est;Aube;65 ans et plus;Femmes;20.0;50.2;;10;44
2022;Grand Est;Aube;65 ans et plus;Hommes et Femmes;38.0;54.3;;10;44
2022;Grand Est;Aube;Tous;Hommes et Femmes;381.0;122.5;124.6;10;44
2022;Occitanie;Aude;00-17 ans;Hommes;12.0;32.9;;11;76
2022;Occitanie;Aude;Tous;Hommes;147.0;80.8;84.5;11;76
2022;Occitanie;Aude;00-17 ans;Femmes;80.0;232.2;;11;76
2022;Occitanie;Aude;45-64 ans;Femmes;73.0;137.2;;11;76
2022;Occitanie;Aude;00-17 ans;Hommes et Femmes;92.0;129.7;;11;76
2022;Occitanie;Aude;18-24 ans;Hommes et Femmes;54.0;226.8;;11;76
2022;Occitanie;Aude;25-44 ans;Hommes et Femmes;137.0;177.5;;11;76
2022;Occitanie;Aude;45-64 ans;Hommes et Femmes;123.0;119.7;;11;76
2022;Occitanie;Aude;65 ans et plus;Hommes et Femmes;51.0;49.5;;11;76
2022;Occitanie;Aveyron;18-24 ans;Hommes;12.0;129.1;;12;76
2022;Occitanie;Aveyron;45-64 ans;Hommes;31.0;80.1;;12;76
2022;Occitanie;Aveyron;65 ans et plus;Hommes;6.0;17.1;;12;76
2022;Occitanie;Aveyron;00-17 ans;Femmes;43.0;173.8;;12;76
2022;Occitanie;Aveyron;45-64 ans;Femmes;48.0;124.7;;12;76
2022;Occitanie;Aveyron;Tous;Hommes et Femmes;280.0;100.1;111.1;12;76
2022;Provence-Alpes-Côte d'Azur;Bouches-du-Rhône;00-17 ans;Hommes;69.0;31.6;;13;93
2022;Provence-Alpes-Côte d'Azur;Bouches-du-Rhône;25-44 ans;Hommes;207.0;84.6;;13;93
2022;Provence-Alpes-Côte d'Azur;Bouches-du-Rhône;45-64 ans;Hommes;206.0;81.6;;13;93
2022;Provence-Alpes-Côte d'Azur;Bouches-du-Rhône;25-44 ans;Femmes;238.0;91.1;;13;93
2022;Provence-Alpes-Côte d'Azur;Bouches-du-Rhône;45-64 ans;Femmes;252.0;92.4;;13;93
2022;Provence-Alpes-Côte d'Azur;Bouches-du-Rhône;Tous;Femmes;1332.0;123.5;124.1;13;93
2022;Provence-Alpes-Côte d'Azur;Bouches-du-Rhône;00-17 ans;Hommes et Femmes;548.0;128.7;;13;93
2022;Provence-Alpes-Côte d'Azur;Bouches-du-Rhône;18-24 ans;Hommes et Femmes;276.0;159.2;;13;93
2022;Normandie;Calvados;25-44 ans;Hommes;153.0;192.0;;14;28
2022;Normandie;Calvados;45-64 ans;Hommes;110.0;127.2;;14;28
2022;Normandie;Calvados;00-17 ans;Femmes;196.0;283.3;;14;28
2022;Normandie;Calvados;18-24 ans;Femmes;150.0;495.1;;14;28
2022;Normandie;Calvados;45-64 ans;Femmes;153.0;167.4;;14;28
2022;Normandie;Calvados;Tous;Femmes;730.0;199.7;201.1;14;28
2022;Normandie;Calvados;45-64 ans;Hommes et Femmes;263.0;147.9;;14;28
2022;Auvergne et Rhône-Alpes;Cantal;45-64 ans;Hommes;20.0;95.6;;15;84
2022;Auvergne et Rhône-Alpes;Cantal;18-24 ans;Femmes;10.0;254.1;;15;84
2022;Auvergne et Rhône-Alpes;Cantal;45-64 ans;Femmes;17.0;83.2;;15;84
2022;Auvergne et Rhône-Alpes;Cantal;Tous;Femmes;75.0;101.9;116.2;15;84
2022;Auvergne et Rhône-Alpes;Cantal;00-17 ans;Hommes et Femmes;36.0;148.6;;15;84
2022;Auvergne et Rhône-Alpes;Cantal;45-64 ans;Hommes et Femmes;37.0;89.5;;15;84
2022;Nouvelle Aquitaine;Charente;00-17 ans;Hommes;10.0;29.8;;16;75
2022;Nouvelle Aquitaine;Charente;18-24 ans;Hommes;27.0;211.2;;16;75
2022;Nouvelle Aquitaine;Charente;00-17 ans;Femmes;68.0;218.6;;16;75
2022;Nouvelle Aquitaine;Charente;18-24 ans;Femmes;52.0;482.1;;16;75
2022;Nouvelle Aquitaine;Charente;18-24 ans;Hommes et Femmes;79.0;335.2;;16;75
2022;Nouvelle Aquitaine;Charente-Maritime;00-17 ans;Hommes;25.0;41.7;;17;75
2022;Nouvelle Aquitaine;Charente-Maritime;45-64 ans;Hommes;138.0;159.9;;17;75
2022;Nouvelle Aquitaine;Charente-Maritime;00-17 ans;Femmes;168.0;293.3;;17;75
2022;Nouvelle Aquitaine;Charente-Maritime;25-44 ans;Femmes;163.0;240.7;;17;75
2022;Nouvelle Aquitaine;Charente-Maritime;45-64 ans;Femmes;225.0;240.9;;17;75
2022;Nouvelle Aquitaine;Charente-Maritime;00-17 ans;Hommes et Femmes;193.0;164.6;;17;75
2022;Nouvelle Aquitaine;Charente-Maritime;45-64 ans;Hommes et Femmes;363.0;202.0;;17;75
2022;Centre-Val de Loire;Cher;45-64 ans;Hommes;27.0;68.3;;18;24
2022;Centre-Val de Loire;Cher;Tous;Hommes;74.0;50.8;51.9;18;24
2022;Centre-Val de Loire;Cher;25-44 ans;Femmes;26.0;84.0;;18;24
2022;Centre-Val de Loire;Cher;65 ans et plus;Femmes;18.0;40.2;;18;24
2022;Centre-Val de Loire;Cher;00-17 ans;Hommes et Femmes;45.0;78.6;;18;24
2022;Centre-Val de Loire;Cher;25-44 ans;Hommes et Femmes;50.0;80.6;;18;24
2022;Nouvelle Aquitaine;Corrèze;18-24 ans;Hommes;10.0;113.2;;19;75
2022;Nouvelle Aquitaine;Corrèze;45-64 ans;Hommes;34.0;104.7;;19;75
2022;Nouvelle Aquitaine;Corrèze;Tous;Hommes;95.0;81.1;83.0;19;75
2022;Nouvelle Aquitaine;Corrèze;45-64 ans;Femmes;68.0;204.8;;19;75
2022;Nouvelle Aquitaine;Corrèze;00-17 ans;Hommes et Femmes;75.0;179.6;;19;75
2022;Nouvelle Aquitaine;Corrèze;65 ans et plus;Hommes et Femmes;48.0;70.1;;19;75
2022;Nouvelle Aquitaine;Corrèze;Tous;Hommes et Femmes;319.0;132.9;142.2;19;75
2022;Bourgogne et Franche-Comté;Côte-d'Or;65 ans et plus;Hommes;33.0;64.7;;21;27
2022;Bourgogne et Franche-Comté;Côte-d'Or;00-17 ans;Hommes et Femmes;292.0;278.0;;21;27
2022;Bourgogne et Franche-Comté;Côte-d'Or;18-24 ans;Hommes et Femmes;197.0;380.4;;21;27
2022;Bourgogne et Franche-Comté;Côte-d'Or;25-44 ans;Hommes et Femmes;285.0;223.8;;21;27
2022;Bretagne;Côtes-d'Armor;00-17 ans;Hommes;35.0;56.9;;22;53
2022;Bretagne;Côtes-d'Armor;Tous;Hommes;558.0;189.2;200.5;22;53
2022;Bretagne;Côtes-d'Armor;45-64 ans;Hommes et Femmes;471.0;286.3;;22;53
2022;Bretagne;Côtes-d'Armor;Tous;Hommes et Femmes;1488.0;244.1;261.5;22;53
2022;Nouvelle Aquitaine;Creuse;18-24 ans;Hommes;2.5;72.7;;23;75
2022;Nouvelle Aquitaine;Creuse;25-44 ans;Hommes;21.0;194.6;;23;75
2022;Nouvelle Aquitaine;Creuse;45-64 ans;Femmes;25.0;150.1;;23;75
2022;Nouvelle Aquitaine;Creuse;Tous;Femmes;86.0;145.4;161.9;23;75
2022;Nouvelle Aquitaine;Creuse;00-17 ans;Hommes et Femmes;25.5;136.3;;23;75
2022;Nouvelle Aquitaine;Creuse;65 ans et plus;Hommes et Femmes;24.0;66.2;;23;75
2022;Nouvelle Aquitaine;Dordogne;18-24 ans;Hommes;14.0;113.5;;24;75
2022;Nouvelle Aquitaine;Dordogne;45-64 ans;Hommes;90.0;156.9;;24;75
2022;Nouvelle Aquitaine;Dordogne;Tous;Hommes;242.0;120.5;126.9;24;75
2022;Nouvelle Aquitaine;Dordogne;25-44 ans;Femmes;85.0;212.9;;24;75
2022;Nouvelle Aquitaine;Dordogne;25-44 ans;Hommes et Femmes;175.0;221.4;;24;75
2022;Bourgogne et Franche-Comté;Doubs;00-17 ans;Hommes;17.0;27.7;;25;27
2022;Bourgogne et Franche-Comté;Doubs;65 ans et plus;Hommes;30.0;61.5;;25;27
2022;Bourgogne et Franche-Comté;Doubs;00-17 ans;Femmes;123.0;209.8;;25;27
2022;Bourgogne et Franche-Comté;Doubs;00-17 ans;Hommes et Femmes;140.0;116.6;;25;27
2022;Bourgogne et Franche-Comté;Doubs;25-44 ans;Hommes et Femmes;199.0;148.8;;25;27
2022;Auvergne et Rhône-Alpes;Drôme;25-44 ans;Hommes;72.0;123.5;;26;84
2022;Auvergne et Rhône-Alpes;Drôme;45-64 ans;Hommes;58.0;87.5;;26;84
2022;Auvergne et Rhône-Alpes;Drôme;65 ans et plus;Hommes;30.0;57.4;;26;84
2022;Auvergne et Rhône-Alpes;Drôme;Tous;Hommes;207.0;81.8;83.7;26;84
2022;Auvergne et Rhône-Alpes;Drôme;18-24 ans;Femmes;59.0;365.6;;26;84
2022;Auvergne et Rhône-Alpes;Drôme;25-44 ans;Femmes;67.0;110.0;;26;84
2022;Auvergne et Rhône-Alpes;Drôme;18-24 ans;Hommes et Femmes;86.0;245.5;;26;84
2022;Auvergne et Rhône-Alpes;Drôme;65 ans et plus;Hommes et Femmes;75.0;63.0;;26;84
2022;Normandie;Eure;18-24 ans;Hommes;47.0;211.7;;27;28
2022;Normandie;Eure;45-64 ans;Hommes;123.0;155.7;;27;28
2022;Normandie;Eure;00-17 ans;Femmes;157.0;234.4;;27;28
2022;Normandie;Eure;45-64 ans;Femmes;152.0;187.2;;27;28
2022;Normandie;Eure;65 ans et plus;Femmes;70.0;101.1;;27;28
2022;Normandie;Eure;00-17 ans;Hommes et Femmes;183.0;133.7;;27;28
2022;Normandie;Eure;18-24 ans;Hommes et Femmes;134.0;323.5;;27;28
2022;Normandie;Eure;45-64 ans;Hommes et Femmes;275.0;171.7;;27;28
2022;Centre-Val de Loire;Eure-et-Loir;25-44 ans;Hommes;59.0;121.8;;28;24
2022;Centre-Val de Loire;Eure-et-Loir;Tous;Hommes;202.0;95.4;97.5;28;24
2022;Centre-Val de Loire;Eure-et-Loir;18-24 ans;Hommes et Femmes;75.0;255.4;;28;24
2022;Centre-Val de Loire;Eure-et-Loir;45-64 ans;Hommes et Femmes;188.0;164.1;;28;24
2022;Centre-Val de Loire;Eure-et-Loir;Tous;Hommes et Femmes;573.0;132.3;135.0;28;24
2022;Bretagne;Finistère;00-17 ans;Hommes;40.0;43.4;;29;53
2022;Bretagne;Finistère;00-17 ans;Femmes;307.0;352.9;;29;53
2022;Bretagne;Finistère;18-24 ans;Femmes;239.0;723.1;;29;53
2022;Occitanie;Gard;25-44 ans;Hommes;118.0;148.1;;30;76
2022;Occitanie;Gard;00-17 ans;Hommes et Femmes;237.0;153.0;;30;76
2022;Occitanie;Gard;45-64 ans;Hommes et Femmes;301.0;146.9;;30;76
2022;Occitanie;Haute-Garonne;25-44 ans;Hommes;169.0;84.1;;31;76
2022;Occitanie;Haute-Garonne;65 ans et plus;Hommes;59.0;55.0;;31;76
2022;Occitanie;Haute-Garonne;Tous;Hommes;461.0;64.9;62.9;31;76
2022;Occitanie;Haute-Garonne;Tous;Femmes;828.0;111.1;106.8;31;76
2022;Occitanie;Haute-Garonne;25-44 ans;Hommes et Femmes;348.0;86.4;;31;76
2022;Occitanie;Haute-Garonne;45-64 ans;Hommes et Femmes;259.0;73.6;;31;76
2022;Occitanie;Gers;25-44 ans;Hommes;24.0;133.3;;32;76
2022;Occitanie;Gers;Tous;Hommes;86.0;91.5;95.4;32;76
2022;Occitanie;Gers;00-17 ans;Femmes;37.0;223.0;;32;76
2022;Occitanie;Gers;Tous;Femmes;152.0;154.0;166.2;32;76
2022;Occitanie;Gers;25-44 ans;Hommes et Femmes;63.0;171.8;;32;76
2022;Occitanie;Gers;45-64 ans;Hommes et Femmes;67.0;120.9;;32;76
2022;Nouvelle Aquitaine;Gironde;00-17 ans;Hommes;84.0;48.9;;33;75
2022;Nouvelle Aquitaine;Gironde;45-64 ans;Femmes;356.0;163.3;;33;75
2022;Nouvelle Aquitaine;Gironde;65 ans et plus;Femmes;165.0;85.9;;33;75
2022;Occitanie;Hérault;25-44 ans;Hommes;130.0;91.6;;34;76
2022;Occitanie;Hérault;Tous;Hommes;390.0;67.2;67.0;34;76
2022;Occitanie;Hérault;18-24 ans;Femmes;175.0;311.8;;34;76
2022;Occitanie;Hérault;25-44 ans;Femmes;184.0;122.8;;34;76
2022;Occitanie;Hérault;45-64 ans;Hommes et Femmes;351.0;116.7;;34;76
2022;Bretagne;Ille-et-Vilaine;00-17 ans;Hommes;29.0;23.1;;35;53
2022;Bretagne;Ille-et-Vilaine;25-44 ans;Femmes;240.0;170.9;;35;53
2022;Bretagne;Ille-et-Vilaine;65 ans et plus;Femmes;116.0;98.5;;35;53
2022;Bretagne;Ille-et-Vilaine;00-17 ans;Hommes et Femmes;221.0;90.2;;35;53
2022;Bretagne;Ille-et-Vilaine;25-44 ans;Hommes et Femmes;459.0;163.9;;35;53
2022;Centre-Val de Loire;Indre;00-17 ans;Hommes;10.0;50.5;;36;24
2022;Centre-Val de Loire;Indre;45-64 ans;Hommes;38.0;127.7;;36;24
2022;Centre-Val de Loire;Indre;65 ans et plus;Hommes;24.0;87.0;;36;24
2022;Centre-Val de Loire;Indre;45-64 ans;Femmes;47.0;152.8;;36;24
2022;Centre-Val de Loire;Indre;45-64 ans;Hommes et Femmes;85.0;140.5;;36;24
2022;Centre-Val de Loire;Indre-et-Loire;65 ans et plus;Hommes;44.0;73.1;;37;24
2022;Centre-Val de Loire;Indre-et-Loire;18-24 ans;Femmes;147.0;540.0;;37;24
2022;Centre-Val de Loire;Indre-et-Loire;45-64 ans;Femmes;121.0;151.4;;37;24
2022;Centre-Val de Loire;Indre-et-Loire;65 ans et plus;Femmes;65.0;81.7;;37;24
2022;Centre-Val de Loire;Indre-et-Loire;25-44 ans;Hommes et Femmes;244.0;171.4;;37;24
2022;Centre-Val de Loire;Indre-et-Loire;Tous;Hommes et Femmes;946.0;153.5;153.0;37;24
2022;Auvergne et Rhône-Alpes;Isère;65 ans et plus;Hommes;67.0;61.2;;38;84
2022;Auvergne et Rhône-Alpes;Isère;Tous;Hommes;603.0;95.1;94.8;38;84
2022;Auvergne et Rhône-Alpes;Isère;18-24 ans;Femmes;202.0;382.6;;38;84
2022;Auvergne et Rhône-Alpes;Isère;45-64 ans;Femmes;239.0;143.9;;38;84
2022;Auvergne et Rhône-Alpes;Isère;65 ans et plus;Femmes;124.0;88.9;;38;84
2022;Auvergne et Rhône-Alpes;Isère;00-17 ans;Hommes et Femmes;322.0;112.3;;38;84
2022;Auvergne et Rhône-Alpes;Isère;65 ans et plus;Hommes et Femmes;191.0;76.7;;38;84
2022;Bourgogne et Franche-Comté;Jura;00-17 ans;Hommes;13.0;48.8;;39;27
2022;Bourgogne et Franche-Comté;Jura;25-44 ans;Hommes;64.0;228.6;;39;27
2022;Bourgogne et Franche-Comté;Jura;65 ans et plus;Hommes;15.0;53.6;;39;27
2022;Bourgogne et Franche-Comté;Jura;18-24 ans;Femmes;33.0;419.6;;39;27
2022;Bourgogne et Franche-Comté;Jura;Tous;Femmes;271.0;205.6;217.5;39;27
2022;Bourgogne et Franche-Comté;Jura;00-17 ans;Hommes et Femmes;95.0;183.2;;39;27
2022;Bourgogne et Franche-Comté;Jura;18-24 ans;Hommes et Femmes;53.0;310.3;;39;27
2022;Bourgogne et Franche-Comté;Jura;45-64 ans;Hommes et Femmes;121.0;171.9;;39;27
2022;Bourgogne et Franche-Comté;Jura;65 ans et plus;Hommes et Femmes;32.0;50.7;;39;27
2022;Bourgogne et Franche-Comté;Jura;Tous;Hommes et Femmes;438.0;169.5;178.3;39;27
2022;Nouvelle Aquitaine;Landes;18-24 ans;Femmes;41.0;355.6;;40;75
2022;Nouvelle Aquitaine;Landes;25-44 ans;Femmes;79.0;171.5;;40;75
2022;Nouvelle Aquitaine;Landes;45-64 ans;Hommes et Femmes;134.0;111.5;;40;75
2022;Centre-Val de Loire;Loir-et-Cher;65 ans et plus;Hommes;26.0;69.1;;41;24
2022;Centre-Val de Loire;Loir-et-Cher;18-24 ans;Femmes;21.0;213.5;;41;24
2022;Centre-Val de Loire;Loir-et-Cher;25-44 ans;Femmes;30.0;87.0;;41;24
2022;Centre-Val de Loire;Loir-et-Cher;45-64 ans;Femmes;57.0;125.8;;41;24
2022;Centre-Val de Loire;Loir-et-Cher;65 ans et plus;Femmes;36.0;75.4;;41;24
2022;Centre-Val de Loire;Loir-et-Cher;00-17 ans;Hommes et Femmes;139.0;212.4;;41;24
2022;Centre-Val de Loire;Loir-et-Cher;25-44 ans;Hommes et Femmes;64.0;94.0;;41;24
2022;Auvergne et Rhône-Alpes;Loire;65 ans et plus;Hommes;59.0;77.6;;42;84
2022;Auvergne et Rhône-Alpes;Loire;Tous;Hommes;462.0;123.3;126.1;42;84
2022;Auvergne et Rhône-Alpes;Loire;00-17 ans;Femmes;138.0;170.5;;42;84
2022;Auvergne et Rhône-Alpes;Loire;45-64 ans;Femmes;199.0;204.1;;42;84
2022;Auvergne et Rhône-Alpes;Loire;Tous;Femmes;728.0;183.2;186.8;42;84
2022;Auvergne et Rhône-Alpes;Loire;18-24 ans;Hommes et Femmes;212.0;338.1;;42;84
2022;Auvergne et Rhône-Alpes;Loire;Tous;Hommes et Femmes;1190.0;154.1;157.4;42;84
2022;Auvergne et Rhône-Alpes;Haute-Loire;00-17 ans;Hommes;14.0;60.1;;43;84
2022;Auvergne et Rhône-Alpes;Haute-Loire;25-44 ans;Hommes;39.0;164.7;;43;84
2022;Auvergne et Rhône-Alpes;Haute-Loire;00-17 ans;Femmes;64.0;294.6;;43;84
2022;Auvergne et Rhône-Alpes;Haute-Loire;45-64 ans;Femmes;74.0;234.1;;43;84
2022;Auvergne et Rhône-Alpes;Haute-Loire;00-17 ans;Hommes et Femmes;78.0;173.2;;43;84
2022;Auvergne et Rhône-Alpes;Haute-Loire;25-44 ans;Hommes et Femmes;88.0;186.9;;43;84
2022;Auvergne et Rhône-Alpes;Haute-Loire;65 ans et plus;Hommes et Femmes;45.0;77.8;;43;84
2022;Auvergne et Rhône-Alpes;Haute-Loire;Tous;Hommes et Femmes;414.0;181.5;192.1;43;84
2022;Pays de la Loire;Loire-Atlantique;65 ans et plus;Femmes;120.0;74.1;;44;52
2022;Pays de la Loire;Loire-Atlantique;Tous;Femmes;1090.0;144.4;141.9;44;52
2022;Pays de la Loire;Loire-Atlantique;00-17 ans;Hommes et Femmes;427.0;131.5;;44;52
2022;Pays de la Loire;Loire-Atlantique;65 ans et plus;Hommes et Femmes;168.0;59.7;;44;52
2022;Pays de la Loire;Loire-Atlantique;Tous;Hommes et Femmes;1653.0;112.2;110.7;44;52
2022;Centre-Val de Loire;Loiret;65 ans et plus;Hommes;39.0;61.9;;45;24
2022;Centre-Val de Loire;Loiret;00-17 ans;Femmes;110.0;147.0;;45;24
2022;Centre-Val de Loire;Loiret;25-44 ans;Femmes;119.0;145.3;;45;24
2022;Centre-Val de Loire;Loiret;45-64 ans;Femmes;135.0;152.4;;45;24
2022;Centre-Val de Loire;Loiret;65 ans et plus;Femmes;58.0;71.5;;45;24
2022;Centre-Val de Loire;Loiret;Tous;Femmes;492.0;139.8;140.3;45;24
2022;Centre-Val de Loire;Loiret;18-24 ans;Hommes et Femmes;111.0;205.2;;45;24
2022;Centre-Val de Loire;Loiret;25-44 ans;Hommes et Femmes;209.0;130.0;;45;24
2022;Occitanie;Lot;00-17 ans;Femmes;28.0;199.6;;46;76
2022;Occitanie;Lot;65 ans et plus;Hommes et Femmes;44.0;79.8;;46;76
2022;Occitanie;Lot;Tous;Hommes et Femmes;275.0;156.6;175.0;46;76
2022;Nouvelle Aquitaine;Lot-et-Garonne;Tous;Hommes;161.0;100.5;106.5;47;75
2022;Nouvelle Aquitaine;Lot-et-Garonne;00-17 ans;Femmes;85.0;276.0;;47;75
2022;Nouvelle Aquitaine;Lot-et-Garonne;18-24 ans;Femmes;41.0;408.9;;47;75
2022;Nouvelle Aquitaine;Lot-et-Garonne;65 ans et plus;Femmes;44.0;87.2;;47;75
2022;Nouvelle Aquitaine;Lot-et-Garonne;18-24 ans;Hommes et Femmes;64.0;305.9;;47;75
2022;Nouvelle Aquitaine;Lot-et-Garonne;45-64 ans;Hommes et Femmes;120.0;135.0;;47;75
2022;Nouvelle Aquitaine;Lot-et-Garonne;65 ans et plus;Hommes et Femmes;70.0;77.3;;47;75
2022;Occitanie;Lozère;Tous;Hommes;42.0;109.9;115.3;48;76
2022;Occitanie;Lozère;25-44 ans;Hommes et Femmes;34.0;217.9;;48;76
2022;Pays de la Loire;Maine-et-Loire;18-24 ans;Hommes;31.0;82.4;;49;52
2022;Pays de la Loire;Maine-et-Loire;65 ans et plus;Hommes;24.0;32.0;;49;52
2022;Pays de la Loire;Maine-et-Loire;Tous;Hommes;300.0;74.5;75.4;49;52
2022;Pays de la Loire;Maine-et-Loire;45-64 ans;Femmes;115.0;110.6;;49;52
2022;Pays de la Loire;Maine-et-Loire;18-24 ans;Hommes et Femmes;131.0;175.8;;49;52
2022;Pays de la Loire;Maine-et-Loire;45-64 ans;Hommes et Femmes;208.0;101.2;;49;52
2022;Pays de la Loire;Maine-et-Loire;65 ans et plus;Hommes et Femmes;85.0;49.1;;49;52
2022;Normandie;Manche;65 ans et plus;Hommes;47.0;83.2;;50;28
2022;Normandie;Manche;18-24 ans;Femmes;102.0;688.5;;50;28
2022;Normandie;Manche;45-64 ans;Femmes;136.0;200.4;;50;28
2022;Normandie;Manche;65 ans et plus;Femmes;74.0;101.4;;50;28
2022;Normandie;Manche;Tous;Femmes;680.0;267.7;288.9;50;28
2022;Normandie;Manche;00-17 ans;Hommes et Femmes;267.0;277.6;;50;28
2022;Normandie;Manche;25-44 ans;Hommes et Femmes;271.0;259.1;;50;28
2022;Normandie;Manche;45-64 ans;Hommes et Femmes;253.0;187.9;;50;28
2022;Normandie;Manche;65 ans et plus;Hommes et Femmes;121.0;93.5;;50;28
2022;Grand Est;Marne;00-17 ans;Hommes;25.0;42.0;;51;44
2022;Grand Est;Marne;18-24 ans;Hommes;50.0;191.1;;51;44
2022;Grand Est;Marne;65 ans et plus;Hommes;36.0;72.2;;51;44
2022;Grand Est;Marne;Tous;Hommes;326.0;119.8;118.6;51;44
2022;Grand Est;Marne;18-24 ans;Hommes et Femmes;142.0;276.6;;51;44
2022;Grand Est;Marne;25-44 ans;Hommes et Femmes;239.0;175.6;;51;44
2022;Grand Est;Marne;45-64 ans;Hommes et Femmes;242.0;170.9;;51;44
2022;Grand Est;Marne;Tous;Hommes et Femmes;907.0;160.8;159.2;51;44
2022;Grand Est;Haute-Marne;25-44 ans;Hommes;55.0;298.9;;52;44
2022;Grand Est;Haute-Marne;Tous;Hommes;124.0;148.4;154.7;52;44
2022;Grand Est;Haute-Marne;00-17 ans;Femmes;26.0;167.9;;52;44
2022;Grand Est;Haute-Marne;18-24 ans;Femmes;32.0;609.1;;52;44
2022;Grand Est;Haute-Marne;45-64 ans;Femmes;58.0;250.8;;52;44
2022;Grand Est;Haute-Marne;65 ans et plus;Femmes;34.0;135.6;;52;44
2022;Grand Est;Haute-Marne;Tous;Femmes;204.0;236.3;249.7;52;44
2022;Grand Est;Haute-Marne;18-24 ans;Hommes et Femmes;60.0;507.2;;52;44
2022;Grand Est;Haute-Marne;25-44 ans;Hommes et Femmes;109.0;304.6;;52;44
2022;Grand Est;Haute-Marne;Tous;Hommes et Femmes;328.0;193.1;203.6;52;44
2022;Pays de la Loire;Mayenne;65 ans et plus;Hommes;22.0;70.6;;53;52
2022;Pays de la Loire;Mayenne;65 ans et plus;Femmes;27.0;68.6;;53;52
2022;Pays de la Loire;Mayenne;18-24 ans;Hommes et Femmes;77.0;343.6;;53;52
2022;Pays de la Loire;Mayenne;25-44 ans;Hommes et Femmes;120.0;182.4;;53;52
2022;Pays de la Loire;Mayenne;65 ans et plus;Hommes et Femmes;49.0;69.5;;53;52
2022;Pays de la Loire;Mayenne;Tous;Hommes et Femmes;536.0;175.5;179.2;53;52
2022;Grand Est;Meurthe-et-Moselle;00-17 ans;Femmes;108.0;148.6;;54;44
2022;Grand Est;Meurthe-et-Moselle;25-44 ans;Femmes;87.0;96.7;;54;44
2022;Grand Est;Meurthe-et-Moselle;18-24 ans;Hommes et Femmes;126.0;178.4;;54;44
2022;Grand Est;Meurthe-et-Moselle;25-44 ans;Hommes et Femmes;246.0;136.3;;54;44
2022;Grand Est;Meuse;Tous;Hommes;116.0;129.5;134.0;55;44
2022;Grand Est;Meuse;45-64 ans;Femmes;44.0;179.0;;55;44
2022;Grand Est;Meuse;65 ans et plus;Femmes;27.0;109.5;;55;44
2022;Grand Est;Meuse;18-24 ans;Hommes et Femmes;47.0;380.7;;55;44
2022;Grand Est;Meuse;45-64 ans;Hommes et Femmes;80.0;162.3;;55;44
2022;Grand Est;Meuse;65 ans et plus;Hommes et Femmes;35.0;79.2;;55;44
2022;Bretagne;Morbihan;25-44 ans;Hommes;185.0;230.7;;56;53
2022;Bretagne;Morbihan;Tous;Hommes;477.0;126.6;132.6;56;53
2022;Bretagne;Morbihan;65 ans et plus;Femmes;100.0;87.4;;56;53
2022;Bretagne;Morbihan;65 ans et plus;Hommes et Femmes;146.0;72.4;;56;53
2022;Grand Est;Moselle;18-24 ans;Hommes;50.0;121.3;;57;44
2022;Grand Est;Moselle;25-44 ans;Hommes;134.0;102.4;;57;44
2022;Grand Est;Moselle;65 ans et plus;Femmes;81.0;65.6;;57;44
2022;Grand Est;Moselle;Tous;Femmes;647.0;120.6;122.7;57;44
2022;Grand Est;Moselle;18-24 ans;Hommes et Femmes;162.0;207.6;;57;44
2022;Grand Est;Moselle;65 ans et plus;Hommes et Femmes;117.0;53.5;;57;44
2022;Bourgogne et Franche-Comté;Nièvre;65 ans et plus;Hommes;10.0;37.6;;58;27
2022;Bourgogne et Franche-Comté;Nièvre;00-17 ans;Femmes;74.0;433.5;;58;27
2022;Bourgogne et Franche-Comté;Nièvre;18-24 ans;Femmes;31.0;545.5;;58;27
2022;Bourgogne et Franche-Comté;Nièvre;45-64 ans;Femmes;68.0;243.7;;58;27
2022;Hauts-de-France;Nord;00-17 ans;Hommes;183.0;60.1;;59;32
2022;Hauts-de-France;Nord;65 ans et plus;Hommes;194.0;99.0;;59;32
2022;Hauts-de-France;Nord;45-64 ans;Femmes;951.0;291.8;;59;32
2022;Hauts-de-France;Nord;45-64 ans;Hommes et Femmes;1763.0;277.0;;59;32
2022;Hauts-de-France;Oise;00-17 ans;Hommes;48.0;48.0;;60;32
2022;Hauts-de-France;Oise;25-44 ans;Hommes;140.0;140.8;;60;32
2022;Hauts-de-France;Oise;45-64 ans;Hommes;133.0;123.2;;60;32
2022;Hauts-de-France;Oise;Tous;Hommes;404.0;99.3;99.7;60;32
2022;Hauts-de-France;Oise;25-44 ans;Femmes;143.0;138.0;;60;32
2022;Hauts-de-France;Oise;18-24 ans;Hommes et Femmes;131.0;202.5;;60;32
2022;Normandie;Orne;45-64 ans;Hommes;52.0;140.8;;61;28
2022;Normandie;Orne;Tous;Hommes;206.0;152.7;161.5;61;28
2022;Normandie;Orne;18-24 ans;Femmes;60.0;690.2;;61;28
2022;Normandie;Orne;Tous;Femmes;332.0;235.1;255.5;61;28
2022;Normandie;Orne;45-64 ans;Hommes et Femmes;137.0;183.9;;61;28
2022;Normandie;Orne;Tous;Hommes et Femmes;538.0;194.8;210.0;61;28
2022;Hauts-de-France;Pas-de-Calais;45-64 ans;Femmes;464.0;242.7;;62;32
2022;Hauts-de-France;Pas-de-Calais;18-24 ans;Hommes et Femmes;456.0;389.4;;62;32
2022;Hauts-de-France;Pas-de-Calais;45-64 ans;Hommes et Femmes;847.0;224.7;;62;32
2022;Auvergne et Rhône-Alpes;Puy-de-Dôme;00-17 ans;Hommes;26.0;39.5;;63;84
2022;Auvergne et Rhône-Alpes;Puy-de-Dôme;18-24 ans;Hommes;75.0;252.1;;63;84
2022;Auvergne et Rhône-Alpes;Puy-de-Dôme;Tous;Hommes;461.0;143.1;141.7;63;84
2022;Auvergne et Rhône-Alpes;Puy-de-Dôme;65 ans et plus;Femmes;69.0;80.6;;63;84
2022;Auvergne et Rhône-Alpes;Puy-de-Dôme;00-17 ans;Hommes et Femmes;143.0;110.4;;63;84
2022;Nouvelle Aquitaine;Pyrénées-Atlantiques;18-24 ans;Hommes;17.0;66.6;;64;75
2022;Nouvelle Aquitaine;Pyrénées-Atlantiques;25-44 ans;Hommes;40.0;52.1;;64;75
2022;Nouvelle Aquitaine;Pyrénées-Atlantiques;65 ans et plus;Hommes;22.0;29.4;;64;75
2022;Nouvelle Aquitaine;Pyrénées-Atlantiques;Tous;Hommes;114.0;34.0;34.2;64;75
2022;Nouvelle Aquitaine;Pyrénées-Atlantiques;Tous;Femmes;190.0;52.2;54.8;64;75
2022;Nouvelle Aquitaine;Pyrénées-Atlantiques;25-44 ans;Hommes et Femmes;83.0;52.9;;64;75
2022;Occitanie;Hautes-Pyrénées;65 ans et plus;Femmes;30.0;82.9;;65;76
2022;Occitanie;Hautes-Pyrénées;Tous;Femmes;197.0;164.7;179.1;65;76
2022;Occitanie;Hautes-Pyrénées;45-64 ans;Hommes et Femmes;75.0;117.5;;65;76
2022;Occitanie;Hautes-Pyrénées;65 ans et plus;Hommes et Femmes;39.0;60.9;;65;76
2022;Occitanie;Pyrénées-Orientales;25-44 ans;Hommes;63.0;129.0;;66;76
2022;Occitanie;Pyrénées-Orientales;45-64 ans;Hommes;54.0;86.6;;66;76
2022;Occitanie;Pyrénées-Orientales;65 ans et plus;Hommes;35.0;61.0;;66;76
2022;Occitanie;Pyrénées-Orientales;Tous;Hommes;197.0;84.0;87.1;66;76
2022;Occitanie;Pyrénées-Orientales;25-44 ans;Femmes;67.0;125.9;;66;76
2022;Occitanie;Pyrénées-Orientales;45-64 ans;Femmes;86.0;126.4;;66;76
2022;Occitanie;Pyrénées-Orientales;65 ans et plus;Femmes;54.0;72.1;;66;76
2022;Occitanie;Pyrénées-Orientales;Tous;Femmes;372.0;143.9;151.9;66;76
2022;Occitanie;Pyrénées-Orientales;45-64 ans;Hommes et Femmes;140.0;107.4;;66;76
2022;Occitanie;Pyrénées-Orientales;65 ans et plus;Hommes et Femmes;89.0;67.3;;66;76
2022;Occitanie;Pyrénées-Orientales;Tous;Hommes et Femmes;569.0;115.4;120.5;66;76
2022;Grand Est;Bas-Rhin;45-64 ans;Hommes;172.0;115.0;;67;44
2022;Grand Est;Bas-Rhin;25-44 ans;Femmes;195.0;131.0;;67;44
2022;Grand Est;Bas-Rhin;18-24 ans;Hommes et Femmes;265.0;257.0;;67;44
2022;Grand Est;Bas-Rhin;45-64 ans;Hommes et Femmes;350.0;115.3;;67;44
2022;Grand Est;Haut-Rhin;18-24 ans;Hommes;31.0;105.2;;68;44
2022;Grand Est;Haut-Rhin;25-44 ans;Hommes;93.0;103.2;;68;44
2022;Grand Est;Haut-Rhin;45-64 ans;Femmes;98.0;91.8;;68;44
2022;Grand Est;Haut-Rhin;45-64 ans;Hommes et Femmes;191.0;90.3;;68;44
2022;Auvergne et Rhône-Alpes;Rhône;Tous;Hommes;622.0;67.6;67.3;69;84
2022;Auvergne et Rhône-Alpes;Rhône;00-17 ans;Femmes;219.0;106.2;;69;84
2022;Auvergne et Rhône-Alpes;Rhône;18-24 ans;Femmes;318.0;317.1;;69;84
2022;Auvergne et Rhône-Alpes;Rhône;45-64 ans;Femmes;250.0;111.4;;69;84
2022;Auvergne et Rhône-Alpes;Rhône;Tous;Femmes;1134.0;114.8;108.4;69;84
2022;Auvergne et Rhône-Alpes;Rhône;18-24 ans;Hommes et Femmes;430.0;220.9;;69;84
2022;Auvergne et Rhône-Alpes;Rhône;45-64 ans;Hommes et Femmes;438.0;99.6;;69;84
2022;Bourgogne et Franche-Comté;Haute-Saône;18-24 ans;Hommes;7.0;86.5;;70;27
2022;Bourgogne et Franche-Comté;Haute-Saône;Tous;Hommes;115.0;99.8;101.7;70;27
2022;Bourgogne et Franche-Comté;Haute-Saône;18-24 ans;Femmes;30.0;431.9;;70;27
2022;Bourgogne et Franche-Comté;Haute-Saône;25-44 ans;Femmes;40.0;161.7;;70;27
2022;Bourgogne et Franche-Comté;Haute-Saône;45-64 ans;Femmes;71.0;217.0;;70;27
2022;Bourgogne et Franche-Comté;Haute-Saône;00-17 ans;Hommes et Femmes;64.0;135.4;;70;27
2022;Bourgogne et Franche-Comté;Saône-et-Loire;18-24 ans;Hommes;37.0;192.9;;71;27
2022;Bourgogne et Franche-Comté;Saône-et-Loire;45-64 ans;Hommes;104.0;141.7;;71;27
2022;Bourgogne et Franche-Comté;Saône-et-Loire;25-44 ans;Femmes;114.0;203.4;;71;27
2022;Bourgogne et Franche-Comté;Saône-et-Loire;25-44 ans;Hommes et Femmes;231.0;205.9;;71;27
2022;Pays de la Loire;Sarthe;00-17 ans;Hommes;20.0;32.1;;72;52
2022;Pays de la Loire;Sarthe;25-44 ans;Femmes;57.0;91.3;;72;52
2022;Pays de la Loire;Sarthe;00-17 ans;Hommes et Femmes;178.0;146.8;;72;52
2022;Pays de la Loire;Sarthe;18-24 ans;Hommes et Femmes;53.0;120.0;;72;52
2022;Pays de la Loire;Sarthe;25-44 ans;Hommes et Femmes;130.0;105.6;;72;52
2022;Pays de la Loire;Sarthe;65 ans et plus;Hommes et Femmes;78.0;60.0;;72;52
2022;Auvergne et Rhône-Alpes;Savoie;25-44 ans;Hommes;61.0;114.8;;73;84
2022;Auvergne et Rhône-Alpes;Savoie;45-64 ans;Hommes;73.0;123.3;;73;84
2022;Auvergne et Rhône-Alpes;Savoie;65 ans et plus;Hommes;27.0;64.3;;73;84
2022;Auvergne et Rhône-Alpes;Savoie;Tous;Hommes;202.0;92.4;92.0;73;84
2022;Auvergne et Rhône-Alpes;Savoie;00-17 ans;Femmes;165.0;372.4;;73;84
2022;Auvergne et Rhône-Alpes;Haute-Savoie;25-44 ans;Hommes;115.0;98.4;;74;84
2022;Auvergne et Rhône-Alpes;Haute-Savoie;65 ans et plus;Hommes;43.0;66.0;;74;84
2022;Auvergne et Rhône-Alpes;Haute-Savoie;Tous;Hommes;326.0;78.0;78.5;74;84
2022;Auvergne et Rhône-Alpes;Haute-Savoie;00-17 ans;Femmes;218.0;237.2;;74;84
2022;Auvergne et Rhône-Alpes;Haute-Savoie;00-17 ans;Hommes et Femmes;249.0;131.9;;74;84
2022;Auvergne et Rhône-Alpes;Haute-Savoie;18-24 ans;Hommes et Femmes;156.0;272.4;;74;84
2022;Auvergne et Rhône-Alpes;Haute-Savoie;Tous;Hommes et Femmes;1020.0;120.1;120.6;74;84
2022;Île-de-France;Paris;25-44 ans;Femmes;162.0;46.6;;75;11
2022;Île-de-France;Paris;65 ans et plus;Femmes;82.0;36.9;;75;11
2022;Île-de-France;Paris;18-24 ans;Hommes et Femmes;252.0;112.9;;75;11
2022;Île-de-France;Paris;25-44 ans;Hommes et Femmes;327.0;48.6;;75;11
2022;Île-de-France;Paris;45-64 ans;Hommes et Femmes;239.0;47.6;;75;11
2022;Normandie;Seine-Maritime;65 ans et plus;Hommes;77.0;68.6;;76;28
2022;Normandie;Seine-Maritime;00-17 ans;Femmes;468.0;355.0;;76;28
2022;Normandie;Seine-Maritime;25-44 ans;Femmes;302.0;199.1;;76;28
2022;Normandie;Seine-Maritime;00-17 ans;Hommes et Femmes;556.0;206.2;;76;28
2022;Normandie;Seine-Maritime;18-24 ans;Hommes et Femmes;413.0;375.0;;76;28
2022;Normandie;Seine-Maritime;Tous;Hommes et Femmes;2385.0;189.3;187.9;76;28
2022;Île-de-France;Seine-et-Marne;18-24 ans;Hommes;63.0;98.7;;77;11
2022;Île-de-France;Seine-et-Marne;25-44 ans;Hommes;152.0;83.2;;77;11
2022;Île-de-France;Seine-et-Marne;45-64 ans;Hommes;116.0;64.3;;77;11
2022;Île-de-France;Seine-et-Marne;65 ans et plus;Femmes;77.0;60.8;;77;11
2022;Île-de-France;Seine-et-Marne;Tous;Femmes;950.0;127.5;120.8;77;11
2022;Île-de-France;Seine-et-Marne;00-17 ans;Hommes et Femmes;400.0;112.6;;77;11
2022;Île-de-France;Yvelines;00-17 ans;Hommes;36.0;20.0;;78;11
2022;Île-de-France;Yvelines;45-64 ans;Hommes;74.0;39.9;;78;11
2022;Île-de-France;Yvelines;00-17 ans;Femmes;275.0;161.1;;78;11
2022;Île-de-France;Yvelines;18-24 ans;Femmes;107.0;179.6;;78;11
2022;Île-de-France;Yvelines;45-64 ans;Femmes;126.0;65.3;;78;11
2022;Île-de-France;Yvelines;18-24 ans;Hommes et Femmes;144.0;117.7;;78;11
2022;Île-de-France;Yvelines;Tous;Hommes et Femmes;984.0;66.9;65.6;78;11
2022;Nouvelle Aquitaine;Deux-Sèvres;45-64 ans;Hommes;79.0;155.6;;79;75
2022;Nouvelle Aquitaine;Deux-Sèvres;25-44 ans;Femmes;65.0;161.4;;79;75
2022;Nouvelle Aquitaine;Deux-Sèvres;45-64 ans;Femmes;108.0;208.9;;79;75
2022;Nouvelle Aquitaine;Deux-Sèvres;Tous;Femmes;368.0;192.8;198.6;79;75
2022;Nouvelle Aquitaine;Deux-Sèvres;25-44 ans;Hommes et Femmes;140.0;174.0;;79;75
2022;Nouvelle Aquitaine;Deux-Sèvres;65 ans et plus;Hommes et Femmes;75.0;82.3;;79;75
2022;Hauts-de-France;Somme;Tous;Hommes;683.0;248.6;248.0;80;32
2022;Hauts-de-France;Somme;00-17 ans;Femmes;302.0;528.0;;80;32
2022;Hauts-de-France;Somme;Tous;Femmes;1144.0;393.3;389.2;80;32
2022;Hauts-de-France;Somme;18-24 ans;Hommes et Femmes;283.0;545.2;;80;32
2022;Hauts-de-France;Somme;45-64 ans;Hommes et Femmes;527.0;364.2;;80;32
2022;Hauts-de-France;Somme;65 ans et plus;Hommes et Femmes;143.0;119.9;;80;32
2022;Occitanie;Tarn;18-24 ans;Hommes;34.0;237.1;;81;76
2022;Occitanie;Tarn;25-44 ans;Hommes;58.0;144.7;;81;76
2022;Occitanie;Tarn;00-17 ans;Femmes;79.0;213.2;;81;76
2022;Occitanie;Tarn;25-44 ans;Femmes;74.0;177.3;;81;76
2022;Occitanie;Tarn;25-44 ans;Hommes et Femmes;132.0;161.3;;81;76
2022;Occitanie;Tarn;45-64 ans;Hommes et Femmes;161.0;150.3;;81;76
2022;Occitanie;Tarn-et-Garonne;65 ans et plus;Hommes;28.0;102.9;;82;76
2022;Occitanie;Tarn-et-Garonne;45-64 ans;Femmes;77.0;215.7;;82;76
2022;Occitanie;Tarn-et-Garonne;Tous;Femmes;245.0;181.1;186.4;82;76
2022;Occitanie;Tarn-et-Garonne;25-44 ans;Hommes et Femmes;99.0;169.0;;82;76
2022;Provence-Alpes-Côte d'Azur;Var;Tous;Femmes;997.0;173.2;183.0;83;93
2022;Provence-Alpes-Côte d'Azur;Var;00-17 ans;Hommes et Femmes;326.0;160.6;;83;93
2022;Provence-Alpes-Côte d'Azur;Var;Tous;Hommes et Femmes;1492.0;134.6;140.1;83;93
2022;Provence-Alpes-Côte d'Azur;Vaucluse;25-44 ans;Hommes;88.0;143.2;;84;93
2022;Provence-Alpes-Côte d'Azur;Vaucluse;65 ans et plus;Hommes;30.0;51.9;;84;93
2022;Provence-Alpes-Côte d'Azur;Vaucluse;Tous;Hommes;262.0;96.0;98.7;84;93
2022;Provence-Alpes-Côte d'Azur;Vaucluse;65 ans et plus;Femmes;61.0;81.1;;84;93
2022;Provence-Alpes-Côte d'Azur;Vaucluse;00-17 ans;Hommes et Femmes;125.0;104.9;;84;93
2022;Provence-Alpes-Côte d'Azur;Vaucluse;45-64 ans;Hommes et Femmes;218.0;145.0;;84;93
2022;Provence-Alpes-Côte d'Azur;Vaucluse;65 ans et plus;Hommes et Femmes;91.0;68.4;;84;93
2022;Provence-Alpes-Côte d'Azur;Vaucluse;Tous;Hommes et Femmes;713.0;125.4;128.6;84;93
2022;Pays de la Loire;Vendée;18-24 ans;Femmes;142.0;673.3;;85;52
2022;Pays de la Loire;Vendée;65 ans et plus;Femmes;89.0;87.8;;85;52
2022;Pays de la Loire;Vendée;Tous;Femmes;800.0;222.1;238.6;85;52
2022;Nouvelle Aquitaine;Vienne;18-24 ans;Hommes;21.0;101.7;;86;75
2022;Nouvelle Aquitaine;Vienne;45-64 ans;Hommes;56.0;103.6;;86;75
2022;Nouvelle Aquitaine;Vienne;Tous;Hommes;169.0;79.5;80.7;86;75
2022;Nouvelle Aquitaine;Vienne;25-44 ans;Femmes;62.0;125.9;;86;75
2022;Nouvelle Aquitaine;Vienne;18-24 ans;Hommes et Femmes;85.0;204.5;;86;75
2022;Nouvelle Aquitaine;Vienne;25-44 ans;Hommes et Femmes;128.0;131.1;;86;75
2022;Nouvelle Aquitaine;Vienne;45-64 ans;Hommes et Femmes;120.0;108.3;;86;75
2022;Nouvelle Aquitaine;Haute-Vienne;00-17 ans;Hommes;18.0;51.2;;87;75
2022;Nouvelle Aquitaine;Haute-Vienne;18-24 ans;Hommes;33.0;220.3;;87;75
2022;Nouvelle Aquitaine;Haute-Vienne;45-64 ans;Hommes;65.0;137.4;;87;75
2022;Nouvelle Aquitaine;Haute-Vienne;00-17 ans;Hommes et Femmes;99.0;144.2;;87;75
2022;Nouvelle Aquitaine;Haute-Vienne;18-24 ans;Hommes et Femmes;94.0;307.7;;87;75
2022;Nouvelle Aquitaine;Haute-Vienne;65 ans et plus;Hommes et Femmes;78.0;81.0;;87;75
2022;Nouvelle Aquitaine;Haute-Vienne;Tous;Hommes et Femmes;593.0;159.2;163.4;87;75
2022;Grand Est;Vosges;00-17 ans;Hommes;35.0;99.6;;88;44
2022;Grand Est;Vosges;65 ans et plus;Hommes;23.0;57.9;;88;44
2022;Grand Est;Vosges;Tous;Hommes;291.0;166.2;175.5;88;44
2022;Grand Est;Vosges;00-17 ans;Femmes;150.0;450.6;;88;44
2022;Grand Est;Vosges;25-44 ans;Femmes;88.0;235.1;;88;44
2022;Grand Est;Vosges;18-24 ans;Hommes et Femmes;132.0;540.2;;88;44
2022;Grand Est;Vosges;65 ans et plus;Hommes et Femmes;64.0;70.1;;88;44
2022;Grand Est;Vosges;Tous;Hommes et Femmes;775.0;216.1;230.8;88;44
2022;Bourgogne et Franche-Comté;Yonne;00-17 ans;Hommes;13.0;37.3;;89;27
2022;Bourgogne et Franche-Comté;Yonne;65 ans et plus;Hommes;15.0;40.2;;89;27
2022;Bourgogne et Franche-Comté;Yonne;00-17 ans;Femmes;85.0;257.4;;89;27
2022;Bourgogne et Franche-Comté;Yonne;18-24 ans;Femmes;14.0;152.3;;89;27
2022;Bourgogne et Franche-Comté;Yonne;25-44 ans;Hommes et Femmes;85.0;120.8;;89;27
2022;Bourgogne et Franche-Comté;Yonne;Tous;Hommes et Femmes;384.0;115.0;118.7;89;27
2022;Bourgogne et Franche-Comté;Territoire de Belfort;00-17 ans;Hommes;2.5;16.3;;90;27
2022;Bourgogne et Franche-Comté;Territoire de Belfort;25-44 ans;Hommes;24.0;142.5;;90;27
2022;Bourgogne et Franche-Comté;Territoire de Belfort;65 ans et plus;Hommes;9.0;72.0;;90;27
2022;Bourgogne et Franche-Comté;Territoire de Belfort;Tous;Hommes;72.5;104.3;105.9;90;27
2022;Bourgogne et Franche-Comté;Territoire de Belfort;25-44 ans;Femmes;21.0;127.9;;90;27
2022;Bourgogne et Franche-Comté;Territoire de Belfort;45-64 ans;Femmes;23.0;125.5;;90;27
2022;Bourgogne et Franche-Comté;Territoire de Belfort;65 ans et plus;Femmes;18.0;109.3;;90;27
2022;Bourgogne et Franche-Comté;Territoire de Belfort;00-17 ans;Hommes et Femmes;38.5;129.4;;90;27
2022;Bourgogne et Franche-Comté;Territoire de Belfort;18-24 ans;Hommes et Femmes;23.0;193.6;;90;27
2022;Bourgogne et Franche-Comté;Territoire de Belfort;65 ans et plus;Hommes et Femmes;27.0;93.2;;90;27
2022;Île-de-France;Essonne;00-17 ans;Femmes;248.0;158.2;;91;11
2022;Île-de-France;Essonne;18-24 ans;Femmes;200.0;356.0;;91;11
2022;Île-de-France;Essonne;18-24 ans;Hommes et Femmes;256.0;215.2;;91;11
2022;Île-de-France;Essonne;65 ans et plus;Hommes et Femmes;82.0;39.4;;91;11
2022;Île-de-France;Hauts-de-Seine;65 ans et plus;Hommes;53.0;49.8;;92;11
2022;Île-de-France;Hauts-de-Seine;Tous;Femmes;807.0;93.7;91.4;92;11
2022;Île-de-France;Hauts-de-Seine;25-44 ans;Hommes et Femmes;324.0;67.6;;92;11
2022;Île-de-France;Hauts-de-Seine;65 ans et plus;Hommes et Femmes;141.0;54.5;;92;11
2022;Île-de-France;Seine-Saint-Denis;00-17 ans;Hommes;26.0;11.8;;93;11
2022;Île-de-France;Seine-Saint-Denis;45-64 ans;Hommes;84.0;43.1;;93;11
2022;Île-de-France;Seine-Saint-Denis;00-17 ans;Femmes;208.0;99.2;;93;11
2022;Île-de-France;Seine-Saint-Denis;18-24 ans;Hommes et Femmes;151.0;95.2;;93;11
2022;Île-de-France;Seine-Saint-Denis;25-44 ans;Hommes et Femmes;241.0;49.6;;93;11
2022;Île-de-France;Seine-Saint-Denis;45-64 ans;Hommes et Femmes;164.0;41.9;;93;11
2022;Île-de-France;Val-de-Marne;00-17 ans;Hommes;31.0;19.2;;94;11
2022;Île-de-France;Val-de-Marne;18-24 ans;Femmes;154.0;230.9;;94;11
2022;Île-de-France;Val-de-Marne;25-44 ans;Femmes;130.0;63.1;;94;11
2022;Île-de-France;Val-de-Marne;65 ans et plus;Hommes et Femmes;111.0;50.0;;94;11
2022;Île-de-France;Val-de-Marne;Tous;Hommes et Femmes;1115.0;78.5;76.2;94;11
2022;Île-de-France;Val-d'Oise;18-24 ans;Hommes;39.0;67.6;;95;11
2022;Île-de-France;Val-d'Oise;65 ans et plus;Hommes;30.0;37.4;;95;11
2022;Île-de-France;Val-d'Oise;Tous;Hommes;264.0;42.7;42.8;95;11
2022;Île-de-France;Val-d'Oise;65 ans et plus;Femmes;61.0;58.7;;95;11
2022;Île-de-France;Val-d'Oise;00-17 ans;Hommes et Femmes;299.0;92.6;;95;11
2022;Île-de-France;Val-d'Oise;25-44 ans;Hommes et Femmes;199.0;58.3;;95;11
2022;Guadeloupe;Guadeloupe;00-17 ans;Hommes;6.0;14.7;;971;01
2022;Guadeloupe;Guadeloupe;65 ans et plus;Hommes;7.0;19.4;;971;01
2022;Guadeloupe;Guadeloupe;18-24 ans;Femmes;9.0;64.4;;971;01
2022;Guadeloupe;Guadeloupe;25-44 ans;Femmes;11.0;25.4;;971;01
2022;Guadeloupe;Guadeloupe;65 ans et plus;Femmes;5.0;10.6;;971;01
2022;Guadeloupe;Guadeloupe;00-17 ans;Hommes et Femmes;32.0;40.0;;971;01
2022;Martinique;Martinique;00-17 ans;Hommes;13.0;37.1;;972;02
2022;Martinique;Martinique;25-44 ans;Hommes;15.0;50.4;;972;02
2022;Martinique;Martinique;00-17 ans;Femmes;34.0;100.3;;972;02
2022;Martinique;Martinique;25-44 ans;Femmes;27.0;67.2;;972;02
2022;Martinique;Martinique;25-44 ans;Hommes et Femmes;42.0;60.1;;972;02
2022;Martinique;Martinique;65 ans et plus;Hommes et Femmes;21.0;25.0;;972;02
2022;Guyane;Guyane;00-17 ans;Hommes;10.0;18.3;;973;03
2022;Guyane;Guyane;00-17 ans;Femmes;42.0;78.5;;973;03
2022;Guyane;Guyane;18-24 ans;Femmes;30.0;192.2;;973;03
2022;Guyane;Guyane;18-24 ans;Hommes et Femmes;42.0;139.4;;973;03
2022;Guyane;Guyane;65 ans et plus;Hommes et Femmes;8.5;44.0;;973;03
2022;Guyane;Guyane;Tous;Hommes et Femmes;183.5;63.6;60.4;973;03
2022;Réunion;Réunion;25-44 ans;Hommes;146.0;152.2;;974;04
2022;Réunion;Réunion;45-64 ans;Hommes;100.0;87.3;;974;04
2022;Réunion;Réunion;Tous;Hommes;368.0;87.6;89.1;974;04
2022;Réunion;Réunion;18-24 ans;Femmes;102.0;273.0;;974;04
2022;Réunion;Réunion;45-64 ans;Femmes;113.0;91.2;;974;04
2022;Réunion;Réunion;65 ans et plus;Femmes;23.0;33.7;;974;04
2022;Réunion;Réunion;Tous;Femmes;668.0;144.8;131.9;974;04
2022;Réunion;Réunion;18-24 ans;Hommes et Femmes;162.0;216.2;;974;04
2022;Mayotte;Mayotte;00-17 ans;Hommes;2.5;3.3;;976;06
2022;Mayotte;Mayotte;Tous;Hommes;6.0;4.2;5.3;976;06
2022;Mayotte;Mayotte;25-44 ans;Femmes;12.0;27.4;;976;06
2022;Mayotte;Mayotte;Tous;Femmes;26.0;16.6;15.8;976;06
2022;Mayotte;Mayotte;25-44 ans;Hommes et Femmes;14.5;18.8;;976;06
2022;Mayotte;Mayotte;45-64 ans;Hommes et Femmes;6.0;17.6;;976;06
2022;Mayotte;Mayotte;65 ans et plus;Hommes et Femmes;0.0;0.0;;976;06
2022;Saint-Barthélemy;Saint-Barthélemy;18-24 ans;Hommes;0.0;;;977;977
2022;Saint-Barthélemy;Saint-Barthélemy;45-64 ans;Hommes;0.0;;;977;977
2022;Saint-Barthélemy;Saint-Barthélemy;65 ans et plus;Hommes;0.0;;;977;977
2022;Saint-Barthélemy;Saint-Barthélemy;18-24 ans;Femmes;2.5;;;977;977
2022;Saint-Barthélemy;Saint-Barthélemy;25-44 ans;Femmes;2.5;;;977;977
2022;Saint-Barthélemy;Saint-Barthélemy;45-64 ans;Femmes;2.5;;;977;977
2022;Saint-Barthélemy;Saint-Barthélemy;65 ans et plus;Femmes;2.5;;;977;977
2022;Saint-Barthélemy;Saint-Barthélemy;Tous;Femmes;7.0;;;977;977
2022;Saint-Barthélemy;Saint-Barthélemy;00-17 ans;Hommes et Femmes;2.5;;;977;977
2022;Saint-Barthélemy;Saint-Barthélemy;18-24 ans;Hommes et Femmes;2.5;;;977;977
2022;Saint-Barthélemy;Saint-Barthélemy;25-44 ans;Hommes et Femmes;6.0;;;977;977
2022;Saint-Barthélemy;Saint-Barthélemy;45-64 ans;Hommes et Femmes;2.5;;;977;977
2022;Saint-Martin;Saint-Martin;18-24 ans;Femmes;2.5;;;978;978
2022;Saint-Martin;Saint-Martin;25-44 ans;Hommes et Femmes;5.0;;;978;978
2022;Saint-Martin;Saint-Martin;45-64 ans;Hommes et Femmes;6.0;;;978;978
2022;Auvergne et Rhône-Alpes;Ain;18-24 ans;Hommes;22.0;90.0;;01;84
2022;Auvergne et Rhône-Alpes;Ain;65 ans et plus;Hommes;27.0;48.4;;01;84
2022;Auvergne et Rhône-Alpes;Ain;Tous;Femmes;347.0;102.0;100.4;01;84
2022;Auvergne et Rhône-Alpes;Ain;00-17 ans;Hommes et Femmes;124.0;79.1;;01;84
2022;Auvergne et Rhône-Alpes;Ain;25-44 ans;Hommes et Femmes;174.0;104.4;;01;84
2022;Auvergne et Rhône-Alpes;Ain;65 ans et plus;Hommes et Femmes;59.0;47.2;;01;84
2022;Auvergne et Rhône-Alpes;Ain;Tous;Hommes et Femmes;570.0;84.9;84.6;01;84
2022;Hauts-de-France;Aisne;18-24 ans;Hommes;36.0;175.0;;02;32
2022;Hauts-de-France;Aisne;65 ans et plus;Hommes et Femmes;107.0;94.1;;02;32
2022;Auvergne et Rhône-Alpes;Allier;18-24 ans;Hommes;21.0;179.8;;03;84
2022;Auvergne et Rhône-Alpes;Allier;25-44 ans;Hommes;35.0;106.2;;03;84
2022;Auvergne et Rhône-Alpes;Allier;45-64 ans;Hommes;44.0;98.9;;03;84
2022;Auvergne et Rhône-Alpes;Allier;65 ans et plus;Hommes;18.0;44.1;;03;84
2022;Auvergne et Rhône-Alpes;Allier;Tous;Hommes;133.0;82.6;86.1;03;84
2022;Auvergne et Rhône-Alpes;Allier;25-44 ans;Femmes;47.0;142.2;;03;84
2022;Auvergne et Rhône-Alpes;Allier;Tous;Femmes;255.0;146.8;161.1;03;84
2022;Auvergne et Rhône-Alpes;Allier;00-17 ans;Hommes et Femmes;89.0;147.0;;03;84
2022;Auvergne et Rhône-Alpes;Allier;Tous;Hommes et Femmes;388.0;115.9;124.7;03;84
2022;Provence-Alpes-Côte d'Azur;Alpes-de-Haute-Provence;45-64 ans;Hommes;22.0;97.6;;04;93
2022;Provence-Alpes-Côte d'Azur;Alpes-de-Haute-Provence;00-17 ans;Femmes;36.0;237.1;;04;93
2022;Provence-Alpes-Côte d'Azur;Alpes-de-Haute-Provence;18-24 ans;Femmes;15.0;328.4;;04;93
2022;Provence-Alpes-Côte d'Azur;Alpes-de-Haute-Provence;65 ans et plus;Femmes;33.0;132.7;;04;93
2022;Provence-Alpes-Côte d'Azur;Alpes-de-Haute-Provence;18-24 ans;Hommes et Femmes;20.0;201.4;;04;93
2022;Provence-Alpes-Côte d'Azur;Hautes-Alpes;18-24 ans;Hommes;9.0;195.7;;05;93
2022;Provence-Alpes-Côte d'Azur;Hautes-Alpes;25-44 ans;Hommes;26.0;173.3;;05;93
2022;Provence-Alpes-Côte d'Azur;Hautes-Alpes;Tous;Hommes;84.0;121.3;123.4;05;93
2022;Provence-Alpes-Côte d'Azur;Hautes-Alpes;25-44 ans;Femmes;30.0;193.9;;05;93
2022;Provence-Alpes-Côte d'Azur;Hautes-Alpes;18-24 ans;Hommes et Femmes;33.0;402.2;;05;93
2022;Provence-Alpes-Côte d'Azur;Alpes-Maritimes;00-17 ans;Hommes;45.0;42.1;;06;93
2022;Provence-Alpes-Côte d'Azur;Alpes-Maritimes;65 ans et plus;Femmes;161.0;99.5;;06;93
2022;Provence-Alpes-Côte d'Azur;Alpes-Maritimes;00-17 ans;Hommes et Femmes;370.0;177.6;;06;93
2022;Provence-Alpes-Côte d'Azur;Alpes-Maritimes;65 ans et plus;Hommes et Femmes;242.0;86.9;;06;93
2022;Provence-Alpes-Côte d'Azur;Alpes-Maritimes;Tous;Hommes et Femmes;1466.0;131.5;135.0;06;93
2022;Auvergne et Rhône-Alpes;Ardèche;00-17 ans;Hommes;11.0;32.8;;07;84
2022;Auvergne et Rhône-Alpes;Ardèche;18-24 ans;Hommes;8.0;77.8;;07;84
2022;Auvergne et Rhône-Alpes;Ardèche;25-44 ans;Hommes;42.0;122.7;;07;84
2022;Auvergne et Rhône-Alpes;Ardèche;45-64 ans;Hommes;30.0;65.4;;07;84
2022;Auvergne et Rhône-Alpes;Ardèche;Tous;Hommes;104.0;63.9;67.2;07;84
2022;Auvergne et Rhône-Alpes;Ardèche;00-17 ans;Femmes;54.0;168.9;;07;84
2022;Auvergne et Rhône-Alpes;Ardèche;45-64 ans;Femmes;55.0;117.5;;07;84
2022;Auvergne et Rhône-Alpes;Ardèche;25-44 ans;Hommes et Femmes;92.0;133.1;;07;84
2022;Grand Est;Ardennes;45-64 ans;Hommes;75.0;208.4;;08;44
2022;Grand Est;Ardennes;65 ans et plus;Hommes;18.0;67.6;;08;44
2022;Grand Est;Ardennes;Tous;Hommes;224.0;171.1;173.5;08;44
2022;Grand Est;Ardennes;25-44 ans;Femmes;73.0;245.6;;08;44
2022;Occitanie;Ariège;45-64 ans;Hommes;22.0;104.4;;09;76
2022;Occitanie;Ariège;65 ans et plus;Hommes;7.0;36.9;;09;76
2022;Occitanie;Ariège;00-17 ans;Hommes et Femmes;22.5;78.8;;09;76
2022;Occitanie;Ariège;18-24 ans;Hommes et Femmes;27.5;283.7;;09;76
2022;Occitanie;Ariège;45-64 ans;Hommes et Femmes;59.0;137.6;;09;76
2022;Occitanie;Ariège;65 ans et plus;Hommes et Femmes;23.0;54.7;;09;76
2022;Corse;Corse-du-Sud;00-17 ans;Hommes;0.0;0.0;;2A;94
2022;Corse;Corse-du-Sud;18-24 ans;Hommes;2.5;53.3;;2A;94
2022;Corse;Corse-du-Sud;25-44 ans;Hommes;10.0;52.5;;2A;94
2022;Corse;Corse-du-Sud;00-17 ans;Femmes;14.0;91.3;;2A;94
2022;Corse;Corse-du-Sud;18-24 ans;Femmes;2.5;56.0;;2A;94
2022;Corse;Corse-du-Sud;18-24 ans;Hommes et Femmes;7.0;76.5;;2A;94
2022;Corse;Corse-du-Sud;25-44 ans;Hommes et Femmes;22.0;54.6;;2A;94
2022;Corse;Corse-du-Sud;45-64 ans;Hommes et Femmes;19.0;42.6;;2A;94
2022;Corse;Corse-du-Sud;65 ans et plus;Hommes et Femmes;17.0;41.8;;2A;94
2022;Corse;Corse-du-Sud;Tous;Hommes et Femmes;79.0;47.6;48.6;2A;94
2022;Corse;Haute-Corse;18-24 ans;Femmes;13.0;198.6;;2B;94
2022;Corse;Haute-Corse;65 ans et plus;Femmes;11.0;44.4;;2B;94
2022;Corse;Haute-Corse;00-17 ans;Hommes et Femmes;23.5;72.5;;2B;94
2022;Corse;Haute-Corse;18-24 ans;Hommes et Femmes;15.5;115.1;;2B;94
2022;Corse;Haute-Corse;25-44 ans;Hommes et Femmes;20.0;45.9;;2B;94
2022;Corse;Haute-Corse;45-64 ans;Hommes et Femmes;42.0;83.4;;2B;94
2022;Corse;Haute-Corse;65 ans et plus;Hommes et Femmes;13.5;29.7;;2B;94
2022;Corse;Haute-Corse;Tous;Hommes et Femmes;116.0;62.6;64.2;2B;94
2022;Grand Est;Aube;00-17 ans;Hommes;14.0;40.3;;10;44
2022;Grand Est;Aube;25-44 ans;Hommes;51.0;145.5;;10;44
2022;Grand Est;Aube;Tous;Hommes;137.0;90.3;91.6;10;44
2022;Grand Est;Aube;18-24 ans;Femmes;40.0;353.6;;10;44
2022;Grand Est;Aube;25-44 ans;Femmes;46.0;129.0;;10;44
2022;Grand Est;Aube;00-17 ans;Hommes et Femmes;98.0;146.3;;10;44
2022;Occitanie;Aude;25-44 ans;Hommes;55.0;145.4;;11;76
2022;Occitanie;Aude;65 ans et plus;Hommes;19.0;41.4;;11;76
2022;Occitanie;Aude;18-24 ans;Femmes;43.0;370.8;;11;76
2022;Occitanie;Aude;Tous;Femmes;310.0;158.3;172.3;11;76
2022;Occitanie;Aveyron;25-44 ans;Hommes;47.0;161.0;;12;76
2022;Occitanie;Aveyron;Tous;Hommes;102.0;73.8;79.6;12;76
2022;Occitanie;Aveyron;18-24 ans;Femmes;30.0;407.6;;12;76
2022;Occitanie;Aveyron;Tous;Femmes;178.0;125.8;140.8;12;76
2022;Occitanie;Aveyron;65 ans et plus;Hommes et Femmes;24.0;30.7;;12;76
2022;Provence-Alpes-Côte d'Azur;Bouches-du-Rhône;Tous;Hommes;650.0;65.6;65.5;13;93
2022;Provence-Alpes-Côte d'Azur;Bouches-du-Rhône;65 ans et plus;Femmes;163.0;64.8;;13;93
2022;Provence-Alpes-Côte d'Azur;Bouches-du-Rhône;25-44 ans;Hommes et Femmes;445.0;88.0;;13;93
2022;Provence-Alpes-Côte d'Azur;Bouches-du-Rhône;65 ans et plus;Hommes et Femmes;255.0;58.0;;13;93
2022;Provence-Alpes-Côte d'Azur;Bouches-du-Rhône;Tous;Hommes et Femmes;1982.0;95.8;95.7;13;93
2022;Normandie;Calvados;Tous;Hommes;414.0;122.1;122.4;14;28
2022;Normandie;Calvados;25-44 ans;Femmes;148.0;182.2;;14;28
2022;Normandie;Calvados;65 ans et plus;Femmes;83.0;88.9;;14;28
2022;Normandie;Calvados;Tous;Hommes et Femmes;1144.0;162.4;163.0;14;28
2022;Auvergne et Rhône-Alpes;Cantal;65 ans et plus;Hommes;10.0;53.3;;15;84
2022;Auvergne et Rhône-Alpes;Cantal;Tous;Hommes;54.0;76.3;77.6;15;84
2022;Auvergne et Rhône-Alpes;Cantal;25-44 ans;Femmes;12.0;86.7;;15;84
2022;Auvergne et Rhône-Alpes;Cantal;18-24 ans;Hommes et Femmes;15.0;177.2;;15;84
2022;Auvergne et Rhône-Alpes;Cantal;65 ans et plus;Hommes et Femmes;18.0;42.6;;15;84
2022;Nouvelle Aquitaine;Charente;45-64 ans;Hommes;62.0;131.3;;16;75
2022;Nouvelle Aquitaine;Charente;Tous;Hommes;213.0;124.5;128.2;16;75
2022;Nouvelle Aquitaine;Charente;45-64 ans;Femmes;131.0;265.3;;16;75
2022;Nouvelle Aquitaine;Charente;65 ans et plus;Femmes;59.0;113.0;;16;75
2022;Nouvelle Aquitaine;Charente;Tous;Femmes;376.0;208.3;216.7;16;75
2022;Nouvelle Aquitaine;Charente;00-17 ans;Hommes et Femmes;78.0;120.6;;16;75
2022;Nouvelle Aquitaine;Charente;25-44 ans;Hommes et Femmes;149.0;201.7;;16;75
2022;Nouvelle Aquitaine;Charente-Maritime;65 ans et plus;Hommes;49.0;57.7;;17;75
2022;Nouvelle Aquitaine;Charente-Maritime;Tous;Hommes;439.0;137.0;145.4;17;75
2022;Nouvelle Aquitaine;Charente-Maritime;18-24 ans;Femmes;99.0;492.8;;17;75
2022;Nouvelle Aquitaine;Charente-Maritime;65 ans et plus;Femmes;114.0;104.4;;17;75
2022;Nouvelle Aquitaine;Charente-Maritime;25-44 ans;Hommes et Femmes;313.0;235.2;;17;75
2022;Nouvelle Aquitaine;Charente-Maritime;65 ans et plus;Hommes et Femmes;163.0;84.0;;17;75
2022;Nouvelle Aquitaine;Charente-Maritime;Tous;Hommes et Femmes;1208.0;180.8;193.7;17;75
2022;Centre-Val de Loire;Cher;00-17 ans;Hommes;5.0;16.9;;18;24
2022;Centre-Val de Loire;Cher;18-24 ans;Hommes;7.0;66.3;;18;24
2022;Centre-Val de Loire;Cher;00-17 ans;Femmes;40.0;144.6;;18;24
2022;Centre-Val de Loire;Cher;45-64 ans;Femmes;38.0;91.9;;18;24
2022;Centre-Val de Loire;Cher;18-24 ans;Hommes et Femmes;20.0;101.9;;18;24
2022;Centre-Val de Loire;Cher;65 ans et plus;Hommes et Femmes;29.0;36.4;;18;24
2022;Nouvelle Aquitaine;Corrèze;00-17 ans;Hommes;12.0;55.5;;19;75
2022;Nouvelle Aquitaine;Corrèze;65 ans et plus;Hommes;14.0;47.0;;19;75
2022;Nouvelle Aquitaine;Corrèze;00-17 ans;Femmes;63.0;312.7;;19;75
2022;Nouvelle Aquitaine;Corrèze;25-44 ans;Femmes;23.0;95.9;;19;75
2022;Nouvelle Aquitaine;Corrèze;Tous;Femmes;224.0;182.2;198.0;19;75
2022;Nouvelle Aquitaine;Corrèze;45-64 ans;Hommes et Femmes;102.0;155.3;;19;75
2022;Bourgogne et Franche-Comté;Côte-d'Or;00-17 ans;Hommes;46.0;85.5;;21;27
2022;Bourgogne et Franche-Comté;Côte-d'Or;18-24 ans;Hommes;48.0;185.7;;21;27
2022;Bourgogne et Franche-Comté;Côte-d'Or;25-44 ans;Hommes;128.0;201.5;;21;27
2022;Bourgogne et Franche-Comté;Côte-d'Or;00-17 ans;Femmes;246.0;480.3;;21;27
2022;Bourgogne et Franche-Comté;Côte-d'Or;45-64 ans;Femmes;131.0;188.8;;21;27
2022;Bourgogne et Franche-Comté;Côte-d'Or;Tous;Femmes;738.0;266.2;265.5;21;27
2022;Bourgogne et Franche-Comté;Côte-d'Or;45-64 ans;Hommes et Femmes;220.0;162.2;;21;27
2022;Bourgogne et Franche-Comté;Côte-d'Or;65 ans et plus;Hommes et Femmes;88.0;74.7;;21;27
2022;Bourgogne et Franche-Comté;Côte-d'Or;Tous;Hommes et Femmes;1082.0;201.3;200.4;21;27
2022;Bretagne;Côtes-d'Armor;65 ans et plus;Hommes;52.0;72.8;;22;53
2022;Bretagne;Côtes-d'Armor;18-24 ans;Femmes;136.0;750.3;;22;53
2022;Bretagne;Côtes-d'Armor;45-64 ans;Femmes;265.0;317.2;;22;53
2022;Nouvelle Aquitaine;Creuse;00-17 ans;Hommes;2.5;26.2;;23;75
2022;Nouvelle Aquitaine;Creuse;45-64 ans;Hommes;20.0;121.4;;23;75
2022;Nouvelle Aquitaine;Creuse;65 ans et plus;Hommes;8.0;49.6;;23;75
2022;Nouvelle Aquitaine;Creuse;Tous;Hommes;55.0;97.6;102.8;23;75
2022;Nouvelle Aquitaine;Creuse;18-24 ans;Femmes;11.0;391.0;;23;75
2022;Nouvelle Aquitaine;Creuse;25-44 ans;Femmes;11.0;106.1;;23;75
2022;Nouvelle Aquitaine;Creuse;65 ans et plus;Femmes;16.0;79.5;;23;75
2022;Nouvelle Aquitaine;Creuse;Tous;Hommes et Femmes;141.0;122.0;133.3;23;75
2022;Nouvelle Aquitaine;Dordogne;65 ans et plus;Hommes;33.0;59.4;;24;75
2022;Nouvelle Aquitaine;Dordogne;45-64 ans;Hommes et Femmes;210.0;177.5;;24;75
2022;Nouvelle Aquitaine;Dordogne;65 ans et plus;Hommes et Femmes;84.0;67.1;;24;75
2022;Nouvelle Aquitaine;Dordogne;Tous;Hommes et Femmes;649.0;155.9;170.2;24;75
2022;Bourgogne et Franche-Comté;Doubs;18-24 ans;Hommes;38.0;154.8;;25;27
2022;Bourgogne et Franche-Comté;Doubs;45-64 ans;Femmes;98.0;142.6;;25;27
2022;Bourgogne et Franche-Comté;Doubs;Tous;Hommes et Femmes;717.0;130.7;129.6;25;27
2022;Auvergne et Rhône-Alpes;Drôme;18-24 ans;Hommes;27.0;143.0;;26;84
2022;Auvergne et Rhône-Alpes;Drôme;00-17 ans;Femmes;151.0;278.6;;26;84
2022;Auvergne et Rhône-Alpes;Drôme;45-64 ans;Femmes;90.0;128.3;;26;84
2022;Auvergne et Rhône-Alpes;Drôme;65 ans et plus;Femmes;45.0;67.3;;26;84
2022;Auvergne et Rhône-Alpes;Drôme;00-17 ans;Hommes et Femmes;171.0;153.1;;26;84
2022;Auvergne et Rhône-Alpes;Drôme;25-44 ans;Hommes et Femmes;139.0;116.6;;26;84
2022;Auvergne et Rhône-Alpes;Drôme;45-64 ans;Hommes et Femmes;148.0;108.4;;26;84
2022;Normandie;Eure;25-44 ans;Hommes et Femmes;251.0;179.6;;27;28
2022;Normandie;Eure;65 ans et plus;Hommes et Femmes;112.0;91.0;;27;28
2022;Centre-Val de Loire;Eure-et-Loir;00-17 ans;Hommes;17.0;33.7;;28;24
2022;Centre-Val de Loire;Eure-et-Loir;00-17 ans;Femmes;79.0;166.6;;28;24
2022;Centre-Val de Loire;Eure-et-Loir;45-64 ans;Femmes;112.0;192.8;;28;24
2022;Centre-Val de Loire;Eure-et-Loir;25-44 ans;Hommes et Femmes;131.0;133.1;;28;24
2022;Centre-Val de Loire;Eure-et-Loir;65 ans et plus;Hommes et Femmes;83.0;89.5;;28;24
2022;Bretagne;Finistère;18-24 ans;Hommes;73.0;198.5;;29;53
2022;Bretagne;Finistère;65 ans et plus;Hommes;63.0;65.4;;29;53
2022;Bretagne;Finistère;25-44 ans;Femmes;250.0;249.6;;29;53
2022;Bretagne;Finistère;Tous;Femmes;1253.0;263.3;275.2;29;53
2022;Bretagne;Finistère;00-17 ans;Hommes et Femmes;347.0;193.6;;29;53
2022;Bretagne;Finistère;45-64 ans;Hommes et Femmes;565.0;226.5;;29;53
2022;Bretagne;Finistère;65 ans et plus;Hommes et Femmes;176.0;77.7;;29;53
2022;Bretagne;Finistère;Tous;Hommes et Femmes;1938.0;208.9;216.3;29;53
2022;Occitanie;Gard;45-64 ans;Hommes;125.0;126.5;;30;76
2022;Occitanie;Gard;65 ans et plus;Hommes;60.0;73.5;;30;76
2022;Occitanie;Gard;18-24 ans;Hommes et Femmes;204.0;368.0;;30;76
2022;Occitanie;Gard;25-44 ans;Hommes et Femmes;263.0;160.3;;30;76
2022;Occitanie;Gard;65 ans et plus;Hommes et Femmes;157.0;85.0;;30;76
2022;Occitanie;Haute-Garonne;18-24 ans;Hommes;76.0;102.5;;31;76
2022;Occitanie;Haute-Garonne;00-17 ans;Femmes;239.0;160.4;;31;76
2022;Occitanie;Haute-Garonne;18-24 ans;Femmes;166.0;225.5;;31;76
2022;Occitanie;Haute-Garonne;45-64 ans;Femmes;161.0;90.2;;31;76
2022;Occitanie;Haute-Garonne;Tous;Hommes et Femmes;1289.0;88.5;85.5;31;76
2022;Occitanie;Gers;18-24 ans;Hommes;10.0;168.9;;32;76
2022;Occitanie;Gers;65 ans et plus;Hommes;18.0;71.9;;32;76
2022;Occitanie;Gers;45-64 ans;Femmes;41.0;145.0;;32;76
2022;Occitanie;Gers;00-17 ans;Hommes et Femmes;45.0;130.6;;32;76
2022;Occitanie;Gers;18-24 ans;Hommes et Femmes;21.0;191.4;;32;76
2022;Occitanie;Gers;65 ans et plus;Hommes et Femmes;42.0;76.2;;32;76
2022;Occitanie;Gers;Tous;Hommes et Femmes;238.0;123.5;131.9;32;76
2022;Nouvelle Aquitaine;Gironde;65 ans et plus;Hommes;91.0;63.8;;33;75
2022;Nouvelle Aquitaine;Gironde;Tous;Hommes;987.0;122.8;120.0;33;75
2022;Nouvelle Aquitaine;Gironde;25-44 ans;Femmes;386.0;175.3;;33;75
2022;Nouvelle Aquitaine;Gironde;45-64 ans;Hommes et Femmes;634.0;150.2;;33;75
2022;Nouvelle Aquitaine;Gironde;Tous;Hommes et Femmes;2961.0;176.8;173.8;33;75
2022;Occitanie;Hérault;Tous;Femmes;864.0;135.7;134.7;34;76
2022;Bretagne;Ille-et-Vilaine;25-44 ans;Hommes;219.0;156.8;;35;53
2022;Bretagne;Ille-et-Vilaine;45-64 ans;Hommes;180.0;132.7;;35;53
2022;Bretagne;Ille-et-Vilaine;18-24 ans;Femmes;193.0;369.1;;35;53
2022;Bretagne;Ille-et-Vilaine;45-64 ans;Femmes;227.0;165.7;;35;53
2022;Bretagne;Ille-et-Vilaine;Tous;Femmes;968.0;170.7;166.1;35;53
2022;Bretagne;Ille-et-Vilaine;65 ans et plus;Hommes et Femmes;184.0;89.2;;35;53
2022;Centre-Val de Loire;Indre;Tous;Hommes;116.0;110.8;113.7;36;24
2022;Centre-Val de Loire;Indre;00-17 ans;Femmes;18.0;95.6;;36;24
2022;Centre-Val de Loire;Indre;18-24 ans;Femmes;21.0;330.5;;36;24
2022;Centre-Val de Loire;Indre;Tous;Femmes;142.0;126.6;135.6;36;24
2022;Centre-Val de Loire;Indre;18-24 ans;Hommes et Femmes;38.0;283.3;;36;24
2022;Centre-Val de Loire;Indre;25-44 ans;Hommes et Femmes;59.0;142.7;;36;24
2022;Centre-Val de Loire;Indre;Tous;Hommes et Femmes;258.0;119.0;125.0;36;24
2022;Centre-Val de Loire;Indre-et-Loire;25-44 ans;Hommes;143.0;204.4;;37;24
2022;Centre-Val de Loire;Indre-et-Loire;Tous;Hommes;340.0;114.8;115.5;37;24
2022;Centre-Val de Loire;Indre-et-Loire;00-17 ans;Femmes;172.0;281.1;;37;24
2022;Centre-Val de Loire;Indre-et-Loire;25-44 ans;Femmes;101.0;139.4;;37;24
2022;Centre-Val de Loire;Indre-et-Loire;Tous;Femmes;606.0;189.2;188.3;37;24
2022;Centre-Val de Loire;Indre-et-Loire;00-17 ans;Hommes et Femmes;195.0;156.0;;37;24
2022;Centre-Val de Loire;Indre-et-Loire;45-64 ans;Hommes et Femmes;198.0;127.0;;37;24
2022;Centre-Val de Loire;Indre-et-Loire;65 ans et plus;Hommes et Femmes;109.0;78.0;;37;24
2022;Auvergne et Rhône-Alpes;Isère;00-17 ans;Hommes;47.0;32.0;;38;84
2022;Auvergne et Rhône-Alpes;Isère;18-24 ans;Hommes;83.0;143.3;;38;84
2022;Auvergne et Rhône-Alpes;Isère;00-17 ans;Femmes;275.0;196.7;;38;84
2022;Auvergne et Rhône-Alpes;Isère;25-44 ans;Femmes;216.0;135.9;;38;84
2022;Auvergne et Rhône-Alpes;Isère;45-64 ans;Hommes et Femmes;440.0;133.5;;38;84
2022;Bourgogne et Franche-Comté;Jura;18-24 ans;Hommes;20.0;217.1;;39;27
2022;Bourgogne et Franche-Comté;Jura;25-44 ans;Femmes;73.0;261.3;;39;27
2022;Bourgogne et Franche-Comté;Jura;65 ans et plus;Femmes;17.0;48.3;;39;27
2022;Bourgogne et Franche-Comté;Jura;25-44 ans;Hommes et Femmes;137.0;244.9;;39;27
2022;Nouvelle Aquitaine;Landes;00-17 ans;Hommes;11.0;26.9;;40;75
2022;Nouvelle Aquitaine;Landes;25-44 ans;Hommes;54.0;120.7;;40;75
2022;Nouvelle Aquitaine;Landes;45-64 ans;Hommes;45.0;76.3;;40;75
2022;Nouvelle Aquitaine;Landes;65 ans et plus;Hommes;17.0;34.1;;40;75
2022;Nouvelle Aquitaine;Landes;Tous;Hommes;138.0;66.4;68.8;40;75
2022;Nouvelle Aquitaine;Landes;00-17 ans;Femmes;78.0;202.2;;40;75
2022;Nouvelle Aquitaine;Landes;45-64 ans;Femmes;89.0;145.5;;40;75
2022;Nouvelle Aquitaine;Landes;00-17 ans;Hommes et Femmes;89.0;112.0;;40;75
2022;Nouvelle Aquitaine;Landes;Tous;Hommes et Femmes;471.0;109.9;117.0;40;75
2022;Centre-Val de Loire;Loir-et-Cher;00-17 ans;Hommes;15.0;44.5;;41;24
2022;Centre-Val de Loire;Loir-et-Cher;25-44 ans;Hommes;34.0;101.1;;41;24
2022;Centre-Val de Loire;Loir-et-Cher;Tous;Hommes;127.0;79.4;80.9;41;24
2022;Centre-Val de Loire;Loir-et-Cher;00-17 ans;Femmes;124.0;390.6;;41;24
2022;Centre-Val de Loire;Loir-et-Cher;Tous;Femmes;268.0;158.5;164.3;41;24
2022;Centre-Val de Loire;Loir-et-Cher;18-24 ans;Hommes et Femmes;35.0;165.9;;41;24
2022;Centre-Val de Loire;Loir-et-Cher;Tous;Hommes et Femmes;395.0;120.1;123.9;41;24
2022;Auvergne et Rhône-Alpes;Loire;00-17 ans;Hommes;32.0;37.2;;42;84
2022;Auvergne et Rhône-Alpes;Loire;18-24 ans;Hommes;65.0;200.2;;42;84
2022;Auvergne et Rhône-Alpes;Loire;45-64 ans;Hommes;136.0;143.3;;42;84
2022;Auvergne et Rhône-Alpes;Loire;18-24 ans;Femmes;147.0;486.2;;42;84
2022;Auvergne et Rhône-Alpes;Loire;45-64 ans;Hommes et Femmes;335.0;174.2;;42;84
2022;Auvergne et Rhône-Alpes;Loire;65 ans et plus;Hommes et Femmes;130.0;73.1;;42;84
2022;Auvergne et Rhône-Alpes;Haute-Loire;65 ans et plus;Hommes;11.0;42.8;;43;84
2022;Pays de la Loire;Loire-Atlantique;00-17 ans;Hommes;64.0;38.4;;44;52
2022;Pays de la Loire;Loire-Atlantique;18-24 ans;Hommes;61.0;93.4;;44;52
2022;Pays de la Loire;Loire-Atlantique;Tous;Hommes;563.0;78.4;77.6;44;52
2022;Pays de la Loire;Loire-Atlantique;18-24 ans;Femmes;158.0;256.0;;44;52
2022;Pays de la Loire;Loire-Atlantique;25-44 ans;Femmes;230.0;121.9;;44;52
2022;Pays de la Loire;Loire-Atlantique;18-24 ans;Hommes et Femmes;219.0;172.4;;44;52
2022;Centre-Val de Loire;Loiret;00-17 ans;Hommes;16.0;20.2;;45;24
2022;Centre-Val de Loire;Loiret;25-44 ans;Hommes;90.0;114.2;;45;24
2022;Centre-Val de Loire;Loiret;18-24 ans;Femmes;70.0;273.7;;45;24
2022;Centre-Val de Loire;Loiret;00-17 ans;Hommes et Femmes;126.0;81.7;;45;24
2022;Centre-Val de Loire;Loiret;45-64 ans;Hommes et Femmes;208.0;119.6;;45;24
2022;Centre-Val de Loire;Loiret;65 ans et plus;Hommes et Femmes;97.0;67.3;;45;24
2022;Centre-Val de Loire;Loiret;Tous;Hommes et Femmes;751.0;109.3;110.4;45;24
2022;Occitanie;Lot;18-24 ans;Hommes;15.0;295.1;;46;76
2022;Occitanie;Lot;25-44 ans;Hommes;34.0;210.6;;46;76
2022;Occitanie;Lot;25-44 ans;Femmes;46.0;280.6;;46;76
2022;Occitanie;Lot;45-64 ans;Femmes;43.0;169.2;;46;76
2022;Occitanie;Lot;65 ans et plus;Femmes;20.0;66.3;;46;76
2022;Occitanie;Lot;Tous;Femmes;159.0;176.1;204.6;46;76
2022;Occitanie;Lot;18-24 ans;Hommes et Femmes;37.0;394.9;;46;76
2022;Occitanie;Lot;45-64 ans;Hommes et Femmes;80.0;161.1;;46;76
2022;Nouvelle Aquitaine;Lot-et-Garonne;00-17 ans;Hommes;14.0;42.8;;47;75
2022;Nouvelle Aquitaine;Lot-et-Garonne;18-24 ans;Hommes;23.0;211.1;;47;75
2022;Nouvelle Aquitaine;Lot-et-Garonne;25-44 ans;Hommes;59.0;176.1;;47;75
2022;Nouvelle Aquitaine;Lot-et-Garonne;65 ans et plus;Hommes;26.0;64.8;;47;75
2022;Nouvelle Aquitaine;Lot-et-Garonne;45-64 ans;Femmes;81.0;176.6;;47;75
2022;Occitanie;Lozère;18-24 ans;Hommes;2.5;89.4;;48;76
2022;Occitanie;Lozère;45-64 ans;Hommes;13.0;118.5;;48;76
2022;Occitanie;Lozère;00-17 ans;Femmes;6.0;87.0;;48;76
2022;Occitanie;Lozère;18-24 ans;Femmes;9.0;403.8;;48;76
2022;Occitanie;Lozère;45-64 ans;Femmes;18.0;172.5;;48;76
2022;Pays de la Loire;Maine-et-Loire;25-44 ans;Hommes;121.0;127.7;;49;52
2022;Pays de la Loire;Maine-et-Loire;00-17 ans;Femmes;256.0;285.1;;49;52
2022;Pays de la Loire;Maine-et-Loire;65 ans et plus;Femmes;61.0;62.1;;49;52
2022;Pays de la Loire;Maine-et-Loire;00-17 ans;Hommes et Femmes;287.0;156.3;;49;52
2022;Pays de la Loire;Maine-et-Loire;Tous;Hommes et Femmes;928.0;112.1;110.6;49;52
2022;Normandie;Manche;25-44 ans;Hommes;139.0;262.0;;50;28
2022;Normandie;Manche;45-64 ans;Hommes;117.0;175.2;;50;28
2022;Normandie;Manche;Tous;Hommes;379.0;156.1;161.7;50;28
2022;Normandie;Manche;00-17 ans;Femmes;236.0;504.1;;50;28
2022;Normandie;Manche;18-24 ans;Hommes et Femmes;147.0;460.5;;50;28
2022;Normandie;Manche;Tous;Hommes et Femmes;1059.0;213.2;227.3;50;28
2022;Grand Est;Marne;25-44 ans;Hommes;112.0;165.8;;51;44
2022;Grand Est;Marne;45-64 ans;Hommes;103.0;149.3;;51;44
2022;Grand Est;Marne;25-44 ans;Femmes;127.0;185.1;;51;44
2022;Grand Est;Marne;65 ans et plus;Hommes et Femmes;91.0;77.4;;51;44
2022;Grand Est;Haute-Marne;00-17 ans;Hommes;0.0;0.0;;52;44
2022;Grand Est;Haute-Marne;45-64 ans;Hommes;30.0;132.3;;52;44
2022;Grand Est;Haute-Marne;25-44 ans;Femmes;54.0;310.7;;52;44
2022;Grand Est;Haute-Marne;45-64 ans;Hommes et Femmes;88.0;192.1;;52;44
2022;Pays de la Loire;Mayenne;00-17 ans;Femmes;146.0;447.6;;53;52
2022;Pays de la Loire;Mayenne;18-24 ans;Femmes;49.0;475.8;;53;52
2022;Pays de la Loire;Mayenne;45-64 ans;Femmes;76.0;191.7;;53;52
2022;Pays de la Loire;Mayenne;Tous;Femmes;345.0;223.2;224.6;53;52
2022;Pays de la Loire;Mayenne;00-17 ans;Hommes et Femmes;165.0;247.0;;53;52
2022;Grand Est;Meurthe-et-Moselle;00-17 ans;Hommes;22.0;28.6;;54;44
2022;Grand Est;Meurthe-et-Moselle;18-24 ans;Hommes;49.0;137.5;;54;44
2022;Grand Est;Meurthe-et-Moselle;65 ans et plus;Hommes;37.0;58.6;;54;44
2022;Grand Est;Meurthe-et-Moselle;18-24 ans;Femmes;77.0;220.2;;54;44
2022;Grand Est;Meurthe-et-Moselle;Tous;Hommes et Femmes;836.0;114.1;112.3;54;44
2022;Grand Est;Meuse;25-44 ans;Hommes;43.0;216.1;;55;44
2022;Grand Est;Meuse;45-64 ans;Hommes;36.0;145.7;;55;44
2022;Grand Est;Meuse;65 ans et plus;Hommes;8.0;41.0;;55;44
2022;Grand Est;Meuse;00-17 ans;Femmes;46.0;263.8;;55;44
2022;Grand Est;Meuse;00-17 ans;Hommes et Femmes;52.0;144.7;;55;44
2022;Grand Est;Meuse;25-44 ans;Hommes et Femmes;76.0;194.9;;55;44
2022;Grand Est;Meuse;Tous;Hommes et Femmes;290.0;160.4;167.4;55;44
2022;Bretagne;Morbihan;00-17 ans;Hommes;40.0;51.5;;56;53
2022;Bretagne;Morbihan;18-24 ans;Hommes;58.0;207.8;;56;53
2022;Bretagne;Morbihan;45-64 ans;Hommes;148.0;142.6;;56;53
2022;Bretagne;Morbihan;65 ans et plus;Hommes;46.0;52.7;;56;53
2022;Bretagne;Morbihan;00-17 ans;Femmes;217.0;298.4;;56;53
2022;Bretagne;Morbihan;45-64 ans;Femmes;236.0;218.2;;56;53
2022;Bretagne;Morbihan;25-44 ans;Hommes et Femmes;362.0;225.4;;56;53
2022;Bretagne;Morbihan;45-64 ans;Hommes et Femmes;384.0;181.2;;56;53
2022;Grand Est;Moselle;00-17 ans;Hommes;32.0;29.8;;57;44
2022;Grand Est;Moselle;65 ans et plus;Hommes;36.0;37.8;;57;44
2022;Grand Est;Moselle;45-64 ans;Femmes;152.0;105.3;;57;44
2022;Grand Est;Moselle;Tous;Hommes et Femmes;1028.0;97.8;98.7;57;44
2022;Bourgogne et Franche-Comté;Nièvre;65 ans et plus;Femmes;22.0;62.9;;58;27
2022;Bourgogne et Franche-Comté;Nièvre;00-17 ans;Hommes et Femmes;85.0;244.0;;58;27
2022;Bourgogne et Franche-Comté;Nièvre;18-24 ans;Hommes et Femmes;40.0;320.1;;58;27
2022;Bourgogne et Franche-Comté;Nièvre;25-44 ans;Hommes et Femmes;72.0;187.9;;58;27
2022;Bourgogne et Franche-Comté;Nièvre;45-64 ans;Hommes et Femmes;105.0;190.5;;58;27
2022;Bourgogne et Franche-Comté;Nièvre;Tous;Hommes et Femmes;334.0;165.1;183.5;58;27
2022;Hauts-de-France;Nord;18-24 ans;Hommes;370.0;293.2;;59;32
2022;Hauts-de-France;Nord;45-64 ans;Hommes;812.0;261.4;;59;32
2022;Hauts-de-France;Nord;Tous;Hommes;2619.0;207.3;204.4;59;32
2022;Hauts-de-France;Nord;18-24 ans;Femmes;862.0;689.1;;59;32
2022;Hauts-de-France;Nord;25-44 ans;Hommes et Femmes;2026.0;306.6;;59;32
2022;Hauts-de-France;Nord;65 ans et plus;Hommes et Femmes;503.0;106.2;;59;32
2022;Hauts-de-France;Oise;18-24 ans;Hommes;32.0;95.1;;60;32
2022;Hauts-de-France;Oise;00-17 ans;Femmes;282.0;293.2;;60;32
2022;Hauts-de-France;Oise;18-24 ans;Femmes;99.0;319.2;;60;32
2022;Hauts-de-France;Oise;65 ans et plus;Femmes;98.0;116.7;;60;32
2022;Hauts-de-France;Oise;Tous;Femmes;795.0;187.6;183.2;60;32
2022;Hauts-de-France;Oise;00-17 ans;Hommes et Femmes;330.0;168.2;;60;32
2022;Hauts-de-France;Oise;25-44 ans;Hommes et Femmes;283.0;139.4;;60;32
2022;Hauts-de-France;Oise;45-64 ans;Hommes et Femmes;306.0;141.0;;60;32
2022;Hauts-de-France;Oise;65 ans et plus;Hommes et Femmes;149.0;99.5;;60;32
2022;Hauts-de-France;Oise;Tous;Hommes et Femmes;1199.0;144.3;142.7;60;32
2022;Normandie;Orne;00-17 ans;Hommes;18.0;65.1;;61;28
2022;Normandie;Orne;00-17 ans;Femmes;86.0;336.4;;61;28
2022;Normandie;Orne;25-44 ans;Femmes;68.0;250.4;;61;28
2022;Normandie;Orne;45-64 ans;Femmes;85.0;226.3;;61;28
2022;Normandie;Orne;65 ans et plus;Femmes;33.0;78.1;;61;28
2022;Normandie;Orne;18-24 ans;Hommes et Femmes;95.0;514.3;;61;28
2022;Normandie;Orne;25-44 ans;Hommes et Femmes;138.0;252.0;;61;28
2022;Normandie;Orne;65 ans et plus;Hommes et Femmes;64.0;85.1;;61;28
2022;Hauts-de-France;Pas-de-Calais;45-64 ans;Hommes;383.0;206.1;;62;32
2022;Hauts-de-France;Pas-de-Calais;Tous;Hommes;1174.0;165.8;166.3;62;32
2022;Hauts-de-France;Pas-de-Calais;00-17 ans;Femmes;350.0;218.4;;62;32
2022;Hauts-de-France;Pas-de-Calais;Tous;Femmes;1702.0;226.3;226.7;62;32
2022;Hauts-de-France;Pas-de-Calais;00-17 ans;Hommes et Femmes;447.0;136.0;;62;32
2022;Hauts-de-France;Pas-de-Calais;65 ans et plus;Hommes et Femmes;284.0;96.9;;62;32
2022;Hauts-de-France;Pas-de-Calais;Tous;Hommes et Femmes;2876.0;197.0;197.4;62;32
2022;Auvergne et Rhône-Alpes;Puy-de-Dôme;25-44 ans;Hommes;172.0;222.6;;63;84
2022;Auvergne et Rhône-Alpes;Puy-de-Dôme;00-17 ans;Femmes;117.0;183.9;;63;84
2022;Auvergne et Rhône-Alpes;Puy-de-Dôme;45-64 ans;Femmes;159.0;183.8;;63;84
2022;Auvergne et Rhône-Alpes;Puy-de-Dôme;Tous;Femmes;651.0;190.2;190.5;63;84
2022;Auvergne et Rhône-Alpes;Puy-de-Dôme;45-64 ans;Hommes et Femmes;299.0;174.8;;63;84
2022;Auvergne et Rhône-Alpes;Puy-de-Dôme;65 ans et plus;Hommes et Femmes;117.0;77.8;;63;84
2022;Nouvelle Aquitaine;Pyrénées-Atlantiques;00-17 ans;Hommes;7.0;10.5;;64;75
2022;Nouvelle Aquitaine;Pyrénées-Atlantiques;45-64 ans;Hommes;28.0;30.4;;64;75
2022;Nouvelle Aquitaine;Pyrénées-Atlantiques;00-17 ans;Femmes;47.0;75.6;;64;75
2022;Nouvelle Aquitaine;Pyrénées-Atlantiques;18-24 ans;Femmes;25.0;108.8;;64;75
2022;Nouvelle Aquitaine;Pyrénées-Atlantiques;25-44 ans;Femmes;43.0;53.7;;64;75
2022;Nouvelle Aquitaine;Pyrénées-Atlantiques;45-64 ans;Femmes;45.0;45.9;;64;75
2022;Nouvelle Aquitaine;Pyrénées-Atlantiques;65 ans et plus;Femmes;30.0;29.8;;64;75
2022;Nouvelle Aquitaine;Pyrénées-Atlantiques;18-24 ans;Hommes et Femmes;42.0;86.6;;64;75
2022;Nouvelle Aquitaine;Pyrénées-Atlantiques;45-64 ans;Hommes et Femmes;73.0;38.4;;64;75
2022;Nouvelle Aquitaine;Pyrénées-Atlantiques;65 ans et plus;Hommes et Femmes;52.0;29.6;;64;75
2022;Occitanie;Hautes-Pyrénées;00-17 ans;Hommes;13.0;62.1;;65;76
2022;Occitanie;Hautes-Pyrénées;18-24 ans;Hommes;12.0;135.9;;65;76
2022;Occitanie;Hautes-Pyrénées;45-64 ans;Hommes;28.0;90.9;;65;76
2022;Occitanie;Hautes-Pyrénées;65 ans et plus;Hommes;9.0;32.4;;65;76
2022;Occitanie;Hautes-Pyrénées;Tous;Hommes;82.0;73.3;75.9;65;76
2022;Occitanie;Hautes-Pyrénées;45-64 ans;Femmes;47.0;142.2;;65;76
2022;Occitanie;Hautes-Pyrénées;00-17 ans;Hommes et Femmes;65.0;161.3;;65;76
2022;Occitanie;Hautes-Pyrénées;18-24 ans;Hommes et Femmes;45.0;280.1;;65;76
2022;Occitanie;Pyrénées-Orientales;00-17 ans;Hommes;23.0;47.0;;66;76
2022;Occitanie;Pyrénées-Orientales;00-17 ans;Hommes et Femmes;146.0;153.3;;66;76
2022;Occitanie;Pyrénées-Orientales;25-44 ans;Hommes et Femmes;130.0;127.4;;66;76
2022;Grand Est;Bas-Rhin;00-17 ans;Hommes;33.0;27.8;;67;44
2022;Grand Est;Bas-Rhin;18-24 ans;Hommes;62.0;121.0;;67;44
2022;Grand Est;Bas-Rhin;25-44 ans;Hommes;197.0;136.8;;67;44
2022;Grand Est;Bas-Rhin;Tous;Hommes;514.0;91.3;89.3;67;44
2022;Grand Est;Bas-Rhin;00-17 ans;Femmes;278.0;245.0;;67;44
2022;Grand Est;Bas-Rhin;45-64 ans;Femmes;178.0;115.7;;67;44
2022;Grand Est;Bas-Rhin;Tous;Femmes;930.0;156.6;153.6;67;44
2022;Grand Est;Bas-Rhin;65 ans et plus;Hommes et Femmes;126.0;56.0;;67;44
2022;Grand Est;Haut-Rhin;45-64 ans;Hommes;93.0;88.8;;68;44
2022;Grand Est;Haut-Rhin;65 ans et plus;Hommes;41.0;56.8;;68;44
2022;Grand Est;Haut-Rhin;Tous;Hommes;289.0;76.6;76.5;68;44
2022;Grand Est;Haut-Rhin;00-17 ans;Femmes;161.0;211.9;;68;44
2022;Grand Est;Haut-Rhin;18-24 ans;Femmes;72.0;275.5;;68;44
2022;Grand Est;Haut-Rhin;65 ans et plus;Femmes;58.0;64.6;;68;44
2022;Grand Est;Haut-Rhin;25-44 ans;Hommes et Femmes;177.0;97.3;;68;44
2022;Grand Est;Haut-Rhin;65 ans et plus;Hommes et Femmes;99.0;61.1;;68;44
2022;Grand Est;Haut-Rhin;Tous;Hommes et Femmes;762.0;99.2;100.7;68;44
2022;Auvergne et Rhône-Alpes;Rhône;25-44 ans;Hommes;194.0;76.8;;69;84
2022;Auvergne et Rhône-Alpes;Rhône;45-64 ans;Hommes;188.0;87.3;;69;84
2022;Auvergne et Rhône-Alpes;Rhône;25-44 ans;Femmes;240.0;90.8;;69;84
2022;Auvergne et Rhône-Alpes;Rhône;65 ans et plus;Femmes;107.0;55.5;;69;84
2022;Auvergne et Rhône-Alpes;Rhône;00-17 ans;Hommes et Femmes;264.0;62.5;;69;84
2022;Auvergne et Rhône-Alpes;Rhône;65 ans et plus;Hommes et Femmes;190.0;56.9;;69;84
2022;Auvergne et Rhône-Alpes;Rhône;Tous;Hommes et Femmes;1756.0;92.0;88.5;69;84
2022;Bourgogne et Franche-Comté;Haute-Saône;25-44 ans;Hommes;39.0;157.5;;70;27
2022;Bourgogne et Franche-Comté;Haute-Saône;45-64 ans;Hommes;46.0;142.1;;70;27
2022;Bourgogne et Franche-Comté;Haute-Saône;65 ans et plus;Hommes;11.0;43.0;;70;27
2022;Bourgogne et Franche-Comté;Haute-Saône;65 ans et plus;Femmes;23.0;73.2;;70;27
2022;Bourgogne et Franche-Comté;Haute-Saône;Tous;Femmes;216.0;182.0;189.2;70;27
2022;Bourgogne et Franche-Comté;Haute-Saône;18-24 ans;Hommes et Femmes;37.0;246.0;;70;27
2022;Bourgogne et Franche-Comté;Haute-Saône;Tous;Hommes et Femmes;331.0;141.5;146.8;70;27
2022;Bourgogne et Franche-Comté;Saône-et-Loire;00-17 ans;Hommes;37.0;68.1;;71;27
2022;Bourgogne et Franche-Comté;Saône-et-Loire;Tous;Hommes;331.0;123.7;129.9;71;27
2022;Bourgogne et Franche-Comté;Saône-et-Loire;Tous;Femmes;651.0;231.3;250.6;71;27
2022;Bourgogne et Franche-Comté;Saône-et-Loire;00-17 ans;Hommes et Femmes;246.0;234.0;;71;27
2022;Bourgogne et Franche-Comté;Saône-et-Loire;65 ans et plus;Hommes et Femmes;112.0;75.8;;71;27
2022;Bourgogne et Franche-Comté;Saône-et-Loire;Tous;Hommes et Femmes;982.0;178.8;192.1;71;27
2022;Pays de la Loire;Sarthe;18-24 ans;Hommes;19.0;82.0;;72;52
2022;Pays de la Loire;Sarthe;25-44 ans;Hommes;73.0;120.3;;72;52
2022;Pays de la Loire;Sarthe;45-64 ans;Hommes;53.0;72.6;;72;52
2022;Pays de la Loire;Sarthe;45-64 ans;Femmes;67.0;89.9;;72;52
2022;Pays de la Loire;Sarthe;65 ans et plus;Femmes;44.0;60.1;;72;52
2022;Auvergne et Rhône-Alpes;Savoie;Tous;Femmes;411.0;181.4;186.3;73;84
2022;Auvergne et Rhône-Alpes;Savoie;18-24 ans;Hommes et Femmes;87.0;268.5;;73;84
2022;Auvergne et Rhône-Alpes;Savoie;45-64 ans;Hommes et Femmes;142.0;119.3;;73;84
2022;Auvergne et Rhône-Alpes;Savoie;65 ans et plus;Hommes et Femmes;55.0;57.2;;73;84
2022;Auvergne et Rhône-Alpes;Haute-Savoie;45-64 ans;Hommes;86.0;79.2;;74;84
2022;Auvergne et Rhône-Alpes;Haute-Savoie;18-24 ans;Femmes;105.0;392.2;;74;84
2022;Auvergne et Rhône-Alpes;Haute-Savoie;25-44 ans;Femmes;172.0;145.7;;74;84
2022;Auvergne et Rhône-Alpes;Haute-Savoie;45-64 ans;Femmes;147.0;132.5;;74;84
2022;Auvergne et Rhône-Alpes;Haute-Savoie;65 ans et plus;Femmes;52.0;61.9;;74;84
2022;Auvergne et Rhône-Alpes;Haute-Savoie;25-44 ans;Hommes et Femmes;287.0;122.2;;74;84
2022;Auvergne et Rhône-Alpes;Haute-Savoie;65 ans et plus;Hommes et Femmes;95.0;63.7;;74;84
2022;Île-de-France;Paris;00-17 ans;Hommes;39.0;22.9;;75;11
2022;Île-de-France;Paris;18-24 ans;Hommes;72.0;71.9;;75;11
2022;Île-de-France;Paris;Tous;Hommes;454.0;45.7;43.5;75;11
2022;Île-de-France;Paris;18-24 ans;Femmes;180.0;146.4;;75;11
2022;Île-de-France;Paris;Tous;Femmes;826.0;73.8;76.3;75;11
2022;Île-de-France;Paris;00-17 ans;Hommes et Femmes;318.0;94.4;;75;11
2022;Île-de-France;Paris;Tous;Hommes et Femmes;1280.0;60.6;60.4;75;11
2022;Normandie;Seine-Maritime;Tous;Hommes;798.0;131.7;132.0;76;28
2022;Normandie;Seine-Maritime;18-24 ans;Femmes;321.0;594.4;;76;28
2022;Normandie;Seine-Maritime;65 ans et plus;Hommes et Femmes;212.0;79.6;;76;28
2022;Île-de-France;Seine-et-Marne;Tous;Hommes;436.0;61.6;62.6;77;11
2022;Île-de-France;Seine-et-Marne;00-17 ans;Femmes;357.0;205.7;;77;11
2022;Île-de-France;Seine-et-Marne;45-64 ans;Femmes;176.0;94.4;;77;11
2022;Île-de-France;Yvelines;18-24 ans;Hommes;37.0;59.0;;78;11
2022;Île-de-France;Yvelines;25-44 ans;Hommes;88.0;48.9;;78;11
2022;Île-de-France;Yvelines;65 ans et plus;Hommes;46.0;42.6;;78;11
2022;Île-de-France;Yvelines;Tous;Hommes;281.0;39.2;39.8;78;11
2022;Île-de-France;Yvelines;25-44 ans;Femmes;120.0;63.3;;78;11
2022;Île-de-France;Yvelines;65 ans et plus;Femmes;75.0;53.0;;78;11
2022;Île-de-France;Yvelines;00-17 ans;Hommes et Femmes;311.0;88.7;;78;11
2022;Île-de-France;Yvelines;25-44 ans;Hommes et Femmes;208.0;56.3;;78;11
2022;Nouvelle Aquitaine;Deux-Sèvres;25-44 ans;Hommes;75.0;186.5;;79;75
2022;Nouvelle Aquitaine;Deux-Sèvres;65 ans et plus;Hommes;22.0;54.3;;79;75
2022;Nouvelle Aquitaine;Deux-Sèvres;Tous;Hommes;224.0;121.4;125.7;79;75
2022;Nouvelle Aquitaine;Deux-Sèvres;00-17 ans;Femmes;99.0;266.9;;79;75
2022;Nouvelle Aquitaine;Deux-Sèvres;18-24 ans;Femmes;43.0;386.3;;79;75
2022;Nouvelle Aquitaine;Deux-Sèvres;00-17 ans;Hommes et Femmes;112.0;146.0;;79;75
2022;Nouvelle Aquitaine;Deux-Sèvres;18-24 ans;Hommes et Femmes;78.0;316.1;;79;75
2022;Nouvelle Aquitaine;Deux-Sèvres;45-64 ans;Hommes et Femmes;187.0;182.5;;79;75
2022;Nouvelle Aquitaine;Deux-Sèvres;Tous;Hommes et Femmes;592.0;157.7;163.3;79;75
2022;Hauts-de-France;Somme;00-17 ans;Hommes;68.0;113.2;;80;32
2022;Hauts-de-France;Somme;25-44 ans;Hommes;252.0;381.4;;80;32
2022;Hauts-de-France;Somme;65 ans et plus;Hommes;53.0;103.3;;80;32
2022;Hauts-de-France;Somme;18-24 ans;Femmes;208.0;806.8;;80;32
2022;Hauts-de-France;Somme;25-44 ans;Femmes;252.0;379.7;;80;32
2022;Hauts-de-France;Somme;00-17 ans;Hommes et Femmes;370.0;315.5;;80;32
2022;Hauts-de-France;Somme;25-44 ans;Hommes et Femmes;504.0;380.6;;80;32
2022;Occitanie;Tarn;45-64 ans;Hommes;53.0;101.6;;81;76
2022;Occitanie;Tarn;18-24 ans;Femmes;46.0;364.6;;81;76
2022;Occitanie;Tarn;45-64 ans;Femmes;108.0;196.6;;81;76
2022;Occitanie;Tarn;65 ans et plus;Femmes;48.0;82.1;;81;76
2022;Occitanie;Tarn;Tous;Femmes;355.0;173.3;181.7;81;76
2022;Occitanie;Tarn;00-17 ans;Hommes et Femmes;97.0;127.6;;81;76
2022;Occitanie;Tarn-et-Garonne;00-17 ans;Hommes;8.0;27.0;;82;76
2022;Occitanie;Tarn-et-Garonne;18-24 ans;Hommes;22.0;236.2;;82;76
2022;Occitanie;Tarn-et-Garonne;45-64 ans;Hommes;50.0;143.9;;82;76
2022;Occitanie;Tarn-et-Garonne;18-24 ans;Femmes;35.0;440.8;;82;76
2022;Occitanie;Tarn-et-Garonne;25-44 ans;Femmes;43.0;144.4;;82;76
2022;Occitanie;Tarn-et-Garonne;00-17 ans;Hommes et Femmes;75.0;130.0;;82;76
2022;Occitanie;Tarn-et-Garonne;65 ans et plus;Hommes et Femmes;51.0;83.7;;82;76
2022;Provence-Alpes-Côte d'Azur;Var;00-17 ans;Hommes;47.0;44.8;;83;93
2022;Provence-Alpes-Côte d'Azur;Var;25-44 ans;Hommes;181.0;153.5;;83;93
2022;Provence-Alpes-Côte d'Azur;Var;45-64 ans;Hommes;150.0;106.6;;83;93
2022;Provence-Alpes-Côte d'Azur;Var;Tous;Hommes;495.0;92.9;94.5;83;93
2022;Provence-Alpes-Côte d'Azur;Var;25-44 ans;Femmes;173.0;143.3;;83;93
2022;Provence-Alpes-Côte d'Azur;Var;18-24 ans;Hommes et Femmes;151.0;207.5;;83;93
2022;Provence-Alpes-Côte d'Azur;Var;25-44 ans;Hommes et Femmes;354.0;148.3;;83;93
2022;Provence-Alpes-Côte d'Azur;Var;65 ans et plus;Hommes et Femmes;260.0;86.6;;83;93
2022;Provence-Alpes-Côte d'Azur;Vaucluse;45-64 ans;Hommes;97.0;134.4;;84;93
2022;Provence-Alpes-Côte d'Azur;Vaucluse;18-24 ans;Femmes;69.0;363.5;;84;93
2022;Provence-Alpes-Côte d'Azur;Vaucluse;25-44 ans;Femmes;88.0;134.4;;84;93
2022;Provence-Alpes-Côte d'Azur;Vaucluse;45-64 ans;Femmes;121.0;154.9;;84;93
2022;Provence-Alpes-Côte d'Azur;Vaucluse;18-24 ans;Hommes et Femmes;103.0;262.6;;84;93
2022;Provence-Alpes-Côte d'Azur;Vaucluse;25-44 ans;Hommes et Femmes;176.0;138.6;;84;93
2022;Pays de la Loire;Vendée;18-24 ans;Hommes;61.0;249.5;;85;52
2022;Pays de la Loire;Vendée;65 ans et plus;Hommes;54.0;66.1;;85;52
2022;Pays de la Loire;Vendée;25-44 ans;Femmes;171.0;229.5;;85;52
2022;Pays de la Loire;Vendée;45-64 ans;Femmes;180.0;190.4;;85;52
2022;Pays de la Loire;Vendée;18-24 ans;Hommes et Femmes;203.0;445.8;;85;52
2022;Pays de la Loire;Vendée;Tous;Hommes et Femmes;1253.0;177.4;189.3;85;52
2022;Nouvelle Aquitaine;Vienne;00-17 ans;Hommes;12.0;26.6;;86;75
2022;Nouvelle Aquitaine;Vienne;25-44 ans;Hommes;66.0;136.3;;86;75
2022;Nouvelle Aquitaine;Vienne;00-17 ans;Femmes;55.0;127.7;;86;75
2022;Nouvelle Aquitaine;Vienne;45-64 ans;Femmes;64.0;112.9;;86;75
2022;Nouvelle Aquitaine;Vienne;Tous;Femmes;281.0;124.2;122.6;86;75
2022;Nouvelle Aquitaine;Vienne;65 ans et plus;Hommes et Femmes;50.0;49.7;;86;75
2022;Nouvelle Aquitaine;Haute-Vienne;25-44 ans;Hommes;84.0;213.4;;87;75
2022;Nouvelle Aquitaine;Haute-Vienne;00-17 ans;Femmes;81.0;241.8;;87;75
2022;Nouvelle Aquitaine;Haute-Vienne;65 ans et plus;Femmes;58.0;105.8;;87;75
2022;Nouvelle Aquitaine;Haute-Vienne;Tous;Femmes;373.0;192.1;197.5;87;75
2022;Nouvelle Aquitaine;Haute-Vienne;25-44 ans;Hommes et Femmes;165.0;207.0;;87;75
2022;Grand Est;Vosges;18-24 ans;Hommes;51.0;385.1;;88;44
2022;Grand Est;Vosges;25-44 ans;Hommes;112.0;295.7;;88;44
2022;Grand Est;Vosges;45-64 ans;Hommes;70.0;142.7;;88;44
2022;Grand Est;Vosges;18-24 ans;Femmes;81.0;723.9;;88;44
2022;Grand Est;Vosges;00-17 ans;Hommes et Femmes;185.0;270.3;;88;44
2022;Grand Est;Vosges;45-64 ans;Hommes et Femmes;194.0;195.5;;88;44
2022;Bourgogne et Franche-Comté;Yonne;Tous;Hommes;142.0;87.1;89.9;89;27
2022;Bourgogne et Franche-Comté;Yonne;00-17 ans;Hommes et Femmes;98.0;144.3;;89;27
2022;Bourgogne et Franche-Comté;Yonne;18-24 ans;Hommes et Femmes;34.0;166.9;;89;27
2022;Bourgogne et Franche-Comté;Yonne;45-64 ans;Hommes et Femmes;119.0;131.2;;89;27
2022;Bourgogne et Franche-Comté;Yonne;65 ans et plus;Hommes et Femmes;48.0;56.8;;89;27
2022;Bourgogne et Franche-Comté;Territoire de Belfort;18-24 ans;Hommes;9.0;130.1;;90;27
2022;Bourgogne et Franche-Comté;Territoire de Belfort;45-64 ans;Hommes;28.0;156.5;;90;27
2022;Bourgogne et Franche-Comté;Territoire de Belfort;Tous;Femmes;112.0;158.7;159.2;90;27
2022;Bourgogne et Franche-Comté;Territoire de Belfort;Tous;Hommes et Femmes;184.5;131.7;133.4;90;27
2022;Île-de-France;Essonne;25-44 ans;Femmes;187.0;105.6;;91;11
2022;Île-de-France;Essonne;45-64 ans;Femmes;158.0;94.9;;91;11
2022;Île-de-France;Essonne;65 ans et plus;Femmes;45.0;38.2;;91;11
2022;Île-de-France;Essonne;00-17 ans;Hommes et Femmes;300.0;93.4;;91;11
2022;Île-de-France;Essonne;45-64 ans;Hommes et Femmes;272.0;82.4;;91;11
2022;Île-de-France;Essonne;Tous;Hommes et Femmes;1211.0;91.4;87.9;91;11
2022;Île-de-France;Hauts-de-Seine;00-17 ans;Hommes;46.0;25.3;;92;11
2022;Île-de-France;Hauts-de-Seine;18-24 ans;Hommes;73.0;100.7;;92;11
2022;Île-de-France;Hauts-de-Seine;45-64 ans;Hommes;109.0;56.4;;92;11
2022;Île-de-France;Hauts-de-Seine;65 ans et plus;Femmes;88.0;57.8;;92;11
2022;Île-de-France;Hauts-de-Seine;00-17 ans;Hommes et Femmes;314.0;88.1;;92;11
2022;Île-de-France;Hauts-de-Seine;18-24 ans;Hommes et Femmes;208.0;142.1;;92;11
2022;Île-de-France;Hauts-de-Seine;45-64 ans;Hommes et Femmes;234.0;57.6;;92;11
2022;Île-de-France;Seine-Saint-Denis;25-44 ans;Hommes;98.0;41.1;;93;11
2022;Île-de-France;Seine-Saint-Denis;Tous;Hommes;280.0;33.6;34.9;93;11
2022;Île-de-France;Seine-Saint-Denis;65 ans et plus;Femmes;51.0;43.1;;93;11
2022;Île-de-France;Seine-Saint-Denis;65 ans et plus;Hommes et Femmes;91.0;42.1;;93;11
2022;Île-de-France;Seine-Saint-Denis;Tous;Hommes et Femmes;881.0;52.4;50.8;93;11
2022;Île-de-France;Val-de-Marne;25-44 ans;Hommes;103.0;53.3;;94;11
2022;Île-de-France;Val-de-Marne;45-64 ans;Hommes;115.0;68.4;;94;11
2022;Île-de-France;Val-de-Marne;00-17 ans;Femmes;285.0;182.9;;94;11
2022;Île-de-France;Val-de-Marne;45-64 ans;Femmes;129.0;71.9;;94;11
2022;Île-de-France;Val-de-Marne;00-17 ans;Hommes et Femmes;316.0;99.5;;94;11
2022;Île-de-France;Val-de-Marne;25-44 ans;Hommes et Femmes;233.0;58.3;;94;11
2022;Île-de-France;Val-d'Oise;25-44 ans;Hommes;75.0;45.6;;95;11
2022;Île-de-France;Val-d'Oise;45-64 ans;Hommes;72.0;47.8;;95;11
2022;Île-de-France;Val-d'Oise;Tous;Femmes;679.0;104.1;98.4;95;11
2022;Île-de-France;Val-d'Oise;65 ans et plus;Hommes et Femmes;91.0;49.4;;95;11
2022;Guadeloupe;Guadeloupe;18-24 ans;Hommes;8.0;55.1;;971;01
2022;Guadeloupe;Guadeloupe;25-44 ans;Hommes;20.0;64.0;;971;01
2022;Guadeloupe;Guadeloupe;Tous;Femmes;59.0;28.3;29.8;971;01
2022;Guadeloupe;Guadeloupe;18-24 ans;Hommes et Femmes;17.0;59.6;;971;01
2022;Guadeloupe;Guadeloupe;45-64 ans;Hommes et Femmes;20.0;17.0;;971;01
2022;Guadeloupe;Guadeloupe;65 ans et plus;Hommes et Femmes;12.0;14.5;;971;01
2022;Guadeloupe;Guadeloupe;Tous;Hommes et Femmes;112.0;29.2;31.5;971;01
2022;Martinique;Martinique;18-24 ans;Hommes;5.0;41.0;;972;02
2022;Martinique;Martinique;Tous;Hommes;69.0;41.9;42.4;972;02
2022;Martinique;Martinique;65 ans et plus;Femmes;7.0;14.7;;972;02
2022;Martinique;Martinique;Tous;Femmes;91.0;46.3;50.8;972;02
2022;Martinique;Martinique;00-17 ans;Hommes et Femmes;47.0;68.1;;972;02
2022;Martinique;Martinique;18-24 ans;Hommes et Femmes;14.0;57.8;;972;02
2022;Martinique;Martinique;45-64 ans;Hommes et Femmes;36.0;31.6;;972;02
2022;Guyane;Guyane;25-44 ans;Hommes;19.0;53.9;;973;03
2022;Guyane;Guyane;45-64 ans;Hommes;17.0;64.0;;973;03
2022;Guyane;Guyane;Tous;Hommes;64.0;45.6;53.2;973;03
2022;Guyane;Guyane;25-44 ans;Femmes;34.0;82.2;;973;03
2022;Guyane;Guyane;45-64 ans;Femmes;11.0;39.8;;973;03
2022;Guyane;Guyane;00-17 ans;Hommes et Femmes;52.0;48.1;;973;03
2022;Guyane;Guyane;25-44 ans;Hommes et Femmes;53.0;69.2;;973;03
2022;Réunion;Réunion;18-24 ans;Hommes;60.0;159.7;;974;04
2022;Réunion;Réunion;00-17 ans;Femmes;253.0;220.1;;974;04
2022;Réunion;Réunion;25-44 ans;Femmes;177.0;151.5;;974;04
2022;Réunion;Réunion;00-17 ans;Hommes et Femmes;291.0;125.2;;974;04
2022;Réunion;Réunion;25-44 ans;Hommes et Femmes;323.0;151.8;;974;04
2022;Réunion;Réunion;65 ans et plus;Hommes et Femmes;47.0;38.3;;974;04
2022;Réunion;Réunion;Tous;Hommes et Femmes;1036.0;117.5;111.2;974;04
2022;Mayotte;Mayotte;45-64 ans;Hommes;2.5;14.0;;976;06
2022;Mayotte;Mayotte;65 ans et plus;Hommes;0.0;0.0;;976;06
2022;Mayotte;Mayotte;18-24 ans;Femmes;2.5;15.6;;976;06
2022;Mayotte;Mayotte;45-64 ans;Femmes;2.5;15.3;;976;06
2022;Mayotte;Mayotte;18-24 ans;Hommes et Femmes;5.0;17.4;;976;06
2022;Saint-Barthélemy;Saint-Barthélemy;25-44 ans;Hommes;2.5;;;977;977
2022;Saint-Barthélemy;Saint-Barthélemy;65 ans et plus;Hommes et Femmes;2.5;;;977;977
2022;Saint-Barthélemy;Saint-Barthélemy;Tous;Hommes et Femmes;16.0;;;977;977
2022;Saint-Martin;Saint-Martin;25-44 ans;Hommes;2.5;;;978;978
2022;Saint-Martin;Saint-Martin;Tous;Hommes;7.0;;;978;978
2022;Saint-Martin;Saint-Martin;45-64 ans;Femmes;2.5;;;978;978
2022;Saint-Martin;Saint-Martin;65 ans et plus;Femmes;0.0;;;978;978
2022;Saint-Martin;Saint-Martin;00-17 ans;Hommes et Femmes;5.0;;;978;978
2022;Saint-Martin;Saint-Martin;18-24 ans;Hommes et Femmes;5.0;;;978;978
2022;Saint-Martin;Saint-Martin;65 ans et plus;Hommes et Femmes;0.0;;;978;978
2022;Saint-Martin;Saint-Martin;Tous;Hommes et Femmes;19.0;;;978;978
2022;Auvergne et Rhône-Alpes;Ain;25-44 ans;Hommes;81.0;98.4;;01;84
2022;Auvergne et Rhône-Alpes;Ain;18-24 ans;Femmes;37.0;168.3;;01;84
2022;Auvergne et Rhône-Alpes;Ain;45-64 ans;Femmes;81.0;91.4;;01;84
2022;Auvergne et Rhône-Alpes;Ain;45-64 ans;Hommes et Femmes;154.0;87.2;;01;84
2022;Hauts-de-France;Aisne;45-64 ans;Hommes;132.0;194.3;;02;32
2022;Hauts-de-France;Aisne;65 ans et plus;Hommes;40.0;81.0;;02;32
2022;Hauts-de-France;Aisne;18-24 ans;Femmes;92.0;496.4;;02;32
2022;Hauts-de-France;Aisne;65 ans et plus;Femmes;67.0;104.2;;02;32
2022;Hauts-de-France;Aisne;00-17 ans;Hommes et Femmes;263.0;226.4;;02;32
2022;Hauts-de-France;Aisne;25-44 ans;Hommes et Femmes;278.0;233.5;;02;32
2022;Auvergne et Rhône-Alpes;Allier;00-17 ans;Hommes;15.0;48.3;;03;84
2022;Auvergne et Rhône-Alpes;Allier;18-24 ans;Femmes;40.0;385.9;;03;84
2022;Auvergne et Rhône-Alpes;Allier;18-24 ans;Hommes et Femmes;61.0;276.7;;03;84
2022;Auvergne et Rhône-Alpes;Allier;25-44 ans;Hommes et Femmes;82.0;124.2;;03;84
2022;Auvergne et Rhône-Alpes;Allier;45-64 ans;Hommes et Femmes;104.0;114.7;;03;84
2022;Auvergne et Rhône-Alpes;Allier;65 ans et plus;Hommes et Femmes;52.0;54.5;;03;84
2022;Provence-Alpes-Côte d'Azur;Alpes-de-Haute-Provence;00-17 ans;Hommes;2.5;15.5;;04;93
2022;Provence-Alpes-Côte d'Azur;Alpes-de-Haute-Provence;25-44 ans;Hommes;23.0;138.3;;04;93
2022;Provence-Alpes-Côte d'Azur;Alpes-de-Haute-Provence;65 ans et plus;Hommes;15.0;73.2;;04;93
2022;Provence-Alpes-Côte d'Azur;Alpes-de-Haute-Provence;Tous;Hommes;67.5;83.2;86.4;04;93
2022;Provence-Alpes-Côte d'Azur;Alpes-de-Haute-Provence;45-64 ans;Femmes;31.0;128.1;;04;93
2022;Provence-Alpes-Côte d'Azur;Alpes-de-Haute-Provence;00-17 ans;Hommes et Femmes;38.5;122.9;;04;93
2022;Provence-Alpes-Côte d'Azur;Alpes-de-Haute-Provence;45-64 ans;Hommes et Femmes;53.0;113.4;;04;93
2022;Provence-Alpes-Côte d'Azur;Alpes-de-Haute-Provence;65 ans et plus;Hommes et Femmes;48.0;105.9;;04;93
2022;Provence-Alpes-Côte d'Azur;Alpes-de-Haute-Provence;Tous;Hommes et Femmes;216.5;129.5;136.2;04;93
2022;Provence-Alpes-Côte d'Azur;Hautes-Alpes;00-17 ans;Femmes;31.0;245.2;;05;93
2022;Provence-Alpes-Côte d'Azur;Hautes-Alpes;Tous;Femmes;143.0;197.5;217.4;05;93
2022;Provence-Alpes-Côte d'Azur;Hautes-Alpes;45-64 ans;Hommes et Femmes;69.0;174.7;;05;93
2022;Provence-Alpes-Côte d'Azur;Hautes-Alpes;65 ans et plus;Hommes et Femmes;32.0;85.3;;05;93
2022;Provence-Alpes-Côte d'Azur;Hautes-Alpes;Tous;Hommes et Femmes;227.0;160.2;171.8;05;93
2022;Provence-Alpes-Côte d'Azur;Alpes-Maritimes;18-24 ans;Hommes;54.0;130.8;;06;93
2022;Provence-Alpes-Côte d'Azur;Alpes-Maritimes;25-44 ans;Hommes;152.0;124.2;;06;93
2022;Provence-Alpes-Côte d'Azur;Alpes-Maritimes;45-64 ans;Hommes;134.0;95.6;;06;93
2022;Provence-Alpes-Côte d'Azur;Alpes-Maritimes;65 ans et plus;Hommes;81.0;69.4;;06;93
2022;Provence-Alpes-Côte d'Azur;Alpes-Maritimes;Tous;Hommes;466.0;88.3;88.8;06;93
2022;Provence-Alpes-Côte d'Azur;Alpes-Maritimes;25-44 ans;Femmes;166.0;126.1;;06;93
2022;Provence-Alpes-Côte d'Azur;Alpes-Maritimes;18-24 ans;Hommes et Femmes;185.0;228.3;;06;93
2022;Provence-Alpes-Côte d'Azur;Alpes-Maritimes;25-44 ans;Hommes et Femmes;318.0;125.1;;06;93
2022;Provence-Alpes-Côte d'Azur;Alpes-Maritimes;45-64 ans;Hommes et Femmes;351.0;120.0;;06;93
2022;Auvergne et Rhône-Alpes;Ardèche;65 ans et plus;Hommes;13.0;33.6;;07;84
2022;Auvergne et Rhône-Alpes;Ardèche;25-44 ans;Femmes;50.0;143.4;;07;84
2022;Auvergne et Rhône-Alpes;Ardèche;18-24 ans;Hommes et Femmes;37.0;188.8;;07;84
2022;Auvergne et Rhône-Alpes;Ardèche;65 ans et plus;Hommes et Femmes;43.0;49.8;;07;84
2022;Auvergne et Rhône-Alpes;Ardèche;Tous;Hommes et Femmes;322.0;96.6;102.8;07;84
2022;Grand Est;Ardennes;00-17 ans;Hommes;41.0;142.7;;08;44
2022;Grand Est;Ardennes;18-24 ans;Hommes;24.0;234.7;;08;44
2022;Grand Est;Ardennes;00-17 ans;Femmes;115.0;424.4;;08;44
2022;Grand Est;Ardennes;45-64 ans;Femmes;63.0;171.1;;08;44
2022;Grand Est;Ardennes;18-24 ans;Hommes et Femmes;58.0;310.8;;08;44
2022;Occitanie;Ariège;00-17 ans;Hommes;2.5;17.1;;09;76
2022;Occitanie;Ariège;00-17 ans;Femmes;20.0;143.3;;09;76
2022;Occitanie;Ariège;18-24 ans;Femmes;25.0;583.6;;09;76
2022;Occitanie;Ariège;25-44 ans;Femmes;29.0;178.9;;09;76
2022;Occitanie;Ariège;45-64 ans;Femmes;37.0;169.8;;09;76
2022;Occitanie;Ariège;65 ans et plus;Femmes;16.0;69.3;;09;76
2022;Occitanie;Ariège;25-44 ans;Hommes et Femmes;58.0;180.4;;09;76
2022;Occitanie;Ariège;Tous;Hommes et Femmes;189.0;121.7;131.5;09;76
2022;Corse;Corse-du-Sud;65 ans et plus;Hommes;6.0;32.8;;2A;94
2022;Corse;Corse-du-Sud;45-64 ans;Femmes;10.0;44.3;;2A;94
2022;Corse;Corse-du-Sud;65 ans et plus;Femmes;11.0;49.1;;2A;94
2022;Corse;Corse-du-Sud;Tous;Femmes;49.5;57.6;61.2;2A;94
2022;Corse;Corse-du-Sud;00-17 ans;Hommes et Femmes;14.0;44.7;;2A;94
2022;Corse;Haute-Corse;18-24 ans;Hommes;2.5;36.1;;2B;94
2022;Corse;Haute-Corse;25-44 ans;Hommes;9.0;41.9;;2B;94
2022;Corse;Haute-Corse;45-64 ans;Hommes;19.0;77.3;;2B;94
2022;Corse;Haute-Corse;65 ans et plus;Hommes;2.5;12.1;;2B;94
2022;Corse;Haute-Corse;25-44 ans;Femmes;11.0;49.9;;2B;94
2021;Saint-Martin;Saint-Martin;25-44 ans;Hommes;0.0;;;978;978
2021;Saint-Martin;Saint-Martin;18-24 ans;Femmes;2.5;;;978;978
2021;Saint-Martin;Saint-Martin;45-64 ans;Femmes;2.5;;;978;978
2021;Saint-Martin;Saint-Martin;25-44 ans;Hommes et Femmes;2.5;;;978;978
2021;Saint-Martin;Saint-Martin;Tous;Hommes et Femmes;20.0;;;978;978
2021;Auvergne et Rhône-Alpes;Ain;00-17 ans;Hommes;23.0;28.8;;01;84
2021;Auvergne et Rhône-Alpes;Ain;18-24 ans;Hommes;19.0;79.1;;01;84
2021;Auvergne et Rhône-Alpes;Ain;25-44 ans;Hommes;79.0;97.6;;01;84
2021;Auvergne et Rhône-Alpes;Ain;Tous;Hommes;197.0;60.2;60.7;01;84
2021;Auvergne et Rhône-Alpes;Ain;Tous;Femmes;373.0;111.1;109.6;01;84
2021;Auvergne et Rhône-Alpes;Ain;25-44 ans;Hommes et Femmes;194.0;118.8;;01;84
2021;Auvergne et Rhône-Alpes;Ain;65 ans et plus;Hommes et Femmes;54.0;44.1;;01;84
2021;Hauts-de-France;Aisne;18-24 ans;Hommes;38.0;186.7;;02;32
2021;Hauts-de-France;Aisne;25-44 ans;Hommes;137.0;231.1;;02;32
2021;Hauts-de-France;Aisne;45-64 ans;Hommes;139.0;202.0;;02;32
2021;Hauts-de-France;Aisne;65 ans et plus;Hommes;34.0;69.6;;02;32
2021;Hauts-de-France;Aisne;00-17 ans;Femmes;200.0;349.3;;02;32
2021;Hauts-de-France;Aisne;18-24 ans;Femmes;96.0;517.8;;02;32
2021;Hauts-de-France;Aisne;25-44 ans;Femmes;125.0;209.2;;02;32
2021;Auvergne et Rhône-Alpes;Allier;00-17 ans;Hommes;14.0;45.1;;03;84
2021;Auvergne et Rhône-Alpes;Allier;Tous;Hommes;148.0;92.0;96.0;03;84
2021;Auvergne et Rhône-Alpes;Allier;00-17 ans;Femmes;73.0;245.4;;03;84
2021;Auvergne et Rhône-Alpes;Allier;65 ans et plus;Femmes;29.0;53.3;;03;84
2021;Auvergne et Rhône-Alpes;Allier;00-17 ans;Hommes et Femmes;87.0;143.2;;03;84
2021;Auvergne et Rhône-Alpes;Allier;25-44 ans;Hommes et Femmes;83.0;127.2;;03;84
2021;Auvergne et Rhône-Alpes;Allier;65 ans et plus;Hommes et Femmes;49.0;51.6;;03;84
2021;Provence-Alpes-Côte d'Azur;Alpes-de-Haute-Provence;00-17 ans;Hommes;7.0;43.7;;04;93
2021;Provence-Alpes-Côte d'Azur;Alpes-de-Haute-Provence;18-24 ans;Hommes;5.0;92.7;;04;93
2021;Provence-Alpes-Côte d'Azur;Alpes-de-Haute-Provence;45-64 ans;Hommes;28.0;123.6;;04;93
2021;Provence-Alpes-Côte d'Azur;Alpes-de-Haute-Provence;00-17 ans;Femmes;34.0;227.2;;04;93
2021;Provence-Alpes-Côte d'Azur;Alpes-de-Haute-Provence;45-64 ans;Femmes;34.0;140.4;;04;93
2021;Provence-Alpes-Côte d'Azur;Alpes-de-Haute-Provence;25-44 ans;Hommes et Femmes;53.0;158.3;;04;93
2021;Provence-Alpes-Côte d'Azur;Alpes-de-Haute-Provence;45-64 ans;Hommes et Femmes;62.0;132.3;;04;93
2021;Provence-Alpes-Côte d'Azur;Alpes-de-Haute-Provence;Tous;Hommes et Femmes;205.0;123.4;130.3;04;93
2021;Provence-Alpes-Côte d'Azur;Hautes-Alpes;00-17 ans;Hommes;10.0;74.6;;05;93
2021;Provence-Alpes-Côte d'Azur;Hautes-Alpes;45-64 ans;Hommes;19.0;96.9;;05;93
2021;Provence-Alpes-Côte d'Azur;Hautes-Alpes;18-24 ans;Femmes;16.0;445.2;;05;93
2021;Provence-Alpes-Côte d'Azur;Hautes-Alpes;25-44 ans;Femmes;33.0;217.3;;05;93
2021;Provence-Alpes-Côte d'Azur;Hautes-Alpes;Tous;Femmes;131.0;181.2;193.8;05;93
2021;Provence-Alpes-Côte d'Azur;Hautes-Alpes;45-64 ans;Hommes et Femmes;55.0;138.1;;05;93
2021;Provence-Alpes-Côte d'Azur;Alpes-Maritimes;45-64 ans;Hommes;157.0;113.1;;06;93
2021;Provence-Alpes-Côte d'Azur;Alpes-Maritimes;00-17 ans;Femmes;266.0;262.6;;06;93
2021;Provence-Alpes-Côte d'Azur;Alpes-Maritimes;18-24 ans;Femmes;141.0;357.6;;06;93
2021;Provence-Alpes-Côte d'Azur;Alpes-Maritimes;Tous;Femmes;970.0;166.7;174.0;06;93
2021;Provence-Alpes-Côte d'Azur;Alpes-Maritimes;18-24 ans;Hommes et Femmes;219.0;273.1;;06;93
2021;Provence-Alpes-Côte d'Azur;Alpes-Maritimes;25-44 ans;Hommes et Femmes;368.0;147.0;;06;93
2021;Provence-Alpes-Côte d'Azur;Alpes-Maritimes;45-64 ans;Hommes et Femmes;406.0;139.6;;06;93
2021;Provence-Alpes-Côte d'Azur;Alpes-Maritimes;Tous;Hommes et Femmes;1518.0;137.5;141.2;06;93
2021;Auvergne et Rhône-Alpes;Ardèche;25-44 ans;Hommes;48.0;142.4;;07;84
2021;Auvergne et Rhône-Alpes;Ardèche;Tous;Hommes;145.0;89.6;93.4;07;84
2021;Auvergne et Rhône-Alpes;Ardèche;00-17 ans;Femmes;47.0;148.3;;07;84
2021;Auvergne et Rhône-Alpes;Ardèche;18-24 ans;Femmes;27.0;284.2;;07;84
2021;Auvergne et Rhône-Alpes;Ardèche;25-44 ans;Femmes;50.0;144.8;;07;84
2021;Auvergne et Rhône-Alpes;Ardèche;45-64 ans;Femmes;66.0;141.2;;07;84
2021;Auvergne et Rhône-Alpes;Ardèche;Tous;Hommes et Femmes;359.0;108.3;114.1;07;84
2021;Grand Est;Ardennes;00-17 ans;Femmes;110.0;402.1;;08;44
2021;Grand Est;Ardennes;18-24 ans;Femmes;38.0;444.4;;08;44
2021;Grand Est;Ardennes;18-24 ans;Hommes et Femmes;54.0;289.5;;08;44
2021;Occitanie;Ariège;45-64 ans;Hommes;26.0;122.9;;09;76
2021;Occitanie;Ariège;Tous;Hommes;78.5;103.8;110.5;09;76
2021;Occitanie;Ariège;18-24 ans;Femmes;24.0;568.9;;09;76
2021;Occitanie;Ariège;Tous;Femmes;140.0;177.3;193.5;09;76
2021;Occitanie;Ariège;45-64 ans;Hommes et Femmes;60.0;139.3;;09;76
2021;Occitanie;Ariège;65 ans et plus;Hommes et Femmes;33.0;79.7;;09;76
2021;Occitanie;Ariège;Tous;Hommes et Femmes;218.5;141.3;153.3;09;76
2021;Corse;Corse-du-Sud;00-17 ans;Hommes;0.0;0.0;;2A;94
2021;Corse;Corse-du-Sud;25-44 ans;Hommes;8.0;43.1;;2A;94
2021;Corse;Corse-du-Sud;45-64 ans;Hommes;11.0;50.5;;2A;94
2021;Corse;Corse-du-Sud;18-24 ans;Femmes;2.5;55.8;;2A;94
2021;Corse;Corse-du-Sud;00-17 ans;Hommes et Femmes;17.0;56.2;;2A;94
2021;Corse;Corse-du-Sud;65 ans et plus;Hommes et Femmes;14.0;34.9;;2A;94
2021;Corse;Corse-du-Sud;Tous;Hommes et Femmes;67.5;41.4;41.2;2A;94
2021;Corse;Haute-Corse;00-17 ans;Hommes;2.5;14.6;;2B;94
2021;Corse;Haute-Corse;25-44 ans;Hommes;16.0;74.4;;2B;94
2021;Corse;Haute-Corse;25-44 ans;Hommes et Femmes;43.0;98.3;;2B;94
2021;Corse;Haute-Corse;Tous;Hommes et Femmes;138.0;74.7;75.4;2B;94
2021;Grand Est;Aube;18-24 ans;Hommes;22.0;164.0;;10;44
2021;Grand Est;Aube;65 ans et plus;Femmes;31.0;78.7;;10;44
2021;Grand Est;Aube;Tous;Femmes;270.0;169.1;170.7;10;44
2021;Grand Est;Aube;00-17 ans;Hommes et Femmes;97.0;143.0;;10;44
2021;Grand Est;Aube;18-24 ans;Hommes et Femmes;73.0;292.5;;10;44
2021;Grand Est;Aube;25-44 ans;Hommes et Femmes;90.0;127.5;;10;44
2021;Occitanie;Aude;18-24 ans;Hommes;24.0;192.2;;11;76
2021;Occitanie;Aude;25-44 ans;Hommes;47.0;125.4;;11;76
2021;Occitanie;Aude;45-64 ans;Hommes;40.0;81.1;;11;76
2021;Occitanie;Aude;65 ans et plus;Hommes;23.0;51.3;;11;76
2021;Occitanie;Aude;00-17 ans;Femmes;57.0;163.4;;11;76
2021;Occitanie;Aude;18-24 ans;Femmes;23.0;198.2;;11;76
2021;Occitanie;Aude;65 ans et plus;Hommes et Femmes;43.0;42.6;;11;76
2021;Occitanie;Aveyron;00-17 ans;Hommes;16.0;61.9;;12;76
2021;Occitanie;Aveyron;25-44 ans;Hommes;50.0;174.2;;12;76
2021;Occitanie;Aveyron;00-17 ans;Femmes;23.0;94.1;;12;76
2021;Occitanie;Aveyron;45-64 ans;Hommes et Femmes;81.0;104.7;;12;76
2021;Occitanie;Aveyron;Tous;Hommes et Femmes;287.0;102.6;111.4;12;76
2021;Provence-Alpes-Côte d'Azur;Bouches-du-Rhône;00-17 ans;Hommes;85.0;38.7;;13;93
2021;Provence-Alpes-Côte d'Azur;Bouches-du-Rhône;18-24 ans;Hommes;71.0;81.9;;13;93
2021;Provence-Alpes-Côte d'Azur;Bouches-du-Rhône;45-64 ans;Hommes;209.0;83.3;;13;93
2021;Provence-Alpes-Côte d'Azur;Bouches-du-Rhône;65 ans et plus;Hommes;81.0;43.6;;13;93
2021;Provence-Alpes-Côte d'Azur;Bouches-du-Rhône;45-64 ans;Femmes;306.0;112.0;;13;93
2021;Provence-Alpes-Côte d'Azur;Bouches-du-Rhône;65 ans et plus;Femmes;183.0;73.7;;13;93
2021;Provence-Alpes-Côte d'Azur;Bouches-du-Rhône;25-44 ans;Hommes et Femmes;473.0;94.8;;13;93
2021;Provence-Alpes-Côte d'Azur;Bouches-du-Rhône;45-64 ans;Hommes et Femmes;515.0;98.3;;13;93
2021;Provence-Alpes-Côte d'Azur;Bouches-du-Rhône;Tous;Hommes et Femmes;2030.0;98.7;98.5;13;93
2021;Normandie;Calvados;25-44 ans;Hommes;174.0;220.6;;14;28
2021;Normandie;Calvados;25-44 ans;Femmes;139.0;173.3;;14;28
2021;Normandie;Calvados;65 ans et plus;Femmes;86.0;94.1;;14;28
2021;Normandie;Calvados;18-24 ans;Hommes et Femmes;218.0;354.6;;14;28
2021;Normandie;Calvados;45-64 ans;Hommes et Femmes;278.0;156.1;;14;28
2021;Normandie;Calvados;65 ans et plus;Hommes et Femmes;128.0;80.8;;14;28
2021;Auvergne et Rhône-Alpes;Cantal;00-17 ans;Hommes;7.0;56.9;;15;84
2021;Auvergne et Rhône-Alpes;Cantal;25-44 ans;Hommes;20.0;140.3;;15;84
2021;Auvergne et Rhône-Alpes;Cantal;00-17 ans;Femmes;36.0;299.0;;15;84
2021;Auvergne et Rhône-Alpes;Cantal;18-24 ans;Femmes;7.0;175.3;;15;84
2021;Auvergne et Rhône-Alpes;Cantal;45-64 ans;Hommes et Femmes;29.0;69.5;;15;84
2021;Auvergne et Rhône-Alpes;Cantal;65 ans et plus;Hommes et Femmes;8.5;20.4;;15;84
2021;Nouvelle Aquitaine;Charente;00-17 ans;Hommes;15.0;44.2;;16;75
2021;Nouvelle Aquitaine;Charente;45-64 ans;Femmes;129.0;259.3;;16;75
2021;Nouvelle Aquitaine;Charente;45-64 ans;Hommes et Femmes;222.0;228.2;;16;75
2021;Nouvelle Aquitaine;Charente;65 ans et plus;Hommes et Femmes;80.0;87.4;;16;75
2021;Nouvelle Aquitaine;Charente-Maritime;00-17 ans;Hommes;35.0;58.1;;17;75
2021;Nouvelle Aquitaine;Charente-Maritime;25-44 ans;Femmes;143.0;215.0;;17;75
2021;Nouvelle Aquitaine;Charente-Maritime;45-64 ans;Femmes;224.0;240.3;;17;75
2021;Nouvelle Aquitaine;Charente-Maritime;25-44 ans;Hommes et Femmes;281.0;215.6;;17;75
2021;Nouvelle Aquitaine;Charente-Maritime;Tous;Hommes et Femmes;1123.0;169.8;178.8;17;75
2021;Centre-Val de Loire;Cher;00-17 ans;Hommes;2.5;8.4;;18;24
2021;Centre-Val de Loire;Cher;18-24 ans;Hommes;21.0;200.5;;18;24
2021;Centre-Val de Loire;Cher;45-64 ans;Hommes;40.0;99.7;;18;24
2021;Centre-Val de Loire;Cher;Tous;Hommes;121.5;83.5;88.8;18;24
2021;Centre-Val de Loire;Cher;65 ans et plus;Femmes;26.0;58.3;;18;24
2021;Centre-Val de Loire;Cher;Tous;Femmes;199.0;129.2;134.0;18;24
2021;Centre-Val de Loire;Cher;00-17 ans;Hommes et Femmes;41.5;72.2;;18;24
2021;Nouvelle Aquitaine;Corrèze;00-17 ans;Hommes;12.0;55.5;;19;75
2021;Nouvelle Aquitaine;Corrèze;18-24 ans;Hommes;13.0;141.6;;19;75
2021;Nouvelle Aquitaine;Corrèze;25-44 ans;Hommes;35.0;145.7;;19;75
2021;Nouvelle Aquitaine;Corrèze;65 ans et plus;Hommes;14.0;48.0;;19;75
2021;Nouvelle Aquitaine;Corrèze;00-17 ans;Femmes;58.0;286.0;;19;75
2021;Nouvelle Aquitaine;Corrèze;18-24 ans;Femmes;34.0;482.6;;19;75
2021;Nouvelle Aquitaine;Corrèze;65 ans et plus;Femmes;27.0;70.4;;19;75
2021;Nouvelle Aquitaine;Corrèze;00-17 ans;Hommes et Femmes;70.0;167.1;;19;75
2021;Nouvelle Aquitaine;Corrèze;25-44 ans;Hommes et Femmes;84.0;176.1;;19;75
2021;Bourgogne et Franche-Comté;Côte-d'Or;00-17 ans;Hommes;51.0;94.6;;21;27
2021;Bourgogne et Franche-Comté;Côte-d'Or;25-44 ans;Femmes;115.0;182.0;;21;27
2021;Bourgogne et Franche-Comté;Côte-d'Or;45-64 ans;Femmes;132.0;188.4;;21;27
2021;Bourgogne et Franche-Comté;Côte-d'Or;45-64 ans;Hommes et Femmes;210.0;153.7;;21;27
2021;Bourgogne et Franche-Comté;Côte-d'Or;Tous;Hommes et Femmes;984.0;183.8;182.4;21;27
2021;Bretagne;Côtes-d'Armor;18-24 ans;Hommes;68.0;323.2;;22;53
2021;Bretagne;Côtes-d'Armor;18-24 ans;Femmes;132.0;717.2;;22;53
2021;Bretagne;Côtes-d'Armor;25-44 ans;Femmes;173.0;287.1;;22;53
2021;Bretagne;Côtes-d'Armor;45-64 ans;Femmes;243.0;292.7;;22;53
2021;Bretagne;Côtes-d'Armor;65 ans et plus;Femmes;97.0;105.0;;22;53
2021;Bretagne;Côtes-d'Armor;45-64 ans;Hommes et Femmes;430.0;262.1;;22;53
2021;Nouvelle Aquitaine;Creuse;45-64 ans;Hommes;12.0;72.0;;23;75
2021;Nouvelle Aquitaine;Creuse;65 ans et plus;Hommes;11.0;68.9;;23;75
2021;Nouvelle Aquitaine;Creuse;25-44 ans;Femmes;19.0;185.2;;23;75
2021;Nouvelle Aquitaine;Creuse;00-17 ans;Hommes et Femmes;27.0;144.1;;23;75
2021;Nouvelle Aquitaine;Creuse;18-24 ans;Hommes et Femmes;19.0;291.4;;23;75
2021;Nouvelle Aquitaine;Creuse;45-64 ans;Hommes et Femmes;34.0;101.5;;23;75
2021;Nouvelle Aquitaine;Creuse;Tous;Hommes et Femmes;137.0;118.4;136.0;23;75
2021;Nouvelle Aquitaine;Dordogne;25-44 ans;Hommes;66.0;171.7;;24;75
2021;Nouvelle Aquitaine;Dordogne;Tous;Hommes;196.0;98.2;102.8;24;75
2021;Nouvelle Aquitaine;Dordogne;00-17 ans;Femmes;81.0;239.5;;24;75
2021;Nouvelle Aquitaine;Dordogne;18-24 ans;Femmes;20.0;178.9;;24;75
2021;Nouvelle Aquitaine;Dordogne;25-44 ans;Femmes;65.0;165.4;;24;75
2021;Nouvelle Aquitaine;Dordogne;45-64 ans;Femmes;139.0;228.2;;24;75
2021;Nouvelle Aquitaine;Dordogne;65 ans et plus;Femmes;47.0;68.3;;24;75
2021;Nouvelle Aquitaine;Dordogne;45-64 ans;Hommes et Femmes;207.0;174.8;;24;75
2021;Bourgogne et Franche-Comté;Doubs;18-24 ans;Hommes;27.0;109.9;;25;27
2021;Bourgogne et Franche-Comté;Doubs;65 ans et plus;Hommes;19.0;39.5;;25;27
2021;Bourgogne et Franche-Comté;Doubs;Tous;Hommes;242.0;90.3;90.4;25;27
2021;Bourgogne et Franche-Comté;Doubs;00-17 ans;Femmes;92.0;155.9;;25;27
2021;Bourgogne et Franche-Comté;Doubs;18-24 ans;Femmes;87.0;382.1;;25;27
2021;Bourgogne et Franche-Comté;Doubs;25-44 ans;Femmes;121.0;182.9;;25;27
2021;Bourgogne et Franche-Comté;Doubs;00-17 ans;Hommes et Femmes;104.0;86.0;;25;27
2021;Bourgogne et Franche-Comté;Doubs;65 ans et plus;Hommes et Femmes;51.0;46.3;;25;27
2021;Bourgogne et Franche-Comté;Doubs;Tous;Hommes et Femmes;715.0;130.7;130.3;25;27
2021;Auvergne et Rhône-Alpes;Drôme;18-24 ans;Hommes;22.0;116.3;;26;84
2021;Auvergne et Rhône-Alpes;Drôme;45-64 ans;Hommes;71.0;106.3;;26;84
2021;Auvergne et Rhône-Alpes;Drôme;25-44 ans;Femmes;65.0;108.0;;26;84
2021;Auvergne et Rhône-Alpes;Drôme;65 ans et plus;Femmes;58.0;88.0;;26;84
2021;Auvergne et Rhône-Alpes;Drôme;45-64 ans;Hommes et Femmes;142.0;103.4;;26;84
2021;Normandie;Eure;45-64 ans;Hommes;114.0;144.3;;27;28
2021;Normandie;Eure;00-17 ans;Femmes;158.0;234.0;;27;28
2021;Normandie;Eure;18-24 ans;Femmes;80.0;411.9;;27;28
2021;Normandie;Eure;25-44 ans;Hommes et Femmes;279.0;201.2;;27;28
2021;Centre-Val de Loire;Eure-et-Loir;00-17 ans;Hommes;13.0;25.8;;28;24
2021;Centre-Val de Loire;Eure-et-Loir;25-44 ans;Hommes;80.0;164.9;;28;24
2021;Centre-Val de Loire;Eure-et-Loir;65 ans et plus;Hommes;34.0;84.5;;28;24
2021;Centre-Val de Loire;Eure-et-Loir;Tous;Hommes;219.0;103.8;106.6;28;24
2021;Centre-Val de Loire;Eure-et-Loir;45-64 ans;Femmes;105.0;181.7;;28;24
2021;Centre-Val de Loire;Eure-et-Loir;18-24 ans;Hommes et Femmes;69.0;236.0;;28;24
2021;Bretagne;Finistère;25-44 ans;Hommes;254.0;252.1;;29;53
2021;Bretagne;Finistère;45-64 ans;Hommes;209.0;168.2;;29;53
2021;Bretagne;Finistère;00-17 ans;Femmes;314.0;357.4;;29;53
2021;Bretagne;Finistère;18-24 ans;Femmes;144.0;434.6;;29;53
2021;Bretagne;Finistère;Tous;Femmes;1084.0;228.9;236.4;29;53
2021;Bretagne;Finistère;25-44 ans;Hommes et Femmes;453.0;227.7;;29;53
2021;Bretagne;Finistère;65 ans et plus;Hommes et Femmes;175.0;78.8;;29;53
2021;Occitanie;Gard;18-24 ans;Hommes;35.0;119.5;;30;76
2021;Occitanie;Gard;00-17 ans;Femmes;186.0;248.6;;30;76
2021;Occitanie;Gard;25-44 ans;Femmes;99.0;119.3;;30;76
2021;Occitanie;Gard;65 ans et plus;Femmes;80.0;79.1;;30;76
2021;Occitanie;Gard;25-44 ans;Hommes et Femmes;197.0;122.5;;30;76
2021;Occitanie;Gard;Tous;Hommes et Femmes;910.0;120.3;123.4;30;76
2021;Occitanie;Haute-Garonne;18-24 ans;Hommes;52.0;72.3;;31;76
2021;Occitanie;Haute-Garonne;45-64 ans;Femmes;136.0;76.3;;31;76
2021;Occitanie;Haute-Garonne;Tous;Femmes;692.0;94.1;90.6;31;76
2021;Occitanie;Haute-Garonne;00-17 ans;Hommes et Femmes;251.0;83.9;;31;76
2021;Occitanie;Haute-Garonne;65 ans et plus;Hommes et Femmes;119.0;48.7;;31;76
2021;Occitanie;Haute-Garonne;Tous;Hommes et Femmes;1100.0;76.7;74.2;31;76
2021;Occitanie;Gers;65 ans et plus;Hommes;6.0;24.3;;32;76
2021;Occitanie;Gers;25-44 ans;Femmes;41.0;220.9;;32;76
2021;Occitanie;Gers;Tous;Femmes;144.0;146.1;158.1;32;76
2021;Occitanie;Gers;45-64 ans;Hommes et Femmes;50.0;89.4;;32;76
2021;Occitanie;Gers;Tous;Hommes et Femmes;204.5;106.3;118.1;32;76
2021;Nouvelle Aquitaine;Gironde;00-17 ans;Hommes;99.0;58.0;;33;75
2021;Nouvelle Aquitaine;Gironde;18-24 ans;Hommes;172.0;233.5;;33;75
2021;Nouvelle Aquitaine;Gironde;Tous;Hommes;1017.0;128.2;125.5;33;75
2021;Nouvelle Aquitaine;Gironde;18-24 ans;Femmes;311.0;417.1;;33;75
2021;Nouvelle Aquitaine;Gironde;25-44 ans;Femmes;379.0;175.8;;33;75
2021;Nouvelle Aquitaine;Gironde;65 ans et plus;Femmes;175.0;92.8;;33;75
2021;Nouvelle Aquitaine;Gironde;Tous;Femmes;1863.0;216.2;214.2;33;75
2021;Nouvelle Aquitaine;Gironde;25-44 ans;Hommes et Femmes;762.0;180.8;;33;75
2021;Occitanie;Hérault;00-17 ans;Hommes;18.0;14.7;;34;76
2021;Occitanie;Hérault;45-64 ans;Hommes;107.0;75.1;;34;76
2021;Occitanie;Hérault;Tous;Femmes;575.0;91.5;91.3;34;76
2021;Occitanie;Hérault;45-64 ans;Hommes et Femmes;251.0;83.9;;34;76
2021;Occitanie;Hérault;65 ans et plus;Hommes et Femmes;144.0;53.9;;34;76
2021;Bretagne;Ille-et-Vilaine;Tous;Hommes;480.0;89.5;89.0;35;53
2021;Bretagne;Ille-et-Vilaine;00-17 ans;Femmes;168.0;140.4;;35;53
2021;Bretagne;Ille-et-Vilaine;25-44 ans;Femmes;216.0;156.3;;35;53
2021;Bretagne;Ille-et-Vilaine;45-64 ans;Femmes;186.0;136.4;;35;53
2021;Bretagne;Ille-et-Vilaine;Tous;Femmes;841.0;149.7;144.6;35;53
2021;Bretagne;Ille-et-Vilaine;25-44 ans;Hommes et Femmes;391.0;141.9;;35;53
2021;Bretagne;Ille-et-Vilaine;65 ans et plus;Hommes et Femmes;142.0;70.1;;35;53
2021;Centre-Val de Loire;Indre;18-24 ans;Hommes;13.0;180.3;;36;24
2021;Centre-Val de Loire;Indre;25-44 ans;Hommes;42.0;204.8;;36;24
2021;Centre-Val de Loire;Indre;65 ans et plus;Hommes;13.0;47.4;;36;24
2021;Centre-Val de Loire;Indre;00-17 ans;Femmes;25.0;132.9;;36;24
2021;Centre-Val de Loire;Indre;25-44 ans;Femmes;50.0;241.0;;36;24
2021;Centre-Val de Loire;Indre;45-64 ans;Femmes;56.0;180.2;;36;24
2021;Centre-Val de Loire;Indre;00-17 ans;Hommes et Femmes;37.0;96.0;;36;24
2021;Centre-Val de Loire;Indre-et-Loire;18-24 ans;Hommes;60.0;227.5;;37;24
2021;Centre-Val de Loire;Indre-et-Loire;65 ans et plus;Hommes;42.0;71.0;;37;24
2021;Centre-Val de Loire;Indre-et-Loire;Tous;Hommes;371.0;126.1;126.5;37;24
2021;Centre-Val de Loire;Indre-et-Loire;00-17 ans;Femmes;134.0;220.1;;37;24
2021;Centre-Val de Loire;Indre-et-Loire;65 ans et plus;Femmes;55.0;70.3;;37;24
2021;Centre-Val de Loire;Indre-et-Loire;00-17 ans;Hommes et Femmes;159.0;128.0;;37;24
2021;Centre-Val de Loire;Indre-et-Loire;18-24 ans;Hommes et Femmes;184.0;342.6;;37;24
2021;Centre-Val de Loire;Indre-et-Loire;65 ans et plus;Hommes et Femmes;97.0;70.6;;37;24
2021;Auvergne et Rhône-Alpes;Isère;25-44 ans;Hommes;186.0;121.0;;38;84
2021;Auvergne et Rhône-Alpes;Isère;45-64 ans;Hommes;204.0;124.9;;38;84
2021;Auvergne et Rhône-Alpes;Isère;65 ans et plus;Hommes;58.0;54.2;;38;84
2021;Auvergne et Rhône-Alpes;Isère;00-17 ans;Femmes;241.0;170.4;;38;84
2021;Auvergne et Rhône-Alpes;Isère;45-64 ans;Femmes;239.0;143.5;;38;84
2021;Auvergne et Rhône-Alpes;Isère;25-44 ans;Hommes et Femmes;454.0;145.9;;38;84
2021;Auvergne et Rhône-Alpes;Isère;45-64 ans;Hommes et Femmes;443.0;134.3;;38;84
2021;Auvergne et Rhône-Alpes;Isère;Tous;Hommes et Femmes;1693.0;131.8;130.7;38;84
2021;Bourgogne et Franche-Comté;Jura;18-24 ans;Hommes;20.0;219.0;;39;27
2021;Bourgogne et Franche-Comté;Jura;Tous;Hommes;171.0;135.2;139.7;39;27
2021;Bourgogne et Franche-Comté;Jura;00-17 ans;Femmes;80.0;312.5;;39;27
2021;Nouvelle Aquitaine;Landes;18-24 ans;Hommes;19.0;142.6;;40;75
2021;Nouvelle Aquitaine;Landes;Tous;Hommes;137.0;66.8;70.3;40;75
2021;Nouvelle Aquitaine;Landes;00-17 ans;Femmes;56.0;145.5;;40;75
2021;Nouvelle Aquitaine;Landes;45-64 ans;Femmes;55.0;90.5;;40;75
2021;Nouvelle Aquitaine;Landes;Tous;Femmes;227.0;104.2;112.0;40;75
2021;Nouvelle Aquitaine;Landes;18-24 ans;Hommes et Femmes;44.0;177.1;;40;75
2021;Nouvelle Aquitaine;Landes;25-44 ans;Hommes et Femmes;103.0;114.8;;40;75
2021;Centre-Val de Loire;Loir-et-Cher;65 ans et plus;Hommes;19.0;51.1;;41;24
2021;Centre-Val de Loire;Loir-et-Cher;18-24 ans;Femmes;21.0;215.8;;41;24
2021;Centre-Val de Loire;Loir-et-Cher;45-64 ans;Femmes;55.0;121.0;;41;24
2021;Centre-Val de Loire;Loir-et-Cher;65 ans et plus;Femmes;40.0;84.7;;41;24
2021;Centre-Val de Loire;Loir-et-Cher;25-44 ans;Hommes et Femmes;64.0;94.3;;41;24
2021;Centre-Val de Loire;Loir-et-Cher;Tous;Hommes et Femmes;384.0;116.9;120.4;41;24
2021;Auvergne et Rhône-Alpes;Loire;00-17 ans;Hommes;22.0;25.5;;42;84
2021;Auvergne et Rhône-Alpes;Loire;Tous;Hommes;415.0;111.3;114.2;42;84
2021;Auvergne et Rhône-Alpes;Loire;00-17 ans;Femmes;131.0;161.9;;42;84
2021;Auvergne et Rhône-Alpes;Haute-Loire;00-17 ans;Hommes;2.5;10.8;;43;84
2021;Auvergne et Rhône-Alpes;Haute-Loire;18-24 ans;Hommes;26.0;317.1;;43;84
2021;Auvergne et Rhône-Alpes;Haute-Loire;00-17 ans;Femmes;53.0;243.2;;43;84
2021;Auvergne et Rhône-Alpes;Haute-Loire;25-44 ans;Femmes;55.0;238.2;;43;84
2021;Auvergne et Rhône-Alpes;Haute-Loire;65 ans et plus;Femmes;20.0;62.5;;43;84
2021;Auvergne et Rhône-Alpes;Haute-Loire;25-44 ans;Hommes et Femmes;110.0;237.4;;43;84
2021;Pays de la Loire;Loire-Atlantique;25-44 ans;Hommes;210.0;113.5;;44;52
2021;Pays de la Loire;Loire-Atlantique;Tous;Hommes;588.0;82.8;82.3;44;52
2021;Pays de la Loire;Loire-Atlantique;25-44 ans;Femmes;210.0;113.1;;44;52
2021;Pays de la Loire;Loire-Atlantique;00-17 ans;Hommes et Femmes;418.0;128.5;;44;52
2021;Pays de la Loire;Loire-Atlantique;45-64 ans;Hommes et Femmes;381.0;105.5;;44;52
2021;Centre-Val de Loire;Loiret;18-24 ans;Hommes;28.0;97.7;;45;24
2021;Centre-Val de Loire;Loiret;45-64 ans;Hommes;75.0;87.6;;45;24
2021;Centre-Val de Loire;Loiret;Tous;Femmes;424.0;120.9;120.9;45;24
2021;Centre-Val de Loire;Loiret;18-24 ans;Hommes et Femmes;78.0;144.1;;45;24
2021;Occitanie;Lot;00-17 ans;Hommes;2.5;16.6;;46;76
2021;Occitanie;Lot;18-24 ans;Hommes;11.0;217.3;;46;76
2021;Occitanie;Lot;25-44 ans;Hommes;28.0;173.5;;46;76
2021;Occitanie;Lot;Tous;Hommes;75.5;88.8;99.7;46;76
2021;Occitanie;Lot;25-44 ans;Femmes;40.0;246.9;;46;76
2021;Occitanie;Lot;45-64 ans;Femmes;60.0;234.4;;46;76
2021;Occitanie;Lot;65 ans et plus;Femmes;13.0;43.9;;46;76
2021;Occitanie;Lot;25-44 ans;Hommes et Femmes;68.0;210.2;;46;76
2021;Occitanie;Lot;45-64 ans;Hommes et Femmes;82.0;163.8;;46;76
2021;Occitanie;Lot;65 ans et plus;Hommes et Femmes;25.0;46.4;;46;76
2021;Occitanie;Lot;Tous;Hommes et Femmes;229.5;131.2;148.0;46;76
2021;Nouvelle Aquitaine;Lot-et-Garonne;00-17 ans;Hommes;12.0;36.7;;47;75
2021;Nouvelle Aquitaine;Lot-et-Garonne;18-24 ans;Hommes;20.0;184.3;;47;75
2021;Nouvelle Aquitaine;Lot-et-Garonne;65 ans et plus;Hommes;22.0;55.4;;47;75
2021;Nouvelle Aquitaine;Lot-et-Garonne;18-24 ans;Femmes;61.0;601.0;;47;75
2021;Nouvelle Aquitaine;Lot-et-Garonne;65 ans et plus;Femmes;46.0;91.7;;47;75
2021;Nouvelle Aquitaine;Lot-et-Garonne;18-24 ans;Hommes et Femmes;81.0;385.7;;47;75
2021;Nouvelle Aquitaine;Lot-et-Garonne;25-44 ans;Hommes et Femmes;111.0;165.0;;47;75
2021;Occitanie;Lozère;00-17 ans;Hommes;2.5;34.5;;48;76
2021;Occitanie;Lozère;25-44 ans;Hommes;14.0;178.7;;48;76
2021;Occitanie;Lozère;65 ans et plus;Hommes;0.0;0.0;;48;76
2021;Occitanie;Lozère;00-17 ans;Femmes;9.0;129.4;;48;76
2021;Occitanie;Lozère;18-24 ans;Hommes et Femmes;9.5;190.5;;48;76
2021;Pays de la Loire;Maine-et-Loire;18-24 ans;Hommes;53.0;143.6;;49;52
2021;Pays de la Loire;Maine-et-Loire;65 ans et plus;Hommes;36.0;48.8;;49;52
2021;Pays de la Loire;Maine-et-Loire;45-64 ans;Femmes;112.0;106.9;;49;52
2021;Pays de la Loire;Maine-et-Loire;65 ans et plus;Femmes;50.0;51.6;;49;52
2021;Pays de la Loire;Maine-et-Loire;18-24 ans;Hommes et Femmes;128.0;174.8;;49;52
2021;Normandie;Manche;00-17 ans;Femmes;181.0;385.1;;50;28
2021;Grand Est;Marne;Tous;Hommes;405.0;148.3;147.4;51;44
2021;Grand Est;Marne;00-17 ans;Femmes;152.0;259.6;;51;44
2021;Grand Est;Marne;18-24 ans;Femmes;89.0;350.8;;51;44
2021;Grand Est;Marne;65 ans et plus;Femmes;62.0;93.0;;51;44
2021;Grand Est;Marne;18-24 ans;Hommes et Femmes;138.0;265.3;;51;44
2021;Grand Est;Marne;65 ans et plus;Hommes et Femmes;106.0;91.8;;51;44
2021;Grand Est;Haute-Marne;00-17 ans;Hommes;8.0;48.3;;52;44
2021;Grand Est;Haute-Marne;18-24 ans;Hommes;20.0;303.0;;52;44
2021;Grand Est;Haute-Marne;65 ans et plus;Hommes;8.0;41.5;;52;44
2021;Grand Est;Haute-Marne;00-17 ans;Femmes;32.0;202.4;;52;44
2021;Grand Est;Haute-Marne;25-44 ans;Femmes;29.0;166.6;;52;44
2021;Grand Est;Haute-Marne;65 ans et plus;Femmes;23.0;92.6;;52;44
2021;Grand Est;Haute-Marne;00-17 ans;Hommes et Femmes;40.0;123.6;;52;44
2021;Grand Est;Haute-Marne;45-64 ans;Hommes et Femmes;100.0;212.7;;52;44
2021;Grand Est;Haute-Marne;Tous;Hommes et Femmes;272.0;159.0;164.4;52;44
2021;Pays de la Loire;Mayenne;65 ans et plus;Hommes;13.0;42.9;;53;52
2021;Pays de la Loire;Mayenne;Tous;Hommes;198.0;131.0;134.1;53;52
2021;Pays de la Loire;Mayenne;18-24 ans;Femmes;50.0;486.3;;53;52
2021;Pays de la Loire;Mayenne;25-44 ans;Femmes;50.0;153.0;;53;52
2021;Pays de la Loire;Mayenne;65 ans et plus;Femmes;29.0;75.0;;53;52
2021;Pays de la Loire;Mayenne;Tous;Femmes;299.0;193.1;195.6;53;52
2021;Pays de la Loire;Mayenne;65 ans et plus;Hommes et Femmes;42.0;60.9;;53;52
2021;Pays de la Loire;Mayenne;Tous;Hommes et Femmes;497.0;162.5;165.8;53;52
2021;Grand Est;Meurthe-et-Moselle;00-17 ans;Hommes;35.0;45.6;;54;44
2021;Grand Est;Meurthe-et-Moselle;18-24 ans;Hommes;41.0;114.0;;54;44
2021;Grand Est;Meurthe-et-Moselle;65 ans et plus;Hommes;34.0;54.3;;54;44
2021;Grand Est;Meurthe-et-Moselle;Tous;Hommes;358.0;100.6;99.3;54;44
2021;Grand Est;Meurthe-et-Moselle;45-64 ans;Femmes;123.0;130.2;;54;44
2021;Grand Est;Meurthe-et-Moselle;Tous;Femmes;431.0;114.4;113.5;54;44
2021;Grand Est;Meurthe-et-Moselle;00-17 ans;Hommes et Femmes;131.0;87.8;;54;44
2021;Grand Est;Meurthe-et-Moselle;65 ans et plus;Hommes et Femmes;83.0;56.4;;54;44
2021;Grand Est;Meurthe-et-Moselle;Tous;Hommes et Femmes;789.0;107.7;106.6;54;44
2021;Grand Est;Meuse;00-17 ans;Hommes;8.0;43.3;;55;44
2021;Grand Est;Meuse;18-24 ans;Hommes;27.0;381.4;;55;44
2021;Grand Est;Meuse;Tous;Hommes;142.0;157.5;162.3;55;44
2021;Grand Est;Meuse;00-17 ans;Femmes;30.0;171.1;;55;44
2021;Grand Est;Meuse;18-24 ans;Femmes;11.0;196.5;;55;44
2021;Grand Est;Meuse;25-44 ans;Femmes;37.0;192.0;;55;44
2021;Grand Est;Meuse;45-64 ans;Femmes;46.0;185.0;;55;44
2021;Grand Est;Meuse;00-17 ans;Hommes et Femmes;38.0;105.5;;55;44
2021;Grand Est;Meuse;18-24 ans;Hommes et Femmes;38.0;299.7;;55;44
2021;Bretagne;Morbihan;18-24 ans;Hommes;61.0;221.0;;56;53
2021;Bretagne;Morbihan;25-44 ans;Hommes;197.0;248.4;;56;53
2021;Bretagne;Morbihan;45-64 ans;Femmes;256.0;236.7;;56;53
2021;Bretagne;Morbihan;65 ans et plus;Femmes;101.0;90.9;;56;53
2021;Bretagne;Morbihan;Tous;Femmes;828.0;209.3;219.8;56;53
2021;Bretagne;Morbihan;00-17 ans;Hommes et Femmes;206.0;136.3;;56;53
2021;Bretagne;Morbihan;18-24 ans;Hommes et Femmes;162.0;316.1;;56;53
2021;Bretagne;Morbihan;65 ans et plus;Hommes et Femmes;158.0;80.8;;56;53
2021;Grand Est;Moselle;45-64 ans;Hommes;111.0;78.9;;57;44
2021;Grand Est;Moselle;45-64 ans;Femmes;165.0;112.8;;57;44
2021;Grand Est;Moselle;65 ans et plus;Femmes;75.0;61.7;;57;44
2021;Grand Est;Moselle;00-17 ans;Hommes et Femmes;215.0;102.3;;57;44
2021;Bourgogne et Franche-Comté;Nièvre;00-17 ans;Hommes;10.0;56.6;;58;27
2021;Bourgogne et Franche-Comté;Nièvre;00-17 ans;Femmes;83.0;491.5;;58;27
2021;Bourgogne et Franche-Comté;Nièvre;25-44 ans;Femmes;40.0;210.5;;58;27
2021;Bourgogne et Franche-Comté;Nièvre;45-64 ans;Femmes;44.0;156.1;;58;27
2021;Bourgogne et Franche-Comté;Nièvre;18-24 ans;Hommes et Femmes;59.0;464.4;;58;27
2021;Bourgogne et Franche-Comté;Nièvre;45-64 ans;Hommes et Femmes;92.0;165.7;;58;27
2021;Bourgogne et Franche-Comté;Nièvre;65 ans et plus;Hommes et Femmes;37.0;59.9;;58;27
2021;Hauts-de-France;Nord;18-24 ans;Hommes;332.0;265.3;;59;32
2021;Hauts-de-France;Nord;45-64 ans;Hommes;891.0;286.5;;59;32
2021;Hauts-de-France;Nord;25-44 ans;Femmes;1123.0;337.3;;59;32
2021;Hauts-de-France;Nord;65 ans et plus;Femmes;294.0;107.9;;59;32
2021;Hauts-de-France;Nord;45-64 ans;Hommes et Femmes;1851.0;289.7;;59;32
2021;Hauts-de-France;Oise;18-24 ans;Hommes;50.0;150.4;;60;32
2021;Hauts-de-France;Oise;Tous;Hommes;410.0;101.1;101.6;60;32
2021;Hauts-de-France;Oise;45-64 ans;Femmes;178.0;162.3;;60;32
2021;Hauts-de-France;Oise;65 ans et plus;Femmes;98.0;118.4;;60;32
2021;Hauts-de-France;Oise;00-17 ans;Hommes et Femmes;312.0;158.9;;60;32
2021;Hauts-de-France;Oise;Tous;Hommes et Femmes;1223.0;147.6;145.9;60;32
2021;Normandie;Orne;25-44 ans;Hommes;59.0;215.6;;61;28
2021;Normandie;Orne;Tous;Hommes;166.0;122.8;131.3;61;28
2021;Normandie;Orne;25-44 ans;Femmes;80.0;296.6;;61;28
2021;Normandie;Orne;Tous;Femmes;332.0;234.2;254.5;61;28
2021;Hauts-de-France;Pas-de-Calais;18-24 ans;Hommes;146.0;237.7;;62;32
2021;Hauts-de-France;Pas-de-Calais;25-44 ans;Hommes;506.0;296.6;;62;32
2021;Hauts-de-France;Pas-de-Calais;65 ans et plus;Femmes;162.0;95.7;;62;32
2021;Hauts-de-France;Pas-de-Calais;25-44 ans;Hommes et Femmes;932.0;271.2;;62;32
2021;Hauts-de-France;Pas-de-Calais;45-64 ans;Hommes et Femmes;855.0;225.3;;62;32
2021;Hauts-de-France;Pas-de-Calais;65 ans et plus;Hommes et Femmes;256.0;88.7;;62;32
2021;Auvergne et Rhône-Alpes;Puy-de-Dôme;18-24 ans;Hommes;93.0;320.1;;63;84
2021;Auvergne et Rhône-Alpes;Puy-de-Dôme;18-24 ans;Femmes;115.0;402.8;;63;84
2021;Auvergne et Rhône-Alpes;Puy-de-Dôme;25-44 ans;Femmes;178.0;230.5;;63;84
2021;Auvergne et Rhône-Alpes;Puy-de-Dôme;00-17 ans;Hommes et Femmes;148.0;112.8;;63;84
2021;Auvergne et Rhône-Alpes;Puy-de-Dôme;Tous;Hommes et Femmes;1185.0;178.9;178.4;63;84
2021;Nouvelle Aquitaine;Pyrénées-Atlantiques;00-17 ans;Hommes;7.0;10.5;;64;75
2021;Nouvelle Aquitaine;Pyrénées-Atlantiques;45-64 ans;Hommes;31.0;33.8;;64;75
2021;Nouvelle Aquitaine;Pyrénées-Atlantiques;25-44 ans;Femmes;39.0;49.5;;64;75
2021;Nouvelle Aquitaine;Pyrénées-Atlantiques;00-17 ans;Hommes et Femmes;78.0;60.3;;64;75
2021;Nouvelle Aquitaine;Pyrénées-Atlantiques;65 ans et plus;Hommes et Femmes;39.0;22.7;;64;75
2021;Occitanie;Hautes-Pyrénées;45-64 ans;Hommes;21.0;68.0;;65;76
2021;Occitanie;Hautes-Pyrénées;Tous;Hommes;107.0;96.0;98.2;65;76
2021;Occitanie;Hautes-Pyrénées;18-24 ans;Femmes;29.0;392.9;;65;76
2021;Occitanie;Hautes-Pyrénées;65 ans et plus;Femmes;21.0;58.2;;65;76
2021;Occitanie;Pyrénées-Orientales;65 ans et plus;Hommes;30.0;53.5;;66;76
2021;Occitanie;Pyrénées-Orientales;00-17 ans;Femmes;99.0;215.8;;66;76
2021;Grand Est;Bas-Rhin;18-24 ans;Femmes;72.0;138.8;;67;44
2021;Grand Est;Bas-Rhin;45-64 ans;Hommes et Femmes;257.0;84.0;;67;44
2021;Grand Est;Bas-Rhin;65 ans et plus;Hommes et Femmes;81.0;36.6;;67;44
2021;Grand Est;Haut-Rhin;Tous;Hommes;317.0;84.2;83.8;68;44
2021;Grand Est;Haut-Rhin;18-24 ans;Femmes;41.0;155.3;;68;44
2021;Grand Est;Haut-Rhin;45-64 ans;Femmes;116.0;108.2;;68;44
2021;Grand Est;Haut-Rhin;65 ans et plus;Femmes;65.0;73.7;;68;44
2021;Grand Est;Haut-Rhin;00-17 ans;Hommes et Femmes;204.0;128.4;;68;44
2021;Grand Est;Haut-Rhin;18-24 ans;Hommes et Femmes;69.0;124.4;;68;44
2021;Auvergne et Rhône-Alpes;Rhône;18-24 ans;Hommes;78.0;83.6;;69;84
2021;Auvergne et Rhône-Alpes;Rhône;45-64 ans;Hommes;175.0;82.1;;69;84
2021;Auvergne et Rhône-Alpes;Rhône;65 ans et plus;Hommes;65.0;47.1;;69;84
2021;Auvergne et Rhône-Alpes;Rhône;00-17 ans;Femmes;210.0;101.3;;69;84
2021;Auvergne et Rhône-Alpes;Rhône;25-44 ans;Femmes;261.0;99.7;;69;84
2021;Auvergne et Rhône-Alpes;Rhône;65 ans et plus;Femmes;140.0;73.4;;69;84
2021;Auvergne et Rhône-Alpes;Rhône;Tous;Femmes;1158.0;117.9;112.9;69;84
2021;Bourgogne et Franche-Comté;Haute-Saône;25-44 ans;Hommes;46.0;186.6;;70;27
2021;Bourgogne et Franche-Comté;Haute-Saône;18-24 ans;Femmes;18.0;251.5;;70;27
2021;Bourgogne et Franche-Comté;Haute-Saône;25-44 ans;Femmes;41.0;165.8;;70;27
2021;Bourgogne et Franche-Comté;Haute-Saône;45-64 ans;Hommes et Femmes;133.0;201.8;;70;27
2021;Bourgogne et Franche-Comté;Saône-et-Loire;00-17 ans;Hommes;31.0;57.2;;71;27
2021;Bourgogne et Franche-Comté;Saône-et-Loire;45-64 ans;Hommes;109.0;147.6;;71;27
2021;Bourgogne et Franche-Comté;Saône-et-Loire;00-17 ans;Femmes;166.0;323.0;;71;27
2021;Bourgogne et Franche-Comté;Saône-et-Loire;18-24 ans;Femmes;96.0;598.2;;71;27
2021;Bourgogne et Franche-Comté;Saône-et-Loire;Tous;Femmes;640.0;226.7;244.8;71;27
2021;Bourgogne et Franche-Comté;Saône-et-Loire;00-17 ans;Hommes et Femmes;197.0;186.5;;71;27
2021;Pays de la Loire;Sarthe;18-24 ans;Hommes;29.0;126.4;;72;52
2021;Pays de la Loire;Sarthe;00-17 ans;Hommes et Femmes;139.0;113.3;;72;52
2021;Pays de la Loire;Sarthe;18-24 ans;Hommes et Femmes;70.0;159.1;;72;52
2021;Pays de la Loire;Sarthe;25-44 ans;Hommes et Femmes;136.0;110.8;;72;52
2021;Pays de la Loire;Sarthe;45-64 ans;Hommes et Femmes;156.0;105.0;;72;52
2021;Pays de la Loire;Sarthe;65 ans et plus;Hommes et Femmes;70.0;54.6;;72;52
2021;Auvergne et Rhône-Alpes;Savoie;18-24 ans;Hommes;44.0;251.4;;73;84
2021;Auvergne et Rhône-Alpes;Savoie;25-44 ans;Hommes;67.0;128.4;;73;84
2021;Auvergne et Rhône-Alpes;Savoie;45-64 ans;Hommes;62.0;104.3;;73;84
2021;Auvergne et Rhône-Alpes;Savoie;45-64 ans;Femmes;62.0;103.2;;73;84
2021;Auvergne et Rhône-Alpes;Savoie;00-17 ans;Hommes et Femmes;187.0;204.2;;73;84
2021;Auvergne et Rhône-Alpes;Savoie;25-44 ans;Hommes et Femmes;146.0;139.4;;73;84
2021;Auvergne et Rhône-Alpes;Savoie;65 ans et plus;Hommes et Femmes;71.0;75.6;;73;84
2021;Auvergne et Rhône-Alpes;Savoie;Tous;Hommes et Femmes;624.0;141.0;143.5;73;84
2021;Auvergne et Rhône-Alpes;Haute-Savoie;00-17 ans;Hommes;37.0;38.3;;74;84
2021;Auvergne et Rhône-Alpes;Haute-Savoie;18-24 ans;Hommes;33.0;107.2;;74;84
2021;Auvergne et Rhône-Alpes;Haute-Savoie;25-44 ans;Hommes;114.0;99.5;;74;84
2021;Auvergne et Rhône-Alpes;Haute-Savoie;45-64 ans;Hommes;102.0;94.4;;74;84
2021;Auvergne et Rhône-Alpes;Haute-Savoie;65 ans et plus;Hommes;31.0;48.4;;74;84
2021;Auvergne et Rhône-Alpes;Haute-Savoie;Tous;Hommes;317.0;76.6;75.6;74;84
2021;Auvergne et Rhône-Alpes;Haute-Savoie;00-17 ans;Femmes;180.0;197.1;;74;84
2021;Auvergne et Rhône-Alpes;Haute-Savoie;25-44 ans;Hommes et Femmes;255.0;110.6;;74;84
2021;Île-de-France;Paris;00-17 ans;Hommes;39.0;22.2;;75;11
2021;Île-de-France;Paris;45-64 ans;Femmes;142.0;53.7;;75;11
2021;Île-de-France;Paris;65 ans et plus;Femmes;85.0;38.3;;75;11
2021;Île-de-France;Paris;Tous;Femmes;759.0;67.1;69.1;75;11
2021;Île-de-France;Paris;18-24 ans;Hommes et Femmes;198.0;91.4;;75;11
2021;Normandie;Seine-Maritime;18-24 ans;Hommes;130.0;234.1;;76;28
2021;Normandie;Seine-Maritime;65 ans et plus;Hommes;75.0;68.1;;76;28
2021;Normandie;Seine-Maritime;Tous;Hommes;987.0;163.4;163.2;76;28
2021;Normandie;Seine-Maritime;00-17 ans;Femmes;625.0;472.8;;76;28
2021;Normandie;Seine-Maritime;25-44 ans;Femmes;330.0;219.8;;76;28
2021;Normandie;Seine-Maritime;65 ans et plus;Femmes;149.0;98.4;;76;28
2021;Normandie;Seine-Maritime;00-17 ans;Hommes et Femmes;742.0;274.3;;76;28
2021;Normandie;Seine-Maritime;18-24 ans;Hommes et Femmes;389.0;355.5;;76;28
2021;Île-de-France;Seine-et-Marne;18-24 ans;Hommes;45.0;71.5;;77;11
2021;Île-de-France;Seine-et-Marne;Tous;Femmes;911.0;123.4;117.0;77;11
2021;Île-de-France;Seine-et-Marne;18-24 ans;Hommes et Femmes;168.0;136.3;;77;11
2021;Île-de-France;Seine-et-Marne;45-64 ans;Hommes et Femmes;338.0;92.3;;77;11
2021;Île-de-France;Yvelines;00-17 ans;Hommes;53.0;29.6;;78;11
2021;Île-de-France;Yvelines;18-24 ans;Femmes;130.0;224.5;;78;11
2021;Île-de-France;Yvelines;Tous;Femmes;900.0;120.4;116.5;78;11
2021;Île-de-France;Yvelines;00-17 ans;Hommes et Femmes;355.0;101.6;;78;11
2021;Île-de-France;Yvelines;45-64 ans;Hommes et Femmes;326.0;86.5;;78;11
2021;Nouvelle Aquitaine;Deux-Sèvres;65 ans et plus;Hommes;23.0;57.4;;79;75
2021;Nouvelle Aquitaine;Deux-Sèvres;Tous;Femmes;301.0;157.8;160.1;79;75
2021;Nouvelle Aquitaine;Deux-Sèvres;00-17 ans;Hommes et Femmes;72.0;93.8;;79;75
2021;Nouvelle Aquitaine;Deux-Sèvres;45-64 ans;Hommes et Femmes;169.0;163.9;;79;75
2021;Hauts-de-France;Somme;18-24 ans;Hommes;104.0;400.3;;80;32
2021;Hauts-de-France;Somme;45-64 ans;Hommes;225.0;314.7;;80;32
2021;Hauts-de-France;Somme;65 ans et plus;Hommes;43.0;85.1;;80;32
2021;Hauts-de-France;Somme;00-17 ans;Femmes;239.0;412.9;;80;32
2021;Hauts-de-France;Somme;18-24 ans;Femmes;235.0;911.7;;80;32
2021;Hauts-de-France;Somme;Tous;Femmes;1165.0;399.8;393.4;80;32
2021;Hauts-de-France;Somme;25-44 ans;Hommes et Femmes;587.0;444.2;;80;32
2021;Hauts-de-France;Somme;45-64 ans;Hommes et Femmes;574.0;394.2;;80;32
2021;Hauts-de-France;Somme;65 ans et plus;Hommes et Femmes;127.0;108.0;;80;32
2021;Occitanie;Tarn;00-17 ans;Hommes;13.0;33.0;;81;76
2021;Occitanie;Tarn;Tous;Hommes;201.0;105.7;107.6;81;76
2021;Occitanie;Tarn;25-44 ans;Femmes;91.0;220.9;;81;76
2021;Occitanie;Tarn;25-44 ans;Hommes et Femmes;156.0;193.2;;81;76
2021;Occitanie;Tarn;45-64 ans;Hommes et Femmes;214.0;199.6;;81;76
2021;Occitanie;Tarn;Tous;Hommes et Femmes;606.0;154.0;160.4;81;76
2021;Occitanie;Tarn-et-Garonne;00-17 ans;Hommes;7.0;23.7;;82;76
2021;Occitanie;Tarn-et-Garonne;65 ans et plus;Femmes;26.0;77.7;;82;76
2021;Occitanie;Tarn-et-Garonne;00-17 ans;Hommes et Femmes;65.0;113.5;;82;76
2021;Occitanie;Tarn-et-Garonne;45-64 ans;Hommes et Femmes;110.0;156.5;;82;76
2021;Occitanie;Tarn-et-Garonne;65 ans et plus;Hommes et Femmes;44.0;72.9;;82;76
2021;Provence-Alpes-Côte d'Azur;Vaucluse;45-64 ans;Hommes;76.0;105.7;;84;93
2021;Provence-Alpes-Côte d'Azur;Vaucluse;65 ans et plus;Hommes;34.0;60.4;;84;93
2021;Provence-Alpes-Côte d'Azur;Vaucluse;18-24 ans;Femmes;42.0;223.3;;84;93
2021;Provence-Alpes-Côte d'Azur;Vaucluse;18-24 ans;Hommes et Femmes;77.0;198.3;;84;93
2021;Provence-Alpes-Côte d'Azur;Vaucluse;65 ans et plus;Hommes et Femmes;81.0;62.4;;84;93
2021;Pays de la Loire;Vendée;00-17 ans;Hommes;33.0;44.9;;85;52
2021;Pays de la Loire;Vendée;65 ans et plus;Hommes;52.0;65.5;;85;52
2021;Pays de la Loire;Vendée;Tous;Hommes;393.0;114.9;119.4;85;52
2021;Pays de la Loire;Vendée;00-17 ans;Femmes;213.0;306.9;;85;52
2021;Pays de la Loire;Vendée;18-24 ans;Femmes;117.0;556.2;;85;52
2021;Pays de la Loire;Vendée;18-24 ans;Hommes et Femmes;169.0;376.8;;85;52
2021;Pays de la Loire;Vendée;25-44 ans;Hommes et Femmes;270.0;183.5;;85;52
2021;Pays de la Loire;Vendée;Tous;Hommes et Femmes;1132.0;161.8;170.6;85;52
2021;Nouvelle Aquitaine;Vienne;65 ans et plus;Hommes;20.0;46.1;;86;75
2021;Nouvelle Aquitaine;Vienne;45-64 ans;Femmes;53.0;92.9;;86;75
2021;Nouvelle Aquitaine;Vienne;00-17 ans;Hommes et Femmes;44.0;49.4;;86;75
2021;Nouvelle Aquitaine;Vienne;45-64 ans;Hommes et Femmes;98.0;87.9;;86;75
2021;Nouvelle Aquitaine;Haute-Vienne;65 ans et plus;Femmes;34.0;62.4;;87;75
2021;Nouvelle Aquitaine;Haute-Vienne;25-44 ans;Hommes et Femmes;115.0;145.6;;87;75
2021;Nouvelle Aquitaine;Haute-Vienne;65 ans et plus;Hommes et Femmes;48.0;50.4;;87;75
2021;Grand Est;Vosges;18-24 ans;Hommes;37.0;273.5;;88;44
2021;Grand Est;Vosges;25-44 ans;Hommes;109.0;290.2;;88;44
2021;Grand Est;Vosges;Tous;Hommes;282.0;160.2;168.0;88;44
2021;Grand Est;Vosges;45-64 ans;Femmes;117.0;230.6;;88;44
2021;Grand Est;Vosges;65 ans et plus;Femmes;37.0;72.1;;88;44
2021;Grand Est;Vosges;00-17 ans;Hommes et Femmes;183.0;263.2;;88;44
2021;Grand Est;Vosges;Tous;Hommes et Femmes;753.0;208.8;221.9;88;44
2021;Bourgogne et Franche-Comté;Yonne;25-44 ans;Hommes;52.0;148.8;;89;27
2021;Bourgogne et Franche-Comté;Yonne;Tous;Hommes;149.0;91.6;95.5;89;27
2021;Bourgogne et Franche-Comté;Yonne;18-24 ans;Femmes;14.0;148.7;;89;27
2021;Bourgogne et Franche-Comté;Yonne;65 ans et plus;Femmes;29.0;62.7;;89;27
2021;Bourgogne et Franche-Comté;Yonne;18-24 ans;Hommes et Femmes;29.0;140.3;;89;27
2021;Bourgogne et Franche-Comté;Yonne;45-64 ans;Hommes et Femmes;127.0;139.8;;89;27
2021;Bourgogne et Franche-Comté;Territoire de Belfort;Tous;Hommes;74.0;106.6;105.1;90;27
2021;Bourgogne et Franche-Comté;Territoire de Belfort;00-17 ans;Femmes;29.0;202.1;;90;27
2021;Bourgogne et Franche-Comté;Territoire de Belfort;45-64 ans;Femmes;35.0;189.7;;90;27
2021;Bourgogne et Franche-Comté;Territoire de Belfort;00-17 ans;Hommes et Femmes;38.0;128.4;;90;27
2021;Bourgogne et Franche-Comté;Territoire de Belfort;65 ans et plus;Hommes et Femmes;12.0;41.8;;90;27
2021;Bourgogne et Franche-Comté;Territoire de Belfort;Tous;Hommes et Femmes;186.0;133.2;133.7;90;27
2021;Île-de-France;Essonne;18-24 ans;Hommes;64.0;104.6;;91;11
2021;Île-de-France;Essonne;65 ans et plus;Hommes;44.0;49.1;;91;11
2021;Île-de-France;Essonne;00-17 ans;Femmes;266.0;170.1;;91;11
2021;Île-de-France;Essonne;65 ans et plus;Femmes;68.0;58.4;;91;11
2021;Île-de-France;Essonne;25-44 ans;Hommes et Femmes;306.0;89.4;;91;11
2021;Île-de-France;Hauts-de-Seine;00-17 ans;Hommes;46.0;25.1;;92;11
2021;Île-de-France;Hauts-de-Seine;45-64 ans;Hommes;99.0;51.9;;92;11
2021;Île-de-France;Hauts-de-Seine;Tous;Hommes;364.0;46.7;46.6;92;11
2021;Île-de-France;Hauts-de-Seine;00-17 ans;Femmes;266.0;151.1;;92;11
2021;Île-de-France;Hauts-de-Seine;18-24 ans;Femmes;137.0;191.2;;92;11
2021;Île-de-France;Hauts-de-Seine;45-64 ans;Femmes;170.0;79.6;;92;11
2021;Île-de-France;Hauts-de-Seine;00-17 ans;Hommes et Femmes;312.0;86.8;;92;11
2021;Île-de-France;Hauts-de-Seine;Tous;Hommes et Femmes;1183.0;72.3;70.6;92;11
2021;Île-de-France;Seine-Saint-Denis;00-17 ans;Hommes;44.0;19.8;;93;11
2021;Île-de-France;Seine-Saint-Denis;25-44 ans;Femmes;142.0;57.9;;93;11
2021;Île-de-France;Seine-Saint-Denis;Tous;Femmes;655.0;77.6;72.7;93;11
2021;Île-de-France;Seine-Saint-Denis;00-17 ans;Hommes et Femmes;255.0;58.7;;93;11
2021;Île-de-France;Seine-Saint-Denis;65 ans et plus;Hommes et Femmes;84.0;40.1;;93;11
2021;Île-de-France;Val-de-Marne;25-44 ans;Hommes;122.0;63.8;;94;11
2021;Île-de-France;Val-de-Marne;65 ans et plus;Hommes;55.0;59.8;;94;11
2021;Île-de-France;Val-de-Marne;18-24 ans;Hommes et Femmes;223.0;170.3;;94;11
2021;Île-de-France;Val-de-Marne;Tous;Hommes et Femmes;1256.0;88.7;87.1;94;11
2021;Île-de-France;Val-d'Oise;25-44 ans;Hommes;101.0;62.3;;95;11
2021;Île-de-France;Val-d'Oise;Tous;Hommes;291.0;47.6;48.2;95;11
2021;Île-de-France;Val-d'Oise;00-17 ans;Femmes;205.0;130.2;;95;11
2021;Île-de-France;Val-d'Oise;18-24 ans;Femmes;110.0;202.9;;95;11
2021;Île-de-France;Val-d'Oise;25-44 ans;Femmes;128.0;73.3;;95;11
2021;Île-de-France;Val-d'Oise;45-64 ans;Femmes;146.0;92.7;;95;11
2021;Île-de-France;Val-d'Oise;65 ans et plus;Femmes;75.0;74.1;;95;11
2021;Île-de-France;Val-d'Oise;45-64 ans;Hommes et Femmes;224.0;73.0;;95;11
2021;Île-de-France;Val-d'Oise;65 ans et plus;Hommes et Femmes;109.0;60.6;;95;11
2021;Île-de-France;Val-d'Oise;Tous;Hommes et Femmes;955.0;76.0;74.7;95;11
2021;Guadeloupe;Guadeloupe;65 ans et plus;Hommes;11.0;31.9;;971;01
2021;Guadeloupe;Guadeloupe;00-17 ans;Femmes;14.0;34.6;;971;01
2021;Guadeloupe;Guadeloupe;18-24 ans;Femmes;2.5;17.7;;971;01
2021;Guadeloupe;Guadeloupe;25-44 ans;Femmes;15.0;34.1;;971;01
2021;Guadeloupe;Guadeloupe;65 ans et plus;Femmes;5.0;11.0;;971;01
2021;Guadeloupe;Guadeloupe;18-24 ans;Hommes et Femmes;6.0;21.0;;971;01
2021;Guadeloupe;Guadeloupe;25-44 ans;Hommes et Femmes;29.0;38.3;;971;01
2021;Guadeloupe;Guadeloupe;45-64 ans;Hommes et Femmes;17.0;14.5;;971;01
2021;Guadeloupe;Guadeloupe;65 ans et plus;Hommes et Femmes;16.0;20.1;;971;01
2021;Martinique;Martinique;65 ans et plus;Hommes;29.0;82.4;;972;02
2021;Martinique;Martinique;Tous;Hommes;115.0;69.7;69.5;972;02
2021;Martinique;Martinique;45-64 ans;Femmes;22.0;35.0;;972;02
2021;Martinique;Martinique;Tous;Femmes;130.0;66.4;71.8;972;02
2021;Martinique;Martinique;18-24 ans;Hommes et Femmes;27.0;106.6;;972;02
2021;Martinique;Martinique;Tous;Hommes et Femmes;245.0;67.9;70.7;972;02
2021;Guyane;Guyane;18-24 ans;Hommes;6.0;41.0;;973;03
2021;Guyane;Guyane;25-44 ans;Hommes;16.0;44.9;;973;03
2021;Guyane;Guyane;65 ans et plus;Hommes;2.5;28.9;;973;03
2021;Guyane;Guyane;Tous;Hommes;39.5;28.3;30.3;973;03
2021;Guyane;Guyane;18-24 ans;Femmes;27.0;173.1;;973;03
2021;Guyane;Guyane;25-44 ans;Femmes;32.0;78.0;;973;03
2021;Guyane;Guyane;45-64 ans;Femmes;13.0;47.6;;973;03
2021;Guyane;Guyane;25-44 ans;Hommes et Femmes;48.0;62.7;;973;03
2021;Guyane;Guyane;45-64 ans;Hommes et Femmes;22.0;41.2;;973;03
2021;Réunion;Réunion;18-24 ans;Hommes;48.0;129.3;;974;04
2021;Réunion;Réunion;25-44 ans;Hommes;169.0;176.9;;974;04
2021;Réunion;Réunion;00-17 ans;Femmes;307.0;268.2;;974;04
2021;Réunion;Réunion;18-24 ans;Femmes;100.0;265.6;;974;04
2021;Réunion;Réunion;25-44 ans;Hommes et Femmes;343.0;161.5;;974;04
2021;Réunion;Réunion;45-64 ans;Hommes et Femmes;203.0;86.4;;974;04
2021;Mayotte;Mayotte;25-44 ans;Hommes;2.5;7.8;;976;06
2021;Mayotte;Mayotte;45-64 ans;Hommes;0.0;0.0;;976;06
2021;Mayotte;Mayotte;45-64 ans;Femmes;2.5;15.9;;976;06
2021;Mayotte;Mayotte;00-17 ans;Hommes et Femmes;5.0;3.4;;976;06
2021;Mayotte;Mayotte;65 ans et plus;Hommes et Femmes;2.5;32.5;;976;06
2021;Saint-Barthélemy;Saint-Barthélemy;45-64 ans;Hommes;2.5;;;977;977
2021;Saint-Barthélemy;Saint-Barthélemy;65 ans et plus;Hommes;0.0;;;977;977
2021;Saint-Barthélemy;Saint-Barthélemy;65 ans et plus;Femmes;2.5;;;977;977
2021;Saint-Barthélemy;Saint-Barthélemy;Tous;Femmes;7.5;;;977;977
2021;Saint-Barthélemy;Saint-Barthélemy;25-44 ans;Hommes et Femmes;7.5;;;977;977
2021;Saint-Barthélemy;Saint-Barthélemy;65 ans et plus;Hommes et Femmes;2.5;;;977;977
2021;Grand Est;Aube;25-44 ans;Hommes;41.0;117.4;;10;44
2021;Grand Est;Aube;45-64 ans;Hommes;43.0;111.3;;10;44
2021;Grand Est;Aube;Tous;Hommes;135.0;89.0;90.0;10;44
2021;Grand Est;Aube;65 ans et plus;Hommes et Femmes;47.0;68.0;;10;44
2021;Occitanie;Aude;45-64 ans;Femmes;73.0;137.0;;11;76
2021;Occitanie;Aude;Tous;Femmes;243.0;124.5;133.4;11;76
2021;Occitanie;Aude;00-17 ans;Hommes et Femmes;70.0;97.7;;11;76
2021;Occitanie;Aude;25-44 ans;Hommes et Femmes;117.0;152.6;;11;76
2021;Occitanie;Aude;45-64 ans;Hommes et Femmes;113.0;110.1;;11;76
2021;Occitanie;Aude;Tous;Hommes et Femmes;390.0;103.7;110.3;11;76
2021;Occitanie;Aveyron;65 ans et plus;Hommes;13.0;37.0;;12;76
2021;Occitanie;Aveyron;Tous;Hommes;123.0;89.1;95.3;12;76
2021;Occitanie;Aveyron;18-24 ans;Femmes;25.0;325.4;;12;76
2021;Occitanie;Aveyron;45-64 ans;Femmes;48.0;124.4;;12;76
2021;Occitanie;Aveyron;Tous;Femmes;164.0;115.8;126.6;12;76
2021;Occitanie;Aveyron;00-17 ans;Hommes et Femmes;39.0;77.5;;12;76
2021;Provence-Alpes-Côte d'Azur;Bouches-du-Rhône;25-44 ans;Hommes;217.0;90.0;;13;93
2021;Provence-Alpes-Côte d'Azur;Bouches-du-Rhône;Tous;Hommes;663.0;67.4;67.4;13;93
2021;Provence-Alpes-Côte d'Azur;Bouches-du-Rhône;00-17 ans;Femmes;436.0;209.9;;13;93
2021;Provence-Alpes-Côte d'Azur;Bouches-du-Rhône;18-24 ans;Femmes;186.0;216.7;;13;93
2021;Provence-Alpes-Côte d'Azur;Bouches-du-Rhône;Tous;Femmes;1367.0;127.4;127.6;13;93
2021;Provence-Alpes-Côte d'Azur;Bouches-du-Rhône;00-17 ans;Hommes et Femmes;521.0;122.0;;13;93
2021;Provence-Alpes-Côte d'Azur;Bouches-du-Rhône;18-24 ans;Hommes et Femmes;257.0;149.0;;13;93
2021;Normandie;Calvados;00-17 ans;Hommes;35.0;47.4;;14;28
2021;Normandie;Calvados;45-64 ans;Hommes;121.0;140.2;;14;28
2021;Normandie;Calvados;00-17 ans;Femmes;192.0;275.7;;14;28
2021;Normandie;Calvados;45-64 ans;Femmes;157.0;171.0;;14;28
2021;Normandie;Calvados;Tous;Femmes;728.0;200.3;200.5;14;28
2021;Normandie;Calvados;00-17 ans;Hommes et Femmes;227.0;158.2;;14;28
2021;Normandie;Calvados;25-44 ans;Hommes et Femmes;313.0;196.8;;14;28
2021;Normandie;Calvados;Tous;Hommes et Femmes;1164.0;166.1;166.5;14;28
2021;Auvergne et Rhône-Alpes;Cantal;45-64 ans;Hommes;10.0;47.5;;15;84
2021;Auvergne et Rhône-Alpes;Cantal;65 ans et plus;Hommes;2.5;13.6;;15;84
2021;Auvergne et Rhône-Alpes;Cantal;25-44 ans;Femmes;20.0;145.3;;15;84
2021;Auvergne et Rhône-Alpes;Cantal;45-64 ans;Femmes;19.0;92.0;;15;84
2021;Auvergne et Rhône-Alpes;Cantal;00-17 ans;Hommes et Femmes;43.0;176.7;;15;84
2021;Auvergne et Rhône-Alpes;Cantal;18-24 ans;Hommes et Femmes;9.5;112.0;;15;84
2021;Auvergne et Rhône-Alpes;Cantal;25-44 ans;Hommes et Femmes;40.0;142.7;;15;84
2021;Nouvelle Aquitaine;Charente;65 ans et plus;Hommes;34.0;84.9;;16;75
2021;Nouvelle Aquitaine;Charente;25-44 ans;Femmes;86.0;234.5;;16;75
2021;Nouvelle Aquitaine;Charente;65 ans et plus;Femmes;46.0;89.3;;16;75
2021;Nouvelle Aquitaine;Charente;18-24 ans;Hommes et Femmes;78.0;334.4;;16;75
2021;Nouvelle Aquitaine;Charente;Tous;Hommes et Femmes;615.0;175.3;181.6;16;75
2021;Nouvelle Aquitaine;Charente-Maritime;25-44 ans;Hommes;138.0;216.3;;17;75
2021;Nouvelle Aquitaine;Charente-Maritime;45-64 ans;Hommes;129.0;150.0;;17;75
2021;Nouvelle Aquitaine;Charente-Maritime;18-24 ans;Femmes;97.0;479.7;;17;75
2021;Nouvelle Aquitaine;Charente-Maritime;65 ans et plus;Femmes;125.0;116.7;;17;75
2021;Nouvelle Aquitaine;Charente-Maritime;Tous;Femmes;702.0;203.9;215.6;17;75
2021;Nouvelle Aquitaine;Charente-Maritime;00-17 ans;Hommes et Femmes;148.0;125.9;;17;75
2021;Nouvelle Aquitaine;Charente-Maritime;18-24 ans;Hommes et Femmes;158.0;357.8;;17;75
2021;Nouvelle Aquitaine;Charente-Maritime;65 ans et plus;Hommes et Femmes;183.0;96.3;;17;75
2021;Centre-Val de Loire;Cher;25-44 ans;Hommes;44.0;143.4;;18;24
2021;Centre-Val de Loire;Cher;00-17 ans;Femmes;39.0;140.0;;18;24
2021;Centre-Val de Loire;Cher;45-64 ans;Femmes;74.0;177.4;;18;24
2021;Centre-Val de Loire;Cher;18-24 ans;Hommes et Femmes;39.0;198.9;;18;24
2021;Centre-Val de Loire;Cher;25-44 ans;Hommes et Femmes;86.0;139.9;;18;24
2021;Centre-Val de Loire;Cher;45-64 ans;Hommes et Femmes;114.0;139.3;;18;24
2021;Centre-Val de Loire;Cher;Tous;Hommes et Femmes;320.5;107.0;112.1;18;24
2021;Nouvelle Aquitaine;Corrèze;45-64 ans;Hommes;41.0;124.6;;19;75
2021;Nouvelle Aquitaine;Corrèze;Tous;Hommes;115.0;98.3;101.4;19;75
2021;Nouvelle Aquitaine;Corrèze;45-64 ans;Femmes;68.0;203.1;;19;75
2021;Bourgogne et Franche-Comté;Côte-d'Or;25-44 ans;Hommes;129.0;205.5;;21;27
2021;Bourgogne et Franche-Comté;Côte-d'Or;Tous;Hommes;320.0;123.6;123.4;21;27
2021;Bourgogne et Franche-Comté;Côte-d'Or;18-24 ans;Femmes;146.0;567.1;;21;27
2021;Bourgogne et Franche-Comté;Côte-d'Or;18-24 ans;Hommes et Femmes;186.0;364.0;;21;27
2021;Bretagne;Côtes-d'Armor;00-17 ans;Hommes;33.0;53.4;;22;53
2021;Bretagne;Côtes-d'Armor;65 ans et plus;Hommes;87.0;124.4;;22;53
2021;Bretagne;Côtes-d'Armor;Tous;Hommes;579.0;197.5;206.9;22;53
2021;Bretagne;Côtes-d'Armor;00-17 ans;Hommes et Femmes;252.0;209.1;;22;53
2021;Bretagne;Côtes-d'Armor;25-44 ans;Hommes et Femmes;377.0;315.1;;22;53
2021;Nouvelle Aquitaine;Creuse;00-17 ans;Hommes;6.0;62.9;;23;75
2021;Nouvelle Aquitaine;Creuse;18-24 ans;Hommes;6.0;166.9;;23;75
2021;Nouvelle Aquitaine;Creuse;00-17 ans;Femmes;21.0;228.1;;23;75
2021;Nouvelle Aquitaine;Creuse;18-24 ans;Femmes;13.0;444.1;;23;75
2021;Nouvelle Aquitaine;Creuse;45-64 ans;Femmes;22.0;130.7;;23;75
2021;Nouvelle Aquitaine;Creuse;65 ans et plus;Femmes;8.0;39.8;;23;75
2021;Nouvelle Aquitaine;Creuse;Tous;Femmes;83.0;139.9;166.3;23;75
2021;Nouvelle Aquitaine;Creuse;25-44 ans;Hommes et Femmes;38.0;182.0;;23;75
2021;Nouvelle Aquitaine;Dordogne;25-44 ans;Hommes et Femmes;131.0;168.5;;24;75
2021;Nouvelle Aquitaine;Dordogne;65 ans et plus;Hommes et Femmes;79.0;64.0;;24;75
2021;Nouvelle Aquitaine;Dordogne;Tous;Hommes et Femmes;548.0;132.5;139.7;24;75
2021;Bourgogne et Franche-Comté;Doubs;00-17 ans;Hommes;12.0;19.4;;25;27
2021;Bourgogne et Franche-Comté;Doubs;45-64 ans;Hommes;74.0;110.0;;25;27
2021;Bourgogne et Franche-Comté;Doubs;Tous;Femmes;473.0;169.5;167.8;25;27
2021;Bourgogne et Franche-Comté;Doubs;18-24 ans;Hommes et Femmes;114.0;240.9;;25;27
2021;Bourgogne et Franche-Comté;Doubs;25-44 ans;Hommes et Femmes;231.0;174.7;;25;27
2021;Auvergne et Rhône-Alpes;Drôme;18-24 ans;Hommes et Femmes;81.0;228.0;;26;84
2021;Auvergne et Rhône-Alpes;Drôme;Tous;Hommes et Femmes;595.0;114.5;117.2;26;84
2021;Normandie;Eure;18-24 ans;Hommes;45.0;203.3;;27;28
2021;Normandie;Eure;65 ans et plus;Hommes;40.0;75.9;;27;28
2021;Normandie;Eure;Tous;Hommes;365.0;125.0;127.1;27;28
2021;Normandie;Eure;25-44 ans;Femmes;153.0;216.6;;27;28
2021;Normandie;Eure;65 ans et plus;Femmes;65.0;95.4;;27;28
2021;Normandie;Eure;Tous;Femmes;615.0;200.4;201.8;27;28
2021;Normandie;Eure;00-17 ans;Hommes et Femmes;198.0;143.9;;27;28
2021;Normandie;Eure;18-24 ans;Hommes et Femmes;125.0;300.8;;27;28
2021;Centre-Val de Loire;Eure-et-Loir;18-24 ans;Hommes;24.0;156.2;;28;24
2021;Centre-Val de Loire;Eure-et-Loir;45-64 ans;Hommes;68.0;120.5;;28;24
2021;Centre-Val de Loire;Eure-et-Loir;00-17 ans;Femmes;100.0;208.7;;28;24
2021;Centre-Val de Loire;Eure-et-Loir;18-24 ans;Femmes;45.0;324.3;;28;24
2021;Centre-Val de Loire;Eure-et-Loir;25-44 ans;Femmes;85.0;170.7;;28;24
2021;Centre-Val de Loire;Eure-et-Loir;Tous;Femmes;379.0;172.1;173.4;28;24
2021;Centre-Val de Loire;Eure-et-Loir;00-17 ans;Hommes et Femmes;113.0;114.8;;28;24
2021;Centre-Val de Loire;Eure-et-Loir;65 ans et plus;Hommes et Femmes;78.0;85.6;;28;24
2021;Bretagne;Finistère;00-17 ans;Hommes;39.0;42.2;;29;53
2021;Bretagne;Finistère;65 ans et plus;Hommes;55.0;58.5;;29;53
2021;Bretagne;Finistère;Tous;Hommes;626.0;139.7;141.7;29;53
2021;Bretagne;Finistère;25-44 ans;Femmes;199.0;202.6;;29;53
2021;Bretagne;Finistère;45-64 ans;Femmes;307.0;243.5;;29;53
2021;Bretagne;Finistère;65 ans et plus;Femmes;120.0;93.6;;29;53
2021;Bretagne;Finistère;00-17 ans;Hommes et Femmes;353.0;195.8;;29;53
2021;Bretagne;Finistère;Tous;Hommes et Femmes;1710.0;185.5;190.5;29;53
2021;Occitanie;Gard;65 ans et plus;Hommes;55.0;68.9;;30;76
2021;Occitanie;Gard;Tous;Hommes;307.0;84.1;85.9;30;76
2021;Occitanie;Gard;18-24 ans;Femmes;102.0;388.1;;30;76
2021;Occitanie;Gard;45-64 ans;Femmes;136.0;128.0;;30;76
2021;Occitanie;Gard;Tous;Femmes;603.0;154.0;158.7;30;76
2021;Occitanie;Gard;00-17 ans;Hommes et Femmes;218.0;141.3;;30;76
2021;Occitanie;Gard;18-24 ans;Hommes et Femmes;137.0;246.5;;30;76
2021;Occitanie;Gard;45-64 ans;Hommes et Femmes;223.0;108.9;;30;76
2021;Occitanie;Haute-Garonne;00-17 ans;Hommes;54.0;35.4;;31;76
2021;Occitanie;Haute-Garonne;45-64 ans;Hommes;107.0;62.3;;31;76
2021;Occitanie;Haute-Garonne;Tous;Hommes;408.0;58.4;56.8;31;76
2021;Occitanie;Haute-Garonne;18-24 ans;Femmes;146.0;200.6;;31;76
2021;Occitanie;Haute-Garonne;65 ans et plus;Femmes;74.0;53.0;;31;76
2021;Occitanie;Gers;00-17 ans;Hommes;9.0;50.2;;32;76
2021;Occitanie;Gers;18-24 ans;Hommes;2.5;42.1;;32;76
2021;Occitanie;Gers;Tous;Hommes;60.5;64.5;75.5;32;76
2021;Occitanie;Gers;00-17 ans;Femmes;35.0;210.4;;32;76
2021;Occitanie;Gers;45-64 ans;Femmes;38.0;133.6;;32;76
2021;Occitanie;Gers;00-17 ans;Hommes et Femmes;44.0;127.3;;32;76
2021;Occitanie;Gers;18-24 ans;Hommes et Femmes;11.5;103.3;;32;76
2021;Occitanie;Gers;25-44 ans;Hommes et Femmes;72.0;198.0;;32;76
2021;Nouvelle Aquitaine;Gironde;65 ans et plus;Hommes;101.0;72.3;;33;75
2021;Nouvelle Aquitaine;Gironde;00-17 ans;Femmes;632.0;381.1;;33;75
2021;Nouvelle Aquitaine;Gironde;45-64 ans;Femmes;366.0;168.4;;33;75
2021;Nouvelle Aquitaine;Gironde;45-64 ans;Hommes et Femmes;628.0;149.4;;33;75
2021;Nouvelle Aquitaine;Gironde;Tous;Hommes et Femmes;2880.0;174.0;171.2;33;75
2021;Occitanie;Hérault;45-64 ans;Femmes;144.0;92.0;;34;76
2021;Occitanie;Hérault;65 ans et plus;Femmes;100.0;66.0;;34;76
2021;Occitanie;Hérault;25-44 ans;Hommes et Femmes;226.0;78.8;;34;76
2021;Occitanie;Hérault;Tous;Hommes et Femmes;897.0;74.6;74.2;34;76
2021;Bretagne;Ille-et-Vilaine;18-24 ans;Hommes;59.0;112.4;;35;53
2021;Bretagne;Ille-et-Vilaine;45-64 ans;Hommes;153.0;113.4;;35;53
2021;Bretagne;Ille-et-Vilaine;00-17 ans;Hommes et Femmes;202.0;82.5;;35;53
2021;Bretagne;Ille-et-Vilaine;18-24 ans;Hommes et Femmes;247.0;237.6;;35;53
2021;Bretagne;Ille-et-Vilaine;Tous;Hommes et Femmes;1321.0;120.3;117.7;35;53
2021;Centre-Val de Loire;Indre;00-17 ans;Hommes;12.0;60.9;;36;24
2021;Centre-Val de Loire;Indre;45-64 ans;Hommes;44.0;146.0;;36;24
2021;Centre-Val de Loire;Indre;Tous;Hommes;124.0;118.1;125.8;36;24
2021;Centre-Val de Loire;Indre;18-24 ans;Femmes;32.0;506.4;;36;24
2021;Centre-Val de Loire;Indre;Tous;Femmes;187.0;166.6;184.6;36;24
2021;Centre-Val de Loire;Indre;Tous;Hommes et Femmes;311.0;143.2;156.1;36;24
2021;Centre-Val de Loire;Indre-et-Loire;00-17 ans;Hommes;25.0;39.4;;37;24
2021;Centre-Val de Loire;Indre-et-Loire;25-44 ans;Hommes;134.0;194.1;;37;24
2021;Centre-Val de Loire;Indre-et-Loire;45-64 ans;Hommes;110.0;144.1;;37;24
2021;Centre-Val de Loire;Indre-et-Loire;25-44 ans;Femmes;110.0;154.5;;37;24
2021;Centre-Val de Loire;Indre-et-Loire;45-64 ans;Femmes;156.0;194.3;;37;24
2021;Centre-Val de Loire;Indre-et-Loire;Tous;Femmes;579.0;182.1;181.3;37;24
2021;Centre-Val de Loire;Indre-et-Loire;25-44 ans;Hommes et Femmes;244.0;174.0;;37;24
2021;Auvergne et Rhône-Alpes;Isère;00-17 ans;Hommes;47.0;31.7;;38;84
2021;Auvergne et Rhône-Alpes;Isère;18-24 ans;Femmes;248.0;473.7;;38;84
2021;Auvergne et Rhône-Alpes;Isère;25-44 ans;Femmes;268.0;170.3;;38;84
2021;Auvergne et Rhône-Alpes;Isère;18-24 ans;Hommes et Femmes;333.0;302.0;;38;84
2021;Bourgogne et Franche-Comté;Jura;25-44 ans;Hommes;63.0;227.7;;39;27
2021;Bourgogne et Franche-Comté;Jura;45-64 ans;Hommes;52.0;148.0;;39;27
2021;Bourgogne et Franche-Comté;Jura;65 ans et plus;Hommes;20.0;72.5;;39;27
2021;Bourgogne et Franche-Comté;Jura;25-44 ans;Femmes;64.0;231.3;;39;27
2021;Bourgogne et Franche-Comté;Jura;45-64 ans;Femmes;80.0;222.3;;39;27
2021;Bourgogne et Franche-Comté;Jura;65 ans et plus;Femmes;32.0;91.8;;39;27
2021;Bourgogne et Franche-Comté;Jura;Tous;Femmes;288.0;218.1;226.1;39;27
2021;Bourgogne et Franche-Comté;Jura;00-17 ans;Hommes et Femmes;96.0;182.6;;39;27
2021;Bourgogne et Franche-Comté;Jura;18-24 ans;Hommes et Femmes;52.0;304.8;;39;27
2021;Bourgogne et Franche-Comté;Jura;45-64 ans;Hommes et Femmes;132.0;185.6;;39;27
2021;Bourgogne et Franche-Comté;Jura;Tous;Hommes et Femmes;459.0;177.5;184.2;39;27
2021;Nouvelle Aquitaine;Landes;00-17 ans;Hommes;20.0;48.9;;40;75
2021;Nouvelle Aquitaine;Landes;45-64 ans;Hommes;39.0;67.0;;40;75
2021;Nouvelle Aquitaine;Landes;65 ans et plus;Hommes;17.0;35.1;;40;75
2021;Nouvelle Aquitaine;Landes;25-44 ans;Femmes;61.0;134.3;;40;75
2021;Nouvelle Aquitaine;Landes;65 ans et plus;Femmes;30.0;48.7;;40;75
2021;Nouvelle Aquitaine;Landes;00-17 ans;Hommes et Femmes;76.0;95.7;;40;75
2021;Nouvelle Aquitaine;Landes;Tous;Hommes et Femmes;364.0;86.1;91.8;40;75
2021;Centre-Val de Loire;Loir-et-Cher;00-17 ans;Hommes;15.0;44.0;;41;24
2021;Centre-Val de Loire;Loir-et-Cher;18-24 ans;Hommes;14.0;125.9;;41;24
2021;Centre-Val de Loire;Loir-et-Cher;Tous;Hommes;121.0;75.8;77.8;41;24
2021;Centre-Val de Loire;Loir-et-Cher;45-64 ans;Hommes et Femmes;96.0;107.6;;41;24
2021;Auvergne et Rhône-Alpes;Loire;18-24 ans;Hommes;50.0;155.6;;42;84
2021;Auvergne et Rhône-Alpes;Loire;45-64 ans;Hommes;152.0;160.3;;42;84
2021;Auvergne et Rhône-Alpes;Loire;25-44 ans;Femmes;233.0;270.0;;42;84
2021;Auvergne et Rhône-Alpes;Loire;Tous;Femmes;785.0;198.1;202.8;42;84
2021;Auvergne et Rhône-Alpes;Loire;25-44 ans;Hommes et Femmes;383.0;224.3;;42;84
2021;Auvergne et Rhône-Alpes;Loire;Tous;Hommes et Femmes;1200.0;156.0;159.9;42;84
2021;Auvergne et Rhône-Alpes;Haute-Loire;65 ans et plus;Hommes;18.0;70.9;;43;84
2021;Auvergne et Rhône-Alpes;Haute-Loire;18-24 ans;Femmes;30.0;433.0;;43;84
2021;Auvergne et Rhône-Alpes;Haute-Loire;45-64 ans;Femmes;51.0;161.6;;43;84
2021;Auvergne et Rhône-Alpes;Haute-Loire;00-17 ans;Hommes et Femmes;55.5;123.3;;43;84
2021;Auvergne et Rhône-Alpes;Haute-Loire;45-64 ans;Hommes et Femmes;97.0;153.0;;43;84
2021;Auvergne et Rhône-Alpes;Haute-Loire;65 ans et plus;Hommes et Femmes;38.0;66.2;;43;84
2021;Auvergne et Rhône-Alpes;Haute-Loire;Tous;Hommes et Femmes;356.5;156.9;167.3;43;84
2021;Pays de la Loire;Loire-Atlantique;00-17 ans;Hommes;67.0;40.1;;44;52
2021;Pays de la Loire;Loire-Atlantique;00-17 ans;Femmes;351.0;222.0;;44;52
2021;Pays de la Loire;Loire-Atlantique;18-24 ans;Femmes;128.0;210.1;;44;52
2021;Pays de la Loire;Loire-Atlantique;45-64 ans;Femmes;222.0;120.7;;44;52
2021;Pays de la Loire;Loire-Atlantique;65 ans et plus;Femmes;107.0;67.2;;44;52
2021;Pays de la Loire;Loire-Atlantique;Tous;Femmes;1018.0;136.1;133.5;44;52
2021;Pays de la Loire;Loire-Atlantique;Tous;Hommes et Femmes;1606.0;110.2;108.7;44;52
2021;Centre-Val de Loire;Loiret;65 ans et plus;Hommes;38.0;61.1;;45;24
2021;Centre-Val de Loire;Loiret;45-64 ans;Femmes;140.0;157.2;;45;24
2021;Centre-Val de Loire;Loiret;65 ans et plus;Femmes;54.0;67.6;;45;24
2021;Centre-Val de Loire;Loiret;00-17 ans;Hommes et Femmes;112.0;72.6;;45;24
2021;Centre-Val de Loire;Loiret;45-64 ans;Hommes et Femmes;215.0;123.1;;45;24
2021;Centre-Val de Loire;Loiret;65 ans et plus;Hommes et Femmes;92.0;64.7;;45;24
2021;Occitanie;Lot;45-64 ans;Hommes;22.0;89.9;;46;76
2021;Occitanie;Lot;65 ans et plus;Hommes;12.0;49.5;;46;76
2021;Occitanie;Lot;00-17 ans;Femmes;23.0;160.6;;46;76
2021;Occitanie;Lot;00-17 ans;Hommes et Femmes;25.5;86.7;;46;76
2021;Nouvelle Aquitaine;Lot-et-Garonne;25-44 ans;Hommes;61.0;185.1;;47;75
2021;Nouvelle Aquitaine;Lot-et-Garonne;00-17 ans;Femmes;57.0;183.9;;47;75
2021;Nouvelle Aquitaine;Lot-et-Garonne;45-64 ans;Femmes;78.0;168.6;;47;75
2021;Nouvelle Aquitaine;Lot-et-Garonne;Tous;Femmes;292.0;169.9;181.9;47;75
2021;Nouvelle Aquitaine;Lot-et-Garonne;45-64 ans;Hommes et Femmes;128.0;143.3;;47;75
2021;Occitanie;Lozère;18-24 ans;Hommes;2.5;92.2;;48;76
2021;Occitanie;Lozère;45-64 ans;Hommes;18.0;162.5;;48;76
2021;Occitanie;Lozère;Tous;Hommes;38.0;99.8;104.5;48;76
2021;Occitanie;Lozère;18-24 ans;Femmes;7.0;307.8;;48;76
2021;Occitanie;Lozère;25-44 ans;Femmes;8.0;103.1;;48;76
2021;Occitanie;Lozère;45-64 ans;Femmes;20.0;190.0;;48;76
2021;Occitanie;Lozère;00-17 ans;Hommes et Femmes;11.5;81.0;;48;76
2021;Occitanie;Lozère;25-44 ans;Hommes et Femmes;22.0;141.1;;48;76
2021;Occitanie;Lozère;45-64 ans;Hommes et Femmes;38.0;175.9;;48;76
2021;Occitanie;Lozère;65 ans et plus;Hommes et Femmes;2.5;12.4;;48;76
2021;Occitanie;Lozère;Tous;Hommes et Femmes;84.5;110.4;115.8;48;76
2021;Pays de la Loire;Maine-et-Loire;45-64 ans;Hommes;74.0;72.7;;49;52
2021;Pays de la Loire;Maine-et-Loire;Tous;Hommes;325.0;81.1;81.7;49;52
2021;Pays de la Loire;Maine-et-Loire;18-24 ans;Femmes;75.0;206.4;;49;52
2021;Pays de la Loire;Maine-et-Loire;25-44 ans;Femmes;85.0;89.0;;49;52
2021;Pays de la Loire;Maine-et-Loire;Tous;Femmes;560.0;132.1;128.7;49;52
2021;Pays de la Loire;Maine-et-Loire;65 ans et plus;Hommes et Femmes;86.0;50.4;;49;52
2021;Pays de la Loire;Maine-et-Loire;Tous;Hommes et Femmes;885.0;107.3;105.9;49;52
2021;Normandie;Manche;25-44 ans;Hommes;106.0;200.6;;50;28
2021;Normandie;Manche;45-64 ans;Hommes;122.0;180.7;;50;28
2021;Normandie;Manche;65 ans et plus;Hommes;36.0;65.4;;50;28
2021;Normandie;Manche;18-24 ans;Femmes;55.0;367.9;;50;28
2021;Normandie;Manche;18-24 ans;Hommes et Femmes;88.0;274.6;;50;28
2021;Normandie;Manche;45-64 ans;Hommes et Femmes;264.0;194.1;;50;28
2021;Normandie;Manche;65 ans et plus;Hommes et Femmes;112.0;88.4;;50;28
2021;Normandie;Manche;Tous;Hommes et Femmes;909.0;183.4;191.3;50;28
2021;Grand Est;Marne;25-44 ans;Hommes;130.0;193.3;;51;44
2021;Grand Est;Marne;45-64 ans;Hommes;136.0;194.9;;51;44
2021;Grand Est;Marne;65 ans et plus;Hommes;44.0;90.0;;51;44
2021;Grand Est;Marne;Tous;Femmes;564.0;193.0;190.8;51;44
2021;Grand Est;Marne;00-17 ans;Hommes et Femmes;198.0;166.3;;51;44
2021;Grand Est;Marne;25-44 ans;Hommes et Femmes;239.0;176.5;;51;44
2021;Grand Est;Marne;45-64 ans;Hommes et Femmes;288.0;200.9;;51;44
2021;Grand Est;Marne;Tous;Hommes et Femmes;969.0;171.4;169.7;51;44
2021;Grand Est;Haute-Marne;25-44 ans;Hommes;30.0;164.0;;52;44
2021;Grand Est;Haute-Marne;18-24 ans;Hommes et Femmes;42.0;353.8;;52;44
2021;Pays de la Loire;Mayenne;00-17 ans;Hommes;25.0;71.1;;53;52
2021;Pays de la Loire;Mayenne;25-44 ans;Hommes;63.0;190.3;;53;52
2021;Pays de la Loire;Mayenne;00-17 ans;Femmes;102.0;305.8;;53;52
2021;Pays de la Loire;Mayenne;00-17 ans;Hommes et Femmes;127.0;185.3;;53;52
2021;Pays de la Loire;Mayenne;25-44 ans;Hommes et Femmes;113.0;171.8;;53;52
2021;Pays de la Loire;Mayenne;45-64 ans;Hommes et Femmes;142.0;176.7;;53;52
2021;Grand Est;Meurthe-et-Moselle;25-44 ans;Hommes;127.0;141.0;;54;44
2021;Grand Est;Meurthe-et-Moselle;45-64 ans;Hommes;121.0;133.9;;54;44
2021;Grand Est;Meurthe-et-Moselle;18-24 ans;Femmes;53.0;150.6;;54;44
2021;Grand Est;Meurthe-et-Moselle;65 ans et plus;Femmes;49.0;57.9;;54;44
2021;Grand Est;Meurthe-et-Moselle;45-64 ans;Hommes et Femmes;244.0;132.0;;54;44
2021;Grand Est;Meuse;25-44 ans;Hommes;57.0;281.7;;55;44
2021;Grand Est;Meuse;45-64 ans;Hommes;37.0;147.4;;55;44
2021;Grand Est;Meuse;65 ans et plus;Hommes;13.0;67.5;;55;44
2021;Grand Est;Meuse;65 ans et plus;Femmes;15.0;61.3;;55;44
2021;Grand Est;Meuse;Tous;Femmes;139.0;151.5;156.1;55;44
2021;Grand Est;Meuse;Tous;Hommes et Femmes;281.0;154.5;159.1;55;44
2021;Bretagne;Morbihan;45-64 ans;Hommes;188.0;181.2;;56;53
2021;Bretagne;Morbihan;65 ans et plus;Hommes;57.0;67.6;;56;53
2021;Bretagne;Morbihan;00-17 ans;Femmes;188.0;257.3;;56;53
2021;Bretagne;Morbihan;Tous;Hommes et Femmes;1349.0;175.5;183.3;56;53
2021;Grand Est;Moselle;00-17 ans;Hommes;32.0;29.7;;57;44
2021;Grand Est;Moselle;18-24 ans;Hommes;33.0;79.7;;57;44
2021;Grand Est;Moselle;Tous;Hommes;347.0;67.6;66.4;57;44
2021;Grand Est;Moselle;Tous;Femmes;673.0;125.5;127.2;57;44
2021;Grand Est;Moselle;25-44 ans;Hommes et Femmes;277.0;106.9;;57;44
2021;Grand Est;Moselle;45-64 ans;Hommes et Femmes;276.0;96.2;;57;44
2021;Bourgogne et Franche-Comté;Nièvre;18-24 ans;Hommes;25.0;363.3;;58;27
2021;Bourgogne et Franche-Comté;Nièvre;25-44 ans;Hommes;50.0;264.7;;58;27
2021;Bourgogne et Franche-Comté;Nièvre;45-64 ans;Hommes;48.0;175.5;;58;27
2021;Bourgogne et Franche-Comté;Nièvre;Tous;Femmes;222.0;211.3;246.5;58;27
2021;Hauts-de-France;Nord;25-44 ans;Hommes;1152.0;355.7;;59;32
2021;Hauts-de-France;Nord;65 ans et plus;Hommes;193.0;100.5;;59;32
2021;Hauts-de-France;Nord;00-17 ans;Femmes;965.0;328.7;;59;32
2021;Hauts-de-France;Nord;18-24 ans;Femmes;722.0;583.8;;59;32
2021;Hauts-de-France;Nord;00-17 ans;Hommes et Femmes;1176.0;195.3;;59;32
2021;Hauts-de-France;Nord;18-24 ans;Hommes et Femmes;1054.0;423.6;;59;32
2021;Hauts-de-France;Oise;25-44 ans;Femmes;185.0;178.5;;60;32
2021;Hauts-de-France;Oise;Tous;Femmes;813.0;192.0;187.6;60;32
2021;Hauts-de-France;Oise;18-24 ans;Hommes et Femmes;137.0;214.2;;60;32
2021;Hauts-de-France;Oise;45-64 ans;Hommes et Femmes;302.0;138.6;;60;32
2021;Normandie;Orne;00-17 ans;Hommes;10.0;36.0;;61;28
2021;Normandie;Orne;18-24 ans;Hommes;29.0;294.0;;61;28
2021;Normandie;Orne;45-64 ans;Hommes;53.0;141.5;;61;28
2021;Normandie;Orne;45-64 ans;Femmes;74.0;194.5;;61;28
2021;Normandie;Orne;65 ans et plus;Femmes;35.0;83.3;;61;28
2021;Normandie;Orne;45-64 ans;Hommes et Femmes;127.0;168.2;;61;28
2021;Normandie;Orne;65 ans et plus;Hommes et Femmes;50.0;66.9;;61;28
2021;Hauts-de-France;Pas-de-Calais;45-64 ans;Hommes;369.0;197.3;;62;32
2021;Hauts-de-France;Pas-de-Calais;65 ans et plus;Hommes;94.0;78.6;;62;32
2021;Hauts-de-France;Pas-de-Calais;18-24 ans;Femmes;314.0;548.6;;62;32
2021;Hauts-de-France;Pas-de-Calais;25-44 ans;Femmes;426.0;246.1;;62;32
2021;Hauts-de-France;Pas-de-Calais;00-17 ans;Hommes et Femmes;488.0;147.5;;62;32
2021;Hauts-de-France;Pas-de-Calais;18-24 ans;Hommes et Femmes;460.0;387.6;;62;32
2021;Auvergne et Rhône-Alpes;Puy-de-Dôme;65 ans et plus;Hommes;67.0;105.6;;63;84
2021;Auvergne et Rhône-Alpes;Puy-de-Dôme;Tous;Hommes;516.0;160.9;159.4;63;84
2021;Auvergne et Rhône-Alpes;Puy-de-Dôme;00-17 ans;Femmes;114.0;176.7;;63;84
2021;Auvergne et Rhône-Alpes;Puy-de-Dôme;45-64 ans;Femmes;181.0;207.4;;63;84
2021;Auvergne et Rhône-Alpes;Puy-de-Dôme;45-64 ans;Hommes et Femmes;334.0;194.0;;63;84
2021;Auvergne et Rhône-Alpes;Puy-de-Dôme;65 ans et plus;Hommes et Femmes;148.0;100.3;;63;84
2021;Nouvelle Aquitaine;Pyrénées-Atlantiques;18-24 ans;Hommes;13.0;51.5;;64;75
2021;Nouvelle Aquitaine;Pyrénées-Atlantiques;25-44 ans;Hommes;25.0;33.0;;64;75
2021;Nouvelle Aquitaine;Pyrénées-Atlantiques;65 ans et plus;Hommes;12.0;16.4;;64;75
2021;Nouvelle Aquitaine;Pyrénées-Atlantiques;45-64 ans;Femmes;31.0;31.8;;64;75
2021;Nouvelle Aquitaine;Pyrénées-Atlantiques;65 ans et plus;Femmes;27.0;27.4;;64;75
2021;Nouvelle Aquitaine;Pyrénées-Atlantiques;25-44 ans;Hommes et Femmes;64.0;41.4;;64;75
2021;Occitanie;Hautes-Pyrénées;00-17 ans;Hommes;9.0;43.0;;65;76
2021;Occitanie;Hautes-Pyrénées;00-17 ans;Femmes;39.0;199.6;;65;76
2021;Occitanie;Hautes-Pyrénées;45-64 ans;Femmes;55.0;165.2;;65;76
2021;Occitanie;Hautes-Pyrénées;Tous;Femmes;198.0;165.6;180.9;65;76
2021;Occitanie;Hautes-Pyrénées;25-44 ans;Hommes et Femmes;90.0;195.6;;65;76
2021;Occitanie;Hautes-Pyrénées;45-64 ans;Hommes et Femmes;76.0;118.4;;65;76
2021;Occitanie;Pyrénées-Orientales;18-24 ans;Hommes;13.0;76.9;;66;76
2021;Occitanie;Pyrénées-Orientales;25-44 ans;Hommes;50.0;103.7;;66;76
2021;Occitanie;Pyrénées-Orientales;45-64 ans;Hommes;47.0;76.0;;66;76
2021;Occitanie;Pyrénées-Orientales;Tous;Hommes;164.0;70.9;72.8;66;76
2021;Occitanie;Pyrénées-Orientales;25-44 ans;Femmes;62.0;117.9;;66;76
2021;Occitanie;Pyrénées-Orientales;65 ans et plus;Femmes;42.0;57.1;;66;76
2021;Occitanie;Pyrénées-Orientales;00-17 ans;Hommes et Femmes;123.0;130.5;;66;76
2021;Occitanie;Pyrénées-Orientales;25-44 ans;Hommes et Femmes;112.0;111.1;;66;76
2021;Occitanie;Pyrénées-Orientales;45-64 ans;Hommes et Femmes;128.0;98.8;;66;76
2021;Occitanie;Pyrénées-Orientales;65 ans et plus;Hommes et Femmes;72.0;55.5;;66;76
2021;Grand Est;Bas-Rhin;00-17 ans;Hommes;43.0;36.1;;67;44
2021;Grand Est;Bas-Rhin;Tous;Hommes;382.0;68.1;66.8;67;44
2021;Grand Est;Bas-Rhin;Tous;Femmes;639.0;108.0;107.3;67;44
2021;Grand Est;Bas-Rhin;00-17 ans;Hommes et Femmes;292.0;125.5;;67;44
2021;Grand Est;Bas-Rhin;Tous;Hommes et Femmes;1021.0;88.6;87.6;67;44
2021;Grand Est;Haut-Rhin;00-17 ans;Hommes;28.0;34.1;;68;44
2021;Grand Est;Haut-Rhin;18-24 ans;Hommes;28.0;96.3;;68;44
2021;Grand Est;Haut-Rhin;25-44 ans;Hommes;110.0;122.4;;68;44
2021;Grand Est;Haut-Rhin;00-17 ans;Femmes;176.0;229.0;;68;44
2021;Grand Est;Haut-Rhin;25-44 ans;Hommes et Femmes;200.0;110.2;;68;44
2021;Grand Est;Haut-Rhin;45-64 ans;Hommes et Femmes;230.0;108.4;;68;44
2021;Grand Est;Haut-Rhin;65 ans et plus;Hommes et Femmes;102.0;64.1;;68;44
2021;Auvergne et Rhône-Alpes;Rhône;18-24 ans;Femmes;286.0;288.0;;69;84
2021;Auvergne et Rhône-Alpes;Rhône;45-64 ans;Femmes;261.0;116.9;;69;84
2021;Auvergne et Rhône-Alpes;Rhône;18-24 ans;Hommes et Femmes;364.0;189.0;;69;84
2021;Auvergne et Rhône-Alpes;Rhône;45-64 ans;Hommes et Femmes;436.0;99.9;;69;84
2021;Auvergne et Rhône-Alpes;Rhône;65 ans et plus;Hommes et Femmes;205.0;62.3;;69;84
2021;Bourgogne et Franche-Comté;Haute-Saône;00-17 ans;Hommes;12.0;48.9;;70;27
2021;Bourgogne et Franche-Comté;Haute-Saône;45-64 ans;Hommes;52.0;158.9;;70;27
2021;Bourgogne et Franche-Comté;Haute-Saône;65 ans et plus;Hommes;18.0;71.5;;70;27
2021;Bourgogne et Franche-Comté;Haute-Saône;Tous;Hommes;146.0;126.6;129.8;70;27
2021;Bourgogne et Franche-Comté;Haute-Saône;45-64 ans;Femmes;81.0;244.2;;70;27
2021;Bourgogne et Franche-Comté;Haute-Saône;Tous;Femmes;216.0;181.6;184.0;70;27
2021;Bourgogne et Franche-Comté;Haute-Saône;00-17 ans;Hommes et Femmes;66.0;138.8;;70;27
2021;Bourgogne et Franche-Comté;Haute-Saône;65 ans et plus;Hommes et Femmes;40.0;71.4;;70;27
2021;Bourgogne et Franche-Comté;Saône-et-Loire;45-64 ans;Femmes;170.0;222.0;;71;27
2021;Bourgogne et Franche-Comté;Saône-et-Loire;65 ans et plus;Femmes;75.0;90.7;;71;27
2021;Bourgogne et Franche-Comté;Saône-et-Loire;18-24 ans;Hommes et Femmes;147.0;416.9;;71;27
2021;Bourgogne et Franche-Comté;Saône-et-Loire;45-64 ans;Hommes et Femmes;279.0;185.4;;71;27
2021;Bourgogne et Franche-Comté;Saône-et-Loire;Tous;Hommes et Femmes;988.0;179.9;192.0;71;27
2021;Pays de la Loire;Sarthe;00-17 ans;Hommes;14.0;22.3;;72;52
2021;Pays de la Loire;Sarthe;25-44 ans;Hommes;66.0;109.1;;72;52
2021;Pays de la Loire;Sarthe;45-64 ans;Hommes;71.0;96.8;;72;52
2021;Pays de la Loire;Sarthe;Tous;Hommes;212.0;77.0;78.4;72;52
2021;Pays de la Loire;Sarthe;25-44 ans;Femmes;70.0;112.4;;72;52
2021;Auvergne et Rhône-Alpes;Savoie;65 ans et plus;Hommes;35.0;85.8;;73;84
2021;Auvergne et Rhône-Alpes;Savoie;Tous;Hommes;226.0;104.1;104.7;73;84
2021;Auvergne et Rhône-Alpes;Savoie;18-24 ans;Femmes;52.0;340.8;;73;84
2021;Auvergne et Rhône-Alpes;Savoie;25-44 ans;Femmes;79.0;150.3;;73;84
2021;Auvergne et Rhône-Alpes;Savoie;65 ans et plus;Femmes;36.0;67.8;;73;84
2021;Auvergne et Rhône-Alpes;Savoie;18-24 ans;Hommes et Femmes;96.0;293.0;;73;84
2021;Auvergne et Rhône-Alpes;Haute-Savoie;25-44 ans;Femmes;141.0;121.5;;74;84
2021;Auvergne et Rhône-Alpes;Haute-Savoie;45-64 ans;Femmes;137.0;123.6;;74;84
2021;Auvergne et Rhône-Alpes;Haute-Savoie;45-64 ans;Hommes et Femmes;239.0;109.2;;74;84
2021;Auvergne et Rhône-Alpes;Haute-Savoie;65 ans et plus;Hommes et Femmes;93.0;63.5;;74;84
2021;Auvergne et Rhône-Alpes;Haute-Savoie;Tous;Hommes et Femmes;930.0;110.5;110.7;74;84
2021;Île-de-France;Paris;18-24 ans;Hommes;61.0;62.3;;75;11
2021;Île-de-France;Paris;25-44 ans;Hommes;155.0;47.1;;75;11
2021;Île-de-France;Paris;00-17 ans;Femmes;231.0;134.1;;75;11
2021;Île-de-France;Paris;00-17 ans;Hommes et Femmes;270.0;77.6;;75;11
2021;Île-de-France;Paris;65 ans et plus;Hommes et Femmes;144.0;38.2;;75;11
2021;Île-de-France;Paris;Tous;Hommes et Femmes;1207.0;56.6;56.5;75;11
2021;Normandie;Seine-Maritime;00-17 ans;Hommes;117.0;84.6;;76;28
2021;Normandie;Seine-Maritime;25-44 ans;Hommes;394.0;269.1;;76;28
2021;Normandie;Seine-Maritime;45-64 ans;Hommes;271.0;176.3;;76;28
2021;Normandie;Seine-Maritime;18-24 ans;Femmes;259.0;480.7;;76;28
2021;Normandie;Seine-Maritime;45-64 ans;Femmes;383.0;233.4;;76;28
2021;Normandie;Seine-Maritime;Tous;Femmes;1746.0;267.9;265.5;76;28
2021;Normandie;Seine-Maritime;25-44 ans;Hommes et Femmes;724.0;244.2;;76;28
2021;Normandie;Seine-Maritime;45-64 ans;Hommes et Femmes;654.0;205.8;;76;28
2021;Normandie;Seine-Maritime;65 ans et plus;Hommes et Femmes;224.0;85.6;;76;28
2021;Normandie;Seine-Maritime;Tous;Hommes et Femmes;2733.0;217.6;215.9;76;28
2021;Île-de-France;Seine-et-Marne;00-17 ans;Hommes;47.0;26.0;;77;11
2021;Île-de-France;Seine-et-Marne;25-44 ans;Hommes;142.0;78.7;;77;11
2021;Île-de-France;Seine-et-Marne;65 ans et plus;Hommes;51.0;52.7;;77;11
2021;Île-de-France;Seine-et-Marne;00-17 ans;Femmes;331.0;191.3;;77;11
2021;Île-de-France;Seine-et-Marne;25-44 ans;Femmes;179.0;92.4;;77;11
2021;Île-de-France;Seine-et-Marne;00-17 ans;Hommes et Femmes;378.0;106.9;;77;11
2021;Île-de-France;Seine-et-Marne;65 ans et plus;Hommes et Femmes;118.0;53.5;;77;11
2021;Île-de-France;Yvelines;18-24 ans;Hommes;45.0;73.9;;78;11
2021;Île-de-France;Yvelines;25-44 ans;Hommes;114.0;64.2;;78;11
2021;Île-de-France;Yvelines;65 ans et plus;Hommes;47.0;44.0;;78;11
2021;Île-de-France;Yvelines;Tous;Hommes;367.0;51.8;52.1;78;11
2021;Île-de-France;Yvelines;25-44 ans;Femmes;164.0;87.8;;78;11
2021;Île-de-France;Yvelines;25-44 ans;Hommes et Femmes;278.0;76.3;;78;11
2021;Île-de-France;Yvelines;65 ans et plus;Hommes et Femmes;133.0;53.9;;78;11
2021;Île-de-France;Yvelines;Tous;Hommes et Femmes;1267.0;87.0;85.3;78;11
2021;Nouvelle Aquitaine;Deux-Sèvres;25-44 ans;Hommes;75.0;187.7;;79;75
2021;Nouvelle Aquitaine;Deux-Sèvres;18-24 ans;Femmes;23.0;206.2;;79;75
2021;Nouvelle Aquitaine;Deux-Sèvres;Tous;Hommes et Femmes;505.0;134.8;138.7;79;75
2021;Hauts-de-France;Somme;65 ans et plus;Femmes;84.0;125.2;;80;32
2021;Hauts-de-France;Somme;18-24 ans;Hommes et Femmes;339.0;655.0;;80;32
2021;Hauts-de-France;Somme;Tous;Hommes et Femmes;1948.0;344.0;340.5;80;32
2021;Occitanie;Tarn;25-44 ans;Hommes;65.0;164.3;;81;76
2021;Occitanie;Tarn;00-17 ans;Femmes;92.0;248.4;;81;76
2021;Occitanie;Tarn;18-24 ans;Femmes;53.0;419.1;;81;76
2021;Occitanie;Tarn;65 ans et plus;Femmes;40.0;69.6;;81;76
2021;Occitanie;Tarn-et-Garonne;18-24 ans;Hommes;22.0;233.8;;82;76
2021;Occitanie;Tarn-et-Garonne;25-44 ans;Hommes;58.0;203.8;;82;76
2021;Occitanie;Tarn-et-Garonne;65 ans et plus;Hommes;18.0;67.0;;82;76
2021;Occitanie;Tarn-et-Garonne;18-24 ans;Femmes;40.0;495.8;;82;76
2021;Occitanie;Tarn-et-Garonne;45-64 ans;Femmes;63.0;176.7;;82;76
2021;Occitanie;Tarn-et-Garonne;25-44 ans;Hommes et Femmes;104.0;179.4;;82;76
2021;Provence-Alpes-Côte d'Azur;Var;00-17 ans;Hommes;27.0;26.0;;83;93
2021;Provence-Alpes-Côte d'Azur;Var;25-44 ans;Hommes;170.0;147.9;;83;93
2021;Provence-Alpes-Côte d'Azur;Var;45-64 ans;Hommes;143.0;102.1;;83;93
2021;Provence-Alpes-Côte d'Azur;Var;65 ans et plus;Hommes;75.0;58.5;;83;93
2021;Provence-Alpes-Côte d'Azur;Var;Tous;Hommes;466.0;88.6;90.6;83;93
2021;Provence-Alpes-Côte d'Azur;Var;18-24 ans;Femmes;123.0;353.7;;83;93
2021;Provence-Alpes-Côte d'Azur;Var;25-44 ans;Femmes;165.0;139.1;;83;93
2021;Provence-Alpes-Côte d'Azur;Var;65 ans et plus;Femmes;140.0;84.2;;83;93
2021;Provence-Alpes-Côte d'Azur;Var;45-64 ans;Hommes et Femmes;408.0;139.6;;83;93
2021;Provence-Alpes-Côte d'Azur;Var;65 ans et plus;Hommes et Femmes;215.0;73.0;;83;93
2021;Provence-Alpes-Côte d'Azur;Var;Tous;Hommes et Femmes;1369.0;125.0;130.0;83;93
2021;Provence-Alpes-Côte d'Azur;Vaucluse;00-17 ans;Hommes;17.0;27.5;;84;93
2021;Provence-Alpes-Côte d'Azur;Vaucluse;18-24 ans;Hommes;35.0;174.9;;84;93
2021;Provence-Alpes-Côte d'Azur;Vaucluse;25-44 ans;Hommes;84.0;138.1;;84;93
2021;Provence-Alpes-Côte d'Azur;Vaucluse;00-17 ans;Femmes;106.0;181.8;;84;93
2021;Provence-Alpes-Côte d'Azur;Vaucluse;25-44 ans;Femmes;90.0;138.1;;84;93
2021;Provence-Alpes-Côte d'Azur;Vaucluse;45-64 ans;Femmes;102.0;130.8;;84;93
2021;Provence-Alpes-Côte d'Azur;Vaucluse;Tous;Femmes;387.0;131.8;134.3;84;93
2021;Provence-Alpes-Côte d'Azur;Vaucluse;25-44 ans;Hommes et Femmes;174.0;138.1;;84;93
2021;Provence-Alpes-Côte d'Azur;Vaucluse;45-64 ans;Hommes et Femmes;178.0;118.8;;84;93
2021;Pays de la Loire;Vendée;18-24 ans;Hommes;52.0;218.3;;85;52
2021;Pays de la Loire;Vendée;25-44 ans;Hommes;120.0;163.4;;85;52
2021;Pays de la Loire;Vendée;45-64 ans;Hommes;136.0;148.1;;85;52
2021;Pays de la Loire;Vendée;45-64 ans;Femmes;161.0;170.6;;85;52
2021;Pays de la Loire;Vendée;00-17 ans;Hommes et Femmes;246.0;172.1;;85;52
2021;Nouvelle Aquitaine;Vienne;00-17 ans;Hommes;8.0;17.6;;86;75
2021;Nouvelle Aquitaine;Vienne;25-44 ans;Hommes;51.0;104.8;;86;75
2021;Nouvelle Aquitaine;Vienne;00-17 ans;Femmes;36.0;82.3;;86;75
2021;Nouvelle Aquitaine;Vienne;Tous;Femmes;211.0;92.9;92.4;86;75
2021;Nouvelle Aquitaine;Vienne;18-24 ans;Hommes et Femmes;53.0;128.2;;86;75
2021;Nouvelle Aquitaine;Vienne;65 ans et plus;Hommes et Femmes;53.0;53.5;;86;75
2021;Nouvelle Aquitaine;Haute-Vienne;45-64 ans;Hommes;52.0;109.3;;87;75
2021;Nouvelle Aquitaine;Haute-Vienne;00-17 ans;Femmes;76.0;225.7;;87;75
2021;Nouvelle Aquitaine;Haute-Vienne;18-24 ans;Femmes;44.0;278.0;;87;75
2021;Nouvelle Aquitaine;Haute-Vienne;Tous;Femmes;297.0;152.9;158.6;87;75
2021;Nouvelle Aquitaine;Haute-Vienne;18-24 ans;Hommes et Femmes;75.0;244.7;;87;75
2021;Nouvelle Aquitaine;Haute-Vienne;45-64 ans;Hommes et Femmes;133.0;136.0;;87;75
2021;Nouvelle Aquitaine;Haute-Vienne;Tous;Hommes et Femmes;461.0;124.0;127.7;87;75
2021;Grand Est;Vosges;00-17 ans;Hommes;34.0;95.0;;88;44
2021;Grand Est;Vosges;00-17 ans;Femmes;149.0;441.4;;88;44
2021;Grand Est;Vosges;18-24 ans;Femmes;64.0;559.2;;88;44
2021;Grand Est;Vosges;25-44 ans;Femmes;104.0;278.0;;88;44
2021;Grand Est;Vosges;Tous;Femmes;471.0;255.1;272.5;88;44
2021;Grand Est;Vosges;18-24 ans;Hommes et Femmes;101.0;404.4;;88;44
2021;Bourgogne et Franche-Comté;Yonne;00-17 ans;Hommes;19.0;53.7;;89;27
2021;Bourgogne et Franche-Comté;Yonne;45-64 ans;Hommes;50.0;111.9;;89;27
2021;Bourgogne et Franche-Comté;Yonne;65 ans et plus;Hommes;13.0;35.7;;89;27
2021;Bourgogne et Franche-Comté;Yonne;00-17 ans;Femmes;98.0;294.4;;89;27
2021;Bourgogne et Franche-Comté;Yonne;45-64 ans;Femmes;77.0;166.8;;89;27
2021;Bourgogne et Franche-Comté;Yonne;00-17 ans;Hommes et Femmes;117.0;170.3;;89;27
2021;Bourgogne et Franche-Comté;Yonne;25-44 ans;Hommes et Femmes;91.0;129.0;;89;27
2021;Bourgogne et Franche-Comté;Yonne;65 ans et plus;Hommes et Femmes;42.0;50.8;;89;27
2021;Bourgogne et Franche-Comté;Territoire de Belfort;00-17 ans;Hommes;9.0;59.0;;90;27
2021;Bourgogne et Franche-Comté;Territoire de Belfort;18-24 ans;Femmes;18.0;372.9;;90;27
2021;Bourgogne et Franche-Comté;Territoire de Belfort;65 ans et plus;Femmes;7.0;43.0;;90;27
2021;Bourgogne et Franche-Comté;Territoire de Belfort;25-44 ans;Hommes et Femmes;46.0;139.4;;90;27
2021;Bourgogne et Franche-Comté;Territoire de Belfort;45-64 ans;Hommes et Femmes;61.0;166.8;;90;27
2021;Île-de-France;Essonne;25-44 ans;Hommes;150.0;89.7;;91;11
2021;Île-de-France;Essonne;45-64 ans;Hommes;134.0;81.9;;91;11
2021;Île-de-France;Essonne;Tous;Hommes;437.0;67.8;67.5;91;11
2021;Île-de-France;Essonne;18-24 ans;Femmes;162.0;293.2;;91;11
2021;Île-de-France;Essonne;45-64 ans;Femmes;159.0;95.5;;91;11
2021;Île-de-France;Essonne;18-24 ans;Hommes et Femmes;226.0;194.1;;91;11
2021;Île-de-France;Essonne;65 ans et plus;Hommes et Femmes;112.0;54.4;;91;11
2021;Île-de-France;Essonne;Tous;Hommes et Femmes;1248.0;95.0;92.3;91;11
2021;Île-de-France;Hauts-de-Seine;25-44 ans;Hommes;108.0;47.1;;92;11
2021;Île-de-France;Hauts-de-Seine;65 ans et plus;Hommes;44.0;41.9;;92;11
2021;Île-de-France;Hauts-de-Seine;65 ans et plus;Femmes;75.0;50.3;;92;11
2021;Île-de-France;Hauts-de-Seine;25-44 ans;Hommes et Femmes;279.0;58.8;;92;11
2021;Île-de-France;Hauts-de-Seine;65 ans et plus;Hommes et Femmes;119.0;46.8;;92;11
2021;Île-de-France;Seine-Saint-Denis;18-24 ans;Femmes;120.0;157.6;;93;11
2021;Île-de-France;Seine-Saint-Denis;45-64 ans;Femmes;137.0;70.4;;93;11
2021;Île-de-France;Seine-Saint-Denis;65 ans et plus;Femmes;45.0;39.0;;93;11
2021;Île-de-France;Seine-Saint-Denis;45-64 ans;Hommes et Femmes;251.0;64.6;;93;11
2021;Île-de-France;Val-de-Marne;18-24 ans;Hommes;103.0;157.2;;94;11
2021;Île-de-France;Val-de-Marne;18-24 ans;Femmes;120.0;183.3;;94;11
2021;Île-de-France;Val-de-Marne;Tous;Femmes;765.0;104.3;101.5;94;11
2021;Île-de-France;Val-de-Marne;00-17 ans;Hommes et Femmes;315.0;97.9;;94;11
2021;Île-de-France;Val-de-Marne;25-44 ans;Hommes et Femmes;276.0;69.8;;94;11
2021;Île-de-France;Val-d'Oise;00-17 ans;Hommes;36.0;21.8;;95;11
2021;Île-de-France;Val-d'Oise;18-24 ans;Hommes;42.0;74.6;;95;11
2021;Île-de-France;Val-d'Oise;45-64 ans;Hommes;78.0;52.3;;95;11
2021;Île-de-France;Val-d'Oise;25-44 ans;Hommes et Femmes;229.0;68.0;;95;11
2021;Guadeloupe;Guadeloupe;18-24 ans;Hommes;2.5;17.3;;971;01
2021;Guadeloupe;Guadeloupe;45-64 ans;Hommes;7.0;13.2;;971;01
2021;Guadeloupe;Guadeloupe;45-64 ans;Femmes;10.0;15.5;;971;01
2021;Guadeloupe;Guadeloupe;00-17 ans;Hommes et Femmes;19.0;23.0;;971;01
2021;Martinique;Martinique;25-44 ans;Hommes;25.0;83.7;;972;02
2021;Martinique;Martinique;25-44 ans;Femmes;34.0;84.9;;972;02
2021;Martinique;Martinique;25-44 ans;Hommes et Femmes;59.0;84.4;;972;02
2021;Martinique;Martinique;45-64 ans;Hommes et Femmes;63.0;55.1;;972;02
2021;Guyane;Guyane;00-17 ans;Hommes;6.0;11.0;;973;03
2021;Guyane;Guyane;45-64 ans;Hommes;9.0;34.6;;973;03
2021;Guyane;Guyane;65 ans et plus;Femmes;0.0;0.0;;973;03
2021;Guyane;Guyane;Tous;Femmes;127.0;86.3;64.4;973;03
2021;Guyane;Guyane;00-17 ans;Hommes et Femmes;61.0;56.3;;973;03
2021;Guyane;Guyane;18-24 ans;Hommes et Femmes;33.0;109.2;;973;03
2021;Réunion;Réunion;45-64 ans;Hommes;95.0;84.2;;974;04
2021;Réunion;Réunion;65 ans et plus;Hommes;33.0;64.4;;974;04
2021;Réunion;Réunion;Tous;Hommes;394.0;94.9;97.6;974;04
2021;Réunion;Réunion;25-44 ans;Femmes;174.0;148.9;;974;04
2021;Réunion;Réunion;65 ans et plus;Femmes;32.0;49.3;;974;04
2021;Réunion;Réunion;Tous;Femmes;721.0;158.1;143.2;974;04
2021;Mayotte;Mayotte;00-17 ans;Hommes;2.5;3.5;;976;06
2021;Mayotte;Mayotte;18-24 ans;Hommes;0.0;0.0;;976;06
2021;Mayotte;Mayotte;65 ans et plus;Hommes;0.0;0.0;;976;06
2021;Mayotte;Mayotte;25-44 ans;Femmes;2.5;5.9;;976;06
2021;Mayotte;Mayotte;65 ans et plus;Femmes;2.5;65.1;;976;06
2021;Mayotte;Mayotte;Tous;Femmes;11.0;7.3;17.3;976;06
2021;Mayotte;Mayotte;18-24 ans;Hommes et Femmes;2.5;9.0;;976;06
2021;Mayotte;Mayotte;25-44 ans;Hommes et Femmes;5.0;6.7;;976;06
2021;Mayotte;Mayotte;45-64 ans;Hommes et Femmes;2.5;7.6;;976;06
2021;Saint-Barthélemy;Saint-Barthélemy;00-17 ans;Hommes;0.0;;;977;977
2021;Saint-Barthélemy;Saint-Barthélemy;18-24 ans;Hommes;0.0;;;977;977
2021;Saint-Barthélemy;Saint-Barthélemy;Tous;Hommes;7.5;;;977;977
2021;Saint-Barthélemy;Saint-Barthélemy;00-17 ans;Femmes;0.0;;;977;977
2021;Saint-Barthélemy;Saint-Barthélemy;18-24 ans;Femmes;0.0;;;977;977
2021;Saint-Barthélemy;Saint-Barthélemy;25-44 ans;Femmes;2.5;;;977;977
2021;Saint-Barthélemy;Saint-Barthélemy;18-24 ans;Hommes et Femmes;0.0;;;977;977
2021;Saint-Barthélemy;Saint-Barthélemy;Tous;Hommes et Femmes;11.0;;;977;977
2021;Saint-Martin;Saint-Martin;18-24 ans;Hommes;0.0;;;978;978
2021;Saint-Martin;Saint-Martin;45-64 ans;Hommes;2.5;;;978;978
2021;Saint-Martin;Saint-Martin;65 ans et plus;Hommes;2.5;;;978;978
2021;Saint-Martin;Saint-Martin;Tous;Hommes;5.0;;;978;978
2021;Saint-Martin;Saint-Martin;65 ans et plus;Femmes;2.5;;;978;978
2021;Saint-Martin;Saint-Martin;18-24 ans;Hommes et Femmes;2.5;;;978;978
2021;Saint-Martin;Saint-Martin;65 ans et plus;Hommes et Femmes;5.0;;;978;978
2021;Auvergne et Rhône-Alpes;Ain;45-64 ans;Hommes;52.0;59.2;;01;84
2021;Auvergne et Rhône-Alpes;Ain;25-44 ans;Femmes;115.0;139.6;;01;84
2021;Auvergne et Rhône-Alpes;Ain;18-24 ans;Hommes et Femmes;63.0;137.6;;01;84
2021;Auvergne et Rhône-Alpes;Ain;Tous;Hommes et Femmes;570.0;85.9;85.9;01;84
2021;Hauts-de-France;Aisne;00-17 ans;Hommes;43.0;71.3;;02;32
2021;Hauts-de-France;Aisne;45-64 ans;Femmes;161.0;227.6;;02;32
2021;Hauts-de-France;Aisne;65 ans et plus;Femmes;77.0;121.1;;02;32
2021;Hauts-de-France;Aisne;Tous;Femmes;659.0;244.2;245.2;02;32
2021;Hauts-de-France;Aisne;00-17 ans;Hommes et Femmes;243.0;206.6;;02;32
2021;Hauts-de-France;Aisne;25-44 ans;Hommes et Femmes;262.0;220.1;;02;32
2021;Hauts-de-France;Aisne;Tous;Hommes et Femmes;1050.0;199.1;200.9;02;32
2021;Auvergne et Rhône-Alpes;Allier;18-24 ans;Hommes;26.0;215.9;;03;84
2021;Auvergne et Rhône-Alpes;Allier;25-44 ans;Hommes;41.0;126.0;;03;84
2021;Auvergne et Rhône-Alpes;Allier;25-44 ans;Femmes;42.0;128.4;;03;84
2021;Auvergne et Rhône-Alpes;Allier;Tous;Femmes;209.0;120.1;130.7;03;84
2021;Auvergne et Rhône-Alpes;Allier;18-24 ans;Hommes et Femmes;45.0;199.5;;03;84
2021;Provence-Alpes-Côte d'Azur;Alpes-de-Haute-Provence;25-44 ans;Hommes;16.0;97.5;;04;93
2021;Provence-Alpes-Côte d'Azur;Alpes-de-Haute-Provence;65 ans et plus;Hommes;16.0;79.8;;04;93
2021;Provence-Alpes-Côte d'Azur;Alpes-de-Haute-Provence;18-24 ans;Femmes;15.0;320.4;;04;93
2021;Provence-Alpes-Côte d'Azur;Alpes-de-Haute-Provence;65 ans et plus;Femmes;13.0;52.8;;04;93
2021;Provence-Alpes-Côte d'Azur;Alpes-de-Haute-Provence;Tous;Femmes;133.0;155.5;169.5;04;93
2021;Provence-Alpes-Côte d'Azur;Alpes-de-Haute-Provence;65 ans et plus;Hommes et Femmes;29.0;64.9;;04;93
2021;Provence-Alpes-Côte d'Azur;Hautes-Alpes;18-24 ans;Hommes;2.5;55.5;;05;93
2021;Provence-Alpes-Côte d'Azur;Hautes-Alpes;25-44 ans;Hommes;26.0;176.5;;05;93
2021;Provence-Alpes-Côte d'Azur;Hautes-Alpes;65 ans et plus;Hommes;2.5;15.2;;05;93
2021;Provence-Alpes-Côte d'Azur;Hautes-Alpes;18-24 ans;Hommes et Femmes;18.5;228.4;;05;93
2021;Provence-Alpes-Côte d'Azur;Hautes-Alpes;25-44 ans;Hommes et Femmes;59.0;197.2;;05;93
2021;Provence-Alpes-Côte d'Azur;Hautes-Alpes;Tous;Hommes et Femmes;191.0;135.5;144.1;05;93
2021;Provence-Alpes-Côte d'Azur;Alpes-Maritimes;00-17 ans;Hommes;44.0;41.3;;06;93
2021;Provence-Alpes-Côte d'Azur;Alpes-Maritimes;18-24 ans;Hommes;78.0;191.4;;06;93
2021;Provence-Alpes-Côte d'Azur;Alpes-Maritimes;Tous;Hommes;548.0;105.0;106.2;06;93
2021;Provence-Alpes-Côte d'Azur;Alpes-Maritimes;45-64 ans;Femmes;249.0;163.8;;06;93
2021;Provence-Alpes-Côte d'Azur;Alpes-Maritimes;65 ans et plus;Femmes;132.0;82.8;;06;93
2021;Provence-Alpes-Côte d'Azur;Alpes-Maritimes;00-17 ans;Hommes et Femmes;310.0;149.1;;06;93
2021;Provence-Alpes-Côte d'Azur;Alpes-Maritimes;65 ans et plus;Hommes et Femmes;215.0;78.3;;06;93
2021;Auvergne et Rhône-Alpes;Ardèche;18-24 ans;Hommes;15.0;143.0;;07;84
2021;Auvergne et Rhône-Alpes;Ardèche;00-17 ans;Hommes et Femmes;62.0;95.1;;07;84
2021;Auvergne et Rhône-Alpes;Ardèche;18-24 ans;Hommes et Femmes;42.0;210.1;;07;84
2021;Auvergne et Rhône-Alpes;Ardèche;45-64 ans;Hommes et Femmes;114.0;122.7;;07;84
2021;Grand Est;Ardennes;00-17 ans;Hommes;28.0;97.4;;08;44
2021;Grand Est;Ardennes;25-44 ans;Hommes;66.0;222.4;;08;44
2021;Grand Est;Ardennes;00-17 ans;Hommes et Femmes;138.0;245.9;;08;44
2021;Grand Est;Ardennes;25-44 ans;Hommes et Femmes;122.0;204.9;;08;44
2021;Grand Est;Ardennes;45-64 ans;Hommes et Femmes;150.0;203.1;;08;44
2021;Grand Est;Ardennes;65 ans et plus;Hommes et Femmes;50.0;82.4;;08;44
2021;Grand Est;Ardennes;Tous;Hommes et Femmes;514.0;191.2;194.8;08;44
2021;Occitanie;Ariège;18-24 ans;Hommes;7.0;131.7;;09;76
2021;Occitanie;Ariège;65 ans et plus;Hommes;10.0;53.6;;09;76
2021;Occitanie;Ariège;18-24 ans;Hommes et Femmes;31.0;325.2;;09;76
2021;Corse;Corse-du-Sud;65 ans et plus;Hommes;5.0;27.6;;2A;94
2021;Corse;Corse-du-Sud;25-44 ans;Femmes;6.0;29.3;;2A;94
2021;Corse;Corse-du-Sud;45-64 ans;Femmes;9.0;39.9;;2A;94
2021;Corse;Corse-du-Sud;Tous;Femmes;43.5;51.6;52.9;2A;94
2021;Corse;Corse-du-Sud;18-24 ans;Hommes et Femmes;2.5;27.1;;2A;94
2021;Corse;Corse-du-Sud;45-64 ans;Hommes et Femmes;20.0;45.1;;2A;94
2021;Corse;Haute-Corse;18-24 ans;Hommes;2.5;37.3;;2B;94
2021;Corse;Haute-Corse;45-64 ans;Hommes;17.0;69.5;;2B;94
2021;Corse;Haute-Corse;65 ans et plus;Hommes;2.5;12.4;;2B;94
2021;Corse;Haute-Corse;Tous;Hommes;40.0;44.5;43.8;2B;94
2021;Corse;Haute-Corse;00-17 ans;Femmes;19.0;116.4;;2B;94
2021;Corse;Haute-Corse;25-44 ans;Femmes;27.0;121.5;;2B;94
2021;Corse;Haute-Corse;00-17 ans;Hommes et Femmes;21.5;64.2;;2B;94
2021;Corse;Haute-Corse;65 ans et plus;Hommes et Femmes;20.5;46.3;;2B;94
2021;Grand Est;Aube;00-17 ans;Hommes;13.0;37.2;;10;44
2021;Grand Est;Aube;65 ans et plus;Hommes;16.0;53.8;;10;44
2021;Grand Est;Aube;00-17 ans;Femmes;84.0;255.1;;10;44
2021;Grand Est;Aube;18-24 ans;Femmes;51.0;441.9;;10;44
2021;Grand Est;Aube;25-44 ans;Femmes;49.0;137.4;;10;44
2021;Grand Est;Aube;45-64 ans;Femmes;55.0;137.0;;10;44
2021;Grand Est;Aube;45-64 ans;Hommes et Femmes;98.0;124.4;;10;44
2021;Grand Est;Aube;Tous;Hommes et Femmes;405.0;130.1;131.6;10;44
2021;Occitanie;Aude;00-17 ans;Hommes;13.0;35.4;;11;76
2021;Occitanie;Aude;Tous;Hommes;147.0;81.3;85.8;11;76
2021;Occitanie;Aude;25-44 ans;Femmes;70.0;178.7;;11;76
2021;Occitanie;Aude;65 ans et plus;Femmes;20.0;35.6;;11;76
2021;Occitanie;Aude;18-24 ans;Hommes et Femmes;47.0;195.1;;11;76
2021;Occitanie;Aveyron;18-24 ans;Hommes;11.0;115.0;;12;76
2021;Occitanie;Aveyron;45-64 ans;Hommes;33.0;85.1;;12;76
2021;Occitanie;Aveyron;25-44 ans;Femmes;45.0;162.9;;12;76
2021;Occitanie;Aveyron;65 ans et plus;Femmes;23.0;53.2;;12;76
2021;Occitanie;Aveyron;18-24 ans;Hommes et Femmes;36.0;208.7;;12;76
2021;Occitanie;Aveyron;25-44 ans;Hommes et Femmes;95.0;168.7;;12;76
2021;Occitanie;Aveyron;65 ans et plus;Hommes et Femmes;36.0;45.9;;12;76
2021;Provence-Alpes-Côte d'Azur;Bouches-du-Rhône;25-44 ans;Femmes;256.0;99.3;;13;93
2021;Provence-Alpes-Côte d'Azur;Bouches-du-Rhône;65 ans et plus;Hommes et Femmes;264.0;60.8;;13;93
2021;Normandie;Calvados;18-24 ans;Hommes;64.0;205.9;;14;28
2021;Normandie;Calvados;65 ans et plus;Hommes;42.0;62.7;;14;28
2021;Normandie;Calvados;Tous;Hommes;436.0;129.3;130.3;14;28
2021;Normandie;Calvados;18-24 ans;Femmes;154.0;506.6;;14;28
2021;Auvergne et Rhône-Alpes;Cantal;18-24 ans;Hommes;2.5;55.7;;15;84
2021;Auvergne et Rhône-Alpes;Cantal;Tous;Hommes;43.0;61.0;68.1;15;84
2021;Auvergne et Rhône-Alpes;Cantal;65 ans et plus;Femmes;6.0;25.8;;15;84
2021;Auvergne et Rhône-Alpes;Cantal;Tous;Femmes;88.0;119.4;136.9;15;84
2021;Auvergne et Rhône-Alpes;Cantal;Tous;Hommes et Femmes;131.0;90.8;103.6;15;84
2021;Nouvelle Aquitaine;Charente;18-24 ans;Hommes;28.0;224.4;;16;75
2021;Nouvelle Aquitaine;Charente;25-44 ans;Hommes;89.0;243.9;;16;75
2021;Nouvelle Aquitaine;Charente;45-64 ans;Hommes;93.0;195.6;;16;75
2021;Nouvelle Aquitaine;Charente;Tous;Hommes;259.0;151.9;155.4;16;75
2021;Nouvelle Aquitaine;Charente;00-17 ans;Femmes;45.0;142.3;;16;75
2021;Nouvelle Aquitaine;Charente;18-24 ans;Femmes;50.0;461.0;;16;75
2021;Nouvelle Aquitaine;Charente;Tous;Femmes;356.0;197.4;206.3;16;75
2021;Nouvelle Aquitaine;Charente;00-17 ans;Hommes et Femmes;60.0;91.5;;16;75
2021;Nouvelle Aquitaine;Charente;25-44 ans;Hommes et Femmes;175.0;239.2;;16;75
2021;Nouvelle Aquitaine;Charente-Maritime;18-24 ans;Hommes;61.0;254.8;;17;75
2021;Nouvelle Aquitaine;Charente-Maritime;65 ans et plus;Hommes;58.0;69.9;;17;75
2021;Nouvelle Aquitaine;Charente-Maritime;Tous;Hommes;421.0;132.8;139.7;17;75
2021;Nouvelle Aquitaine;Charente-Maritime;00-17 ans;Femmes;113.0;197.4;;17;75
2021;Nouvelle Aquitaine;Charente-Maritime;45-64 ans;Hommes et Femmes;353.0;196.9;;17;75
2021;Centre-Val de Loire;Cher;65 ans et plus;Hommes;14.0;40.4;;18;24
2021;Centre-Val de Loire;Cher;18-24 ans;Femmes;18.0;197.2;;18;24
2021;Centre-Val de Loire;Cher;25-44 ans;Femmes;42.0;136.3;;18;24
2021;Centre-Val de Loire;Cher;65 ans et plus;Hommes et Femmes;40.0;50.5;;18;24
2021;Nouvelle Aquitaine;Corrèze;25-44 ans;Femmes;49.0;206.9;;19;75
2021;Nouvelle Aquitaine;Corrèze;Tous;Femmes;236.0;192.1;211.3;19;75
2021;Nouvelle Aquitaine;Corrèze;18-24 ans;Hommes et Femmes;47.0;289.6;;19;75
2021;Nouvelle Aquitaine;Corrèze;45-64 ans;Hommes et Femmes;109.0;164.2;;19;75
2021;Nouvelle Aquitaine;Corrèze;65 ans et plus;Hommes et Femmes;41.0;60.7;;19;75
2021;Nouvelle Aquitaine;Corrèze;Tous;Hommes et Femmes;351.0;146.4;158.1;19;75
2021;Bourgogne et Franche-Comté;Côte-d'Or;18-24 ans;Hommes;40.0;157.8;;21;27
2021;Bourgogne et Franche-Comté;Côte-d'Or;45-64 ans;Hommes;78.0;117.2;;21;27
2021;Bourgogne et Franche-Comté;Côte-d'Or;65 ans et plus;Hommes;22.0;43.8;;21;27
2021;Bourgogne et Franche-Comté;Côte-d'Or;00-17 ans;Femmes;223.0;432.8;;21;27
2021;Bourgogne et Franche-Comté;Côte-d'Or;65 ans et plus;Femmes;48.0;72.6;;21;27
2021;Bourgogne et Franche-Comté;Côte-d'Or;Tous;Femmes;664.0;240.0;237.9;21;27
2021;Bourgogne et Franche-Comté;Côte-d'Or;00-17 ans;Hommes et Femmes;274.0;259.9;;21;27
2021;Bourgogne et Franche-Comté;Côte-d'Or;25-44 ans;Hommes et Femmes;244.0;193.7;;21;27
2021;Bourgogne et Franche-Comté;Côte-d'Or;65 ans et plus;Hommes et Femmes;70.0;60.2;;21;27
2021;Bretagne;Côtes-d'Armor;25-44 ans;Hommes;204.0;343.6;;22;53
2021;Bretagne;Côtes-d'Armor;45-64 ans;Hommes;187.0;230.8;;22;53
2021;Bretagne;Côtes-d'Armor;00-17 ans;Femmes;219.0;372.7;;22;53
2021;Bretagne;Côtes-d'Armor;Tous;Femmes;864.0;276.2;296.6;22;53
2021;Bretagne;Côtes-d'Armor;18-24 ans;Hommes et Femmes;200.0;507.0;;22;53
2021;Bretagne;Côtes-d'Armor;65 ans et plus;Hommes et Femmes;184.0;113.4;;22;53
2021;Bretagne;Côtes-d'Armor;Tous;Hommes et Femmes;1443.0;238.2;253.1;22;53
2021;Nouvelle Aquitaine;Creuse;25-44 ans;Hommes;19.0;178.8;;23;75
2021;Nouvelle Aquitaine;Creuse;Tous;Hommes;54.0;95.8;103.8;23;75
2021;Nouvelle Aquitaine;Creuse;65 ans et plus;Hommes et Femmes;19.0;52.7;;23;75
2021;Nouvelle Aquitaine;Dordogne;00-17 ans;Hommes;17.0;46.8;;24;75
2021;Nouvelle Aquitaine;Dordogne;18-24 ans;Hommes;13.0;101.6;;24;75
2021;Nouvelle Aquitaine;Dordogne;45-64 ans;Hommes;68.0;118.2;;24;75
2021;Nouvelle Aquitaine;Dordogne;65 ans et plus;Hommes;32.0;58.6;;24;75
2021;Nouvelle Aquitaine;Dordogne;Tous;Femmes;352.0;164.5;174.5;24;75
2021;Nouvelle Aquitaine;Dordogne;00-17 ans;Hommes et Femmes;98.0;139.7;;24;75
2021;Nouvelle Aquitaine;Dordogne;18-24 ans;Hommes et Femmes;33.0;137.6;;24;75
2021;Bourgogne et Franche-Comté;Doubs;25-44 ans;Hommes;110.0;166.5;;25;27
2021;Bourgogne et Franche-Comté;Doubs;45-64 ans;Femmes;141.0;203.9;;25;27
2021;Bourgogne et Franche-Comté;Doubs;65 ans et plus;Femmes;32.0;51.7;;25;27
2021;Bourgogne et Franche-Comté;Doubs;45-64 ans;Hommes et Femmes;215.0;157.6;;25;27
2021;Auvergne et Rhône-Alpes;Drôme;00-17 ans;Hommes;19.0;33.2;;26;84
2021;Auvergne et Rhône-Alpes;Drôme;25-44 ans;Hommes;72.0;125.4;;26;84
2021;Auvergne et Rhône-Alpes;Drôme;65 ans et plus;Hommes;20.0;39.0;;26;84
2021;Auvergne et Rhône-Alpes;Drôme;Tous;Hommes;204.0;81.0;82.9;26;84
2021;Auvergne et Rhône-Alpes;Drôme;00-17 ans;Femmes;138.0;253.2;;26;84
2021;Auvergne et Rhône-Alpes;Drôme;18-24 ans;Femmes;59.0;355.2;;26;84
2021;Auvergne et Rhône-Alpes;Drôme;45-64 ans;Femmes;71.0;100.7;;26;84
2021;Auvergne et Rhône-Alpes;Drôme;Tous;Femmes;391.0;146.0;149.5;26;84
2021;Auvergne et Rhône-Alpes;Drôme;00-17 ans;Hommes et Femmes;157.0;140.5;;26;84
2021;Auvergne et Rhône-Alpes;Drôme;25-44 ans;Hommes et Femmes;137.0;116.5;;26;84
2021;Auvergne et Rhône-Alpes;Drôme;65 ans et plus;Hommes et Femmes;78.0;66.5;;26;84
2021;Normandie;Eure;00-17 ans;Hommes;40.0;57.1;;27;28
2021;Normandie;Eure;25-44 ans;Hommes;126.0;185.1;;27;28
2021;Normandie;Eure;45-64 ans;Femmes;159.0;195.7;;27;28
2021;Normandie;Eure;45-64 ans;Hommes et Femmes;273.0;170.4;;27;28
2021;Normandie;Eure;65 ans et plus;Hommes et Femmes;105.0;86.9;;27;28
2021;Normandie;Eure;Tous;Hommes et Femmes;980.0;163.6;165.6;27;28
2021;Centre-Val de Loire;Eure-et-Loir;65 ans et plus;Femmes;44.0;86.5;;28;24
2021;Centre-Val de Loire;Eure-et-Loir;25-44 ans;Hommes et Femmes;165.0;167.8;;28;24
2021;Centre-Val de Loire;Eure-et-Loir;45-64 ans;Hommes et Femmes;173.0;151.5;;28;24
2021;Centre-Val de Loire;Eure-et-Loir;Tous;Hommes et Femmes;598.0;138.7;141.0;28;24
2021;Bretagne;Finistère;18-24 ans;Hommes;69.0;187.9;;29;53
2021;Bretagne;Finistère;18-24 ans;Hommes et Femmes;213.0;304.9;;29;53
2021;Bretagne;Finistère;45-64 ans;Hommes et Femmes;516.0;206.1;;29;53
2021;Occitanie;Gard;00-17 ans;Hommes;32.0;40.2;;30;76
2021;Occitanie;Gard;25-44 ans;Hommes;98.0;125.8;;30;76
2021;Occitanie;Gard;45-64 ans;Hommes;87.0;88.3;;30;76
2021;Occitanie;Gard;65 ans et plus;Hommes et Femmes;135.0;74.6;;30;76
2021;Occitanie;Haute-Garonne;25-44 ans;Hommes;150.0;75.8;;31;76
2021;Occitanie;Haute-Garonne;65 ans et plus;Hommes;45.0;42.9;;31;76
2021;Occitanie;Haute-Garonne;00-17 ans;Femmes;197.0;134.3;;31;76
2021;Occitanie;Haute-Garonne;25-44 ans;Femmes;139.0;70.1;;31;76
2021;Occitanie;Haute-Garonne;18-24 ans;Hommes et Femmes;198.0;136.8;;31;76
2021;Occitanie;Haute-Garonne;25-44 ans;Hommes et Femmes;289.0;73.0;;31;76
2021;Occitanie;Haute-Garonne;45-64 ans;Hommes et Femmes;243.0;69.4;;31;76
2021;Occitanie;Gers;25-44 ans;Hommes;31.0;174.2;;32;76
2021;Occitanie;Gers;45-64 ans;Hommes;12.0;43.7;;32;76
2021;Occitanie;Gers;18-24 ans;Femmes;9.0;173.5;;32;76
2021;Occitanie;Gers;65 ans et plus;Femmes;21.0;70.5;;32;76
2021;Occitanie;Gers;65 ans et plus;Hommes et Femmes;27.0;49.6;;32;76
2021;Nouvelle Aquitaine;Gironde;25-44 ans;Hommes;383.0;186.0;;33;75
2021;Nouvelle Aquitaine;Gironde;45-64 ans;Hommes;262.0;129.0;;33;75
2021;Nouvelle Aquitaine;Gironde;00-17 ans;Hommes et Femmes;731.0;217.2;;33;75
2021;Nouvelle Aquitaine;Gironde;18-24 ans;Hommes et Femmes;483.0;325.8;;33;75
2021;Nouvelle Aquitaine;Gironde;65 ans et plus;Hommes et Femmes;276.0;84.1;;33;75
2021;Occitanie;Hérault;18-24 ans;Hommes;42.0;78.4;;34;76
2021;Occitanie;Hérault;25-44 ans;Hommes;111.0;79.6;;34;76
2021;Occitanie;Hérault;65 ans et plus;Hommes;44.0;38.1;;34;76
2021;Occitanie;Hérault;Tous;Hommes;322.0;56.1;56.1;34;76
2021;Occitanie;Hérault;00-17 ans;Femmes;130.0;110.3;;34;76
2021;Occitanie;Hérault;18-24 ans;Femmes;86.0;156.7;;34;76
2021;Occitanie;Hérault;25-44 ans;Femmes;115.0;78.0;;34;76
2021;Occitanie;Hérault;00-17 ans;Hommes et Femmes;148.0;61.6;;34;76
2021;Occitanie;Hérault;18-24 ans;Hommes et Femmes;128.0;118.0;;34;76
2021;Bretagne;Ille-et-Vilaine;00-17 ans;Hommes;34.0;27.2;;35;53
2021;Bretagne;Ille-et-Vilaine;25-44 ans;Hommes;175.0;127.4;;35;53
2021;Bretagne;Ille-et-Vilaine;65 ans et plus;Hommes;59.0;68.1;;35;53
2021;Bretagne;Ille-et-Vilaine;18-24 ans;Femmes;188.0;365.1;;35;53
2021;Bretagne;Ille-et-Vilaine;65 ans et plus;Femmes;83.0;71.6;;35;53
2021;Bretagne;Ille-et-Vilaine;45-64 ans;Hommes et Femmes;339.0;124.9;;35;53
2021;Centre-Val de Loire;Indre;65 ans et plus;Femmes;24.0;68.0;;36;24
2021;Centre-Val de Loire;Indre;18-24 ans;Hommes et Femmes;45.0;332.6;;36;24
2021;Centre-Val de Loire;Indre;25-44 ans;Hommes et Femmes;92.0;223.0;;36;24
2021;Centre-Val de Loire;Indre;45-64 ans;Hommes et Femmes;100.0;163.4;;36;24
2021;Centre-Val de Loire;Indre;65 ans et plus;Hommes et Femmes;37.0;59.0;;36;24
2021;Centre-Val de Loire;Indre-et-Loire;18-24 ans;Femmes;124.0;453.8;;37;24
2021;Centre-Val de Loire;Indre-et-Loire;45-64 ans;Hommes et Femmes;266.0;169.8;;37;24
2021;Centre-Val de Loire;Indre-et-Loire;Tous;Hommes et Femmes;950.0;155.2;154.7;37;24
2021;Auvergne et Rhône-Alpes;Isère;18-24 ans;Hommes;85.0;146.8;;38;84
2021;Auvergne et Rhône-Alpes;Isère;Tous;Hommes;580.0;92.0;91.8;38;84
2021;Auvergne et Rhône-Alpes;Isère;65 ans et plus;Femmes;117.0;85.4;;38;84
2021;Auvergne et Rhône-Alpes;Isère;Tous;Femmes;1113.0;170.0;167.4;38;84
2021;Auvergne et Rhône-Alpes;Isère;00-17 ans;Hommes et Femmes;288.0;99.4;;38;84
2021;Auvergne et Rhône-Alpes;Isère;65 ans et plus;Hommes et Femmes;175.0;71.7;;38;84
2021;Bourgogne et Franche-Comté;Jura;00-17 ans;Hommes;16.0;59.3;;39;27
2021;Bourgogne et Franche-Comté;Jura;18-24 ans;Femmes;32.0;403.6;;39;27
2021;Bourgogne et Franche-Comté;Jura;25-44 ans;Hommes et Femmes;127.0;229.5;;39;27
2021;Bourgogne et Franche-Comté;Jura;65 ans et plus;Hommes et Femmes;52.0;83.2;;39;27
2021;Nouvelle Aquitaine;Landes;25-44 ans;Hommes;42.0;94.8;;40;75
2021;Nouvelle Aquitaine;Landes;18-24 ans;Femmes;25.0;217.1;;40;75
2021;Nouvelle Aquitaine;Landes;45-64 ans;Hommes et Femmes;94.0;79.0;;40;75
2021;Nouvelle Aquitaine;Landes;65 ans et plus;Hommes et Femmes;47.0;42.7;;40;75
2021;Centre-Val de Loire;Loir-et-Cher;25-44 ans;Hommes;32.0;95.4;;41;24
2021;Centre-Val de Loire;Loir-et-Cher;45-64 ans;Hommes;41.0;93.7;;41;24
2021;Centre-Val de Loire;Loir-et-Cher;00-17 ans;Femmes;115.0;358.4;;41;24
2021;Centre-Val de Loire;Loir-et-Cher;25-44 ans;Femmes;32.0;93.2;;41;24
2021;Centre-Val de Loire;Loir-et-Cher;Tous;Femmes;263.0;155.8;160.5;41;24
2021;Centre-Val de Loire;Loir-et-Cher;00-17 ans;Hommes et Femmes;130.0;196.4;;41;24
2021;Centre-Val de Loire;Loir-et-Cher;18-24 ans;Hommes et Femmes;35.0;167.8;;41;24
2021;Centre-Val de Loire;Loir-et-Cher;65 ans et plus;Hommes et Femmes;59.0;69.9;;41;24
2021;Auvergne et Rhône-Alpes;Loire;25-44 ans;Hommes;150.0;177.5;;42;84
2021;Auvergne et Rhône-Alpes;Loire;65 ans et plus;Hommes;41.0;54.6;;42;84
2021;Auvergne et Rhône-Alpes;Loire;18-24 ans;Femmes;140.0;466.4;;42;84
2021;Auvergne et Rhône-Alpes;Loire;45-64 ans;Femmes;195.0;198.7;;42;84
2021;Auvergne et Rhône-Alpes;Loire;65 ans et plus;Femmes;86.0;85.3;;42;84
2021;Auvergne et Rhône-Alpes;Loire;00-17 ans;Hommes et Femmes;153.0;91.5;;42;84
2021;Auvergne et Rhône-Alpes;Loire;18-24 ans;Hommes et Femmes;190.0;305.7;;42;84
2021;Auvergne et Rhône-Alpes;Loire;45-64 ans;Hommes et Femmes;347.0;179.8;;42;84
2021;Auvergne et Rhône-Alpes;Loire;65 ans et plus;Hommes et Femmes;127.0;72.2;;42;84
2021;Auvergne et Rhône-Alpes;Haute-Loire;25-44 ans;Hommes;55.0;236.6;;43;84
2021;Auvergne et Rhône-Alpes;Haute-Loire;45-64 ans;Hommes;46.0;144.5;;43;84
2021;Auvergne et Rhône-Alpes;Haute-Loire;Tous;Hommes;147.5;131.8;138.8;43;84
2021;Auvergne et Rhône-Alpes;Haute-Loire;Tous;Femmes;209.0;181.2;194.1;43;84
2021;Auvergne et Rhône-Alpes;Haute-Loire;18-24 ans;Hommes et Femmes;56.0;370.2;;43;84
2021;Pays de la Loire;Loire-Atlantique;18-24 ans;Hommes;81.0;126.8;;44;52
2021;Pays de la Loire;Loire-Atlantique;45-64 ans;Hommes;159.0;89.8;;44;52
2021;Pays de la Loire;Loire-Atlantique;65 ans et plus;Hommes;71.0;60.9;;44;52
2021;Pays de la Loire;Loire-Atlantique;18-24 ans;Hommes et Femmes;209.0;167.5;;44;52
2021;Pays de la Loire;Loire-Atlantique;25-44 ans;Hommes et Femmes;420.0;113.3;;44;52
2021;Pays de la Loire;Loire-Atlantique;65 ans et plus;Hommes et Femmes;178.0;64.5;;44;52
2021;Centre-Val de Loire;Loiret;00-17 ans;Hommes;22.0;27.8;;45;24
2021;Centre-Val de Loire;Loiret;25-44 ans;Hommes;78.0;99.7;;45;24
2021;Centre-Val de Loire;Loiret;Tous;Hommes;241.0;72.2;73.1;45;24
2021;Centre-Val de Loire;Loiret;00-17 ans;Femmes;90.0;119.9;;45;24
2021;Centre-Val de Loire;Loiret;18-24 ans;Femmes;50.0;196.2;;45;24
2021;Centre-Val de Loire;Loiret;25-44 ans;Femmes;90.0;110.9;;45;24
2021;Centre-Val de Loire;Loiret;25-44 ans;Hommes et Femmes;168.0;105.4;;45;24
2021;Centre-Val de Loire;Loiret;Tous;Hommes et Femmes;665.0;97.1;97.8;45;24
2021;Occitanie;Lot;18-24 ans;Femmes;18.0;426.9;;46;76
2021;Occitanie;Lot;Tous;Femmes;154.0;171.2;193.4;46;76
2021;Occitanie;Lot;18-24 ans;Hommes et Femmes;29.0;312.6;;46;76
2021;Nouvelle Aquitaine;Lot-et-Garonne;45-64 ans;Hommes;50.0;116.1;;47;75
2021;Nouvelle Aquitaine;Lot-et-Garonne;Tous;Hommes;165.0;103.6;109.8;47;75
2021;Nouvelle Aquitaine;Lot-et-Garonne;25-44 ans;Femmes;50.0;145.8;;47;75
2021;Nouvelle Aquitaine;Lot-et-Garonne;00-17 ans;Hommes et Femmes;69.0;108.3;;47;75
2021;Nouvelle Aquitaine;Lot-et-Garonne;65 ans et plus;Hommes et Femmes;68.0;75.6;;47;75
2021;Nouvelle Aquitaine;Lot-et-Garonne;Tous;Hommes et Femmes;457.0;138.0;146.9;47;75
2021;Occitanie;Lozère;65 ans et plus;Femmes;2.5;22.9;;48;76
2021;Occitanie;Lozère;Tous;Femmes;46.5;121.0;126.5;48;76
2021;Pays de la Loire;Maine-et-Loire;00-17 ans;Hommes;34.0;36.0;;49;52
2021;Pays de la Loire;Maine-et-Loire;25-44 ans;Hommes;128.0;136.0;;49;52
2021;Pays de la Loire;Maine-et-Loire;00-17 ans;Femmes;238.0;263.9;;49;52
2021;Pays de la Loire;Maine-et-Loire;00-17 ans;Hommes et Femmes;272.0;147.4;;49;52
2021;Pays de la Loire;Maine-et-Loire;25-44 ans;Hommes et Femmes;213.0;112.3;;49;52
2021;Pays de la Loire;Maine-et-Loire;45-64 ans;Hommes et Femmes;186.0;90.1;;49;52
2021;Normandie;Manche;00-17 ans;Hommes;39.0;78.6;;50;28
2021;Normandie;Manche;18-24 ans;Hommes;33.0;193.0;;50;28
2021;Normandie;Manche;Tous;Hommes;336.0;138.8;142.2;50;28
2021;Normandie;Manche;25-44 ans;Femmes;119.0;232.1;;50;28
2021;Normandie;Manche;45-64 ans;Femmes;142.0;207.2;;50;28
2021;Normandie;Manche;65 ans et plus;Femmes;76.0;106.2;;50;28
2021;Normandie;Manche;Tous;Femmes;573.0;226.2;237.5;50;28
2021;Normandie;Manche;00-17 ans;Hommes et Femmes;220.0;227.7;;50;28
2021;Normandie;Manche;25-44 ans;Hommes et Femmes;225.0;216.1;;50;28
2021;Grand Est;Marne;00-17 ans;Hommes;46.0;76.1;;51;44
2021;Grand Est;Marne;18-24 ans;Hommes;49.0;183.9;;51;44
2021;Grand Est;Marne;25-44 ans;Femmes;109.0;160.0;;51;44
2021;Grand Est;Marne;45-64 ans;Femmes;152.0;206.6;;51;44
2021;Grand Est;Haute-Marne;45-64 ans;Hommes;47.0;202.5;;52;44
2021;Grand Est;Haute-Marne;Tous;Hommes;113.0;134.7;137.1;52;44
2021;Grand Est;Haute-Marne;18-24 ans;Femmes;22.0;417.4;;52;44
2021;Grand Est;Haute-Marne;45-64 ans;Femmes;53.0;222.6;;52;44
2021;Grand Est;Haute-Marne;Tous;Femmes;159.0;182.5;190.1;52;44
2021;Grand Est;Haute-Marne;25-44 ans;Hommes et Femmes;59.0;165.3;;52;44
2021;Grand Est;Haute-Marne;65 ans et plus;Hommes et Femmes;31.0;70.3;;52;44
2021;Pays de la Loire;Mayenne;18-24 ans;Hommes;23.0;191.8;;53;52
2021;Pays de la Loire;Mayenne;45-64 ans;Hommes;74.0;182.6;;53;52
2021;Pays de la Loire;Mayenne;45-64 ans;Femmes;68.0;170.7;;53;52
2021;Pays de la Loire;Mayenne;18-24 ans;Hommes et Femmes;73.0;327.7;;53;52
2021;Grand Est;Meurthe-et-Moselle;00-17 ans;Femmes;96.0;132.5;;54;44
2021;Grand Est;Meurthe-et-Moselle;25-44 ans;Femmes;110.0;122.3;;54;44
2021;Grand Est;Meurthe-et-Moselle;18-24 ans;Hommes et Femmes;94.0;132.1;;54;44
2021;Grand Est;Meurthe-et-Moselle;25-44 ans;Hommes et Femmes;237.0;131.6;;54;44
2021;Grand Est;Meuse;25-44 ans;Hommes et Femmes;94.0;238.0;;55;44
2021;Grand Est;Meuse;45-64 ans;Hommes et Femmes;83.0;166.1;;55;44
2021;Grand Est;Meuse;65 ans et plus;Hommes et Femmes;28.0;64.0;;55;44
2021;Bretagne;Morbihan;00-17 ans;Hommes;18.0;23.0;;56;53
2021;Bretagne;Morbihan;Tous;Hommes;521.0;139.7;144.5;56;53
2021;Bretagne;Morbihan;18-24 ans;Femmes;101.0;427.2;;56;53
2021;Bretagne;Morbihan;25-44 ans;Femmes;182.0;228.7;;56;53
2021;Bretagne;Morbihan;25-44 ans;Hommes et Femmes;379.0;238.5;;56;53
2021;Bretagne;Morbihan;45-64 ans;Hommes et Femmes;444.0;209.5;;56;53
2021;Grand Est;Moselle;25-44 ans;Hommes;137.0;105.2;;57;44
2021;Grand Est;Moselle;65 ans et plus;Hommes;34.0;36.4;;57;44
2021;Grand Est;Moselle;00-17 ans;Femmes;183.0;178.8;;57;44
2021;Grand Est;Moselle;18-24 ans;Femmes;110.0;295.3;;57;44
2021;Grand Est;Moselle;25-44 ans;Femmes;140.0;108.7;;57;44
2021;Grand Est;Moselle;18-24 ans;Hommes et Femmes;143.0;181.7;;57;44
2021;Grand Est;Moselle;65 ans et plus;Hommes et Femmes;109.0;50.7;;57;44
2021;Grand Est;Moselle;Tous;Hommes et Femmes;1020.0;97.1;97.8;57;44
2021;Bourgogne et Franche-Comté;Nièvre;65 ans et plus;Hommes;16.0;60.2;;58;27
2021;Bourgogne et Franche-Comté;Nièvre;Tous;Hommes;149.0;153.1;165.4;58;27
2021;Bourgogne et Franche-Comté;Nièvre;18-24 ans;Femmes;34.0;584.0;;58;27
2021;Bourgogne et Franche-Comté;Nièvre;65 ans et plus;Femmes;21.0;59.7;;58;27
2021;Bourgogne et Franche-Comté;Nièvre;00-17 ans;Hommes et Femmes;93.0;269.1;;58;27
2021;Bourgogne et Franche-Comté;Nièvre;25-44 ans;Hommes et Femmes;90.0;237.5;;58;27
2021;Bourgogne et Franche-Comté;Nièvre;Tous;Hommes et Femmes;371.0;183.3;207.2;58;27
2021;Hauts-de-France;Nord;00-17 ans;Hommes;211.0;68.4;;59;32
2021;Hauts-de-France;Nord;Tous;Hommes;2779.0;220.5;218.0;59;32
2021;Hauts-de-France;Nord;45-64 ans;Femmes;960.0;292.6;;59;32
2021;Hauts-de-France;Nord;Tous;Femmes;4064.0;300.9;290.1;59;32
2021;Hauts-de-France;Nord;25-44 ans;Hommes et Femmes;2275.0;346.3;;59;32
2021;Hauts-de-France;Nord;65 ans et plus;Hommes et Femmes;487.0;104.8;;59;32
2021;Hauts-de-France;Nord;Tous;Hommes et Femmes;6843.0;262.1;255.2;59;32
2021;Hauts-de-France;Oise;00-17 ans;Hommes;47.0;47.1;;60;32
2021;Hauts-de-France;Oise;25-44 ans;Hommes;143.0;143.5;;60;32
2021;Hauts-de-France;Oise;45-64 ans;Hommes;124.0;114.6;;60;32
2021;Hauts-de-France;Oise;65 ans et plus;Hommes;46.0;71.2;;60;32
2021;Hauts-de-France;Oise;00-17 ans;Femmes;265.0;274.4;;60;32
2021;Hauts-de-France;Oise;18-24 ans;Femmes;87.0;283.2;;60;32
2021;Hauts-de-France;Oise;25-44 ans;Hommes et Femmes;328.0;161.3;;60;32
2021;Hauts-de-France;Oise;65 ans et plus;Hommes et Femmes;144.0;97.7;;60;32
2021;Normandie;Orne;65 ans et plus;Hommes;15.0;45.9;;61;28
2021;Normandie;Orne;00-17 ans;Femmes;91.0;352.7;;61;28
2021;Normandie;Orne;18-24 ans;Femmes;52.0;581.5;;61;28
2021;Normandie;Orne;00-17 ans;Hommes et Femmes;101.0;188.4;;61;28
2021;Normandie;Orne;18-24 ans;Hommes et Femmes;81.0;430.7;;61;28
2021;Normandie;Orne;25-44 ans;Hommes et Femmes;139.0;255.8;;61;28
2021;Normandie;Orne;Tous;Hommes et Femmes;498.0;179.8;194.8;61;28
2021;Hauts-de-France;Pas-de-Calais;00-17 ans;Hommes;84.0;49.6;;62;32
2021;Hauts-de-France;Pas-de-Calais;Tous;Hommes;1199.0;169.3;169.9;62;32
2021;Hauts-de-France;Pas-de-Calais;00-17 ans;Femmes;404.0;250.4;;62;32
2021;Hauts-de-France;Pas-de-Calais;45-64 ans;Femmes;486.0;252.4;;62;32
2021;Hauts-de-France;Pas-de-Calais;Tous;Femmes;1792.0;237.9;237.1;62;32
2021;Hauts-de-France;Pas-de-Calais;Tous;Hommes et Femmes;2991.0;204.7;204.5;62;32
2021;Auvergne et Rhône-Alpes;Puy-de-Dôme;00-17 ans;Hommes;34.0;51.0;;63;84
2021;Auvergne et Rhône-Alpes;Puy-de-Dôme;25-44 ans;Hommes;169.0;220.9;;63;84
2021;Auvergne et Rhône-Alpes;Puy-de-Dôme;45-64 ans;Hommes;153.0;180.2;;63;84
2021;Auvergne et Rhône-Alpes;Puy-de-Dôme;65 ans et plus;Femmes;81.0;96.4;;63;84
2021;Auvergne et Rhône-Alpes;Puy-de-Dôme;Tous;Femmes;669.0;195.8;196.2;63;84
2021;Auvergne et Rhône-Alpes;Puy-de-Dôme;18-24 ans;Hommes et Femmes;208.0;361.1;;63;84
2021;Auvergne et Rhône-Alpes;Puy-de-Dôme;25-44 ans;Hommes et Femmes;347.0;225.7;;63;84
2021;Nouvelle Aquitaine;Pyrénées-Atlantiques;Tous;Hommes;88.0;26.5;26.7;64;75
2021;Nouvelle Aquitaine;Pyrénées-Atlantiques;00-17 ans;Femmes;71.0;113.2;;64;75
2021;Nouvelle Aquitaine;Pyrénées-Atlantiques;18-24 ans;Femmes;15.0;65.6;;64;75
2021;Nouvelle Aquitaine;Pyrénées-Atlantiques;Tous;Femmes;183.0;50.7;53.8;64;75
2021;Nouvelle Aquitaine;Pyrénées-Atlantiques;18-24 ans;Hommes et Femmes;28.0;58.2;;64;75
2021;Nouvelle Aquitaine;Pyrénées-Atlantiques;45-64 ans;Hommes et Femmes;62.0;32.7;;64;75
2021;Nouvelle Aquitaine;Pyrénées-Atlantiques;Tous;Hommes et Femmes;271.0;39.1;40.6;64;75
2021;Occitanie;Hautes-Pyrénées;18-24 ans;Hommes;17.0;185.7;;65;76
2021;Occitanie;Hautes-Pyrénées;25-44 ans;Hommes;36.0;158.1;;65;76
2021;Occitanie;Hautes-Pyrénées;65 ans et plus;Hommes;24.0;86.9;;65;76
2021;Occitanie;Hautes-Pyrénées;25-44 ans;Femmes;54.0;232.3;;65;76
2021;Occitanie;Hautes-Pyrénées;00-17 ans;Hommes et Femmes;48.0;118.6;;65;76
2021;Occitanie;Hautes-Pyrénées;18-24 ans;Hommes et Femmes;46.0;278.2;;65;76
2021;Occitanie;Hautes-Pyrénées;65 ans et plus;Hommes et Femmes;45.0;70.6;;65;76
2021;Occitanie;Hautes-Pyrénées;Tous;Hommes et Femmes;305.0;132.1;140.8;65;76
2021;Occitanie;Pyrénées-Orientales;00-17 ans;Hommes;24.0;49.6;;66;76
2021;Occitanie;Pyrénées-Orientales;18-24 ans;Femmes;39.0;241.9;;66;76
2021;Occitanie;Pyrénées-Orientales;45-64 ans;Femmes;81.0;119.5;;66;76
2021;Occitanie;Pyrénées-Orientales;Tous;Femmes;323.0;126.2;133.2;66;76
2021;Occitanie;Pyrénées-Orientales;18-24 ans;Hommes et Femmes;52.0;157.5;;66;76
2021;Occitanie;Pyrénées-Orientales;Tous;Hommes et Femmes;487.0;99.9;103.9;66;76
2021;Grand Est;Bas-Rhin;18-24 ans;Hommes;39.0;75.8;;67;44
2021;Grand Est;Bas-Rhin;25-44 ans;Hommes;148.0;104.2;;67;44
2021;Grand Est;Bas-Rhin;45-64 ans;Hommes;123.0;81.8;;67;44
2021;Grand Est;Bas-Rhin;65 ans et plus;Hommes;29.0;29.7;;67;44
2021;Grand Est;Bas-Rhin;00-17 ans;Femmes;249.0;219.5;;67;44
2021;Grand Est;Bas-Rhin;25-44 ans;Femmes;132.0;89.6;;67;44
2021;Grand Est;Bas-Rhin;45-64 ans;Femmes;134.0;86.1;;67;44
2021;Grand Est;Bas-Rhin;65 ans et plus;Femmes;52.0;42.1;;67;44
2021;Grand Est;Bas-Rhin;18-24 ans;Hommes et Femmes;111.0;107.4;;67;44
2021;Grand Est;Bas-Rhin;25-44 ans;Hommes et Femmes;280.0;96.7;;67;44
2021;Grand Est;Haut-Rhin;45-64 ans;Hommes;114.0;108.7;;68;44
2021;Grand Est;Haut-Rhin;65 ans et plus;Hommes;37.0;52.2;;68;44
2021;Grand Est;Haut-Rhin;25-44 ans;Femmes;90.0;98.2;;68;44
2021;Grand Est;Haut-Rhin;Tous;Femmes;488.0;125.0;125.4;68;44
2021;Grand Est;Haut-Rhin;Tous;Hommes et Femmes;805.0;104.9;105.2;68;44
2021;Auvergne et Rhône-Alpes;Rhône;00-17 ans;Hommes;44.0;20.3;;69;84
2021;Auvergne et Rhône-Alpes;Rhône;25-44 ans;Hommes;226.0;90.3;;69;84
2021;Auvergne et Rhône-Alpes;Rhône;Tous;Hommes;588.0;64.5;63.9;69;84
2021;Auvergne et Rhône-Alpes;Rhône;00-17 ans;Hommes et Femmes;254.0;60.0;;69;84
2021;Auvergne et Rhône-Alpes;Rhône;25-44 ans;Hommes et Femmes;487.0;95.1;;69;84
2021;Auvergne et Rhône-Alpes;Rhône;Tous;Hommes et Femmes;1746.0;92.2;89.1;69;84
2021;Bourgogne et Franche-Comté;Haute-Saône;18-24 ans;Hommes;18.0;217.3;;70;27
2021;Bourgogne et Franche-Comté;Haute-Saône;00-17 ans;Femmes;54.0;234.4;;70;27
2021;Bourgogne et Franche-Comté;Haute-Saône;65 ans et plus;Femmes;22.0;71.3;;70;27
2021;Bourgogne et Franche-Comté;Haute-Saône;18-24 ans;Hommes et Femmes;36.0;233.1;;70;27
2021;Bourgogne et Franche-Comté;Haute-Saône;25-44 ans;Hommes et Femmes;87.0;176.2;;70;27
2021;Bourgogne et Franche-Comté;Haute-Saône;Tous;Hommes et Femmes;362.0;154.5;157.7;70;27
2021;Bourgogne et Franche-Comté;Saône-et-Loire;18-24 ans;Hommes;51.0;265.4;;71;27
2021;Bourgogne et Franche-Comté;Saône-et-Loire;25-44 ans;Hommes;109.0;196.1;;71;27
2021;Bourgogne et Franche-Comté;Saône-et-Loire;65 ans et plus;Hommes;48.0;74.9;;71;27
2021;Bourgogne et Franche-Comté;Saône-et-Loire;Tous;Hommes;348.0;130.4;135.8;71;27
2021;Bourgogne et Franche-Comté;Saône-et-Loire;25-44 ans;Femmes;133.0;239.2;;71;27
2021;Bourgogne et Franche-Comté;Saône-et-Loire;25-44 ans;Hommes et Femmes;242.0;217.7;;71;27
2021;Bourgogne et Franche-Comté;Saône-et-Loire;65 ans et plus;Hommes et Femmes;123.0;83.8;;71;27
2021;Pays de la Loire;Sarthe;65 ans et plus;Hommes;32.0;57.4;;72;52
2021;Pays de la Loire;Sarthe;00-17 ans;Femmes;125.0;209.0;;72;52
2021;Pays de la Loire;Sarthe;18-24 ans;Femmes;41.0;194.6;;72;52
2021;Pays de la Loire;Sarthe;45-64 ans;Femmes;85.0;113.1;;72;52
2021;Pays de la Loire;Sarthe;65 ans et plus;Femmes;38.0;52.5;;72;52
2021;Pays de la Loire;Sarthe;Tous;Femmes;359.0;123.5;124.2;72;52
2021;Pays de la Loire;Sarthe;Tous;Hommes et Femmes;571.0;100.9;102.0;72;52
2021;Auvergne et Rhône-Alpes;Savoie;00-17 ans;Hommes;18.0;38.1;;73;84
2021;Auvergne et Rhône-Alpes;Savoie;00-17 ans;Femmes;169.0;381.5;;73;84
2021;Auvergne et Rhône-Alpes;Savoie;Tous;Femmes;398.0;176.7;179.9;73;84
2021;Auvergne et Rhône-Alpes;Savoie;45-64 ans;Hommes et Femmes;124.0;103.7;;73;84
2021;Auvergne et Rhône-Alpes;Haute-Savoie;18-24 ans;Femmes;93.0;347.0;;74;84
2021;Auvergne et Rhône-Alpes;Haute-Savoie;65 ans et plus;Femmes;62.0;75.1;;74;84
2021;Auvergne et Rhône-Alpes;Haute-Savoie;Tous;Femmes;613.0;143.4;143.8;74;84
2021;Auvergne et Rhône-Alpes;Haute-Savoie;00-17 ans;Hommes et Femmes;217.0;115.5;;74;84
2021;Auvergne et Rhône-Alpes;Haute-Savoie;18-24 ans;Hommes et Femmes;126.0;218.8;;74;84
2021;Île-de-France;Paris;45-64 ans;Hommes;134.0;54.6;;75;11
2021;Île-de-France;Paris;65 ans et plus;Hommes;59.0;38.2;;75;11
2021;Île-de-France;Paris;Tous;Hommes;448.0;44.7;43.1;75;11
2021;Île-de-France;Paris;18-24 ans;Femmes;137.0;115.3;;75;11
2021;Île-de-France;Paris;25-44 ans;Femmes;164.0;46.5;;75;11
2021;Île-de-France;Paris;25-44 ans;Hommes et Femmes;319.0;46.8;;75;11
2021;Île-de-France;Paris;45-64 ans;Hommes et Femmes;276.0;54.1;;75;11
2021;Île-de-France;Seine-et-Marne;45-64 ans;Hommes;127.0;70.8;;77;11
2021;Île-de-France;Seine-et-Marne;Tous;Hommes;412.0;58.9;59.4;77;11
2021;Île-de-France;Seine-et-Marne;18-24 ans;Femmes;123.0;203.8;;77;11
2021;Île-de-France;Seine-et-Marne;45-64 ans;Femmes;211.0;112.9;;77;11
2021;Île-de-France;Seine-et-Marne;65 ans et plus;Femmes;67.0;54.1;;77;11
2021;Île-de-France;Seine-et-Marne;25-44 ans;Hommes et Femmes;321.0;85.8;;77;11
2021;Île-de-France;Seine-et-Marne;Tous;Hommes et Femmes;1323.0;92.0;89.1;77;11
2021;Île-de-France;Yvelines;45-64 ans;Hommes;108.0;58.5;;78;11
2021;Île-de-France;Yvelines;00-17 ans;Femmes;302.0;177.3;;78;11
2021;Île-de-France;Yvelines;45-64 ans;Femmes;218.0;113.3;;78;11
2021;Île-de-France;Yvelines;65 ans et plus;Femmes;86.0;61.3;;78;11
2021;Île-de-France;Yvelines;18-24 ans;Hommes et Femmes;175.0;147.3;;78;11
2021;Nouvelle Aquitaine;Deux-Sèvres;00-17 ans;Hommes;17.0;43.0;;79;75
2021;Nouvelle Aquitaine;Deux-Sèvres;18-24 ans;Hommes;31.0;234.3;;79;75
2021;Nouvelle Aquitaine;Deux-Sèvres;45-64 ans;Hommes;58.0;113.7;;79;75
2021;Nouvelle Aquitaine;Deux-Sèvres;Tous;Hommes;204.0;111.0;115.9;79;75
2021;Nouvelle Aquitaine;Deux-Sèvres;00-17 ans;Femmes;55.0;147.9;;79;75
2021;Nouvelle Aquitaine;Deux-Sèvres;25-44 ans;Femmes;68.0;170.1;;79;75
2021;Nouvelle Aquitaine;Deux-Sèvres;45-64 ans;Femmes;111.0;213.0;;79;75
2021;Nouvelle Aquitaine;Deux-Sèvres;65 ans et plus;Femmes;44.0;87.4;;79;75
2021;Nouvelle Aquitaine;Deux-Sèvres;18-24 ans;Hommes et Femmes;54.0;221.4;;79;75
2021;Nouvelle Aquitaine;Deux-Sèvres;25-44 ans;Hommes et Femmes;143.0;178.9;;79;75
2021;Nouvelle Aquitaine;Deux-Sèvres;65 ans et plus;Hommes et Femmes;67.0;74.1;;79;75
2021;Hauts-de-France;Somme;00-17 ans;Hommes;82.0;133.9;;80;32
2021;Hauts-de-France;Somme;25-44 ans;Hommes;329.0;501.4;;80;32
2021;Hauts-de-France;Somme;Tous;Hommes;783.0;284.9;284.3;80;32
2021;Hauts-de-France;Somme;25-44 ans;Femmes;258.0;387.9;;80;32
2021;Hauts-de-France;Somme;45-64 ans;Femmes;349.0;470.8;;80;32
2021;Hauts-de-France;Somme;00-17 ans;Hommes et Femmes;321.0;269.5;;80;32
2021;Occitanie;Tarn;18-24 ans;Hommes;11.0;77.5;;81;76
2021;Occitanie;Tarn;45-64 ans;Hommes;85.0;162.8;;81;76
2021;Occitanie;Tarn;65 ans et plus;Hommes;27.0;60.3;;81;76
2021;Occitanie;Tarn;45-64 ans;Femmes;129.0;234.4;;81;76
2021;Occitanie;Tarn;Tous;Femmes;405.0;199.1;210.0;81;76
2021;Occitanie;Tarn;00-17 ans;Hommes et Femmes;105.0;137.4;;81;76
2021;Occitanie;Tarn;18-24 ans;Hommes et Femmes;64.0;238.5;;81;76
2021;Occitanie;Tarn;65 ans et plus;Hommes et Femmes;67.0;65.5;;81;76
2021;Occitanie;Tarn-et-Garonne;45-64 ans;Hommes;47.0;135.6;;82;76
2021;Occitanie;Tarn-et-Garonne;Tous;Hommes;152.0;117.9;123.0;82;76
2021;Occitanie;Tarn-et-Garonne;00-17 ans;Femmes;58.0;208.7;;82;76
2021;Occitanie;Tarn-et-Garonne;25-44 ans;Femmes;46.0;155.8;;82;76
2021;Occitanie;Tarn-et-Garonne;Tous;Femmes;233.0;173.3;179.8;82;76
2021;Occitanie;Tarn-et-Garonne;18-24 ans;Hommes et Femmes;62.0;354.8;;82;76
2021;Occitanie;Tarn-et-Garonne;Tous;Hommes et Femmes;385.0;146.2;152.3;82;76
2021;Provence-Alpes-Côte d'Azur;Var;18-24 ans;Hommes;51.0;130.2;;83;93
2021;Provence-Alpes-Côte d'Azur;Var;00-17 ans;Femmes;210.0;215.6;;83;93
2021;Provence-Alpes-Côte d'Azur;Var;45-64 ans;Femmes;265.0;174.1;;83;93
2021;Provence-Alpes-Côte d'Azur;Var;Tous;Femmes;903.0;158.6;167.0;83;93
2021;Provence-Alpes-Côte d'Azur;Var;00-17 ans;Hommes et Femmes;237.0;117.8;;83;93
2021;Provence-Alpes-Côte d'Azur;Var;18-24 ans;Hommes et Femmes;174.0;235.3;;83;93
2021;Provence-Alpes-Côte d'Azur;Var;25-44 ans;Hommes et Femmes;335.0;143.4;;83;93
2021;Provence-Alpes-Côte d'Azur;Vaucluse;Tous;Hommes;246.0;90.8;93.7;84;93
2021;Provence-Alpes-Côte d'Azur;Vaucluse;65 ans et plus;Femmes;47.0;64.0;;84;93
2021;Provence-Alpes-Côte d'Azur;Vaucluse;00-17 ans;Hommes et Femmes;123.0;102.4;;84;93
2021;Provence-Alpes-Côte d'Azur;Vaucluse;Tous;Hommes et Femmes;633.0;112.1;114.6;84;93
2021;Pays de la Loire;Vendée;25-44 ans;Femmes;150.0;203.6;;85;52
2021;Pays de la Loire;Vendée;65 ans et plus;Femmes;98.0;99.0;;85;52
2021;Pays de la Loire;Vendée;Tous;Femmes;739.0;206.7;218.8;85;52
2021;Pays de la Loire;Vendée;45-64 ans;Hommes et Femmes;297.0;159.5;;85;52
2021;Pays de la Loire;Vendée;65 ans et plus;Hommes et Femmes;150.0;84.1;;85;52
2021;Nouvelle Aquitaine;Vienne;18-24 ans;Hommes;18.0;88.9;;86;75
2021;Nouvelle Aquitaine;Vienne;45-64 ans;Hommes;45.0;82.7;;86;75
2021;Nouvelle Aquitaine;Vienne;Tous;Hommes;142.0;66.9;67.3;86;75
2021;Nouvelle Aquitaine;Vienne;18-24 ans;Femmes;35.0;166.0;;86;75
2021;Nouvelle Aquitaine;Vienne;25-44 ans;Femmes;54.0;108.7;;86;75
2021;Nouvelle Aquitaine;Vienne;65 ans et plus;Femmes;33.0;59.3;;86;75
2021;Nouvelle Aquitaine;Vienne;25-44 ans;Hommes et Femmes;105.0;106.8;;86;75
2021;Nouvelle Aquitaine;Vienne;Tous;Hommes et Femmes;353.0;80.3;80.2;86;75
2021;Nouvelle Aquitaine;Haute-Vienne;00-17 ans;Hommes;14.0;39.6;;87;75
2021;Nouvelle Aquitaine;Haute-Vienne;18-24 ans;Hommes;31.0;209.2;;87;75
2021;Nouvelle Aquitaine;Haute-Vienne;25-44 ans;Hommes;53.0;136.3;;87;75
2021;Nouvelle Aquitaine;Haute-Vienne;65 ans et plus;Hommes;14.0;34.3;;87;75
2021;Nouvelle Aquitaine;Haute-Vienne;Tous;Hommes;164.0;92.4;94.9;87;75
2021;Nouvelle Aquitaine;Haute-Vienne;25-44 ans;Femmes;62.0;154.6;;87;75
2021;Nouvelle Aquitaine;Haute-Vienne;45-64 ans;Femmes;81.0;161.3;;87;75
2021;Nouvelle Aquitaine;Haute-Vienne;00-17 ans;Hommes et Femmes;90.0;130.3;;87;75
2021;Grand Est;Vosges;45-64 ans;Hommes;85.0;171.1;;88;44
2021;Grand Est;Vosges;65 ans et plus;Hommes;17.0;43.1;;88;44
2021;Grand Est;Vosges;25-44 ans;Hommes et Femmes;213.0;284.1;;88;44
2021;Grand Est;Vosges;45-64 ans;Hommes et Femmes;202.0;201.2;;88;44
2021;Grand Est;Vosges;65 ans et plus;Hommes et Femmes;54.0;59.5;;88;44
2021;Bourgogne et Franche-Comté;Yonne;18-24 ans;Hommes;15.0;133.4;;89;27
2021;Bourgogne et Franche-Comté;Yonne;25-44 ans;Femmes;39.0;109.6;;89;27
2021;Bourgogne et Franche-Comté;Yonne;Tous;Femmes;257.0;150.5;152.9;89;27
2021;Bourgogne et Franche-Comté;Yonne;Tous;Hommes et Femmes;406.0;121.8;125.1;89;27
2021;Bourgogne et Franche-Comté;Territoire de Belfort;18-24 ans;Hommes;11.0;157.3;;90;27
2021;Bourgogne et Franche-Comté;Territoire de Belfort;25-44 ans;Hommes;23.0;138.1;;90;27
2021;Bourgogne et Franche-Comté;Territoire de Belfort;45-64 ans;Hommes;26.0;143.5;;90;27
2021;Bourgogne et Franche-Comté;Territoire de Belfort;65 ans et plus;Hommes;5.0;40.3;;90;27
2021;Bourgogne et Franche-Comté;Territoire de Belfort;25-44 ans;Femmes;23.0;140.8;;90;27
2021;Bourgogne et Franche-Comté;Territoire de Belfort;Tous;Femmes;112.0;159.5;160.6;90;27
2021;Bourgogne et Franche-Comté;Territoire de Belfort;18-24 ans;Hommes et Femmes;29.0;245.3;;90;27
2021;Île-de-France;Essonne;00-17 ans;Hommes;45.0;27.7;;91;11
2021;Île-de-France;Essonne;25-44 ans;Femmes;156.0;89.2;;91;11
2021;Île-de-France;Essonne;Tous;Femmes;811.0;121.1;115.5;91;11
2021;Île-de-France;Essonne;00-17 ans;Hommes et Femmes;311.0;97.5;;91;11
2021;Île-de-France;Essonne;45-64 ans;Hommes et Femmes;293.0;88.7;;91;11
2021;Île-de-France;Hauts-de-Seine;18-24 ans;Hommes;67.0;94.6;;92;11
2021;Île-de-France;Hauts-de-Seine;25-44 ans;Femmes;171.0;69.6;;92;11
2021;Île-de-France;Hauts-de-Seine;Tous;Femmes;819.0;95.6;93.3;92;11
2021;Île-de-France;Hauts-de-Seine;18-24 ans;Hommes et Femmes;204.0;143.1;;92;11
2021;Île-de-France;Hauts-de-Seine;45-64 ans;Hommes et Femmes;269.0;66.5;;92;11
2021;Île-de-France;Seine-Saint-Denis;18-24 ans;Hommes;40.0;51.2;;93;11
2021;Île-de-France;Seine-Saint-Denis;25-44 ans;Hommes;95.0;40.2;;93;11
2021;Île-de-France;Seine-Saint-Denis;45-64 ans;Hommes;114.0;58.8;;93;11
2021;Île-de-France;Seine-Saint-Denis;65 ans et plus;Hommes;39.0;41.4;;93;11
2021;Île-de-France;Seine-Saint-Denis;Tous;Hommes;332.0;40.2;41.6;93;11
2021;Île-de-France;Seine-Saint-Denis;00-17 ans;Femmes;211.0;99.5;;93;11
2021;Île-de-France;Seine-Saint-Denis;18-24 ans;Hommes et Femmes;160.0;103.7;;93;11
2021;Île-de-France;Seine-Saint-Denis;25-44 ans;Hommes et Femmes;237.0;49.2;;93;11
2021;Île-de-France;Seine-Saint-Denis;Tous;Hommes et Femmes;987.0;59.1;57.6;93;11
2021;Île-de-France;Val-de-Marne;00-17 ans;Hommes;55.0;33.5;;94;11
2021;Île-de-France;Val-de-Marne;45-64 ans;Hommes;156.0;92.4;;94;11
2021;Île-de-France;Val-de-Marne;Tous;Hommes;491.0;72.0;71.7;94;11
2021;Île-de-France;Val-de-Marne;00-17 ans;Femmes;260.0;164.9;;94;11
2021;Île-de-France;Val-de-Marne;25-44 ans;Femmes;154.0;75.4;;94;11
2021;Île-de-France;Val-de-Marne;45-64 ans;Femmes;136.0;75.8;;94;11
2021;Île-de-France;Val-de-Marne;65 ans et plus;Femmes;95.0;74.9;;94;11
2021;Île-de-France;Val-de-Marne;45-64 ans;Hommes et Femmes;292.0;83.8;;94;11
2021;Île-de-France;Val-de-Marne;65 ans et plus;Hommes et Femmes;150.0;68.6;;94;11
2021;Île-de-France;Val-d'Oise;65 ans et plus;Hommes;34.0;43.2;;95;11
2021;Île-de-France;Val-d'Oise;Tous;Femmes;664.0;102.9;99.7;95;11
2021;Île-de-France;Val-d'Oise;00-17 ans;Hommes et Femmes;241.0;74.7;;95;11
2021;Île-de-France;Val-d'Oise;18-24 ans;Hommes et Femmes;152.0;137.5;;95;11
2021;Guadeloupe;Guadeloupe;00-17 ans;Hommes;5.0;11.8;;971;01
2021;Guadeloupe;Guadeloupe;25-44 ans;Hommes;14.0;44.1;;971;01
2021;Guadeloupe;Guadeloupe;Tous;Hommes;39.5;22.5;25.3;971;01
2021;Guadeloupe;Guadeloupe;Tous;Femmes;46.5;22.3;22.6;971;01
2021;Guadeloupe;Guadeloupe;Tous;Hommes et Femmes;87.0;22.6;23.9;971;01
2021;Martinique;Martinique;00-17 ans;Hommes;12.0;33.7;;972;02
2021;Martinique;Martinique;18-24 ans;Hommes;8.0;62.9;;972;02
2021;Martinique;Martinique;45-64 ans;Hommes;41.0;79.5;;972;02
2021;Martinique;Martinique;00-17 ans;Femmes;42.0;122.9;;972;02
2021;Martinique;Martinique;18-24 ans;Femmes;19.0;150.6;;972;02
2021;Martinique;Martinique;65 ans et plus;Femmes;13.0;28.2;;972;02
2021;Martinique;Martinique;00-17 ans;Hommes et Femmes;54.0;77.4;;972;02
2021;Martinique;Martinique;65 ans et plus;Hommes et Femmes;42.0;51.6;;972;02
2021;Guyane;Guyane;00-17 ans;Femmes;55.0;102.3;;973;03
2021;Guyane;Guyane;65 ans et plus;Hommes et Femmes;2.5;13.8;;973;03
2021;Guyane;Guyane;Tous;Hommes et Femmes;166.5;58.1;47.9;973;03
2021;Réunion;Réunion;00-17 ans;Hommes;49.0;41.4;;974;04
2021;Réunion;Réunion;45-64 ans;Femmes;108.0;88.4;;974;04
2021;Réunion;Réunion;00-17 ans;Hommes et Femmes;356.0;152.8;;974;04
2021;Réunion;Réunion;18-24 ans;Hommes et Femmes;148.0;197.9;;974;04
2021;Réunion;Réunion;65 ans et plus;Hommes et Femmes;65.0;56.0;;974;04
2021;Réunion;Réunion;Tous;Hommes et Femmes;1115.0;128.0;121.1;974;04
2021;Mayotte;Mayotte;Tous;Hommes;5.0;3.6;1.1;976;06
2021;Mayotte;Mayotte;00-17 ans;Femmes;2.5;3.4;;976;06
2021;Mayotte;Mayotte;18-24 ans;Femmes;2.5;16.1;;976;06
2021;Mayotte;Mayotte;Tous;Hommes et Femmes;17.5;6.1;9.4;976;06
2021;Saint-Barthélemy;Saint-Barthélemy;25-44 ans;Hommes;5.0;;;977;977
2021;Saint-Barthélemy;Saint-Barthélemy;45-64 ans;Femmes;2.5;;;977;977
2021;Saint-Barthélemy;Saint-Barthélemy;00-17 ans;Hommes et Femmes;0.0;;;977;977
2021;Saint-Barthélemy;Saint-Barthélemy;45-64 ans;Hommes et Femmes;5.0;;;977;977
2021;Saint-Martin;Saint-Martin;00-17 ans;Hommes;0.0;;;978;978
2021;Saint-Martin;Saint-Martin;00-17 ans;Femmes;5.0;;;978;978
2021;Saint-Martin;Saint-Martin;25-44 ans;Femmes;2.5;;;978;978
2021;Saint-Martin;Saint-Martin;Tous;Femmes;14.0;;;978;978
2021;Saint-Martin;Saint-Martin;00-17 ans;Hommes et Femmes;5.0;;;978;978
2021;Saint-Martin;Saint-Martin;45-64 ans;Hommes et Femmes;5.0;;;978;978
2021;Auvergne et Rhône-Alpes;Ain;65 ans et plus;Hommes;24.0;43.9;;01;84
2021;Auvergne et Rhône-Alpes;Ain;00-17 ans;Femmes;101.0;134.0;;01;84
2021;Auvergne et Rhône-Alpes;Ain;18-24 ans;Femmes;44.0;202.2;;01;84
2021;Auvergne et Rhône-Alpes;Ain;45-64 ans;Femmes;83.0;93.6;;01;84
2021;Auvergne et Rhône-Alpes;Ain;65 ans et plus;Femmes;30.0;44.3;;01;84
2021;Auvergne et Rhône-Alpes;Ain;00-17 ans;Hommes et Femmes;124.0;79.9;;01;84
2021;Auvergne et Rhône-Alpes;Ain;45-64 ans;Hommes et Femmes;135.0;76.5;;01;84
2021;Hauts-de-France;Aisne;Tous;Hommes;391.0;151.8;153.8;02;32
2021;Hauts-de-France;Aisne;18-24 ans;Hommes et Femmes;134.0;344.5;;02;32
2021;Hauts-de-France;Aisne;45-64 ans;Hommes et Femmes;300.0;215.0;;02;32
2021;Hauts-de-France;Aisne;65 ans et plus;Hommes et Femmes;111.0;98.7;;02;32
2021;Auvergne et Rhône-Alpes;Allier;45-64 ans;Hommes;47.0;105.3;;03;84
2021;Auvergne et Rhône-Alpes;Allier;65 ans et plus;Hommes;20.0;49.3;;03;84
2021;Auvergne et Rhône-Alpes;Allier;18-24 ans;Femmes;19.0;180.7;;03;84
2021;Auvergne et Rhône-Alpes;Allier;45-64 ans;Femmes;46.0;98.5;;03;84
2021;Auvergne et Rhône-Alpes;Allier;45-64 ans;Hommes et Femmes;93.0;101.8;;03;84
2021;Auvergne et Rhône-Alpes;Allier;Tous;Hommes et Femmes;357.0;106.6;113.9;03;84
2021;Provence-Alpes-Côte d'Azur;Alpes-de-Haute-Provence;Tous;Hommes;72.0;89.4;88.5;04;93
2021;Provence-Alpes-Côte d'Azur;Alpes-de-Haute-Provence;25-44 ans;Femmes;37.0;216.9;;04;93
2021;Provence-Alpes-Côte d'Azur;Alpes-de-Haute-Provence;00-17 ans;Hommes et Femmes;41.0;132.4;;04;93
2021;Provence-Alpes-Côte d'Azur;Alpes-de-Haute-Provence;18-24 ans;Hommes et Femmes;20.0;198.5;;04;93
2021;Provence-Alpes-Côte d'Azur;Hautes-Alpes;Tous;Hommes;60.0;87.4;91.3;05;93
2021;Provence-Alpes-Côte d'Azur;Hautes-Alpes;00-17 ans;Femmes;25.0;194.2;;05;93
2021;Provence-Alpes-Côte d'Azur;Hautes-Alpes;45-64 ans;Femmes;36.0;177.9;;05;93
2021;Provence-Alpes-Côte d'Azur;Hautes-Alpes;65 ans et plus;Femmes;21.0;102.8;;05;93
2021;Provence-Alpes-Côte d'Azur;Hautes-Alpes;00-17 ans;Hommes et Femmes;35.0;133.2;;05;93
2021;Provence-Alpes-Côte d'Azur;Hautes-Alpes;65 ans et plus;Hommes et Femmes;23.5;63.8;;05;93
2021;Provence-Alpes-Côte d'Azur;Alpes-Maritimes;25-44 ans;Hommes;186.0;154.1;;06;93
2021;Provence-Alpes-Côte d'Azur;Alpes-Maritimes;65 ans et plus;Hommes;83.0;72.0;;06;93
2021;Provence-Alpes-Côte d'Azur;Alpes-Maritimes;25-44 ans;Femmes;182.0;140.3;;06;93
2021;Auvergne et Rhône-Alpes;Ardèche;00-17 ans;Hommes;15.0;44.8;;07;84
2021;Auvergne et Rhône-Alpes;Ardèche;45-64 ans;Hommes;48.0;104.1;;07;84
2021;Auvergne et Rhône-Alpes;Ardèche;65 ans et plus;Hommes;19.0;50.0;;07;84
2021;Auvergne et Rhône-Alpes;Ardèche;65 ans et plus;Femmes;24.0;50.9;;07;84
2021;Auvergne et Rhône-Alpes;Ardèche;Tous;Femmes;214.0;126.2;133.6;07;84
2021;Auvergne et Rhône-Alpes;Ardèche;25-44 ans;Hommes et Femmes;98.0;143.6;;07;84
2021;Auvergne et Rhône-Alpes;Ardèche;65 ans et plus;Hommes et Femmes;43.0;50.5;;07;84
2021;Grand Est;Ardennes;18-24 ans;Hommes;16.0;158.3;;08;44
2021;Grand Est;Ardennes;45-64 ans;Hommes;62.0;170.0;;08;44
2021;Grand Est;Ardennes;65 ans et plus;Hommes;17.0;64.3;;08;44
2021;Grand Est;Ardennes;Tous;Hommes;189.0;143.8;145.7;08;44
2021;Grand Est;Ardennes;25-44 ans;Femmes;56.0;187.5;;08;44
2021;Grand Est;Ardennes;45-64 ans;Femmes;88.0;235.4;;08;44
2021;Grand Est;Ardennes;65 ans et plus;Femmes;33.0;96.4;;08;44
2021;Grand Est;Ardennes;Tous;Femmes;325.0;236.5;241.0;08;44
2021;Occitanie;Ariège;00-17 ans;Hommes;2.5;17.0;;09;76
2021;Occitanie;Ariège;25-44 ans;Hommes;33.0;209.4;;09;76
2021;Occitanie;Ariège;00-17 ans;Femmes;15.0;106.9;;09;76
2021;Occitanie;Ariège;25-44 ans;Femmes;44.0;274.0;;09;76
2021;Occitanie;Ariège;45-64 ans;Femmes;34.0;155.3;;09;76
2021;Occitanie;Ariège;65 ans et plus;Femmes;23.0;101.1;;09;76
2021;Occitanie;Ariège;00-17 ans;Hommes et Femmes;17.5;60.8;;09;76
2021;Occitanie;Ariège;25-44 ans;Hommes et Femmes;77.0;242.0;;09;76
2021;Corse;Corse-du-Sud;18-24 ans;Hommes;0.0;0.0;;2A;94
2021;Corse;Corse-du-Sud;Tous;Hommes;24.0;30.5;28.8;2A;94
2021;Corse;Corse-du-Sud;00-17 ans;Femmes;17.0;115.2;;2A;94
2021;Corse;Corse-du-Sud;65 ans et plus;Femmes;9.0;40.9;;2A;94
2021;Corse;Corse-du-Sud;25-44 ans;Hommes et Femmes;14.0;35.8;;2A;94
2021;Corse;Haute-Corse;18-24 ans;Femmes;9.0;142.6;;2B;94
2021;Corse;Haute-Corse;45-64 ans;Femmes;25.0;97.6;;2B;94
2021;Corse;Haute-Corse;65 ans et plus;Femmes;18.0;74.3;;2B;94
2021;Corse;Haute-Corse;Tous;Femmes;98.0;103.5;105.1;2B;94
2021;Corse;Haute-Corse;18-24 ans;Hommes et Femmes;11.5;88.4;;2B;94
2021;Corse;Haute-Corse;45-64 ans;Hommes et Femmes;42.0;83.9;;2B;94
2020;Saint-Martin;Saint-Martin;00-17 ans;Hommes;0.0;;;978;978
2020;Saint-Martin;Saint-Martin;65 ans et plus;Hommes;0.0;;;978;978
2020;Saint-Martin;Saint-Martin;Tous;Femmes;11.0;;;978;978
2020;Saint-Martin;Saint-Martin;00-17 ans;Hommes et Femmes;2.5;;;978;978
2020;Saint-Martin;Saint-Martin;25-44 ans;Hommes et Femmes;7.5;;;978;978
2020;Auvergne et Rhône-Alpes;Ain;00-17 ans;Hommes;13.0;16.3;;01;84
2020;Auvergne et Rhône-Alpes;Ain;45-64 ans;Hommes;69.0;78.8;;01;84
2020;Auvergne et Rhône-Alpes;Ain;65 ans et plus;Hommes;16.0;29.9;;01;84
2020;Auvergne et Rhône-Alpes;Ain;18-24 ans;Femmes;50.0;232.0;;01;84
2020;Auvergne et Rhône-Alpes;Ain;25-44 ans;Femmes;92.0;113.0;;01;84
2020;Hauts-de-France;Aisne;00-17 ans;Hommes;37.0;61.1;;02;32
2020;Hauts-de-France;Aisne;00-17 ans;Femmes;145.0;251.8;;02;32
2020;Hauts-de-France;Aisne;18-24 ans;Femmes;78.0;410.7;;02;32
2020;Hauts-de-France;Aisne;25-44 ans;Femmes;131.0;218.2;;02;32
2020;Hauts-de-France;Aisne;18-24 ans;Hommes et Femmes;132.0;333.3;;02;32
2020;Hauts-de-France;Aisne;65 ans et plus;Hommes et Femmes;120.0;107.5;;02;32
2020;Hauts-de-France;Aisne;Tous;Hommes et Femmes;1023.0;193.2;195.2;02;32
2020;Auvergne et Rhône-Alpes;Allier;65 ans et plus;Hommes;20.0;49.8;;03;84
2020;Auvergne et Rhône-Alpes;Allier;Tous;Hommes;133.0;82.5;87.1;03;84
2020;Auvergne et Rhône-Alpes;Allier;00-17 ans;Femmes;51.0;170.2;;03;84
2020;Auvergne et Rhône-Alpes;Allier;Tous;Femmes;201.0;115.2;123.0;03;84
2020;Auvergne et Rhône-Alpes;Allier;00-17 ans;Hommes et Femmes;59.0;96.5;;03;84
2020;Auvergne et Rhône-Alpes;Allier;Tous;Hommes et Femmes;334.0;99.5;105.6;03;84
2020;Provence-Alpes-Côte d'Azur;Alpes-de-Haute-Provence;45-64 ans;Hommes;39.0;172.0;;04;93
2020;Provence-Alpes-Côte d'Azur;Alpes-de-Haute-Provence;45-64 ans;Femmes;48.0;198.6;;04;93
2020;Provence-Alpes-Côte d'Azur;Alpes-de-Haute-Provence;00-17 ans;Hommes et Femmes;21.0;67.2;;04;93
2020;Provence-Alpes-Côte d'Azur;Alpes-de-Haute-Provence;25-44 ans;Hommes et Femmes;49.0;147.7;;04;93
2020;Provence-Alpes-Côte d'Azur;Alpes-de-Haute-Provence;Tous;Hommes et Femmes;208.0;125.7;127.8;04;93
2020;Provence-Alpes-Côte d'Azur;Hautes-Alpes;45-64 ans;Hommes;43.0;217.9;;05;93
2020;Provence-Alpes-Côte d'Azur;Hautes-Alpes;Tous;Hommes;87.5;127.4;127.1;05;93
2020;Provence-Alpes-Côte d'Azur;Hautes-Alpes;25-44 ans;Femmes;39.0;258.3;;05;93
2020;Provence-Alpes-Côte d'Azur;Hautes-Alpes;45-64 ans;Femmes;42.0;206.4;;05;93
2020;Provence-Alpes-Côte d'Azur;Hautes-Alpes;Tous;Femmes;139.0;193.2;206.9;05;93
2020;Provence-Alpes-Côte d'Azur;Hautes-Alpes;25-44 ans;Hommes et Femmes;62.0;207.9;;05;93
2020;Provence-Alpes-Côte d'Azur;Hautes-Alpes;65 ans et plus;Hommes et Femmes;30.0;84.0;;05;93
2020;Provence-Alpes-Côte d'Azur;Hautes-Alpes;Tous;Hommes et Femmes;226.5;161.1;168.2;05;93
2020;Provence-Alpes-Côte d'Azur;Alpes-Maritimes;00-17 ans;Hommes;42.0;39.4;;06;93
2020;Provence-Alpes-Côte d'Azur;Alpes-Maritimes;65 ans et plus;Hommes;79.0;69.3;;06;93
2020;Provence-Alpes-Côte d'Azur;Alpes-Maritimes;Tous;Femmes;749.0;129.5;130.9;06;93
2020;Provence-Alpes-Côte d'Azur;Alpes-Maritimes;25-44 ans;Hommes et Femmes;297.0;119.4;;06;93
2020;Provence-Alpes-Côte d'Azur;Alpes-Maritimes;45-64 ans;Hommes et Femmes;417.0;144.0;;06;93
2020;Auvergne et Rhône-Alpes;Ardèche;00-17 ans;Femmes;41.0;129.5;;07;84
2020;Auvergne et Rhône-Alpes;Ardèche;25-44 ans;Femmes;54.0;158.8;;07;84
2020;Auvergne et Rhône-Alpes;Ardèche;45-64 ans;Femmes;86.0;183.9;;07;84
2020;Auvergne et Rhône-Alpes;Ardèche;18-24 ans;Hommes et Femmes;40.0;200.1;;07;84
2020;Grand Est;Ardennes;00-17 ans;Hommes;17.0;58.1;;08;44
2020;Grand Est;Ardennes;18-24 ans;Hommes;24.0;242.4;;08;44
2020;Grand Est;Ardennes;45-64 ans;Hommes;73.0;197.4;;08;44
2020;Grand Est;Ardennes;18-24 ans;Femmes;21.0;245.2;;08;44
2020;Grand Est;Ardennes;Tous;Femmes;268.0;194.2;195.2;08;44
2020;Grand Est;Ardennes;65 ans et plus;Hommes et Femmes;52.0;87.6;;08;44
2020;Grand Est;Ardennes;Tous;Hommes et Femmes;490.0;181.7;183.9;08;44
2020;Occitanie;Ariège;00-17 ans;Hommes;7.0;47.6;;09;76
2020;Occitanie;Ariège;18-24 ans;Hommes;15.0;281.5;;09;76
2020;Occitanie;Ariège;Tous;Femmes;116.0;147.4;154.6;09;76
2020;Occitanie;Ariège;25-44 ans;Hommes et Femmes;80.0;254.9;;09;76
2020;Occitanie;Ariège;65 ans et plus;Hommes et Femmes;24.0;58.5;;09;76
2020;Corse;Corse-du-Sud;25-44 ans;Hommes;17.0;93.2;;2A;94
2020;Corse;Corse-du-Sud;25-44 ans;Femmes;15.0;74.5;;2A;94
2020;Corse;Corse-du-Sud;45-64 ans;Femmes;20.0;88.8;;2A;94
2020;Corse;Corse-du-Sud;65 ans et plus;Femmes;7.0;32.5;;2A;94
2020;Corse;Corse-du-Sud;Tous;Femmes;55.0;66.2;67.9;2A;94
2020;Corse;Corse-du-Sud;65 ans et plus;Hommes et Femmes;9.5;24.2;;2A;94
2020;Corse;Corse-du-Sud;Tous;Hommes et Femmes;89.0;55.3;56.3;2A;94
2020;Corse;Haute-Corse;45-64 ans;Femmes;21.0;83.1;;2B;94
2020;Grand Est;Aube;25-44 ans;Hommes;49.0;141.6;;10;44
2020;Grand Est;Aube;45-64 ans;Hommes;60.0;154.5;;10;44
2020;Grand Est;Aube;65 ans et plus;Hommes;27.0;91.7;;10;44
2020;Grand Est;Aube;Tous;Hommes;169.0;111.5;112.9;10;44
2020;Grand Est;Aube;00-17 ans;Hommes et Femmes;83.0;121.3;;10;44
2020;Grand Est;Aube;65 ans et plus;Hommes et Femmes;55.0;80.3;;10;44
2020;Occitanie;Aude;18-24 ans;Hommes;24.0;192.6;;11;76
2020;Occitanie;Aude;18-24 ans;Femmes;30.0;257.1;;11;76
2020;Occitanie;Aude;25-44 ans;Hommes et Femmes;113.0;148.2;;11;76
2020;Occitanie;Aveyron;00-17 ans;Hommes;5.0;19.1;;12;76
2020;Occitanie;Aveyron;18-24 ans;Hommes;13.0;132.5;;12;76
2020;Occitanie;Aveyron;45-64 ans;Hommes;35.0;90.3;;12;76
2020;Occitanie;Aveyron;65 ans et plus;Femmes;23.0;53.2;;12;76
2020;Occitanie;Aveyron;Tous;Femmes;137.0;96.8;102.8;12;76
2020;Occitanie;Aveyron;18-24 ans;Hommes et Femmes;28.0;159.9;;12;76
2020;Occitanie;Aveyron;Tous;Hommes et Femmes;238.0;85.1;89.9;12;76
2020;Provence-Alpes-Côte d'Azur;Bouches-du-Rhône;00-17 ans;Hommes;57.0;25.9;;13;93
2020;Provence-Alpes-Côte d'Azur;Bouches-du-Rhône;65 ans et plus;Hommes;89.0;48.6;;13;93
2020;Provence-Alpes-Côte d'Azur;Bouches-du-Rhône;00-17 ans;Femmes;224.0;106.7;;13;93
2020;Provence-Alpes-Côte d'Azur;Bouches-du-Rhône;45-64 ans;Femmes;260.0;95.1;;13;93
2020;Provence-Alpes-Côte d'Azur;Bouches-du-Rhône;25-44 ans;Hommes et Femmes;421.0;85.0;;13;93
2020;Provence-Alpes-Côte d'Azur;Bouches-du-Rhône;45-64 ans;Hommes et Femmes;456.0;87.1;;13;93
2020;Normandie;Calvados;00-17 ans;Hommes;20.0;26.8;;14;28
2020;Normandie;Calvados;18-24 ans;Hommes;64.0;206.0;;14;28
2020;Normandie;Calvados;45-64 ans;Hommes;119.0;136.7;;14;28
2020;Normandie;Calvados;Tous;Hommes;429.0;127.9;128.9;14;28
2020;Normandie;Calvados;Tous;Femmes;589.0;162.7;162.9;14;28
2020;Normandie;Calvados;65 ans et plus;Hommes et Femmes;112.0;72.6;;14;28
2020;Auvergne et Rhône-Alpes;Cantal;00-17 ans;Hommes;2.5;19.8;;15;84
2020;Auvergne et Rhône-Alpes;Cantal;Tous;Hommes;34.0;48.2;49.6;15;84
2020;Auvergne et Rhône-Alpes;Cantal;00-17 ans;Femmes;6.0;49.1;;15;84
2020;Auvergne et Rhône-Alpes;Cantal;18-24 ans;Femmes;2.5;64.4;;15;84
2020;Auvergne et Rhône-Alpes;Cantal;18-24 ans;Hommes et Femmes;8.5;103.0;;15;84
2020;Auvergne et Rhône-Alpes;Cantal;25-44 ans;Hommes et Femmes;12.5;44.2;;15;84
2020;Auvergne et Rhône-Alpes;Cantal;45-64 ans;Hommes et Femmes;35.0;83.4;;15;84
2020;Auvergne et Rhône-Alpes;Cantal;65 ans et plus;Hommes et Femmes;9.5;23.1;;15;84
2020;Auvergne et Rhône-Alpes;Cantal;Tous;Hommes et Femmes;77.5;53.7;56.9;15;84
2020;Nouvelle Aquitaine;Charente;Tous;Hommes;255.0;149.6;151.6;16;75
2020;Nouvelle Aquitaine;Charente;25-44 ans;Femmes;96.0;259.7;;16;75
2020;Nouvelle Aquitaine;Charente;45-64 ans;Femmes;123.0;243.8;;16;75
2020;Nouvelle Aquitaine;Charente;Tous;Femmes;340.0;187.6;193.1;16;75
2020;Nouvelle Aquitaine;Charente;00-17 ans;Hommes et Femmes;49.0;74.1;;16;75
2020;Nouvelle Aquitaine;Charente;18-24 ans;Hommes et Femmes;59.0;251.3;;16;75
2020;Nouvelle Aquitaine;Charente;Tous;Hommes et Femmes;595.0;169.2;173.0;16;75
2020;Nouvelle Aquitaine;Charente-Maritime;18-24 ans;Hommes;39.0;166.3;;17;75
2020;Nouvelle Aquitaine;Charente-Maritime;25-44 ans;Hommes;128.0;202.2;;17;75
2020;Nouvelle Aquitaine;Charente-Maritime;Tous;Hommes;403.0;128.3;132.7;17;75
2020;Nouvelle Aquitaine;Charente-Maritime;00-17 ans;Femmes;93.0;161.8;;17;75
2020;Nouvelle Aquitaine;Charente-Maritime;25-44 ans;Femmes;173.0;261.1;;17;75
2020;Nouvelle Aquitaine;Charente-Maritime;45-64 ans;Femmes;214.0;229.3;;17;75
2020;Nouvelle Aquitaine;Charente-Maritime;Tous;Femmes;656.0;192.0;202.7;17;75
2020;Nouvelle Aquitaine;Charente-Maritime;00-17 ans;Hommes et Femmes;120.0;101.6;;17;75
2020;Nouvelle Aquitaine;Charente-Maritime;65 ans et plus;Hommes et Femmes;163.0;88.1;;17;75
2020;Centre-Val de Loire;Cher;65 ans et plus;Hommes;21.0;60.8;;18;24
2020;Centre-Val de Loire;Cher;45-64 ans;Femmes;78.0;183.1;;18;24
2020;Centre-Val de Loire;Cher;Tous;Femmes;197.0;126.9;131.9;18;24
2020;Centre-Val de Loire;Cher;00-17 ans;Hommes et Femmes;27.0;47.0;;18;24
2020;Centre-Val de Loire;Cher;45-64 ans;Hommes et Femmes;116.0;139.3;;18;24
2020;Nouvelle Aquitaine;Corrèze;18-24 ans;Hommes;13.0;144.3;;19;75
2020;Nouvelle Aquitaine;Corrèze;25-44 ans;Hommes;40.0;167.1;;19;75
2020;Nouvelle Aquitaine;Corrèze;Tous;Femmes;187.0;152.3;161.5;19;75
2020;Nouvelle Aquitaine;Corrèze;00-17 ans;Hommes et Femmes;51.0;120.8;;19;75
2020;Nouvelle Aquitaine;Corrèze;18-24 ans;Hommes et Femmes;37.0;229.5;;19;75
2020;Bourgogne et Franche-Comté;Côte-d'Or;25-44 ans;Hommes;111.0;178.2;;21;27
2020;Bourgogne et Franche-Comté;Côte-d'Or;45-64 ans;Hommes;87.0;129.4;;21;27
2020;Bourgogne et Franche-Comté;Côte-d'Or;Tous;Hommes;298.0;115.4;115.3;21;27
2020;Bourgogne et Franche-Comté;Côte-d'Or;00-17 ans;Femmes;112.0;215.9;;21;27
2020;Bourgogne et Franche-Comté;Côte-d'Or;18-24 ans;Femmes;83.0;316.7;;21;27
2020;Bourgogne et Franche-Comté;Côte-d'Or;Tous;Femmes;486.0;175.6;174.3;21;27
2020;Bourgogne et Franche-Comté;Côte-d'Or;00-17 ans;Hommes et Femmes;155.0;146.4;;21;27
2020;Bourgogne et Franche-Comté;Côte-d'Or;Tous;Hommes et Femmes;784.0;146.5;145.7;21;27
2020;Bretagne;Côtes-d'Armor;45-64 ans;Hommes;174.0;214.7;;22;53
2020;Bretagne;Côtes-d'Armor;Tous;Hommes;519.0;178.0;187.7;22;53
2020;Bretagne;Côtes-d'Armor;18-24 ans;Femmes;74.0;409.4;;22;53
2020;Bretagne;Côtes-d'Armor;25-44 ans;Femmes;210.0;348.0;;22;53
2020;Bretagne;Côtes-d'Armor;18-24 ans;Hommes et Femmes;128.0;327.9;;22;53
2020;Bretagne;Côtes-d'Armor;25-44 ans;Hommes et Femmes;405.0;339.1;;22;53
2020;Bretagne;Côtes-d'Armor;65 ans et plus;Hommes et Femmes;158.0;99.1;;22;53
2020;Bretagne;Côtes-d'Armor;Tous;Hommes et Femmes;1300.0;215.4;227.7;22;53
2020;Nouvelle Aquitaine;Creuse;25-44 ans;Hommes;23.0;218.0;;23;75
2020;Nouvelle Aquitaine;Creuse;45-64 ans;Hommes;17.0;100.2;;23;75
2020;Nouvelle Aquitaine;Creuse;18-24 ans;Femmes;11.0;377.0;;23;75
2020;Nouvelle Aquitaine;Creuse;65 ans et plus;Femmes;12.0;60.2;;23;75
2020;Nouvelle Aquitaine;Creuse;45-64 ans;Hommes et Femmes;56.0;164.3;;23;75
2020;Nouvelle Aquitaine;Dordogne;25-44 ans;Hommes;80.0;207.6;;24;75
2020;Nouvelle Aquitaine;Dordogne;65 ans et plus;Hommes;36.0;67.1;;24;75
2020;Nouvelle Aquitaine;Dordogne;00-17 ans;Femmes;59.0;172.3;;24;75
2020;Nouvelle Aquitaine;Dordogne;45-64 ans;Femmes;131.0;214.6;;24;75
2020;Nouvelle Aquitaine;Dordogne;65 ans et plus;Femmes;64.0;94.2;;24;75
2020;Nouvelle Aquitaine;Dordogne;00-17 ans;Hommes et Femmes;79.0;112.1;;24;75
2020;Nouvelle Aquitaine;Dordogne;25-44 ans;Hommes et Femmes;162.0;207.7;;24;75
2020;Nouvelle Aquitaine;Dordogne;45-64 ans;Hommes et Femmes;222.0;186.9;;24;75
2020;Bourgogne et Franche-Comté;Doubs;25-44 ans;Hommes;118.0;178.4;;25;27
2020;Bourgogne et Franche-Comté;Doubs;Tous;Hommes;273.0;102.3;102.2;25;27
2020;Bourgogne et Franche-Comté;Doubs;00-17 ans;Femmes;56.0;95.6;;25;27
2020;Bourgogne et Franche-Comté;Doubs;45-64 ans;Femmes;119.0;172.1;;25;27
2020;Bourgogne et Franche-Comté;Doubs;18-24 ans;Hommes et Femmes;113.0;236.3;;25;27
2020;Bourgogne et Franche-Comté;Doubs;45-64 ans;Hommes et Femmes;215.0;157.8;;25;27
2020;Auvergne et Rhône-Alpes;Drôme;18-24 ans;Hommes;20.0;105.3;;26;84
2020;Auvergne et Rhône-Alpes;Drôme;25-44 ans;Hommes;73.0;128.5;;26;84
2020;Auvergne et Rhône-Alpes;Drôme;00-17 ans;Femmes;62.0;113.7;;26;84
2020;Auvergne et Rhône-Alpes;Drôme;18-24 ans;Femmes;40.0;237.8;;26;84
2020;Auvergne et Rhône-Alpes;Drôme;25-44 ans;Femmes;59.0;99.0;;26;84
2020;Auvergne et Rhône-Alpes;Drôme;Tous;Femmes;304.0;114.0;115.9;26;84
2020;Auvergne et Rhône-Alpes;Drôme;25-44 ans;Hommes et Femmes;132.0;113.4;;26;84
2020;Auvergne et Rhône-Alpes;Drôme;65 ans et plus;Hommes et Femmes;65.0;56.0;;26;84
2020;Auvergne et Rhône-Alpes;Drôme;Tous;Hommes et Femmes;491.0;94.8;96.8;26;84
2020;Normandie;Eure;18-24 ans;Hommes;35.0;160.1;;27;28
2020;Normandie;Eure;25-44 ans;Hommes;104.0;152.6;;27;28
2020;Normandie;Eure;25-44 ans;Femmes;118.0;165.6;;27;28
2020;Normandie;Eure;45-64 ans;Hommes et Femmes;263.0;163.3;;27;28
2020;Normandie;Eure;65 ans et plus;Hommes et Femmes;91.0;76.9;;27;28
2020;Centre-Val de Loire;Eure-et-Loir;18-24 ans;Hommes;19.0;126.1;;28;24
2020;Centre-Val de Loire;Eure-et-Loir;25-44 ans;Hommes;92.0;189.1;;28;24
2020;Centre-Val de Loire;Eure-et-Loir;45-64 ans;Hommes;89.0;157.0;;28;24
2020;Centre-Val de Loire;Eure-et-Loir;65 ans et plus;Hommes;32.0;80.6;;28;24
2020;Centre-Val de Loire;Eure-et-Loir;18-24 ans;Femmes;54.0;391.7;;28;24
2020;Centre-Val de Loire;Eure-et-Loir;18-24 ans;Hommes et Femmes;73.0;253.0;;28;24
2020;Centre-Val de Loire;Eure-et-Loir;65 ans et plus;Hommes et Femmes;77.0;85.7;;28;24
2020;Centre-Val de Loire;Eure-et-Loir;Tous;Hommes et Femmes;647.0;150.0;153.2;28;24
2020;Bretagne;Finistère;65 ans et plus;Hommes;57.0;62.1;;29;53
2020;Bretagne;Finistère;25-44 ans;Femmes;220.0;224.9;;29;53
2020;Bretagne;Finistère;00-17 ans;Hommes et Femmes;215.0;118.7;;29;53
2020;Bretagne;Finistère;45-64 ans;Hommes et Femmes;582.0;232.5;;29;53
2020;Occitanie;Gard;00-17 ans;Hommes;19.0;24.1;;30;76
2020;Occitanie;Gard;18-24 ans;Femmes;79.0;302.0;;30;76
2020;Occitanie;Gard;25-44 ans;Femmes;116.0;140.6;;30;76
2020;Occitanie;Gard;45-64 ans;Femmes;178.0;167.6;;30;76
2020;Occitanie;Gard;65 ans et plus;Femmes;68.0;68.4;;30;76
2020;Occitanie;Gard;Tous;Femmes;529.0;135.9;138.5;30;76
2020;Occitanie;Gard;00-17 ans;Hommes et Femmes;107.0;69.5;;30;76
2020;Occitanie;Gard;65 ans et plus;Hommes et Femmes;115.0;64.8;;30;76
2020;Occitanie;Gard;Tous;Hommes et Femmes;832.0;110.7;112.9;30;76
2020;Occitanie;Haute-Garonne;45-64 ans;Hommes;86.0;50.6;;31;76
2020;Occitanie;Haute-Garonne;65 ans et plus;Femmes;75.0;54.7;;31;76
2020;Occitanie;Haute-Garonne;Tous;Femmes;570.0;78.4;76.4;31;76
2020;Occitanie;Haute-Garonne;00-17 ans;Hommes et Femmes;113.0;38.1;;31;76
2020;Occitanie;Haute-Garonne;45-64 ans;Hommes et Femmes;238.0;68.7;;31;76
2020;Occitanie;Gers;45-64 ans;Hommes;25.0;90.9;;32;76
2020;Occitanie;Gers;65 ans et plus;Hommes;10.0;41.1;;32;76
2020;Occitanie;Gers;00-17 ans;Femmes;10.0;59.7;;32;76
2020;Occitanie;Gers;65 ans et plus;Femmes;16.0;54.0;;32;76
2020;Occitanie;Gers;Tous;Femmes;118.0;120.0;132.0;32;76
2020;Occitanie;Gers;18-24 ans;Hommes et Femmes;27.0;245.5;;32;76
2020;Occitanie;Gers;25-44 ans;Hommes et Femmes;76.0;210.1;;32;76
2020;Occitanie;Gers;65 ans et plus;Hommes et Femmes;26.0;48.2;;32;76
2020;Nouvelle Aquitaine;Gironde;00-17 ans;Hommes;79.0;46.5;;33;75
2020;Nouvelle Aquitaine;Gironde;18-24 ans;Hommes;143.0;193.4;;33;75
2020;Nouvelle Aquitaine;Gironde;45-64 ans;Hommes;263.0;130.7;;33;75
2020;Nouvelle Aquitaine;Gironde;00-17 ans;Femmes;327.0;199.4;;33;75
2020;Nouvelle Aquitaine;Gironde;18-24 ans;Femmes;236.0;313.8;;33;75
2020;Nouvelle Aquitaine;Gironde;25-44 ans;Femmes;369.0;173.9;;33;75
2020;Nouvelle Aquitaine;Gironde;65 ans et plus;Femmes;174.0;94.3;;33;75
2020;Nouvelle Aquitaine;Gironde;00-17 ans;Hommes et Femmes;406.0;121.6;;33;75
2020;Nouvelle Aquitaine;Gironde;45-64 ans;Hommes et Femmes;645.0;154.6;;33;75
2020;Nouvelle Aquitaine;Gironde;Tous;Hommes et Femmes;2436.0;148.9;146.1;33;75
2020;Occitanie;Hérault;45-64 ans;Femmes;168.0;108.1;;34;76
2020;Occitanie;Hérault;Tous;Femmes;472.0;76.0;75.5;34;76
2020;Occitanie;Hérault;65 ans et plus;Hommes et Femmes;132.0;50.6;;34;76
2020;Occitanie;Hérault;Tous;Hommes et Femmes;782.0;65.8;65.5;34;76
2020;Bretagne;Ille-et-Vilaine;18-24 ans;Hommes;73.0;139.4;;35;53
2020;Bretagne;Ille-et-Vilaine;Tous;Hommes;525.0;98.7;97.2;35;53
2020;Bretagne;Ille-et-Vilaine;00-17 ans;Femmes;88.0;74.1;;35;53
2020;Bretagne;Ille-et-Vilaine;65 ans et plus;Femmes;112.0;97.8;;35;53
2020;Bretagne;Ille-et-Vilaine;65 ans et plus;Hommes et Femmes;159.0;79.5;;35;53
2020;Bretagne;Ille-et-Vilaine;Tous;Hommes et Femmes;1293.0;118.7;117.2;35;53
2020;Centre-Val de Loire;Indre;18-24 ans;Hommes;12.0;164.5;;36;24
2020;Centre-Val de Loire;Indre;65 ans et plus;Hommes;18.0;66.0;;36;24
2020;Centre-Val de Loire;Indre;45-64 ans;Hommes et Femmes;101.0;163.3;;36;24
2020;Centre-Val de Loire;Indre-et-Loire;45-64 ans;Hommes;108.0;140.1;;37;24
2020;Centre-Val de Loire;Indre-et-Loire;00-17 ans;Femmes;97.0;158.2;;37;24
2020;Centre-Val de Loire;Indre-et-Loire;45-64 ans;Femmes;147.0;181.9;;37;24
2020;Centre-Val de Loire;Indre-et-Loire;65 ans et plus;Femmes;58.0;75.4;;37;24
2020;Centre-Val de Loire;Indre-et-Loire;Tous;Femmes;560.0;176.3;175.7;37;24
2020;Centre-Val de Loire;Indre-et-Loire;Tous;Hommes et Femmes;886.0;144.7;144.3;37;24
2020;Auvergne et Rhône-Alpes;Isère;00-17 ans;Hommes;28.0;18.9;;38;84
2020;Auvergne et Rhône-Alpes;Isère;25-44 ans;Hommes;179.0;117.6;;38;84
2020;Auvergne et Rhône-Alpes;Isère;45-64 ans;Hommes;148.0;91.0;;38;84
2020;Auvergne et Rhône-Alpes;Isère;65 ans et plus;Hommes;59.0;56.1;;38;84
2020;Auvergne et Rhône-Alpes;Isère;Tous;Hommes;482.0;77.0;77.2;38;84
2020;Auvergne et Rhône-Alpes;Isère;00-17 ans;Femmes;122.0;86.3;;38;84
2020;Auvergne et Rhône-Alpes;Isère;00-17 ans;Hommes et Femmes;150.0;51.8;;38;84
2020;Auvergne et Rhône-Alpes;Isère;25-44 ans;Hommes et Femmes;417.0;135.5;;38;84
2020;Bourgogne et Franche-Comté;Jura;18-24 ans;Hommes;15.0;160.9;;39;27
2020;Bourgogne et Franche-Comté;Jura;25-44 ans;Hommes;62.0;226.4;;39;27
2020;Bourgogne et Franche-Comté;Jura;Tous;Hommes et Femmes;406.0;156.9;161.1;39;27
2020;Nouvelle Aquitaine;Landes;25-44 ans;Hommes;50.0;114.8;;40;75
2020;Nouvelle Aquitaine;Landes;45-64 ans;Hommes;50.0;86.7;;40;75
2020;Nouvelle Aquitaine;Landes;00-17 ans;Femmes;40.0;104.1;;40;75
2020;Nouvelle Aquitaine;Landes;18-24 ans;Femmes;31.0;272.1;;40;75
2020;Nouvelle Aquitaine;Landes;65 ans et plus;Femmes;35.0;57.9;;40;75
2020;Nouvelle Aquitaine;Landes;00-17 ans;Hommes et Femmes;49.0;61.8;;40;75
2020;Nouvelle Aquitaine;Landes;25-44 ans;Hommes et Femmes;119.0;134.6;;40;75
2020;Nouvelle Aquitaine;Landes;45-64 ans;Hommes et Femmes;133.0;112.9;;40;75
2020;Nouvelle Aquitaine;Landes;65 ans et plus;Hommes et Femmes;56.0;51.9;;40;75
2020;Centre-Val de Loire;Loir-et-Cher;18-24 ans;Hommes;10.0;88.8;;41;24
2020;Centre-Val de Loire;Loir-et-Cher;25-44 ans;Hommes;40.0;119.3;;41;24
2020;Centre-Val de Loire;Loir-et-Cher;18-24 ans;Femmes;19.0;197.9;;41;24
2020;Centre-Val de Loire;Loir-et-Cher;25-44 ans;Femmes;36.0;104.5;;41;24
2020;Centre-Val de Loire;Loir-et-Cher;65 ans et plus;Femmes;36.0;77.3;;41;24
2020;Centre-Val de Loire;Loir-et-Cher;45-64 ans;Hommes et Femmes;97.0;107.5;;41;24
2020;Centre-Val de Loire;Loir-et-Cher;Tous;Hommes et Femmes;354.0;107.5;110.4;41;24
2020;Auvergne et Rhône-Alpes;Loire;00-17 ans;Hommes;25.0;29.0;;42;84
2020;Auvergne et Rhône-Alpes;Loire;25-44 ans;Hommes;184.0;218.5;;42;84
2020;Auvergne et Rhône-Alpes;Loire;00-17 ans;Femmes;79.0;97.6;;42;84
2020;Auvergne et Rhône-Alpes;Loire;45-64 ans;Femmes;221.0;223.3;;42;84
2020;Auvergne et Rhône-Alpes;Loire;65 ans et plus;Femmes;91.0;90.7;;42;84
2020;Auvergne et Rhône-Alpes;Haute-Loire;18-24 ans;Hommes;33.0;412.4;;43;84
2020;Auvergne et Rhône-Alpes;Haute-Loire;65 ans et plus;Hommes;10.0;40.3;;43;84
2020;Auvergne et Rhône-Alpes;Haute-Loire;Tous;Hommes et Femmes;347.0;152.5;159.2;43;84
2020;Pays de la Loire;Loire-Atlantique;00-17 ans;Hommes;57.0;34.3;;44;52
2020;Pays de la Loire;Loire-Atlantique;Tous;Hommes;670.0;95.3;94.7;44;52
2020;Pays de la Loire;Loire-Atlantique;25-44 ans;Femmes;180.0;98.5;;44;52
2020;Pays de la Loire;Loire-Atlantique;65 ans et plus;Femmes;98.0;62.7;;44;52
2020;Pays de la Loire;Loire-Atlantique;25-44 ans;Hommes et Femmes;429.0;117.7;;44;52
2020;Centre-Val de Loire;Loiret;00-17 ans;Hommes;14.0;17.6;;45;24
2020;Centre-Val de Loire;Loiret;25-44 ans;Hommes;122.0;155.8;;45;24
2020;Centre-Val de Loire;Loiret;45-64 ans;Hommes;102.0;119.5;;45;24
2020;Centre-Val de Loire;Loiret;Tous;Hommes;325.0;97.8;99.7;45;24
2020;Centre-Val de Loire;Loiret;00-17 ans;Femmes;80.0;106.1;;45;24
2020;Centre-Val de Loire;Loiret;Tous;Femmes;470.0;134.3;134.9;45;24
2020;Occitanie;Lot;00-17 ans;Hommes;2.5;16.2;;46;76
2020;Occitanie;Lot;25-44 ans;Hommes;29.0;179.1;;46;76
2020;Occitanie;Lot;45-64 ans;Hommes;35.0;141.9;;46;76
2020;Occitanie;Lot;00-17 ans;Hommes et Femmes;7.5;25.1;;46;76
2020;Occitanie;Lot;18-24 ans;Hommes et Femmes;45.0;487.4;;46;76
2020;Occitanie;Lot;25-44 ans;Hommes et Femmes;71.0;218.8;;46;76
2020;Nouvelle Aquitaine;Lot-et-Garonne;25-44 ans;Hommes;59.0;181.2;;47;75
2020;Nouvelle Aquitaine;Lot-et-Garonne;00-17 ans;Femmes;36.0;115.8;;47;75
2020;Nouvelle Aquitaine;Lot-et-Garonne;65 ans et plus;Femmes;30.0;60.3;;47;75
2020;Nouvelle Aquitaine;Lot-et-Garonne;Tous;Femmes;254.0;147.7;156.9;47;75
2020;Nouvelle Aquitaine;Lot-et-Garonne;00-17 ans;Hommes et Femmes;47.0;73.5;;47;75
2020;Occitanie;Lozère;00-17 ans;Hommes;0.0;0.0;;48;76
2020;Occitanie;Lozère;45-64 ans;Hommes;7.0;63.1;;48;76
2020;Occitanie;Lozère;65 ans et plus;Hommes;2.5;28.0;;48;76
2020;Occitanie;Lozère;00-17 ans;Hommes et Femmes;2.5;17.3;;48;76
2020;Occitanie;Lozère;45-64 ans;Hommes et Femmes;27.0;124.5;;48;76
2020;Occitanie;Lozère;65 ans et plus;Hommes et Femmes;10.5;53.5;;48;76
2020;Pays de la Loire;Maine-et-Loire;65 ans et plus;Hommes;37.0;51.0;;49;52
2020;Pays de la Loire;Maine-et-Loire;00-17 ans;Femmes;102.0;113.4;;49;52
2020;Pays de la Loire;Maine-et-Loire;00-17 ans;Hommes et Femmes;136.0;73.7;;49;52
2020;Pays de la Loire;Maine-et-Loire;25-44 ans;Hommes et Femmes;227.0;121.2;;49;52
2020;Pays de la Loire;Maine-et-Loire;45-64 ans;Hommes et Femmes;263.0;127.2;;49;52
2020;Normandie;Manche;18-24 ans;Hommes;29.0;171.3;;50;28
2020;Normandie;Manche;25-44 ans;Hommes;142.0;269.4;;50;28
2020;Normandie;Manche;45-64 ans;Hommes;111.0;163.2;;50;28
2020;Normandie;Manche;18-24 ans;Femmes;41.0;272.5;;50;28
2020;Normandie;Manche;25-44 ans;Femmes;119.0;231.5;;50;28
2020;Normandie;Manche;18-24 ans;Hommes et Femmes;70.0;218.9;;50;28
2020;Grand Est;Marne;18-24 ans;Femmes;83.0;322.3;;51;44
2020;Grand Est;Marne;65 ans et plus;Femmes;61.0;93.7;;51;44
2020;Grand Est;Marne;Tous;Femmes;569.0;194.6;192.1;51;44
2020;Grand Est;Marne;00-17 ans;Hommes et Femmes;131.0;108.7;;51;44
2020;Grand Est;Marne;65 ans et plus;Hommes et Femmes;99.0;87.6;;51;44
2020;Grand Est;Marne;Tous;Hommes et Femmes;942.0;166.2;164.5;51;44
2020;Grand Est;Haute-Marne;00-17 ans;Hommes;2.5;15.0;;52;44
2020;Grand Est;Haute-Marne;18-24 ans;Femmes;21.0;407.2;;52;44
2020;Grand Est;Haute-Marne;25-44 ans;Femmes;37.0;210.5;;52;44
2020;Grand Est;Haute-Marne;45-64 ans;Femmes;25.0;103.1;;52;44
2020;Grand Est;Haute-Marne;Tous;Femmes;127.0;145.1;157.9;52;44
2020;Grand Est;Haute-Marne;18-24 ans;Hommes et Femmes;31.0;271.6;;52;44
2020;Grand Est;Haute-Marne;25-44 ans;Hommes et Femmes;66.0;181.9;;52;44
2020;Pays de la Loire;Mayenne;45-64 ans;Hommes;44.0;108.2;;53;52
2020;Pays de la Loire;Mayenne;65 ans et plus;Hommes;18.0;59.8;;53;52
2020;Pays de la Loire;Mayenne;00-17 ans;Femmes;64.0;190.4;;53;52
2020;Pays de la Loire;Mayenne;18-24 ans;Femmes;26.0;252.9;;53;52
2020;Pays de la Loire;Mayenne;45-64 ans;Femmes;64.0;160.0;;53;52
2020;Pays de la Loire;Mayenne;65 ans et plus;Femmes;22.0;57.2;;53;52
2020;Pays de la Loire;Mayenne;18-24 ans;Hommes et Femmes;46.0;204.4;;53;52
2020;Pays de la Loire;Mayenne;65 ans et plus;Hommes et Femmes;40.0;58.3;;53;52
2020;Grand Est;Meurthe-et-Moselle;25-44 ans;Femmes;88.0;98.7;;54;44
2020;Grand Est;Meurthe-et-Moselle;Tous;Femmes;390.0;103.5;102.0;54;44
2020;Grand Est;Meuse;Tous;Hommes;126.0;139.2;143.1;55;44
2020;Grand Est;Meuse;18-24 ans;Femmes;21.0;373.1;;55;44
2020;Grand Est;Meuse;65 ans et plus;Femmes;21.0;86.8;;55;44
2020;Grand Est;Meuse;Tous;Femmes;144.0;155.8;163.1;55;44
2020;Grand Est;Meuse;00-17 ans;Hommes et Femmes;34.0;92.2;;55;44
2020;Grand Est;Meuse;18-24 ans;Hommes et Femmes;29.0;231.1;;55;44
2020;Grand Est;Meuse;65 ans et plus;Hommes et Femmes;32.0;74.2;;55;44
2020;Bretagne;Morbihan;45-64 ans;Hommes;164.0;158.6;;56;53
2020;Bretagne;Morbihan;65 ans et plus;Hommes;40.0;48.7;;56;53
2020;Bretagne;Morbihan;00-17 ans;Femmes;117.0;158.0;;56;53
2020;Bretagne;Morbihan;25-44 ans;Femmes;183.0;230.7;;56;53
2020;Bretagne;Morbihan;Tous;Femmes;709.0;180.2;188.1;56;53
2020;Bretagne;Morbihan;00-17 ans;Hommes et Femmes;146.0;95.4;;56;53
2020;Bretagne;Morbihan;25-44 ans;Hommes et Femmes;389.0;246.3;;56;53
2020;Bretagne;Morbihan;45-64 ans;Hommes et Femmes;407.0;192.6;;56;53
2020;Grand Est;Moselle;Tous;Hommes;410.0;79.9;78.7;57;44
2020;Grand Est;Moselle;00-17 ans;Femmes;131.0;127.6;;57;44
2020;Grand Est;Moselle;Tous;Femmes;561.0;104.6;105.0;57;44
2020;Grand Est;Moselle;00-17 ans;Hommes et Femmes;164.0;77.8;;57;44
2020;Grand Est;Moselle;25-44 ans;Hommes et Femmes;312.0;121.2;;57;44
2020;Bourgogne et Franche-Comté;Nièvre;00-17 ans;Femmes;46.0;268.6;;58;27
2020;Bourgogne et Franche-Comté;Nièvre;25-44 ans;Femmes;37.0;194.9;;58;27
2020;Bourgogne et Franche-Comté;Nièvre;45-64 ans;Femmes;41.0;143.1;;58;27
2020;Bourgogne et Franche-Comté;Nièvre;Tous;Femmes;174.0;165.3;182.7;58;27
2020;Bourgogne et Franche-Comté;Nièvre;00-17 ans;Hommes et Femmes;69.0;196.9;;58;27
2020;Bourgogne et Franche-Comté;Nièvre;25-44 ans;Hommes et Femmes;86.0;226.5;;58;27
2020;Bourgogne et Franche-Comté;Nièvre;65 ans et plus;Hommes et Femmes;45.0;73.8;;58;27
2020;Bourgogne et Franche-Comté;Nièvre;Tous;Hommes et Femmes;300.0;148.0;163.1;58;27
2020;Hauts-de-France;Nord;00-17 ans;Hommes;154.0;49.6;;59;32
2020;Hauts-de-France;Nord;Tous;Hommes;2535.0;201.5;199.1;59;32
2020;Hauts-de-France;Nord;00-17 ans;Femmes;632.0;213.6;;59;32
2020;Hauts-de-France;Nord;25-44 ans;Femmes;993.0;298.6;;59;32
2020;Hauts-de-France;Nord;65 ans et plus;Femmes;299.0;111.5;;59;32
2020;Hauts-de-France;Nord;65 ans et plus;Hommes et Femmes;456.0;99.9;;59;32
2020;Hauts-de-France;Nord;Tous;Hommes et Femmes;6065.0;232.6;227.7;59;32
2020;Hauts-de-France;Oise;00-17 ans;Hommes;44.0;43.7;;60;32
2020;Hauts-de-France;Oise;65 ans et plus;Hommes;50.0;78.7;;60;32
2020;Hauts-de-France;Oise;45-64 ans;Femmes;199.0;180.2;;60;32
2020;Hauts-de-France;Oise;65 ans et plus;Femmes;76.0;93.6;;60;32
2020;Hauts-de-France;Oise;45-64 ans;Hommes et Femmes;323.0;147.7;;60;32
2020;Hauts-de-France;Oise;65 ans et plus;Hommes et Femmes;126.0;87.0;;60;32
2020;Normandie;Orne;25-44 ans;Hommes;70.0;254.7;;61;28
2020;Normandie;Orne;45-64 ans;Hommes;61.0;160.9;;61;28
2020;Normandie;Orne;65 ans et plus;Hommes;30.0;93.3;;61;28
2020;Normandie;Orne;Tous;Hommes;209.0;153.8;162.1;61;28
2020;Normandie;Orne;00-17 ans;Femmes;52.0;197.2;;61;28
2020;Normandie;Orne;18-24 ans;Femmes;25.0;279.3;;61;28
2020;Normandie;Orne;45-64 ans;Femmes;75.0;195.4;;61;28
2020;Normandie;Orne;Tous;Femmes;257.0;180.2;189.0;61;28
2020;Normandie;Orne;25-44 ans;Hommes et Femmes;134.0;244.5;;61;28
2020;Hauts-de-France;Pas-de-Calais;18-24 ans;Hommes;191.0;313.0;;62;32
2020;Hauts-de-France;Pas-de-Calais;25-44 ans;Hommes;561.0;328.2;;62;32
2020;Hauts-de-France;Pas-de-Calais;45-64 ans;Hommes;424.0;225.9;;62;32
2020;Hauts-de-France;Pas-de-Calais;Tous;Hommes;1345.0;189.9;190.2;62;32
2020;Hauts-de-France;Pas-de-Calais;25-44 ans;Femmes;445.0;255.9;;62;32
2020;Hauts-de-France;Pas-de-Calais;45-64 ans;Femmes;501.0;258.7;;62;32
2020;Hauts-de-France;Pas-de-Calais;Tous;Femmes;1656.0;219.6;220.2;62;32
2020;Hauts-de-France;Pas-de-Calais;00-17 ans;Hommes et Femmes;339.0;101.4;;62;32
2020;Hauts-de-France;Pas-de-Calais;25-44 ans;Hommes et Femmes;1006.0;291.7;;62;32
2020;Hauts-de-France;Pas-de-Calais;45-64 ans;Hommes et Femmes;925.0;242.5;;62;32
2020;Hauts-de-France;Pas-de-Calais;65 ans et plus;Hommes et Femmes;277.0;97.7;;62;32
2020;Hauts-de-France;Pas-de-Calais;Tous;Hommes et Femmes;3001.0;205.2;205.7;62;32
2020;Auvergne et Rhône-Alpes;Puy-de-Dôme;00-17 ans;Hommes;23.0;34.5;;63;84
2020;Auvergne et Rhône-Alpes;Puy-de-Dôme;25-44 ans;Hommes;196.0;256.9;;63;84
2020;Auvergne et Rhône-Alpes;Puy-de-Dôme;65 ans et plus;Hommes;44.0;70.0;;63;84
2020;Auvergne et Rhône-Alpes;Puy-de-Dôme;00-17 ans;Femmes;62.0;95.8;;63;84
2020;Auvergne et Rhône-Alpes;Puy-de-Dôme;25-44 ans;Femmes;154.0;201.5;;63;84
2020;Auvergne et Rhône-Alpes;Puy-de-Dôme;45-64 ans;Femmes;181.0;205.5;;63;84
2020;Auvergne et Rhône-Alpes;Puy-de-Dôme;Tous;Femmes;561.0;164.3;163.9;63;84
2020;Auvergne et Rhône-Alpes;Puy-de-Dôme;00-17 ans;Hommes et Femmes;85.0;64.7;;63;84
2020;Auvergne et Rhône-Alpes;Puy-de-Dôme;45-64 ans;Hommes et Femmes;340.0;195.9;;63;84
2020;Nouvelle Aquitaine;Pyrénées-Atlantiques;00-17 ans;Hommes;5.0;7.5;;64;75
2020;Nouvelle Aquitaine;Pyrénées-Atlantiques;45-64 ans;Hommes;50.0;54.7;;64;75
2020;Nouvelle Aquitaine;Pyrénées-Atlantiques;65 ans et plus;Hommes;16.0;22.4;;64;75
2020;Nouvelle Aquitaine;Pyrénées-Atlantiques;25-44 ans;Femmes;39.0;50.4;;64;75
2020;Nouvelle Aquitaine;Pyrénées-Atlantiques;45-64 ans;Femmes;66.0;67.7;;64;75
2020;Nouvelle Aquitaine;Pyrénées-Atlantiques;65 ans et plus;Femmes;23.0;23.7;;64;75
2020;Nouvelle Aquitaine;Pyrénées-Atlantiques;Tous;Femmes;183.0;51.2;52.6;64;75
2020;Nouvelle Aquitaine;Pyrénées-Atlantiques;45-64 ans;Hommes et Femmes;116.0;61.4;;64;75
2020;Occitanie;Hautes-Pyrénées;25-44 ans;Femmes;33.0;142.9;;65;76
2020;Occitanie;Hautes-Pyrénées;18-24 ans;Hommes et Femmes;29.0;179.5;;65;76
2020;Occitanie;Pyrénées-Orientales;Tous;Hommes;199.0;86.9;88.8;66;76
2020;Occitanie;Pyrénées-Orientales;25-44 ans;Femmes;87.0;167.3;;66;76
2020;Occitanie;Pyrénées-Orientales;45-64 ans;Femmes;90.0;133.2;;66;76
2020;Occitanie;Pyrénées-Orientales;00-17 ans;Hommes et Femmes;70.0;74.3;;66;76
2020;Occitanie;Pyrénées-Orientales;65 ans et plus;Hommes et Femmes;88.0;69.1;;66;76
2020;Grand Est;Bas-Rhin;45-64 ans;Hommes;132.0;87.2;;67;44
2020;Grand Est;Bas-Rhin;Tous;Hommes;441.0;78.9;77.5;67;44
2020;Grand Est;Bas-Rhin;45-64 ans;Femmes;184.0;117.9;;67;44
2020;Grand Est;Bas-Rhin;Tous;Femmes;673.0;114.2;112.3;67;44
2020;Grand Est;Bas-Rhin;18-24 ans;Hommes et Femmes;130.0;125.3;;67;44
2020;Grand Est;Haut-Rhin;18-24 ans;Hommes;22.0;75.4;;68;44
2020;Grand Est;Haut-Rhin;25-44 ans;Femmes;91.0;98.7;;68;44
2020;Grand Est;Haut-Rhin;45-64 ans;Femmes;110.0;101.9;;68;44
2020;Grand Est;Haut-Rhin;65 ans et plus;Femmes;41.0;47.4;;68;44
2020;Grand Est;Haut-Rhin;00-17 ans;Hommes et Femmes;119.0;74.1;;68;44
2020;Grand Est;Haut-Rhin;18-24 ans;Hommes et Femmes;63.0;112.8;;68;44
2020;Auvergne et Rhône-Alpes;Rhône;45-64 ans;Hommes;196.0;92.5;;69;84
2020;Auvergne et Rhône-Alpes;Rhône;Tous;Hommes;681.0;75.1;74.9;69;84
2020;Auvergne et Rhône-Alpes;Rhône;18-24 ans;Femmes;214.0;217.8;;69;84
2020;Auvergne et Rhône-Alpes;Rhône;25-44 ans;Femmes;253.0;97.6;;69;84
2020;Auvergne et Rhône-Alpes;Rhône;Tous;Femmes;1122.0;114.9;111.5;69;84
2020;Auvergne et Rhône-Alpes;Rhône;18-24 ans;Hommes et Femmes;309.0;161.0;;69;84
2020;Auvergne et Rhône-Alpes;Rhône;25-44 ans;Hommes et Femmes;507.0;100.0;;69;84
2020;Auvergne et Rhône-Alpes;Rhône;45-64 ans;Hommes et Femmes;503.0;115.4;;69;84
2020;Auvergne et Rhône-Alpes;Rhône;65 ans et plus;Hommes et Femmes;212.0;65.2;;69;84
2020;Bourgogne et Franche-Comté;Haute-Saône;18-24 ans;Hommes;18.0;217.7;;70;27
2020;Bourgogne et Franche-Comté;Haute-Saône;25-44 ans;Hommes;47.0;190.4;;70;27
2020;Bourgogne et Franche-Comté;Haute-Saône;65 ans et plus;Hommes;23.0;93.8;;70;27
2020;Bourgogne et Franche-Comté;Haute-Saône;Tous;Hommes;146.0;126.5;129.7;70;27
2020;Bourgogne et Franche-Comté;Haute-Saône;45-64 ans;Femmes;99.0;297.0;;70;27
2020;Bourgogne et Franche-Comté;Haute-Saône;Tous;Femmes;260.0;218.2;221.5;70;27
2020;Bourgogne et Franche-Comté;Haute-Saône;25-44 ans;Hommes et Femmes;108.0;217.7;;70;27
2020;Bourgogne et Franche-Comté;Haute-Saône;Tous;Hommes et Femmes;406.0;173.1;177.0;70;27
2020;Bourgogne et Franche-Comté;Saône-et-Loire;00-17 ans;Hommes;24.0;43.4;;71;27
2020;Bourgogne et Franche-Comté;Saône-et-Loire;25-44 ans;Hommes;125.0;224.0;;71;27
2020;Bourgogne et Franche-Comté;Saône-et-Loire;65 ans et plus;Hommes;40.0;63.2;;71;27
2020;Bourgogne et Franche-Comté;Saône-et-Loire;25-44 ans;Femmes;128.0;229.0;;71;27
2020;Bourgogne et Franche-Comté;Saône-et-Loire;Tous;Femmes;539.0;190.4;201.2;71;27
2020;Bourgogne et Franche-Comté;Saône-et-Loire;18-24 ans;Hommes et Femmes;110.0;311.6;;71;27
2020;Bourgogne et Franche-Comté;Saône-et-Loire;25-44 ans;Hommes et Femmes;253.0;226.5;;71;27
2020;Bourgogne et Franche-Comté;Saône-et-Loire;65 ans et plus;Hommes et Femmes;118.0;81.3;;71;27
2020;Pays de la Loire;Sarthe;00-17 ans;Hommes;15.0;23.7;;72;52
2020;Pays de la Loire;Sarthe;18-24 ans;Hommes;24.0;103.8;;72;52
2020;Pays de la Loire;Sarthe;Tous;Hommes;188.0;68.1;69.5;72;52
2020;Pays de la Loire;Sarthe;65 ans et plus;Femmes;37.0;51.5;;72;52
2020;Pays de la Loire;Sarthe;18-24 ans;Hommes et Femmes;44.0;99.8;;72;52
2020;Pays de la Loire;Sarthe;25-44 ans;Hommes et Femmes;127.0;103.2;;72;52
2020;Pays de la Loire;Sarthe;45-64 ans;Hommes et Femmes;138.0;92.5;;72;52
2020;Pays de la Loire;Sarthe;65 ans et plus;Hommes et Femmes;71.0;55.8;;72;52
2020;Pays de la Loire;Sarthe;Tous;Hommes et Femmes;471.0;83.1;84.0;72;52
2020;Auvergne et Rhône-Alpes;Savoie;18-24 ans;Hommes;17.0;99.2;;73;84
2020;Auvergne et Rhône-Alpes;Savoie;Tous;Hommes;165.0;76.5;76.9;73;84
2020;Auvergne et Rhône-Alpes;Savoie;Tous;Femmes;274.0;122.3;124.0;73;84
2020;Auvergne et Rhône-Alpes;Savoie;18-24 ans;Hommes et Femmes;58.0;180.1;;73;84
2020;Auvergne et Rhône-Alpes;Savoie;Tous;Hommes et Femmes;439.0;99.8;101.2;73;84
2020;Auvergne et Rhône-Alpes;Haute-Savoie;45-64 ans;Hommes;100.0;93.2;;74;84
2020;Auvergne et Rhône-Alpes;Haute-Savoie;Tous;Hommes;312.0;76.0;75.1;74;84
2020;Auvergne et Rhône-Alpes;Haute-Savoie;18-24 ans;Femmes;83.0;309.4;;74;84
2020;Auvergne et Rhône-Alpes;Haute-Savoie;25-44 ans;Femmes;135.0;117.8;;74;84
2020;Auvergne et Rhône-Alpes;Haute-Savoie;45-64 ans;Femmes;153.0;138.8;;74;84
2020;Auvergne et Rhône-Alpes;Haute-Savoie;Tous;Femmes;517.0;121.8;122.2;74;84
2020;Auvergne et Rhône-Alpes;Haute-Savoie;25-44 ans;Hommes et Femmes;258.0;113.4;;74;84
2020;Auvergne et Rhône-Alpes;Haute-Savoie;65 ans et plus;Hommes et Femmes;76.0;52.6;;74;84
2020;Auvergne et Rhône-Alpes;Haute-Savoie;Tous;Hommes et Femmes;829.0;99.3;99.4;74;84
2020;Île-de-France;Paris;00-17 ans;Hommes;27.0;15.0;;75;11
2020;Île-de-France;Paris;18-24 ans;Hommes;67.0;71.6;;75;11
2020;Île-de-France;Paris;45-64 ans;Hommes;169.0;69.0;;75;11
2020;Île-de-France;Paris;18-24 ans;Femmes;100.0;88.0;;75;11
2020;Île-de-France;Paris;25-44 ans;Hommes et Femmes;356.0;51.1;;75;11
2020;Normandie;Seine-Maritime;18-24 ans;Hommes;126.0;228.1;;76;28
2020;Normandie;Seine-Maritime;65 ans et plus;Hommes;68.0;62.9;;76;28
2020;Normandie;Seine-Maritime;00-17 ans;Femmes;377.0;284.6;;76;28
2020;Normandie;Seine-Maritime;25-44 ans;Femmes;361.0;240.6;;76;28
2020;Normandie;Seine-Maritime;45-64 ans;Femmes;357.0;216.1;;76;28
2020;Normandie;Seine-Maritime;00-17 ans;Hommes et Femmes;463.0;170.4;;76;28
2020;Normandie;Seine-Maritime;Tous;Hommes et Femmes;2417.0;192.6;191.5;76;28
2020;Île-de-France;Seine-et-Marne;18-24 ans;Hommes;40.0;64.8;;77;11
2020;Île-de-France;Seine-et-Marne;25-44 ans;Hommes;166.0;93.1;;77;11
2020;Île-de-France;Seine-et-Marne;65 ans et plus;Hommes;53.0;55.7;;77;11
2020;Île-de-France;Seine-et-Marne;00-17 ans;Femmes;181.0;105.0;;77;11
2020;Île-de-France;Seine-et-Marne;18-24 ans;Hommes et Femmes;131.0;107.9;;77;11
2020;Île-de-France;Seine-et-Marne;45-64 ans;Hommes et Femmes;376.0;102.4;;77;11
2020;Île-de-France;Yvelines;00-17 ans;Hommes;55.0;30.6;;78;11
2020;Île-de-France;Yvelines;45-64 ans;Hommes;139.0;75.8;;78;11
2020;Île-de-France;Yvelines;65 ans et plus;Hommes;39.0;36.9;;78;11
2020;Île-de-France;Yvelines;Tous;Hommes;410.0;58.1;58.2;78;11
2020;Île-de-France;Yvelines;18-24 ans;Femmes;125.0;220.5;;78;11
2020;Île-de-France;Yvelines;25-44 ans;Femmes;194.0;104.3;;78;11
2020;Île-de-France;Yvelines;45-64 ans;Femmes;235.0;122.1;;78;11
2020;Nouvelle Aquitaine;Deux-Sèvres;45-64 ans;Hommes;65.0;127.2;;79;75
2020;Nouvelle Aquitaine;Deux-Sèvres;00-17 ans;Femmes;38.0;99.9;;79;75
2020;Nouvelle Aquitaine;Deux-Sèvres;65 ans et plus;Femmes;34.0;69.0;;79;75
2020;Nouvelle Aquitaine;Deux-Sèvres;25-44 ans;Hommes et Femmes;164.0;204.6;;79;75
2020;Nouvelle Aquitaine;Deux-Sèvres;65 ans et plus;Hommes et Femmes;58.0;65.5;;79;75
2020;Nouvelle Aquitaine;Deux-Sèvres;Tous;Hommes et Femmes;492.0;131.4;137.4;79;75
2020;Hauts-de-France;Somme;18-24 ans;Hommes;82.0;315.3;;80;32
2020;Hauts-de-France;Somme;25-44 ans;Femmes;243.0;364.0;;80;32
2020;Hauts-de-France;Somme;65 ans et plus;Femmes;88.0;132.2;;80;32
2020;Hauts-de-France;Somme;25-44 ans;Hommes et Femmes;567.0;428.1;;80;32
2020;Hauts-de-France;Somme;45-64 ans;Hommes et Femmes;593.0;404.6;;80;32
2020;Occitanie;Tarn;00-17 ans;Hommes;7.0;17.7;;81;76
2020;Occitanie;Tarn;18-24 ans;Hommes;23.0;164.9;;81;76
2020;Occitanie;Tarn;45-64 ans;Hommes;55.0;105.3;;81;76
2020;Occitanie;Tarn;65 ans et plus;Hommes;26.0;59.2;;81;76
2020;Occitanie;Tarn;00-17 ans;Femmes;37.0;99.2;;81;76
2020;Occitanie;Tarn;45-64 ans;Femmes;109.0;198.8;;81;76
2020;Occitanie;Tarn;18-24 ans;Hommes et Femmes;70.0;264.5;;81;76
2020;Occitanie;Tarn;25-44 ans;Hommes et Femmes;147.0;183.4;;81;76
2020;Occitanie;Tarn-et-Garonne;00-17 ans;Hommes;2.5;8.4;;82;76
2020;Occitanie;Tarn-et-Garonne;65 ans et plus;Femmes;27.0;82.5;;82;76
2020;Occitanie;Tarn-et-Garonne;Tous;Femmes;281.0;209.7;214.1;82;76
2020;Occitanie;Tarn-et-Garonne;00-17 ans;Hommes et Femmes;31.5;54.7;;82;76
2020;Occitanie;Tarn-et-Garonne;18-24 ans;Hommes et Femmes;52.0;301.6;;82;76
2020;Provence-Alpes-Côte d'Azur;Var;45-64 ans;Hommes;107.0;77.0;;83;93
2020;Provence-Alpes-Côte d'Azur;Var;Tous;Hommes;368.0;70.6;72.6;83;93
2020;Provence-Alpes-Côte d'Azur;Var;00-17 ans;Femmes;96.0;98.5;;83;93
2020;Provence-Alpes-Côte d'Azur;Var;Tous;Hommes et Femmes;1139.0;105.0;106.8;83;93
2020;Provence-Alpes-Côte d'Azur;Vaucluse;00-17 ans;Femmes;60.0;103.0;;84;93
2020;Provence-Alpes-Côte d'Azur;Vaucluse;18-24 ans;Femmes;30.0;157.2;;84;93
2020;Provence-Alpes-Côte d'Azur;Vaucluse;25-44 ans;Hommes et Femmes;165.0;131.6;;84;93
2020;Pays de la Loire;Vendée;18-24 ans;Hommes;34.0;147.2;;85;52
2020;Pays de la Loire;Vendée;18-24 ans;Femmes;67.0;326.1;;85;52
2020;Pays de la Loire;Vendée;45-64 ans;Femmes;150.0;160.9;;85;52
2020;Pays de la Loire;Vendée;65 ans et plus;Femmes;64.0;66.2;;85;52
2020;Pays de la Loire;Vendée;Tous;Femmes;534.0;150.8;157.2;85;52
2020;Pays de la Loire;Vendée;45-64 ans;Hommes et Femmes;251.0;136.6;;85;52
2020;Nouvelle Aquitaine;Vienne;00-17 ans;Hommes;10.0;22.0;;86;75
2020;Nouvelle Aquitaine;Vienne;18-24 ans;Hommes;20.0;97.8;;86;75
2020;Nouvelle Aquitaine;Vienne;45-64 ans;Femmes;71.0;123.7;;86;75
2020;Nouvelle Aquitaine;Vienne;65 ans et plus;Femmes;38.0;69.0;;86;75
2020;Nouvelle Aquitaine;Haute-Vienne;18-24 ans;Hommes;18.0;119.5;;87;75
2020;Nouvelle Aquitaine;Haute-Vienne;25-44 ans;Hommes;69.0;176.8;;87;75
2020;Nouvelle Aquitaine;Haute-Vienne;45-64 ans;Hommes;68.0;141.4;;87;75
2020;Nouvelle Aquitaine;Haute-Vienne;18-24 ans;Femmes;53.0;328.2;;87;75
2020;Nouvelle Aquitaine;Haute-Vienne;65 ans et plus;Femmes;30.0;56.0;;87;75
2020;Nouvelle Aquitaine;Haute-Vienne;Tous;Femmes;304.0;156.3;160.5;87;75
2020;Nouvelle Aquitaine;Haute-Vienne;25-44 ans;Hommes et Femmes;129.0;163.0;;87;75
2020;Nouvelle Aquitaine;Haute-Vienne;45-64 ans;Hommes et Femmes;158.0;160.0;;87;75
2020;Nouvelle Aquitaine;Haute-Vienne;Tous;Hommes et Femmes;503.0;135.2;138.0;87;75
2020;Grand Est;Vosges;18-24 ans;Femmes;53.0;459.9;;88;44
2020;Grand Est;Vosges;45-64 ans;Femmes;120.0;233.8;;88;44
2020;Grand Est;Vosges;Tous;Femmes;409.0;220.0;231.3;88;44
2020;Grand Est;Vosges;25-44 ans;Hommes et Femmes;226.0;298.5;;88;44
2020;Grand Est;Vosges;45-64 ans;Hommes et Femmes;196.0;192.8;;88;44
2020;Grand Est;Vosges;65 ans et plus;Hommes et Femmes;68.0;75.9;;88;44
2020;Grand Est;Vosges;Tous;Hommes et Femmes;708.0;195.4;205.6;88;44
2020;Bourgogne et Franche-Comté;Yonne;18-24 ans;Hommes;19.0;168.3;;89;27
2020;Bourgogne et Franche-Comté;Yonne;Tous;Hommes;153.0;94.0;97.1;89;27
2020;Bourgogne et Franche-Comté;Yonne;00-17 ans;Femmes;61.0;182.7;;89;27
2020;Bourgogne et Franche-Comté;Yonne;45-64 ans;Femmes;78.0;168.7;;89;27
2020;Bourgogne et Franche-Comté;Yonne;Tous;Femmes;261.0;152.3;161.1;89;27
2020;Bourgogne et Franche-Comté;Yonne;25-44 ans;Hommes et Femmes;106.0;150.1;;89;27
2020;Bourgogne et Franche-Comté;Yonne;65 ans et plus;Hommes et Femmes;55.0;66.3;;89;27
2020;Bourgogne et Franche-Comté;Yonne;Tous;Hommes et Femmes;414.0;123.9;130.0;89;27
2020;Bourgogne et Franche-Comté;Territoire de Belfort;18-24 ans;Hommes;2.5;35.8;;90;27
2020;Bourgogne et Franche-Comté;Territoire de Belfort;45-64 ans;Femmes;37.0;197.9;;90;27
2020;Bourgogne et Franche-Comté;Territoire de Belfort;65 ans et plus;Femmes;11.0;67.6;;90;27
2020;Bourgogne et Franche-Comté;Territoire de Belfort;Tous;Femmes;98.0;138.9;139.9;90;27
2020;Bourgogne et Franche-Comté;Territoire de Belfort;Tous;Hommes et Femmes;176.0;125.6;126.8;90;27
2020;Île-de-France;Essonne;25-44 ans;Hommes;159.0;96.3;;91;11
2020;Île-de-France;Essonne;00-17 ans;Femmes;139.0;88.8;;91;11
2020;Île-de-France;Essonne;18-24 ans;Femmes;100.0;181.6;;91;11
2020;Île-de-France;Essonne;45-64 ans;Femmes;192.0;115.4;;91;11
2020;Île-de-France;Essonne;00-17 ans;Hommes et Femmes;166.0;52.0;;91;11
2020;Île-de-France;Essonne;18-24 ans;Hommes et Femmes;161.0;138.9;;91;11
2020;Île-de-France;Essonne;25-44 ans;Hommes et Femmes;322.0;95.2;;91;11
2020;Île-de-France;Essonne;45-64 ans;Hommes et Femmes;318.0;96.5;;91;11
2020;Île-de-France;Essonne;65 ans et plus;Hommes et Femmes;119.0;58.6;;91;11
2020;Île-de-France;Essonne;Tous;Hommes et Femmes;1086.0;83.1;82.4;91;11
2020;Île-de-France;Hauts-de-Seine;18-24 ans;Hommes;40.0;58.3;;92;11
2020;Île-de-France;Hauts-de-Seine;00-17 ans;Femmes;126.0;70.9;;92;11
2020;Île-de-France;Hauts-de-Seine;18-24 ans;Hommes et Femmes;156.0;113.1;;92;11
2020;Île-de-France;Hauts-de-Seine;Tous;Hommes et Femmes;991.0;60.9;60.4;92;11
2020;Île-de-France;Seine-Saint-Denis;45-64 ans;Hommes;102.0;53.2;;93;11
2020;Île-de-France;Seine-Saint-Denis;Tous;Hommes;348.0;42.6;44.6;93;11
2020;Île-de-France;Seine-Saint-Denis;18-24 ans;Femmes;107.0;145.7;;93;11
2020;Île-de-France;Seine-Saint-Denis;65 ans et plus;Femmes;50.0;44.3;;93;11
2020;Île-de-France;Seine-Saint-Denis;Tous;Femmes;529.0;63.0;61.2;93;11
2020;Île-de-France;Seine-Saint-Denis;Tous;Hommes et Femmes;877.0;53.0;53.2;93;11
2020;Île-de-France;Val-de-Marne;00-17 ans;Hommes;26.0;15.7;;94;11
2020;Île-de-France;Val-de-Marne;18-24 ans;Hommes;37.0;58.1;;94;11
2020;Île-de-France;Val-de-Marne;65 ans et plus;Hommes;41.0;45.4;;94;11
2020;Île-de-France;Val-de-Marne;25-44 ans;Femmes;163.0;79.9;;94;11
2020;Île-de-France;Val-de-Marne;25-44 ans;Hommes et Femmes;275.0;69.7;;94;11
2020;Île-de-France;Val-d'Oise;18-24 ans;Femmes;95.0;174.7;;95;11
2020;Île-de-France;Val-d'Oise;Tous;Femmes;591.0;92.0;91.0;95;11
2020;Île-de-France;Val-d'Oise;Tous;Hommes et Femmes;886.0;70.8;70.7;95;11
2020;Guadeloupe;Guadeloupe;00-17 ans;Hommes;2.5;5.9;;971;01
2020;Guadeloupe;Guadeloupe;Tous;Hommes;41.5;23.7;26.5;971;01
2020;Guadeloupe;Guadeloupe;65 ans et plus;Femmes;6.0;13.6;;971;01
2020;Guadeloupe;Guadeloupe;Tous;Femmes;35.5;17.0;17.8;971;01
2020;Guadeloupe;Guadeloupe;00-17 ans;Hommes et Femmes;13.5;16.2;;971;01
2020;Guadeloupe;Guadeloupe;18-24 ans;Hommes et Femmes;8.5;29.8;;971;01
2020;Guadeloupe;Guadeloupe;25-44 ans;Hommes et Femmes;21.0;27.4;;971;01
2020;Guadeloupe;Guadeloupe;45-64 ans;Hommes et Femmes;20.0;17.1;;971;01
2020;Guadeloupe;Guadeloupe;65 ans et plus;Hommes et Femmes;14.0;18.0;;971;01
2020;Guadeloupe;Guadeloupe;Tous;Hommes et Femmes;80.0;20.9;22.0;971;01
2020;Martinique;Martinique;00-17 ans;Hommes;14.0;39.2;;972;02
2020;Martinique;Martinique;18-24 ans;Hommes;8.0;61.6;;972;02
2020;Martinique;Martinique;45-64 ans;Hommes;71.0;136.9;;972;02
2020;Martinique;Martinique;65 ans et plus;Hommes;30.0;87.5;;972;02
2020;Martinique;Martinique;45-64 ans;Hommes et Femmes;101.0;87.5;;972;02
2020;Martinique;Martinique;Tous;Hommes et Femmes;257.0;71.1;71.8;972;02
2020;Guyane;Guyane;00-17 ans;Hommes;8.0;14.7;;973;03
2020;Guyane;Guyane;18-24 ans;Hommes;8.0;54.0;;973;03
2020;Guyane;Guyane;25-44 ans;Hommes;20.0;56.6;;973;03
2020;Guyane;Guyane;65 ans et plus;Hommes;2.5;30.4;;973;03
2020;Guyane;Guyane;00-17 ans;Femmes;45.0;82.9;;973;03
2020;Guyane;Guyane;18-24 ans;Femmes;33.0;214.9;;973;03
2020;Guyane;Guyane;65 ans et plus;Femmes;2.5;27.5;;973;03
2020;Guyane;Guyane;Tous;Femmes;121.5;82.8;63.5;973;03
2020;Guyane;Guyane;25-44 ans;Hommes et Femmes;50.0;65.7;;973;03
2020;Guyane;Guyane;45-64 ans;Hommes et Femmes;24.0;45.4;;973;03
2020;Guyane;Guyane;65 ans et plus;Hommes et Femmes;5.0;28.9;;973;03
2020;Réunion;Réunion;25-44 ans;Hommes;164.0;170.9;;974;04
2020;Réunion;Réunion;45-64 ans;Hommes;149.0;133.2;;974;04
2020;Réunion;Réunion;65 ans et plus;Hommes;28.0;57.4;;974;04
2020;Réunion;Réunion;45-64 ans;Femmes;148.0;122.6;;974;04
2020;Réunion;Réunion;65 ans et plus;Femmes;42.0;67.5;;974;04
2020;Réunion;Réunion;25-44 ans;Hommes et Femmes;363.0;171.2;;974;04
2020;Mayotte;Mayotte;25-44 ans;Hommes;2.5;8.1;;976;06
2020;Mayotte;Mayotte;45-64 ans;Hommes;2.5;15.0;;976;06
2020;Mayotte;Mayotte;65 ans et plus;Hommes;0.0;0.0;;976;06
2020;Mayotte;Mayotte;65 ans et plus;Femmes;0.0;0.0;;976;06
2020;Mayotte;Mayotte;Tous;Femmes;9.0;6.1;4.7;976;06
2020;Saint-Barthélemy;Saint-Barthélemy;18-24 ans;Hommes;0.0;;;977;977
2020;Saint-Barthélemy;Saint-Barthélemy;Tous;Hommes;5.0;;;977;977
2020;Saint-Barthélemy;Saint-Barthélemy;65 ans et plus;Femmes;0.0;;;977;977
2020;Saint-Barthélemy;Saint-Barthélemy;Tous;Femmes;5.0;;;977;977
2020;Saint-Barthélemy;Saint-Barthélemy;00-17 ans;Hommes et Femmes;0.0;;;977;977
2020;Saint-Barthélemy;Saint-Barthélemy;25-44 ans;Hommes et Femmes;5.0;;;977;977
2020;Grand Est;Aube;18-24 ans;Hommes;17.0;127.0;;10;44
2020;Grand Est;Aube;00-17 ans;Femmes;67.0;202.3;;10;44
2020;Grand Est;Aube;25-44 ans;Femmes;74.0;206.4;;10;44
2020;Grand Est;Aube;45-64 ans;Femmes;79.0;195.8;;10;44
2020;Grand Est;Aube;65 ans et plus;Femmes;28.0;71.8;;10;44
2020;Grand Est;Aube;45-64 ans;Hommes et Femmes;139.0;175.5;;10;44
2020;Occitanie;Aude;00-17 ans;Hommes;10.0;27.0;;11;76
2020;Occitanie;Aude;00-17 ans;Femmes;48.0;137.0;;11;76
2020;Occitanie;Aude;25-44 ans;Femmes;63.0;161.4;;11;76
2020;Occitanie;Aude;65 ans et plus;Femmes;29.0;51.8;;11;76
2020;Occitanie;Aude;Tous;Hommes et Femmes;377.0;100.5;107.2;11;76
2020;Occitanie;Aveyron;65 ans et plus;Hommes;13.0;37.3;;12;76
2020;Occitanie;Aveyron;Tous;Hommes;101.0;73.1;76.1;12;76
2020;Occitanie;Aveyron;00-17 ans;Femmes;12.0;48.9;;12;76
2020;Occitanie;Aveyron;18-24 ans;Femmes;15.0;194.8;;12;76
2020;Occitanie;Aveyron;00-17 ans;Hommes et Femmes;17.0;33.5;;12;76
2020;Occitanie;Aveyron;25-44 ans;Hommes et Femmes;75.0;134.3;;12;76
2020;Provence-Alpes-Côte d'Azur;Bouches-du-Rhône;18-24 ans;Hommes;65.0;75.7;;13;93
2020;Provence-Alpes-Côte d'Azur;Bouches-du-Rhône;25-44 ans;Hommes;200.0;83.7;;13;93
2020;Provence-Alpes-Côte d'Azur;Bouches-du-Rhône;45-64 ans;Hommes;196.0;78.3;;13;93
2020;Provence-Alpes-Côte d'Azur;Bouches-du-Rhône;25-44 ans;Femmes;221.0;86.1;;13;93
2020;Provence-Alpes-Côte d'Azur;Bouches-du-Rhône;65 ans et plus;Femmes;159.0;65.0;;13;93
2020;Normandie;Calvados;00-17 ans;Femmes;105.0;149.7;;14;28
2020;Normandie;Calvados;18-24 ans;Femmes;107.0;350.2;;14;28
2020;Normandie;Calvados;25-44 ans;Femmes;144.0;180.4;;14;28
2020;Normandie;Calvados;45-64 ans;Femmes;176.0;190.2;;14;28
2020;Normandie;Calvados;65 ans et plus;Femmes;57.0;64.0;;14;28
2020;Normandie;Calvados;Tous;Hommes et Femmes;1018.0;145.9;146.4;14;28
2020;Auvergne et Rhône-Alpes;Cantal;25-44 ans;Hommes;2.5;17.5;;15;84
2020;Auvergne et Rhône-Alpes;Cantal;45-64 ans;Hommes;17.0;80.4;;15;84
2020;Auvergne et Rhône-Alpes;Cantal;65 ans et plus;Hommes;2.5;13.8;;15;84
2020;Auvergne et Rhône-Alpes;Cantal;25-44 ans;Femmes;10.0;71.7;;15;84
2020;Nouvelle Aquitaine;Charente;18-24 ans;Hommes;22.0;177.0;;16;75
2020;Nouvelle Aquitaine;Charente;45-64 ans;Hommes;93.0;194.0;;16;75
2020;Nouvelle Aquitaine;Charente;65 ans et plus;Hommes;38.0;96.2;;16;75
2020;Nouvelle Aquitaine;Charente;00-17 ans;Femmes;31.0;96.9;;16;75
2020;Nouvelle Aquitaine;Charente;18-24 ans;Femmes;37.0;335.0;;16;75
2020;Nouvelle Aquitaine;Charente;65 ans et plus;Femmes;53.0;104.3;;16;75
2020;Nouvelle Aquitaine;Charente;65 ans et plus;Hommes et Femmes;91.0;100.8;;16;75
2020;Nouvelle Aquitaine;Charente-Maritime;45-64 ans;Hommes;153.0;177.9;;17;75
2020;Nouvelle Aquitaine;Charente-Maritime;18-24 ans;Femmes;69.0;341.9;;17;75
2020;Nouvelle Aquitaine;Charente-Maritime;Tous;Hommes et Femmes;1059.0;161.5;168.8;17;75
2020;Centre-Val de Loire;Cher;18-24 ans;Hommes;9.0;85.9;;18;24
2020;Centre-Val de Loire;Cher;45-64 ans;Hommes;38.0;93.5;;18;24
2020;Centre-Val de Loire;Cher;65 ans et plus;Femmes;28.0;62.8;;18;24
2020;Centre-Val de Loire;Cher;18-24 ans;Hommes et Femmes;33.0;168.3;;18;24
2020;Centre-Val de Loire;Cher;25-44 ans;Hommes et Femmes;90.0;146.3;;18;24
2020;Centre-Val de Loire;Cher;65 ans et plus;Hommes et Femmes;49.0;61.9;;18;24
2020;Nouvelle Aquitaine;Corrèze;65 ans et plus;Hommes;20.0;69.4;;19;75
2020;Nouvelle Aquitaine;Corrèze;Tous;Hommes;134.0;115.1;117.7;19;75
2020;Nouvelle Aquitaine;Corrèze;00-17 ans;Femmes;37.0;181.1;;19;75
2020;Nouvelle Aquitaine;Corrèze;18-24 ans;Femmes;24.0;337.5;;19;75
2020;Nouvelle Aquitaine;Corrèze;25-44 ans;Femmes;35.0;148.3;;19;75
2020;Nouvelle Aquitaine;Corrèze;45-64 ans;Hommes et Femmes;106.0;159.5;;19;75
2020;Nouvelle Aquitaine;Corrèze;65 ans et plus;Hommes et Femmes;52.0;77.8;;19;75
2020;Nouvelle Aquitaine;Corrèze;Tous;Hommes et Femmes;321.0;134.2;140.2;19;75
2020;Bourgogne et Franche-Comté;Côte-d'Or;18-24 ans;Hommes;27.0;106.3;;21;27
2020;Bourgogne et Franche-Comté;Côte-d'Or;25-44 ans;Femmes;125.0;199.5;;21;27
2020;Bourgogne et Franche-Comté;Côte-d'Or;18-24 ans;Hommes et Femmes;110.0;213.1;;21;27
2020;Bourgogne et Franche-Comté;Côte-d'Or;25-44 ans;Hommes et Femmes;236.0;188.9;;21;27
2020;Bourgogne et Franche-Comté;Côte-d'Or;45-64 ans;Hommes et Femmes;195.0;141.1;;21;27
2020;Bourgogne et Franche-Comté;Côte-d'Or;65 ans et plus;Hommes et Femmes;88.0;76.9;;21;27
2020;Bretagne;Côtes-d'Armor;00-17 ans;Hommes;35.0;56.5;;22;53
2020;Bretagne;Côtes-d'Armor;18-24 ans;Hommes;54.0;257.6;;22;53
2020;Bretagne;Côtes-d'Armor;65 ans et plus;Hommes;61.0;88.9;;22;53
2020;Bretagne;Côtes-d'Armor;00-17 ans;Femmes;138.0;231.4;;22;53
2020;Bretagne;Côtes-d'Armor;65 ans et plus;Femmes;97.0;106.9;;22;53
2020;Bretagne;Côtes-d'Armor;Tous;Femmes;781.0;250.3;265.2;22;53
2020;Bretagne;Côtes-d'Armor;00-17 ans;Hommes et Femmes;173.0;142.3;;22;53
2020;Nouvelle Aquitaine;Creuse;00-17 ans;Hommes;2.5;26.1;;23;75
2020;Nouvelle Aquitaine;Creuse;65 ans et plus;Hommes;12.0;76.3;;23;75
2020;Nouvelle Aquitaine;Creuse;25-44 ans;Femmes;19.0;184.3;;23;75
2020;Nouvelle Aquitaine;Creuse;00-17 ans;Hommes et Femmes;17.5;92.6;;23;75
2020;Nouvelle Aquitaine;Creuse;18-24 ans;Hommes et Femmes;13.5;207.5;;23;75
2020;Nouvelle Aquitaine;Creuse;25-44 ans;Hommes et Femmes;42.0;201.3;;23;75
2020;Nouvelle Aquitaine;Creuse;65 ans et plus;Hommes et Femmes;24.0;67.3;;23;75
2020;Nouvelle Aquitaine;Creuse;Tous;Hommes et Femmes;154.0;132.8;143.4;23;75
2020;Nouvelle Aquitaine;Dordogne;45-64 ans;Hommes;91.0;157.6;;24;75
2020;Nouvelle Aquitaine;Dordogne;25-44 ans;Femmes;82.0;207.7;;24;75
2020;Nouvelle Aquitaine;Dordogne;Tous;Femmes;373.0;174.4;185.6;24;75
2020;Nouvelle Aquitaine;Dordogne;18-24 ans;Hommes et Femmes;56.0;234.4;;24;75
2020;Bourgogne et Franche-Comté;Doubs;00-17 ans;Hommes;6.0;9.7;;25;27
2020;Bourgogne et Franche-Comté;Doubs;65 ans et plus;Hommes;19.0;39.9;;25;27
2020;Bourgogne et Franche-Comté;Doubs;65 ans et plus;Femmes;36.0;58.9;;25;27
2020;Bourgogne et Franche-Comté;Doubs;65 ans et plus;Hommes et Femmes;55.0;50.6;;25;27
2020;Bourgogne et Franche-Comté;Doubs;Tous;Hommes et Femmes;699.0;128.2;127.7;25;27
2020;Auvergne et Rhône-Alpes;Drôme;45-64 ans;Hommes;60.0;89.7;;26;84
2020;Auvergne et Rhône-Alpes;Drôme;65 ans et plus;Hommes;21.0;41.4;;26;84
2020;Auvergne et Rhône-Alpes;Drôme;00-17 ans;Hommes et Femmes;75.0;66.8;;26;84
2020;Auvergne et Rhône-Alpes;Drôme;45-64 ans;Hommes et Femmes;159.0;115.9;;26;84
2020;Normandie;Eure;45-64 ans;Hommes;103.0;129.9;;27;28
2020;Normandie;Eure;Tous;Hommes;295.0;101.0;103.0;27;28
2020;Normandie;Eure;00-17 ans;Femmes;99.0;144.8;;27;28
2020;Normandie;Eure;18-24 ans;Femmes;75.0;382.2;;27;28
2020;Normandie;Eure;45-64 ans;Femmes;160.0;195.6;;27;28
2020;Normandie;Eure;65 ans et plus;Femmes;57.0;85.6;;27;28
2020;Normandie;Eure;Tous;Femmes;509.0;165.4;167.3;27;28
2020;Normandie;Eure;Tous;Hommes et Femmes;804.0;134.1;136.1;27;28
2020;Centre-Val de Loire;Eure-et-Loir;Tous;Hommes;246.0;116.6;119.0;28;24
2020;Bretagne;Finistère;00-17 ans;Hommes;50.0;53.8;;29;53
2020;Bretagne;Finistère;45-64 ans;Hommes;226.0;182.1;;29;53
2020;Bretagne;Finistère;Tous;Hommes;713.0;159.9;162.8;29;53
2020;Bretagne;Finistère;00-17 ans;Femmes;165.0;187.1;;29;53
2020;Bretagne;Finistère;Tous;Femmes;983.0;208.5;213.5;29;53
2020;Bretagne;Finistère;18-24 ans;Hommes et Femmes;202.0;288.5;;29;53
2020;Bretagne;Finistère;65 ans et plus;Hommes et Femmes;163.0;74.9;;29;53
2020;Bretagne;Finistère;Tous;Hommes et Femmes;1696.0;184.9;188.9;29;53
2020;Occitanie;Gard;25-44 ans;Hommes;105.0;134.9;;30;76
2020;Occitanie;Gard;65 ans et plus;Hommes;47.0;60.1;;30;76
2020;Occitanie;Gard;Tous;Hommes;303.0;83.7;85.7;30;76
2020;Occitanie;Gard;00-17 ans;Femmes;88.0;117.3;;30;76
2020;Occitanie;Gard;18-24 ans;Hommes et Femmes;115.0;208.8;;30;76
2020;Occitanie;Gard;25-44 ans;Hommes et Femmes;221.0;137.8;;30;76
2020;Occitanie;Haute-Garonne;00-17 ans;Hommes;19.0;12.6;;31;76
2020;Occitanie;Haute-Garonne;18-24 ans;Hommes;39.0;55.1;;31;76
2020;Occitanie;Haute-Garonne;25-44 ans;Hommes;133.0;68.3;;31;76
2020;Occitanie;Haute-Garonne;65 ans et plus;Hommes;35.0;34.1;;31;76
2020;Occitanie;Haute-Garonne;Tous;Hommes;312.0;45.3;43.8;31;76
2020;Occitanie;Haute-Garonne;45-64 ans;Femmes;152.0;86.1;;31;76
2020;Occitanie;Haute-Garonne;18-24 ans;Hommes et Femmes;126.0;87.7;;31;76
2020;Occitanie;Haute-Garonne;25-44 ans;Hommes et Femmes;295.0;75.7;;31;76
2020;Occitanie;Haute-Garonne;65 ans et plus;Hommes et Femmes;110.0;45.9;;31;76
2020;Occitanie;Gers;00-17 ans;Hommes;2.5;13.8;;32;76
2020;Occitanie;Gers;25-44 ans;Femmes;41.0;221.8;;32;76
2020;Nouvelle Aquitaine;Gironde;45-64 ans;Femmes;382.0;176.8;;33;75
2020;Occitanie;Hérault;00-17 ans;Hommes;7.0;5.7;;34;76
2020;Occitanie;Hérault;18-24 ans;Hommes;21.0;38.8;;34;76
2020;Occitanie;Hérault;25-44 ans;Hommes;102.0;74.2;;34;76
2020;Occitanie;Hérault;65 ans et plus;Hommes;53.0;46.9;;34;76
2020;Occitanie;Hérault;00-17 ans;Femmes;54.0;45.8;;34;76
2020;Occitanie;Hérault;25-44 ans;Femmes;107.0;73.4;;34;76
2020;Occitanie;Hérault;65 ans et plus;Femmes;79.0;53.5;;34;76
2020;Occitanie;Hérault;00-17 ans;Hommes et Femmes;61.0;25.4;;34;76
2020;Occitanie;Hérault;18-24 ans;Hommes et Femmes;85.0;78.2;;34;76
2020;Occitanie;Hérault;25-44 ans;Hommes et Femmes;209.0;73.8;;34;76
2020;Bretagne;Ille-et-Vilaine;25-44 ans;Hommes;239.0;176.6;;35;53
2020;Bretagne;Ille-et-Vilaine;45-64 ans;Hommes;138.0;102.7;;35;53
2020;Bretagne;Ille-et-Vilaine;65 ans et plus;Hommes;47.0;55.1;;35;53
2020;Bretagne;Ille-et-Vilaine;Tous;Femmes;768.0;137.9;136.0;35;53
2020;Bretagne;Ille-et-Vilaine;00-17 ans;Hommes et Femmes;116.0;47.7;;35;53
2020;Bretagne;Ille-et-Vilaine;18-24 ans;Hommes et Femmes;212.0;203.9;;35;53
2020;Centre-Val de Loire;Indre;25-44 ans;Hommes;39.0;189.0;;36;24
2020;Centre-Val de Loire;Indre;45-64 ans;Hommes;39.0;127.9;;36;24
2020;Centre-Val de Loire;Indre;25-44 ans;Femmes;48.0;229.7;;36;24
2020;Centre-Val de Loire;Indre;45-64 ans;Femmes;62.0;197.9;;36;24
2020;Centre-Val de Loire;Indre;65 ans et plus;Femmes;28.0;79.4;;36;24
2020;Centre-Val de Loire;Indre;65 ans et plus;Hommes et Femmes;46.0;73.6;;36;24
2020;Centre-Val de Loire;Indre-et-Loire;00-17 ans;Hommes;13.0;20.2;;37;24
2020;Centre-Val de Loire;Indre-et-Loire;18-24 ans;Hommes;41.0;156.6;;37;24
2020;Centre-Val de Loire;Indre-et-Loire;25-44 ans;Hommes;112.0;162.6;;37;24
2020;Centre-Val de Loire;Indre-et-Loire;65 ans et plus;Hommes;52.0;89.8;;37;24
2020;Centre-Val de Loire;Indre-et-Loire;Tous;Hommes;326.0;110.7;110.9;37;24
2020;Centre-Val de Loire;Indre-et-Loire;18-24 ans;Femmes;110.0;399.7;;37;24
2020;Centre-Val de Loire;Indre-et-Loire;25-44 ans;Femmes;148.0;208.4;;37;24
2020;Centre-Val de Loire;Indre-et-Loire;18-24 ans;Hommes et Femmes;151.0;281.1;;37;24
2020;Centre-Val de Loire;Indre-et-Loire;25-44 ans;Hommes et Femmes;260.0;185.8;;37;24
2020;Centre-Val de Loire;Indre-et-Loire;45-64 ans;Hommes et Femmes;255.0;161.5;;37;24
2020;Auvergne et Rhône-Alpes;Isère;18-24 ans;Femmes;191.0;362.6;;38;84
2020;Auvergne et Rhône-Alpes;Isère;25-44 ans;Femmes;238.0;153.1;;38;84
2020;Auvergne et Rhône-Alpes;Isère;45-64 ans;Femmes;260.0;156.1;;38;84
2020;Auvergne et Rhône-Alpes;Isère;65 ans et plus;Femmes;112.0;82.9;;38;84
2020;Auvergne et Rhône-Alpes;Isère;18-24 ans;Hommes et Femmes;259.0;234.3;;38;84
2020;Auvergne et Rhône-Alpes;Isère;45-64 ans;Hommes et Femmes;408.0;123.9;;38;84
2020;Bourgogne et Franche-Comté;Jura;45-64 ans;Hommes;59.0;167.4;;39;27
2020;Bourgogne et Franche-Comté;Jura;65 ans et plus;Hommes;17.0;62.0;;39;27
2020;Bourgogne et Franche-Comté;Jura;00-17 ans;Femmes;48.0;186.4;;39;27
2020;Bourgogne et Franche-Comté;Jura;45-64 ans;Femmes;89.0;247.2;;39;27
2020;Bourgogne et Franche-Comté;Jura;00-17 ans;Hommes et Femmes;63.0;119.8;;39;27
2020;Bourgogne et Franche-Comté;Jura;25-44 ans;Hommes et Femmes;120.0;218.1;;39;27
2020;Bourgogne et Franche-Comté;Jura;65 ans et plus;Hommes et Femmes;39.0;62.5;;39;27
2020;Nouvelle Aquitaine;Landes;00-17 ans;Hommes;9.0;22.0;;40;75
2020;Nouvelle Aquitaine;Landes;Tous;Hommes;148.0;73.0;75.4;40;75
2020;Nouvelle Aquitaine;Landes;25-44 ans;Femmes;69.0;153.9;;40;75
2020;Nouvelle Aquitaine;Landes;45-64 ans;Femmes;83.0;137.9;;40;75
2020;Nouvelle Aquitaine;Landes;Tous;Femmes;258.0;119.9;126.8;40;75
2020;Nouvelle Aquitaine;Landes;Tous;Hommes et Femmes;406.0;97.1;101.9;40;75
2020;Centre-Val de Loire;Loir-et-Cher;00-17 ans;Hommes;19.0;55.2;;41;24
2020;Centre-Val de Loire;Loir-et-Cher;65 ans et plus;Hommes;20.0;54.8;;41;24
2020;Centre-Val de Loire;Loir-et-Cher;Tous;Hommes;124.0;77.5;79.8;41;24
2020;Centre-Val de Loire;Loir-et-Cher;Tous;Femmes;230.0;135.9;139.1;41;24
2020;Centre-Val de Loire;Loir-et-Cher;18-24 ans;Hommes et Femmes;29.0;139.0;;41;24
2020;Centre-Val de Loire;Loir-et-Cher;65 ans et plus;Hommes et Femmes;56.0;67.4;;41;24
2020;Auvergne et Rhône-Alpes;Loire;18-24 ans;Hommes;56.0;173.5;;42;84
2020;Auvergne et Rhône-Alpes;Loire;Tous;Hommes;461.0;123.9;127.5;42;84
2020;Auvergne et Rhône-Alpes;Loire;18-24 ans;Femmes;95.0;312.2;;42;84
2020;Auvergne et Rhône-Alpes;Loire;25-44 ans;Femmes;171.0;199.8;;42;84
2020;Auvergne et Rhône-Alpes;Loire;18-24 ans;Hommes et Femmes;151.0;240.8;;42;84
2020;Auvergne et Rhône-Alpes;Loire;45-64 ans;Hommes et Femmes;378.0;195.1;;42;84
2020;Auvergne et Rhône-Alpes;Loire;65 ans et plus;Hommes et Femmes;130.0;74.2;;42;84
2020;Auvergne et Rhône-Alpes;Loire;Tous;Hommes et Femmes;1118.0;145.5;148.8;42;84
2020;Auvergne et Rhône-Alpes;Haute-Loire;00-17 ans;Hommes;6.0;25.5;;43;84
2020;Auvergne et Rhône-Alpes;Haute-Loire;Tous;Hommes;157.0;140.2;147.6;43;84
2020;Auvergne et Rhône-Alpes;Haute-Loire;00-17 ans;Femmes;23.0;103.6;;43;84
2020;Auvergne et Rhône-Alpes;Haute-Loire;Tous;Femmes;190.0;164.5;170.1;43;84
2020;Auvergne et Rhône-Alpes;Haute-Loire;18-24 ans;Hommes et Femmes;55.0;370.3;;43;84
2020;Auvergne et Rhône-Alpes;Haute-Loire;45-64 ans;Hommes et Femmes;123.0;192.4;;43;84
2020;Auvergne et Rhône-Alpes;Haute-Loire;65 ans et plus;Hommes et Femmes;42.0;74.7;;43;84
2020;Pays de la Loire;Loire-Atlantique;18-24 ans;Hommes;84.0;131.1;;44;52
2020;Pays de la Loire;Loire-Atlantique;25-44 ans;Hommes;249.0;137.0;;44;52
2020;Pays de la Loire;Loire-Atlantique;45-64 ans;Hommes;207.0;117.1;;44;52
2020;Pays de la Loire;Loire-Atlantique;45-64 ans;Femmes;229.0;124.7;;44;52
2020;Pays de la Loire;Loire-Atlantique;Tous;Femmes;761.0;102.5;101.6;44;52
2020;Pays de la Loire;Loire-Atlantique;00-17 ans;Hommes et Femmes;221.0;68.1;;44;52
2020;Pays de la Loire;Loire-Atlantique;Tous;Hommes et Femmes;1431.0;99.0;98.3;44;52
2020;Centre-Val de Loire;Loiret;65 ans et plus;Hommes;47.0;76.8;;45;24
2020;Centre-Val de Loire;Loiret;25-44 ans;Femmes;108.0;132.7;;45;24
2020;Centre-Val de Loire;Loiret;65 ans et plus;Femmes;68.0;86.2;;45;24
2020;Centre-Val de Loire;Loiret;00-17 ans;Hommes et Femmes;94.0;60.7;;45;24
2020;Centre-Val de Loire;Loiret;18-24 ans;Hommes et Femmes;100.0;187.3;;45;24
2020;Centre-Val de Loire;Loiret;45-64 ans;Hommes et Femmes;256.0;146.9;;45;24
2020;Centre-Val de Loire;Loiret;65 ans et plus;Hommes et Femmes;115.0;82.1;;45;24
2020;Occitanie;Lot;65 ans et plus;Hommes;14.0;59.2;;46;76
2020;Occitanie;Lot;Tous;Hommes;109.5;129.0;147.6;46;76
2020;Occitanie;Lot;00-17 ans;Femmes;5.0;34.4;;46;76
2020;Occitanie;Lot;25-44 ans;Femmes;42.0;258.3;;46;76
2020;Occitanie;Lot;65 ans et plus;Femmes;18.0;62.2;;46;76
2020;Occitanie;Lot;Tous;Femmes;143.0;159.3;172.9;46;76
2020;Nouvelle Aquitaine;Lot-et-Garonne;45-64 ans;Hommes;59.0;135.6;;47;75
2020;Nouvelle Aquitaine;Lot-et-Garonne;65 ans et plus;Hommes;24.0;61.3;;47;75
2020;Nouvelle Aquitaine;Lot-et-Garonne;18-24 ans;Hommes et Femmes;43.0;203.0;;47;75
2020;Occitanie;Lozère;25-44 ans;Hommes;11.0;137.8;;48;76
2020;Occitanie;Lozère;00-17 ans;Femmes;2.5;35.8;;48;76
2020;Occitanie;Lozère;18-24 ans;Femmes;13.0;557.7;;48;76
2020;Occitanie;Lozère;25-44 ans;Femmes;10.0;128.1;;48;76
2020;Occitanie;Lozère;45-64 ans;Femmes;20.0;189.0;;48;76
2020;Occitanie;Lozère;Tous;Femmes;53.5;139.4;150.4;48;76
2020;Occitanie;Lozère;18-24 ans;Hommes et Femmes;15.5;306.2;;48;76
2020;Occitanie;Lozère;Tous;Hommes et Femmes;78.5;102.4;110.4;48;76
2020;Pays de la Loire;Maine-et-Loire;00-17 ans;Hommes;34.0;36.0;;49;52
2020;Pays de la Loire;Maine-et-Loire;25-44 ans;Hommes;115.0;123.6;;49;52
2020;Pays de la Loire;Maine-et-Loire;45-64 ans;Hommes;114.0;111.9;;49;52
2020;Pays de la Loire;Maine-et-Loire;25-44 ans;Femmes;112.0;118.7;;49;52
2020;Pays de la Loire;Maine-et-Loire;45-64 ans;Femmes;149.0;142.1;;49;52
2020;Pays de la Loire;Maine-et-Loire;65 ans et plus;Femmes;51.0;53.3;;49;52
2020;Pays de la Loire;Maine-et-Loire;18-24 ans;Hommes et Femmes;147.0;198.7;;49;52
2020;Normandie;Manche;00-17 ans;Hommes;27.0;53.8;;50;28
2020;Normandie;Manche;00-17 ans;Femmes;125.0;262.4;;50;28
2020;Normandie;Manche;45-64 ans;Femmes;129.0;187.6;;50;28
2020;Normandie;Manche;65 ans et plus;Femmes;58.0;82.4;;50;28
2020;Normandie;Manche;25-44 ans;Hommes et Femmes;261.0;250.7;;50;28
2020;Normandie;Manche;65 ans et plus;Hommes et Femmes;92.0;73.9;;50;28
2020;Grand Est;Marne;25-44 ans;Hommes;139.0;205.3;;51;44
2020;Grand Est;Marne;45-64 ans;Hommes;129.0;183.8;;51;44
2020;Grand Est;Marne;65 ans et plus;Hommes;38.0;79.4;;51;44
2020;Grand Est;Marne;45-64 ans;Femmes;195.0;261.9;;51;44
2020;Grand Est;Marne;18-24 ans;Hommes et Femmes;123.0;232.9;;51;44
2020;Grand Est;Marne;25-44 ans;Hommes et Femmes;265.0;195.3;;51;44
2020;Grand Est;Haute-Marne;Tous;Hommes;75.5;89.6;92.1;52;44
2020;Grand Est;Haute-Marne;00-17 ans;Femmes;28.0;175.9;;52;44
2020;Grand Est;Haute-Marne;65 ans et plus;Femmes;16.0;64.9;;52;44
2020;Grand Est;Haute-Marne;45-64 ans;Hommes et Femmes;50.0;104.7;;52;44
2020;Grand Est;Haute-Marne;65 ans et plus;Hommes et Femmes;25.0;57.2;;52;44
2020;Pays de la Loire;Mayenne;Tous;Femmes;217.0;139.9;141.1;53;52
2020;Pays de la Loire;Mayenne;25-44 ans;Hommes et Femmes;95.0;144.2;;53;52
2020;Grand Est;Meurthe-et-Moselle;45-64 ans;Hommes;106.0;116.8;;54;44
2020;Grand Est;Meurthe-et-Moselle;00-17 ans;Femmes;71.0;97.3;;54;44
2020;Grand Est;Meurthe-et-Moselle;18-24 ans;Femmes;55.0;154.9;;54;44
2020;Grand Est;Meurthe-et-Moselle;45-64 ans;Femmes;137.0;143.6;;54;44
2020;Grand Est;Meurthe-et-Moselle;65 ans et plus;Femmes;39.0;46.6;;54;44
2020;Grand Est;Meurthe-et-Moselle;18-24 ans;Hommes et Femmes;95.0;131.5;;54;44
2020;Grand Est;Meurthe-et-Moselle;25-44 ans;Hommes et Femmes;213.0;119.3;;54;44
2020;Grand Est;Meurthe-et-Moselle;65 ans et plus;Hommes et Femmes;72.0;49.4;;54;44
2020;Grand Est;Meuse;00-17 ans;Hommes;17.0;89.8;;55;44
2020;Grand Est;Meuse;25-44 ans;Hommes;60.0;292.4;;55;44
2020;Grand Est;Meuse;45-64 ans;Hommes;30.0;118.8;;55;44
2020;Grand Est;Meuse;65 ans et plus;Hommes;11.0;58.1;;55;44
2020;Grand Est;Meuse;25-44 ans;Femmes;45.0;230.0;;55;44
2020;Grand Est;Meuse;45-64 ans;Femmes;40.0;159.2;;55;44
2020;Grand Est;Meuse;25-44 ans;Hommes et Femmes;105.0;261.9;;55;44
2020;Grand Est;Meuse;45-64 ans;Hommes et Femmes;70.0;138.9;;55;44
2020;Grand Est;Meuse;Tous;Hommes et Femmes;270.0;147.5;153.4;55;44
2020;Bretagne;Morbihan;18-24 ans;Hommes;53.0;191.9;;56;53
2020;Bretagne;Morbihan;25-44 ans;Hommes;206.0;262.0;;56;53
2020;Bretagne;Morbihan;Tous;Hommes;492.0;132.7;139.0;56;53
2020;Bretagne;Morbihan;18-24 ans;Femmes;78.0;333.7;;56;53
2020;Bretagne;Morbihan;45-64 ans;Femmes;243.0;225.2;;56;53
2020;Grand Est;Moselle;00-17 ans;Hommes;33.0;30.5;;57;44
2020;Grand Est;Moselle;18-24 ans;Hommes;35.0;83.9;;57;44
2020;Grand Est;Moselle;45-64 ans;Hommes;116.0;81.8;;57;44
2020;Grand Est;Moselle;65 ans et plus;Hommes;47.0;51.0;;57;44
2020;Grand Est;Moselle;45-64 ans;Femmes;158.0;106.7;;57;44
2020;Grand Est;Moselle;18-24 ans;Hommes et Femmes;97.0;123.5;;57;44
2020;Grand Est;Moselle;45-64 ans;Hommes et Femmes;274.0;94.5;;57;44
2020;Grand Est;Moselle;65 ans et plus;Hommes et Femmes;124.0;58.3;;57;44
2020;Grand Est;Moselle;Tous;Hommes et Femmes;971.0;92.6;92.3;57;44
2020;Bourgogne et Franche-Comté;Nièvre;25-44 ans;Hommes;49.0;258.2;;58;27
2020;Bourgogne et Franche-Comté;Nièvre;65 ans et plus;Hommes;14.0;53.4;;58;27
2020;Bourgogne et Franche-Comté;Nièvre;Tous;Hommes;126.0;129.3;142.3;58;27
2020;Bourgogne et Franche-Comté;Nièvre;18-24 ans;Femmes;19.0;335.0;;58;27
2020;Bourgogne et Franche-Comté;Nièvre;65 ans et plus;Femmes;31.0;89.1;;58;27
2020;Bourgogne et Franche-Comté;Nièvre;18-24 ans;Hommes et Femmes;28.0;225.3;;58;27
2020;Bourgogne et Franche-Comté;Nièvre;45-64 ans;Hommes et Femmes;72.0;128.1;;58;27
2020;Hauts-de-France;Nord;45-64 ans;Hommes;824.0;264.7;;59;32
2020;Hauts-de-France;Nord;65 ans et plus;Hommes;157.0;83.3;;59;32
2020;Hauts-de-France;Nord;Tous;Femmes;3530.0;261.6;254.5;59;32
2020;Hauts-de-France;Nord;00-17 ans;Hommes et Femmes;786.0;129.6;;59;32
2020;Hauts-de-France;Oise;25-44 ans;Hommes;163.0;162.9;;60;32
2020;Hauts-de-France;Oise;18-24 ans;Femmes;85.0;280.0;;60;32
2020;Hauts-de-France;Oise;18-24 ans;Hommes et Femmes;140.0;220.9;;60;32
2020;Hauts-de-France;Oise;Tous;Hommes et Femmes;1085.0;130.8;130.5;60;32
2020;Normandie;Orne;00-17 ans;Hommes;15.0;52.7;;61;28
2020;Normandie;Orne;25-44 ans;Femmes;64.0;234.2;;61;28
2020;Normandie;Orne;65 ans et plus;Femmes;41.0;98.6;;61;28
2020;Normandie;Orne;00-17 ans;Hommes et Femmes;67.0;122.2;;61;28
2020;Normandie;Orne;45-64 ans;Hommes et Femmes;136.0;178.3;;61;28
2020;Normandie;Orne;65 ans et plus;Hommes et Femmes;71.0;96.3;;61;28
2020;Normandie;Orne;Tous;Hommes et Femmes;466.0;167.3;176.0;61;28
2020;Hauts-de-France;Pas-de-Calais;00-17 ans;Hommes;84.0;49.0;;62;32
2020;Hauts-de-France;Pas-de-Calais;00-17 ans;Femmes;255.0;156.4;;62;32
2020;Auvergne et Rhône-Alpes;Puy-de-Dôme;18-24 ans;Hommes;73.0;250.6;;63;84
2020;Auvergne et Rhône-Alpes;Puy-de-Dôme;45-64 ans;Hommes;159.0;186.0;;63;84
2020;Auvergne et Rhône-Alpes;Puy-de-Dôme;Tous;Hommes;495.0;154.5;153.4;63;84
2020;Auvergne et Rhône-Alpes;Puy-de-Dôme;18-24 ans;Femmes;88.0;305.3;;63;84
2020;Auvergne et Rhône-Alpes;Puy-de-Dôme;Tous;Hommes et Femmes;1056.0;159.6;158.8;63;84
2020;Nouvelle Aquitaine;Pyrénées-Atlantiques;25-44 ans;Hommes;34.0;45.4;;64;75
2020;Nouvelle Aquitaine;Pyrénées-Atlantiques;00-17 ans;Femmes;32.0;50.9;;64;75
2020;Nouvelle Aquitaine;Pyrénées-Atlantiques;18-24 ans;Femmes;23.0;100.9;;64;75
2020;Nouvelle Aquitaine;Pyrénées-Atlantiques;00-17 ans;Hommes et Femmes;37.0;28.5;;64;75
2020;Nouvelle Aquitaine;Pyrénées-Atlantiques;Tous;Hommes et Femmes;296.0;43.1;43.5;64;75
2020;Occitanie;Hautes-Pyrénées;00-17 ans;Hommes;9.0;42.7;;65;76
2020;Occitanie;Hautes-Pyrénées;Tous;Hommes;93.0;83.9;84.5;65;76
2020;Occitanie;Hautes-Pyrénées;00-17 ans;Femmes;25.0;127.5;;65;76
2020;Occitanie;Hautes-Pyrénées;45-64 ans;Femmes;69.0;205.9;;65;76
2020;Occitanie;Hautes-Pyrénées;Tous;Femmes;172.0;144.6;151.3;65;76
2020;Occitanie;Hautes-Pyrénées;25-44 ans;Hommes et Femmes;61.0;133.9;;65;76
2020;Occitanie;Hautes-Pyrénées;45-64 ans;Hommes et Femmes;101.0;156.3;;65;76
2020;Occitanie;Hautes-Pyrénées;65 ans et plus;Hommes et Femmes;40.0;63.7;;65;76
2020;Occitanie;Hautes-Pyrénées;Tous;Hommes et Femmes;265.0;115.3;119.0;65;76
2020;Occitanie;Pyrénées-Orientales;25-44 ans;Hommes;58.0;121.9;;66;76
2020;Occitanie;Pyrénées-Orientales;45-64 ans;Hommes;76.0;123.7;;66;76
2020;Occitanie;Pyrénées-Orientales;65 ans et plus;Hommes;32.0;58.1;;66;76
2020;Occitanie;Pyrénées-Orientales;65 ans et plus;Femmes;56.0;77.5;;66;76
2020;Occitanie;Pyrénées-Orientales;Tous;Femmes;310.0;122.2;126.3;66;76
2020;Grand Est;Bas-Rhin;00-17 ans;Hommes;45.0;37.9;;67;44
2020;Grand Est;Bas-Rhin;18-24 ans;Hommes;44.0;84.7;;67;44
2020;Grand Est;Bas-Rhin;65 ans et plus;Hommes;45.0;47.1;;67;44
2020;Grand Est;Bas-Rhin;00-17 ans;Femmes;164.0;144.6;;67;44
2020;Grand Est;Bas-Rhin;18-24 ans;Femmes;86.0;166.0;;67;44
2020;Grand Est;Bas-Rhin;25-44 ans;Femmes;168.0;114.8;;67;44
2020;Grand Est;Bas-Rhin;65 ans et plus;Femmes;71.0;58.3;;67;44
2020;Grand Est;Bas-Rhin;45-64 ans;Hommes et Femmes;316.0;102.8;;67;44
2020;Grand Est;Bas-Rhin;Tous;Hommes et Femmes;1114.0;97.0;95.5;67;44
2020;Grand Est;Haut-Rhin;25-44 ans;Hommes;77.0;85.7;;68;44
2020;Grand Est;Haut-Rhin;45-64 ans;Hommes;99.0;93.8;;68;44
2020;Grand Est;Haut-Rhin;00-17 ans;Femmes;104.0;133.7;;68;44
2020;Grand Est;Haut-Rhin;Tous;Femmes;387.0;98.9;98.8;68;44
2020;Grand Est;Haut-Rhin;Tous;Hommes et Femmes;628.0;81.8;81.6;68;44
2020;Auvergne et Rhône-Alpes;Rhône;25-44 ans;Hommes;254.0;102.5;;69;84
2020;Auvergne et Rhône-Alpes;Rhône;65 ans et plus;Hommes;92.0;67.2;;69;84
2020;Auvergne et Rhône-Alpes;Rhône;00-17 ans;Femmes;228.0;110.3;;69;84
2020;Auvergne et Rhône-Alpes;Rhône;00-17 ans;Hommes et Femmes;272.0;64.3;;69;84
2020;Auvergne et Rhône-Alpes;Rhône;Tous;Hommes et Femmes;1803.0;95.7;93.8;69;84
2020;Bourgogne et Franche-Comté;Haute-Saône;00-17 ans;Hommes;11.0;43.8;;70;27
2020;Bourgogne et Franche-Comté;Haute-Saône;00-17 ans;Femmes;34.0;143.2;;70;27
2020;Bourgogne et Franche-Comté;Haute-Saône;25-44 ans;Femmes;61.0;244.7;;70;27
2020;Bourgogne et Franche-Comté;Haute-Saône;65 ans et plus;Hommes et Femmes;63.0;115.3;;70;27
2020;Bourgogne et Franche-Comté;Saône-et-Loire;Tous;Hommes;346.0;129.1;135.9;71;27
2020;Bourgogne et Franche-Comté;Saône-et-Loire;18-24 ans;Femmes;61.0;378.1;;71;27
2020;Bourgogne et Franche-Comté;Saône-et-Loire;65 ans et plus;Femmes;78.0;95.3;;71;27
2020;Bourgogne et Franche-Comté;Saône-et-Loire;00-17 ans;Hommes et Femmes;134.0;124.8;;71;27
2020;Pays de la Loire;Sarthe;45-64 ans;Hommes;51.0;69.3;;72;52
2020;Pays de la Loire;Sarthe;65 ans et plus;Hommes;34.0;61.5;;72;52
2020;Pays de la Loire;Sarthe;18-24 ans;Femmes;20.0;95.4;;72;52
2020;Pays de la Loire;Sarthe;Tous;Femmes;283.0;97.2;97.6;72;52
2020;Pays de la Loire;Sarthe;00-17 ans;Hommes et Femmes;91.0;73.7;;72;52
2020;Auvergne et Rhône-Alpes;Savoie;25-44 ans;Hommes;62.0;119.8;;73;84
2020;Auvergne et Rhône-Alpes;Savoie;45-64 ans;Hommes;40.0;67.4;;73;84
2020;Auvergne et Rhône-Alpes;Savoie;45-64 ans;Femmes;62.0;102.9;;73;84
2020;Auvergne et Rhône-Alpes;Savoie;65 ans et plus;Femmes;24.0;46.3;;73;84
2020;Auvergne et Rhône-Alpes;Savoie;00-17 ans;Hommes et Femmes;114.0;124.0;;73;84
2020;Auvergne et Rhône-Alpes;Savoie;25-44 ans;Hommes et Femmes;117.0;112.4;;73;84
2020;Auvergne et Rhône-Alpes;Savoie;45-64 ans;Hommes et Femmes;102.0;85.3;;73;84
2020;Auvergne et Rhône-Alpes;Haute-Savoie;18-24 ans;Hommes;37.0;122.4;;74;84
2020;Auvergne et Rhône-Alpes;Haute-Savoie;00-17 ans;Femmes;98.0;107.2;;74;84
2020;Auvergne et Rhône-Alpes;Haute-Savoie;65 ans et plus;Femmes;48.0;59.0;;74;84
2020;Auvergne et Rhône-Alpes;Haute-Savoie;18-24 ans;Hommes et Femmes;120.0;210.3;;74;84
2020;Auvergne et Rhône-Alpes;Haute-Savoie;45-64 ans;Hommes et Femmes;253.0;116.3;;74;84
2020;Île-de-France;Paris;25-44 ans;Hommes;175.0;52.0;;75;11
2020;Île-de-France;Paris;25-44 ans;Femmes;181.0;50.3;;75;11
2020;Île-de-France;Paris;Tous;Femmes;652.0;57.3;57.5;75;11
2020;Île-de-France;Paris;18-24 ans;Hommes et Femmes;167.0;80.6;;75;11
2020;Normandie;Seine-Maritime;00-17 ans;Hommes;86.0;61.7;;76;28
2020;Normandie;Seine-Maritime;45-64 ans;Hommes;299.0;193.3;;76;28
2020;Normandie;Seine-Maritime;Tous;Hommes;954.0;157.9;157.7;76;28
2020;Normandie;Seine-Maritime;18-24 ans;Femmes;222.0;413.5;;76;28
2020;Normandie;Seine-Maritime;65 ans et plus;Femmes;146.0;97.9;;76;28
2020;Normandie;Seine-Maritime;25-44 ans;Hommes et Femmes;736.0;248.0;;76;28
2020;Normandie;Seine-Maritime;45-64 ans;Hommes et Femmes;656.0;205.1;;76;28
2020;Normandie;Seine-Maritime;65 ans et plus;Hommes et Femmes;214.0;83.2;;76;28
2020;Île-de-France;Seine-et-Marne;00-17 ans;Hommes;43.0;23.8;;77;11
2020;Île-de-France;Seine-et-Marne;45-64 ans;Hommes;146.0;81.3;;77;11
2020;Île-de-France;Seine-et-Marne;Tous;Hommes;448.0;64.4;65.2;77;11
2020;Île-de-France;Seine-et-Marne;18-24 ans;Femmes;91.0;152.4;;77;11
2020;Île-de-France;Seine-et-Marne;25-44 ans;Femmes;165.0;86.1;;77;11
2020;Île-de-France;Seine-et-Marne;45-64 ans;Femmes;230.0;122.5;;77;11
2020;Île-de-France;Seine-et-Marne;Tous;Femmes;747.0;101.9;99.5;77;11
2020;Île-de-France;Seine-et-Marne;25-44 ans;Hommes et Femmes;331.0;89.5;;77;11
2020;Île-de-France;Seine-et-Marne;65 ans et plus;Hommes et Femmes;133.0;61.4;;77;11
2020;Île-de-France;Yvelines;18-24 ans;Hommes;63.0;105.1;;78;11
2020;Île-de-France;Yvelines;25-44 ans;Hommes;114.0;64.5;;78;11
2020;Île-de-France;Yvelines;65 ans et plus;Femmes;104.0;75.1;;78;11
2020;Île-de-France;Yvelines;Tous;Femmes;855.0;114.9;113.2;78;11
2020;Île-de-France;Yvelines;00-17 ans;Hommes et Femmes;252.0;71.9;;78;11
2020;Île-de-France;Yvelines;18-24 ans;Hommes et Femmes;188.0;161.2;;78;11
2020;Nouvelle Aquitaine;Deux-Sèvres;00-17 ans;Hommes;10.0;24.9;;79;75
2020;Nouvelle Aquitaine;Deux-Sèvres;18-24 ans;Hommes;21.0;160.6;;79;75
2020;Nouvelle Aquitaine;Deux-Sèvres;25-44 ans;Hommes;78.0;195.2;;79;75
2020;Nouvelle Aquitaine;Deux-Sèvres;65 ans et plus;Hommes;24.0;61.2;;79;75
2020;Nouvelle Aquitaine;Deux-Sèvres;18-24 ans;Femmes;41.0;372.3;;79;75
2020;Nouvelle Aquitaine;Deux-Sèvres;25-44 ans;Femmes;86.0;214.0;;79;75
2020;Nouvelle Aquitaine;Deux-Sèvres;45-64 ans;Femmes;95.0;181.3;;79;75
2020;Nouvelle Aquitaine;Deux-Sèvres;Tous;Femmes;294.0;154.0;161.7;79;75
2020;Nouvelle Aquitaine;Deux-Sèvres;00-17 ans;Hommes et Femmes;48.0;61.4;;79;75
2020;Nouvelle Aquitaine;Deux-Sèvres;18-24 ans;Hommes et Femmes;62.0;257.4;;79;75
2020;Nouvelle Aquitaine;Deux-Sèvres;45-64 ans;Hommes et Femmes;160.0;154.6;;79;75
2020;Hauts-de-France;Somme;Tous;Femmes;1000.0;341.6;337.7;80;32
2020;Hauts-de-France;Somme;Tous;Hommes et Femmes;1770.0;311.2;309.4;80;32
2020;Occitanie;Tarn;25-44 ans;Femmes;86.0;209.9;;81;76
2020;Occitanie;Tarn;65 ans et plus;Femmes;40.0;70.5;;81;76
2020;Occitanie;Tarn;Tous;Femmes;319.0;157.6;165.6;81;76
2020;Occitanie;Tarn;00-17 ans;Hommes et Femmes;44.0;57.3;;81;76
2020;Occitanie;Tarn;65 ans et plus;Hommes et Femmes;66.0;65.6;;81;76
2020;Occitanie;Tarn-et-Garonne;45-64 ans;Hommes;60.0;173.3;;82;76
2020;Occitanie;Tarn-et-Garonne;65 ans et plus;Hommes;18.0;68.2;;82;76
2020;Occitanie;Tarn-et-Garonne;Tous;Hommes;159.5;124.3;129.0;82;76
2020;Occitanie;Tarn-et-Garonne;25-44 ans;Femmes;80.0;270.3;;82;76
2020;Occitanie;Tarn-et-Garonne;45-64 ans;Femmes;117.0;328.6;;82;76
2020;Occitanie;Tarn-et-Garonne;25-44 ans;Hommes et Femmes;135.0;232.3;;82;76
2020;Occitanie;Tarn-et-Garonne;45-64 ans;Hommes et Femmes;177.0;252.1;;82;76
2020;Occitanie;Tarn-et-Garonne;65 ans et plus;Hommes et Femmes;45.0;76.1;;82;76
2020;Occitanie;Tarn-et-Garonne;Tous;Hommes et Femmes;440.5;167.9;172.9;82;76
2020;Provence-Alpes-Côte d'Azur;Var;18-24 ans;Hommes;46.0;117.7;;83;93
2020;Provence-Alpes-Côte d'Azur;Var;65 ans et plus;Hommes;58.0;46.1;;83;93
2020;Provence-Alpes-Côte d'Azur;Var;18-24 ans;Femmes;62.0;180.3;;83;93
2020;Provence-Alpes-Côte d'Azur;Var;45-64 ans;Femmes;298.0;196.7;;83;93
2020;Provence-Alpes-Côte d'Azur;Var;65 ans et plus;Femmes;138.0;84.5;;83;93
2020;Provence-Alpes-Côte d'Azur;Var;Tous;Femmes;771.0;136.7;138.9;83;93
2020;Provence-Alpes-Côte d'Azur;Var;00-17 ans;Hommes et Femmes;124.0;61.6;;83;93
2020;Provence-Alpes-Côte d'Azur;Var;25-44 ans;Hommes et Femmes;306.0;132.6;;83;93
2020;Provence-Alpes-Côte d'Azur;Var;65 ans et plus;Hommes et Femmes;196.0;67.8;;83;93
2020;Provence-Alpes-Côte d'Azur;Vaucluse;00-17 ans;Hommes;13.0;21.1;;84;93
2020;Provence-Alpes-Côte d'Azur;Vaucluse;25-44 ans;Hommes;83.0;136.7;;84;93
2020;Provence-Alpes-Côte d'Azur;Vaucluse;45-64 ans;Hommes;76.0;105.8;;84;93
2020;Provence-Alpes-Côte d'Azur;Vaucluse;65 ans et plus;Hommes;34.0;61.4;;84;93
2020;Provence-Alpes-Côte d'Azur;Vaucluse;Tous;Hommes;235.0;87.1;89.4;84;93
2020;Provence-Alpes-Côte d'Azur;Vaucluse;45-64 ans;Femmes;101.0;129.3;;84;93
2020;Provence-Alpes-Côte d'Azur;Vaucluse;65 ans et plus;Femmes;56.0;77.9;;84;93
2020;Provence-Alpes-Côte d'Azur;Vaucluse;00-17 ans;Hommes et Femmes;73.0;60.8;;84;93
2020;Provence-Alpes-Côte d'Azur;Vaucluse;18-24 ans;Hommes et Femmes;59.0;149.8;;84;93
2020;Provence-Alpes-Côte d'Azur;Vaucluse;45-64 ans;Hommes et Femmes;177.0;118.1;;84;93
2020;Provence-Alpes-Côte d'Azur;Vaucluse;65 ans et plus;Hommes et Femmes;90.0;70.7;;84;93
2020;Pays de la Loire;Vendée;00-17 ans;Hommes;31.0;41.7;;85;52
2020;Pays de la Loire;Vendée;Tous;Hommes;320.0;94.5;99.4;85;52
2020;Pays de la Loire;Vendée;25-44 ans;Femmes;103.0;140.4;;85;52
2020;Pays de la Loire;Vendée;00-17 ans;Hommes et Femmes;181.0;125.1;;85;52
2020;Pays de la Loire;Vendée;25-44 ans;Hommes et Femmes;227.0;154.5;;85;52
2020;Pays de la Loire;Vendée;Tous;Hommes et Femmes;854.0;123.3;129.2;85;52
2020;Nouvelle Aquitaine;Vienne;Tous;Hommes;176.0;83.1;83.5;86;75
2020;Nouvelle Aquitaine;Vienne;25-44 ans;Femmes;68.0;136.7;;86;75
2020;Nouvelle Aquitaine;Vienne;Tous;Femmes;258.0;113.4;112.5;86;75
2020;Nouvelle Aquitaine;Vienne;18-24 ans;Hommes et Femmes;65.0;155.3;;86;75
2020;Nouvelle Aquitaine;Vienne;25-44 ans;Hommes et Femmes;130.0;132.2;;86;75
2020;Nouvelle Aquitaine;Vienne;45-64 ans;Hommes et Femmes;131.0;117.0;;86;75
2020;Nouvelle Aquitaine;Vienne;65 ans et plus;Hommes et Femmes;62.0;63.4;;86;75
2020;Nouvelle Aquitaine;Vienne;Tous;Hommes et Femmes;434.0;98.8;98.5;86;75
2020;Nouvelle Aquitaine;Haute-Vienne;65 ans et plus;Hommes;23.0;57.4;;87;75
2020;Nouvelle Aquitaine;Haute-Vienne;Tous;Hommes;199.0;112.0;114.1;87;75
2020;Nouvelle Aquitaine;Haute-Vienne;45-64 ans;Femmes;90.0;177.7;;87;75
2020;Nouvelle Aquitaine;Haute-Vienne;00-17 ans;Hommes et Femmes;92.0;132.5;;87;75
2020;Nouvelle Aquitaine;Haute-Vienne;65 ans et plus;Hommes et Femmes;53.0;56.6;;87;75
2020;Grand Est;Vosges;25-44 ans;Hommes;126.0;333.1;;88;44
2020;Grand Est;Vosges;45-64 ans;Hommes;76.0;150.9;;88;44
2020;Grand Est;Vosges;Tous;Hommes;299.0;169.4;178.3;88;44
2020;Grand Est;Vosges;65 ans et plus;Femmes;43.0;84.6;;88;44
2020;Bourgogne et Franche-Comté;Yonne;45-64 ans;Hommes;46.0;102.4;;89;27
2020;Bourgogne et Franche-Comté;Yonne;65 ans et plus;Hommes;26.0;71.4;;89;27
2020;Bourgogne et Franche-Comté;Yonne;65 ans et plus;Femmes;29.0;62.4;;89;27
2020;Bourgogne et Franche-Comté;Yonne;18-24 ans;Hommes et Femmes;57.0;273.3;;89;27
2020;Bourgogne et Franche-Comté;Territoire de Belfort;25-44 ans;Hommes;35.0;210.6;;90;27
2020;Bourgogne et Franche-Comté;Territoire de Belfort;00-17 ans;Femmes;11.0;75.9;;90;27
2020;Bourgogne et Franche-Comté;Territoire de Belfort;18-24 ans;Femmes;12.0;253.9;;90;27
2020;Bourgogne et Franche-Comté;Territoire de Belfort;25-44 ans;Femmes;27.0;165.0;;90;27
2020;Bourgogne et Franche-Comté;Territoire de Belfort;18-24 ans;Hommes et Femmes;14.5;123.8;;90;27
2020;Bourgogne et Franche-Comté;Territoire de Belfort;25-44 ans;Hommes et Femmes;62.0;188.0;;90;27
2020;Bourgogne et Franche-Comté;Territoire de Belfort;45-64 ans;Hommes et Femmes;64.0;173.2;;90;27
2020;Bourgogne et Franche-Comté;Territoire de Belfort;65 ans et plus;Hommes et Femmes;20.0;69.8;;90;27
2020;Île-de-France;Essonne;Tous;Femmes;668.0;100.3;98.3;91;11
2020;Île-de-France;Hauts-de-Seine;00-17 ans;Hommes;26.0;14.0;;92;11
2020;Île-de-France;Hauts-de-Seine;25-44 ans;Hommes;102.0;44.7;;92;11
2020;Île-de-France;Hauts-de-Seine;65 ans et plus;Hommes;45.0;43.3;;92;11
2020;Île-de-France;Hauts-de-Seine;Tous;Hommes;321.0;41.4;42.0;92;11
2020;Île-de-France;Hauts-de-Seine;18-24 ans;Femmes;116.0;167.4;;92;11
2020;Île-de-France;Hauts-de-Seine;25-44 ans;Femmes;168.0;68.5;;92;11
2020;Île-de-France;Hauts-de-Seine;45-64 ans;Femmes;178.0;84.1;;92;11
2020;Île-de-France;Hauts-de-Seine;45-64 ans;Hommes et Femmes;286.0;71.5;;92;11
2020;Île-de-France;Seine-Saint-Denis;18-24 ans;Hommes;39.0;51.9;;93;11
2020;Île-de-France;Seine-Saint-Denis;25-44 ans;Hommes;117.0;49.9;;93;11
2020;Île-de-France;Seine-Saint-Denis;25-44 ans;Femmes;142.0;57.9;;93;11
2020;Île-de-France;Seine-Saint-Denis;45-64 ans;Femmes;117.0;60.6;;93;11
2020;Île-de-France;Seine-Saint-Denis;00-17 ans;Hommes et Femmes;154.0;35.2;;93;11
2020;Île-de-France;Seine-Saint-Denis;18-24 ans;Hommes et Femmes;146.0;98.2;;93;11
2020;Île-de-France;Seine-Saint-Denis;25-44 ans;Hommes et Femmes;259.0;54.0;;93;11
2020;Île-de-France;Seine-Saint-Denis;45-64 ans;Hommes et Femmes;219.0;56.9;;93;11
2020;Île-de-France;Val-de-Marne;25-44 ans;Hommes;112.0;58.8;;94;11
2020;Île-de-France;Val-de-Marne;45-64 ans;Hommes;116.0;69.0;;94;11
2020;Île-de-France;Val-de-Marne;18-24 ans;Femmes;93.0;147.7;;94;11
2020;Île-de-France;Val-de-Marne;65 ans et plus;Femmes;90.0;72.1;;94;11
2020;Île-de-France;Val-de-Marne;Tous;Femmes;592.0;81.1;80.1;94;11
2020;Île-de-France;Val-de-Marne;00-17 ans;Hommes et Femmes;143.0;44.2;;94;11
2020;Île-de-France;Val-de-Marne;45-64 ans;Hommes et Femmes;245.0;70.4;;94;11
2020;Île-de-France;Val-de-Marne;65 ans et plus;Hommes et Femmes;131.0;60.9;;94;11
2020;Île-de-France;Val-de-Marne;Tous;Hommes et Femmes;924.0;65.6;65.2;94;11
2020;Île-de-France;Val-d'Oise;25-44 ans;Hommes;115.0;71.2;;95;11
2020;Île-de-France;Val-d'Oise;45-64 ans;Hommes;86.0;57.7;;95;11
2020;Île-de-France;Val-d'Oise;65 ans et plus;Hommes;32.0;41.2;;95;11
2020;Île-de-France;Val-d'Oise;00-17 ans;Femmes;103.0;65.4;;95;11
2020;Île-de-France;Val-d'Oise;45-64 ans;Hommes et Femmes;258.0;84.0;;95;11
2020;Île-de-France;Val-d'Oise;65 ans et plus;Hommes et Femmes;99.0;56.1;;95;11
2020;Guadeloupe;Guadeloupe;25-44 ans;Femmes;6.0;13.5;;971;01
2020;Guadeloupe;Guadeloupe;45-64 ans;Femmes;10.0;15.5;;971;01
2020;Martinique;Martinique;25-44 ans;Femmes;37.0;92.0;;972;02
2020;Martinique;Martinique;45-64 ans;Femmes;30.0;47.2;;972;02
2020;Martinique;Martinique;65 ans et plus;Femmes;8.0;17.9;;972;02
2020;Martinique;Martinique;Tous;Femmes;107.0;54.6;56.8;972;02
2020;Martinique;Martinique;00-17 ans;Hommes et Femmes;35.0;49.5;;972;02
2020;Martinique;Martinique;18-24 ans;Hommes et Femmes;19.0;74.4;;972;02
2020;Martinique;Martinique;25-44 ans;Hommes et Femmes;64.0;90.8;;972;02
2020;Martinique;Martinique;65 ans et plus;Hommes et Femmes;38.0;48.1;;972;02
2020;Guyane;Guyane;25-44 ans;Femmes;30.0;73.5;;973;03
2020;Guyane;Guyane;18-24 ans;Hommes et Femmes;41.0;135.9;;973;03
2020;Réunion;Réunion;18-24 ans;Hommes;37.0;98.8;;974;04
2020;Réunion;Réunion;18-24 ans;Femmes;98.0;260.1;;974;04
2020;Réunion;Réunion;25-44 ans;Femmes;199.0;171.4;;974;04
2020;Réunion;Réunion;Tous;Femmes;696.0;154.3;144.1;974;04
2020;Réunion;Réunion;18-24 ans;Hommes et Femmes;135.0;179.7;;974;04
2020;Réunion;Réunion;45-64 ans;Hommes et Femmes;297.0;127.7;;974;04
2020;Réunion;Réunion;Tous;Hommes et Femmes;1117.0;129.4;124.5;974;04
2020;Mayotte;Mayotte;18-24 ans;Hommes;2.5;21.1;;976;06
2020;Mayotte;Mayotte;Tous;Hommes;6.0;4.5;5.0;976;06
2020;Mayotte;Mayotte;00-17 ans;Femmes;2.5;3.5;;976;06
2020;Mayotte;Mayotte;25-44 ans;Femmes;5.0;12.2;;976;06
2020;Mayotte;Mayotte;45-64 ans;Femmes;0.0;0.0;;976;06
2020;Mayotte;Mayotte;18-24 ans;Hommes et Femmes;5.0;18.6;;976;06
2020;Mayotte;Mayotte;25-44 ans;Hommes et Femmes;7.5;10.4;;976;06
2020;Mayotte;Mayotte;45-64 ans;Hommes et Femmes;2.5;7.8;;976;06
2020;Mayotte;Mayotte;65 ans et plus;Hommes et Femmes;0.0;0.0;;976;06
2020;Saint-Barthélemy;Saint-Barthélemy;25-44 ans;Hommes;2.5;;;977;977
2020;Saint-Barthélemy;Saint-Barthélemy;45-64 ans;Hommes;0.0;;;977;977
2020;Saint-Barthélemy;Saint-Barthélemy;65 ans et plus;Hommes;2.5;;;977;977
2020;Saint-Barthélemy;Saint-Barthélemy;65 ans et plus;Hommes et Femmes;2.5;;;977;977
2020;Saint-Barthélemy;Saint-Barthélemy;Tous;Hommes et Femmes;5.0;;;977;977
2020;Saint-Martin;Saint-Martin;18-24 ans;Hommes;0.0;;;978;978
2020;Saint-Martin;Saint-Martin;18-24 ans;Femmes;0.0;;;978;978
2020;Saint-Martin;Saint-Martin;25-44 ans;Femmes;2.5;;;978;978
2020;Saint-Martin;Saint-Martin;45-64 ans;Femmes;2.5;;;978;978
2020;Saint-Martin;Saint-Martin;Tous;Hommes et Femmes;19.5;;;978;978
2020;Auvergne et Rhône-Alpes;Ain;18-24 ans;Hommes;21.0;88.8;;01;84
2020;Auvergne et Rhône-Alpes;Ain;25-44 ans;Hommes;75.0;93.8;;01;84
2020;Auvergne et Rhône-Alpes;Ain;Tous;Hommes;194.0;59.8;60.2;01;84
2020;Auvergne et Rhône-Alpes;Ain;Tous;Femmes;314.0;94.2;95.1;01;84
2020;Auvergne et Rhône-Alpes;Ain;18-24 ans;Hommes et Femmes;71.0;157.1;;01;84
2020;Hauts-de-France;Aisne;18-24 ans;Hommes;54.0;262.0;;02;32
2020;Hauts-de-France;Aisne;25-44 ans;Hommes;147.0;246.9;;02;32
2020;Hauts-de-France;Aisne;65 ans et plus;Hommes;46.0;94.8;;02;32
2020;Hauts-de-France;Aisne;Tous;Hommes;417.0;161.4;164.2;02;32
2020;Hauts-de-France;Aisne;00-17 ans;Hommes et Femmes;182.0;154.0;;02;32
2020;Hauts-de-France;Aisne;25-44 ans;Hommes et Femmes;278.0;232.5;;02;32
2020;Auvergne et Rhône-Alpes;Allier;00-17 ans;Hommes;8.0;25.7;;03;84
2020;Auvergne et Rhône-Alpes;Allier;25-44 ans;Femmes;43.0;131.7;;03;84
2020;Auvergne et Rhône-Alpes;Allier;45-64 ans;Femmes;63.0;133.4;;03;84
2020;Auvergne et Rhône-Alpes;Allier;18-24 ans;Hommes et Femmes;36.0;157.8;;03;84
2020;Auvergne et Rhône-Alpes;Allier;25-44 ans;Hommes et Femmes;94.0;144.6;;03;84
2020;Provence-Alpes-Côte d'Azur;Alpes-de-Haute-Provence;25-44 ans;Hommes;25.0;153.5;;04;93
2020;Provence-Alpes-Côte d'Azur;Alpes-de-Haute-Provence;25-44 ans;Femmes;24.0;142.1;;04;93
2020;Provence-Alpes-Côte d'Azur;Alpes-de-Haute-Provence;65 ans et plus;Femmes;21.0;85.9;;04;93
2020;Provence-Alpes-Côte d'Azur;Alpes-de-Haute-Provence;18-24 ans;Hommes et Femmes;17.0;169.9;;04;93
2020;Provence-Alpes-Côte d'Azur;Alpes-de-Haute-Provence;45-64 ans;Hommes et Femmes;87.0;185.7;;04;93
2020;Provence-Alpes-Côte d'Azur;Alpes-de-Haute-Provence;65 ans et plus;Hommes et Femmes;34.0;76.9;;04;93
2020;Provence-Alpes-Côte d'Azur;Hautes-Alpes;18-24 ans;Hommes;5.0;111.0;;05;93
2020;Provence-Alpes-Côte d'Azur;Hautes-Alpes;65 ans et plus;Hommes;14.0;88.0;;05;93
2020;Provence-Alpes-Côte d'Azur;Hautes-Alpes;18-24 ans;Femmes;17.0;466.5;;05;93
2020;Provence-Alpes-Côte d'Azur;Hautes-Alpes;00-17 ans;Hommes et Femmes;27.5;102.4;;05;93
2020;Provence-Alpes-Côte d'Azur;Hautes-Alpes;18-24 ans;Hommes et Femmes;22.0;270.0;;05;93
2020;Provence-Alpes-Côte d'Azur;Alpes-Maritimes;25-44 ans;Hommes;161.0;134.0;;06;93
2020;Provence-Alpes-Côte d'Azur;Alpes-Maritimes;00-17 ans;Femmes;141.0;139.3;;06;93
2020;Provence-Alpes-Côte d'Azur;Alpes-Maritimes;18-24 ans;Femmes;70.0;178.9;;06;93
2020;Provence-Alpes-Côte d'Azur;Alpes-Maritimes;25-44 ans;Femmes;136.0;105.7;;06;93
2020;Provence-Alpes-Côte d'Azur;Alpes-Maritimes;00-17 ans;Hommes et Femmes;183.0;88.1;;06;93
2020;Provence-Alpes-Côte d'Azur;Alpes-Maritimes;18-24 ans;Hommes et Femmes;116.0;146.1;;06;93
2020;Provence-Alpes-Côte d'Azur;Alpes-Maritimes;65 ans et plus;Hommes et Femmes;229.0;84.2;;06;93
2020;Auvergne et Rhône-Alpes;Ardèche;18-24 ans;Hommes;20.0;191.5;;07;84
2020;Auvergne et Rhône-Alpes;Ardèche;45-64 ans;Hommes;45.0;97.6;;07;84
2020;Auvergne et Rhône-Alpes;Ardèche;Tous;Hommes;162.0;100.7;107.2;07;84
2020;Auvergne et Rhône-Alpes;Ardèche;00-17 ans;Hommes et Femmes;57.0;87.4;;07;84
2020;Auvergne et Rhône-Alpes;Ardèche;25-44 ans;Hommes et Femmes;115.0;170.9;;07;84
2020;Auvergne et Rhône-Alpes;Ardèche;45-64 ans;Hommes et Femmes;131.0;141.1;;07;84
2020;Auvergne et Rhône-Alpes;Ardèche;65 ans et plus;Hommes et Femmes;40.0;47.6;;07;84
2020;Auvergne et Rhône-Alpes;Ardèche;Tous;Hommes et Femmes;383.0;116.3;122.3;07;84
2020;Grand Est;Ardennes;25-44 ans;Hommes;91.0;305.3;;08;44
2020;Grand Est;Ardennes;65 ans et plus;Hommes;17.0;66.1;;08;44
2020;Grand Est;Ardennes;Tous;Hommes;222.0;168.6;172.0;08;44
2020;Grand Est;Ardennes;00-17 ans;Femmes;37.0;132.8;;08;44
2020;Grand Est;Ardennes;25-44 ans;Femmes;70.0;231.8;;08;44
2020;Grand Est;Ardennes;00-17 ans;Hommes et Femmes;54.0;94.5;;08;44
2020;Grand Est;Ardennes;18-24 ans;Hommes et Femmes;45.0;243.7;;08;44
2020;Occitanie;Ariège;25-44 ans;Hommes;40.0;257.9;;09;76
2020;Occitanie;Ariège;Tous;Hommes;100.0;132.8;142.3;09;76
2020;Occitanie;Ariège;00-17 ans;Femmes;15.0;107.6;;09;76
2020;Occitanie;Ariège;18-24 ans;Femmes;7.0;166.0;;09;76
2020;Occitanie;Ariège;25-44 ans;Femmes;40.0;252.0;;09;76
2020;Occitanie;Ariège;45-64 ans;Femmes;39.0;177.0;;09;76
2020;Occitanie;Ariège;18-24 ans;Hommes et Femmes;22.0;230.5;;09;76
2020;Occitanie;Ariège;Tous;Hommes et Femmes;216.0;140.3;148.6;09;76
2020;Corse;Corse-du-Sud;Tous;Hommes;34.0;43.7;43.9;2A;94
2020;Corse;Corse-du-Sud;00-17 ans;Femmes;7.0;48.5;;2A;94
2020;Corse;Corse-du-Sud;18-24 ans;Femmes;6.0;134.4;;2A;94
2020;Corse;Corse-du-Sud;45-64 ans;Hommes et Femmes;29.0;65.6;;2A;94
2020;Corse;Haute-Corse;Tous;Hommes;27.5;30.8;29.1;2B;94
2020;Corse;Haute-Corse;18-24 ans;Femmes;7.0;107.0;;2B;94
2020;Corse;Haute-Corse;25-44 ans;Femmes;21.0;94.1;;2B;94
2020;Corse;Haute-Corse;00-17 ans;Hommes et Femmes;2.5;7.6;;2B;94
2020;Corse;Haute-Corse;18-24 ans;Hommes et Femmes;9.5;70.7;;2B;94
2020;Corse;Haute-Corse;25-44 ans;Hommes et Femmes;30.0;68.3;;2B;94
2020;Corse;Haute-Corse;45-64 ans;Hommes et Femmes;31.0;62.7;;2B;94
2020;Grand Est;Aube;00-17 ans;Hommes;16.0;45.3;;10;44
2020;Grand Est;Aube;18-24 ans;Femmes;44.0;381.6;;10;44
2020;Grand Est;Aube;Tous;Femmes;292.0;182.7;185.2;10;44
2020;Grand Est;Aube;18-24 ans;Hommes et Femmes;61.0;244.9;;10;44
2020;Grand Est;Aube;25-44 ans;Hommes et Femmes;123.0;174.6;;10;44
2020;Grand Est;Aube;Tous;Hommes et Femmes;461.0;148.0;150.2;10;44
2020;Occitanie;Aude;25-44 ans;Hommes;50.0;134.4;;11;76
2020;Occitanie;Aude;45-64 ans;Hommes;51.0;103.5;;11;76
2020;Occitanie;Aude;65 ans et plus;Hommes;16.0;36.2;;11;76
2020;Occitanie;Aude;Tous;Hommes;151.0;83.8;89.1;11;76
2020;Occitanie;Aude;45-64 ans;Femmes;56.0;105.2;;11;76
2020;Occitanie;Aude;Tous;Femmes;226.0;115.9;124.3;11;76
2020;Occitanie;Aude;00-17 ans;Hommes et Femmes;58.0;80.5;;11;76
2020;Occitanie;Aude;18-24 ans;Hommes et Femmes;54.0;223.8;;11;76
2020;Occitanie;Aude;45-64 ans;Hommes et Femmes;107.0;104.4;;11;76
2020;Occitanie;Aude;65 ans et plus;Hommes et Femmes;45.0;44.9;;11;76
2020;Occitanie;Aveyron;25-44 ans;Hommes;35.0;123.0;;12;76
2020;Occitanie;Aveyron;25-44 ans;Femmes;40.0;145.9;;12;76
2020;Occitanie;Aveyron;45-64 ans;Femmes;47.0;121.8;;12;76
2020;Occitanie;Aveyron;45-64 ans;Hommes et Femmes;82.0;106.0;;12;76
2020;Occitanie;Aveyron;65 ans et plus;Hommes et Femmes;36.0;46.1;;12;76
2020;Provence-Alpes-Côte d'Azur;Bouches-du-Rhône;Tous;Hommes;607.0;62.1;62.2;13;93
2020;Provence-Alpes-Côte d'Azur;Bouches-du-Rhône;18-24 ans;Femmes;137.0;160.5;;13;93
2020;Provence-Alpes-Côte d'Azur;Bouches-du-Rhône;Tous;Femmes;1001.0;93.6;93.4;13;93
2020;Provence-Alpes-Côte d'Azur;Bouches-du-Rhône;00-17 ans;Hommes et Femmes;281.0;65.4;;13;93
2020;Provence-Alpes-Côte d'Azur;Bouches-du-Rhône;18-24 ans;Hommes et Femmes;202.0;118.0;;13;93
2020;Provence-Alpes-Côte d'Azur;Bouches-du-Rhône;65 ans et plus;Hommes et Femmes;248.0;58.0;;13;93
2020;Provence-Alpes-Côte d'Azur;Bouches-du-Rhône;Tous;Hommes et Femmes;1608.0;78.5;78.2;13;93
2020;Normandie;Calvados;25-44 ans;Hommes;171.0;220.3;;14;28
2020;Normandie;Calvados;65 ans et plus;Hommes;55.0;84.3;;14;28
2020;Normandie;Calvados;00-17 ans;Hommes et Femmes;125.0;86.4;;14;28
2020;Normandie;Calvados;18-24 ans;Hommes et Femmes;171.0;277.5;;14;28
2020;Normandie;Calvados;25-44 ans;Hommes et Femmes;315.0;200.1;;14;28
2020;Normandie;Calvados;45-64 ans;Hommes et Femmes;295.0;164.3;;14;28
2020;Auvergne et Rhône-Alpes;Cantal;18-24 ans;Hommes;6.0;137.2;;15;84
2020;Auvergne et Rhône-Alpes;Cantal;45-64 ans;Femmes;18.0;86.6;;15;84
2020;Auvergne et Rhône-Alpes;Cantal;65 ans et plus;Femmes;7.0;30.4;;15;84
2020;Auvergne et Rhône-Alpes;Cantal;Tous;Femmes;43.5;58.9;63.8;15;84
2020;Auvergne et Rhône-Alpes;Cantal;00-17 ans;Hommes et Femmes;8.5;34.2;;15;84
2020;Nouvelle Aquitaine;Charente;00-17 ans;Hommes;18.0;52.7;;16;75
2020;Nouvelle Aquitaine;Charente;25-44 ans;Hommes;84.0;230.4;;16;75
2020;Nouvelle Aquitaine;Charente;25-44 ans;Hommes et Femmes;180.0;245.2;;16;75
2020;Nouvelle Aquitaine;Charente;45-64 ans;Hommes et Femmes;216.0;219.5;;16;75
2020;Nouvelle Aquitaine;Charente-Maritime;00-17 ans;Hommes;27.0;44.5;;17;75
2020;Nouvelle Aquitaine;Charente-Maritime;65 ans et plus;Hommes;56.0;69.5;;17;75
2020;Nouvelle Aquitaine;Charente-Maritime;65 ans et plus;Femmes;107.0;102.4;;17;75
2020;Nouvelle Aquitaine;Charente-Maritime;18-24 ans;Hommes et Femmes;108.0;247.5;;17;75
2020;Nouvelle Aquitaine;Charente-Maritime;25-44 ans;Hommes et Femmes;301.0;232.3;;17;75
2020;Nouvelle Aquitaine;Charente-Maritime;45-64 ans;Hommes et Femmes;367.0;204.6;;17;75
2020;Centre-Val de Loire;Cher;00-17 ans;Hommes;7.0;23.9;;18;24
2020;Centre-Val de Loire;Cher;25-44 ans;Hommes;43.0;139.8;;18;24
2020;Centre-Val de Loire;Cher;Tous;Hommes;118.0;81.0;82.5;18;24
2020;Centre-Val de Loire;Cher;00-17 ans;Femmes;20.0;71.0;;18;24
2020;Centre-Val de Loire;Cher;18-24 ans;Femmes;24.0;262.7;;18;24
2020;Centre-Val de Loire;Cher;25-44 ans;Femmes;47.0;152.9;;18;24
2020;Centre-Val de Loire;Cher;Tous;Hommes et Femmes;315.0;104.7;108.0;18;24
2020;Nouvelle Aquitaine;Corrèze;00-17 ans;Hommes;14.0;64.3;;19;75
2020;Nouvelle Aquitaine;Corrèze;45-64 ans;Hommes;47.0;143.1;;19;75
2020;Nouvelle Aquitaine;Corrèze;45-64 ans;Femmes;59.0;175.5;;19;75
2020;Nouvelle Aquitaine;Corrèze;65 ans et plus;Femmes;32.0;84.1;;19;75
2020;Nouvelle Aquitaine;Corrèze;25-44 ans;Hommes et Femmes;75.0;157.8;;19;75
2020;Bourgogne et Franche-Comté;Côte-d'Or;00-17 ans;Hommes;43.0;79.7;;21;27
2020;Bourgogne et Franche-Comté;Côte-d'Or;65 ans et plus;Hommes;30.0;60.7;;21;27
2020;Bourgogne et Franche-Comté;Côte-d'Or;45-64 ans;Femmes;108.0;152.3;;21;27
2020;Bourgogne et Franche-Comté;Côte-d'Or;65 ans et plus;Femmes;58.0;89.1;;21;27
2020;Bretagne;Côtes-d'Armor;25-44 ans;Hommes;195.0;329.9;;22;53
2020;Bretagne;Côtes-d'Armor;45-64 ans;Femmes;262.0;314.8;;22;53
2020;Bretagne;Côtes-d'Armor;45-64 ans;Hommes et Femmes;436.0;265.4;;22;53
2020;Nouvelle Aquitaine;Creuse;18-24 ans;Hommes;2.5;69.7;;23;75
2020;Nouvelle Aquitaine;Creuse;Tous;Hommes;58.0;102.8;107.8;23;75
2020;Nouvelle Aquitaine;Creuse;00-17 ans;Femmes;15.0;161.3;;23;75
2020;Nouvelle Aquitaine;Creuse;45-64 ans;Femmes;39.0;227.8;;23;75
2020;Nouvelle Aquitaine;Creuse;Tous;Femmes;96.0;161.1;176.8;23;75
2020;Nouvelle Aquitaine;Dordogne;00-17 ans;Hommes;20.0;55.2;;24;75
2020;Nouvelle Aquitaine;Dordogne;18-24 ans;Hommes;19.0;149.8;;24;75
2020;Nouvelle Aquitaine;Dordogne;Tous;Hommes;246.0;123.7;129.3;24;75
2020;Nouvelle Aquitaine;Dordogne;18-24 ans;Femmes;37.0;330.4;;24;75
2020;Nouvelle Aquitaine;Dordogne;65 ans et plus;Hommes et Femmes;100.0;82.2;;24;75
2020;Nouvelle Aquitaine;Dordogne;Tous;Hommes et Femmes;619.0;149.9;158.3;24;75
2020;Bourgogne et Franche-Comté;Doubs;18-24 ans;Hommes;34.0;138.6;;25;27
2020;Bourgogne et Franche-Comté;Doubs;45-64 ans;Hommes;96.0;143.0;;25;27
2020;Bourgogne et Franche-Comté;Doubs;18-24 ans;Femmes;79.0;339.3;;25;27
2020;Bourgogne et Franche-Comté;Doubs;25-44 ans;Femmes;136.0;205.6;;25;27
2020;Bourgogne et Franche-Comté;Doubs;Tous;Femmes;426.0;153.1;151.6;25;27
2020;Bourgogne et Franche-Comté;Doubs;00-17 ans;Hommes et Femmes;62.0;51.6;;25;27
2020;Bourgogne et Franche-Comté;Doubs;25-44 ans;Hommes et Femmes;254.0;192.0;;25;27
2020;Auvergne et Rhône-Alpes;Drôme;00-17 ans;Hommes;13.0;22.5;;26;84
2020;Auvergne et Rhône-Alpes;Drôme;Tous;Hommes;187.0;74.5;76.5;26;84
2020;Auvergne et Rhône-Alpes;Drôme;45-64 ans;Femmes;99.0;140.8;;26;84
2020;Auvergne et Rhône-Alpes;Drôme;65 ans et plus;Femmes;44.0;67.4;;26;84
2020;Auvergne et Rhône-Alpes;Drôme;18-24 ans;Hommes et Femmes;60.0;167.5;;26;84
2020;Normandie;Eure;00-17 ans;Hommes;19.0;26.8;;27;28
2020;Normandie;Eure;65 ans et plus;Hommes;34.0;65.7;;27;28
2020;Normandie;Eure;00-17 ans;Hommes et Femmes;118.0;84.7;;27;28
2020;Normandie;Eure;18-24 ans;Hommes et Femmes;110.0;265.2;;27;28
2020;Normandie;Eure;25-44 ans;Hommes et Femmes;222.0;159.2;;27;28
2020;Centre-Val de Loire;Eure-et-Loir;00-17 ans;Hommes;14.0;27.6;;28;24
2020;Centre-Val de Loire;Eure-et-Loir;00-17 ans;Femmes;74.0;152.9;;28;24
2020;Centre-Val de Loire;Eure-et-Loir;25-44 ans;Femmes;110.0;219.3;;28;24
2020;Centre-Val de Loire;Eure-et-Loir;45-64 ans;Femmes;118.0;203.0;;28;24
2020;Centre-Val de Loire;Eure-et-Loir;65 ans et plus;Femmes;45.0;89.9;;28;24
2020;Centre-Val de Loire;Eure-et-Loir;Tous;Femmes;401.0;181.8;185.3;28;24
2020;Centre-Val de Loire;Eure-et-Loir;00-17 ans;Hommes et Femmes;88.0;88.7;;28;24
2020;Centre-Val de Loire;Eure-et-Loir;25-44 ans;Hommes et Femmes;202.0;204.4;;28;24
2020;Centre-Val de Loire;Eure-et-Loir;45-64 ans;Hommes et Femmes;207.0;180.3;;28;24
2020;Bretagne;Finistère;18-24 ans;Hommes;66.0;179.2;;29;53
2020;Bretagne;Finistère;25-44 ans;Hommes;314.0;313.4;;29;53
2020;Bretagne;Finistère;18-24 ans;Femmes;136.0;409.7;;29;53
2020;Bretagne;Finistère;45-64 ans;Femmes;356.0;281.9;;29;53
2020;Bretagne;Finistère;65 ans et plus;Femmes;106.0;84.2;;29;53
2020;Bretagne;Finistère;25-44 ans;Hommes et Femmes;534.0;269.7;;29;53
2020;Occitanie;Gard;18-24 ans;Hommes;36.0;124.5;;30;76
2020;Occitanie;Gard;45-64 ans;Hommes;96.0;97.7;;30;76
2020;Occitanie;Gard;45-64 ans;Hommes et Femmes;274.0;134.0;;30;76
2020;Occitanie;Haute-Garonne;00-17 ans;Femmes;94.0;64.7;;31;76
2020;Occitanie;Haute-Garonne;18-24 ans;Femmes;87.0;119.3;;31;76
2020;Occitanie;Haute-Garonne;25-44 ans;Femmes;162.0;83.2;;31;76
2020;Occitanie;Haute-Garonne;Tous;Hommes et Femmes;882.0;62.3;60.6;31;76
2020;Occitanie;Gers;18-24 ans;Hommes;12.0;205.4;;32;76
2020;Occitanie;Gers;25-44 ans;Hommes;35.0;197.8;;32;76
2020;Occitanie;Gers;Tous;Hommes;84.5;90.4;101.1;32;76
2020;Occitanie;Gers;18-24 ans;Femmes;15.0;290.8;;32;76
2020;Occitanie;Gers;45-64 ans;Femmes;36.0;127.1;;32;76
2020;Occitanie;Gers;00-17 ans;Hommes et Femmes;12.5;35.9;;32;76
2020;Occitanie;Gers;45-64 ans;Hommes et Femmes;61.0;109.2;;32;76
2020;Occitanie;Gers;Tous;Hommes et Femmes;202.5;105.6;117.0;32;76
2020;Nouvelle Aquitaine;Gironde;25-44 ans;Hommes;361.0;177.8;;33;75
2020;Nouvelle Aquitaine;Gironde;65 ans et plus;Hommes;102.0;74.8;;33;75
2020;Nouvelle Aquitaine;Gironde;Tous;Hommes;948.0;120.8;118.4;33;75
2020;Nouvelle Aquitaine;Gironde;Tous;Femmes;1488.0;174.7;172.1;33;75
2020;Nouvelle Aquitaine;Gironde;18-24 ans;Hommes et Femmes;379.0;254.1;;33;75
2020;Nouvelle Aquitaine;Gironde;25-44 ans;Hommes et Femmes;730.0;175.8;;33;75
2020;Nouvelle Aquitaine;Gironde;65 ans et plus;Hommes et Femmes;276.0;86.0;;33;75
2020;Occitanie;Hérault;45-64 ans;Hommes;127.0;90.0;;34;76
2020;Occitanie;Hérault;Tous;Hommes;310.0;54.6;54.9;34;76
2020;Occitanie;Hérault;18-24 ans;Femmes;64.0;117.4;;34;76
2020;Occitanie;Hérault;45-64 ans;Hommes et Femmes;295.0;99.5;;34;76
2020;Bretagne;Ille-et-Vilaine;00-17 ans;Hommes;28.0;22.5;;35;53
2020;Bretagne;Ille-et-Vilaine;18-24 ans;Femmes;139.0;269.4;;35;53
2020;Bretagne;Ille-et-Vilaine;25-44 ans;Femmes;197.0;144.8;;35;53
2020;Bretagne;Ille-et-Vilaine;45-64 ans;Femmes;232.0;170.6;;35;53
2020;Bretagne;Ille-et-Vilaine;25-44 ans;Hommes et Femmes;436.0;160.6;;35;53
2020;Bretagne;Ille-et-Vilaine;45-64 ans;Hommes et Femmes;370.0;136.8;;35;53
2020;Centre-Val de Loire;Indre;00-17 ans;Hommes;5.0;25.1;;36;24
2020;Centre-Val de Loire;Indre;Tous;Hommes;113.0;107.0;111.5;36;24
2020;Centre-Val de Loire;Indre;00-17 ans;Femmes;18.0;93.8;;36;24
2020;Centre-Val de Loire;Indre;18-24 ans;Femmes;22.0;341.6;;36;24
2020;Centre-Val de Loire;Indre;Tous;Femmes;178.0;157.4;168.5;36;24
2020;Centre-Val de Loire;Indre;00-17 ans;Hommes et Femmes;23.0;58.8;;36;24
2020;Centre-Val de Loire;Indre;18-24 ans;Hommes et Femmes;34.0;247.5;;36;24
2020;Centre-Val de Loire;Indre;25-44 ans;Hommes et Femmes;87.0;209.5;;36;24
2020;Centre-Val de Loire;Indre;Tous;Hommes et Femmes;291.0;133.1;140.8;36;24
2020;Centre-Val de Loire;Indre-et-Loire;00-17 ans;Hommes et Femmes;110.0;87.4;;37;24
2020;Centre-Val de Loire;Indre-et-Loire;65 ans et plus;Hommes et Femmes;110.0;81.6;;37;24
2020;Auvergne et Rhône-Alpes;Isère;18-24 ans;Hommes;68.0;117.5;;38;84
2020;Auvergne et Rhône-Alpes;Isère;Tous;Femmes;923.0;141.7;140.5;38;84
2020;Auvergne et Rhône-Alpes;Isère;65 ans et plus;Hommes et Femmes;171.0;71.2;;38;84
2020;Auvergne et Rhône-Alpes;Isère;Tous;Hommes et Femmes;1405.0;110.0;109.8;38;84
2020;Bourgogne et Franche-Comté;Jura;00-17 ans;Hommes;15.0;55.9;;39;27
2020;Bourgogne et Franche-Comté;Jura;Tous;Hommes;168.0;133.1;136.6;39;27
2020;Bourgogne et Franche-Comté;Jura;18-24 ans;Femmes;21.0;256.6;;39;27
2020;Bourgogne et Franche-Comté;Jura;25-44 ans;Femmes;58.0;209.9;;39;27
2020;Bourgogne et Franche-Comté;Jura;65 ans et plus;Femmes;22.0;62.8;;39;27
2020;Bourgogne et Franche-Comté;Jura;Tous;Femmes;238.0;179.5;184.1;39;27
2020;Bourgogne et Franche-Comté;Jura;18-24 ans;Hommes et Femmes;36.0;205.7;;39;27
2020;Bourgogne et Franche-Comté;Jura;45-64 ans;Hommes et Femmes;148.0;207.7;;39;27
2020;Nouvelle Aquitaine;Landes;18-24 ans;Hommes;18.0;135.4;;40;75
2020;Nouvelle Aquitaine;Landes;65 ans et plus;Hommes;21.0;44.2;;40;75
2020;Nouvelle Aquitaine;Landes;18-24 ans;Hommes et Femmes;49.0;198.5;;40;75
2020;Centre-Val de Loire;Loir-et-Cher;45-64 ans;Hommes;35.0;78.8;;41;24
2020;Centre-Val de Loire;Loir-et-Cher;00-17 ans;Femmes;77.0;234.8;;41;24
2020;Centre-Val de Loire;Loir-et-Cher;45-64 ans;Femmes;62.0;135.2;;41;24
2020;Centre-Val de Loire;Loir-et-Cher;00-17 ans;Hommes et Femmes;96.0;142.8;;41;24
2020;Centre-Val de Loire;Loir-et-Cher;25-44 ans;Hommes et Femmes;76.0;111.8;;41;24
2020;Auvergne et Rhône-Alpes;Loire;45-64 ans;Hommes;157.0;165.6;;42;84
2020;Auvergne et Rhône-Alpes;Loire;65 ans et plus;Hommes;39.0;52.2;;42;84
2020;Auvergne et Rhône-Alpes;Loire;Tous;Femmes;657.0;165.8;168.8;42;84
2020;Auvergne et Rhône-Alpes;Loire;00-17 ans;Hommes et Femmes;104.0;62.2;;42;84
2020;Auvergne et Rhône-Alpes;Loire;25-44 ans;Hommes et Femmes;355.0;209.1;;42;84
2020;Auvergne et Rhône-Alpes;Haute-Loire;25-44 ans;Hommes;50.0;212.9;;43;84
2020;Auvergne et Rhône-Alpes;Haute-Loire;45-64 ans;Hommes;58.0;180.6;;43;84
2020;Auvergne et Rhône-Alpes;Haute-Loire;18-24 ans;Femmes;22.0;321.0;;43;84
2020;Auvergne et Rhône-Alpes;Haute-Loire;25-44 ans;Femmes;48.0;206.7;;43;84
2020;Auvergne et Rhône-Alpes;Haute-Loire;45-64 ans;Femmes;65.0;204.3;;43;84
2020;Auvergne et Rhône-Alpes;Haute-Loire;65 ans et plus;Femmes;32.0;101.8;;43;84
2020;Auvergne et Rhône-Alpes;Haute-Loire;00-17 ans;Hommes et Femmes;29.0;63.4;;43;84
2020;Auvergne et Rhône-Alpes;Haute-Loire;25-44 ans;Hommes et Femmes;98.0;209.8;;43;84
2020;Pays de la Loire;Loire-Atlantique;65 ans et plus;Hommes;73.0;63.9;;44;52
2020;Pays de la Loire;Loire-Atlantique;00-17 ans;Femmes;164.0;103.4;;44;52
2020;Pays de la Loire;Loire-Atlantique;18-24 ans;Femmes;90.0;147.8;;44;52
2020;Pays de la Loire;Loire-Atlantique;18-24 ans;Hommes et Femmes;174.0;139.3;;44;52
2020;Pays de la Loire;Loire-Atlantique;45-64 ans;Hommes et Femmes;436.0;121.0;;44;52
2020;Pays de la Loire;Loire-Atlantique;65 ans et plus;Hommes et Femmes;171.0;63.2;;44;52
2020;Centre-Val de Loire;Loiret;18-24 ans;Hommes;40.0;143.0;;45;24
2020;Centre-Val de Loire;Loiret;18-24 ans;Femmes;60.0;235.9;;45;24
2020;Centre-Val de Loire;Loiret;45-64 ans;Femmes;154.0;173.2;;45;24
2020;Centre-Val de Loire;Loiret;25-44 ans;Hommes et Femmes;230.0;144.0;;45;24
2020;Centre-Val de Loire;Loiret;Tous;Hommes et Femmes;795.0;116.5;117.8;45;24
2020;Occitanie;Lot;18-24 ans;Hommes;29.0;581.0;;46;76
2020;Occitanie;Lot;18-24 ans;Femmes;16.0;377.3;;46;76
2020;Occitanie;Lot;45-64 ans;Femmes;62.0;240.1;;46;76
2020;Occitanie;Lot;45-64 ans;Hommes et Femmes;97.0;192.1;;46;76
2020;Occitanie;Lot;65 ans et plus;Hommes et Femmes;32.0;60.9;;46;76
2020;Occitanie;Lot;Tous;Hommes et Femmes;252.5;144.6;160.6;46;76
2020;Nouvelle Aquitaine;Lot-et-Garonne;00-17 ans;Hommes;11.0;33.5;;47;75
2020;Nouvelle Aquitaine;Lot-et-Garonne;18-24 ans;Hommes;10.0;91.8;;47;75
2020;Nouvelle Aquitaine;Lot-et-Garonne;Tous;Hommes;163.0;102.6;106.3;47;75
2020;Nouvelle Aquitaine;Lot-et-Garonne;18-24 ans;Femmes;33.0;321.0;;47;75
2020;Nouvelle Aquitaine;Lot-et-Garonne;25-44 ans;Femmes;70.0;204.7;;47;75
2020;Nouvelle Aquitaine;Lot-et-Garonne;45-64 ans;Femmes;85.0;182.5;;47;75
2020;Nouvelle Aquitaine;Lot-et-Garonne;25-44 ans;Hommes et Femmes;129.0;193.2;;47;75
2020;Nouvelle Aquitaine;Lot-et-Garonne;45-64 ans;Hommes et Femmes;144.0;159.9;;47;75
2020;Nouvelle Aquitaine;Lot-et-Garonne;65 ans et plus;Hommes et Femmes;54.0;60.7;;47;75
2020;Nouvelle Aquitaine;Lot-et-Garonne;Tous;Hommes et Femmes;417.0;126.0;132.4;47;75
2020;Occitanie;Lozère;18-24 ans;Hommes;2.5;91.5;;48;76
2020;Occitanie;Lozère;Tous;Hommes;25.0;65.3;67.9;48;76
2020;Occitanie;Lozère;65 ans et plus;Femmes;8.0;74.9;;48;76
2020;Occitanie;Lozère;25-44 ans;Hommes et Femmes;21.0;133.0;;48;76
2020;Pays de la Loire;Maine-et-Loire;18-24 ans;Hommes;46.0;124.7;;49;52
2020;Pays de la Loire;Maine-et-Loire;Tous;Hommes;346.0;86.8;87.5;49;52
2020;Pays de la Loire;Maine-et-Loire;18-24 ans;Femmes;101.0;272.3;;49;52
2020;Pays de la Loire;Maine-et-Loire;Tous;Femmes;515.0;122.1;120.3;49;52
2020;Pays de la Loire;Maine-et-Loire;65 ans et plus;Hommes et Femmes;88.0;52.3;;49;52
2020;Pays de la Loire;Maine-et-Loire;Tous;Hommes et Femmes;861.0;104.9;104.4;49;52
2020;Normandie;Manche;65 ans et plus;Hommes;34.0;62.9;;50;28
2020;Normandie;Manche;Tous;Hommes;343.0;141.8;146.7;50;28
2020;Normandie;Manche;Tous;Femmes;472.0;186.4;195.1;50;28
2020;Normandie;Manche;00-17 ans;Hommes et Femmes;152.0;155.4;;50;28
2020;Normandie;Manche;45-64 ans;Hommes et Femmes;240.0;175.5;;50;28
2020;Normandie;Manche;Tous;Hommes et Femmes;815.0;164.6;171.6;50;28
2020;Grand Est;Marne;00-17 ans;Hommes;27.0;44.0;;51;44
2020;Grand Est;Marne;18-24 ans;Hommes;40.0;147.9;;51;44
2020;Grand Est;Marne;Tous;Hommes;373.0;136.0;135.2;51;44
2020;Grand Est;Marne;00-17 ans;Femmes;104.0;175.9;;51;44
2020;Grand Est;Marne;25-44 ans;Femmes;126.0;185.2;;51;44
2020;Grand Est;Marne;45-64 ans;Hommes et Femmes;324.0;224.0;;51;44
2020;Grand Est;Haute-Marne;18-24 ans;Hommes;10.0;159.8;;52;44
2020;Grand Est;Haute-Marne;25-44 ans;Hommes;29.0;155.1;;52;44
2020;Grand Est;Haute-Marne;45-64 ans;Hommes;25.0;106.3;;52;44
2020;Grand Est;Haute-Marne;65 ans et plus;Hommes;9.0;47.2;;52;44
2020;Grand Est;Haute-Marne;00-17 ans;Hommes et Femmes;30.5;93.5;;52;44
2020;Grand Est;Haute-Marne;Tous;Hommes et Femmes;202.5;117.9;126.0;52;44
2020;Pays de la Loire;Mayenne;00-17 ans;Hommes;9.0;25.5;;53;52
2020;Pays de la Loire;Mayenne;18-24 ans;Hommes;20.0;163.6;;53;52
2020;Pays de la Loire;Mayenne;25-44 ans;Hommes;54.0;162.9;;53;52
2020;Pays de la Loire;Mayenne;Tous;Hommes;145.0;95.7;98.9;53;52
2020;Pays de la Loire;Mayenne;25-44 ans;Femmes;41.0;125.2;;53;52
2020;Pays de la Loire;Mayenne;00-17 ans;Hommes et Femmes;73.0;106.0;;53;52
2020;Pays de la Loire;Mayenne;45-64 ans;Hommes et Femmes;108.0;133.8;;53;52
2020;Pays de la Loire;Mayenne;Tous;Hommes et Femmes;362.0;118.1;120.6;53;52
2020;Grand Est;Meurthe-et-Moselle;00-17 ans;Hommes;40.0;52.0;;54;44
2020;Grand Est;Meurthe-et-Moselle;18-24 ans;Hommes;40.0;108.9;;54;44
2020;Grand Est;Meurthe-et-Moselle;25-44 ans;Hommes;125.0;139.9;;54;44
2020;Grand Est;Meurthe-et-Moselle;65 ans et plus;Hommes;33.0;53.2;;54;44
2020;Grand Est;Meurthe-et-Moselle;Tous;Hommes;344.0;96.7;95.4;54;44
2020;Grand Est;Meurthe-et-Moselle;00-17 ans;Hommes et Femmes;111.0;74.1;;54;44
2020;Grand Est;Meurthe-et-Moselle;45-64 ans;Hommes et Femmes;243.0;130.5;;54;44
2020;Grand Est;Meurthe-et-Moselle;Tous;Hommes et Femmes;734.0;100.2;98.8;54;44
2020;Grand Est;Meuse;18-24 ans;Hommes;8.0;115.6;;55;44
2020;Grand Est;Meuse;00-17 ans;Femmes;17.0;94.9;;55;44
2020;Bretagne;Morbihan;00-17 ans;Hommes;29.0;36.7;;56;53
2020;Bretagne;Morbihan;65 ans et plus;Femmes;88.0;80.9;;56;53
2020;Bretagne;Morbihan;18-24 ans;Hommes et Femmes;131.0;256.9;;56;53
2020;Bretagne;Morbihan;65 ans et plus;Hommes et Femmes;128.0;67.0;;56;53
2020;Bretagne;Morbihan;Tous;Hommes et Femmes;1201.0;157.2;164.3;56;53
2020;Grand Est;Moselle;25-44 ans;Hommes;179.0;138.7;;57;44
2020;Grand Est;Moselle;18-24 ans;Femmes;62.0;168.4;;57;44
2020;Grand Est;Moselle;25-44 ans;Femmes;133.0;103.6;;57;44
2020;Grand Est;Moselle;65 ans et plus;Femmes;77.0;64.0;;57;44
2020;Bourgogne et Franche-Comté;Nièvre;00-17 ans;Hommes;23.0;128.3;;58;27
2020;Bourgogne et Franche-Comté;Nièvre;18-24 ans;Hommes;9.0;133.2;;58;27
2020;Bourgogne et Franche-Comté;Nièvre;45-64 ans;Hommes;31.0;112.5;;58;27
2020;Hauts-de-France;Nord;18-24 ans;Hommes;313.0;249.7;;59;32
2020;Hauts-de-France;Nord;25-44 ans;Hommes;1087.0;337.0;;59;32
2020;Hauts-de-France;Nord;18-24 ans;Femmes;600.0;486.6;;59;32
2020;Hauts-de-France;Nord;45-64 ans;Femmes;1006.0;305.3;;59;32
2020;Hauts-de-France;Nord;18-24 ans;Hommes et Femmes;913.0;367.2;;59;32
2020;Hauts-de-France;Nord;25-44 ans;Hommes et Femmes;2080.0;317.5;;59;32
2020;Hauts-de-France;Nord;45-64 ans;Hommes et Femmes;1830.0;285.6;;59;32
2020;Hauts-de-France;Oise;18-24 ans;Hommes;55.0;166.5;;60;32
2020;Hauts-de-France;Oise;45-64 ans;Hommes;124.0;114.6;;60;32
2020;Hauts-de-France;Oise;Tous;Hommes;436.0;107.5;108.4;60;32
2020;Hauts-de-France;Oise;00-17 ans;Femmes;146.0;149.0;;60;32
2020;Hauts-de-France;Oise;25-44 ans;Femmes;143.0;137.3;;60;32
2020;Hauts-de-France;Oise;Tous;Femmes;649.0;153.0;151.4;60;32
2020;Hauts-de-France;Oise;00-17 ans;Hommes et Femmes;190.0;95.6;;60;32
2020;Hauts-de-France;Oise;25-44 ans;Hommes et Femmes;306.0;149.8;;60;32
2020;Normandie;Orne;18-24 ans;Hommes;33.0;334.4;;61;28
2020;Normandie;Orne;18-24 ans;Hommes et Femmes;58.0;308.2;;61;28
2020;Hauts-de-France;Pas-de-Calais;65 ans et plus;Hommes;85.0;72.6;;62;32
2020;Hauts-de-France;Pas-de-Calais;18-24 ans;Femmes;263.0;463.2;;62;32
2020;Hauts-de-France;Pas-de-Calais;65 ans et plus;Femmes;192.0;115.2;;62;32
2020;Hauts-de-France;Pas-de-Calais;18-24 ans;Hommes et Femmes;454.0;385.4;;62;32
2020;Auvergne et Rhône-Alpes;Puy-de-Dôme;65 ans et plus;Femmes;76.0;91.2;;63;84
2020;Auvergne et Rhône-Alpes;Puy-de-Dôme;18-24 ans;Hommes et Femmes;161.0;277.8;;63;84
2020;Auvergne et Rhône-Alpes;Puy-de-Dôme;25-44 ans;Hommes et Femmes;350.0;229.2;;63;84
2020;Auvergne et Rhône-Alpes;Puy-de-Dôme;65 ans et plus;Hommes et Femmes;120.0;82.1;;63;84
2020;Nouvelle Aquitaine;Pyrénées-Atlantiques;18-24 ans;Hommes;8.0;31.7;;64;75
2020;Nouvelle Aquitaine;Pyrénées-Atlantiques;Tous;Hommes;113.0;34.3;33.8;64;75
2020;Nouvelle Aquitaine;Pyrénées-Atlantiques;18-24 ans;Hommes et Femmes;31.0;64.5;;64;75
2020;Nouvelle Aquitaine;Pyrénées-Atlantiques;25-44 ans;Hommes et Femmes;73.0;48.0;;64;75
2020;Nouvelle Aquitaine;Pyrénées-Atlantiques;65 ans et plus;Hommes et Femmes;39.0;23.2;;64;75
2020;Occitanie;Hautes-Pyrénées;18-24 ans;Hommes;5.0;55.3;;65;76
2020;Occitanie;Hautes-Pyrénées;25-44 ans;Hommes;28.0;124.7;;65;76
2020;Occitanie;Hautes-Pyrénées;45-64 ans;Hommes;32.0;102.9;;65;76
2020;Occitanie;Hautes-Pyrénées;65 ans et plus;Hommes;19.0;69.9;;65;76
2020;Occitanie;Hautes-Pyrénées;18-24 ans;Femmes;24.0;337.3;;65;76
2020;Occitanie;Hautes-Pyrénées;65 ans et plus;Femmes;21.0;58.9;;65;76
2020;Occitanie;Hautes-Pyrénées;00-17 ans;Hommes et Femmes;34.0;83.6;;65;76
2020;Occitanie;Pyrénées-Orientales;00-17 ans;Hommes;17.0;35.2;;66;76
2020;Occitanie;Pyrénées-Orientales;18-24 ans;Hommes;16.0;95.6;;66;76
2020;Occitanie;Pyrénées-Orientales;00-17 ans;Femmes;53.0;115.3;;66;76
2020;Occitanie;Pyrénées-Orientales;18-24 ans;Femmes;24.0;152.1;;66;76
2020;Occitanie;Pyrénées-Orientales;18-24 ans;Hommes et Femmes;40.0;123.0;;66;76
2020;Occitanie;Pyrénées-Orientales;25-44 ans;Hommes et Femmes;145.0;145.6;;66;76
2020;Occitanie;Pyrénées-Orientales;45-64 ans;Hommes et Femmes;166.0;128.7;;66;76
2020;Occitanie;Pyrénées-Orientales;Tous;Hommes et Femmes;509.0;105.4;108.1;66;76
2020;Grand Est;Bas-Rhin;25-44 ans;Hommes;175.0;124.2;;67;44
2020;Grand Est;Bas-Rhin;00-17 ans;Hommes et Femmes;209.0;90.0;;67;44
2020;Grand Est;Bas-Rhin;25-44 ans;Hommes et Femmes;343.0;119.4;;67;44
2020;Grand Est;Bas-Rhin;65 ans et plus;Hommes et Femmes;116.0;53.4;;67;44
2020;Grand Est;Haut-Rhin;00-17 ans;Hommes;15.0;18.1;;68;44
2020;Grand Est;Haut-Rhin;65 ans et plus;Hommes;28.0;40.4;;68;44
2020;Grand Est;Haut-Rhin;Tous;Hommes;241.0;64.0;63.3;68;44
2020;Grand Est;Haut-Rhin;18-24 ans;Femmes;41.0;153.5;;68;44
2020;Grand Est;Haut-Rhin;25-44 ans;Hommes et Femmes;168.0;92.3;;68;44
2020;Grand Est;Haut-Rhin;45-64 ans;Hommes et Femmes;209.0;97.9;;68;44
2020;Grand Est;Haut-Rhin;65 ans et plus;Hommes et Femmes;69.0;44.3;;68;44
2020;Auvergne et Rhône-Alpes;Rhône;00-17 ans;Hommes;44.0;20.3;;69;84
2020;Auvergne et Rhône-Alpes;Rhône;18-24 ans;Hommes;95.0;101.4;;69;84
2020;Auvergne et Rhône-Alpes;Rhône;45-64 ans;Femmes;307.0;137.1;;69;84
2020;Auvergne et Rhône-Alpes;Rhône;65 ans et plus;Femmes;120.0;63.7;;69;84
2020;Bourgogne et Franche-Comté;Haute-Saône;45-64 ans;Hommes;47.0;143.0;;70;27
2020;Bourgogne et Franche-Comté;Haute-Saône;18-24 ans;Femmes;26.0;370.7;;70;27
2020;Bourgogne et Franche-Comté;Haute-Saône;65 ans et plus;Femmes;40.0;132.8;;70;27
2020;Bourgogne et Franche-Comté;Haute-Saône;00-17 ans;Hommes et Femmes;45.0;92.1;;70;27
2020;Bourgogne et Franche-Comté;Haute-Saône;18-24 ans;Hommes et Femmes;44.0;287.9;;70;27
2020;Bourgogne et Franche-Comté;Haute-Saône;45-64 ans;Hommes et Femmes;146.0;220.5;;70;27
2020;Bourgogne et Franche-Comté;Saône-et-Loire;18-24 ans;Hommes;49.0;255.7;;71;27
2020;Bourgogne et Franche-Comté;Saône-et-Loire;45-64 ans;Hommes;108.0;145.1;;71;27
2020;Bourgogne et Franche-Comté;Saône-et-Loire;00-17 ans;Femmes;110.0;211.1;;71;27
2020;Bourgogne et Franche-Comté;Saône-et-Loire;45-64 ans;Femmes;162.0;210.0;;71;27
2020;Bourgogne et Franche-Comté;Saône-et-Loire;45-64 ans;Hommes et Femmes;270.0;178.1;;71;27
2020;Bourgogne et Franche-Comté;Saône-et-Loire;Tous;Hommes et Femmes;885.0;160.6;169.5;71;27
2020;Pays de la Loire;Sarthe;25-44 ans;Hommes;64.0;105.5;;72;52
2020;Pays de la Loire;Sarthe;00-17 ans;Femmes;76.0;126.2;;72;52
2020;Pays de la Loire;Sarthe;25-44 ans;Femmes;63.0;101.1;;72;52
2020;Pays de la Loire;Sarthe;45-64 ans;Femmes;87.0;115.1;;72;52
2020;Auvergne et Rhône-Alpes;Savoie;00-17 ans;Hommes;22.0;46.4;;73;84
2020;Auvergne et Rhône-Alpes;Savoie;65 ans et plus;Hommes;24.0;60.0;;73;84
2020;Auvergne et Rhône-Alpes;Savoie;00-17 ans;Femmes;92.0;206.6;;73;84
2020;Auvergne et Rhône-Alpes;Savoie;18-24 ans;Femmes;41.0;271.9;;73;84
2020;Auvergne et Rhône-Alpes;Savoie;25-44 ans;Femmes;55.0;105.0;;73;84
2020;Auvergne et Rhône-Alpes;Savoie;65 ans et plus;Hommes et Femmes;48.0;52.2;;73;84
2020;Auvergne et Rhône-Alpes;Haute-Savoie;00-17 ans;Hommes;24.0;24.7;;74;84
2020;Auvergne et Rhône-Alpes;Haute-Savoie;25-44 ans;Hommes;123.0;108.9;;74;84
2020;Auvergne et Rhône-Alpes;Haute-Savoie;65 ans et plus;Hommes;28.0;44.4;;74;84
2020;Auvergne et Rhône-Alpes;Haute-Savoie;00-17 ans;Hommes et Femmes;122.0;64.6;;74;84
2020;Île-de-France;Paris;65 ans et plus;Hommes;65.0;42.3;;75;11
2020;Île-de-France;Paris;Tous;Hommes;503.0;49.9;48.0;75;11
2020;Île-de-France;Paris;00-17 ans;Femmes;128.0;72.9;;75;11
2020;Île-de-France;Paris;45-64 ans;Femmes;131.0;49.0;;75;11
2020;Île-de-France;Paris;65 ans et plus;Femmes;112.0;50.9;;75;11
2020;Île-de-France;Paris;00-17 ans;Hommes et Femmes;155.0;43.6;;75;11
2020;Île-de-France;Paris;45-64 ans;Hommes et Femmes;300.0;58.5;;75;11
2020;Île-de-France;Paris;65 ans et plus;Hommes et Femmes;177.0;47.3;;75;11
2020;Île-de-France;Paris;Tous;Hommes et Femmes;1155.0;53.8;52.9;75;11
2020;Normandie;Seine-Maritime;25-44 ans;Hommes;375.0;255.5;;76;28
2020;Normandie;Seine-Maritime;Tous;Femmes;1463.0;224.9;223.4;76;28
2020;Normandie;Seine-Maritime;18-24 ans;Hommes et Femmes;348.0;319.5;;76;28
2020;Île-de-France;Seine-et-Marne;65 ans et plus;Femmes;80.0;65.8;;77;11
2020;Île-de-France;Seine-et-Marne;00-17 ans;Hommes et Femmes;224.0;63.4;;77;11
2020;Île-de-France;Seine-et-Marne;Tous;Hommes et Femmes;1195.0;83.6;82.8;77;11
2020;Île-de-France;Yvelines;00-17 ans;Femmes;197.0;115.4;;78;11
2020;Île-de-France;Yvelines;25-44 ans;Hommes et Femmes;308.0;84.9;;78;11
2020;Île-de-France;Yvelines;45-64 ans;Hommes et Femmes;374.0;99.5;;78;11
2020;Île-de-France;Yvelines;65 ans et plus;Hommes et Femmes;143.0;58.6;;78;11
2020;Île-de-France;Yvelines;Tous;Hommes et Femmes;1265.0;87.3;86.6;78;11
2020;Nouvelle Aquitaine;Deux-Sèvres;Tous;Hommes;198.0;107.9;111.5;79;75
2020;Hauts-de-France;Somme;00-17 ans;Hommes;48.0;77.0;;80;32
2020;Hauts-de-France;Somme;25-44 ans;Hommes;324.0;493.3;;80;32
2020;Hauts-de-France;Somme;45-64 ans;Hommes;264.0;366.9;;80;32
2020;Hauts-de-France;Somme;65 ans et plus;Hommes;52.0;103.9;;80;32
2020;Hauts-de-France;Somme;Tous;Hommes;770.0;279.0;279.3;80;32
2020;Hauts-de-France;Somme;00-17 ans;Femmes;180.0;305.9;;80;32
2020;Hauts-de-France;Somme;18-24 ans;Femmes;160.0;616.4;;80;32
2020;Hauts-de-France;Somme;45-64 ans;Femmes;329.0;441.0;;80;32
2020;Hauts-de-France;Somme;00-17 ans;Hommes et Femmes;228.0;188.1;;80;32
2020;Hauts-de-France;Somme;18-24 ans;Hommes et Femmes;242.0;465.7;;80;32
2020;Hauts-de-France;Somme;65 ans et plus;Hommes et Femmes;140.0;120.1;;80;32
2020;Occitanie;Tarn;25-44 ans;Hommes;61.0;155.6;;81;76
2020;Occitanie;Tarn;Tous;Hommes;172.0;91.1;94.6;81;76
2020;Occitanie;Tarn;18-24 ans;Femmes;47.0;375.4;;81;76
2020;Occitanie;Tarn;45-64 ans;Hommes et Femmes;164.0;153.2;;81;76
2020;Occitanie;Tarn;Tous;Hommes et Femmes;491.0;125.6;131.2;81;76
2020;Occitanie;Tarn-et-Garonne;18-24 ans;Hommes;24.0;263.2;;82;76
2020;Occitanie;Tarn-et-Garonne;25-44 ans;Hommes;55.0;192.8;;82;76
2020;Occitanie;Tarn-et-Garonne;00-17 ans;Femmes;29.0;103.8;;82;76
2020;Occitanie;Tarn-et-Garonne;18-24 ans;Femmes;28.0;344.7;;82;76
2020;Provence-Alpes-Côte d'Azur;Var;00-17 ans;Hommes;28.0;26.9;;83;93
2020;Provence-Alpes-Côte d'Azur;Var;25-44 ans;Hommes;129.0;113.8;;83;93
2020;Provence-Alpes-Côte d'Azur;Var;25-44 ans;Femmes;177.0;150.8;;83;93
2020;Provence-Alpes-Côte d'Azur;Var;18-24 ans;Hommes et Femmes;108.0;147.0;;83;93
2020;Provence-Alpes-Côte d'Azur;Var;45-64 ans;Hommes et Femmes;405.0;139.5;;83;93
2020;Provence-Alpes-Côte d'Azur;Vaucluse;18-24 ans;Hommes;29.0;142.9;;84;93
2020;Provence-Alpes-Côte d'Azur;Vaucluse;25-44 ans;Femmes;82.0;126.7;;84;93
2020;Provence-Alpes-Côte d'Azur;Vaucluse;Tous;Femmes;329.0;112.6;113.7;84;93
2020;Provence-Alpes-Côte d'Azur;Vaucluse;Tous;Hommes et Femmes;564.0;100.4;101.9;84;93
2020;Pays de la Loire;Vendée;25-44 ans;Hommes;124.0;168.5;;85;52
2020;Pays de la Loire;Vendée;45-64 ans;Hommes;101.0;111.6;;85;52
2020;Pays de la Loire;Vendée;65 ans et plus;Hommes;30.0;39.0;;85;52
2020;Pays de la Loire;Vendée;00-17 ans;Femmes;150.0;213.3;;85;52
2020;Pays de la Loire;Vendée;18-24 ans;Hommes et Femmes;101.0;231.4;;85;52
2020;Pays de la Loire;Vendée;65 ans et plus;Hommes et Femmes;94.0;54.1;;85;52
2020;Nouvelle Aquitaine;Vienne;25-44 ans;Hommes;62.0;127.5;;86;75
2020;Nouvelle Aquitaine;Vienne;45-64 ans;Hommes;60.0;109.9;;86;75
2020;Nouvelle Aquitaine;Vienne;65 ans et plus;Hommes;24.0;56.0;;86;75
2020;Nouvelle Aquitaine;Vienne;00-17 ans;Femmes;36.0;82.0;;86;75
2020;Nouvelle Aquitaine;Vienne;18-24 ans;Femmes;45.0;210.2;;86;75
2020;Nouvelle Aquitaine;Vienne;00-17 ans;Hommes et Femmes;46.0;51.5;;86;75
2020;Nouvelle Aquitaine;Haute-Vienne;00-17 ans;Hommes;21.0;59.3;;87;75
2020;Nouvelle Aquitaine;Haute-Vienne;00-17 ans;Femmes;71.0;208.6;;87;75
2020;Nouvelle Aquitaine;Haute-Vienne;25-44 ans;Femmes;60.0;149.6;;87;75
2020;Nouvelle Aquitaine;Haute-Vienne;18-24 ans;Hommes et Femmes;71.0;227.4;;87;75
2020;Grand Est;Vosges;00-17 ans;Hommes;26.0;72.0;;88;44
2020;Grand Est;Vosges;18-24 ans;Hommes;46.0;344.1;;88;44
2020;Grand Est;Vosges;65 ans et plus;Hommes;25.0;64.4;;88;44
2020;Grand Est;Vosges;00-17 ans;Femmes;93.0;270.8;;88;44
2020;Grand Est;Vosges;25-44 ans;Femmes;100.0;264.0;;88;44
2020;Grand Est;Vosges;00-17 ans;Hommes et Femmes;119.0;168.9;;88;44
2020;Grand Est;Vosges;18-24 ans;Hommes et Femmes;99.0;397.7;;88;44
2020;Bourgogne et Franche-Comté;Yonne;00-17 ans;Hommes;11.0;31.2;;89;27
2020;Bourgogne et Franche-Comté;Yonne;25-44 ans;Hommes;51.0;145.8;;89;27
2020;Bourgogne et Franche-Comté;Yonne;18-24 ans;Femmes;38.0;397.1;;89;27
2020;Bourgogne et Franche-Comté;Yonne;25-44 ans;Femmes;55.0;154.3;;89;27
2020;Bourgogne et Franche-Comté;Yonne;00-17 ans;Hommes et Femmes;72.0;104.9;;89;27
2020;Bourgogne et Franche-Comté;Yonne;45-64 ans;Hommes et Femmes;124.0;136.1;;89;27
2020;Bourgogne et Franche-Comté;Territoire de Belfort;00-17 ans;Hommes;2.5;16.3;;90;27
2020;Bourgogne et Franche-Comté;Territoire de Belfort;45-64 ans;Hommes;27.0;148.0;;90;27
2020;Bourgogne et Franche-Comté;Territoire de Belfort;65 ans et plus;Hommes;9.0;72.7;;90;27
2020;Bourgogne et Franche-Comté;Territoire de Belfort;Tous;Hommes;78.0;112.2;113.0;90;27
2020;Bourgogne et Franche-Comté;Territoire de Belfort;00-17 ans;Hommes et Femmes;13.5;45.3;;90;27
2020;Île-de-France;Essonne;00-17 ans;Hommes;27.0;16.6;;91;11
2020;Île-de-France;Essonne;18-24 ans;Hommes;61.0;100.3;;91;11
2020;Île-de-France;Essonne;45-64 ans;Hommes;126.0;77.3;;91;11
2020;Île-de-France;Essonne;65 ans et plus;Hommes;45.0;51.1;;91;11
2020;Île-de-France;Essonne;Tous;Hommes;418.0;65.3;65.5;91;11
2020;Île-de-France;Essonne;25-44 ans;Femmes;163.0;94.1;;91;11
2020;Île-de-France;Essonne;65 ans et plus;Femmes;74.0;64.3;;91;11
2020;Île-de-France;Hauts-de-Seine;45-64 ans;Hommes;108.0;57.3;;92;11
2020;Île-de-France;Hauts-de-Seine;65 ans et plus;Femmes;82.0;55.6;;92;11
2020;Île-de-France;Hauts-de-Seine;Tous;Femmes;670.0;78.7;77.6;92;11
2020;Île-de-France;Hauts-de-Seine;00-17 ans;Hommes et Femmes;152.0;41.9;;92;11
2020;Île-de-France;Hauts-de-Seine;25-44 ans;Hommes et Femmes;270.0;57.0;;92;11
2020;Île-de-France;Hauts-de-Seine;65 ans et plus;Hommes et Femmes;127.0;50.5;;92;11
2020;Île-de-France;Seine-Saint-Denis;00-17 ans;Hommes;41.0;18.4;;93;11
2020;Île-de-France;Seine-Saint-Denis;65 ans et plus;Hommes;49.0;53.6;;93;11
2020;Île-de-France;Seine-Saint-Denis;00-17 ans;Femmes;113.0;52.8;;93;11
2020;Île-de-France;Seine-Saint-Denis;65 ans et plus;Hommes et Femmes;99.0;48.4;;93;11
2020;Île-de-France;Val-de-Marne;Tous;Hommes;332.0;49.0;49.3;94;11
2020;Île-de-France;Val-de-Marne;00-17 ans;Femmes;117.0;73.8;;94;11
2020;Île-de-France;Val-de-Marne;45-64 ans;Femmes;129.0;71.8;;94;11
2020;Île-de-France;Val-de-Marne;18-24 ans;Hommes et Femmes;130.0;102.6;;94;11
2020;Île-de-France;Val-d'Oise;00-17 ans;Hommes;24.0;14.5;;95;11
2020;Île-de-France;Val-d'Oise;18-24 ans;Hommes;38.0;67.8;;95;11
2020;Île-de-France;Val-d'Oise;Tous;Hommes;295.0;48.4;49.2;95;11
2020;Île-de-France;Val-d'Oise;25-44 ans;Femmes;154.0;88.7;;95;11
2020;Île-de-France;Val-d'Oise;45-64 ans;Femmes;172.0;108.8;;95;11
2020;Île-de-France;Val-d'Oise;65 ans et plus;Femmes;67.0;67.9;;95;11
2020;Île-de-France;Val-d'Oise;00-17 ans;Hommes et Femmes;127.0;39.3;;95;11
2020;Île-de-France;Val-d'Oise;18-24 ans;Hommes et Femmes;133.0;120.5;;95;11
2020;Île-de-France;Val-d'Oise;25-44 ans;Hommes et Femmes;269.0;80.3;;95;11
2020;Guadeloupe;Guadeloupe;18-24 ans;Hommes;6.0;41.6;;971;01
2020;Guadeloupe;Guadeloupe;25-44 ans;Hommes;15.0;46.5;;971;01
2020;Guadeloupe;Guadeloupe;45-64 ans;Hommes;10.0;19.0;;971;01
2020;Guadeloupe;Guadeloupe;65 ans et plus;Hommes;8.0;23.9;;971;01
2020;Guadeloupe;Guadeloupe;00-17 ans;Femmes;11.0;26.7;;971;01
2020;Guadeloupe;Guadeloupe;18-24 ans;Femmes;2.5;17.8;;971;01
2020;Martinique;Martinique;25-44 ans;Hommes;27.0;89.3;;972;02
2020;Martinique;Martinique;Tous;Hommes;150.0;90.9;87.7;972;02
2020;Martinique;Martinique;00-17 ans;Femmes;21.0;60.1;;972;02
2020;Martinique;Martinique;18-24 ans;Femmes;11.0;87.6;;972;02
2020;Guyane;Guyane;45-64 ans;Hommes;13.0;50.6;;973;03
2020;Guyane;Guyane;Tous;Hommes;51.5;37.2;44.0;973;03
2020;Guyane;Guyane;45-64 ans;Femmes;11.0;40.5;;973;03
2020;Guyane;Guyane;00-17 ans;Hommes et Femmes;53.0;48.8;;973;03
2020;Guyane;Guyane;Tous;Hommes et Femmes;173.0;60.7;54.1;973;03
2020;Réunion;Réunion;00-17 ans;Hommes;43.0;36.4;;974;04
2020;Réunion;Réunion;Tous;Hommes;421.0;102.2;103.7;974;04
2020;Réunion;Réunion;00-17 ans;Femmes;209.0;182.8;;974;04
2020;Réunion;Réunion;00-17 ans;Hommes et Femmes;252.0;108.5;;974;04
2020;Réunion;Réunion;65 ans et plus;Hommes et Femmes;70.0;63.0;;974;04
2020;Mayotte;Mayotte;00-17 ans;Hommes;2.5;3.6;;976;06
2020;Mayotte;Mayotte;18-24 ans;Femmes;2.5;16.7;;976;06
2020;Mayotte;Mayotte;00-17 ans;Hommes et Femmes;5.0;3.5;;976;06
2020;Mayotte;Mayotte;Tous;Hommes et Femmes;15.0;5.4;4.9;976;06
2020;Saint-Barthélemy;Saint-Barthélemy;00-17 ans;Hommes;0.0;;;977;977
2020;Saint-Barthélemy;Saint-Barthélemy;00-17 ans;Femmes;0.0;;;977;977
2020;Saint-Barthélemy;Saint-Barthélemy;18-24 ans;Femmes;0.0;;;977;977
2020;Saint-Barthélemy;Saint-Barthélemy;25-44 ans;Femmes;2.5;;;977;977
2020;Saint-Barthélemy;Saint-Barthélemy;45-64 ans;Femmes;2.5;;;977;977
2020;Saint-Barthélemy;Saint-Barthélemy;18-24 ans;Hommes et Femmes;0.0;;;977;977
2020;Saint-Barthélemy;Saint-Barthélemy;45-64 ans;Hommes et Femmes;2.5;;;977;977
2020;Saint-Martin;Saint-Martin;25-44 ans;Hommes;5.0;;;978;978
2020;Saint-Martin;Saint-Martin;45-64 ans;Hommes;2.5;;;978;978
2020;Saint-Martin;Saint-Martin;Tous;Hommes;7.5;;;978;978
2020;Saint-Martin;Saint-Martin;00-17 ans;Femmes;2.5;;;978;978
2020;Saint-Martin;Saint-Martin;65 ans et plus;Femmes;2.5;;;978;978
2020;Saint-Martin;Saint-Martin;18-24 ans;Hommes et Femmes;0.0;;;978;978
2020;Saint-Martin;Saint-Martin;45-64 ans;Hommes et Femmes;7.0;;;978;978
2020;Saint-Martin;Saint-Martin;65 ans et plus;Hommes et Femmes;2.5;;;978;978
2020;Auvergne et Rhône-Alpes;Ain;00-17 ans;Femmes;48.0;63.8;;01;84
2020;Auvergne et Rhône-Alpes;Ain;45-64 ans;Femmes;91.0;102.5;;01;84
2020;Auvergne et Rhône-Alpes;Ain;65 ans et plus;Femmes;33.0;49.8;;01;84
2020;Auvergne et Rhône-Alpes;Ain;00-17 ans;Hommes et Femmes;61.0;39.3;;01;84
2020;Auvergne et Rhône-Alpes;Ain;25-44 ans;Hommes et Femmes;167.0;103.5;;01;84
2020;Auvergne et Rhône-Alpes;Ain;45-64 ans;Hommes et Femmes;160.0;90.7;;01;84
2020;Auvergne et Rhône-Alpes;Ain;65 ans et plus;Hommes et Femmes;49.0;40.9;;01;84
2020;Auvergne et Rhône-Alpes;Ain;Tous;Hommes et Femmes;508.0;77.2;78.2;01;84
2020;Hauts-de-France;Aisne;45-64 ans;Hommes;133.0;192.4;;02;32
2020;Hauts-de-France;Aisne;45-64 ans;Femmes;178.0;249.8;;02;32
2020;Hauts-de-France;Aisne;65 ans et plus;Femmes;74.0;117.2;;02;32
2020;Hauts-de-France;Aisne;Tous;Femmes;606.0;223.6;224.3;02;32
2020;Hauts-de-France;Aisne;45-64 ans;Hommes et Femmes;311.0;221.5;;02;32
2020;Auvergne et Rhône-Alpes;Allier;18-24 ans;Hommes;19.0;155.3;;03;84
2020;Auvergne et Rhône-Alpes;Allier;25-44 ans;Hommes;51.0;157.5;;03;84
2020;Auvergne et Rhône-Alpes;Allier;45-64 ans;Hommes;35.0;77.4;;03;84
2020;Auvergne et Rhône-Alpes;Allier;18-24 ans;Femmes;17.0;160.7;;03;84
2020;Auvergne et Rhône-Alpes;Allier;65 ans et plus;Femmes;27.0;49.9;;03;84
2020;Auvergne et Rhône-Alpes;Allier;45-64 ans;Hommes et Femmes;98.0;106.0;;03;84
2020;Auvergne et Rhône-Alpes;Allier;65 ans et plus;Hommes et Femmes;47.0;49.9;;03;84
2020;Provence-Alpes-Côte d'Azur;Alpes-de-Haute-Provence;00-17 ans;Hommes;7.0;43.7;;04;93
2020;Provence-Alpes-Côte d'Azur;Alpes-de-Haute-Provence;18-24 ans;Hommes;5.0;92.8;;04;93
2020;Provence-Alpes-Côte d'Azur;Alpes-de-Haute-Provence;65 ans et plus;Hommes;13.0;65.8;;04;93
2020;Provence-Alpes-Côte d'Azur;Alpes-de-Haute-Provence;Tous;Hommes;89.0;111.1;112.1;04;93
2020;Provence-Alpes-Côte d'Azur;Alpes-de-Haute-Provence;00-17 ans;Femmes;14.0;92.1;;04;93
2020;Provence-Alpes-Côte d'Azur;Alpes-de-Haute-Provence;18-24 ans;Femmes;12.0;260.1;;04;93
2020;Provence-Alpes-Côte d'Azur;Alpes-de-Haute-Provence;Tous;Femmes;119.0;139.5;142.6;04;93
2020;Provence-Alpes-Côte d'Azur;Hautes-Alpes;00-17 ans;Hommes;2.5;18.1;;05;93
2020;Provence-Alpes-Côte d'Azur;Hautes-Alpes;25-44 ans;Hommes;23.0;156.3;;05;93
2020;Provence-Alpes-Côte d'Azur;Hautes-Alpes;00-17 ans;Femmes;25.0;191.7;;05;93
2020;Provence-Alpes-Côte d'Azur;Hautes-Alpes;65 ans et plus;Femmes;16.0;80.8;;05;93
2020;Provence-Alpes-Côte d'Azur;Hautes-Alpes;45-64 ans;Hommes et Femmes;85.0;212.1;;05;93
2020;Provence-Alpes-Côte d'Azur;Alpes-Maritimes;18-24 ans;Hommes;46.0;114.2;;06;93
2020;Provence-Alpes-Côte d'Azur;Alpes-Maritimes;45-64 ans;Hommes;165.0;119.7;;06;93
2020;Provence-Alpes-Côte d'Azur;Alpes-Maritimes;Tous;Hommes;493.0;95.0;95.4;06;93
2020;Provence-Alpes-Côte d'Azur;Alpes-Maritimes;45-64 ans;Femmes;252.0;166.1;;06;93
2020;Provence-Alpes-Côte d'Azur;Alpes-Maritimes;65 ans et plus;Femmes;150.0;95.0;;06;93
2020;Provence-Alpes-Côte d'Azur;Alpes-Maritimes;Tous;Hommes et Femmes;1242.0;113.2;113.7;06;93
2020;Auvergne et Rhône-Alpes;Ardèche;00-17 ans;Hommes;16.0;47.7;;07;84
2020;Auvergne et Rhône-Alpes;Ardèche;25-44 ans;Hommes;61.0;183.2;;07;84
2020;Auvergne et Rhône-Alpes;Ardèche;65 ans et plus;Hommes;20.0;53.3;;07;84
2020;Auvergne et Rhône-Alpes;Ardèche;18-24 ans;Femmes;20.0;209.6;;07;84
2020;Auvergne et Rhône-Alpes;Ardèche;65 ans et plus;Femmes;20.0;43.0;;07;84
2020;Auvergne et Rhône-Alpes;Ardèche;Tous;Femmes;221.0;131.2;136.4;07;84
2020;Grand Est;Ardennes;45-64 ans;Femmes;105.0;278.1;;08;44
2020;Grand Est;Ardennes;65 ans et plus;Femmes;35.0;104.1;;08;44
2020;Grand Est;Ardennes;25-44 ans;Hommes et Femmes;161.0;268.3;;08;44
2020;Grand Est;Ardennes;45-64 ans;Hommes et Femmes;178.0;238.2;;08;44
2020;Occitanie;Ariège;45-64 ans;Hommes;29.0;136.0;;09;76
2020;Occitanie;Ariège;65 ans et plus;Hommes;9.0;48.9;;09;76
2020;Occitanie;Ariège;65 ans et plus;Femmes;15.0;66.4;;09;76
2020;Occitanie;Ariège;00-17 ans;Hommes et Femmes;22.0;76.8;;09;76
2020;Occitanie;Ariège;45-64 ans;Hommes et Femmes;68.0;156.8;;09;76
2020;Corse;Corse-du-Sud;00-17 ans;Hommes;2.5;16.3;;2A;94
2020;Corse;Corse-du-Sud;18-24 ans;Hommes;2.5;52.3;;2A;94
2020;Corse;Corse-du-Sud;45-64 ans;Hommes;9.0;41.5;;2A;94
2020;Corse;Corse-du-Sud;65 ans et plus;Hommes;2.5;14.1;;2A;94
2020;Corse;Corse-du-Sud;00-17 ans;Hommes et Femmes;9.5;31.9;;2A;94
2020;Corse;Corse-du-Sud;18-24 ans;Hommes et Femmes;8.5;92.0;;2A;94
2020;Corse;Corse-du-Sud;25-44 ans;Hommes et Femmes;32.0;83.4;;2A;94
2020;Corse;Haute-Corse;00-17 ans;Hommes;0.0;0.0;;2B;94
2020;Corse;Haute-Corse;18-24 ans;Hommes;2.5;36.3;;2B;94
2020;Corse;Haute-Corse;25-44 ans;Hommes;9.0;41.7;;2B;94
2020;Corse;Haute-Corse;45-64 ans;Hommes;10.0;41.4;;2B;94
2020;Corse;Haute-Corse;65 ans et plus;Hommes;6.0;30.5;;2B;94
2020;Corse;Haute-Corse;00-17 ans;Femmes;2.5;15.8;;2B;94
2020;Corse;Haute-Corse;65 ans et plus;Femmes;11.0;46.6;;2B;94
2020;Corse;Haute-Corse;Tous;Femmes;62.5;66.8;67.6;2B;94
2020;Corse;Haute-Corse;65 ans et plus;Hommes et Femmes;17.0;39.3;;2B;94
2020;Corse;Haute-Corse;Tous;Hommes et Femmes;91.0;49.8;49.0;2B;94
2019;Saint-Martin;Saint-Martin;65 ans et plus;Femmes;0.0;;;978;978
2019;Saint-Martin;Saint-Martin;00-17 ans;Hommes et Femmes;2.5;;;978;978
2019;Saint-Martin;Saint-Martin;25-44 ans;Hommes et Femmes;6.0;;;978;978
2019;Saint-Martin;Saint-Martin;Tous;Hommes et Femmes;16.0;;;978;978
2019;Auvergne et Rhône-Alpes;Ain;00-17 ans;Hommes;19.0;23.8;;01;84
2019;Auvergne et Rhône-Alpes;Ain;18-24 ans;Hommes;21.0;90.0;;01;84
2019;Auvergne et Rhône-Alpes;Ain;25-44 ans;Hommes;86.0;107.6;;01;84
2019;Auvergne et Rhône-Alpes;Ain;18-24 ans;Femmes;54.0;250.8;;01;84
2019;Auvergne et Rhône-Alpes;Ain;25-44 ans;Femmes;83.0;101.9;;01;84
2019;Auvergne et Rhône-Alpes;Ain;65 ans et plus;Femmes;42.0;64.7;;01;84
2019;Auvergne et Rhône-Alpes;Ain;00-17 ans;Hommes et Femmes;91.0;58.8;;01;84
2019;Hauts-de-France;Aisne;18-24 ans;Hommes;57.0;279.0;;02;32
2019;Hauts-de-France;Aisne;45-64 ans;Hommes;113.0;161.8;;02;32
2019;Hauts-de-France;Aisne;65 ans et plus;Hommes;29.0;61.4;;02;32
2019;Hauts-de-France;Aisne;00-17 ans;Femmes;171.0;291.9;;02;32
2019;Hauts-de-France;Aisne;25-44 ans;Femmes;165.0;271.3;;02;32
2019;Hauts-de-France;Aisne;65 ans et plus;Femmes;69.0;110.7;;02;32
2019;Hauts-de-France;Aisne;65 ans et plus;Hommes et Femmes;98.0;89.4;;02;32
2019;Auvergne et Rhône-Alpes;Allier;00-17 ans;Hommes;15.0;47.4;;03;84
2019;Auvergne et Rhône-Alpes;Allier;18-24 ans;Hommes;16.0;134.7;;03;84
2019;Auvergne et Rhône-Alpes;Allier;45-64 ans;Hommes;60.0;131.9;;03;84
2019;Auvergne et Rhône-Alpes;Allier;00-17 ans;Femmes;60.0;197.5;;03;84
2019;Auvergne et Rhône-Alpes;Allier;18-24 ans;Hommes et Femmes;33.0;148.7;;03;84
2019;Provence-Alpes-Côte d'Azur;Alpes-de-Haute-Provence;00-17 ans;Hommes;2.5;15.3;;04;93
2019;Provence-Alpes-Côte d'Azur;Alpes-de-Haute-Provence;00-17 ans;Femmes;19.0;125.9;;04;93
2019;Provence-Alpes-Côte d'Azur;Alpes-de-Haute-Provence;65 ans et plus;Femmes;24.0;100.1;;04;93
2019;Provence-Alpes-Côte d'Azur;Alpes-de-Haute-Provence;Tous;Femmes;139.0;164.6;170.6;04;93
2019;Provence-Alpes-Côte d'Azur;Alpes-de-Haute-Provence;25-44 ans;Hommes et Femmes;52.0;157.7;;04;93
2019;Provence-Alpes-Côte d'Azur;Alpes-de-Haute-Provence;Tous;Hommes et Femmes;210.5;128.1;134.7;04;93
2019;Provence-Alpes-Côte d'Azur;Hautes-Alpes;45-64 ans;Femmes;30.0;146.3;;05;93
2019;Provence-Alpes-Côte d'Azur;Hautes-Alpes;25-44 ans;Hommes et Femmes;54.0;178.3;;05;93
2019;Provence-Alpes-Côte d'Azur;Alpes-Maritimes;00-17 ans;Hommes;37.0;34.6;;06;93
2019;Provence-Alpes-Côte d'Azur;Alpes-Maritimes;65 ans et plus;Hommes;102.0;91.2;;06;93
2019;Provence-Alpes-Côte d'Azur;Alpes-Maritimes;25-44 ans;Femmes;192.0;148.3;;06;93
2019;Provence-Alpes-Côte d'Azur;Alpes-Maritimes;45-64 ans;Femmes;247.0;163.1;;06;93
2019;Provence-Alpes-Côte d'Azur;Alpes-Maritimes;65 ans et plus;Femmes;140.0;90.3;;06;93
2019;Provence-Alpes-Côte d'Azur;Alpes-Maritimes;18-24 ans;Hommes et Femmes;158.0;200.6;;06;93
2019;Auvergne et Rhône-Alpes;Ardèche;00-17 ans;Hommes;14.0;41.3;;07;84
2019;Auvergne et Rhône-Alpes;Ardèche;18-24 ans;Hommes;21.0;204.3;;07;84
2019;Auvergne et Rhône-Alpes;Ardèche;45-64 ans;Hommes;59.0;128.3;;07;84
2019;Auvergne et Rhône-Alpes;Ardèche;65 ans et plus;Hommes;19.0;52.0;;07;84
2019;Auvergne et Rhône-Alpes;Ardèche;25-44 ans;Femmes;53.0;155.2;;07;84
2019;Auvergne et Rhône-Alpes;Ardèche;65 ans et plus;Femmes;31.0;68.1;;07;84
2019;Auvergne et Rhône-Alpes;Ardèche;Tous;Femmes;258.0;153.5;158.0;07;84
2019;Auvergne et Rhône-Alpes;Ardèche;Tous;Hommes et Femmes;436.0;132.8;138.2;07;84
2019;Grand Est;Ardennes;18-24 ans;Femmes;24.0;275.6;;08;44
2019;Grand Est;Ardennes;Tous;Femmes;264.0;190.7;191.8;08;44
2019;Grand Est;Ardennes;65 ans et plus;Hommes et Femmes;47.0;80.5;;08;44
2019;Occitanie;Ariège;18-24 ans;Hommes;5.0;103.3;;09;76
2019;Occitanie;Ariège;Tous;Hommes;75.5;100.6;104.8;09;76
2019;Occitanie;Ariège;45-64 ans;Femmes;50.0;226.6;;09;76
2019;Occitanie;Ariège;Tous;Femmes;166.0;212.2;222.0;09;76
2019;Occitanie;Ariège;65 ans et plus;Hommes et Femmes;45.0;111.4;;09;76
2019;Occitanie;Ariège;Tous;Hommes et Femmes;241.5;157.5;165.2;09;76
2019;Corse;Corse-du-Sud;18-24 ans;Hommes;2.5;52.8;;2A;94
2019;Corse;Corse-du-Sud;65 ans et plus;Hommes;2.5;14.7;;2A;94
2019;Corse;Corse-du-Sud;18-24 ans;Femmes;6.0;137.2;;2A;94
2019;Corse;Corse-du-Sud;45-64 ans;Femmes;11.0;49.4;;2A;94
2019;Corse;Corse-du-Sud;00-17 ans;Hommes et Femmes;8.5;28.9;;2A;94
2019;Corse;Corse-du-Sud;65 ans et plus;Hommes et Femmes;8.5;22.3;;2A;94
2019;Corse;Haute-Corse;00-17 ans;Hommes;2.5;14.4;;2B;94
2019;Corse;Haute-Corse;18-24 ans;Femmes;12.0;186.0;;2B;94
2019;Corse;Haute-Corse;Tous;Femmes;89.0;95.9;95.1;2B;94
2019;Corse;Haute-Corse;00-17 ans;Hommes et Femmes;8.5;25.4;;2B;94
2019;Corse;Haute-Corse;18-24 ans;Hommes et Femmes;22.0;164.7;;2B;94
2019;Corse;Haute-Corse;25-44 ans;Hommes et Femmes;37.0;84.4;;2B;94
2019;Corse;Haute-Corse;45-64 ans;Hommes et Femmes;51.0;104.0;;2B;94
2019;Corse;Haute-Corse;65 ans et plus;Hommes et Femmes;20.0;47.4;;2B;94
2019;Grand Est;Aube;25-44 ans;Hommes;66.0;188.5;;10;44
2019;Grand Est;Aube;00-17 ans;Femmes;95.0;288.3;;10;44
2019;Grand Est;Aube;25-44 ans;Femmes;74.0;206.6;;10;44
2019;Grand Est;Aube;65 ans et plus;Femmes;40.0;104.6;;10;44
2019;Grand Est;Aube;18-24 ans;Hommes et Femmes;75.0;303.3;;10;44
2019;Grand Est;Aube;45-64 ans;Hommes et Femmes;152.0;190.6;;10;44
2019;Occitanie;Aude;45-64 ans;Hommes;43.0;86.9;;11;76
2019;Occitanie;Aude;65 ans et plus;Hommes;20.0;46.5;;11;76
2019;Occitanie;Aude;00-17 ans;Femmes;27.0;76.1;;11;76
2019;Occitanie;Aude;45-64 ans;Femmes;74.0;139.2;;11;76
2019;Occitanie;Aude;Tous;Femmes;216.0;111.2;115.2;11;76
2019;Occitanie;Aude;25-44 ans;Hommes et Femmes;96.0;125.5;;11;76
2019;Occitanie;Aude;65 ans et plus;Hommes et Femmes;56.0;57.2;;11;76
2019;Occitanie;Aveyron;18-24 ans;Hommes;11.0;113.0;;12;76
2019;Occitanie;Aveyron;25-44 ans;Hommes;54.0;189.2;;12;76
2019;Occitanie;Aveyron;Tous;Hommes;120.5;87.3;93.2;12;76
2019;Occitanie;Aveyron;45-64 ans;Femmes;48.0;124.1;;12;76
2019;Occitanie;Aveyron;Tous;Femmes;159.0;112.3;125.4;12;76
2019;Occitanie;Aveyron;65 ans et plus;Hommes et Femmes;30.0;39.0;;12;76
2019;Occitanie;Aveyron;Tous;Hommes et Femmes;279.5;100.0;109.8;12;76
2019;Provence-Alpes-Côte d'Azur;Bouches-du-Rhône;00-17 ans;Hommes et Femmes;308.0;70.8;;13;93
2019;Provence-Alpes-Côte d'Azur;Bouches-du-Rhône;25-44 ans;Hommes et Femmes;453.0;91.5;;13;93
2019;Provence-Alpes-Côte d'Azur;Bouches-du-Rhône;Tous;Hommes et Femmes;1685.0;82.5;82.0;13;93
2019;Normandie;Calvados;18-24 ans;Hommes;68.0;216.4;;14;28
2019;Normandie;Calvados;25-44 ans;Hommes;186.0;240.6;;14;28
2019;Normandie;Calvados;45-64 ans;Hommes;128.0;146.1;;14;28
2019;Normandie;Calvados;65 ans et plus;Hommes;30.0;47.1;;14;28
2019;Normandie;Calvados;18-24 ans;Femmes;102.0;331.4;;14;28
2019;Normandie;Calvados;25-44 ans;Femmes;164.0;205.5;;14;28
2019;Normandie;Calvados;45-64 ans;Femmes;175.0;188.1;;14;28
2019;Normandie;Calvados;45-64 ans;Hommes et Femmes;303.0;167.8;;14;28
2019;Normandie;Calvados;Tous;Hommes et Femmes;1105.0;159.0;159.4;14;28
2019;Auvergne et Rhône-Alpes;Cantal;25-44 ans;Hommes;17.0;117.9;;15;84
2019;Auvergne et Rhône-Alpes;Cantal;45-64 ans;Hommes;17.0;79.6;;15;84
2019;Auvergne et Rhône-Alpes;Cantal;65 ans et plus;Hommes;7.0;39.1;;15;84
2019;Auvergne et Rhône-Alpes;Cantal;Tous;Hommes;48.5;68.6;73.5;15;84
2019;Auvergne et Rhône-Alpes;Cantal;25-44 ans;Femmes;15.0;106.6;;15;84
2019;Auvergne et Rhône-Alpes;Cantal;45-64 ans;Femmes;17.0;81.4;;15;84
2019;Auvergne et Rhône-Alpes;Cantal;18-24 ans;Hommes et Femmes;7.5;89.5;;15;84
2019;Auvergne et Rhône-Alpes;Cantal;65 ans et plus;Hommes et Femmes;15.0;36.8;;15;84
2019;Auvergne et Rhône-Alpes;Cantal;Tous;Hommes et Femmes;108.0;74.6;79.1;15;84
2019;Nouvelle Aquitaine;Charente;00-17 ans;Hommes;14.0;41.2;;16;75
2019;Nouvelle Aquitaine;Charente;18-24 ans;Hommes;32.0;260.8;;16;75
2019;Nouvelle Aquitaine;Charente;25-44 ans;Hommes;80.0;217.0;;16;75
2019;Nouvelle Aquitaine;Charente;45-64 ans;Hommes;82.0;169.6;;16;75
2019;Nouvelle Aquitaine;Charente;65 ans et plus;Hommes;35.0;89.9;;16;75
2019;Nouvelle Aquitaine;Charente;00-17 ans;Femmes;41.0;127.2;;16;75
2019;Nouvelle Aquitaine;Charente;25-44 ans;Femmes;82.0;220.1;;16;75
2019;Nouvelle Aquitaine;Charente;65 ans et plus;Femmes;37.0;73.8;;16;75
2019;Nouvelle Aquitaine;Charente;18-24 ans;Hommes et Femmes;74.0;316.6;;16;75
2019;Nouvelle Aquitaine;Charente;65 ans et plus;Hommes et Femmes;72.0;80.8;;16;75
2019;Nouvelle Aquitaine;Charente-Maritime;00-17 ans;Hommes;29.0;47.8;;17;75
2019;Nouvelle Aquitaine;Charente-Maritime;25-44 ans;Hommes;167.0;261.1;;17;75
2019;Nouvelle Aquitaine;Charente-Maritime;18-24 ans;Femmes;91.0;459.0;;17;75
2019;Nouvelle Aquitaine;Charente-Maritime;25-44 ans;Femmes;182.0;273.4;;17;75
2019;Nouvelle Aquitaine;Charente-Maritime;65 ans et plus;Femmes;95.0;92.9;;17;75
2019;Nouvelle Aquitaine;Charente-Maritime;Tous;Femmes;716.0;210.7;226.4;17;75
2019;Nouvelle Aquitaine;Charente-Maritime;25-44 ans;Hommes et Femmes;349.0;267.4;;17;75
2019;Centre-Val de Loire;Cher;00-17 ans;Femmes;34.0;120.0;;18;24
2019;Centre-Val de Loire;Cher;25-44 ans;Femmes;66.0;210.1;;18;24
2019;Centre-Val de Loire;Cher;Tous;Hommes et Femmes;378.0;125.0;129.2;18;24
2019;Nouvelle Aquitaine;Corrèze;25-44 ans;Hommes;42.0;174.1;;19;75
2019;Nouvelle Aquitaine;Corrèze;45-64 ans;Hommes;48.0;145.9;;19;75
2019;Nouvelle Aquitaine;Corrèze;Tous;Hommes;131.0;112.4;115.7;19;75
2019;Nouvelle Aquitaine;Corrèze;25-44 ans;Femmes;45.0;188.8;;19;75
2019;Bourgogne et Franche-Comté;Côte-d'Or;18-24 ans;Hommes;43.0;170.6;;21;27
2019;Bourgogne et Franche-Comté;Côte-d'Or;25-44 ans;Hommes;158.0;254.4;;21;27
2019;Bourgogne et Franche-Comté;Côte-d'Or;65 ans et plus;Hommes;27.0;55.7;;21;27
2019;Bourgogne et Franche-Comté;Côte-d'Or;18-24 ans;Hommes et Femmes;144.0;278.1;;21;27
2019;Bourgogne et Franche-Comté;Côte-d'Or;65 ans et plus;Hommes et Femmes;82.0;73.0;;21;27
2019;Bretagne;Côtes-d'Armor;18-24 ans;Femmes;74.0;416.0;;22;53
2019;Bretagne;Côtes-d'Armor;45-64 ans;Femmes;305.0;367.9;;22;53
2019;Bretagne;Côtes-d'Armor;25-44 ans;Hommes et Femmes;437.0;365.5;;22;53
2019;Bretagne;Côtes-d'Armor;Tous;Hommes et Femmes;1399.0;232.9;245.3;22;53
2019;Nouvelle Aquitaine;Creuse;18-24 ans;Hommes;2.5;70.0;;23;75
2019;Nouvelle Aquitaine;Creuse;25-44 ans;Femmes;18.0;170.6;;23;75
2019;Nouvelle Aquitaine;Creuse;45-64 ans;Femmes;36.0;208.9;;23;75
2019;Nouvelle Aquitaine;Dordogne;18-24 ans;Hommes;17.0;134.0;;24;75
2019;Nouvelle Aquitaine;Dordogne;45-64 ans;Hommes et Femmes;173.0;145.3;;24;75
2019;Bourgogne et Franche-Comté;Doubs;25-44 ans;Femmes;157.0;237.0;;25;27
2019;Bourgogne et Franche-Comté;Doubs;65 ans et plus;Femmes;37.0;61.6;;25;27
2019;Bourgogne et Franche-Comté;Doubs;00-17 ans;Hommes et Femmes;77.0;64.0;;25;27
2019;Bourgogne et Franche-Comté;Doubs;18-24 ans;Hommes et Femmes;116.0;243.6;;25;27
2019;Bourgogne et Franche-Comté;Doubs;45-64 ans;Hommes et Femmes;212.0;155.3;;25;27
2019;Auvergne et Rhône-Alpes;Drôme;18-24 ans;Hommes;26.0;141.1;;26;84
2019;Auvergne et Rhône-Alpes;Drôme;25-44 ans;Hommes;84.0;147.0;;26;84
2019;Auvergne et Rhône-Alpes;Drôme;Tous;Hommes;243.0;97.1;99.3;26;84
2019;Auvergne et Rhône-Alpes;Drôme;45-64 ans;Femmes;101.0;143.4;;26;84
2019;Auvergne et Rhône-Alpes;Drôme;65 ans et plus;Femmes;41.0;64.0;;26;84
2019;Auvergne et Rhône-Alpes;Drôme;Tous;Femmes;356.0;133.6;136.9;26;84
2019;Auvergne et Rhône-Alpes;Drôme;45-64 ans;Hommes et Femmes;187.0;136.3;;26;84
2019;Auvergne et Rhône-Alpes;Drôme;65 ans et plus;Hommes et Femmes;68.0;59.9;;26;84
2019;Auvergne et Rhône-Alpes;Drôme;Tous;Hommes et Femmes;599.0;115.9;118.6;26;84
2019;Normandie;Eure;45-64 ans;Hommes;107.0;134.4;;27;28
2019;Normandie;Eure;65 ans et plus;Hommes;34.0;66.8;;27;28
2019;Normandie;Eure;65 ans et plus;Femmes;61.0;93.1;;27;28
2019;Normandie;Eure;Tous;Femmes;620.0;201.8;201.6;27;28
2019;Normandie;Eure;00-17 ans;Hommes et Femmes;186.0;132.5;;27;28
2019;Normandie;Eure;18-24 ans;Hommes et Femmes;124.0;299.8;;27;28
2019;Normandie;Eure;25-44 ans;Hommes et Femmes;274.0;196.2;;27;28
2019;Normandie;Eure;45-64 ans;Hommes et Femmes;285.0;176.3;;27;28
2019;Centre-Val de Loire;Eure-et-Loir;45-64 ans;Hommes;90.0;158.4;;28;24
2019;Centre-Val de Loire;Eure-et-Loir;Tous;Hommes;247.0;117.0;119.4;28;24
2019;Centre-Val de Loire;Eure-et-Loir;18-24 ans;Femmes;40.0;291.4;;28;24
2019;Centre-Val de Loire;Eure-et-Loir;18-24 ans;Hommes et Femmes;58.0;201.4;;28;24
2019;Centre-Val de Loire;Eure-et-Loir;45-64 ans;Hommes et Femmes;228.0;198.1;;28;24
2019;Bretagne;Finistère;65 ans et plus;Hommes;52.0;58.5;;29;53
2019;Bretagne;Finistère;65 ans et plus;Femmes;124.0;100.3;;29;53
2019;Bretagne;Finistère;00-17 ans;Hommes et Femmes;216.0;118.2;;29;53
2019;Bretagne;Finistère;25-44 ans;Hommes et Femmes;540.0;272.1;;29;53
2019;Bretagne;Finistère;45-64 ans;Hommes et Femmes;632.0;252.0;;29;53
2019;Occitanie;Gard;00-17 ans;Hommes;19.0;23.9;;30;76
2019;Occitanie;Gard;18-24 ans;Hommes;43.0;154.3;;30;76
2019;Occitanie;Gard;25-44 ans;Hommes;91.0;115.6;;30;76
2019;Occitanie;Gard;00-17 ans;Femmes;98.0;129.2;;30;76
2019;Occitanie;Gard;18-24 ans;Femmes;71.0;277.1;;30;76
2019;Occitanie;Gard;25-44 ans;Femmes;113.0;135.8;;30;76
2019;Occitanie;Gard;65 ans et plus;Femmes;80.0;82.6;;30;76
2019;Occitanie;Gard;00-17 ans;Hommes et Femmes;117.0;75.2;;30;76
2019;Occitanie;Gard;25-44 ans;Hommes et Femmes;204.0;126.0;;30;76
2019;Occitanie;Gard;45-64 ans;Hommes et Femmes;298.0;145.8;;30;76
2019;Occitanie;Haute-Garonne;18-24 ans;Hommes;45.0;63.4;;31;76
2019;Occitanie;Haute-Garonne;25-44 ans;Hommes;133.0;69.1;;31;76
2019;Occitanie;Haute-Garonne;45-64 ans;Hommes;90.0;53.3;;31;76
2019;Occitanie;Haute-Garonne;65 ans et plus;Hommes;43.0;43.1;;31;76
2019;Occitanie;Haute-Garonne;00-17 ans;Femmes;88.0;61.0;;31;76
2019;Occitanie;Haute-Garonne;18-24 ans;Femmes;71.0;97.1;;31;76
2019;Occitanie;Haute-Garonne;25-44 ans;Femmes;160.0;83.5;;31;76
2019;Occitanie;Haute-Garonne;Tous;Femmes;537.0;74.8;73.4;31;76
2019;Occitanie;Haute-Garonne;00-17 ans;Hommes et Femmes;105.0;35.7;;31;76
2019;Occitanie;Haute-Garonne;Tous;Hommes et Femmes;865.0;61.8;60.5;31;76
2019;Occitanie;Gers;18-24 ans;Hommes;6.0;104.1;;32;76
2019;Occitanie;Gers;25-44 ans;Hommes;37.0;205.8;;32;76
2019;Occitanie;Gers;18-24 ans;Femmes;12.0;240.7;;32;76
2019;Occitanie;Gers;25-44 ans;Femmes;48.0;257.2;;32;76
2019;Occitanie;Gers;45-64 ans;Femmes;55.0;194.1;;32;76
2019;Occitanie;Gers;Tous;Femmes;151.0;154.0;165.7;32;76
2019;Occitanie;Gers;25-44 ans;Hommes et Femmes;85.0;232.0;;32;76
2019;Occitanie;Gers;65 ans et plus;Hommes et Femmes;24.0;45.3;;32;76
2019;Nouvelle Aquitaine;Gironde;18-24 ans;Hommes;176.0;241.3;;33;75
2019;Nouvelle Aquitaine;Gironde;25-44 ans;Hommes;421.0;208.6;;33;75
2019;Nouvelle Aquitaine;Gironde;45-64 ans;Hommes;310.0;154.9;;33;75
2019;Nouvelle Aquitaine;Gironde;Tous;Hommes;1108.0;142.3;139.0;33;75
2019;Nouvelle Aquitaine;Gironde;00-17 ans;Femmes;355.0;217.0;;33;75
2019;Nouvelle Aquitaine;Gironde;45-64 ans;Femmes;410.0;190.3;;33;75
2019;Nouvelle Aquitaine;Gironde;18-24 ans;Hommes et Femmes;423.0;285.4;;33;75
2019;Nouvelle Aquitaine;Gironde;45-64 ans;Hommes et Femmes;720.0;173.3;;33;75
2019;Occitanie;Hérault;18-24 ans;Femmes;58.0;106.2;;34;76
2019;Occitanie;Hérault;45-64 ans;Femmes;175.0;113.7;;34;76
2019;Occitanie;Hérault;00-17 ans;Hommes et Femmes;90.0;37.8;;34;76
2019;Occitanie;Hérault;25-44 ans;Hommes et Femmes;188.0;67.0;;34;76
2019;Occitanie;Hérault;Tous;Hommes et Femmes;744.0;63.3;63.0;34;76
2019;Bretagne;Ille-et-Vilaine;45-64 ans;Hommes;158.0;118.4;;35;53
2019;Bretagne;Ille-et-Vilaine;65 ans et plus;Femmes;93.0;83.0;;35;53
2019;Bretagne;Ille-et-Vilaine;65 ans et plus;Hommes et Femmes;159.0;81.6;;35;53
2019;Centre-Val de Loire;Indre;25-44 ans;Hommes;39.0;187.0;;36;24
2019;Centre-Val de Loire;Indre;45-64 ans;Hommes;35.0;114.5;;36;24
2019;Centre-Val de Loire;Indre;25-44 ans;Femmes;33.0;155.3;;36;24
2019;Centre-Val de Loire;Indre;25-44 ans;Hommes et Femmes;72.0;171.0;;36;24
2019;Centre-Val de Loire;Indre-et-Loire;00-17 ans;Hommes;19.0;29.3;;37;24
2019;Centre-Val de Loire;Indre-et-Loire;18-24 ans;Hommes;50.0;195.4;;37;24
2019;Centre-Val de Loire;Indre-et-Loire;45-64 ans;Femmes;181.0;223.0;;37;24
2019;Centre-Val de Loire;Indre-et-Loire;00-17 ans;Hommes et Femmes;126.0;99.4;;37;24
2019;Centre-Val de Loire;Indre-et-Loire;45-64 ans;Hommes et Femmes;275.0;173.4;;37;24
2019;Auvergne et Rhône-Alpes;Isère;25-44 ans;Hommes;200.0;131.4;;38;84
2019;Auvergne et Rhône-Alpes;Isère;25-44 ans;Femmes;256.0;164.7;;38;84
2019;Auvergne et Rhône-Alpes;Isère;45-64 ans;Femmes;337.0;202.8;;38;84
2019;Auvergne et Rhône-Alpes;Isère;25-44 ans;Hommes et Femmes;456.0;148.2;;38;84
2019;Auvergne et Rhône-Alpes;Isère;45-64 ans;Hommes et Femmes;495.0;150.9;;38;84
2019;Auvergne et Rhône-Alpes;Isère;Tous;Hommes et Femmes;1525.0;120.0;119.4;38;84
2019;Bourgogne et Franche-Comté;Jura;25-44 ans;Femmes;58.0;207.1;;39;27
2019;Nouvelle Aquitaine;Landes;00-17 ans;Hommes;18.0;43.8;;40;75
2019;Nouvelle Aquitaine;Landes;45-64 ans;Hommes;54.0;94.4;;40;75
2019;Nouvelle Aquitaine;Landes;25-44 ans;Femmes;70.0;156.3;;40;75
2019;Nouvelle Aquitaine;Landes;45-64 ans;Femmes;71.0;118.7;;40;75
2019;Nouvelle Aquitaine;Landes;25-44 ans;Hommes et Femmes;122.0;138.3;;40;75
2019;Centre-Val de Loire;Loir-et-Cher;45-64 ans;Hommes;47.0;105.8;;41;24
2019;Centre-Val de Loire;Loir-et-Cher;Tous;Hommes;167.0;104.4;106.9;41;24
2019;Centre-Val de Loire;Loir-et-Cher;00-17 ans;Femmes;72.0;217.6;;41;24
2019;Centre-Val de Loire;Loir-et-Cher;45-64 ans;Femmes;64.0;139.3;;41;24
2019;Auvergne et Rhône-Alpes;Loire;00-17 ans;Hommes;12.0;13.9;;42;84
2019;Auvergne et Rhône-Alpes;Loire;18-24 ans;Femmes;100.0;331.2;;42;84
2019;Auvergne et Rhône-Alpes;Loire;65 ans et plus;Femmes;82.0;83.2;;42;84
2019;Auvergne et Rhône-Alpes;Loire;Tous;Femmes;694.0;175.6;178.9;42;84
2019;Auvergne et Rhône-Alpes;Loire;00-17 ans;Hommes et Femmes;110.0;65.7;;42;84
2019;Auvergne et Rhône-Alpes;Loire;25-44 ans;Hommes et Femmes;383.0;224.5;;42;84
2019;Auvergne et Rhône-Alpes;Loire;Tous;Hommes et Femmes;1164.0;152.0;155.4;42;84
2019;Auvergne et Rhône-Alpes;Haute-Loire;Tous;Hommes;163.0;145.7;153.5;43;84
2019;Auvergne et Rhône-Alpes;Haute-Loire;18-24 ans;Femmes;15.0;220.1;;43;84
2019;Auvergne et Rhône-Alpes;Haute-Loire;25-44 ans;Femmes;71.0;302.1;;43;84
2019;Auvergne et Rhône-Alpes;Haute-Loire;65 ans et plus;Femmes;26.0;84.1;;43;84
2019;Pays de la Loire;Loire-Atlantique;00-17 ans;Hommes;79.0;47.4;;44;52
2019;Pays de la Loire;Loire-Atlantique;18-24 ans;Hommes;58.0;93.0;;44;52
2019;Pays de la Loire;Loire-Atlantique;25-44 ans;Hommes;184.0;102.1;;44;52
2019;Pays de la Loire;Loire-Atlantique;Tous;Hommes;527.0;75.9;74.9;44;52
2019;Pays de la Loire;Loire-Atlantique;25-44 ans;Femmes;177.0;97.7;;44;52
2019;Pays de la Loire;Loire-Atlantique;45-64 ans;Femmes;194.0;106.3;;44;52
2019;Pays de la Loire;Loire-Atlantique;00-17 ans;Hommes et Femmes;273.0;83.9;;44;52
2019;Centre-Val de Loire;Loiret;18-24 ans;Hommes;32.0;115.9;;45;24
2019;Centre-Val de Loire;Loiret;65 ans et plus;Hommes;65.0;109.0;;45;24
2019;Centre-Val de Loire;Loiret;18-24 ans;Femmes;68.0;271.9;;45;24
2019;Centre-Val de Loire;Loiret;18-24 ans;Hommes et Femmes;100.0;190.0;;45;24
2019;Centre-Val de Loire;Loiret;25-44 ans;Hommes et Femmes;258.0;160.4;;45;24
2019;Centre-Val de Loire;Loiret;45-64 ans;Hommes et Femmes;279.0;160.1;;45;24
2019;Centre-Val de Loire;Loiret;65 ans et plus;Hommes et Femmes;141.0;103.3;;45;24
2019;Occitanie;Lot;18-24 ans;Hommes;10.0;195.6;;46;76
2019;Occitanie;Lot;25-44 ans;Hommes;33.0;203.0;;46;76
2019;Occitanie;Lot;65 ans et plus;Femmes;19.0;66.2;;46;76
2019;Occitanie;Lot;45-64 ans;Hommes et Femmes;79.0;156.3;;46;76
2019;Nouvelle Aquitaine;Lot-et-Garonne;18-24 ans;Hommes;17.0;154.4;;47;75
2019;Nouvelle Aquitaine;Lot-et-Garonne;45-64 ans;Hommes;53.0;121.5;;47;75
2019;Nouvelle Aquitaine;Lot-et-Garonne;65 ans et plus;Hommes;18.0;46.7;;47;75
2019;Nouvelle Aquitaine;Lot-et-Garonne;Tous;Femmes;274.0;159.2;166.0;47;75
2019;Nouvelle Aquitaine;Lot-et-Garonne;00-17 ans;Hommes et Femmes;62.0;96.3;;47;75
2019;Nouvelle Aquitaine;Lot-et-Garonne;65 ans et plus;Hommes et Femmes;59.0;67.4;;47;75
2019;Occitanie;Lozère;00-17 ans;Hommes;0.0;0.0;;48;76
2019;Occitanie;Lozère;25-44 ans;Hommes;14.0;176.4;;48;76
2019;Occitanie;Lozère;45-64 ans;Hommes;11.0;98.2;;48;76
2019;Occitanie;Lozère;Tous;Hommes;30.0;78.3;81.1;48;76
2019;Occitanie;Lozère;00-17 ans;Femmes;2.5;36.3;;48;76
2019;Occitanie;Lozère;18-24 ans;Femmes;2.5;104.6;;48;76
2019;Occitanie;Lozère;25-44 ans;Femmes;13.0;166.0;;48;76
2019;Occitanie;Lozère;Tous;Femmes;41.0;107.0;109.7;48;76
2019;Occitanie;Lozère;25-44 ans;Hommes et Femmes;27.0;171.3;;48;76
2019;Pays de la Loire;Maine-et-Loire;00-17 ans;Hommes;29.0;30.8;;49;52
2019;Pays de la Loire;Maine-et-Loire;25-44 ans;Hommes;179.0;191.6;;49;52
2019;Pays de la Loire;Maine-et-Loire;45-64 ans;Hommes;125.0;122.9;;49;52
2019;Pays de la Loire;Maine-et-Loire;65 ans et plus;Hommes;41.0;57.3;;49;52
2019;Pays de la Loire;Maine-et-Loire;00-17 ans;Femmes;152.0;169.7;;49;52
2019;Pays de la Loire;Maine-et-Loire;18-24 ans;Femmes;120.0;322.4;;49;52
2019;Pays de la Loire;Maine-et-Loire;25-44 ans;Hommes et Femmes;353.0;187.9;;49;52
2019;Normandie;Manche;18-24 ans;Hommes et Femmes;118.0;368.6;;50;28
2019;Normandie;Manche;45-64 ans;Hommes et Femmes;310.0;226.0;;50;28
2019;Normandie;Manche;65 ans et plus;Hommes et Femmes;97.0;78.5;;50;28
2019;Grand Est;Marne;00-17 ans;Hommes;30.0;48.6;;51;44
2019;Grand Est;Marne;18-24 ans;Hommes;41.0;153.1;;51;44
2019;Grand Est;Marne;45-64 ans;Hommes;124.0;176.0;;51;44
2019;Grand Est;Marne;Tous;Hommes;386.0;140.7;138.9;51;44
2019;Grand Est;Marne;25-44 ans;Femmes;147.0;214.1;;51;44
2019;Grand Est;Marne;Tous;Femmes;604.0;206.5;203.1;51;44
2019;Grand Est;Marne;00-17 ans;Hommes et Femmes;138.0;113.8;;51;44
2019;Grand Est;Marne;18-24 ans;Hommes et Femmes;140.0;268.1;;51;44
2019;Grand Est;Marne;Tous;Hommes et Femmes;990.0;174.6;172.0;51;44
2019;Grand Est;Haute-Marne;18-24 ans;Hommes;22.0;364.5;;52;44
2019;Grand Est;Haute-Marne;25-44 ans;Hommes;39.0;205.4;;52;44
2019;Grand Est;Haute-Marne;45-64 ans;Hommes;36.0;150.7;;52;44
2019;Grand Est;Haute-Marne;65 ans et plus;Hommes;17.0;91.4;;52;44
2019;Grand Est;Haute-Marne;18-24 ans;Femmes;10.0;195.6;;52;44
2019;Grand Est;Haute-Marne;45-64 ans;Hommes et Femmes;96.0;198.2;;52;44
2019;Pays de la Loire;Mayenne;25-44 ans;Hommes;65.0;194.7;;53;52
2019;Pays de la Loire;Mayenne;65 ans et plus;Hommes;21.0;70.7;;53;52
2019;Pays de la Loire;Mayenne;18-24 ans;Femmes;37.0;359.4;;53;52
2019;Pays de la Loire;Mayenne;25-44 ans;Femmes;73.0;220.2;;53;52
2019;Pays de la Loire;Mayenne;Tous;Femmes;280.0;179.8;184.0;53;52
2019;Pays de la Loire;Mayenne;18-24 ans;Hommes et Femmes;61.0;273.0;;53;52
2019;Pays de la Loire;Mayenne;25-44 ans;Hommes et Femmes;138.0;207.4;;53;52
2019;Pays de la Loire;Mayenne;45-64 ans;Hommes et Femmes;136.0;168.0;;53;52
2019;Grand Est;Meurthe-et-Moselle;00-17 ans;Hommes;54.0;70.0;;54;44
2019;Grand Est;Meurthe-et-Moselle;18-24 ans;Hommes;44.0;119.0;;54;44
2019;Grand Est;Meurthe-et-Moselle;65 ans et plus;Hommes;41.0;67.4;;54;44
2019;Grand Est;Meurthe-et-Moselle;45-64 ans;Femmes;178.0;185.0;;54;44
2019;Grand Est;Meuse;18-24 ans;Hommes;25.0;366.2;;55;44
2019;Grand Est;Meuse;45-64 ans;Hommes;36.0;141.2;;55;44
2019;Grand Est;Meuse;Tous;Hommes;134.0;147.1;151.8;55;44
2019;Grand Est;Meuse;65 ans et plus;Femmes;21.0;88.6;;55;44
2019;Grand Est;Meuse;45-64 ans;Hommes et Femmes;102.0;200.2;;55;44
2019;Bretagne;Morbihan;45-64 ans;Hommes;192.0;186.6;;56;53
2019;Bretagne;Morbihan;00-17 ans;Hommes et Femmes;171.0;111.1;;56;53
2019;Bretagne;Morbihan;65 ans et plus;Hommes et Femmes;129.0;69.0;;56;53
2019;Grand Est;Moselle;00-17 ans;Hommes;23.0;21.2;;57;44
2019;Grand Est;Moselle;18-24 ans;Hommes;36.0;88.1;;57;44
2019;Grand Est;Moselle;Tous;Hommes;329.0;64.3;63.1;57;44
2019;Grand Est;Moselle;18-24 ans;Femmes;60.0;165.2;;57;44
2019;Grand Est;Moselle;45-64 ans;Femmes;165.0;110.6;;57;44
2019;Grand Est;Moselle;Tous;Femmes;514.0;96.1;95.8;57;44
2019;Grand Est;Moselle;00-17 ans;Hommes et Femmes;111.0;52.4;;57;44
2019;Grand Est;Moselle;18-24 ans;Hommes et Femmes;96.0;124.4;;57;44
2019;Grand Est;Moselle;25-44 ans;Hommes et Femmes;258.0;100.1;;57;44
2019;Grand Est;Moselle;Tous;Hommes et Femmes;843.0;80.6;80.0;57;44
2019;Bourgogne et Franche-Comté;Nièvre;00-17 ans;Hommes;15.0;81.4;;58;27
2019;Bourgogne et Franche-Comté;Nièvre;18-24 ans;Hommes;18.0;261.6;;58;27
2019;Bourgogne et Franche-Comté;Nièvre;Tous;Hommes;123.0;125.0;136.2;58;27
2019;Bourgogne et Franche-Comté;Nièvre;25-44 ans;Femmes;32.0;165.7;;58;27
2019;Bourgogne et Franche-Comté;Nièvre;45-64 ans;Femmes;51.0;175.5;;58;27
2019;Bourgogne et Franche-Comté;Nièvre;Tous;Femmes;157.0;148.0;163.3;58;27
2019;Bourgogne et Franche-Comté;Nièvre;25-44 ans;Hommes et Femmes;74.0;191.7;;58;27
2019;Bourgogne et Franche-Comté;Nièvre;65 ans et plus;Hommes et Femmes;28.0;46.4;;58;27
2019;Bourgogne et Franche-Comté;Nièvre;Tous;Hommes et Femmes;280.0;137.0;150.2;58;27
2019;Hauts-de-France;Nord;25-44 ans;Hommes;1290.0;396.5;;59;32
2019;Hauts-de-France;Nord;18-24 ans;Femmes;649.0;527.5;;59;32
2019;Hauts-de-France;Nord;25-44 ans;Femmes;1160.0;346.9;;59;32
2019;Hauts-de-France;Nord;65 ans et plus;Femmes;392.0;148.9;;59;32
2019;Hauts-de-France;Nord;Tous;Femmes;4076.0;302.0;293.8;59;32
2019;Hauts-de-France;Nord;18-24 ans;Hommes et Femmes;989.0;398.6;;59;32
2019;Hauts-de-France;Nord;Tous;Hommes et Femmes;7012.0;268.8;262.5;59;32
2019;Hauts-de-France;Oise;45-64 ans;Hommes;189.0;174.2;;60;32
2019;Hauts-de-France;Oise;18-24 ans;Femmes;118.0;390.3;;60;32
2019;Hauts-de-France;Oise;00-17 ans;Hommes et Femmes;244.0;122.7;;60;32
2019;Hauts-de-France;Oise;18-24 ans;Hommes et Femmes;172.0;272.8;;60;32
2019;Hauts-de-France;Oise;45-64 ans;Hommes et Femmes;434.0;197.8;;60;32
2019;Hauts-de-France;Oise;Tous;Hommes et Femmes;1501.0;181.0;179.6;60;32
2019;Normandie;Orne;25-44 ans;Hommes;94.0;338.9;;61;28
2019;Normandie;Orne;45-64 ans;Hommes;70.0;183.3;;61;28
2019;Normandie;Orne;25-44 ans;Femmes;79.0;285.4;;61;28
2019;Normandie;Orne;65 ans et plus;Femmes;42.0;102.5;;61;28
2019;Normandie;Orne;45-64 ans;Hommes et Femmes;145.0;188.2;;61;28
2019;Normandie;Orne;65 ans et plus;Hommes et Femmes;63.0;86.8;;61;28
2019;Hauts-de-France;Pas-de-Calais;25-44 ans;Hommes;554.0;318.5;;62;32
2019;Hauts-de-France;Pas-de-Calais;00-17 ans;Femmes;340.0;205.7;;62;32
2019;Hauts-de-France;Pas-de-Calais;45-64 ans;Femmes;599.0;308.7;;62;32
2019;Hauts-de-France;Pas-de-Calais;25-44 ans;Hommes et Femmes;1139.0;326.2;;62;32
2019;Hauts-de-France;Pas-de-Calais;45-64 ans;Hommes et Femmes;1037.0;271.3;;62;32
2019;Auvergne et Rhône-Alpes;Puy-de-Dôme;18-24 ans;Hommes;99.0;343.4;;63;84
2019;Auvergne et Rhône-Alpes;Puy-de-Dôme;45-64 ans;Hommes;200.0;233.2;;63;84
2019;Auvergne et Rhône-Alpes;Puy-de-Dôme;65 ans et plus;Hommes;46.0;74.6;;63;84
2019;Auvergne et Rhône-Alpes;Puy-de-Dôme;00-17 ans;Femmes;66.0;102.4;;63;84
2019;Auvergne et Rhône-Alpes;Puy-de-Dôme;18-24 ans;Femmes;115.0;400.3;;63;84
2019;Auvergne et Rhône-Alpes;Puy-de-Dôme;Tous;Femmes;664.0;194.4;193.4;63;84
2019;Auvergne et Rhône-Alpes;Puy-de-Dôme;25-44 ans;Hommes et Femmes;416.0;268.4;;63;84
2019;Auvergne et Rhône-Alpes;Puy-de-Dôme;65 ans et plus;Hommes et Femmes;126.0;87.5;;63;84
2019;Auvergne et Rhône-Alpes;Puy-de-Dôme;Tous;Hommes et Femmes;1257.0;189.8;188.1;63;84
2019;Nouvelle Aquitaine;Pyrénées-Atlantiques;18-24 ans;Hommes;11.0;44.5;;64;75
2019;Nouvelle Aquitaine;Pyrénées-Atlantiques;45-64 ans;Hommes;36.0;39.5;;64;75
2019;Nouvelle Aquitaine;Pyrénées-Atlantiques;Tous;Hommes;105.5;32.2;32.8;64;75
2019;Nouvelle Aquitaine;Pyrénées-Atlantiques;00-17 ans;Femmes;17.0;26.8;;64;75
2019;Nouvelle Aquitaine;Pyrénées-Atlantiques;45-64 ans;Femmes;61.0;62.8;;64;75
2019;Nouvelle Aquitaine;Pyrénées-Atlantiques;18-24 ans;Hommes et Femmes;36.0;76.4;;64;75
2019;Occitanie;Hautes-Pyrénées;25-44 ans;Femmes;35.0;151.5;;65;76
2019;Occitanie;Hautes-Pyrénées;25-44 ans;Hommes et Femmes;80.0;175.8;;65;76
2019;Occitanie;Pyrénées-Orientales;18-24 ans;Hommes;22.0;131.6;;66;76
2019;Occitanie;Pyrénées-Orientales;65 ans et plus;Hommes;31.0;57.0;;66;76
2019;Occitanie;Pyrénées-Orientales;18-24 ans;Femmes;27.0;173.4;;66;76
2019;Occitanie;Pyrénées-Orientales;25-44 ans;Femmes;108.0;207.3;;66;76
2019;Occitanie;Pyrénées-Orientales;45-64 ans;Femmes;113.0;170.0;;66;76
2019;Occitanie;Pyrénées-Orientales;Tous;Femmes;346.0;137.4;142.3;66;76
2019;Occitanie;Pyrénées-Orientales;25-44 ans;Hommes et Femmes;181.0;180.7;;66;76
2019;Occitanie;Pyrénées-Orientales;65 ans et plus;Hommes et Femmes;86.0;68.3;;66;76
2019;Occitanie;Pyrénées-Orientales;Tous;Hommes et Femmes;560.0;116.7;120.5;66;76
2019;Grand Est;Bas-Rhin;00-17 ans;Hommes;45.0;37.8;;67;44
2019;Grand Est;Bas-Rhin;65 ans et plus;Hommes;49.0;53.0;;67;44
2019;Grand Est;Bas-Rhin;18-24 ans;Femmes;94.0;181.4;;67;44
2019;Grand Est;Haut-Rhin;18-24 ans;Femmes;37.0;140.0;;68;44
2019;Grand Est;Haut-Rhin;45-64 ans;Femmes;125.0;115.8;;68;44
2019;Grand Est;Haut-Rhin;25-44 ans;Hommes et Femmes;205.0;111.9;;68;44
2019;Grand Est;Haut-Rhin;Tous;Hommes et Femmes;702.0;91.5;91.5;68;44
2019;Auvergne et Rhône-Alpes;Rhône;00-17 ans;Hommes;64.0;29.5;;69;84
2019;Auvergne et Rhône-Alpes;Rhône;25-44 ans;Hommes;261.0;105.3;;69;84
2019;Auvergne et Rhône-Alpes;Rhône;45-64 ans;Hommes;230.0;109.6;;69;84
2019;Auvergne et Rhône-Alpes;Rhône;18-24 ans;Femmes;269.0;271.9;;69;84
2019;Auvergne et Rhône-Alpes;Rhône;65 ans et plus;Femmes;128.0;69.3;;69;84
2019;Auvergne et Rhône-Alpes;Rhône;25-44 ans;Hommes et Femmes;618.0;122.0;;69;84
2019;Auvergne et Rhône-Alpes;Rhône;Tous;Hommes et Femmes;2126.0;113.3;110.0;69;84
2019;Bourgogne et Franche-Comté;Haute-Saône;18-24 ans;Hommes;23.0;283.5;;70;27
2019;Bourgogne et Franche-Comté;Haute-Saône;25-44 ans;Hommes;70.0;279.9;;70;27
2019;Bourgogne et Franche-Comté;Haute-Saône;Tous;Hommes;184.0;158.9;165.1;70;27
2019;Bourgogne et Franche-Comté;Haute-Saône;00-17 ans;Femmes;40.0;168.1;;70;27
2019;Bourgogne et Franche-Comté;Haute-Saône;25-44 ans;Femmes;94.0;372.0;;70;27
2019;Bourgogne et Franche-Comté;Haute-Saône;Tous;Femmes;300.0;251.1;256.8;70;27
2019;Bourgogne et Franche-Comté;Haute-Saône;25-44 ans;Hommes et Femmes;164.0;326.2;;70;27
2019;Bourgogne et Franche-Comté;Haute-Saône;45-64 ans;Hommes et Femmes;190.0;286.0;;70;27
2019;Bourgogne et Franche-Comté;Saône-et-Loire;00-17 ans;Hommes;26.0;46.6;;71;27
2019;Bourgogne et Franche-Comté;Saône-et-Loire;25-44 ans;Hommes;131.0;231.4;;71;27
2019;Bourgogne et Franche-Comté;Saône-et-Loire;25-44 ans;Femmes;155.0;273.5;;71;27
2019;Bourgogne et Franche-Comté;Saône-et-Loire;45-64 ans;Femmes;183.0;236.0;;71;27
2019;Bourgogne et Franche-Comté;Saône-et-Loire;65 ans et plus;Femmes;62.0;76.9;;71;27
2019;Bourgogne et Franche-Comté;Saône-et-Loire;25-44 ans;Hommes et Femmes;286.0;252.5;;71;27
2019;Bourgogne et Franche-Comté;Saône-et-Loire;45-64 ans;Hommes et Femmes;334.0;219.2;;71;27
2019;Bourgogne et Franche-Comté;Saône-et-Loire;Tous;Hommes et Femmes;964.0;174.8;184.9;71;27
2019;Pays de la Loire;Sarthe;45-64 ans;Hommes;56.0;76.2;;72;52
2019;Pays de la Loire;Sarthe;Tous;Femmes;287.0;98.7;98.9;72;52
2019;Pays de la Loire;Sarthe;65 ans et plus;Hommes et Femmes;59.0;47.2;;72;52
2019;Auvergne et Rhône-Alpes;Savoie;00-17 ans;Hommes;18.0;38.3;;73;84
2019;Auvergne et Rhône-Alpes;Savoie;18-24 ans;Femmes;36.0;239.1;;73;84
2019;Auvergne et Rhône-Alpes;Savoie;65 ans et plus;Femmes;30.0;58.5;;73;84
2019;Auvergne et Rhône-Alpes;Savoie;Tous;Femmes;290.0;130.2;131.6;73;84
2019;Auvergne et Rhône-Alpes;Savoie;45-64 ans;Hommes et Femmes;104.0;87.2;;73;84
2019;Auvergne et Rhône-Alpes;Savoie;65 ans et plus;Hommes et Femmes;58.0;64.1;;73;84
2019;Auvergne et Rhône-Alpes;Haute-Savoie;65 ans et plus;Hommes;22.0;35.7;;74;84
2019;Auvergne et Rhône-Alpes;Haute-Savoie;Tous;Hommes;267.0;65.7;64.0;74;84
2019;Auvergne et Rhône-Alpes;Haute-Savoie;18-24 ans;Femmes;61.0;231.0;;74;84
2019;Auvergne et Rhône-Alpes;Haute-Savoie;45-64 ans;Hommes et Femmes;214.0;99.2;;74;84
2019;Île-de-France;Paris;00-17 ans;Hommes;29.0;15.7;;75;11
2019;Île-de-France;Paris;18-24 ans;Hommes;48.0;52.0;;75;11
2019;Île-de-France;Paris;25-44 ans;Hommes;231.0;67.0;;75;11
2019;Île-de-France;Paris;45-64 ans;Hommes;228.0;92.6;;75;11
2019;Île-de-France;Paris;Tous;Hommes;617.0;60.5;58.3;75;11
2019;Île-de-France;Paris;00-17 ans;Hommes et Femmes;144.0;39.6;;75;11
2019;Île-de-France;Paris;18-24 ans;Hommes et Femmes;168.0;82.4;;75;11
2019;Normandie;Seine-Maritime;45-64 ans;Hommes;388.0;249.1;;76;28
2019;Normandie;Seine-Maritime;65 ans et plus;Femmes;141.0;96.4;;76;28
2019;Normandie;Seine-Maritime;25-44 ans;Hommes et Femmes;791.0;265.0;;76;28
2019;Île-de-France;Seine-et-Marne;45-64 ans;Hommes;143.0;80.1;;77;11
2019;Île-de-France;Seine-et-Marne;65 ans et plus;Hommes;47.0;50.9;;77;11
2019;Île-de-France;Seine-et-Marne;Tous;Hommes;438.0;63.3;63.8;77;11
2019;Île-de-France;Seine-et-Marne;Tous;Femmes;880.0;120.7;116.7;77;11
2019;Île-de-France;Seine-et-Marne;45-64 ans;Hommes et Femmes;410.0;112.2;;77;11
2019;Île-de-France;Seine-et-Marne;Tous;Hommes et Femmes;1318.0;92.7;91.1;77;11
2019;Île-de-France;Yvelines;45-64 ans;Hommes;161.0;88.2;;78;11
2019;Île-de-France;Yvelines;65 ans et plus;Hommes;35.0;33.5;;78;11
2019;Île-de-France;Yvelines;Tous;Hommes;432.0;61.2;61.3;78;11
2019;Île-de-France;Yvelines;18-24 ans;Femmes;158.0;280.0;;78;11
2019;Île-de-France;Yvelines;45-64 ans;Femmes;271.0;140.9;;78;11
2019;Île-de-France;Yvelines;25-44 ans;Hommes et Femmes;352.0;96.8;;78;11
2019;Île-de-France;Yvelines;45-64 ans;Hommes et Femmes;432.0;115.2;;78;11
2019;Île-de-France;Yvelines;65 ans et plus;Hommes et Femmes;125.0;52.1;;78;11
2019;Nouvelle Aquitaine;Deux-Sèvres;65 ans et plus;Hommes;21.0;54.1;;79;75
2019;Nouvelle Aquitaine;Deux-Sèvres;Tous;Hommes;235.0;128.1;132.1;79;75
2019;Nouvelle Aquitaine;Deux-Sèvres;25-44 ans;Femmes;83.0;204.4;;79;75
2019;Nouvelle Aquitaine;Deux-Sèvres;00-17 ans;Hommes et Femmes;48.0;60.9;;79;75
2019;Hauts-de-France;Somme;00-17 ans;Hommes;62.0;99.2;;80;32
2019;Hauts-de-France;Somme;25-44 ans;Hommes;357.0;538.2;;80;32
2019;Hauts-de-France;Somme;00-17 ans;Femmes;213.0;360.7;;80;32
2019;Hauts-de-France;Somme;45-64 ans;Femmes;386.0;512.4;;80;32
2019;Hauts-de-France;Somme;25-44 ans;Hommes et Femmes;660.0;493.3;;80;32
2019;Occitanie;Tarn;25-44 ans;Hommes;66.0;166.8;;81;76
2019;Occitanie;Tarn;65 ans et plus;Hommes;30.0;70.1;;81;76
2019;Occitanie;Tarn;Tous;Hommes;179.0;95.2;98.6;81;76
2019;Occitanie;Tarn;00-17 ans;Femmes;48.0;126.8;;81;76
2019;Occitanie;Tarn;45-64 ans;Femmes;109.0;198.0;;81;76
2019;Occitanie;Tarn;00-17 ans;Hommes et Femmes;60.0;77.3;;81;76
2019;Occitanie;Tarn-et-Garonne;00-17 ans;Hommes;9.0;30.0;;82;76
2019;Occitanie;Tarn-et-Garonne;25-44 ans;Hommes;73.0;255.2;;82;76
2019;Occitanie;Tarn-et-Garonne;45-64 ans;Hommes;47.0;136.0;;82;76
2019;Occitanie;Tarn-et-Garonne;00-17 ans;Femmes;36.0;128.8;;82;76
2019;Occitanie;Tarn-et-Garonne;45-64 ans;Femmes;102.0;287.7;;82;76
2019;Occitanie;Tarn-et-Garonne;65 ans et plus;Femmes;25.0;77.7;;82;76
2019;Occitanie;Tarn-et-Garonne;18-24 ans;Hommes et Femmes;52.0;313.9;;82;76
2019;Provence-Alpes-Côte d'Azur;Var;45-64 ans;Hommes;155.0;112.0;;83;93
2019;Provence-Alpes-Côte d'Azur;Var;Tous;Hommes;461.0;89.1;90.8;83;93
2019;Provence-Alpes-Côte d'Azur;Var;25-44 ans;Femmes;233.0;199.0;;83;93
2019;Provence-Alpes-Côte d'Azur;Var;Tous;Femmes;881.0;157.4;162.8;83;93
2019;Provence-Alpes-Côte d'Azur;Vaucluse;18-24 ans;Hommes;26.0;127.5;;84;93
2019;Provence-Alpes-Côte d'Azur;Vaucluse;65 ans et plus;Hommes;36.0;66.2;;84;93
2019;Provence-Alpes-Côte d'Azur;Vaucluse;Tous;Hommes;279.0;103.6;106.6;84;93
2019;Provence-Alpes-Côte d'Azur;Vaucluse;18-24 ans;Femmes;40.0;205.8;;84;93
2019;Provence-Alpes-Côte d'Azur;Vaucluse;25-44 ans;Femmes;93.0;144.1;;84;93
2019;Provence-Alpes-Côte d'Azur;Vaucluse;45-64 ans;Femmes;154.0;196.0;;84;93
2019;Provence-Alpes-Côte d'Azur;Vaucluse;25-44 ans;Hommes et Femmes;208.0;166.2;;84;93
2019;Pays de la Loire;Vendée;00-17 ans;Hommes;40.0;53.7;;85;52
2019;Pays de la Loire;Vendée;25-44 ans;Femmes;120.0;162.6;;85;52
2019;Pays de la Loire;Vendée;45-64 ans;Femmes;156.0;168.4;;85;52
2019;Pays de la Loire;Vendée;Tous;Femmes;590.0;168.2;174.5;85;52
2019;Pays de la Loire;Vendée;00-17 ans;Hommes et Femmes;206.0;141.9;;85;52
2019;Pays de la Loire;Vendée;Tous;Hommes et Femmes;938.0;136.8;142.5;85;52
2019;Nouvelle Aquitaine;Vienne;00-17 ans;Hommes;12.0;26.4;;86;75
2019;Nouvelle Aquitaine;Vienne;25-44 ans;Hommes;83.0;171.1;;86;75
2019;Nouvelle Aquitaine;Vienne;18-24 ans;Femmes;45.0;209.8;;86;75
2019;Nouvelle Aquitaine;Vienne;Tous;Femmes;292.0;128.8;127.7;86;75
2019;Nouvelle Aquitaine;Vienne;00-17 ans;Hommes et Femmes;50.0;56.2;;86;75
2019;Nouvelle Aquitaine;Vienne;45-64 ans;Hommes et Femmes;159.0;141.3;;86;75
2019;Nouvelle Aquitaine;Haute-Vienne;18-24 ans;Hommes;35.0;234.3;;87;75
2019;Nouvelle Aquitaine;Haute-Vienne;25-44 ans;Hommes;71.0;181.9;;87;75
2019;Nouvelle Aquitaine;Haute-Vienne;45-64 ans;Hommes;60.0;124.4;;87;75
2019;Nouvelle Aquitaine;Haute-Vienne;65 ans et plus;Hommes;14.0;35.4;;87;75
2019;Nouvelle Aquitaine;Haute-Vienne;18-24 ans;Hommes et Femmes;79.0;255.2;;87;75
2019;Grand Est;Vosges;00-17 ans;Hommes;24.0;65.0;;88;44
2019;Grand Est;Vosges;18-24 ans;Hommes;31.0;233.1;;88;44
2019;Grand Est;Vosges;25-44 ans;Hommes;94.0;244.8;;88;44
2019;Grand Est;Vosges;65 ans et plus;Hommes;31.0;81.7;;88;44
2019;Grand Est;Vosges;Tous;Hommes;267.0;150.4;153.9;88;44
2019;Grand Est;Vosges;25-44 ans;Femmes;134.0;350.9;;88;44
2019;Grand Est;Vosges;45-64 ans;Femmes;133.0;255.4;;88;44
2019;Grand Est;Vosges;Tous;Femmes;469.0;250.9;263.9;88;44
2019;Bourgogne et Franche-Comté;Yonne;65 ans et plus;Hommes;16.0;44.3;;89;27
2019;Bourgogne et Franche-Comté;Yonne;00-17 ans;Femmes;79.0;234.4;;89;27
2019;Bourgogne et Franche-Comté;Yonne;18-24 ans;Hommes et Femmes;49.0;235.2;;89;27
2019;Bourgogne et Franche-Comté;Yonne;45-64 ans;Hommes et Femmes;175.0;190.9;;89;27
2019;Bourgogne et Franche-Comté;Territoire de Belfort;18-24 ans;Hommes;10.0;147.6;;90;27
2019;Bourgogne et Franche-Comté;Territoire de Belfort;45-64 ans;Hommes;18.0;98.3;;90;27
2019;Bourgogne et Franche-Comté;Territoire de Belfort;65 ans et plus;Hommes;9.0;73.8;;90;27
2019;Bourgogne et Franche-Comté;Territoire de Belfort;00-17 ans;Femmes;13.0;88.8;;90;27
2019;Bourgogne et Franche-Comté;Territoire de Belfort;18-24 ans;Femmes;10.0;205.6;;90;27
2019;Bourgogne et Franche-Comté;Territoire de Belfort;25-44 ans;Femmes;28.0;167.4;;90;27
2019;Bourgogne et Franche-Comté;Territoire de Belfort;45-64 ans;Femmes;48.0;253.4;;90;27
2019;Bourgogne et Franche-Comté;Territoire de Belfort;Tous;Femmes;122.0;171.7;171.3;90;27
2019;Bourgogne et Franche-Comté;Territoire de Belfort;18-24 ans;Hommes et Femmes;20.0;171.9;;90;27
2019;Bourgogne et Franche-Comté;Territoire de Belfort;45-64 ans;Hommes et Femmes;66.0;177.2;;90;27
2019;Bourgogne et Franche-Comté;Territoire de Belfort;65 ans et plus;Hommes et Femmes;32.0;114.0;;90;27
2019;Île-de-France;Essonne;18-24 ans;Hommes;54.0;91.3;;91;11
2019;Île-de-France;Essonne;65 ans et plus;Hommes;52.0;60.2;;91;11
2019;Île-de-France;Essonne;00-17 ans;Femmes;159.0;100.9;;91;11
2019;Île-de-France;Essonne;Tous;Femmes;820.0;123.5;120.7;91;11
2019;Île-de-France;Essonne;18-24 ans;Hommes et Femmes;184.0;162.5;;91;11
2019;Île-de-France;Essonne;25-44 ans;Hommes et Femmes;376.0;110.5;;91;11
2019;Île-de-France;Hauts-de-Seine;25-44 ans;Hommes;146.0;63.4;;92;11
2019;Île-de-France;Hauts-de-Seine;45-64 ans;Hommes;149.0;79.8;;92;11
2019;Île-de-France;Hauts-de-Seine;00-17 ans;Femmes;124.0;68.5;;92;11
2019;Île-de-France;Hauts-de-Seine;18-24 ans;Femmes;117.0;173.9;;92;11
2019;Île-de-France;Hauts-de-Seine;45-64 ans;Femmes;193.0;91.9;;92;11
2019;Île-de-France;Hauts-de-Seine;00-17 ans;Hommes et Femmes;165.0;44.7;;92;11
2019;Île-de-France;Hauts-de-Seine;18-24 ans;Hommes et Femmes;170.0;127.2;;92;11
2019;Île-de-France;Hauts-de-Seine;65 ans et plus;Hommes et Femmes;159.0;64.4;;92;11
2019;Île-de-France;Hauts-de-Seine;Tous;Hommes et Femmes;1202.0;74.0;73.7;92;11
2019;Île-de-France;Seine-Saint-Denis;00-17 ans;Hommes;14.0;6.3;;93;11
2019;Île-de-France;Seine-Saint-Denis;Tous;Hommes;376.0;46.5;49.6;93;11
2019;Île-de-France;Seine-Saint-Denis;25-44 ans;Femmes;159.0;64.8;;93;11
2019;Île-de-France;Seine-Saint-Denis;45-64 ans;Femmes;150.0;77.8;;93;11
2019;Île-de-France;Seine-Saint-Denis;65 ans et plus;Femmes;49.0;44.6;;93;11
2019;Île-de-France;Seine-Saint-Denis;18-24 ans;Hommes et Femmes;146.0;101.2;;93;11
2019;Île-de-France;Seine-Saint-Denis;45-64 ans;Hommes et Femmes;286.0;74.8;;93;11
2019;Île-de-France;Seine-Saint-Denis;Tous;Hommes et Femmes;973.0;59.2;59.6;93;11
2019;Île-de-France;Val-de-Marne;25-44 ans;Hommes;115.0;60.3;;94;11
2019;Île-de-France;Val-de-Marne;65 ans et plus;Hommes;52.0;59.2;;94;11
2019;Île-de-France;Val-de-Marne;00-17 ans;Femmes;139.0;86.3;;94;11
2019;Île-de-France;Val-de-Marne;18-24 ans;Femmes;116.0;189.5;;94;11
2019;Île-de-France;Val-de-Marne;25-44 ans;Femmes;194.0;94.2;;94;11
2019;Île-de-France;Val-de-Marne;Tous;Femmes;675.0;92.4;89.7;94;11
2019;Île-de-France;Val-de-Marne;45-64 ans;Hommes et Femmes;299.0;86.0;;94;11
2019;Île-de-France;Val-de-Marne;65 ans et plus;Hommes et Femmes;125.0;59.5;;94;11
2019;Île-de-France;Val-d'Oise;18-24 ans;Hommes;34.0;61.9;;95;11
2019;Île-de-France;Val-d'Oise;25-44 ans;Hommes;93.0;57.5;;95;11
2019;Île-de-France;Val-d'Oise;18-24 ans;Hommes et Femmes;137.0;125.7;;95;11
2019;Île-de-France;Val-d'Oise;25-44 ans;Hommes et Femmes;255.0;75.9;;95;11
2019;Île-de-France;Val-d'Oise;65 ans et plus;Hommes et Femmes;89.0;52.1;;95;11
2019;Guadeloupe;Guadeloupe;25-44 ans;Hommes;7.0;21.1;;971;01
2019;Guadeloupe;Guadeloupe;45-64 ans;Hommes;10.0;19.0;;971;01
2019;Guadeloupe;Guadeloupe;25-44 ans;Femmes;16.0;35.7;;971;01
2019;Martinique;Martinique;00-17 ans;Femmes;41.0;113.8;;972;02
2019;Martinique;Martinique;18-24 ans;Femmes;11.0;86.0;;972;02
2019;Martinique;Martinique;25-44 ans;Femmes;35.0;85.7;;972;02
2019;Martinique;Martinique;00-17 ans;Hommes et Femmes;57.0;78.4;;972;02
2019;Guyane;Guyane;18-24 ans;Hommes;15.0;103.6;;973;03
2019;Guyane;Guyane;25-44 ans;Femmes;27.0;66.3;;973;03
2019;Guyane;Guyane;Tous;Femmes;121.5;84.1;70.0;973;03
2019;Guyane;Guyane;18-24 ans;Hommes et Femmes;45.0;152.4;;973;03
2019;Guyane;Guyane;25-44 ans;Hommes et Femmes;43.0;56.4;;973;03
2019;Réunion;Réunion;18-24 ans;Hommes;46.0;121.7;;974;04
2019;Réunion;Réunion;00-17 ans;Femmes;220.0;189.7;;974;04
2019;Réunion;Réunion;00-17 ans;Hommes et Femmes;267.0;113.4;;974;04
2019;Réunion;Réunion;18-24 ans;Hommes et Femmes;135.0;177.9;;974;04
2019;Réunion;Réunion;65 ans et plus;Hommes et Femmes;49.0;46.4;;974;04
2019;Réunion;Réunion;Tous;Hommes et Femmes;1077.0;125.1;118.4;974;04
2019;Mayotte;Mayotte;00-17 ans;Hommes;0.0;0.0;;976;06
2019;Mayotte;Mayotte;18-24 ans;Hommes;2.5;21.9;;976;06
2019;Mayotte;Mayotte;25-44 ans;Hommes;2.5;8.4;;976;06
2019;Mayotte;Mayotte;00-17 ans;Femmes;5.0;7.3;;976;06
2019;Mayotte;Mayotte;18-24 ans;Femmes;2.5;17.3;;976;06
2019;Mayotte;Mayotte;25-44 ans;Femmes;2.5;6.3;;976;06
2019;Mayotte;Mayotte;Tous;Femmes;9.0;6.4;3.7;976;06
2019;Saint-Barthélemy;Saint-Barthélemy;25-44 ans;Hommes;0.0;;;977;977
2019;Saint-Barthélemy;Saint-Barthélemy;00-17 ans;Hommes et Femmes;2.5;;;977;977
2019;Saint-Barthélemy;Saint-Barthélemy;25-44 ans;Hommes et Femmes;2.5;;;977;977
2019;Saint-Barthélemy;Saint-Barthélemy;65 ans et plus;Hommes et Femmes;2.5;;;977;977
2019;Saint-Barthélemy;Saint-Barthélemy;Tous;Hommes et Femmes;5.0;;;977;977
2019;Saint-Martin;Saint-Martin;00-17 ans;Hommes;0.0;;;978;978
2019;Saint-Martin;Saint-Martin;45-64 ans;Hommes;2.5;;;978;978
2019;Saint-Martin;Saint-Martin;00-17 ans;Femmes;2.5;;;978;978
2019;Saint-Martin;Saint-Martin;18-24 ans;Femmes;0.0;;;978;978
2019;Saint-Martin;Saint-Martin;25-44 ans;Femmes;2.5;;;978;978
2019;Grand Est;Aube;18-24 ans;Hommes;21.0;159.1;;10;44
2019;Grand Est;Aube;Tous;Hommes;181.0;119.9;121.7;10;44
2019;Grand Est;Aube;45-64 ans;Femmes;88.0;215.6;;10;44
2019;Grand Est;Aube;Tous;Femmes;351.0;220.3;221.7;10;44
2019;Grand Est;Aube;25-44 ans;Hommes et Femmes;140.0;197.7;;10;44
2019;Grand Est;Aube;Tous;Hommes et Femmes;532.0;171.5;173.2;10;44
2019;Occitanie;Aude;00-17 ans;Hommes;12.0;32.0;;11;76
2019;Occitanie;Aude;25-44 ans;Hommes;41.0;109.8;;11;76
2019;Occitanie;Aude;Tous;Hommes;130.0;72.3;74.8;11;76
2019;Occitanie;Aude;18-24 ans;Femmes;24.0;208.3;;11;76
2019;Occitanie;Aude;25-44 ans;Femmes;55.0;140.4;;11;76
2019;Occitanie;Aude;00-17 ans;Hommes et Femmes;39.0;53.4;;11;76
2019;Occitanie;Aude;Tous;Hommes et Femmes;346.0;92.5;95.6;11;76
2019;Occitanie;Aveyron;00-17 ans;Femmes;14.0;56.4;;12;76
2019;Occitanie;Aveyron;65 ans et plus;Femmes;18.0;42.1;;12;76
2019;Occitanie;Aveyron;00-17 ans;Hommes et Femmes;16.5;32.0;;12;76
2019;Occitanie;Aveyron;25-44 ans;Hommes et Femmes;100.0;178.2;;12;76
2019;Occitanie;Aveyron;45-64 ans;Hommes et Femmes;89.0;114.8;;12;76
2019;Provence-Alpes-Côte d'Azur;Bouches-du-Rhône;18-24 ans;Hommes;59.0;68.9;;13;93
2019;Provence-Alpes-Côte d'Azur;Bouches-du-Rhône;45-64 ans;Femmes;308.0;112.3;;13;93
2019;Provence-Alpes-Côte d'Azur;Bouches-du-Rhône;Tous;Femmes;1075.0;100.8;100.3;13;93
2019;Provence-Alpes-Côte d'Azur;Bouches-du-Rhône;18-24 ans;Hommes et Femmes;192.0;113.0;;13;93
2019;Normandie;Calvados;00-17 ans;Hommes;31.0;41.9;;14;28
2019;Normandie;Calvados;65 ans et plus;Femmes;74.0;84.6;;14;28
2019;Normandie;Calvados;00-17 ans;Hommes et Femmes;178.0;123.8;;14;28
2019;Normandie;Calvados;25-44 ans;Hommes et Femmes;350.0;222.8;;14;28
2019;Normandie;Calvados;65 ans et plus;Hommes et Femmes;104.0;68.8;;14;28
2019;Auvergne et Rhône-Alpes;Cantal;18-24 ans;Hommes;5.0;111.5;;15;84
2019;Auvergne et Rhône-Alpes;Cantal;00-17 ans;Hommes et Femmes;17.5;70.4;;15;84
2019;Auvergne et Rhône-Alpes;Cantal;25-44 ans;Hommes et Femmes;32.0;112.3;;15;84
2019;Nouvelle Aquitaine;Charente;18-24 ans;Femmes;42.0;378.2;;16;75
2019;Nouvelle Aquitaine;Charente;45-64 ans;Femmes;149.0;292.8;;16;75
2019;Nouvelle Aquitaine;Charente;Tous;Femmes;351.0;193.3;198.3;16;75
2019;Nouvelle Aquitaine;Charente;00-17 ans;Hommes et Femmes;55.0;83.1;;16;75
2019;Nouvelle Aquitaine;Charente;25-44 ans;Hommes et Femmes;162.0;218.6;;16;75
2019;Nouvelle Aquitaine;Charente;45-64 ans;Hommes et Femmes;231.0;232.8;;16;75
2019;Nouvelle Aquitaine;Charente-Maritime;18-24 ans;Hommes;43.0;188.0;;17;75
2019;Nouvelle Aquitaine;Charente-Maritime;65 ans et plus;Hommes;56.0;71.3;;17;75
2019;Nouvelle Aquitaine;Charente-Maritime;Tous;Hommes;452.0;145.1;151.6;17;75
2019;Nouvelle Aquitaine;Charente-Maritime;00-17 ans;Hommes et Femmes;163.0;137.2;;17;75
2019;Nouvelle Aquitaine;Charente-Maritime;18-24 ans;Hommes et Femmes;134.0;313.8;;17;75
2019;Nouvelle Aquitaine;Charente-Maritime;65 ans et plus;Hommes et Femmes;151.0;83.5;;17;75
2019;Centre-Val de Loire;Cher;18-24 ans;Hommes;15.0;144.1;;18;24
2019;Centre-Val de Loire;Cher;45-64 ans;Hommes;37.0;89.4;;18;24
2019;Centre-Val de Loire;Cher;45-64 ans;Femmes;73.0;169.6;;18;24
2019;Centre-Val de Loire;Cher;65 ans et plus;Femmes;46.0;104.5;;18;24
2019;Centre-Val de Loire;Cher;Tous;Femmes;237.0;152.1;156.7;18;24
2019;Centre-Val de Loire;Cher;00-17 ans;Hommes et Femmes;46.0;79.5;;18;24
2019;Centre-Val de Loire;Cher;65 ans et plus;Hommes et Femmes;68.0;87.1;;18;24
2019;Nouvelle Aquitaine;Corrèze;00-17 ans;Hommes;12.0;53.4;;19;75
2019;Nouvelle Aquitaine;Corrèze;18-24 ans;Hommes;13.0;150.1;;19;75
2019;Nouvelle Aquitaine;Corrèze;65 ans et plus;Hommes;16.0;56.4;;19;75
2019;Nouvelle Aquitaine;Corrèze;18-24 ans;Femmes;18.0;258.8;;19;75
2019;Nouvelle Aquitaine;Corrèze;45-64 ans;Femmes;92.0;268.8;;19;75
2019;Nouvelle Aquitaine;Corrèze;65 ans et plus;Femmes;47.0;124.9;;19;75
2019;Nouvelle Aquitaine;Corrèze;Tous;Femmes;247.0;199.9;204.9;19;75
2019;Nouvelle Aquitaine;Corrèze;18-24 ans;Hommes et Femmes;31.0;198.5;;19;75
2019;Nouvelle Aquitaine;Corrèze;25-44 ans;Hommes et Femmes;87.0;181.4;;19;75
2019;Nouvelle Aquitaine;Corrèze;Tous;Hommes et Femmes;378.0;157.5;161.7;19;75
2019;Bourgogne et Franche-Comté;Côte-d'Or;00-17 ans;Hommes;49.0;90.0;;21;27
2019;Bourgogne et Franche-Comté;Côte-d'Or;45-64 ans;Hommes;108.0;160.2;;21;27
2019;Bourgogne et Franche-Comté;Côte-d'Or;45-64 ans;Femmes;180.0;253.4;;21;27
2019;Bourgogne et Franche-Comté;Côte-d'Or;Tous;Femmes;563.0;203.7;199.9;21;27
2019;Bourgogne et Franche-Comté;Côte-d'Or;45-64 ans;Hommes et Femmes;288.0;208.0;;21;27
2019;Bretagne;Côtes-d'Armor;00-17 ans;Hommes;33.0;53.1;;22;53
2019;Bretagne;Côtes-d'Armor;18-24 ans;Hommes;70.0;339.0;;22;53
2019;Bretagne;Côtes-d'Armor;Tous;Hommes;571.0;196.8;209.2;22;53
2019;Bretagne;Côtes-d'Armor;00-17 ans;Femmes;119.0;199.4;;22;53
2019;Bretagne;Côtes-d'Armor;Tous;Femmes;828.0;266.8;279.1;22;53
2019;Bretagne;Côtes-d'Armor;00-17 ans;Hommes et Femmes;152.0;124.8;;22;53
2019;Bretagne;Côtes-d'Armor;18-24 ans;Hommes et Femmes;144.0;374.6;;22;53
2019;Bretagne;Côtes-d'Armor;65 ans et plus;Hommes et Femmes;182.0;116.0;;22;53
2019;Nouvelle Aquitaine;Creuse;00-17 ans;Hommes;6.0;61.8;;23;75
2019;Nouvelle Aquitaine;Creuse;25-44 ans;Hommes;20.0;187.0;;23;75
2019;Nouvelle Aquitaine;Creuse;65 ans et plus;Hommes;2.5;16.1;;23;75
2019;Nouvelle Aquitaine;Creuse;Tous;Hommes;56.0;98.8;105.5;23;75
2019;Nouvelle Aquitaine;Creuse;18-24 ans;Femmes;12.0;418.3;;23;75
2019;Nouvelle Aquitaine;Creuse;Tous;Femmes;94.0;156.8;169.0;23;75
2019;Nouvelle Aquitaine;Creuse;18-24 ans;Hommes et Femmes;14.5;225.2;;23;75
2019;Nouvelle Aquitaine;Creuse;25-44 ans;Hommes et Femmes;38.0;178.9;;23;75
2019;Nouvelle Aquitaine;Creuse;45-64 ans;Hommes et Femmes;61.0;177.3;;23;75
2019;Nouvelle Aquitaine;Creuse;65 ans et plus;Hommes et Femmes;19.5;55.1;;23;75
2019;Nouvelle Aquitaine;Creuse;Tous;Hommes et Femmes;150.0;128.6;138.3;23;75
2019;Nouvelle Aquitaine;Dordogne;00-17 ans;Hommes;17.0;46.4;;24;75
2019;Nouvelle Aquitaine;Dordogne;25-44 ans;Hommes;69.0;178.1;;24;75
2019;Nouvelle Aquitaine;Dordogne;65 ans et plus;Hommes;30.0;56.6;;24;75
2019;Nouvelle Aquitaine;Dordogne;Tous;Hommes;202.0;101.5;106.9;24;75
2019;Nouvelle Aquitaine;Dordogne;65 ans et plus;Femmes;55.0;81.8;;24;75
2019;Nouvelle Aquitaine;Dordogne;00-17 ans;Hommes et Femmes;73.0;101.9;;24;75
2019;Nouvelle Aquitaine;Dordogne;25-44 ans;Hommes et Femmes;148.0;188.6;;24;75
2019;Nouvelle Aquitaine;Dordogne;Tous;Hommes et Femmes;539.0;130.4;140.0;24;75
2019;Bourgogne et Franche-Comté;Doubs;18-24 ans;Hommes;41.0;169.1;;25;27
2019;Bourgogne et Franche-Comté;Doubs;45-64 ans;Hommes;82.0;122.4;;25;27
2019;Bourgogne et Franche-Comté;Doubs;65 ans et plus;Hommes;20.0;42.7;;25;27
2019;Bourgogne et Franche-Comté;Doubs;Tous;Hommes;259.0;97.3;96.8;25;27
2019;Bourgogne et Franche-Comté;Doubs;00-17 ans;Femmes;61.0;104.1;;25;27
2019;Bourgogne et Franche-Comté;Doubs;18-24 ans;Femmes;75.0;320.9;;25;27
2019;Bourgogne et Franche-Comté;Doubs;45-64 ans;Femmes;130.0;187.1;;25;27
2019;Bourgogne et Franche-Comté;Doubs;Tous;Femmes;460.0;165.6;163.7;25;27
2019;Bourgogne et Franche-Comté;Doubs;Tous;Hommes et Femmes;719.0;132.2;131.3;25;27
2019;Auvergne et Rhône-Alpes;Drôme;00-17 ans;Hommes;20.0;34.2;;26;84
2019;Auvergne et Rhône-Alpes;Drôme;25-44 ans;Femmes;108.0;181.2;;26;84
2019;Auvergne et Rhône-Alpes;Drôme;25-44 ans;Hommes et Femmes;192.0;164.4;;26;84
2019;Normandie;Eure;18-24 ans;Hommes;52.0;238.6;;27;28
2019;Normandie;Eure;Tous;Hommes;344.0;117.7;120.2;27;28
2019;Normandie;Eure;Tous;Hommes et Femmes;964.0;160.8;162.2;27;28
2019;Centre-Val de Loire;Eure-et-Loir;18-24 ans;Hommes;18.0;119.5;;28;24
2019;Centre-Val de Loire;Eure-et-Loir;00-17 ans;Femmes;54.0;110.7;;28;24
2019;Centre-Val de Loire;Eure-et-Loir;65 ans et plus;Femmes;39.0;78.9;;28;24
2019;Centre-Val de Loire;Eure-et-Loir;00-17 ans;Hommes et Femmes;64.0;64.1;;28;24
2019;Bretagne;Finistère;25-44 ans;Hommes;290.0;288.6;;29;53
2019;Bretagne;Finistère;45-64 ans;Hommes;258.0;207.5;;29;53
2019;Bretagne;Finistère;Tous;Hommes;709.0;159.4;160.8;29;53
2019;Bretagne;Finistère;25-44 ans;Femmes;250.0;255.2;;29;53
2019;Bretagne;Finistère;45-64 ans;Femmes;374.0;295.7;;29;53
2019;Bretagne;Finistère;Tous;Femmes;1065.0;226.4;231.0;29;53
2019;Bretagne;Finistère;18-24 ans;Hommes et Femmes;210.0;297.8;;29;53
2019;Occitanie;Gard;65 ans et plus;Hommes;45.0;59.1;;30;76
2019;Occitanie;Gard;45-64 ans;Femmes;192.0;180.8;;30;76
2019;Occitanie;Gard;Tous;Femmes;554.0;142.9;144.5;30;76
2019;Occitanie;Gard;18-24 ans;Hommes et Femmes;114.0;213.2;;30;76
2019;Occitanie;Gard;Tous;Hommes et Femmes;858.0;114.6;116.1;30;76
2019;Occitanie;Haute-Garonne;00-17 ans;Hommes;17.0;11.3;;31;76
2019;Occitanie;Haute-Garonne;Tous;Hommes;328.0;48.1;46.8;31;76
2019;Occitanie;Haute-Garonne;45-64 ans;Femmes;138.0;78.7;;31;76
2019;Occitanie;Haute-Garonne;65 ans et plus;Femmes;80.0;59.9;;31;76
2019;Occitanie;Haute-Garonne;18-24 ans;Hommes et Femmes;116.0;80.5;;31;76
2019;Occitanie;Haute-Garonne;25-44 ans;Hommes et Femmes;293.0;76.3;;31;76
2019;Occitanie;Haute-Garonne;65 ans et plus;Hommes et Femmes;123.0;52.7;;31;76
2019;Occitanie;Gers;Tous;Hommes;83.0;88.9;98.4;32;76
2019;Occitanie;Gers;65 ans et plus;Femmes;15.0;51.5;;32;76
2019;Occitanie;Gers;00-17 ans;Hommes et Femmes;31.0;88.1;;32;76
2019;Occitanie;Gers;18-24 ans;Hommes et Femmes;18.0;167.4;;32;76
2019;Nouvelle Aquitaine;Gironde;18-24 ans;Femmes;247.0;328.2;;33;75
2019;Nouvelle Aquitaine;Gironde;00-17 ans;Hommes et Femmes;467.0;139.7;;33;75
2019;Nouvelle Aquitaine;Gironde;25-44 ans;Hommes et Femmes;844.0;204.8;;33;75
2019;Occitanie;Hérault;18-24 ans;Hommes;20.0;37.5;;34;76
2019;Occitanie;Hérault;25-44 ans;Hommes;85.0;62.4;;34;76
2019;Occitanie;Hérault;45-64 ans;Hommes;97.0;69.4;;34;76
2019;Occitanie;Hérault;Tous;Hommes;255.0;45.4;45.6;34;76
2019;Occitanie;Hérault;65 ans et plus;Femmes;79.0;54.6;;34;76
2019;Occitanie;Hérault;Tous;Femmes;489.0;79.7;79.3;34;76
2019;Bretagne;Ille-et-Vilaine;18-24 ans;Hommes;61.0;118.2;;35;53
2019;Bretagne;Ille-et-Vilaine;25-44 ans;Hommes;189.0;140.1;;35;53
2019;Bretagne;Ille-et-Vilaine;00-17 ans;Femmes;91.0;76.6;;35;53
2019;Bretagne;Ille-et-Vilaine;45-64 ans;Femmes;248.0;183.9;;35;53
2019;Bretagne;Ille-et-Vilaine;Tous;Femmes;804.0;145.5;143.2;35;53
2019;Bretagne;Ille-et-Vilaine;18-24 ans;Hommes et Femmes;196.0;190.1;;35;53
2019;Centre-Val de Loire;Indre;00-17 ans;Hommes;10.0;49.4;;36;24
2019;Centre-Val de Loire;Indre;18-24 ans;Hommes;13.0;177.1;;36;24
2019;Centre-Val de Loire;Indre;65 ans et plus;Hommes;16.0;59.4;;36;24
2019;Centre-Val de Loire;Indre;45-64 ans;Femmes;79.0;251.3;;36;24
2019;Centre-Val de Loire;Indre;Tous;Femmes;174.0;153.5;159.9;36;24
2019;Centre-Val de Loire;Indre;18-24 ans;Hommes et Femmes;33.0;240.1;;36;24
2019;Centre-Val de Loire;Indre;45-64 ans;Hommes et Femmes;114.0;183.8;;36;24
2019;Centre-Val de Loire;Indre;Tous;Hommes et Femmes;287.0;130.9;137.1;36;24
2019;Centre-Val de Loire;Indre-et-Loire;45-64 ans;Hommes;94.0;121.3;;37;24
2019;Centre-Val de Loire;Indre-et-Loire;Tous;Hommes;340.0;115.9;116.9;37;24
2019;Centre-Val de Loire;Indre-et-Loire;18-24 ans;Femmes;121.0;443.1;;37;24
2019;Centre-Val de Loire;Indre-et-Loire;25-44 ans;Femmes;151.0;212.8;;37;24
2019;Centre-Val de Loire;Indre-et-Loire;65 ans et plus;Femmes;76.0;100.8;;37;24
2019;Centre-Val de Loire;Indre-et-Loire;Tous;Femmes;636.0;200.7;199.3;37;24
2019;Centre-Val de Loire;Indre-et-Loire;18-24 ans;Hommes et Femmes;171.0;323.3;;37;24
2019;Centre-Val de Loire;Indre-et-Loire;65 ans et plus;Hommes et Femmes;113.0;85.6;;37;24
2019;Centre-Val de Loire;Indre-et-Loire;Tous;Hommes et Femmes;976.0;160.0;159.3;37;24
2019;Auvergne et Rhône-Alpes;Isère;00-17 ans;Hommes;35.0;23.5;;38;84
2019;Auvergne et Rhône-Alpes;Isère;18-24 ans;Hommes;53.0;92.3;;38;84
2019;Auvergne et Rhône-Alpes;Isère;00-17 ans;Femmes;172.0;121.2;;38;84
2019;Auvergne et Rhône-Alpes;Isère;00-17 ans;Hommes et Femmes;207.0;71.2;;38;84
2019;Auvergne et Rhône-Alpes;Isère;65 ans et plus;Hommes et Femmes;162.0;69.0;;38;84
2019;Bourgogne et Franche-Comté;Jura;18-24 ans;Hommes;13.0;142.5;;39;27
2019;Bourgogne et Franche-Comté;Jura;65 ans et plus;Hommes;16.0;59.7;;39;27
2019;Bourgogne et Franche-Comté;Jura;18-24 ans;Femmes;50.0;624.0;;39;27
2019;Bourgogne et Franche-Comté;Jura;45-64 ans;Femmes;105.0;291.3;;39;27
2019;Bourgogne et Franche-Comté;Jura;18-24 ans;Hommes et Femmes;63.0;367.6;;39;27
2019;Bourgogne et Franche-Comté;Jura;25-44 ans;Hommes et Femmes;126.0;226.4;;39;27
2019;Bourgogne et Franche-Comté;Jura;45-64 ans;Hommes et Femmes;162.0;226.3;;39;27
2019;Bourgogne et Franche-Comté;Jura;65 ans et plus;Hommes et Femmes;37.0;60.4;;39;27
2019;Bourgogne et Franche-Comté;Jura;Tous;Hommes et Femmes;453.0;174.8;181.8;39;27
2019;Nouvelle Aquitaine;Landes;65 ans et plus;Hommes;23.0;50.1;;40;75
2019;Nouvelle Aquitaine;Landes;Tous;Hommes;166.0;82.8;85.6;40;75
2019;Nouvelle Aquitaine;Landes;18-24 ans;Femmes;29.0;257.9;;40;75
2019;Nouvelle Aquitaine;Landes;00-17 ans;Hommes et Femmes;62.0;77.8;;40;75
2019;Nouvelle Aquitaine;Landes;65 ans et plus;Hommes et Femmes;53.0;50.7;;40;75
2019;Nouvelle Aquitaine;Landes;Tous;Hommes et Femmes;410.0;99.1;104.3;40;75
2019;Centre-Val de Loire;Loir-et-Cher;00-17 ans;Hommes;21.0;60.7;;41;24
2019;Centre-Val de Loire;Loir-et-Cher;18-24 ans;Femmes;25.0;260.9;;41;24
2019;Centre-Val de Loire;Loir-et-Cher;18-24 ans;Hommes et Femmes;41.0;198.6;;41;24
2019;Auvergne et Rhône-Alpes;Loire;65 ans et plus;Hommes;44.0;60.3;;42;84
2019;Auvergne et Rhône-Alpes;Loire;65 ans et plus;Hommes et Femmes;126.0;73.4;;42;84
2019;Auvergne et Rhône-Alpes;Haute-Loire;00-17 ans;Hommes;9.0;37.7;;43;84
2019;Auvergne et Rhône-Alpes;Haute-Loire;18-24 ans;Hommes;19.0;244.5;;43;84
2019;Auvergne et Rhône-Alpes;Haute-Loire;45-64 ans;Hommes;49.0;152.4;;43;84
2019;Auvergne et Rhône-Alpes;Haute-Loire;65 ans et plus;Hommes;15.0;61.9;;43;84
2019;Auvergne et Rhône-Alpes;Haute-Loire;00-17 ans;Femmes;23.0;101.7;;43;84
2019;Auvergne et Rhône-Alpes;Haute-Loire;45-64 ans;Femmes;65.0;204.1;;43;84
2019;Auvergne et Rhône-Alpes;Haute-Loire;Tous;Femmes;200.0;172.8;180.5;43;84
2019;Auvergne et Rhône-Alpes;Haute-Loire;00-17 ans;Hommes et Femmes;32.0;68.8;;43;84
2019;Auvergne et Rhône-Alpes;Haute-Loire;25-44 ans;Hommes et Femmes;142.0;300.1;;43;84
2019;Auvergne et Rhône-Alpes;Haute-Loire;65 ans et plus;Hommes et Femmes;41.0;74.3;;43;84
2019;Pays de la Loire;Loire-Atlantique;45-64 ans;Hommes;163.0;93.1;;44;52
2019;Pays de la Loire;Loire-Atlantique;65 ans et plus;Hommes;43.0;38.9;;44;52
2019;Pays de la Loire;Loire-Atlantique;18-24 ans;Femmes;75.0;125.6;;44;52
2019;Pays de la Loire;Loire-Atlantique;Tous;Femmes;713.0;97.1;95.3;44;52
2019;Pays de la Loire;Loire-Atlantique;Tous;Hommes et Femmes;1240.0;86.8;85.4;44;52
2019;Centre-Val de Loire;Loiret;25-44 ans;Hommes;104.0;131.7;;45;24
2019;Centre-Val de Loire;Loiret;45-64 ans;Hommes;112.0;131.1;;45;24
2019;Centre-Val de Loire;Loiret;25-44 ans;Femmes;154.0;188.1;;45;24
2019;Centre-Val de Loire;Loiret;45-64 ans;Femmes;167.0;187.9;;45;24
2019;Centre-Val de Loire;Loiret;Tous;Femmes;532.0;152.4;153.9;45;24
2019;Centre-Val de Loire;Loiret;Tous;Hommes et Femmes;878.0;129.0;130.6;45;24
2019;Occitanie;Lot;45-64 ans;Hommes;29.0;117.6;;46;76
2019;Occitanie;Lot;65 ans et plus;Hommes;9.0;38.6;;46;76
2019;Occitanie;Lot;00-17 ans;Femmes;7.0;48.4;;46;76
2019;Occitanie;Lot;18-24 ans;Femmes;17.0;397.7;;46;76
2019;Occitanie;Lot;45-64 ans;Femmes;50.0;193.3;;46;76
2019;Occitanie;Lot;Tous;Femmes;130.0;145.1;158.9;46;76
2019;Occitanie;Lot;00-17 ans;Hommes et Femmes;14.0;47.3;;46;76
2019;Occitanie;Lot;18-24 ans;Hommes et Femmes;27.0;287.6;;46;76
2019;Occitanie;Lot;25-44 ans;Hommes et Femmes;70.0;215.0;;46;76
2019;Occitanie;Lot;65 ans et plus;Hommes et Femmes;28.0;53.8;;46;76
2019;Occitanie;Lot;Tous;Hommes et Femmes;218.0;125.2;137.4;46;76
2019;Nouvelle Aquitaine;Lot-et-Garonne;00-17 ans;Hommes;12.0;36.4;;47;75
2019;Nouvelle Aquitaine;Lot-et-Garonne;18-24 ans;Femmes;23.0;222.6;;47;75
2019;Nouvelle Aquitaine;Lot-et-Garonne;45-64 ans;Femmes;85.0;182.0;;47;75
2019;Nouvelle Aquitaine;Lot-et-Garonne;65 ans et plus;Femmes;41.0;83.6;;47;75
2019;Nouvelle Aquitaine;Lot-et-Garonne;Tous;Hommes et Femmes;425.0;128.3;133.7;47;75
2019;Occitanie;Lozère;18-24 ans;Hommes;2.5;91.6;;48;76
2019;Occitanie;Lozère;65 ans et plus;Hommes;2.5;27.7;;48;76
2019;Occitanie;Lozère;65 ans et plus;Femmes;5.0;46.9;;48;76
2019;Occitanie;Lozère;45-64 ans;Hommes et Femmes;28.0;128.7;;48;76
2019;Pays de la Loire;Maine-et-Loire;45-64 ans;Femmes;171.0;163.4;;49;52
2019;Pays de la Loire;Maine-et-Loire;00-17 ans;Hommes et Femmes;181.0;98.5;;49;52
2019;Pays de la Loire;Maine-et-Loire;18-24 ans;Hommes et Femmes;165.0;222.4;;49;52
2019;Pays de la Loire;Maine-et-Loire;65 ans et plus;Hommes et Femmes;104.0;62.7;;49;52
2019;Pays de la Loire;Maine-et-Loire;Tous;Hommes et Femmes;1099.0;134.3;133.9;49;52
2019;Normandie;Manche;45-64 ans;Hommes;149.0;217.7;;50;28
2019;Normandie;Manche;Tous;Hommes;443.0;183.5;190.2;50;28
2019;Normandie;Manche;00-17 ans;Femmes;185.0;383.4;;50;28
2019;Normandie;Manche;45-64 ans;Femmes;161.0;234.4;;50;28
2019;Normandie;Manche;25-44 ans;Hommes et Femmes;338.0;325.2;;50;28
2019;Grand Est;Marne;00-17 ans;Femmes;108.0;181.5;;51;44
2019;Grand Est;Marne;18-24 ans;Femmes;99.0;389.3;;51;44
2019;Grand Est;Marne;45-64 ans;Femmes;197.0;263.3;;51;44
2019;Grand Est;Marne;65 ans et plus;Femmes;53.0;82.6;;51;44
2019;Grand Est;Marne;65 ans et plus;Hommes et Femmes;81.0;73.0;;51;44
2019;Grand Est;Haute-Marne;00-17 ans;Hommes;6.0;35.3;;52;44
2019;Grand Est;Haute-Marne;Tous;Hommes;120.0;142.0;145.8;52;44
2019;Grand Est;Haute-Marne;00-17 ans;Femmes;37.0;228.4;;52;44
2019;Grand Est;Haute-Marne;25-44 ans;Femmes;53.0;296.4;;52;44
2019;Grand Est;Haute-Marne;45-64 ans;Femmes;60.0;244.3;;52;44
2019;Grand Est;Haute-Marne;Tous;Femmes;178.0;202.2;210.3;52;44
2019;Grand Est;Haute-Marne;18-24 ans;Hommes et Femmes;32.0;287.1;;52;44
2019;Grand Est;Haute-Marne;Tous;Hommes et Femmes;298.0;172.7;179.0;52;44
2019;Pays de la Loire;Mayenne;65 ans et plus;Hommes et Femmes;55.0;81.0;;53;52
2019;Pays de la Loire;Mayenne;Tous;Hommes et Femmes;463.0;150.8;155.1;53;52
2019;Grand Est;Meurthe-et-Moselle;18-24 ans;Femmes;96.0;266.4;;54;44
2019;Grand Est;Meurthe-et-Moselle;00-17 ans;Hommes et Femmes;168.0;111.7;;54;44
2019;Grand Est;Meurthe-et-Moselle;25-44 ans;Hommes et Femmes;315.0;175.7;;54;44
2019;Grand Est;Meurthe-et-Moselle;45-64 ans;Hommes et Femmes;303.0;161.3;;54;44
2019;Grand Est;Meurthe-et-Moselle;65 ans et plus;Hommes et Femmes;96.0;67.0;;54;44
2019;Grand Est;Meuse;00-17 ans;Hommes;8.0;41.2;;55;44
2019;Grand Est;Meuse;25-44 ans;Hommes;54.0;258.6;;55;44
2019;Grand Est;Meuse;65 ans et plus;Hommes et Femmes;32.0;75.8;;55;44
2019;Grand Est;Meuse;Tous;Hommes et Femmes;333.0;180.9;185.8;55;44
2019;Bretagne;Morbihan;00-17 ans;Hommes;33.0;41.7;;56;53
2019;Bretagne;Morbihan;18-24 ans;Hommes;50.0;183.7;;56;53
2019;Bretagne;Morbihan;18-24 ans;Femmes;73.0;313.6;;56;53
2019;Bretagne;Morbihan;45-64 ans;Femmes;249.0;232.1;;56;53
2019;Bretagne;Morbihan;25-44 ans;Hommes et Femmes;405.0;256.0;;56;53
2019;Grand Est;Moselle;25-44 ans;Hommes;119.0;92.2;;57;44
2019;Grand Est;Moselle;65 ans et plus;Hommes;35.0;38.9;;57;44
2019;Grand Est;Moselle;65 ans et plus;Femmes;62.0;52.7;;57;44
2019;Grand Est;Moselle;65 ans et plus;Hommes et Femmes;97.0;46.7;;57;44
2019;Bourgogne et Franche-Comté;Nièvre;25-44 ans;Hommes;42.0;217.8;;58;27
2019;Bourgogne et Franche-Comté;Nièvre;65 ans et plus;Hommes;11.0;42.5;;58;27
2019;Bourgogne et Franche-Comté;Nièvre;18-24 ans;Femmes;15.0;263.2;;58;27
2019;Bourgogne et Franche-Comté;Nièvre;65 ans et plus;Femmes;17.0;49.4;;58;27
2019;Bourgogne et Franche-Comté;Nièvre;45-64 ans;Hommes et Femmes;88.0;154.5;;58;27
2019;Hauts-de-France;Nord;45-64 ans;Hommes;951.0;304.8;;59;32
2019;Hauts-de-France;Nord;65 ans et plus;Hommes;150.0;81.7;;59;32
2019;Hauts-de-France;Nord;Tous;Hommes;2936.0;233.3;229.1;59;32
2019;Hauts-de-France;Nord;00-17 ans;Femmes;790.0;264.7;;59;32
2019;Hauts-de-France;Nord;00-17 ans;Hommes et Femmes;995.0;162.9;;59;32
2019;Hauts-de-France;Nord;25-44 ans;Hommes et Femmes;2450.0;371.3;;59;32
2019;Hauts-de-France;Oise;65 ans et plus;Hommes;55.0;88.1;;60;32
2019;Hauts-de-France;Oise;25-44 ans;Femmes;247.0;235.1;;60;32
2019;Hauts-de-France;Oise;25-44 ans;Hommes et Femmes;507.0;246.3;;60;32
2019;Hauts-de-France;Oise;65 ans et plus;Hommes et Femmes;144.0;101.2;;60;32
2019;Normandie;Orne;18-24 ans;Hommes;34.0;340.2;;61;28
2019;Normandie;Orne;45-64 ans;Femmes;75.0;193.1;;61;28
2019;Normandie;Orne;Tous;Hommes et Femmes;562.0;200.8;214.2;61;28
2019;Hauts-de-France;Pas-de-Calais;00-17 ans;Hommes;113.0;65.4;;62;32
2019;Hauts-de-France;Pas-de-Calais;18-24 ans;Hommes;192.0;310.4;;62;32
2019;Hauts-de-France;Pas-de-Calais;65 ans et plus;Hommes;111.0;97.2;;62;32
2019;Hauts-de-France;Pas-de-Calais;25-44 ans;Femmes;585.0;333.9;;62;32
2019;Hauts-de-France;Pas-de-Calais;65 ans et plus;Femmes;140.0;85.4;;62;32
2019;Hauts-de-France;Pas-de-Calais;18-24 ans;Hommes et Femmes;451.0;383.2;;62;32
2019;Hauts-de-France;Pas-de-Calais;65 ans et plus;Hommes et Femmes;251.0;90.3;;62;32
2019;Hauts-de-France;Pas-de-Calais;Tous;Hommes et Femmes;3331.0;227.3;226.9;62;32
2019;Auvergne et Rhône-Alpes;Puy-de-Dôme;25-44 ans;Hommes;222.0;285.8;;63;84
2019;Auvergne et Rhône-Alpes;Puy-de-Dôme;Tous;Hommes;593.0;184.9;182.5;63;84
2019;Auvergne et Rhône-Alpes;Puy-de-Dôme;25-44 ans;Femmes;194.0;251.0;;63;84
2019;Auvergne et Rhône-Alpes;Puy-de-Dôme;00-17 ans;Hommes et Femmes;92.0;70.1;;63;84
2019;Auvergne et Rhône-Alpes;Puy-de-Dôme;18-24 ans;Hommes et Femmes;214.0;371.8;;63;84
2019;Nouvelle Aquitaine;Pyrénées-Atlantiques;00-17 ans;Hommes;2.5;3.8;;64;75
2019;Nouvelle Aquitaine;Pyrénées-Atlantiques;25-44 ans;Hommes;41.0;54.5;;64;75
2019;Nouvelle Aquitaine;Pyrénées-Atlantiques;25-44 ans;Femmes;49.0;63.4;;64;75
2019;Nouvelle Aquitaine;Pyrénées-Atlantiques;Tous;Femmes;184.0;51.8;52.8;64;75
2019;Nouvelle Aquitaine;Pyrénées-Atlantiques;00-17 ans;Hommes et Femmes;19.5;15.0;;64;75
2019;Nouvelle Aquitaine;Pyrénées-Atlantiques;65 ans et plus;Hommes et Femmes;47.0;28.5;;64;75
2019;Occitanie;Hautes-Pyrénées;00-17 ans;Hommes;7.0;33.1;;65;76
2019;Occitanie;Hautes-Pyrénées;65 ans et plus;Hommes;7.0;26.3;;65;76
2019;Occitanie;Hautes-Pyrénées;Tous;Hommes;115.0;104.0;108.9;65;76
2019;Occitanie;Hautes-Pyrénées;00-17 ans;Femmes;32.0;161.0;;65;76
2019;Occitanie;Hautes-Pyrénées;18-24 ans;Femmes;19.0;272.9;;65;76
2019;Occitanie;Hautes-Pyrénées;45-64 ans;Femmes;64.0;188.9;;65;76
2019;Occitanie;Hautes-Pyrénées;65 ans et plus;Femmes;19.0;53.9;;65;76
2019;Occitanie;Hautes-Pyrénées;Tous;Femmes;169.0;142.0;149.6;65;76
2019;Occitanie;Hautes-Pyrénées;45-64 ans;Hommes et Femmes;110.0;168.9;;65;76
2019;Occitanie;Hautes-Pyrénées;65 ans et plus;Hommes et Femmes;26.0;42.0;;65;76
2019;Occitanie;Pyrénées-Orientales;Tous;Hommes;214.0;93.8;97.3;66;76
2019;Grand Est;Bas-Rhin;25-44 ans;Hommes;212.0;150.6;;67;44
2019;Grand Est;Bas-Rhin;45-64 ans;Hommes;205.0;135.5;;67;44
2019;Grand Est;Bas-Rhin;Tous;Hommes;583.0;105.1;102.4;67;44
2019;Grand Est;Bas-Rhin;00-17 ans;Femmes;166.0;146.6;;67;44
2019;Grand Est;Bas-Rhin;45-64 ans;Femmes;194.0;123.8;;67;44
2019;Grand Est;Bas-Rhin;00-17 ans;Hommes et Femmes;211.0;90.9;;67;44
2019;Grand Est;Bas-Rhin;65 ans et plus;Hommes et Femmes;140.0;66.5;;67;44
2019;Grand Est;Bas-Rhin;Tous;Hommes et Femmes;1340.0;117.5;115.2;67;44
2019;Grand Est;Haut-Rhin;00-17 ans;Hommes;24.0;28.8;;68;44
2019;Grand Est;Haut-Rhin;25-44 ans;Hommes;110.0;121.9;;68;44
2019;Grand Est;Haut-Rhin;65 ans et plus;Hommes;24.0;35.5;;68;44
2019;Grand Est;Haut-Rhin;Tous;Hommes;285.0;75.8;76.3;68;44
2019;Grand Est;Haut-Rhin;00-17 ans;Femmes;113.0;143.3;;68;44
2019;Grand Est;Haut-Rhin;65 ans et plus;Femmes;47.0;55.3;;68;44
2019;Grand Est;Haut-Rhin;Tous;Femmes;417.0;106.6;105.8;68;44
2019;Grand Est;Haut-Rhin;18-24 ans;Hommes et Femmes;81.0;146.5;;68;44
2019;Auvergne et Rhône-Alpes;Rhône;18-24 ans;Hommes;132.0;142.1;;69;84
2019;Auvergne et Rhône-Alpes;Rhône;00-17 ans;Femmes;236.0;113.5;;69;84
2019;Auvergne et Rhône-Alpes;Rhône;25-44 ans;Femmes;357.0;138.0;;69;84
2019;Auvergne et Rhône-Alpes;Rhône;00-17 ans;Hommes et Femmes;300.0;70.6;;69;84
2019;Bourgogne et Franche-Comté;Haute-Saône;00-17 ans;Hommes;12.0;47.3;;70;27
2019;Bourgogne et Franche-Comté;Haute-Saône;45-64 ans;Hommes;69.0;208.9;;70;27
2019;Bourgogne et Franche-Comté;Haute-Saône;65 ans et plus;Hommes;10.0;41.2;;70;27
2019;Bourgogne et Franche-Comté;Haute-Saône;18-24 ans;Femmes;25.0;354.5;;70;27
2019;Bourgogne et Franche-Comté;Haute-Saône;65 ans et plus;Femmes;20.0;66.7;;70;27
2019;Bourgogne et Franche-Comté;Haute-Saône;00-17 ans;Hommes et Femmes;52.0;105.7;;70;27
2019;Bourgogne et Franche-Comté;Haute-Saône;Tous;Hommes et Femmes;484.0;205.7;212.4;70;27
2019;Bourgogne et Franche-Comté;Saône-et-Loire;45-64 ans;Hommes;151.0;201.8;;71;27
2019;Bourgogne et Franche-Comté;Saône-et-Loire;Tous;Hommes;388.0;145.0;150.3;71;27
2019;Bourgogne et Franche-Comté;Saône-et-Loire;Tous;Femmes;576.0;202.9;217.4;71;27
2019;Bourgogne et Franche-Comté;Saône-et-Loire;00-17 ans;Hommes et Femmes;125.0;114.8;;71;27
2019;Pays de la Loire;Sarthe;00-17 ans;Hommes;13.0;20.4;;72;52
2019;Pays de la Loire;Sarthe;18-24 ans;Hommes;12.0;52.0;;72;52
2019;Pays de la Loire;Sarthe;25-44 ans;Hommes;58.0;95.0;;72;52
2019;Pays de la Loire;Sarthe;65 ans et plus;Hommes;25.0;46.1;;72;52
2019;Pays de la Loire;Sarthe;00-17 ans;Femmes;72.0;118.8;;72;52
2019;Pays de la Loire;Sarthe;18-24 ans;Femmes;25.0;118.7;;72;52
2019;Pays de la Loire;Sarthe;25-44 ans;Femmes;60.0;95.9;;72;52
2019;Auvergne et Rhône-Alpes;Savoie;00-17 ans;Femmes;92.0;206.8;;73;84
2019;Auvergne et Rhône-Alpes;Savoie;25-44 ans;Femmes;73.0;140.6;;73;84
2019;Auvergne et Rhône-Alpes;Savoie;00-17 ans;Hommes et Femmes;110.0;120.3;;73;84
2019;Auvergne et Rhône-Alpes;Savoie;18-24 ans;Hommes et Femmes;59.0;185.0;;73;84
2019;Auvergne et Rhône-Alpes;Savoie;25-44 ans;Hommes et Femmes;134.0;129.7;;73;84
2019;Auvergne et Rhône-Alpes;Savoie;Tous;Hommes et Femmes;465.0;106.5;107.8;73;84
2019;Auvergne et Rhône-Alpes;Haute-Savoie;18-24 ans;Hommes;21.0;69.5;;74;84
2019;Auvergne et Rhône-Alpes;Haute-Savoie;25-44 ans;Hommes;120.0;107.6;;74;84
2019;Auvergne et Rhône-Alpes;Haute-Savoie;45-64 ans;Hommes;80.0;75.1;;74;84
2019;Auvergne et Rhône-Alpes;Haute-Savoie;25-44 ans;Femmes;134.0;118.3;;74;84
2019;Auvergne et Rhône-Alpes;Haute-Savoie;00-17 ans;Hommes et Femmes;134.0;71.4;;74;84
2019;Auvergne et Rhône-Alpes;Haute-Savoie;Tous;Hommes et Femmes;752.0;91.0;90.1;74;84
2019;Île-de-France;Paris;25-44 ans;Femmes;198.0;53.9;;75;11
2019;Île-de-France;Paris;45-64 ans;Femmes;175.0;64.9;;75;11
2019;Île-de-France;Paris;25-44 ans;Hommes et Femmes;429.0;60.2;;75;11
2019;Île-de-France;Paris;65 ans et plus;Hommes et Femmes;212.0;57.3;;75;11
2019;Normandie;Seine-Maritime;00-17 ans;Hommes;107.0;75.9;;76;28
2019;Normandie;Seine-Maritime;18-24 ans;Hommes;102.0;187.3;;76;28
2019;Normandie;Seine-Maritime;Tous;Hommes;1069.0;176.9;176.7;76;28
2019;Normandie;Seine-Maritime;18-24 ans;Hommes et Femmes;372.0;343.7;;76;28
2019;Normandie;Seine-Maritime;45-64 ans;Hommes et Femmes;865.0;268.0;;76;28
2019;Normandie;Seine-Maritime;65 ans et plus;Hommes et Femmes;225.0;89.4;;76;28
2019;Île-de-France;Seine-et-Marne;00-17 ans;Hommes;48.0;26.4;;77;11
2019;Île-de-France;Seine-et-Marne;18-24 ans;Hommes;52.0;85.3;;77;11
2019;Île-de-France;Seine-et-Marne;25-44 ans;Femmes;210.0;109.5;;77;11
2019;Île-de-France;Seine-et-Marne;00-17 ans;Hommes et Femmes;262.0;73.7;;77;11
2019;Île-de-France;Seine-et-Marne;18-24 ans;Hommes et Femmes;163.0;136.3;;77;11
2019;Île-de-France;Seine-et-Marne;25-44 ans;Hommes et Femmes;358.0;96.7;;77;11
2019;Île-de-France;Seine-et-Marne;65 ans et plus;Hommes et Femmes;125.0;59.4;;77;11
2019;Île-de-France;Yvelines;00-17 ans;Hommes;46.0;25.4;;78;11
2019;Île-de-France;Yvelines;18-24 ans;Hommes;54.0;90.0;;78;11
2019;Île-de-France;Yvelines;25-44 ans;Hommes;136.0;76.8;;78;11
2019;Île-de-France;Yvelines;25-44 ans;Femmes;216.0;115.8;;78;11
2019;Île-de-France;Yvelines;65 ans et plus;Femmes;90.0;66.4;;78;11
2019;Île-de-France;Yvelines;Tous;Hommes et Femmes;1420.0;98.1;96.5;78;11
2019;Nouvelle Aquitaine;Deux-Sèvres;00-17 ans;Hommes;7.0;17.3;;79;75
2019;Nouvelle Aquitaine;Deux-Sèvres;45-64 ans;Hommes;95.0;186.0;;79;75
2019;Nouvelle Aquitaine;Deux-Sèvres;00-17 ans;Femmes;41.0;106.6;;79;75
2019;Nouvelle Aquitaine;Deux-Sèvres;45-64 ans;Femmes;102.0;195.0;;79;75
2019;Nouvelle Aquitaine;Deux-Sèvres;Tous;Femmes;285.0;148.9;154.8;79;75
2019;Nouvelle Aquitaine;Deux-Sèvres;18-24 ans;Hommes et Femmes;66.0;274.7;;79;75
2019;Nouvelle Aquitaine;Deux-Sèvres;25-44 ans;Hommes et Femmes;162.0;200.5;;79;75
2019;Nouvelle Aquitaine;Deux-Sèvres;45-64 ans;Hommes et Femmes;197.0;190.6;;79;75
2019;Hauts-de-France;Somme;18-24 ans;Hommes;107.0;405.1;;80;32
2019;Hauts-de-France;Somme;65 ans et plus;Hommes;44.0;89.8;;80;32
2019;Hauts-de-France;Somme;Tous;Hommes;905.0;326.9;324.6;80;32
2019;Hauts-de-France;Somme;25-44 ans;Femmes;303.0;449.1;;80;32
2019;Hauts-de-France;Somme;00-17 ans;Hommes et Femmes;275.0;226.2;;80;32
2019;Hauts-de-France;Somme;18-24 ans;Hommes et Femmes;234.0;444.7;;80;32
2019;Hauts-de-France;Somme;65 ans et plus;Hommes et Femmes;133.0;116.0;;80;32
2019;Occitanie;Tarn;18-24 ans;Hommes;20.0;145.7;;81;76
2019;Occitanie;Tarn;18-24 ans;Femmes;34.0;270.5;;81;76
2019;Occitanie;Tarn;25-44 ans;Femmes;87.0;212.1;;81;76
2019;Occitanie;Tarn;Tous;Femmes;331.0;164.0;169.1;81;76
2019;Occitanie;Tarn;25-44 ans;Hommes et Femmes;153.0;189.8;;81;76
2019;Occitanie;Tarn;45-64 ans;Hommes et Femmes;160.0;149.2;;81;76
2019;Occitanie;Tarn-et-Garonne;18-24 ans;Hommes;17.0;194.6;;82;76
2019;Occitanie;Tarn-et-Garonne;65 ans et plus;Hommes;14.0;54.3;;82;76
2019;Occitanie;Tarn-et-Garonne;Tous;Hommes;160.0;125.3;131.3;82;76
2019;Occitanie;Tarn-et-Garonne;18-24 ans;Femmes;35.0;447.0;;82;76
2019;Occitanie;Tarn-et-Garonne;25-44 ans;Femmes;72.0;243.4;;82;76
2019;Occitanie;Tarn-et-Garonne;Tous;Femmes;270.0;203.0;209.1;82;76
2019;Occitanie;Tarn-et-Garonne;25-44 ans;Hommes et Femmes;145.0;249.2;;82;76
2019;Occitanie;Tarn-et-Garonne;Tous;Hommes et Femmes;430.0;165.0;171.4;82;76
2019;Provence-Alpes-Côte d'Azur;Var;00-17 ans;Hommes;32.0;30.6;;83;93
2019;Provence-Alpes-Côte d'Azur;Var;25-44 ans;Hommes;149.0;131.5;;83;93
2019;Provence-Alpes-Côte d'Azur;Var;00-17 ans;Hommes et Femmes;152.0;74.9;;83;93
2019;Provence-Alpes-Côte d'Azur;Var;18-24 ans;Hommes et Femmes;141.0;196.7;;83;93
2019;Provence-Alpes-Côte d'Azur;Var;25-44 ans;Hommes et Femmes;382.0;165.8;;83;93
2019;Provence-Alpes-Côte d'Azur;Var;45-64 ans;Hommes et Femmes;453.0;156.6;;83;93
2019;Provence-Alpes-Côte d'Azur;Var;Tous;Hommes et Femmes;1342.0;124.6;127.9;83;93
2019;Provence-Alpes-Côte d'Azur;Vaucluse;00-17 ans;Hommes;15.0;24.1;;84;93
2019;Provence-Alpes-Côte d'Azur;Vaucluse;45-64 ans;Hommes;87.0;121.2;;84;93
2019;Provence-Alpes-Côte d'Azur;Vaucluse;00-17 ans;Femmes;66.0;112.1;;84;93
2019;Provence-Alpes-Côte d'Azur;Vaucluse;00-17 ans;Hommes et Femmes;81.0;66.9;;84;93
2019;Provence-Alpes-Côte d'Azur;Vaucluse;18-24 ans;Hommes et Femmes;66.0;165.7;;84;93
2019;Provence-Alpes-Côte d'Azur;Vaucluse;65 ans et plus;Hommes et Femmes;103.0;82.3;;84;93
2019;Provence-Alpes-Côte d'Azur;Vaucluse;Tous;Hommes et Femmes;699.0;124.5;126.0;84;93
2019;Pays de la Loire;Vendée;18-24 ans;Hommes;40.0;178.4;;85;52
2019;Pays de la Loire;Vendée;25-44 ans;Hommes;125.0;168.5;;85;52
2019;Pays de la Loire;Vendée;Tous;Hommes;348.0;104.0;108.5;85;52
2019;Pays de la Loire;Vendée;18-24 ans;Femmes;72.0;355.9;;85;52
2019;Pays de la Loire;Vendée;65 ans et plus;Femmes;76.0;81.4;;85;52
2019;Pays de la Loire;Vendée;18-24 ans;Hommes et Femmes;112.0;262.6;;85;52
2019;Pays de la Loire;Vendée;25-44 ans;Hommes et Femmes;245.0;165.6;;85;52
2019;Nouvelle Aquitaine;Vienne;18-24 ans;Hommes;25.0;121.4;;86;75
2019;Nouvelle Aquitaine;Vienne;Tous;Hommes;190.0;89.7;90.8;86;75
2019;Nouvelle Aquitaine;Vienne;45-64 ans;Femmes;103.0;179.1;;86;75
2019;Nouvelle Aquitaine;Vienne;65 ans et plus;Femmes;40.0;73.4;;86;75
2019;Nouvelle Aquitaine;Vienne;25-44 ans;Hommes et Femmes;149.0;151.7;;86;75
2019;Nouvelle Aquitaine;Vienne;65 ans et plus;Hommes et Femmes;54.0;55.8;;86;75
2019;Nouvelle Aquitaine;Haute-Vienne;Tous;Hommes;195.0;109.9;112.9;87;75
2019;Nouvelle Aquitaine;Haute-Vienne;00-17 ans;Femmes;47.0;136.7;;87;75
2019;Nouvelle Aquitaine;Haute-Vienne;25-44 ans;Femmes;74.0;182.4;;87;75
2019;Nouvelle Aquitaine;Haute-Vienne;45-64 ans;Femmes;108.0;211.8;;87;75
2019;Nouvelle Aquitaine;Haute-Vienne;45-64 ans;Hommes et Femmes;168.0;169.3;;87;75
2019;Nouvelle Aquitaine;Haute-Vienne;65 ans et plus;Hommes et Femmes;48.0;51.8;;87;75
2019;Grand Est;Vosges;45-64 ans;Hommes;87.0;170.7;;88;44
2019;Grand Est;Vosges;00-17 ans;Femmes;97.0;276.5;;88;44
2019;Grand Est;Vosges;18-24 ans;Hommes et Femmes;88.0;354.4;;88;44
2019;Bourgogne et Franche-Comté;Yonne;18-24 ans;Hommes;24.0;215.9;;89;27
2019;Bourgogne et Franche-Comté;Yonne;25-44 ans;Hommes;67.0;189.3;;89;27
2019;Bourgogne et Franche-Comté;Yonne;45-64 ans;Femmes;100.0;214.7;;89;27
2019;Bourgogne et Franche-Comté;Yonne;65 ans et plus;Hommes et Femmes;43.0;52.3;;89;27
2019;Bourgogne et Franche-Comté;Territoire de Belfort;25-44 ans;Hommes;25.0;145.6;;90;27
2019;Bourgogne et Franche-Comté;Territoire de Belfort;65 ans et plus;Femmes;23.0;144.9;;90;27
2019;Bourgogne et Franche-Comté;Territoire de Belfort;00-17 ans;Hommes et Femmes;15.5;50.9;;90;27
2019;Bourgogne et Franche-Comté;Territoire de Belfort;25-44 ans;Hommes et Femmes;53.0;156.4;;90;27
2019;Île-de-France;Essonne;00-17 ans;Hommes;44.0;26.8;;91;11
2019;Île-de-France;Essonne;45-64 ans;Hommes;154.0;95.2;;91;11
2019;Île-de-France;Essonne;Tous;Hommes;468.0;73.4;74.0;91;11
2019;Île-de-France;Essonne;25-44 ans;Femmes;212.0;121.6;;91;11
2019;Île-de-France;Essonne;45-64 ans;Femmes;238.0;143.3;;91;11
2019;Île-de-France;Essonne;65 ans et plus;Femmes;81.0;72.2;;91;11
2019;Île-de-France;Essonne;00-17 ans;Hommes et Femmes;203.0;63.1;;91;11
2019;Île-de-France;Essonne;Tous;Hommes et Femmes;1288.0;99.0;98.1;91;11
2019;Île-de-France;Hauts-de-Seine;00-17 ans;Hommes;41.0;21.8;;92;11
2019;Île-de-France;Hauts-de-Seine;65 ans et plus;Femmes;89.0;61.4;;92;11
2019;Île-de-France;Hauts-de-Seine;Tous;Femmes;743.0;87.3;85.8;92;11
2019;Île-de-France;Hauts-de-Seine;25-44 ans;Hommes et Femmes;366.0;76.6;;92;11
2019;Île-de-France;Seine-Saint-Denis;65 ans et plus;Hommes;50.0;56.5;;93;11
2019;Île-de-France;Seine-Saint-Denis;25-44 ans;Hommes et Femmes;287.0;59.8;;93;11
2019;Île-de-France;Val-de-Marne;00-17 ans;Hommes;33.0;19.7;;94;11
2019;Île-de-France;Val-de-Marne;18-24 ans;Hommes;40.0;63.5;;94;11
2019;Île-de-France;Val-de-Marne;Tous;Hommes;386.0;57.0;58.2;94;11
2019;Île-de-France;Val-de-Marne;25-44 ans;Hommes et Femmes;309.0;77.9;;94;11
2019;Île-de-France;Val-de-Marne;Tous;Hommes et Femmes;1061.0;75.4;74.5;94;11
2019;Île-de-France;Val-d'Oise;00-17 ans;Hommes;27.0;16.2;;95;11
2019;Île-de-France;Val-d'Oise;Tous;Hommes;265.0;43.6;44.5;95;11
2019;Île-de-France;Val-d'Oise;18-24 ans;Femmes;103.0;190.8;;95;11
2019;Île-de-France;Val-d'Oise;45-64 ans;Femmes;157.0;99.0;;95;11
2019;Île-de-France;Val-d'Oise;65 ans et plus;Femmes;61.0;63.6;;95;11
2019;Île-de-France;Val-d'Oise;00-17 ans;Hommes et Femmes;145.0;44.4;;95;11
2019;Île-de-France;Val-d'Oise;45-64 ans;Hommes et Femmes;240.0;78.0;;95;11
2019;Guadeloupe;Guadeloupe;00-17 ans;Hommes;2.5;5.8;;971;01
2019;Guadeloupe;Guadeloupe;18-24 ans;Hommes;2.5;16.8;;971;01
2019;Guadeloupe;Guadeloupe;Tous;Hommes;30.0;17.1;17.4;971;01
2019;Guadeloupe;Guadeloupe;18-24 ans;Femmes;5.0;35.1;;971;01
2019;Guadeloupe;Guadeloupe;45-64 ans;Femmes;13.0;20.2;;971;01
2019;Guadeloupe;Guadeloupe;65 ans et plus;Femmes;0.0;0.0;;971;01
2019;Guadeloupe;Guadeloupe;Tous;Femmes;39.0;18.7;18.7;971;01
2019;Guadeloupe;Guadeloupe;00-17 ans;Hommes et Femmes;7.5;8.8;;971;01
2019;Guadeloupe;Guadeloupe;18-24 ans;Hommes et Femmes;7.5;25.8;;971;01
2019;Guadeloupe;Guadeloupe;25-44 ans;Hommes et Femmes;23.0;29.5;;971;01
2019;Guadeloupe;Guadeloupe;45-64 ans;Hommes et Femmes;23.0;19.7;;971;01
2019;Guadeloupe;Guadeloupe;65 ans et plus;Hommes et Femmes;5.0;6.7;;971;01
2019;Guadeloupe;Guadeloupe;Tous;Hommes et Femmes;69.0;18.0;18.1;971;01
2019;Martinique;Martinique;18-24 ans;Hommes;12.0;88.6;;972;02
2019;Martinique;Martinique;25-44 ans;Hommes;32.0;104.0;;972;02
2019;Martinique;Martinique;45-64 ans;Hommes;91.0;172.7;;972;02
2019;Martinique;Martinique;65 ans et plus;Femmes;16.0;36.5;;972;02
2019;Martinique;Martinique;Tous;Femmes;125.0;63.3;66.9;972;02
2019;Martinique;Martinique;25-44 ans;Hommes et Femmes;67.0;93.6;;972;02
2019;Martinique;Martinique;45-64 ans;Hommes et Femmes;113.0;96.8;;972;02
2019;Martinique;Martinique;65 ans et plus;Hommes et Femmes;81.0;105.0;;972;02
2019;Guyane;Guyane;00-17 ans;Hommes;8.0;14.8;;973;03
2019;Guyane;Guyane;45-64 ans;Hommes;13.0;50.9;;973;03
2019;Guyane;Guyane;65 ans et plus;Hommes;2.5;32.5;;973;03
2019;Guyane;Guyane;Tous;Hommes;54.5;39.7;46.2;973;03
2019;Guyane;Guyane;45-64 ans;Femmes;13.0;49.6;;973;03
2019;Guyane;Guyane;00-17 ans;Hommes et Femmes;57.0;52.9;;973;03
2019;Guyane;Guyane;65 ans et plus;Hommes et Femmes;7.0;42.8;;973;03
2019;Réunion;Réunion;65 ans et plus;Hommes;25.0;54.3;;974;04
2019;Réunion;Réunion;Tous;Hommes;429.0;104.3;105.5;974;04
2019;Réunion;Réunion;25-44 ans;Femmes;182.0;156.4;;974;04
2019;Réunion;Réunion;45-64 ans;Femmes;133.0;110.9;;974;04
2019;Réunion;Réunion;65 ans et plus;Femmes;24.0;40.4;;974;04
2019;Réunion;Réunion;25-44 ans;Hommes et Femmes;369.0;172.9;;974;04
2019;Réunion;Réunion;45-64 ans;Hommes et Femmes;257.0;111.3;;974;04
2019;Mayotte;Mayotte;65 ans et plus;Hommes;2.5;69.4;;976;06
2019;Mayotte;Mayotte;Tous;Hommes;6.0;4.7;10.1;976;06
2019;Mayotte;Mayotte;65 ans et plus;Femmes;0.0;0.0;;976;06
2019;Mayotte;Mayotte;00-17 ans;Hommes et Femmes;5.0;3.7;;976;06
2019;Mayotte;Mayotte;Tous;Hommes et Femmes;15.0;5.6;6.8;976;06
2019;Saint-Barthélemy;Saint-Barthélemy;18-24 ans;Hommes;0.0;;;977;977
2019;Saint-Barthélemy;Saint-Barthélemy;45-64 ans;Hommes;0.0;;;977;977
2019;Saint-Barthélemy;Saint-Barthélemy;00-17 ans;Femmes;2.5;;;977;977
2019;Saint-Barthélemy;Saint-Barthélemy;25-44 ans;Femmes;2.5;;;977;977
2019;Saint-Barthélemy;Saint-Barthélemy;18-24 ans;Hommes et Femmes;2.5;;;977;977
2019;Saint-Martin;Saint-Martin;25-44 ans;Hommes;2.5;;;978;978
2019;Saint-Martin;Saint-Martin;Tous;Hommes;8.0;;;978;978
2019;Saint-Martin;Saint-Martin;18-24 ans;Hommes et Femmes;2.5;;;978;978
2019;Saint-Martin;Saint-Martin;45-64 ans;Hommes et Femmes;6.0;;;978;978
2019;Saint-Martin;Saint-Martin;65 ans et plus;Hommes et Femmes;2.5;;;978;978
2019;Auvergne et Rhône-Alpes;Ain;45-64 ans;Hommes;73.0;84.4;;01;84
2019;Auvergne et Rhône-Alpes;Ain;Tous;Hommes;224.0;69.6;70.2;01;84
2019;Auvergne et Rhône-Alpes;Ain;00-17 ans;Femmes;72.0;96.1;;01;84
2019;Auvergne et Rhône-Alpes;Ain;45-64 ans;Femmes;113.0;128.9;;01;84
2019;Auvergne et Rhône-Alpes;Ain;Tous;Femmes;364.0;110.1;110.5;01;84
2019;Auvergne et Rhône-Alpes;Ain;18-24 ans;Hommes et Femmes;75.0;167.2;;01;84
2019;Auvergne et Rhône-Alpes;Ain;Tous;Hommes et Femmes;588.0;90.1;90.9;01;84
2019;Hauts-de-France;Aisne;25-44 ans;Hommes;176.0;294.0;;02;32
2019;Hauts-de-France;Aisne;18-24 ans;Femmes;68.0;363.3;;02;32
2019;Hauts-de-France;Aisne;45-64 ans;Femmes;156.0;217.4;;02;32
2019;Hauts-de-France;Aisne;00-17 ans;Hommes et Femmes;218.0;181.1;;02;32
2019;Hauts-de-France;Aisne;45-64 ans;Hommes et Femmes;269.0;190.0;;02;32
2019;Hauts-de-France;Aisne;Tous;Hommes et Femmes;1051.0;197.8;200.0;02;32
2019;Auvergne et Rhône-Alpes;Allier;25-44 ans;Femmes;50.0;150.3;;03;84
2019;Auvergne et Rhône-Alpes;Allier;45-64 ans;Femmes;58.0;121.8;;03;84
2019;Auvergne et Rhône-Alpes;Allier;Tous;Femmes;210.0;120.1;129.6;03;84
2019;Auvergne et Rhône-Alpes;Allier;00-17 ans;Hommes et Femmes;75.0;120.9;;03;84
2019;Auvergne et Rhône-Alpes;Allier;25-44 ans;Hommes et Femmes;94.0;142.5;;03;84
2019;Auvergne et Rhône-Alpes;Allier;45-64 ans;Hommes et Femmes;118.0;126.8;;03;84
2019;Auvergne et Rhône-Alpes;Allier;65 ans et plus;Hommes et Femmes;58.0;62.6;;03;84
2019;Auvergne et Rhône-Alpes;Allier;Tous;Hommes et Femmes;378.0;112.5;117.6;03;84
2019;Provence-Alpes-Côte d'Azur;Alpes-de-Haute-Provence;45-64 ans;Hommes;26.0;113.5;;04;93
2019;Provence-Alpes-Côte d'Azur;Alpes-de-Haute-Provence;18-24 ans;Femmes;15.0;333.9;;04;93
2019;Provence-Alpes-Côte d'Azur;Alpes-de-Haute-Provence;45-64 ans;Femmes;50.0;207.9;;04;93
2019;Provence-Alpes-Côte d'Azur;Alpes-de-Haute-Provence;18-24 ans;Hommes et Femmes;27.0;279.8;;04;93
2019;Provence-Alpes-Côte d'Azur;Hautes-Alpes;00-17 ans;Hommes;2.5;17.4;;05;93
2019;Provence-Alpes-Côte d'Azur;Hautes-Alpes;65 ans et plus;Hommes;12.0;78.1;;05;93
2019;Provence-Alpes-Côte d'Azur;Hautes-Alpes;00-17 ans;Femmes;26.0;193.1;;05;93
2019;Provence-Alpes-Côte d'Azur;Hautes-Alpes;18-24 ans;Femmes;14.0;378.2;;05;93
2019;Provence-Alpes-Côte d'Azur;Hautes-Alpes;25-44 ans;Femmes;27.0;175.9;;05;93
2019;Provence-Alpes-Côte d'Azur;Hautes-Alpes;65 ans et plus;Femmes;13.0;67.6;;05;93
2019;Provence-Alpes-Côte d'Azur;Hautes-Alpes;00-17 ans;Hommes et Femmes;28.5;102.5;;05;93
2019;Provence-Alpes-Côte d'Azur;Hautes-Alpes;18-24 ans;Hommes et Femmes;19.0;234.9;;05;93
2019;Provence-Alpes-Côte d'Azur;Hautes-Alpes;65 ans et plus;Hommes et Femmes;25.0;72.3;;05;93
2019;Provence-Alpes-Côte d'Azur;Hautes-Alpes;Tous;Hommes et Femmes;196.5;139.1;145.1;05;93
2019;Provence-Alpes-Côte d'Azur;Alpes-Maritimes;45-64 ans;Hommes;204.0;149.2;;06;93
2019;Provence-Alpes-Côte d'Azur;Alpes-Maritimes;Tous;Hommes;574.0;110.9;110.6;06;93
2019;Provence-Alpes-Côte d'Azur;Alpes-Maritimes;00-17 ans;Femmes;148.0;144.7;;06;93
2019;Provence-Alpes-Côte d'Azur;Alpes-Maritimes;18-24 ans;Femmes;102.0;264.9;;06;93
2019;Provence-Alpes-Côte d'Azur;Alpes-Maritimes;25-44 ans;Hommes et Femmes;367.0;146.1;;06;93
2019;Provence-Alpes-Côte d'Azur;Alpes-Maritimes;45-64 ans;Hommes et Femmes;451.0;156.5;;06;93
2019;Provence-Alpes-Côte d'Azur;Alpes-Maritimes;Tous;Hommes et Femmes;1403.0;128.2;129.3;06;93
2019;Auvergne et Rhône-Alpes;Ardèche;Tous;Hommes;178.0;111.1;117.2;07;84
2019;Auvergne et Rhône-Alpes;Ardèche;00-17 ans;Femmes;61.0;188.3;;07;84
2019;Auvergne et Rhône-Alpes;Ardèche;18-24 ans;Femmes;22.0;237.4;;07;84
2019;Auvergne et Rhône-Alpes;Ardèche;45-64 ans;Femmes;91.0;194.9;;07;84
2019;Auvergne et Rhône-Alpes;Ardèche;00-17 ans;Hommes et Femmes;75.0;113.2;;07;84
2019;Auvergne et Rhône-Alpes;Ardèche;25-44 ans;Hommes et Femmes;118.0;174.3;;07;84
2019;Auvergne et Rhône-Alpes;Ardèche;65 ans et plus;Hommes et Femmes;50.0;60.9;;07;84
2019;Grand Est;Ardennes;00-17 ans;Hommes;22.0;74.7;;08;44
2019;Grand Est;Ardennes;18-24 ans;Hommes;29.0;290.8;;08;44
2019;Grand Est;Ardennes;Tous;Hommes;233.0;176.3;178.4;08;44
2019;Grand Est;Ardennes;00-17 ans;Femmes;39.0;139.1;;08;44
2019;Grand Est;Ardennes;25-44 ans;Femmes;69.0;226.0;;08;44
2019;Grand Est;Ardennes;45-64 ans;Femmes;99.0;259.5;;08;44
2019;Grand Est;Ardennes;45-64 ans;Hommes et Femmes;185.0;245.0;;08;44
2019;Occitanie;Ariège;25-44 ans;Hommes;30.0;188.5;;09;76
2019;Occitanie;Ariège;00-17 ans;Femmes;15.0;107.8;;09;76
2019;Occitanie;Ariège;25-44 ans;Femmes;52.0;328.3;;09;76
2019;Occitanie;Ariège;65 ans et plus;Femmes;32.0;144.0;;09;76
2019;Occitanie;Ariège;18-24 ans;Hommes et Femmes;22.0;243.7;;09;76
2019;Occitanie;Ariège;25-44 ans;Hommes et Femmes;82.0;258.2;;09;76
2019;Occitanie;Ariège;45-64 ans;Hommes et Femmes;75.0;172.6;;09;76
2019;Corse;Corse-du-Sud;45-64 ans;Hommes;13.0;60.4;;2A;94
2019;Corse;Corse-du-Sud;00-17 ans;Femmes;6.0;42.3;;2A;94
2019;Corse;Corse-du-Sud;25-44 ans;Hommes et Femmes;15.0;39.4;;2A;94
2019;Corse;Corse-du-Sud;45-64 ans;Hommes et Femmes;24.0;54.8;;2A;94
2019;Corse;Corse-du-Sud;Tous;Hommes et Femmes;61.0;38.5;39.3;2A;94
2019;Corse;Haute-Corse;18-24 ans;Hommes;10.0;144.8;;2B;94
2019;Corse;Haute-Corse;45-64 ans;Hommes;18.0;74.4;;2B;94
2019;Corse;Haute-Corse;Tous;Hommes;49.5;55.5;53.7;2B;94
2019;Corse;Haute-Corse;00-17 ans;Femmes;6.0;37.2;;2B;94
2019;Corse;Haute-Corse;45-64 ans;Femmes;33.0;132.8;;2B;94
2019;Corse;Haute-Corse;65 ans et plus;Femmes;14.0;60.8;;2B;94
2019;Grand Est;Aube;00-17 ans;Hommes;14.0;40.1;;10;44
2019;Grand Est;Aube;45-64 ans;Hommes;64.0;164.4;;10;44
2019;Grand Est;Aube;65 ans et plus;Hommes;16.0;55.5;;10;44
2019;Grand Est;Aube;18-24 ans;Femmes;54.0;468.3;;10;44
2019;Grand Est;Aube;00-17 ans;Hommes et Femmes;109.0;160.6;;10;44
2019;Grand Est;Aube;65 ans et plus;Hommes et Femmes;56.0;83.5;;10;44
2019;Occitanie;Aude;18-24 ans;Hommes;14.0;111.7;;11;76
2019;Occitanie;Aude;65 ans et plus;Femmes;36.0;65.6;;11;76
2019;Occitanie;Aude;18-24 ans;Hommes et Femmes;38.0;157.9;;11;76
2019;Occitanie;Aude;45-64 ans;Hommes et Femmes;117.0;114.0;;11;76
2019;Occitanie;Aveyron;00-17 ans;Hommes;2.5;9.4;;12;76
2019;Occitanie;Aveyron;45-64 ans;Hommes;41.0;105.5;;12;76
2019;Occitanie;Aveyron;65 ans et plus;Hommes;12.0;35.1;;12;76
2019;Occitanie;Aveyron;18-24 ans;Femmes;33.0;428.8;;12;76
2019;Occitanie;Aveyron;25-44 ans;Femmes;46.0;166.8;;12;76
2019;Occitanie;Aveyron;18-24 ans;Hommes et Femmes;44.0;252.4;;12;76
2019;Provence-Alpes-Côte d'Azur;Bouches-du-Rhône;00-17 ans;Hommes;58.0;26.1;;13;93
2019;Provence-Alpes-Côte d'Azur;Bouches-du-Rhône;25-44 ans;Hommes;211.0;88.2;;13;93
2019;Provence-Alpes-Côte d'Azur;Bouches-du-Rhône;45-64 ans;Hommes;197.0;78.8;;13;93
2019;Provence-Alpes-Côte d'Azur;Bouches-du-Rhône;65 ans et plus;Hommes;85.0;47.5;;13;93
2019;Provence-Alpes-Côte d'Azur;Bouches-du-Rhône;Tous;Hommes;610.0;62.5;62.6;13;93
2019;Provence-Alpes-Côte d'Azur;Bouches-du-Rhône;00-17 ans;Femmes;250.0;117.4;;13;93
2019;Provence-Alpes-Côte d'Azur;Bouches-du-Rhône;18-24 ans;Femmes;133.0;157.8;;13;93
2019;Provence-Alpes-Côte d'Azur;Bouches-du-Rhône;25-44 ans;Femmes;242.0;94.6;;13;93
2019;Provence-Alpes-Côte d'Azur;Bouches-du-Rhône;65 ans et plus;Femmes;142.0;59.2;;13;93
2019;Provence-Alpes-Côte d'Azur;Bouches-du-Rhône;45-64 ans;Hommes et Femmes;505.0;96.3;;13;93
2019;Provence-Alpes-Côte d'Azur;Bouches-du-Rhône;65 ans et plus;Hommes et Femmes;227.0;54.2;;13;93
2019;Normandie;Calvados;Tous;Hommes;443.0;132.6;133.5;14;28
2019;Normandie;Calvados;00-17 ans;Femmes;147.0;210.6;;14;28
2019;Normandie;Calvados;Tous;Femmes;662.0;183.5;183.8;14;28
2019;Normandie;Calvados;18-24 ans;Hommes et Femmes;170.0;273.3;;14;28
2019;Auvergne et Rhône-Alpes;Cantal;00-17 ans;Hommes;2.5;19.9;;15;84
2019;Auvergne et Rhône-Alpes;Cantal;00-17 ans;Femmes;15.0;122.1;;15;84
2019;Auvergne et Rhône-Alpes;Cantal;18-24 ans;Femmes;2.5;64.2;;15;84
2019;Auvergne et Rhône-Alpes;Cantal;65 ans et plus;Femmes;8.0;35.1;;15;84
2019;Auvergne et Rhône-Alpes;Cantal;Tous;Femmes;57.5;77.8;84.4;15;84
2019;Auvergne et Rhône-Alpes;Cantal;45-64 ans;Hommes et Femmes;34.0;80.5;;15;84
2019;Nouvelle Aquitaine;Charente;Tous;Hommes;243.0;142.6;145.5;16;75
2019;Nouvelle Aquitaine;Charente;Tous;Hommes et Femmes;594.0;168.7;172.7;16;75
2019;Nouvelle Aquitaine;Charente-Maritime;45-64 ans;Hommes;157.0;183.7;;17;75
2019;Nouvelle Aquitaine;Charente-Maritime;00-17 ans;Femmes;134.0;230.9;;17;75
2019;Nouvelle Aquitaine;Charente-Maritime;45-64 ans;Femmes;214.0;229.9;;17;75
2019;Nouvelle Aquitaine;Charente-Maritime;45-64 ans;Hommes et Femmes;371.0;207.8;;17;75
2019;Nouvelle Aquitaine;Charente-Maritime;Tous;Hommes et Femmes;1168.0;179.3;190.2;17;75
2019;Centre-Val de Loire;Cher;00-17 ans;Hommes;12.0;40.6;;18;24
2019;Centre-Val de Loire;Cher;25-44 ans;Hommes;55.0;176.6;;18;24
2019;Centre-Val de Loire;Cher;65 ans et plus;Hommes;22.0;64.7;;18;24
2019;Centre-Val de Loire;Cher;Tous;Hommes;141.0;96.3;100.0;18;24
2019;Centre-Val de Loire;Cher;18-24 ans;Femmes;18.0;200.1;;18;24
2019;Centre-Val de Loire;Cher;18-24 ans;Hommes et Femmes;33.0;170.1;;18;24
2019;Centre-Val de Loire;Cher;25-44 ans;Hommes et Femmes;121.0;193.4;;18;24
2019;Centre-Val de Loire;Cher;45-64 ans;Hommes et Femmes;110.0;130.3;;18;24
2019;Nouvelle Aquitaine;Corrèze;00-17 ans;Femmes;45.0;215.3;;19;75
2019;Nouvelle Aquitaine;Corrèze;00-17 ans;Hommes et Femmes;57.0;131.4;;19;75
2019;Nouvelle Aquitaine;Corrèze;45-64 ans;Hommes et Femmes;140.0;208.6;;19;75
2019;Nouvelle Aquitaine;Corrèze;65 ans et plus;Hommes et Femmes;63.0;95.4;;19;75
2019;Bourgogne et Franche-Comté;Côte-d'Or;Tous;Hommes;385.0;149.4;148.8;21;27
2019;Bourgogne et Franche-Comté;Côte-d'Or;00-17 ans;Femmes;111.0;213.3;;21;27
2019;Bourgogne et Franche-Comté;Côte-d'Or;18-24 ans;Femmes;101.0;380.0;;21;27
2019;Bourgogne et Franche-Comté;Côte-d'Or;25-44 ans;Femmes;116.0;184.3;;21;27
2019;Bourgogne et Franche-Comté;Côte-d'Or;65 ans et plus;Femmes;55.0;86.1;;21;27
2019;Bourgogne et Franche-Comté;Côte-d'Or;00-17 ans;Hommes et Femmes;160.0;150.3;;21;27
2019;Bourgogne et Franche-Comté;Côte-d'Or;25-44 ans;Hommes et Femmes;274.0;219.1;;21;27
2019;Bourgogne et Franche-Comté;Côte-d'Or;Tous;Hommes et Femmes;948.0;177.5;175.2;21;27
2019;Bretagne;Côtes-d'Armor;25-44 ans;Hommes;227.0;382.7;;22;53
2019;Bretagne;Côtes-d'Armor;45-64 ans;Hommes;179.0;221.1;;22;53
2019;Bretagne;Côtes-d'Armor;65 ans et plus;Hommes;62.0;92.3;;22;53
2019;Bretagne;Côtes-d'Armor;25-44 ans;Femmes;210.0;348.5;;22;53
2019;Bretagne;Côtes-d'Armor;65 ans et plus;Femmes;120.0;133.7;;22;53
2019;Bretagne;Côtes-d'Armor;45-64 ans;Hommes et Femmes;484.0;295.4;;22;53
2019;Nouvelle Aquitaine;Creuse;45-64 ans;Hommes;25.0;145.5;;23;75
2019;Nouvelle Aquitaine;Creuse;00-17 ans;Femmes;11.0;116.7;;23;75
2019;Nouvelle Aquitaine;Creuse;65 ans et plus;Femmes;17.0;85.6;;23;75
2019;Nouvelle Aquitaine;Creuse;00-17 ans;Hommes et Femmes;17.0;88.9;;23;75
2019;Nouvelle Aquitaine;Dordogne;45-64 ans;Hommes;69.0;119.2;;24;75
2019;Nouvelle Aquitaine;Dordogne;00-17 ans;Femmes;56.0;160.3;;24;75
2019;Nouvelle Aquitaine;Dordogne;18-24 ans;Femmes;43.0;383.8;;24;75
2019;Nouvelle Aquitaine;Dordogne;25-44 ans;Femmes;79.0;198.9;;24;75
2019;Nouvelle Aquitaine;Dordogne;45-64 ans;Femmes;104.0;170.0;;24;75
2019;Nouvelle Aquitaine;Dordogne;Tous;Femmes;337.0;157.3;171.1;24;75
2019;Nouvelle Aquitaine;Dordogne;18-24 ans;Hommes et Femmes;60.0;251.1;;24;75
2019;Nouvelle Aquitaine;Dordogne;65 ans et plus;Hommes et Femmes;85.0;70.7;;24;75
2019;Bourgogne et Franche-Comté;Doubs;00-17 ans;Hommes;16.0;26.0;;25;27
2019;Bourgogne et Franche-Comté;Doubs;25-44 ans;Hommes;100.0;150.4;;25;27
2019;Bourgogne et Franche-Comté;Doubs;25-44 ans;Hommes et Femmes;257.0;193.6;;25;27
2019;Bourgogne et Franche-Comté;Doubs;65 ans et plus;Hommes et Femmes;57.0;53.3;;25;27
2019;Auvergne et Rhône-Alpes;Drôme;45-64 ans;Hommes;86.0;128.7;;26;84
2019;Auvergne et Rhône-Alpes;Drôme;65 ans et plus;Hommes;27.0;54.5;;26;84
2019;Auvergne et Rhône-Alpes;Drôme;00-17 ans;Femmes;63.0;113.1;;26;84
2019;Auvergne et Rhône-Alpes;Drôme;18-24 ans;Femmes;43.0;258.0;;26;84
2019;Auvergne et Rhône-Alpes;Drôme;00-17 ans;Hommes et Femmes;83.0;72.7;;26;84
2019;Auvergne et Rhône-Alpes;Drôme;18-24 ans;Hommes et Femmes;69.0;196.6;;26;84
2019;Normandie;Eure;00-17 ans;Hommes;37.0;51.6;;27;28
2019;Normandie;Eure;25-44 ans;Hommes;114.0;166.9;;27;28
2019;Normandie;Eure;00-17 ans;Femmes;149.0;216.9;;27;28
2019;Normandie;Eure;18-24 ans;Femmes;72.0;368.0;;27;28
2019;Normandie;Eure;25-44 ans;Femmes;160.0;224.2;;27;28
2019;Normandie;Eure;45-64 ans;Femmes;178.0;216.9;;27;28
2019;Normandie;Eure;65 ans et plus;Hommes et Femmes;95.0;81.6;;27;28
2019;Centre-Val de Loire;Eure-et-Loir;00-17 ans;Hommes;10.0;19.6;;28;24
2019;Centre-Val de Loire;Eure-et-Loir;25-44 ans;Hommes;90.0;183.7;;28;24
2019;Centre-Val de Loire;Eure-et-Loir;65 ans et plus;Hommes;39.0;99.8;;28;24
2019;Centre-Val de Loire;Eure-et-Loir;25-44 ans;Femmes;132.0;262.2;;28;24
2019;Centre-Val de Loire;Eure-et-Loir;45-64 ans;Femmes;138.0;236.8;;28;24
2019;Centre-Val de Loire;Eure-et-Loir;Tous;Femmes;403.0;182.8;185.4;28;24
2019;Centre-Val de Loire;Eure-et-Loir;25-44 ans;Hommes et Femmes;222.0;223.5;;28;24
2019;Centre-Val de Loire;Eure-et-Loir;65 ans et plus;Hommes et Femmes;78.0;88.2;;28;24
2019;Centre-Val de Loire;Eure-et-Loir;Tous;Hommes et Femmes;650.0;150.6;153.4;28;24
2019;Bretagne;Finistère;00-17 ans;Hommes;38.0;40.5;;29;53
2019;Bretagne;Finistère;18-24 ans;Hommes;71.0;191.8;;29;53
2019;Bretagne;Finistère;00-17 ans;Femmes;178.0;200.3;;29;53
2019;Bretagne;Finistère;18-24 ans;Femmes;139.0;414.9;;29;53
2019;Bretagne;Finistère;65 ans et plus;Hommes et Femmes;176.0;82.8;;29;53
2019;Bretagne;Finistère;Tous;Hommes et Femmes;1774.0;193.9;196.9;29;53
2019;Occitanie;Gard;45-64 ans;Hommes;106.0;107.9;;30;76
2019;Occitanie;Gard;Tous;Hommes;304.0;84.3;85.9;30;76
2019;Occitanie;Gard;65 ans et plus;Hommes et Femmes;125.0;72.2;;30;76
2019;Occitanie;Haute-Garonne;45-64 ans;Hommes et Femmes;228.0;66.3;;31;76
2019;Occitanie;Gers;00-17 ans;Hommes;10.0;54.8;;32;76
2019;Occitanie;Gers;45-64 ans;Hommes;21.0;76.5;;32;76
2019;Occitanie;Gers;65 ans et plus;Hommes;9.0;37.7;;32;76
2019;Occitanie;Gers;00-17 ans;Femmes;21.0;123.9;;32;76
2019;Occitanie;Gers;45-64 ans;Hommes et Femmes;76.0;136.3;;32;76
2019;Occitanie;Gers;Tous;Hommes et Femmes;234.0;122.3;133.1;32;76
2019;Nouvelle Aquitaine;Gironde;00-17 ans;Hommes;112.0;65.6;;33;75
2019;Nouvelle Aquitaine;Gironde;65 ans et plus;Hommes;89.0;66.9;;33;75
2019;Nouvelle Aquitaine;Gironde;25-44 ans;Femmes;423.0;201.2;;33;75
2019;Nouvelle Aquitaine;Gironde;65 ans et plus;Femmes;159.0;88.1;;33;75
2019;Nouvelle Aquitaine;Gironde;Tous;Femmes;1594.0;188.6;185.2;33;75
2019;Nouvelle Aquitaine;Gironde;65 ans et plus;Hommes et Femmes;248.0;79.1;;33;75
2019;Nouvelle Aquitaine;Gironde;Tous;Hommes et Femmes;2702.0;166.4;162.8;33;75
2019;Occitanie;Hérault;00-17 ans;Hommes;16.0;13.1;;34;76
2019;Occitanie;Hérault;65 ans et plus;Hommes;37.0;33.5;;34;76
2019;Occitanie;Hérault;00-17 ans;Femmes;74.0;63.6;;34;76
2019;Occitanie;Hérault;25-44 ans;Femmes;103.0;71.3;;34;76
2019;Occitanie;Hérault;18-24 ans;Hommes et Femmes;78.0;72.2;;34;76
2019;Occitanie;Hérault;45-64 ans;Hommes et Femmes;272.0;92.6;;34;76
2019;Occitanie;Hérault;65 ans et plus;Hommes et Femmes;116.0;45.5;;34;76
2019;Bretagne;Ille-et-Vilaine;00-17 ans;Hommes;16.0;12.9;;35;53
2019;Bretagne;Ille-et-Vilaine;65 ans et plus;Hommes;66.0;79.8;;35;53
2019;Bretagne;Ille-et-Vilaine;Tous;Hommes;490.0;93.0;93.0;35;53
2019;Bretagne;Ille-et-Vilaine;18-24 ans;Femmes;135.0;262.3;;35;53
2019;Bretagne;Ille-et-Vilaine;25-44 ans;Femmes;237.0;175.2;;35;53
2019;Bretagne;Ille-et-Vilaine;00-17 ans;Hommes et Femmes;107.0;44.0;;35;53
2019;Bretagne;Ille-et-Vilaine;25-44 ans;Hommes et Femmes;426.0;157.7;;35;53
2019;Bretagne;Ille-et-Vilaine;45-64 ans;Hommes et Femmes;406.0;151.4;;35;53
2019;Bretagne;Ille-et-Vilaine;Tous;Hommes et Femmes;1294.0;119.9;118.8;35;53
2019;Centre-Val de Loire;Indre;Tous;Hommes;113.0;106.7;112.8;36;24
2019;Centre-Val de Loire;Indre;00-17 ans;Femmes;20.0;102.7;;36;24
2019;Centre-Val de Loire;Indre;18-24 ans;Femmes;20.0;312.4;;36;24
2019;Centre-Val de Loire;Indre;65 ans et plus;Femmes;22.0;63.2;;36;24
2019;Centre-Val de Loire;Indre;00-17 ans;Hommes et Femmes;30.0;75.5;;36;24
2019;Centre-Val de Loire;Indre;65 ans et plus;Hommes et Femmes;38.0;61.6;;36;24
2019;Centre-Val de Loire;Indre-et-Loire;25-44 ans;Hommes;140.0;203.6;;37;24
2019;Centre-Val de Loire;Indre-et-Loire;65 ans et plus;Hommes;37.0;65.3;;37;24
2019;Centre-Val de Loire;Indre-et-Loire;00-17 ans;Femmes;107.0;172.7;;37;24
2019;Centre-Val de Loire;Indre-et-Loire;25-44 ans;Hommes et Femmes;291.0;208.3;;37;24
2019;Auvergne et Rhône-Alpes;Isère;45-64 ans;Hommes;158.0;97.6;;38;84
2019;Auvergne et Rhône-Alpes;Isère;65 ans et plus;Hommes;63.0;61.5;;38;84
2019;Auvergne et Rhône-Alpes;Isère;Tous;Hommes;509.0;81.7;82.1;38;84
2019;Auvergne et Rhône-Alpes;Isère;18-24 ans;Femmes;152.0;288.5;;38;84
2019;Auvergne et Rhône-Alpes;Isère;65 ans et plus;Femmes;99.0;74.9;;38;84
2019;Auvergne et Rhône-Alpes;Isère;Tous;Femmes;1016.0;156.7;154.4;38;84
2019;Auvergne et Rhône-Alpes;Isère;18-24 ans;Hommes et Femmes;205.0;186.2;;38;84
2019;Bourgogne et Franche-Comté;Jura;00-17 ans;Hommes;14.0;51.2;;39;27
2019;Bourgogne et Franche-Comté;Jura;25-44 ans;Hommes;68.0;246.0;;39;27
2019;Bourgogne et Franche-Comté;Jura;45-64 ans;Hommes;57.0;160.3;;39;27
2019;Bourgogne et Franche-Comté;Jura;Tous;Hommes;168.0;132.8;136.5;39;27
2019;Bourgogne et Franche-Comté;Jura;00-17 ans;Femmes;51.0;195.0;;39;27
2019;Bourgogne et Franche-Comté;Jura;65 ans et plus;Femmes;21.0;60.9;;39;27
2019;Bourgogne et Franche-Comté;Jura;Tous;Femmes;285.0;214.7;224.4;39;27
2019;Bourgogne et Franche-Comté;Jura;00-17 ans;Hommes et Femmes;65.0;121.5;;39;27
2019;Nouvelle Aquitaine;Landes;18-24 ans;Hommes;19.0;147.2;;40;75
2019;Nouvelle Aquitaine;Landes;25-44 ans;Hommes;52.0;119.8;;40;75
2019;Nouvelle Aquitaine;Landes;00-17 ans;Femmes;44.0;113.9;;40;75
2019;Nouvelle Aquitaine;Landes;65 ans et plus;Femmes;30.0;51.1;;40;75
2019;Nouvelle Aquitaine;Landes;Tous;Femmes;244.0;114.5;121.8;40;75
2019;Nouvelle Aquitaine;Landes;18-24 ans;Hommes et Femmes;48.0;198.7;;40;75
2019;Nouvelle Aquitaine;Landes;45-64 ans;Hommes et Femmes;125.0;106.8;;40;75
2019;Centre-Val de Loire;Loir-et-Cher;18-24 ans;Hommes;16.0;144.7;;41;24
2019;Centre-Val de Loire;Loir-et-Cher;25-44 ans;Hommes;51.0;150.5;;41;24
2019;Centre-Val de Loire;Loir-et-Cher;65 ans et plus;Hommes;32.0;88.9;;41;24
2019;Centre-Val de Loire;Loir-et-Cher;25-44 ans;Femmes;63.0;181.3;;41;24
2019;Centre-Val de Loire;Loir-et-Cher;65 ans et plus;Femmes;29.0;62.9;;41;24
2019;Centre-Val de Loire;Loir-et-Cher;Tous;Femmes;253.0;149.3;156.6;41;24
2019;Centre-Val de Loire;Loir-et-Cher;00-17 ans;Hommes et Femmes;93.0;137.4;;41;24
2019;Centre-Val de Loire;Loir-et-Cher;25-44 ans;Hommes et Femmes;114.0;166.1;;41;24
2019;Centre-Val de Loire;Loir-et-Cher;45-64 ans;Hommes et Femmes;111.0;122.8;;41;24
2019;Centre-Val de Loire;Loir-et-Cher;65 ans et plus;Hommes et Femmes;61.0;74.3;;41;24
2019;Centre-Val de Loire;Loir-et-Cher;Tous;Hommes et Femmes;420.0;127.5;132.5;41;24
2019;Auvergne et Rhône-Alpes;Loire;18-24 ans;Hommes;41.0;128.8;;42;84
2019;Auvergne et Rhône-Alpes;Loire;25-44 ans;Hommes;188.0;222.3;;42;84
2019;Auvergne et Rhône-Alpes;Loire;45-64 ans;Hommes;185.0;195.2;;42;84
2019;Auvergne et Rhône-Alpes;Loire;Tous;Hommes;470.0;126.9;130.4;42;84
2019;Auvergne et Rhône-Alpes;Loire;00-17 ans;Femmes;98.0;121.0;;42;84
2019;Auvergne et Rhône-Alpes;Loire;25-44 ans;Femmes;195.0;226.6;;42;84
2019;Auvergne et Rhône-Alpes;Loire;45-64 ans;Femmes;219.0;220.5;;42;84
2019;Auvergne et Rhône-Alpes;Loire;18-24 ans;Hommes et Femmes;141.0;227.3;;42;84
2019;Auvergne et Rhône-Alpes;Loire;45-64 ans;Hommes et Femmes;404.0;208.1;;42;84
2019;Auvergne et Rhône-Alpes;Haute-Loire;25-44 ans;Hommes;71.0;298.2;;43;84
2019;Auvergne et Rhône-Alpes;Haute-Loire;18-24 ans;Hommes et Femmes;34.0;233.1;;43;84
2019;Auvergne et Rhône-Alpes;Haute-Loire;45-64 ans;Hommes et Femmes;114.0;178.1;;43;84
2019;Auvergne et Rhône-Alpes;Haute-Loire;Tous;Hommes et Femmes;363.0;159.5;167.4;43;84
2019;Pays de la Loire;Loire-Atlantique;00-17 ans;Femmes;194.0;122.0;;44;52
2019;Pays de la Loire;Loire-Atlantique;65 ans et plus;Femmes;73.0;48.0;;44;52
2019;Pays de la Loire;Loire-Atlantique;18-24 ans;Hommes et Femmes;133.0;108.9;;44;52
2019;Pays de la Loire;Loire-Atlantique;25-44 ans;Hommes et Femmes;361.0;99.9;;44;52
2019;Pays de la Loire;Loire-Atlantique;45-64 ans;Hommes et Femmes;357.0;99.8;;44;52
2019;Pays de la Loire;Loire-Atlantique;65 ans et plus;Hommes et Femmes;116.0;44.2;;44;52
2019;Centre-Val de Loire;Loiret;00-17 ans;Hommes;33.0;41.4;;45;24
2019;Centre-Val de Loire;Loiret;Tous;Hommes;346.0;104.4;105.8;45;24
2019;Centre-Val de Loire;Loiret;00-17 ans;Femmes;67.0;87.8;;45;24
2019;Centre-Val de Loire;Loiret;65 ans et plus;Femmes;76.0;98.8;;45;24
2019;Centre-Val de Loire;Loiret;00-17 ans;Hommes et Femmes;100.0;64.1;;45;24
2019;Occitanie;Lot;00-17 ans;Hommes;7.0;46.3;;46;76
2019;Occitanie;Lot;Tous;Hommes;88.0;104.2;114.5;46;76
2019;Occitanie;Lot;25-44 ans;Femmes;37.0;226.9;;46;76
2019;Nouvelle Aquitaine;Lot-et-Garonne;25-44 ans;Hommes;51.0;154.6;;47;75
2019;Nouvelle Aquitaine;Lot-et-Garonne;Tous;Hommes;151.0;94.9;99.4;47;75
2019;Nouvelle Aquitaine;Lot-et-Garonne;00-17 ans;Femmes;50.0;159.4;;47;75
2019;Nouvelle Aquitaine;Lot-et-Garonne;25-44 ans;Femmes;75.0;216.4;;47;75
2019;Nouvelle Aquitaine;Lot-et-Garonne;18-24 ans;Hommes et Femmes;40.0;187.4;;47;75
2019;Nouvelle Aquitaine;Lot-et-Garonne;25-44 ans;Hommes et Femmes;126.0;186.3;;47;75
2019;Nouvelle Aquitaine;Lot-et-Garonne;45-64 ans;Hommes et Femmes;138.0;152.7;;47;75
2019;Occitanie;Lozère;45-64 ans;Femmes;17.0;161.2;;48;76
2019;Occitanie;Lozère;00-17 ans;Hommes et Femmes;2.5;17.5;;48;76
2019;Occitanie;Lozère;18-24 ans;Hommes et Femmes;5.0;97.7;;48;76
2019;Occitanie;Lozère;65 ans et plus;Hommes et Femmes;7.5;38.1;;48;76
2019;Occitanie;Lozère;Tous;Hommes et Femmes;71.0;92.7;95.8;48;76
2019;Pays de la Loire;Maine-et-Loire;18-24 ans;Hommes;45.0;121.8;;49;52
2019;Pays de la Loire;Maine-et-Loire;Tous;Hommes;419.0;105.3;106.8;49;52
2019;Pays de la Loire;Maine-et-Loire;25-44 ans;Femmes;174.0;184.2;;49;52
2019;Pays de la Loire;Maine-et-Loire;65 ans et plus;Femmes;63.0;66.7;;49;52
2019;Pays de la Loire;Maine-et-Loire;Tous;Femmes;680.0;161.8;159.5;49;52
2019;Pays de la Loire;Maine-et-Loire;45-64 ans;Hommes et Femmes;296.0;143.4;;49;52
2019;Normandie;Manche;00-17 ans;Hommes;55.0;109.6;;50;28
2019;Normandie;Manche;18-24 ans;Hommes;39.0;230.2;;50;28
2019;Normandie;Manche;25-44 ans;Hommes;172.0;326.7;;50;28
2019;Normandie;Manche;65 ans et plus;Hommes;28.0;52.6;;50;28
2019;Normandie;Manche;18-24 ans;Femmes;79.0;524.3;;50;28
2019;Normandie;Manche;25-44 ans;Femmes;166.0;323.7;;50;28
2019;Normandie;Manche;65 ans et plus;Femmes;69.0;98.2;;50;28
2019;Normandie;Manche;Tous;Femmes;660.0;260.3;276.2;50;28
2019;Normandie;Manche;00-17 ans;Hommes et Femmes;240.0;243.8;;50;28
2019;Normandie;Manche;Tous;Hommes et Femmes;1103.0;222.8;234.5;50;28
2019;Grand Est;Marne;25-44 ans;Hommes;163.0;238.0;;51;44
2019;Grand Est;Marne;65 ans et plus;Hommes;28.0;59.8;;51;44
2019;Grand Est;Marne;25-44 ans;Hommes et Femmes;310.0;226.0;;51;44
2019;Grand Est;Marne;45-64 ans;Hommes et Femmes;321.0;221.0;;51;44
2019;Grand Est;Haute-Marne;65 ans et plus;Femmes;18.0;74.2;;52;44
2019;Grand Est;Haute-Marne;00-17 ans;Hommes et Femmes;43.0;129.5;;52;44
2019;Grand Est;Haute-Marne;25-44 ans;Hommes et Femmes;92.0;249.5;;52;44
2019;Grand Est;Haute-Marne;65 ans et plus;Hommes et Femmes;35.0;81.7;;52;44
2019;Pays de la Loire;Mayenne;00-17 ans;Hommes;11.0;31.0;;53;52
2019;Pays de la Loire;Mayenne;18-24 ans;Hommes;24.0;199.1;;53;52
2019;Pays de la Loire;Mayenne;45-64 ans;Hommes;62.0;152.2;;53;52
2019;Pays de la Loire;Mayenne;Tous;Hommes;183.0;120.9;124.3;53;52
2019;Pays de la Loire;Mayenne;00-17 ans;Femmes;62.0;182.9;;53;52
2019;Pays de la Loire;Mayenne;45-64 ans;Femmes;74.0;184.1;;53;52
2019;Pays de la Loire;Mayenne;65 ans et plus;Femmes;34.0;89.1;;53;52
2019;Pays de la Loire;Mayenne;00-17 ans;Hommes et Femmes;73.0;105.2;;53;52
2019;Grand Est;Meurthe-et-Moselle;25-44 ans;Hommes;150.0;166.6;;54;44
2019;Grand Est;Meurthe-et-Moselle;45-64 ans;Hommes;125.0;136.4;;54;44
2019;Grand Est;Meurthe-et-Moselle;Tous;Hommes;414.0;116.1;114.5;54;44
2019;Grand Est;Meurthe-et-Moselle;00-17 ans;Femmes;114.0;155.7;;54;44
2019;Grand Est;Meurthe-et-Moselle;25-44 ans;Femmes;165.0;184.8;;54;44
2019;Grand Est;Meurthe-et-Moselle;65 ans et plus;Femmes;55.0;66.7;;54;44
2019;Grand Est;Meurthe-et-Moselle;Tous;Femmes;608.0;161.2;158.0;54;44
2019;Grand Est;Meurthe-et-Moselle;18-24 ans;Hommes et Femmes;140.0;191.7;;54;44
2019;Grand Est;Meurthe-et-Moselle;Tous;Hommes et Femmes;1022.0;139.3;136.9;54;44
2019;Grand Est;Meuse;65 ans et plus;Hommes;11.0;59.5;;55;44
2019;Grand Est;Meuse;00-17 ans;Femmes;46.0;250.2;;55;44
2019;Grand Est;Meuse;18-24 ans;Femmes;14.0;250.4;;55;44
2019;Grand Est;Meuse;25-44 ans;Femmes;52.0;262.1;;55;44
2019;Grand Est;Meuse;45-64 ans;Femmes;66.0;259.2;;55;44
2019;Grand Est;Meuse;Tous;Femmes;199.0;214.0;217.8;55;44
2019;Grand Est;Meuse;00-17 ans;Hommes et Femmes;54.0;142.9;;55;44
2019;Grand Est;Meuse;18-24 ans;Hommes et Femmes;39.0;314.1;;55;44
2019;Grand Est;Meuse;25-44 ans;Hommes et Femmes;106.0;260.3;;55;44
2019;Bretagne;Morbihan;25-44 ans;Hommes;196.0;247.7;;56;53
2019;Bretagne;Morbihan;65 ans et plus;Hommes;51.0;63.6;;56;53
2019;Bretagne;Morbihan;Tous;Hommes;522.0;141.7;145.9;56;53
2019;Bretagne;Morbihan;00-17 ans;Femmes;138.0;184.3;;56;53
2019;Bretagne;Morbihan;25-44 ans;Femmes;209.0;264.3;;56;53
2019;Bretagne;Morbihan;65 ans et plus;Femmes;78.0;73.1;;56;53
2019;Bretagne;Morbihan;Tous;Femmes;747.0;190.9;199.7;56;53
2019;Bretagne;Morbihan;18-24 ans;Hommes et Femmes;123.0;243.6;;56;53
2019;Bretagne;Morbihan;45-64 ans;Hommes et Femmes;441.0;209.8;;56;53
2019;Bretagne;Morbihan;Tous;Hommes et Femmes;1269.0;167.0;173.6;56;53
2019;Grand Est;Moselle;45-64 ans;Hommes;116.0;80.9;;57;44
2019;Grand Est;Moselle;00-17 ans;Femmes;88.0;85.5;;57;44
2019;Grand Est;Moselle;25-44 ans;Femmes;139.0;108.1;;57;44
2019;Grand Est;Moselle;45-64 ans;Hommes et Femmes;281.0;96.1;;57;44
2019;Bourgogne et Franche-Comté;Nièvre;45-64 ans;Hommes;37.0;132.7;;58;27
2019;Bourgogne et Franche-Comté;Nièvre;00-17 ans;Femmes;42.0;239.1;;58;27
2019;Bourgogne et Franche-Comté;Nièvre;00-17 ans;Hommes et Femmes;57.0;158.3;;58;27
2019;Bourgogne et Franche-Comté;Nièvre;18-24 ans;Hommes et Femmes;33.0;262.3;;58;27
2019;Hauts-de-France;Nord;00-17 ans;Hommes;205.0;65.6;;59;32
2019;Hauts-de-France;Nord;18-24 ans;Hommes;340.0;271.9;;59;32
2019;Hauts-de-France;Nord;45-64 ans;Femmes;1085.0;328.0;;59;32
2019;Hauts-de-France;Nord;45-64 ans;Hommes et Femmes;2036.0;316.7;;59;32
2019;Hauts-de-France;Nord;65 ans et plus;Hommes et Femmes;542.0;121.3;;59;32
2019;Hauts-de-France;Oise;00-17 ans;Hommes;49.0;48.6;;60;32
2019;Hauts-de-France;Oise;18-24 ans;Hommes;54.0;164.5;;60;32
2019;Hauts-de-France;Oise;25-44 ans;Hommes;260.0;258.1;;60;32
2019;Hauts-de-France;Oise;Tous;Hommes;607.0;149.7;149.7;60;32
2019;Hauts-de-France;Oise;00-17 ans;Femmes;195.0;199.1;;60;32
2019;Hauts-de-France;Oise;45-64 ans;Femmes;245.0;220.9;;60;32
2019;Hauts-de-France;Oise;65 ans et plus;Femmes;89.0;111.4;;60;32
2019;Hauts-de-France;Oise;Tous;Femmes;894.0;210.8;207.7;60;32
2019;Normandie;Orne;00-17 ans;Hommes;24.0;83.4;;61;28
2019;Normandie;Orne;65 ans et plus;Hommes;21.0;66.4;;61;28
2019;Normandie;Orne;Tous;Hommes;243.0;178.2;190.7;61;28
2019;Normandie;Orne;00-17 ans;Femmes;80.0;295.8;;61;28
2019;Normandie;Orne;18-24 ans;Femmes;43.0;474.1;;61;28
2019;Normandie;Orne;Tous;Femmes;319.0;222.1;236.3;61;28
2019;Normandie;Orne;00-17 ans;Hommes et Femmes;104.0;186.3;;61;28
2019;Normandie;Orne;18-24 ans;Hommes et Femmes;77.0;403.9;;61;28
2019;Normandie;Orne;25-44 ans;Hommes et Femmes;173.0;312.2;;61;28
2019;Hauts-de-France;Pas-de-Calais;45-64 ans;Hommes;438.0;232.8;;62;32
2019;Hauts-de-France;Pas-de-Calais;Tous;Hommes;1408.0;198.0;197.7;62;32
2019;Hauts-de-France;Pas-de-Calais;18-24 ans;Femmes;259.0;464.0;;62;32
2019;Hauts-de-France;Pas-de-Calais;Tous;Femmes;1923.0;254.9;254.4;62;32
2019;Hauts-de-France;Pas-de-Calais;00-17 ans;Hommes et Femmes;453.0;134.0;;62;32
2019;Auvergne et Rhône-Alpes;Puy-de-Dôme;00-17 ans;Hommes;26.0;39.0;;63;84
2019;Auvergne et Rhône-Alpes;Puy-de-Dôme;45-64 ans;Femmes;209.0;235.6;;63;84
2019;Auvergne et Rhône-Alpes;Puy-de-Dôme;65 ans et plus;Femmes;80.0;97.2;;63;84
2019;Auvergne et Rhône-Alpes;Puy-de-Dôme;45-64 ans;Hommes et Femmes;409.0;234.4;;63;84
2019;Nouvelle Aquitaine;Pyrénées-Atlantiques;65 ans et plus;Hommes;15.0;21.5;;64;75
2019;Nouvelle Aquitaine;Pyrénées-Atlantiques;18-24 ans;Femmes;25.0;111.5;;64;75
2019;Nouvelle Aquitaine;Pyrénées-Atlantiques;65 ans et plus;Femmes;32.0;33.6;;64;75
2019;Nouvelle Aquitaine;Pyrénées-Atlantiques;25-44 ans;Hommes et Femmes;90.0;59.0;;64;75
2019;Nouvelle Aquitaine;Pyrénées-Atlantiques;45-64 ans;Hommes et Femmes;97.0;51.5;;64;75
2019;Nouvelle Aquitaine;Pyrénées-Atlantiques;Tous;Hommes et Femmes;289.5;42.4;43.1;64;75
2019;Occitanie;Hautes-Pyrénées;18-24 ans;Hommes;10.0;110.2;;65;76
2019;Occitanie;Hautes-Pyrénées;25-44 ans;Hommes;45.0;200.7;;65;76
2019;Occitanie;Hautes-Pyrénées;45-64 ans;Hommes;46.0;147.2;;65;76
2019;Occitanie;Hautes-Pyrénées;00-17 ans;Hommes et Femmes;39.0;95.1;;65;76
2019;Occitanie;Hautes-Pyrénées;18-24 ans;Hommes et Femmes;29.0;180.9;;65;76
2019;Occitanie;Hautes-Pyrénées;Tous;Hommes et Femmes;284.0;123.7;129.9;65;76
2019;Occitanie;Pyrénées-Orientales;00-17 ans;Hommes;16.0;33.1;;66;76
2019;Occitanie;Pyrénées-Orientales;25-44 ans;Hommes;73.0;151.9;;66;76
2019;Occitanie;Pyrénées-Orientales;45-64 ans;Hommes;72.0;118.7;;66;76
2019;Occitanie;Pyrénées-Orientales;00-17 ans;Femmes;43.0;93.2;;66;76
2019;Occitanie;Pyrénées-Orientales;65 ans et plus;Femmes;55.0;76.9;;66;76
2019;Occitanie;Pyrénées-Orientales;00-17 ans;Hommes et Femmes;59.0;62.5;;66;76
2019;Occitanie;Pyrénées-Orientales;18-24 ans;Hommes et Femmes;49.0;151.8;;66;76
2019;Occitanie;Pyrénées-Orientales;45-64 ans;Hommes et Femmes;185.0;145.5;;66;76
2019;Grand Est;Bas-Rhin;18-24 ans;Hommes;72.0;140.8;;67;44
2019;Grand Est;Bas-Rhin;25-44 ans;Femmes;212.0;145.7;;67;44
2019;Grand Est;Bas-Rhin;65 ans et plus;Femmes;91.0;77.0;;67;44
2019;Grand Est;Bas-Rhin;Tous;Femmes;757.0;129.3;127.2;67;44
2019;Grand Est;Bas-Rhin;18-24 ans;Hommes et Femmes;166.0;161.2;;67;44
2019;Grand Est;Bas-Rhin;25-44 ans;Hommes et Femmes;424.0;148.1;;67;44
2019;Grand Est;Bas-Rhin;45-64 ans;Hommes et Femmes;399.0;129.5;;67;44
2019;Grand Est;Haut-Rhin;18-24 ans;Hommes;44.0;152.4;;68;44
2019;Grand Est;Haut-Rhin;45-64 ans;Hommes;83.0;78.4;;68;44
2019;Grand Est;Haut-Rhin;25-44 ans;Femmes;95.0;102.2;;68;44
2019;Grand Est;Haut-Rhin;00-17 ans;Hommes et Femmes;137.0;84.5;;68;44
2019;Grand Est;Haut-Rhin;45-64 ans;Hommes et Femmes;208.0;97.3;;68;44
2019;Grand Est;Haut-Rhin;65 ans et plus;Hommes et Femmes;71.0;46.5;;68;44
2019;Auvergne et Rhône-Alpes;Rhône;65 ans et plus;Hommes;76.0;56.5;;69;84
2019;Auvergne et Rhône-Alpes;Rhône;Tous;Hommes;763.0;84.6;83.5;69;84
2019;Auvergne et Rhône-Alpes;Rhône;45-64 ans;Femmes;373.0;167.1;;69;84
2019;Auvergne et Rhône-Alpes;Rhône;Tous;Femmes;1363.0;140.0;134.9;69;84
2019;Auvergne et Rhône-Alpes;Rhône;18-24 ans;Hommes et Femmes;401.0;209.0;;69;84
2019;Auvergne et Rhône-Alpes;Rhône;45-64 ans;Hommes et Femmes;603.0;139.2;;69;84
2019;Auvergne et Rhône-Alpes;Rhône;65 ans et plus;Hommes et Femmes;204.0;63.9;;69;84
2019;Bourgogne et Franche-Comté;Haute-Saône;45-64 ans;Femmes;121.0;362.2;;70;27
2019;Bourgogne et Franche-Comté;Haute-Saône;18-24 ans;Hommes et Femmes;48.0;316.5;;70;27
2019;Bourgogne et Franche-Comté;Haute-Saône;65 ans et plus;Hommes et Femmes;30.0;55.3;;70;27
2019;Bourgogne et Franche-Comté;Saône-et-Loire;18-24 ans;Hommes;43.0;231.1;;71;27
2019;Bourgogne et Franche-Comté;Saône-et-Loire;65 ans et plus;Hommes;37.0;59.8;;71;27
2019;Bourgogne et Franche-Comté;Saône-et-Loire;00-17 ans;Femmes;99.0;186.4;;71;27
2019;Bourgogne et Franche-Comté;Saône-et-Loire;18-24 ans;Femmes;77.0;484.6;;71;27
2019;Bourgogne et Franche-Comté;Saône-et-Loire;18-24 ans;Hommes et Femmes;120.0;347.9;;71;27
2019;Bourgogne et Franche-Comté;Saône-et-Loire;65 ans et plus;Hommes et Femmes;99.0;69.5;;71;27
2019;Pays de la Loire;Sarthe;Tous;Hommes;164.0;59.5;60.6;72;52
2019;Pays de la Loire;Sarthe;45-64 ans;Femmes;96.0;126.6;;72;52
2019;Pays de la Loire;Sarthe;65 ans et plus;Femmes;34.0;48.1;;72;52
2019;Pays de la Loire;Sarthe;00-17 ans;Hommes et Femmes;85.0;68.3;;72;52
2019;Pays de la Loire;Sarthe;18-24 ans;Hommes et Femmes;37.0;83.8;;72;52
2019;Pays de la Loire;Sarthe;25-44 ans;Hommes et Femmes;118.0;95.5;;72;52
2019;Pays de la Loire;Sarthe;45-64 ans;Hommes et Femmes;152.0;101.8;;72;52
2019;Pays de la Loire;Sarthe;Tous;Hommes et Femmes;451.0;79.6;80.3;72;52
2019;Auvergne et Rhône-Alpes;Savoie;18-24 ans;Hommes;23.0;136.6;;73;84
2019;Auvergne et Rhône-Alpes;Savoie;25-44 ans;Hommes;61.0;118.7;;73;84
2019;Auvergne et Rhône-Alpes;Savoie;45-64 ans;Hommes;45.0;75.9;;73;84
2019;Auvergne et Rhône-Alpes;Savoie;65 ans et plus;Hommes;28.0;71.3;;73;84
2019;Auvergne et Rhône-Alpes;Savoie;Tous;Hommes;175.0;81.9;82.4;73;84
2019;Auvergne et Rhône-Alpes;Savoie;45-64 ans;Femmes;59.0;98.4;;73;84
2019;Auvergne et Rhône-Alpes;Haute-Savoie;00-17 ans;Hommes;24.0;24.8;;74;84
2019;Auvergne et Rhône-Alpes;Haute-Savoie;00-17 ans;Femmes;110.0;121.0;;74;84
2019;Auvergne et Rhône-Alpes;Haute-Savoie;45-64 ans;Femmes;134.0;122.6;;74;84
2019;Auvergne et Rhône-Alpes;Haute-Savoie;65 ans et plus;Femmes;46.0;57.8;;74;84
2019;Auvergne et Rhône-Alpes;Haute-Savoie;Tous;Femmes;485.0;115.6;114.6;74;84
2019;Auvergne et Rhône-Alpes;Haute-Savoie;18-24 ans;Hommes et Femmes;82.0;144.8;;74;84
2019;Auvergne et Rhône-Alpes;Haute-Savoie;25-44 ans;Hommes et Femmes;254.0;113.0;;74;84
2019;Auvergne et Rhône-Alpes;Haute-Savoie;65 ans et plus;Hommes et Femmes;68.0;48.2;;74;84
2019;Île-de-France;Paris;65 ans et plus;Hommes;81.0;53.3;;75;11
2019;Île-de-France;Paris;00-17 ans;Femmes;115.0;64.2;;75;11
2019;Île-de-France;Paris;18-24 ans;Femmes;120.0;107.6;;75;11
2019;Île-de-France;Paris;65 ans et plus;Femmes;131.0;60.1;;75;11
2019;Île-de-France;Paris;Tous;Femmes;739.0;64.5;64.3;75;11
2019;Île-de-France;Paris;45-64 ans;Hommes et Femmes;403.0;78.1;;75;11
2019;Île-de-France;Paris;Tous;Hommes et Femmes;1356.0;62.6;61.4;75;11
2019;Normandie;Seine-Maritime;25-44 ans;Hommes;388.0;263.0;;76;28
2019;Normandie;Seine-Maritime;65 ans et plus;Hommes;84.0;79.7;;76;28
2019;Normandie;Seine-Maritime;00-17 ans;Femmes;465.0;348.3;;76;28
2019;Normandie;Seine-Maritime;18-24 ans;Femmes;270.0;502.1;;76;28
2019;Normandie;Seine-Maritime;25-44 ans;Femmes;403.0;267.0;;76;28
2019;Normandie;Seine-Maritime;45-64 ans;Femmes;477.0;285.8;;76;28
2019;Normandie;Seine-Maritime;Tous;Femmes;1756.0;269.6;266.5;76;28
2019;Normandie;Seine-Maritime;00-17 ans;Hommes et Femmes;572.0;208.4;;76;28
2019;Normandie;Seine-Maritime;Tous;Hommes et Femmes;2825.0;225.0;223.0;76;28
2019;Île-de-France;Seine-et-Marne;25-44 ans;Hommes;148.0;82.9;;77;11
2019;Île-de-France;Seine-et-Marne;00-17 ans;Femmes;214.0;123.1;;77;11
2019;Île-de-France;Seine-et-Marne;18-24 ans;Femmes;111.0;189.3;;77;11
2019;Île-de-France;Seine-et-Marne;45-64 ans;Femmes;267.0;142.8;;77;11
2019;Île-de-France;Seine-et-Marne;65 ans et plus;Femmes;78.0;66.1;;77;11
2019;Île-de-France;Yvelines;00-17 ans;Femmes;253.0;147.1;;78;11
2019;Île-de-France;Yvelines;Tous;Femmes;988.0;133.0;129.6;78;11
2019;Île-de-France;Yvelines;00-17 ans;Hommes et Femmes;299.0;84.7;;78;11
2019;Île-de-France;Yvelines;18-24 ans;Hommes et Femmes;212.0;182.1;;78;11
2019;Nouvelle Aquitaine;Deux-Sèvres;18-24 ans;Hommes;33.0;253.9;;79;75
2019;Nouvelle Aquitaine;Deux-Sèvres;25-44 ans;Hommes;79.0;196.5;;79;75
2019;Nouvelle Aquitaine;Deux-Sèvres;18-24 ans;Femmes;33.0;299.0;;79;75
2019;Nouvelle Aquitaine;Deux-Sèvres;65 ans et plus;Femmes;26.0;53.1;;79;75
2019;Nouvelle Aquitaine;Deux-Sèvres;65 ans et plus;Hommes et Femmes;47.0;53.5;;79;75
2019;Nouvelle Aquitaine;Deux-Sèvres;Tous;Hommes et Femmes;520.0;138.7;143.8;79;75
2019;Hauts-de-France;Somme;45-64 ans;Hommes;335.0;461.1;;80;32
2019;Hauts-de-France;Somme;18-24 ans;Femmes;127.0;484.7;;80;32
2019;Hauts-de-France;Somme;65 ans et plus;Femmes;89.0;135.6;;80;32
2019;Hauts-de-France;Somme;Tous;Femmes;1118.0;380.7;377.5;80;32
2019;Hauts-de-France;Somme;45-64 ans;Hommes et Femmes;721.0;487.2;;80;32
2019;Hauts-de-France;Somme;Tous;Hommes et Femmes;2023.0;354.6;351.9;80;32
2019;Occitanie;Tarn;00-17 ans;Hommes;12.0;30.2;;81;76
2019;Occitanie;Tarn;45-64 ans;Hommes;51.0;97.7;;81;76
2019;Occitanie;Tarn;65 ans et plus;Femmes;53.0;95.8;;81;76
2019;Occitanie;Tarn;18-24 ans;Hommes et Femmes;54.0;205.4;;81;76
2019;Occitanie;Tarn;65 ans et plus;Hommes et Femmes;83.0;84.6;;81;76
2019;Occitanie;Tarn;Tous;Hommes et Femmes;510.0;130.8;134.9;81;76
2019;Occitanie;Tarn-et-Garonne;00-17 ans;Hommes et Femmes;45.0;77.7;;82;76
2019;Occitanie;Tarn-et-Garonne;45-64 ans;Hommes et Femmes;149.0;212.8;;82;76
2019;Occitanie;Tarn-et-Garonne;65 ans et plus;Hommes et Femmes;39.0;67.3;;82;76
2019;Provence-Alpes-Côte d'Azur;Var;18-24 ans;Hommes;51.0;134.0;;83;93
2019;Provence-Alpes-Côte d'Azur;Var;65 ans et plus;Hommes;74.0;60.3;;83;93
2019;Provence-Alpes-Côte d'Azur;Var;00-17 ans;Femmes;120.0;122.1;;83;93
2019;Provence-Alpes-Côte d'Azur;Var;18-24 ans;Femmes;90.0;267.6;;83;93
2019;Provence-Alpes-Côte d'Azur;Var;45-64 ans;Femmes;298.0;197.5;;83;93
2019;Provence-Alpes-Côte d'Azur;Var;65 ans et plus;Femmes;140.0;87.7;;83;93
2019;Provence-Alpes-Côte d'Azur;Var;65 ans et plus;Hommes et Femmes;214.0;75.8;;83;93
2019;Provence-Alpes-Côte d'Azur;Vaucluse;25-44 ans;Hommes;115.0;189.7;;84;93
2019;Provence-Alpes-Côte d'Azur;Vaucluse;65 ans et plus;Femmes;67.0;94.7;;84;93
2019;Provence-Alpes-Côte d'Azur;Vaucluse;Tous;Femmes;420.0;143.8;144.2;84;93
2019;Provence-Alpes-Côte d'Azur;Vaucluse;45-64 ans;Hommes et Femmes;241.0;160.3;;84;93
2019;Pays de la Loire;Vendée;45-64 ans;Hommes;104.0;116.2;;85;52
2019;Pays de la Loire;Vendée;65 ans et plus;Hommes;39.0;52.6;;85;52
2019;Pays de la Loire;Vendée;00-17 ans;Femmes;166.0;234.7;;85;52
2019;Pays de la Loire;Vendée;45-64 ans;Hommes et Femmes;260.0;142.8;;85;52
2019;Pays de la Loire;Vendée;65 ans et plus;Hommes et Femmes;115.0;68.6;;85;52
2019;Nouvelle Aquitaine;Vienne;45-64 ans;Hommes;56.0;101.8;;86;75
2019;Nouvelle Aquitaine;Vienne;65 ans et plus;Hommes;14.0;33.1;;86;75
2019;Nouvelle Aquitaine;Vienne;00-17 ans;Femmes;38.0;87.4;;86;75
2019;Nouvelle Aquitaine;Vienne;25-44 ans;Femmes;66.0;132.8;;86;75
2019;Nouvelle Aquitaine;Vienne;18-24 ans;Hommes et Femmes;70.0;166.5;;86;75
2019;Nouvelle Aquitaine;Vienne;Tous;Hommes et Femmes;482.0;109.9;109.8;86;75
2019;Nouvelle Aquitaine;Haute-Vienne;00-17 ans;Hommes;15.0;42.1;;87;75
2019;Nouvelle Aquitaine;Haute-Vienne;18-24 ans;Femmes;44.0;274.6;;87;75
2019;Nouvelle Aquitaine;Haute-Vienne;65 ans et plus;Femmes;34.0;64.2;;87;75
2019;Nouvelle Aquitaine;Haute-Vienne;Tous;Femmes;307.0;157.5;160.5;87;75
2019;Nouvelle Aquitaine;Haute-Vienne;00-17 ans;Hommes et Femmes;62.0;88.6;;87;75
2019;Nouvelle Aquitaine;Haute-Vienne;25-44 ans;Hommes et Femmes;145.0;182.1;;87;75
2019;Nouvelle Aquitaine;Haute-Vienne;Tous;Hommes et Femmes;502.0;134.8;137.4;87;75
2019;Grand Est;Vosges;18-24 ans;Femmes;57.0;494.3;;88;44
2019;Grand Est;Vosges;65 ans et plus;Femmes;48.0;95.9;;88;44
2019;Grand Est;Vosges;00-17 ans;Hommes et Femmes;121.0;168.0;;88;44
2019;Grand Est;Vosges;25-44 ans;Hommes et Femmes;228.0;297.7;;88;44
2019;Grand Est;Vosges;45-64 ans;Hommes et Femmes;220.0;213.5;;88;44
2019;Grand Est;Vosges;65 ans et plus;Hommes et Femmes;79.0;89.7;;88;44
2019;Grand Est;Vosges;Tous;Hommes et Femmes;736.0;201.9;210.6;88;44
2019;Bourgogne et Franche-Comté;Yonne;00-17 ans;Hommes;15.0;41.9;;89;27
2019;Bourgogne et Franche-Comté;Yonne;45-64 ans;Hommes;75.0;166.3;;89;27
2019;Bourgogne et Franche-Comté;Yonne;Tous;Hommes;197.0;120.5;125.6;89;27
2019;Bourgogne et Franche-Comté;Yonne;18-24 ans;Femmes;25.0;257.3;;89;27
2019;Bourgogne et Franche-Comté;Yonne;25-44 ans;Femmes;71.0;196.3;;89;27
2019;Bourgogne et Franche-Comté;Yonne;65 ans et plus;Femmes;27.0;58.6;;89;27
2019;Bourgogne et Franche-Comté;Yonne;Tous;Femmes;302.0;175.3;181.3;89;27
2019;Bourgogne et Franche-Comté;Yonne;00-17 ans;Hommes et Femmes;94.0;135.3;;89;27
2019;Bourgogne et Franche-Comté;Yonne;25-44 ans;Hommes et Femmes;138.0;192.8;;89;27
2019;Bourgogne et Franche-Comté;Yonne;Tous;Hommes et Femmes;499.0;148.6;154.3;89;27
2019;Bourgogne et Franche-Comté;Territoire de Belfort;00-17 ans;Hommes;2.5;15.8;;90;27
2019;Bourgogne et Franche-Comté;Territoire de Belfort;Tous;Hommes;64.5;91.8;91.9;90;27
2019;Bourgogne et Franche-Comté;Territoire de Belfort;Tous;Hommes et Femmes;186.5;132.0;132.8;90;27
2019;Île-de-France;Essonne;25-44 ans;Hommes;164.0;98.9;;91;11
2019;Île-de-France;Essonne;18-24 ans;Femmes;130.0;240.3;;91;11
2019;Île-de-France;Essonne;45-64 ans;Hommes et Femmes;392.0;119.5;;91;11
2019;Île-de-France;Essonne;65 ans et plus;Hommes et Femmes;133.0;67.0;;91;11
2019;Île-de-France;Hauts-de-Seine;18-24 ans;Hommes;53.0;79.8;;92;11
2019;Île-de-France;Hauts-de-Seine;65 ans et plus;Hommes;70.0;68.8;;92;11
2019;Île-de-France;Hauts-de-Seine;Tous;Hommes;459.0;59.4;60.8;92;11
2019;Île-de-France;Hauts-de-Seine;25-44 ans;Femmes;220.0;88.8;;92;11
2019;Île-de-France;Hauts-de-Seine;45-64 ans;Hommes et Femmes;342.0;86.2;;92;11
2019;Île-de-France;Seine-Saint-Denis;18-24 ans;Hommes;48.0;66.2;;93;11
2019;Île-de-France;Seine-Saint-Denis;25-44 ans;Hommes;128.0;54.6;;93;11
2019;Île-de-France;Seine-Saint-Denis;45-64 ans;Hommes;136.0;71.7;;93;11
2019;Île-de-France;Seine-Saint-Denis;00-17 ans;Femmes;141.0;65.3;;93;11
2019;Île-de-France;Seine-Saint-Denis;18-24 ans;Femmes;98.0;136.5;;93;11
2019;Île-de-France;Seine-Saint-Denis;Tous;Femmes;597.0;71.4;69.0;93;11
2019;Île-de-France;Seine-Saint-Denis;00-17 ans;Hommes et Femmes;155.0;35.2;;93;11
2019;Île-de-France;Seine-Saint-Denis;65 ans et plus;Hommes et Femmes;99.0;49.9;;93;11
2019;Île-de-France;Val-de-Marne;45-64 ans;Hommes;146.0;87.0;;94;11
2019;Île-de-France;Val-de-Marne;45-64 ans;Femmes;153.0;85.2;;94;11
2019;Île-de-France;Val-de-Marne;65 ans et plus;Femmes;73.0;59.7;;94;11
2019;Île-de-France;Val-de-Marne;00-17 ans;Hommes et Femmes;172.0;52.4;;94;11
2019;Île-de-France;Val-de-Marne;18-24 ans;Hommes et Femmes;156.0;125.6;;94;11
2019;Île-de-France;Val-d'Oise;45-64 ans;Hommes;83.0;55.7;;95;11
2019;Île-de-France;Val-d'Oise;65 ans et plus;Hommes;28.0;37.4;;95;11
2019;Île-de-France;Val-d'Oise;00-17 ans;Femmes;118.0;73.9;;95;11
2019;Île-de-France;Val-d'Oise;25-44 ans;Femmes;162.0;93.0;;95;11
2019;Île-de-France;Val-d'Oise;Tous;Femmes;601.0;93.6;91.5;95;11
2019;Île-de-France;Val-d'Oise;Tous;Hommes et Femmes;866.0;69.3;68.7;95;11
2019;Guadeloupe;Guadeloupe;65 ans et plus;Hommes;5.0;15.5;;971;01
2019;Guadeloupe;Guadeloupe;00-17 ans;Femmes;5.0;11.8;;971;01
2019;Martinique;Martinique;00-17 ans;Hommes;16.0;43.6;;972;02
2019;Martinique;Martinique;65 ans et plus;Hommes;65.0;195.3;;972;02
2019;Martinique;Martinique;Tous;Hommes;216.0;129.4;124.2;972;02
2019;Martinique;Martinique;45-64 ans;Femmes;22.0;34.4;;972;02
2019;Martinique;Martinique;18-24 ans;Hommes et Femmes;23.0;87.3;;972;02
2019;Martinique;Martinique;Tous;Hommes et Femmes;341.0;93.6;94.7;972;02
2019;Guyane;Guyane;25-44 ans;Hommes;16.0;45.0;;973;03
2019;Guyane;Guyane;00-17 ans;Femmes;49.0;91.1;;973;03
2019;Guyane;Guyane;18-24 ans;Femmes;30.0;199.4;;973;03
2019;Guyane;Guyane;65 ans et plus;Femmes;2.5;28.9;;973;03
2019;Guyane;Guyane;45-64 ans;Hommes et Femmes;26.0;50.2;;973;03
2019;Guyane;Guyane;Tous;Hommes et Femmes;178.0;63.2;58.5;973;03
2019;Réunion;Réunion;00-17 ans;Hommes;47.0;39.3;;974;04
2019;Réunion;Réunion;25-44 ans;Hommes;187.0;192.7;;974;04
2019;Réunion;Réunion;45-64 ans;Hommes;124.0;111.7;;974;04
2019;Réunion;Réunion;18-24 ans;Femmes;89.0;233.6;;974;04
2019;Réunion;Réunion;Tous;Femmes;648.0;144.1;130.5;974;04
2019;Mayotte;Mayotte;45-64 ans;Hommes;2.5;15.6;;976;06
2019;Mayotte;Mayotte;45-64 ans;Femmes;0.0;0.0;;976;06
2019;Mayotte;Mayotte;18-24 ans;Hommes et Femmes;5.0;19.3;;976;06
2019;Mayotte;Mayotte;25-44 ans;Hommes et Femmes;5.0;7.2;;976;06
2019;Mayotte;Mayotte;45-64 ans;Hommes et Femmes;2.5;8.1;;976;06
2019;Mayotte;Mayotte;65 ans et plus;Hommes et Femmes;2.5;34.8;;976;06
2019;Saint-Barthélemy;Saint-Barthélemy;00-17 ans;Hommes;0.0;;;977;977
2019;Saint-Barthélemy;Saint-Barthélemy;65 ans et plus;Hommes;0.0;;;977;977
2019;Saint-Barthélemy;Saint-Barthélemy;Tous;Hommes;0.0;;;977;977
2019;Saint-Barthélemy;Saint-Barthélemy;18-24 ans;Femmes;2.5;;;977;977
2019;Saint-Barthélemy;Saint-Barthélemy;45-64 ans;Femmes;2.5;;;977;977
2019;Saint-Barthélemy;Saint-Barthélemy;65 ans et plus;Femmes;2.5;;;977;977
2019;Saint-Barthélemy;Saint-Barthélemy;Tous;Femmes;5.0;;;977;977
2019;Saint-Barthélemy;Saint-Barthélemy;45-64 ans;Hommes et Femmes;2.5;;;977;977
2019;Saint-Martin;Saint-Martin;18-24 ans;Hommes;2.5;;;978;978
2019;Saint-Martin;Saint-Martin;65 ans et plus;Hommes;2.5;;;978;978
2019;Saint-Martin;Saint-Martin;45-64 ans;Femmes;2.5;;;978;978
2019;Saint-Martin;Saint-Martin;Tous;Femmes;8.0;;;978;978
2019;Auvergne et Rhône-Alpes;Ain;65 ans et plus;Hommes;25.0;47.8;;01;84
2019;Auvergne et Rhône-Alpes;Ain;25-44 ans;Hommes et Femmes;169.0;104.7;;01;84
2019;Auvergne et Rhône-Alpes;Ain;45-64 ans;Hommes et Femmes;186.0;106.8;;01;84
2019;Auvergne et Rhône-Alpes;Ain;65 ans et plus;Hommes et Femmes;67.0;57.2;;01;84
2019;Hauts-de-France;Aisne;00-17 ans;Hommes;47.0;76.1;;02;32
2019;Hauts-de-France;Aisne;Tous;Hommes;422.0;162.9;166.3;02;32
2019;Hauts-de-France;Aisne;Tous;Femmes;629.0;231.1;231.6;02;32
2019;Hauts-de-France;Aisne;18-24 ans;Hommes et Femmes;125.0;319.3;;02;32
2019;Hauts-de-France;Aisne;25-44 ans;Hommes et Femmes;341.0;282.6;;02;32
2019;Auvergne et Rhône-Alpes;Allier;25-44 ans;Hommes;44.0;134.6;;03;84
2019;Auvergne et Rhône-Alpes;Allier;65 ans et plus;Hommes;33.0;83.6;;03;84
2019;Auvergne et Rhône-Alpes;Allier;Tous;Hommes;168.0;104.2;104.9;03;84
2019;Auvergne et Rhône-Alpes;Allier;18-24 ans;Femmes;17.0;164.8;;03;84
2019;Auvergne et Rhône-Alpes;Allier;65 ans et plus;Femmes;25.0;47.0;;03;84
2019;Provence-Alpes-Côte d'Azur;Alpes-de-Haute-Provence;18-24 ans;Hommes;12.0;232.6;;04;93
2019;Provence-Alpes-Côte d'Azur;Alpes-de-Haute-Provence;25-44 ans;Hommes;21.0;130.3;;04;93
2019;Provence-Alpes-Côte d'Azur;Alpes-de-Haute-Provence;65 ans et plus;Hommes;10.0;51.7;;04;93
2019;Provence-Alpes-Côte d'Azur;Alpes-de-Haute-Provence;Tous;Hommes;71.5;89.6;96.5;04;93
2019;Provence-Alpes-Côte d'Azur;Alpes-de-Haute-Provence;25-44 ans;Femmes;31.0;183.8;;04;93
2019;Provence-Alpes-Côte d'Azur;Alpes-de-Haute-Provence;00-17 ans;Hommes et Femmes;21.5;68.4;;04;93
2019;Provence-Alpes-Côte d'Azur;Alpes-de-Haute-Provence;45-64 ans;Hommes et Femmes;76.0;161.8;;04;93
2019;Provence-Alpes-Côte d'Azur;Alpes-de-Haute-Provence;65 ans et plus;Hommes et Femmes;34.0;78.5;;04;93
2019;Provence-Alpes-Côte d'Azur;Hautes-Alpes;18-24 ans;Hommes;5.0;113.9;;05;93
2019;Provence-Alpes-Côte d'Azur;Hautes-Alpes;25-44 ans;Hommes;27.0;180.9;;05;93
2019;Provence-Alpes-Côte d'Azur;Hautes-Alpes;45-64 ans;Hommes;40.0;200.8;;05;93
2019;Provence-Alpes-Côte d'Azur;Hautes-Alpes;Tous;Hommes;86.5;125.4;126.8;05;93
2019;Provence-Alpes-Côte d'Azur;Hautes-Alpes;Tous;Femmes;110.0;152.2;162.3;05;93
2019;Provence-Alpes-Côte d'Azur;Hautes-Alpes;45-64 ans;Hommes et Femmes;70.0;173.1;;05;93
2019;Provence-Alpes-Côte d'Azur;Alpes-Maritimes;18-24 ans;Hommes;56.0;139.1;;06;93
2019;Provence-Alpes-Côte d'Azur;Alpes-Maritimes;25-44 ans;Hommes;175.0;143.8;;06;93
2019;Provence-Alpes-Côte d'Azur;Alpes-Maritimes;Tous;Femmes;829.0;143.8;146.9;06;93
2019;Provence-Alpes-Côte d'Azur;Alpes-Maritimes;00-17 ans;Hommes et Femmes;185.0;88.4;;06;93
2019;Provence-Alpes-Côte d'Azur;Alpes-Maritimes;65 ans et plus;Hommes et Femmes;242.0;90.7;;06;93
2019;Auvergne et Rhône-Alpes;Ardèche;25-44 ans;Hommes;65.0;193.7;;07;84
2019;Auvergne et Rhône-Alpes;Ardèche;18-24 ans;Hommes et Femmes;43.0;220.0;;07;84
2019;Auvergne et Rhône-Alpes;Ardèche;45-64 ans;Hommes et Femmes;150.0;161.9;;07;84
2019;Grand Est;Ardennes;25-44 ans;Hommes;82.0;273.3;;08;44
2019;Grand Est;Ardennes;45-64 ans;Hommes;86.0;230.2;;08;44
2019;Grand Est;Ardennes;65 ans et plus;Hommes;14.0;55.2;;08;44
2019;Grand Est;Ardennes;65 ans et plus;Femmes;33.0;100.0;;08;44
2019;Grand Est;Ardennes;00-17 ans;Hommes et Femmes;61.0;106.1;;08;44
2019;Grand Est;Ardennes;18-24 ans;Hommes et Femmes;53.0;283.7;;08;44
2019;Grand Est;Ardennes;25-44 ans;Hommes et Femmes;151.0;249.4;;08;44
2019;Grand Est;Ardennes;Tous;Hommes et Femmes;497.0;183.7;185.3;08;44
2019;Occitanie;Ariège;00-17 ans;Hommes;2.5;16.9;;09;76
2019;Occitanie;Ariège;45-64 ans;Hommes;25.0;117.0;;09;76
2019;Occitanie;Ariège;65 ans et plus;Hommes;13.0;71.6;;09;76
2019;Occitanie;Ariège;18-24 ans;Femmes;17.0;405.7;;09;76
2019;Occitanie;Ariège;00-17 ans;Hommes et Femmes;17.5;61.0;;09;76
2019;Corse;Corse-du-Sud;00-17 ans;Hommes;2.5;16.4;;2A;94
2019;Corse;Corse-du-Sud;25-44 ans;Hommes;5.0;27.7;;2A;94
2019;Corse;Corse-du-Sud;Tous;Hommes;22.0;28.7;27.9;2A;94
2019;Corse;Corse-du-Sud;25-44 ans;Femmes;10.0;50.0;;2A;94
2019;Corse;Corse-du-Sud;65 ans et plus;Femmes;6.0;28.4;;2A;94
2019;Corse;Corse-du-Sud;Tous;Femmes;39.0;47.6;50.1;2A;94
2019;Corse;Corse-du-Sud;18-24 ans;Hommes et Femmes;8.5;93.3;;2A;94
2019;Corse;Haute-Corse;25-44 ans;Hommes;13.0;60.5;;2B;94
2019;Corse;Haute-Corse;65 ans et plus;Hommes;6.0;31.3;;2B;94
2019;Corse;Haute-Corse;25-44 ans;Femmes;24.0;107.3;;2B;94
2019;Corse;Haute-Corse;Tous;Hommes et Femmes;138.5;76.1;75.1;2B;94
