annee;reglib;libgeo;classe_d_age;sexe;nombre_de_deces;taux_brut;taux_standardise;num_departement;reg
2019;Auvergne et Rhône-Alpes;Ain;45-64 ans;Femmes;2.5;2.9;;01;84
2019;Auvergne et Rhône-Alpes;Ain;Tous;Femmes;9.0;2.7;3.1;01;84
2020;Auvergne et Rhône-Alpes;Ain;65 ans et plus;Hommes;21.0;39.3;;01;84
2020;Auvergne et Rhône-Alpes;Ain;45-64 ans;Femmes;7.0;7.9;;01;84
2020;Auvergne et Rhône-Alpes;Ain;65 ans et plus;Femmes;2.5;3.8;;01;84
2020;Auvergne et Rhône-Alpes;Ain;45-64 ans;Hommes et Femmes;20.0;11.3;;01;84
2021;Auvergne et Rhône-Alpes;Ain;18-24 ans;Hommes;0.0;0.0;;01;84
2021;Auvergne et Rhône-Alpes;Ain;25-44 ans;Hommes;18.0;22.2;;01;84
2021;Auvergne et Rhône-Alpes;Ain;00-17 ans;Femmes;0.0;0.0;;01;84
2021;Auvergne et Rhône-Alpes;Ain;45-64 ans;Femmes;8.0;9.0;;01;84
2021;Auvergne et Rhône-Alpes;Ain;00-17 ans;Hommes et Femmes;0.0;0.0;;01;84
2022;Auvergne et Rhône-Alpes;Ain;18-24 ans;Hommes;2.5;10.2;;01;84
2022;Auvergne et Rhône-Alpes;Ain;65 ans et plus;Hommes;23.0;41.2;;01;84
2022;Auvergne et Rhône-Alpes;Ain;00-17 ans;Femmes;0.0;0.0;;01;84
2022;Auvergne et Rhône-Alpes;Ain;00-17 ans;Hommes et Femmes;2.5;1.6;;01;84
2022;Auvergne et Rhône-Alpes;Ain;25-44 ans;Hommes et Femmes;19.5;11.7;;01;84
2022;Auvergne et Rhône-Alpes;Ain;Tous;Hommes et Femmes;100.0;14.9;15.2;01;84
2023;Auvergne et Rhône-Alpes;Ain;25-44 ans;Hommes;13.0;15.6;;01;84
2023;Auvergne et Rhône-Alpes;Ain;45-64 ans;Hommes;24.0;27.3;;01;84
2023;Auvergne et Rhône-Alpes;Ain;45-64 ans;Femmes;10.0;11.3;;01;84
2023;Auvergne et Rhône-Alpes;Ain;65 ans et plus;Femmes;6.0;8.5;;01;84
2023;Auvergne et Rhône-Alpes;Ain;Tous;Femmes;23.0;6.7;6.8;01;84
2023;Auvergne et Rhône-Alpes;Ain;45-64 ans;Hommes et Femmes;34.0;19.2;;01;84
2023;Auvergne et Rhône-Alpes;Ain;65 ans et plus;Hommes et Femmes;24.0;18.8;;01;84
2019;Hauts-de-France;Aisne;18-24 ans;Hommes;2.5;12.2;;02;32
2019;Hauts-de-France;Aisne;25-44 ans;Hommes;20.0;33.4;;02;32
2019;Hauts-de-France;Aisne;Tous;Hommes;79.0;30.5;30.7;02;32
2019;Hauts-de-France;Aisne;18-24 ans;Femmes;0.0;0.0;;02;32
2019;Hauts-de-France;Aisne;Tous;Femmes;21.5;7.9;8.4;02;32
2019;Hauts-de-France;Aisne;65 ans et plus;Hommes et Femmes;28.0;25.6;;02;32
2020;Hauts-de-France;Aisne;25-44 ans;Hommes;14.0;23.5;;02;32
2020;Hauts-de-France;Aisne;45-64 ans;Hommes;30.0;43.4;;02;32
2020;Hauts-de-France;Aisne;Tous;Hommes;71.0;27.5;27.6;02;32
2020;Hauts-de-France;Aisne;65 ans et plus;Femmes;5.0;7.9;;02;32
2020;Hauts-de-France;Aisne;00-17 ans;Hommes et Femmes;2.5;2.1;;02;32
2020;Hauts-de-France;Aisne;65 ans et plus;Hommes et Femmes;27.0;24.2;;02;32
2020;Hauts-de-France;Aisne;Tous;Hommes et Femmes;93.0;17.6;17.7;02;32
2021;Hauts-de-France;Aisne;00-17 ans;Hommes;0.0;0.0;;02;32
2021;Hauts-de-France;Aisne;65 ans et plus;Hommes;19.0;38.9;;02;32
2021;Hauts-de-France;Aisne;Tous;Hommes;63.5;24.7;25.0;02;32
2021;Hauts-de-France;Aisne;25-44 ans;Hommes et Femmes;19.5;16.4;;02;32
2021;Hauts-de-France;Aisne;65 ans et plus;Hommes et Femmes;25.0;22.2;;02;32
2022;Hauts-de-France;Aisne;Tous;Hommes;76.0;29.6;29.5;02;32
2022;Hauts-de-France;Aisne;00-17 ans;Femmes;0.0;0.0;;02;32
2022;Hauts-de-France;Aisne;25-44 ans;Femmes;7.0;11.7;;02;32
2022;Hauts-de-France;Aisne;00-17 ans;Hommes et Femmes;2.5;2.2;;02;32
2022;Hauts-de-France;Aisne;Tous;Hommes et Femmes;96.0;18.3;18.2;02;32
2023;Hauts-de-France;Aisne;18-24 ans;Hommes;2.5;12.1;;02;32
2023;Hauts-de-France;Aisne;00-17 ans;Femmes;0.0;0.0;;02;32
2023;Hauts-de-France;Aisne;18-24 ans;Femmes;0.0;0.0;;02;32
2023;Hauts-de-France;Aisne;65 ans et plus;Femmes;7.0;10.8;;02;32
2023;Hauts-de-France;Aisne;Tous;Femmes;22.0;8.2;8.2;02;32
2019;Auvergne et Rhône-Alpes;Allier;25-44 ans;Femmes;0.0;0.0;;03;84
2019;Auvergne et Rhône-Alpes;Allier;45-64 ans;Femmes;6.0;12.6;;03;84
2019;Auvergne et Rhône-Alpes;Allier;65 ans et plus;Hommes et Femmes;23.0;24.8;;03;84
2020;Auvergne et Rhône-Alpes;Allier;45-64 ans;Hommes;20.0;44.2;;03;84
2020;Auvergne et Rhône-Alpes;Allier;65 ans et plus;Hommes;12.0;29.9;;03;84
2020;Auvergne et Rhône-Alpes;Allier;25-44 ans;Femmes;2.5;7.7;;03;84
2020;Auvergne et Rhône-Alpes;Allier;45-64 ans;Femmes;7.0;14.8;;03;84
2020;Auvergne et Rhône-Alpes;Allier;Tous;Femmes;15.5;8.9;8.5;03;84
2020;Auvergne et Rhône-Alpes;Allier;25-44 ans;Hommes et Femmes;10.5;16.1;;03;84
2020;Auvergne et Rhône-Alpes;Allier;45-64 ans;Hommes et Femmes;27.0;29.2;;03;84
2021;Auvergne et Rhône-Alpes;Allier;00-17 ans;Hommes;0.0;0.0;;03;84
2021;Auvergne et Rhône-Alpes;Allier;18-24 ans;Hommes;2.5;20.8;;03;84
2021;Auvergne et Rhône-Alpes;Allier;45-64 ans;Hommes;14.0;31.4;;03;84
2021;Auvergne et Rhône-Alpes;Allier;00-17 ans;Femmes;0.0;0.0;;03;84
2021;Auvergne et Rhône-Alpes;Allier;45-64 ans;Femmes;5.0;10.7;;03;84
2021;Auvergne et Rhône-Alpes;Allier;65 ans et plus;Femmes;7.0;12.9;;03;84
2021;Auvergne et Rhône-Alpes;Allier;45-64 ans;Hommes et Femmes;19.0;20.8;;03;84
2021;Auvergne et Rhône-Alpes;Allier;Tous;Hommes et Femmes;57.5;17.2;15.3;03;84
2022;Auvergne et Rhône-Alpes;Allier;45-64 ans;Hommes;15.0;33.7;;03;84
2022;Auvergne et Rhône-Alpes;Allier;45-64 ans;Femmes;5.0;10.8;;03;84
2022;Auvergne et Rhône-Alpes;Allier;25-44 ans;Hommes et Femmes;7.5;11.4;;03;84
2023;Auvergne et Rhône-Alpes;Allier;18-24 ans;Hommes;2.5;21.5;;03;84
2023;Auvergne et Rhône-Alpes;Allier;25-44 ans;Hommes;10.0;30.3;;03;84
2023;Auvergne et Rhône-Alpes;Allier;45-64 ans;Hommes;12.0;27.2;;03;84
2023;Auvergne et Rhône-Alpes;Allier;65 ans et plus;Hommes;18.0;43.6;;03;84
2023;Auvergne et Rhône-Alpes;Allier;00-17 ans;Femmes;0.0;0.0;;03;84
2023;Auvergne et Rhône-Alpes;Allier;18-24 ans;Femmes;0.0;0.0;;03;84
2023;Auvergne et Rhône-Alpes;Allier;25-44 ans;Femmes;0.0;0.0;;03;84
2023;Auvergne et Rhône-Alpes;Allier;18-24 ans;Hommes et Femmes;2.5;11.4;;03;84
2023;Auvergne et Rhône-Alpes;Allier;25-44 ans;Hommes et Femmes;10.0;15.2;;03;84
2023;Auvergne et Rhône-Alpes;Allier;45-64 ans;Hommes et Femmes;18.0;20.1;;03;84
2023;Auvergne et Rhône-Alpes;Allier;65 ans et plus;Hommes et Femmes;29.0;30.2;;03;84
2019;Provence-Alpes-Côte d'Azur;Alpes-de-Haute-Provence;00-17 ans;Hommes;0.0;0.0;;04;93
2019;Provence-Alpes-Côte d'Azur;Alpes-de-Haute-Provence;00-17 ans;Femmes;0.0;0.0;;04;93
2019;Provence-Alpes-Côte d'Azur;Alpes-de-Haute-Provence;45-64 ans;Femmes;8.0;33.3;;04;93
2019;Provence-Alpes-Côte d'Azur;Alpes-de-Haute-Provence;18-24 ans;Hommes et Femmes;0.0;0.0;;04;93
2019;Provence-Alpes-Côte d'Azur;Alpes-de-Haute-Provence;Tous;Hommes et Femmes;38.0;23.1;21.2;04;93
2020;Provence-Alpes-Côte d'Azur;Alpes-de-Haute-Provence;45-64 ans;Hommes;7.0;30.9;;04;93
2020;Provence-Alpes-Côte d'Azur;Alpes-de-Haute-Provence;25-44 ans;Femmes;2.5;14.8;;04;93
2020;Provence-Alpes-Côte d'Azur;Alpes-de-Haute-Provence;00-17 ans;Hommes et Femmes;0.0;0.0;;04;93
2020;Provence-Alpes-Côte d'Azur;Alpes-de-Haute-Provence;45-64 ans;Hommes et Femmes;9.5;20.3;;04;93
2020;Provence-Alpes-Côte d'Azur;Alpes-de-Haute-Provence;65 ans et plus;Hommes et Femmes;2.5;5.7;;04;93
2021;Provence-Alpes-Côte d'Azur;Alpes-de-Haute-Provence;25-44 ans;Hommes;2.5;15.2;;04;93
2021;Provence-Alpes-Côte d'Azur;Alpes-de-Haute-Provence;45-64 ans;Hommes;8.0;35.3;;04;93
2021;Provence-Alpes-Côte d'Azur;Alpes-de-Haute-Provence;18-24 ans;Femmes;0.0;0.0;;04;93
2021;Provence-Alpes-Côte d'Azur;Alpes-de-Haute-Provence;25-44 ans;Femmes;0.0;0.0;;04;93
2021;Provence-Alpes-Côte d'Azur;Alpes-de-Haute-Provence;65 ans et plus;Femmes;2.5;10.2;;04;93
2021;Provence-Alpes-Côte d'Azur;Alpes-de-Haute-Provence;Tous;Femmes;2.5;2.9;4.1;04;93
2021;Provence-Alpes-Côte d'Azur;Alpes-de-Haute-Provence;00-17 ans;Hommes et Femmes;0.0;0.0;;04;93
2021;Provence-Alpes-Côte d'Azur;Alpes-de-Haute-Provence;18-24 ans;Hommes et Femmes;0.0;0.0;;04;93
2022;Provence-Alpes-Côte d'Azur;Alpes-de-Haute-Provence;18-24 ans;Femmes;0.0;0.0;;04;93
2022;Provence-Alpes-Côte d'Azur;Alpes-de-Haute-Provence;Tous;Femmes;6.0;7.0;6.3;04;93
2022;Provence-Alpes-Côte d'Azur;Alpes-de-Haute-Provence;00-17 ans;Hommes et Femmes;0.0;0.0;;04;93
2022;Provence-Alpes-Côte d'Azur;Alpes-de-Haute-Provence;65 ans et plus;Hommes et Femmes;13.5;29.8;;04;93
2023;Provence-Alpes-Côte d'Azur;Alpes-de-Haute-Provence;65 ans et plus;Femmes;2.5;9.9;;04;93
2023;Provence-Alpes-Côte d'Azur;Alpes-de-Haute-Provence;Tous;Femmes;2.5;2.9;2.9;04;93
2023;Provence-Alpes-Côte d'Azur;Alpes-de-Haute-Provence;00-17 ans;Hommes et Femmes;0.0;0.0;;04;93
2023;Provence-Alpes-Côte d'Azur;Alpes-de-Haute-Provence;45-64 ans;Hommes et Femmes;5.0;10.7;;04;93
2019;Provence-Alpes-Côte d'Azur;Hautes-Alpes;18-24 ans;Hommes;0.0;0.0;;05;93
2019;Provence-Alpes-Côte d'Azur;Hautes-Alpes;25-44 ans;Hommes;2.5;16.7;;05;93
2019;Provence-Alpes-Côte d'Azur;Hautes-Alpes;45-64 ans;Hommes;5.0;25.1;;05;93
2019;Provence-Alpes-Côte d'Azur;Hautes-Alpes;65 ans et plus;Hommes;6.0;39.0;;05;93
2019;Provence-Alpes-Côte d'Azur;Hautes-Alpes;18-24 ans;Femmes;0.0;0.0;;05;93
2019;Provence-Alpes-Côte d'Azur;Hautes-Alpes;45-64 ans;Hommes et Femmes;7.5;18.5;;05;93
2020;Provence-Alpes-Côte d'Azur;Hautes-Alpes;Tous;Hommes;22.0;32.0;30.1;05;93
2020;Provence-Alpes-Côte d'Azur;Hautes-Alpes;Tous;Femmes;2.5;3.5;8.9;05;93
2020;Provence-Alpes-Côte d'Azur;Hautes-Alpes;00-17 ans;Hommes et Femmes;0.0;0.0;;05;93
2020;Provence-Alpes-Côte d'Azur;Hautes-Alpes;45-64 ans;Hommes et Femmes;9.0;22.5;;05;93
2020;Provence-Alpes-Côte d'Azur;Hautes-Alpes;65 ans et plus;Hommes et Femmes;9.5;26.6;;05;93
2020;Provence-Alpes-Côte d'Azur;Hautes-Alpes;Tous;Hommes et Femmes;24.5;17.4;19.2;05;93
2021;Provence-Alpes-Côte d'Azur;Hautes-Alpes;65 ans et plus;Hommes;6.0;36.5;;05;93
2021;Provence-Alpes-Côte d'Azur;Hautes-Alpes;Tous;Hommes;17.5;25.5;23.7;05;93
2021;Provence-Alpes-Côte d'Azur;Hautes-Alpes;00-17 ans;Femmes;0.0;0.0;;05;93
2021;Provence-Alpes-Côte d'Azur;Hautes-Alpes;45-64 ans;Femmes;2.5;12.4;;05;93
2021;Provence-Alpes-Côte d'Azur;Hautes-Alpes;65 ans et plus;Femmes;2.5;12.2;;05;93
2021;Provence-Alpes-Côte d'Azur;Hautes-Alpes;Tous;Femmes;6.0;8.3;7.5;05;93
2021;Provence-Alpes-Côte d'Azur;Hautes-Alpes;00-17 ans;Hommes et Femmes;0.0;0.0;;05;93
2021;Provence-Alpes-Côte d'Azur;Hautes-Alpes;25-44 ans;Hommes et Femmes;2.5;8.4;;05;93
2022;Provence-Alpes-Côte d'Azur;Hautes-Alpes;25-44 ans;Femmes;0.0;0.0;;05;93
2022;Provence-Alpes-Côte d'Azur;Hautes-Alpes;45-64 ans;Femmes;2.5;12.5;;05;93
2022;Provence-Alpes-Côte d'Azur;Hautes-Alpes;Tous;Femmes;7.5;10.4;6.9;05;93
2022;Provence-Alpes-Côte d'Azur;Hautes-Alpes;25-44 ans;Hommes et Femmes;5.0;16.4;;05;93
2022;Provence-Alpes-Côte d'Azur;Hautes-Alpes;45-64 ans;Hommes et Femmes;10.5;26.6;;05;93
2022;Provence-Alpes-Côte d'Azur;Hautes-Alpes;Tous;Hommes et Femmes;33.5;23.6;19.7;05;93
2023;Provence-Alpes-Côte d'Azur;Hautes-Alpes;45-64 ans;Hommes;11.0;56.8;;05;93
2023;Provence-Alpes-Côte d'Azur;Hautes-Alpes;45-64 ans;Femmes;2.5;12.6;;05;93
2023;Provence-Alpes-Côte d'Azur;Hautes-Alpes;65 ans et plus;Femmes;2.5;11.8;;05;93
2023;Provence-Alpes-Côte d'Azur;Hautes-Alpes;Tous;Femmes;2.5;3.4;6.8;05;93
2023;Provence-Alpes-Côte d'Azur;Hautes-Alpes;45-64 ans;Hommes et Femmes;13.5;34.4;;05;93
2023;Provence-Alpes-Côte d'Azur;Hautes-Alpes;65 ans et plus;Hommes et Femmes;8.5;22.2;;05;93
2019;Provence-Alpes-Côte d'Azur;Alpes-Maritimes;00-17 ans;Hommes;0.0;0.0;;06;93
2019;Provence-Alpes-Côte d'Azur;Alpes-Maritimes;18-24 ans;Hommes;5.0;12.4;;06;93
2019;Provence-Alpes-Côte d'Azur;Alpes-Maritimes;45-64 ans;Hommes;43.0;31.4;;06;93
2019;Provence-Alpes-Côte d'Azur;Alpes-Maritimes;25-44 ans;Femmes;2.5;1.9;;06;93
2019;Provence-Alpes-Côte d'Azur;Alpes-Maritimes;65 ans et plus;Femmes;21.0;13.5;;06;93
2019;Provence-Alpes-Côte d'Azur;Alpes-Maritimes;65 ans et plus;Hommes et Femmes;64.0;24.0;;06;93
2019;Provence-Alpes-Côte d'Azur;Alpes-Maritimes;Tous;Hommes et Femmes;151.0;13.8;13.2;06;93
2020;Provence-Alpes-Côte d'Azur;Alpes-Maritimes;00-17 ans;Hommes;2.5;2.3;;06;93
2020;Provence-Alpes-Côte d'Azur;Alpes-Maritimes;Tous;Hommes;84.0;16.2;15.3;06;93
2020;Provence-Alpes-Côte d'Azur;Alpes-Maritimes;00-17 ans;Femmes;0.0;0.0;;06;93
2020;Provence-Alpes-Côte d'Azur;Alpes-Maritimes;18-24 ans;Femmes;0.0;0.0;;06;93
2020;Provence-Alpes-Côte d'Azur;Alpes-Maritimes;65 ans et plus;Femmes;22.0;13.9;;06;93
2020;Provence-Alpes-Côte d'Azur;Alpes-Maritimes;Tous;Femmes;41.0;7.1;6.5;06;93
2020;Provence-Alpes-Côte d'Azur;Alpes-Maritimes;25-44 ans;Hommes et Femmes;19.0;7.6;;06;93
2020;Provence-Alpes-Côte d'Azur;Alpes-Maritimes;65 ans et plus;Hommes et Femmes;55.0;20.2;;06;93
2021;Provence-Alpes-Côte d'Azur;Alpes-Maritimes;18-24 ans;Hommes;2.5;6.1;;06;93
2021;Provence-Alpes-Côte d'Azur;Alpes-Maritimes;00-17 ans;Femmes;2.5;2.5;;06;93
2021;Provence-Alpes-Côte d'Azur;Alpes-Maritimes;65 ans et plus;Femmes;19.0;11.9;;06;93
2021;Provence-Alpes-Côte d'Azur;Alpes-Maritimes;Tous;Femmes;42.5;7.3;6.6;06;93
2021;Provence-Alpes-Côte d'Azur;Alpes-Maritimes;00-17 ans;Hommes et Femmes;2.5;1.2;;06;93
2021;Provence-Alpes-Côte d'Azur;Alpes-Maritimes;25-44 ans;Hommes et Femmes;31.0;12.4;;06;93
2021;Provence-Alpes-Côte d'Azur;Alpes-Maritimes;65 ans et plus;Hommes et Femmes;52.0;18.9;;06;93
2022;Provence-Alpes-Côte d'Azur;Alpes-Maritimes;18-24 ans;Hommes;2.5;6.1;;06;93
2022;Provence-Alpes-Côte d'Azur;Alpes-Maritimes;25-44 ans;Hommes;21.0;17.2;;06;93
2022;Provence-Alpes-Côte d'Azur;Alpes-Maritimes;65 ans et plus;Hommes;45.0;38.5;;06;93
2023;Provence-Alpes-Côte d'Azur;Alpes-Maritimes;00-17 ans;Hommes;0.0;0.0;;06;93
2023;Provence-Alpes-Côte d'Azur;Alpes-Maritimes;45-64 ans;Hommes;41.0;29.2;;06;93
2023;Provence-Alpes-Côte d'Azur;Alpes-Maritimes;00-17 ans;Femmes;2.5;2.5;;06;93
2023;Provence-Alpes-Côte d'Azur;Alpes-Maritimes;18-24 ans;Femmes;0.0;0.0;;06;93
2023;Provence-Alpes-Côte d'Azur;Alpes-Maritimes;25-44 ans;Femmes;2.5;1.9;;06;93
2023;Provence-Alpes-Côte d'Azur;Alpes-Maritimes;65 ans et plus;Femmes;23.0;14.1;;06;93
2023;Provence-Alpes-Côte d'Azur;Alpes-Maritimes;18-24 ans;Hommes et Femmes;2.5;3.1;;06;93
2023;Provence-Alpes-Côte d'Azur;Alpes-Maritimes;25-44 ans;Hommes et Femmes;21.5;8.4;;06;93
2019;Auvergne et Rhône-Alpes;Ardèche;45-64 ans;Hommes;12.0;26.1;;07;84
2019;Auvergne et Rhône-Alpes;Ardèche;65 ans et plus;Hommes;15.0;41.0;;07;84
2019;Auvergne et Rhône-Alpes;Ardèche;Tous;Hommes;29.5;18.4;15.9;07;84
2019;Auvergne et Rhône-Alpes;Ardèche;00-17 ans;Femmes;0.0;0.0;;07;84
2019;Auvergne et Rhône-Alpes;Ardèche;18-24 ans;Femmes;0.0;0.0;;07;84
2019;Auvergne et Rhône-Alpes;Ardèche;25-44 ans;Femmes;2.5;7.3;;07;84
2019;Auvergne et Rhône-Alpes;Ardèche;18-24 ans;Hommes et Femmes;0.0;0.0;;07;84
2019;Auvergne et Rhône-Alpes;Ardèche;25-44 ans;Hommes et Femmes;2.5;3.7;;07;84
2020;Auvergne et Rhône-Alpes;Ardèche;18-24 ans;Hommes;2.5;23.9;;07;84
2020;Auvergne et Rhône-Alpes;Ardèche;25-44 ans;Hommes;5.0;15.0;;07;84
2020;Auvergne et Rhône-Alpes;Ardèche;45-64 ans;Hommes;19.0;41.2;;07;84
2020;Auvergne et Rhône-Alpes;Ardèche;65 ans et plus;Hommes;17.0;45.3;;07;84
2020;Auvergne et Rhône-Alpes;Ardèche;18-24 ans;Femmes;2.5;26.2;;07;84
2020;Auvergne et Rhône-Alpes;Ardèche;25-44 ans;Femmes;2.5;7.4;;07;84
2020;Auvergne et Rhône-Alpes;Ardèche;45-64 ans;Femmes;6.0;12.8;;07;84
2020;Auvergne et Rhône-Alpes;Ardèche;18-24 ans;Hommes et Femmes;2.5;12.5;;07;84
2020;Auvergne et Rhône-Alpes;Ardèche;25-44 ans;Hommes et Femmes;7.5;11.1;;07;84
2021;Auvergne et Rhône-Alpes;Ardèche;00-17 ans;Hommes;0.0;0.0;;07;84
2021;Auvergne et Rhône-Alpes;Ardèche;18-24 ans;Hommes;2.5;23.8;;07;84
2021;Auvergne et Rhône-Alpes;Ardèche;45-64 ans;Hommes;16.0;34.7;;07;84
2021;Auvergne et Rhône-Alpes;Ardèche;65 ans et plus;Hommes;6.0;15.8;;07;84
2021;Auvergne et Rhône-Alpes;Ardèche;18-24 ans;Femmes;0.0;0.0;;07;84
2021;Auvergne et Rhône-Alpes;Ardèche;Tous;Femmes;7.5;4.4;4.6;07;84
2021;Auvergne et Rhône-Alpes;Ardèche;00-17 ans;Hommes et Femmes;0.0;0.0;;07;84
2021;Auvergne et Rhône-Alpes;Ardèche;45-64 ans;Hommes et Femmes;18.5;19.9;;07;84
2021;Auvergne et Rhône-Alpes;Ardèche;Tous;Hommes et Femmes;40.0;12.1;11.4;07;84
2022;Auvergne et Rhône-Alpes;Ardèche;18-24 ans;Hommes;2.5;24.3;;07;84
2022;Auvergne et Rhône-Alpes;Ardèche;Tous;Hommes;35.5;21.8;19.2;07;84
2022;Auvergne et Rhône-Alpes;Ardèche;18-24 ans;Femmes;0.0;0.0;;07;84
2022;Auvergne et Rhône-Alpes;Ardèche;45-64 ans;Femmes;6.0;12.8;;07;84
2022;Auvergne et Rhône-Alpes;Ardèche;Tous;Femmes;8.5;5.0;5.2;07;84
2023;Auvergne et Rhône-Alpes;Ardèche;25-44 ans;Hommes;7.0;20.3;;07;84
2023;Auvergne et Rhône-Alpes;Ardèche;18-24 ans;Femmes;0.0;0.0;;07;84
2023;Auvergne et Rhône-Alpes;Ardèche;45-64 ans;Femmes;5.0;10.8;;07;84
2023;Auvergne et Rhône-Alpes;Ardèche;45-64 ans;Hommes et Femmes;16.0;17.4;;07;84
2019;Grand Est;Ardennes;18-24 ans;Hommes;0.0;0.0;;08;44
2019;Grand Est;Ardennes;45-64 ans;Hommes;15.0;40.1;;08;44
2019;Grand Est;Ardennes;65 ans et plus;Hommes;12.0;47.3;;08;44
2019;Grand Est;Ardennes;00-17 ans;Femmes;0.0;0.0;;08;44
2019;Grand Est;Ardennes;Tous;Femmes;6.0;4.3;4.1;08;44
2019;Grand Est;Ardennes;18-24 ans;Hommes et Femmes;0.0;0.0;;08;44
2019;Grand Est;Ardennes;45-64 ans;Hommes et Femmes;17.5;23.2;;08;44
2020;Grand Est;Ardennes;00-17 ans;Hommes;0.0;0.0;;08;44
2020;Grand Est;Ardennes;18-24 ans;Hommes;0.0;0.0;;08;44
2020;Grand Est;Ardennes;45-64 ans;Hommes;11.0;29.7;;08;44
2020;Grand Est;Ardennes;65 ans et plus;Hommes;13.0;50.6;;08;44
2020;Grand Est;Ardennes;Tous;Hommes;38.0;28.9;30.5;08;44
2020;Grand Est;Ardennes;25-44 ans;Femmes;2.5;8.3;;08;44
2020;Grand Est;Ardennes;65 ans et plus;Femmes;2.5;7.4;;08;44
2020;Grand Est;Ardennes;Tous;Femmes;7.0;5.1;4.9;08;44
2020;Grand Est;Ardennes;45-64 ans;Hommes et Femmes;13.5;18.1;;08;44
2020;Grand Est;Ardennes;Tous;Hommes et Femmes;45.0;16.7;17.3;08;44
2021;Grand Est;Ardennes;25-44 ans;Hommes;10.0;33.7;;08;44
2021;Grand Est;Ardennes;00-17 ans;Femmes;0.0;0.0;;08;44
2021;Grand Est;Ardennes;18-24 ans;Femmes;0.0;0.0;;08;44
2021;Grand Est;Ardennes;65 ans et plus;Femmes;2.5;7.3;;08;44
2021;Grand Est;Ardennes;Tous;Femmes;12.0;8.7;8.6;08;44
2021;Grand Est;Ardennes;65 ans et plus;Hommes et Femmes;14.5;23.9;;08;44
2022;Grand Est;Ardennes;18-24 ans;Hommes;2.5;24.4;;08;44
2022;Grand Est;Ardennes;Tous;Hommes;34.5;26.3;25.1;08;44
2022;Grand Est;Ardennes;00-17 ans;Femmes;0.0;0.0;;08;44
2022;Grand Est;Ardennes;65 ans et plus;Femmes;7.0;20.5;;08;44
2022;Grand Est;Ardennes;Tous;Femmes;12.0;8.8;8.3;08;44
2022;Grand Est;Ardennes;65 ans et plus;Hommes et Femmes;13.0;21.4;;08;44
2023;Grand Est;Ardennes;Tous;Hommes;38.5;29.5;30.6;08;44
2023;Grand Est;Ardennes;18-24 ans;Femmes;0.0;0.0;;08;44
2023;Grand Est;Ardennes;45-64 ans;Femmes;2.5;6.9;;08;44
2023;Grand Est;Ardennes;Tous;Femmes;13.0;9.6;9.1;08;44
2023;Grand Est;Ardennes;00-17 ans;Hommes et Femmes;0.0;0.0;;08;44
2023;Grand Est;Ardennes;18-24 ans;Hommes et Femmes;2.5;13.3;;08;44
2023;Grand Est;Ardennes;45-64 ans;Hommes et Femmes;18.5;25.8;;08;44
2023;Grand Est;Ardennes;65 ans et plus;Hommes et Femmes;15.0;24.4;;08;44
2019;Occitanie;Ariège;25-44 ans;Hommes;2.5;15.7;;09;76
2019;Occitanie;Ariège;45-64 ans;Hommes;6.0;28.1;;09;76
2019;Occitanie;Ariège;18-24 ans;Femmes;0.0;0.0;;09;76
2019;Occitanie;Ariège;00-17 ans;Hommes et Femmes;0.0;0.0;;09;76
2019;Occitanie;Ariège;Tous;Hommes et Femmes;25.0;16.3;15.0;09;76
2020;Occitanie;Ariège;00-17 ans;Hommes;0.0;0.0;;09;76
2020;Occitanie;Ariège;18-24 ans;Hommes;0.0;0.0;;09;76
2020;Occitanie;Ariège;45-64 ans;Hommes;2.5;11.7;;09;76
2020;Occitanie;Ariège;45-64 ans;Femmes;2.5;11.3;;09;76
2020;Occitanie;Ariège;18-24 ans;Hommes et Femmes;0.0;0.0;;09;76
2020;Occitanie;Ariège;25-44 ans;Hommes et Femmes;2.5;8.0;;09;76
2020;Occitanie;Ariège;65 ans et plus;Hommes et Femmes;7.0;17.1;;09;76
2021;Occitanie;Ariège;18-24 ans;Hommes;2.5;47.0;;09;76
2021;Occitanie;Ariège;65 ans et plus;Hommes;10.0;53.6;;09;76
2021;Occitanie;Ariège;45-64 ans;Femmes;2.5;11.4;;09;76
2021;Occitanie;Ariège;65 ans et plus;Femmes;2.5;11.0;;09;76
2021;Occitanie;Ariège;18-24 ans;Hommes et Femmes;2.5;26.2;;09;76
2021;Occitanie;Ariège;45-64 ans;Hommes et Femmes;7.0;16.3;;09;76
2021;Occitanie;Ariège;65 ans et plus;Hommes et Femmes;12.5;30.2;;09;76
2021;Occitanie;Ariège;Tous;Hommes et Femmes;25.0;16.2;14.4;09;76
2022;Occitanie;Ariège;65 ans et plus;Hommes;7.0;36.9;;09;76
2022;Occitanie;Ariège;00-17 ans;Femmes;0.0;0.0;;09;76
2022;Occitanie;Ariège;45-64 ans;Femmes;2.5;11.5;;09;76
2022;Occitanie;Ariège;00-17 ans;Hommes et Femmes;0.0;0.0;;09;76
2022;Occitanie;Ariège;45-64 ans;Hommes et Femmes;11.5;26.8;;09;76
2022;Occitanie;Ariège;Tous;Hommes et Femmes;26.0;16.7;15.8;09;76
2023;Occitanie;Ariège;18-24 ans;Hommes;0.0;0.0;;09;76
2023;Occitanie;Ariège;25-44 ans;Hommes;8.0;49.9;;09;76
2023;Occitanie;Ariège;45-64 ans;Hommes;9.0;43.0;;09;76
2023;Occitanie;Ariège;Tous;Hommes;26.0;34.1;32.1;09;76
2023;Occitanie;Ariège;65 ans et plus;Hommes et Femmes;11.5;27.1;;09;76
2019;Grand Est;Aube;00-17 ans;Femmes;0.0;0.0;;10;44
2019;Grand Est;Aube;45-64 ans;Femmes;5.0;12.3;;10;44
2019;Grand Est;Aube;25-44 ans;Hommes et Femmes;10.5;14.8;;10;44
2019;Grand Est;Aube;45-64 ans;Hommes et Femmes;16.0;20.1;;10;44
2020;Grand Est;Aube;25-44 ans;Hommes;5.0;14.5;;10;44
2020;Grand Est;Aube;Tous;Femmes;8.5;5.3;5.0;10;44
2020;Grand Est;Aube;65 ans et plus;Hommes et Femmes;12.5;18.3;;10;44
2020;Grand Est;Aube;Tous;Hommes et Femmes;29.0;9.3;9.6;10;44
2021;Grand Est;Aube;00-17 ans;Hommes;2.5;7.2;;10;44
2021;Grand Est;Aube;Tous;Hommes;35.0;23.1;22.8;10;44
2021;Grand Est;Aube;18-24 ans;Hommes et Femmes;2.5;10.0;;10;44
2021;Grand Est;Aube;Tous;Hommes et Femmes;48.0;15.4;15.6;10;44
2022;Grand Est;Aube;18-24 ans;Hommes;2.5;18.9;;10;44
2022;Grand Est;Aube;45-64 ans;Hommes;15.0;38.8;;10;44
2022;Grand Est;Aube;00-17 ans;Femmes;0.0;0.0;;10;44
2022;Grand Est;Aube;25-44 ans;Femmes;2.5;7.0;;10;44
2022;Grand Est;Aube;45-64 ans;Femmes;2.5;6.2;;10;44
2022;Grand Est;Aube;Tous;Femmes;6.0;3.8;4.4;10;44
2022;Grand Est;Aube;45-64 ans;Hommes et Femmes;17.5;22.2;;10;44
2023;Grand Est;Aube;18-24 ans;Hommes;2.5;18.7;;10;44
2023;Grand Est;Aube;25-44 ans;Hommes;9.0;25.6;;10;44
2023;Grand Est;Aube;45-64 ans;Hommes;12.0;31.3;;10;44
2023;Grand Est;Aube;65 ans et plus;Hommes;12.0;39.3;;10;44
2023;Grand Est;Aube;65 ans et plus;Femmes;2.5;6.2;;10;44
2023;Grand Est;Aube;00-17 ans;Hommes et Femmes;2.5;3.7;;10;44
2023;Grand Est;Aube;45-64 ans;Hommes et Femmes;18.0;23.0;;10;44
2019;Occitanie;Aude;65 ans et plus;Hommes;13.0;30.2;;11;76
2019;Occitanie;Aude;Tous;Hommes;39.0;21.7;20.9;11;76
2019;Occitanie;Aude;00-17 ans;Femmes;0.0;0.0;;11;76
2019;Occitanie;Aude;25-44 ans;Femmes;0.0;0.0;;11;76
2020;Occitanie;Aude;18-24 ans;Hommes;2.5;20.1;;11;76
2020;Occitanie;Aude;25-44 ans;Hommes;6.0;16.1;;11;76
2020;Occitanie;Aude;Tous;Hommes;33.5;18.6;16.4;11;76
2020;Occitanie;Aude;00-17 ans;Femmes;0.0;0.0;;11;76
2020;Occitanie;Aude;25-44 ans;Femmes;2.5;6.4;;11;76
2020;Occitanie;Aude;Tous;Femmes;14.0;7.2;7.2;11;76
2020;Occitanie;Aude;45-64 ans;Hommes et Femmes;13.5;13.2;;11;76
2020;Occitanie;Aude;Tous;Hommes et Femmes;47.5;12.7;11.7;11;76
2021;Occitanie;Aude;18-24 ans;Hommes;2.5;20.0;;11;76
2021;Occitanie;Aude;18-24 ans;Femmes;0.0;0.0;;11;76
2021;Occitanie;Aude;25-44 ans;Femmes;2.5;6.4;;11;76
2021;Occitanie;Aude;65 ans et plus;Femmes;5.0;8.9;;11;76
2021;Occitanie;Aude;65 ans et plus;Hommes et Femmes;23.0;22.8;;11;76
2022;Occitanie;Aude;25-44 ans;Hommes;17.0;44.9;;11;76
2022;Occitanie;Aude;45-64 ans;Hommes;23.0;46.4;;11;76
2022;Occitanie;Aude;45-64 ans;Femmes;2.5;4.7;;11;76
2022;Occitanie;Aude;65 ans et plus;Femmes;6.0;10.5;;11;76
2022;Occitanie;Aude;00-17 ans;Hommes et Femmes;2.5;3.5;;11;76
2022;Occitanie;Aude;45-64 ans;Hommes et Femmes;25.5;24.8;;11;76
2023;Occitanie;Aude;18-24 ans;Hommes;2.5;20.2;;11;76
2023;Occitanie;Aude;25-44 ans;Hommes;13.0;34.3;;11;76
2023;Occitanie;Aude;65 ans et plus;Femmes;5.0;8.6;;11;76
2023;Occitanie;Aude;00-17 ans;Hommes et Femmes;0.0;0.0;;11;76
2023;Occitanie;Aude;18-24 ans;Hommes et Femmes;2.5;10.4;;11;76
2023;Occitanie;Aude;45-64 ans;Hommes et Femmes;29.5;28.8;;11;76
2019;Occitanie;Aveyron;00-17 ans;Hommes;0.0;0.0;;12;76
2019;Occitanie;Aveyron;45-64 ans;Hommes;13.0;33.5;;12;76
2019;Occitanie;Aveyron;00-17 ans;Femmes;0.0;0.0;;12;76
2019;Occitanie;Aveyron;18-24 ans;Hommes et Femmes;0.0;0.0;;12;76
2019;Occitanie;Aveyron;Tous;Hommes et Femmes;42.0;15.0;14.1;12;76
2020;Occitanie;Aveyron;00-17 ans;Femmes;0.0;0.0;;12;76
2020;Occitanie;Aveyron;65 ans et plus;Femmes;2.5;5.8;;12;76
2020;Occitanie;Aveyron;00-17 ans;Hommes et Femmes;0.0;0.0;;12;76
2020;Occitanie;Aveyron;25-44 ans;Hommes et Femmes;2.5;4.5;;12;76
2021;Occitanie;Aveyron;65 ans et plus;Hommes;12.0;34.2;;12;76
2021;Occitanie;Aveyron;00-17 ans;Femmes;0.0;0.0;;12;76
2021;Occitanie;Aveyron;18-24 ans;Femmes;0.0;0.0;;12;76
2021;Occitanie;Aveyron;45-64 ans;Femmes;2.5;6.5;;12;76
2021;Occitanie;Aveyron;65 ans et plus;Femmes;2.5;5.8;;12;76
2021;Occitanie;Aveyron;Tous;Femmes;6.0;4.2;4.9;12;76
2021;Occitanie;Aveyron;45-64 ans;Hommes et Femmes;17.5;22.6;;12;76
2021;Occitanie;Aveyron;Tous;Hommes et Femmes;40.0;14.3;13.4;12;76
2022;Occitanie;Aveyron;18-24 ans;Hommes;2.5;26.9;;12;76
2022;Occitanie;Aveyron;25-44 ans;Hommes;12.0;41.1;;12;76
2022;Occitanie;Aveyron;65 ans et plus;Hommes;14.0;39.9;;12;76
2022;Occitanie;Aveyron;25-44 ans;Femmes;2.5;9.0;;12;76
2022;Occitanie;Aveyron;Tous;Femmes;9.0;6.4;5.9;12;76
2022;Occitanie;Aveyron;18-24 ans;Hommes et Femmes;2.5;15.0;;12;76
2023;Occitanie;Aveyron;18-24 ans;Hommes;2.5;27.0;;12;76
2023;Occitanie;Aveyron;65 ans et plus;Hommes;9.0;25.4;;12;76
2023;Occitanie;Aveyron;65 ans et plus;Femmes;2.5;5.8;;12;76
2023;Occitanie;Aveyron;00-17 ans;Hommes et Femmes;0.0;0.0;;12;76
2019;Provence-Alpes-Côte d'Azur;Bouches-du-Rhône;18-24 ans;Hommes;2.5;2.9;;13;93
2019;Provence-Alpes-Côte d'Azur;Bouches-du-Rhône;18-24 ans;Femmes;2.5;3.0;;13;93
2019;Provence-Alpes-Côte d'Azur;Bouches-du-Rhône;25-44 ans;Femmes;9.0;3.5;;13;93
2019;Provence-Alpes-Côte d'Azur;Bouches-du-Rhône;00-17 ans;Hommes et Femmes;2.5;0.6;;13;93
2019;Provence-Alpes-Côte d'Azur;Bouches-du-Rhône;25-44 ans;Hommes et Femmes;47.0;9.5;;13;93
2019;Provence-Alpes-Côte d'Azur;Bouches-du-Rhône;Tous;Hommes et Femmes;193.5;9.5;9.6;13;93
2020;Provence-Alpes-Côte d'Azur;Bouches-du-Rhône;18-24 ans;Hommes;5.0;5.8;;13;93
2020;Provence-Alpes-Côte d'Azur;Bouches-du-Rhône;Tous;Hommes;159.5;16.3;16.2;13;93
2020;Provence-Alpes-Côte d'Azur;Bouches-du-Rhône;25-44 ans;Femmes;8.0;3.1;;13;93
2020;Provence-Alpes-Côte d'Azur;Bouches-du-Rhône;Tous;Femmes;53.0;5.0;5.0;13;93
2020;Provence-Alpes-Côte d'Azur;Bouches-du-Rhône;65 ans et plus;Hommes et Femmes;76.0;17.8;;13;93
2021;Provence-Alpes-Côte d'Azur;Bouches-du-Rhône;18-24 ans;Hommes;2.5;2.9;;13;93
2021;Provence-Alpes-Côte d'Azur;Bouches-du-Rhône;00-17 ans;Femmes;2.5;1.2;;13;93
2021;Provence-Alpes-Côte d'Azur;Bouches-du-Rhône;00-17 ans;Hommes et Femmes;2.5;0.6;;13;93
2021;Provence-Alpes-Côte d'Azur;Bouches-du-Rhône;65 ans et plus;Hommes et Femmes;85.0;19.6;;13;93
2022;Provence-Alpes-Côte d'Azur;Bouches-du-Rhône;25-44 ans;Hommes;33.0;13.5;;13;93
2022;Provence-Alpes-Côte d'Azur;Bouches-du-Rhône;45-64 ans;Hommes;50.0;19.8;;13;93
2022;Provence-Alpes-Côte d'Azur;Bouches-du-Rhône;65 ans et plus;Hommes;70.0;37.2;;13;93
2022;Provence-Alpes-Côte d'Azur;Bouches-du-Rhône;00-17 ans;Femmes;2.5;1.2;;13;93
2022;Provence-Alpes-Côte d'Azur;Bouches-du-Rhône;25-44 ans;Femmes;11.0;4.2;;13;93
2022;Provence-Alpes-Côte d'Azur;Bouches-du-Rhône;00-17 ans;Hommes et Femmes;2.5;0.6;;13;93
2022;Provence-Alpes-Côte d'Azur;Bouches-du-Rhône;18-24 ans;Hommes et Femmes;17.0;9.8;;13;93
2022;Provence-Alpes-Côte d'Azur;Bouches-du-Rhône;65 ans et plus;Hommes et Femmes;96.0;21.8;;13;93
2022;Provence-Alpes-Côte d'Azur;Bouches-du-Rhône;Tous;Hommes et Femmes;233.5;11.3;11.3;13;93
2023;Provence-Alpes-Côte d'Azur;Bouches-du-Rhône;45-64 ans;Hommes;51.0;20.2;;13;93
2023;Provence-Alpes-Côte d'Azur;Bouches-du-Rhône;00-17 ans;Femmes;2.5;1.2;;13;93
2023;Provence-Alpes-Côte d'Azur;Bouches-du-Rhône;25-44 ans;Femmes;13.0;4.9;;13;93
2023;Provence-Alpes-Côte d'Azur;Bouches-du-Rhône;00-17 ans;Hommes et Femmes;2.5;0.6;;13;93
2023;Provence-Alpes-Côte d'Azur;Bouches-du-Rhône;25-44 ans;Hommes et Femmes;50.0;9.8;;13;93
2023;Provence-Alpes-Côte d'Azur;Bouches-du-Rhône;45-64 ans;Hommes et Femmes;70.0;13.3;;13;93
2019;Normandie;Calvados;25-44 ans;Hommes;27.0;34.9;;14;28
2019;Normandie;Calvados;45-64 ans;Femmes;14.0;15.0;;14;28
2019;Normandie;Calvados;18-24 ans;Hommes et Femmes;2.5;4.0;;14;28
2020;Normandie;Calvados;00-17 ans;Femmes;2.5;3.6;;14;28
2020;Normandie;Calvados;18-24 ans;Femmes;0.0;0.0;;14;28
2020;Normandie;Calvados;Tous;Femmes;30.5;8.4;8.2;14;28
2020;Normandie;Calvados;00-17 ans;Hommes et Femmes;2.5;1.7;;14;28
2020;Normandie;Calvados;25-44 ans;Hommes et Femmes;38.0;24.1;;14;28
2020;Normandie;Calvados;Tous;Hommes et Femmes;150.5;21.6;21.6;14;28
2021;Normandie;Calvados;18-24 ans;Hommes;2.5;8.0;;14;28
2021;Normandie;Calvados;45-64 ans;Hommes;33.0;38.2;;14;28
2021;Normandie;Calvados;65 ans et plus;Hommes;24.0;35.8;;14;28
2021;Normandie;Calvados;00-17 ans;Femmes;0.0;0.0;;14;28
2021;Normandie;Calvados;25-44 ans;Femmes;2.5;3.1;;14;28
2021;Normandie;Calvados;45-64 ans;Femmes;17.0;18.5;;14;28
2021;Normandie;Calvados;00-17 ans;Hommes et Femmes;0.0;0.0;;14;28
2021;Normandie;Calvados;65 ans et plus;Hommes et Femmes;38.0;24.0;;14;28
2021;Normandie;Calvados;Tous;Hommes et Femmes;118.5;16.9;16.6;14;28
2022;Normandie;Calvados;Tous;Hommes;96.0;28.3;28.2;14;28
2022;Normandie;Calvados;00-17 ans;Femmes;0.0;0.0;;14;28
2022;Normandie;Calvados;25-44 ans;Femmes;6.0;7.4;;14;28
2022;Normandie;Calvados;65 ans et plus;Femmes;15.0;16.1;;14;28
2022;Normandie;Calvados;65 ans et plus;Hommes et Femmes;44.0;27.2;;14;28
2023;Normandie;Calvados;00-17 ans;Hommes;0.0;0.0;;14;28
2023;Normandie;Calvados;18-24 ans;Hommes;2.5;8.0;;14;28
2023;Normandie;Calvados;Tous;Hommes;76.5;22.5;22.2;14;28
2023;Normandie;Calvados;00-17 ans;Femmes;0.0;0.0;;14;28
2023;Normandie;Calvados;25-44 ans;Femmes;2.5;3.1;;14;28
2023;Normandie;Calvados;00-17 ans;Hommes et Femmes;0.0;0.0;;14;28
2023;Normandie;Calvados;18-24 ans;Hommes et Femmes;2.5;4.0;;14;28
2023;Normandie;Calvados;Tous;Hommes et Femmes;101.0;14.3;14.0;14;28
2019;Auvergne et Rhône-Alpes;Cantal;25-44 ans;Hommes;5.0;34.7;;15;84
2019;Auvergne et Rhône-Alpes;Cantal;65 ans et plus;Hommes;6.0;33.5;;15;84
2019;Auvergne et Rhône-Alpes;Cantal;00-17 ans;Femmes;0.0;0.0;;15;84
2019;Auvergne et Rhône-Alpes;Cantal;Tous;Femmes;2.5;3.4;3.4;15;84
2019;Auvergne et Rhône-Alpes;Cantal;00-17 ans;Hommes et Femmes;0.0;0.0;;15;84
2019;Auvergne et Rhône-Alpes;Cantal;25-44 ans;Hommes et Femmes;5.0;17.6;;15;84
2019;Auvergne et Rhône-Alpes;Cantal;45-64 ans;Hommes et Femmes;7.5;17.8;;15;84
2019;Auvergne et Rhône-Alpes;Cantal;Tous;Hommes et Femmes;21.0;14.5;13.8;15;84
2020;Auvergne et Rhône-Alpes;Cantal;45-64 ans;Hommes;9.0;42.5;;15;84
2020;Auvergne et Rhône-Alpes;Cantal;Tous;Hommes;22.0;31.2;27.9;15;84
2020;Auvergne et Rhône-Alpes;Cantal;00-17 ans;Hommes et Femmes;0.0;0.0;;15;84
2020;Auvergne et Rhône-Alpes;Cantal;18-24 ans;Hommes et Femmes;0.0;0.0;;15;84
2020;Auvergne et Rhône-Alpes;Cantal;Tous;Hommes et Femmes;31.5;21.8;20.0;15;84
2021;Auvergne et Rhône-Alpes;Cantal;00-17 ans;Hommes;0.0;0.0;;15;84
2021;Auvergne et Rhône-Alpes;Cantal;Tous;Hommes;19.0;26.9;23.5;15;84
2021;Auvergne et Rhône-Alpes;Cantal;00-17 ans;Femmes;0.0;0.0;;15;84
2021;Auvergne et Rhône-Alpes;Cantal;18-24 ans;Femmes;0.0;0.0;;15;84
2021;Auvergne et Rhône-Alpes;Cantal;25-44 ans;Femmes;2.5;18.2;;15;84
2021;Auvergne et Rhône-Alpes;Cantal;65 ans et plus;Femmes;2.5;10.8;;15;84
2021;Auvergne et Rhône-Alpes;Cantal;45-64 ans;Hommes et Femmes;13.0;31.2;;15;84
2022;Auvergne et Rhône-Alpes;Cantal;Tous;Hommes;25.0;35.3;33.2;15;84
2022;Auvergne et Rhône-Alpes;Cantal;65 ans et plus;Femmes;2.5;10.6;;15;84
2022;Auvergne et Rhône-Alpes;Cantal;Tous;Femmes;5.0;6.8;6.4;15;84
2022;Auvergne et Rhône-Alpes;Cantal;00-17 ans;Hommes et Femmes;0.0;0.0;;15;84
2022;Auvergne et Rhône-Alpes;Cantal;45-64 ans;Hommes et Femmes;8.0;19.3;;15;84
2023;Auvergne et Rhône-Alpes;Cantal;00-17 ans;Hommes;2.5;20.5;;15;84
2023;Auvergne et Rhône-Alpes;Cantal;25-44 ans;Femmes;0.0;0.0;;15;84
2019;Nouvelle Aquitaine;Charente;25-44 ans;Hommes;14.0;38.0;;16;75
2019;Nouvelle Aquitaine;Charente;Tous;Hommes;63.5;37.3;33.6;16;75
2019;Nouvelle Aquitaine;Charente;65 ans et plus;Femmes;8.0;16.0;;16;75
2019;Nouvelle Aquitaine;Charente;45-64 ans;Hommes et Femmes;22.0;22.2;;16;75
2020;Nouvelle Aquitaine;Charente;45-64 ans;Hommes;22.0;45.9;;16;75
2020;Nouvelle Aquitaine;Charente;65 ans et plus;Hommes;25.0;63.3;;16;75
2020;Nouvelle Aquitaine;Charente;00-17 ans;Femmes;0.0;0.0;;16;75
2020;Nouvelle Aquitaine;Charente;00-17 ans;Hommes et Femmes;0.0;0.0;;16;75
2020;Nouvelle Aquitaine;Charente;25-44 ans;Hommes et Femmes;18.0;24.5;;16;75
2020;Nouvelle Aquitaine;Charente;65 ans et plus;Hommes et Femmes;33.0;36.6;;16;75
2021;Nouvelle Aquitaine;Charente;00-17 ans;Hommes;0.0;0.0;;16;75
2021;Nouvelle Aquitaine;Charente;18-24 ans;Hommes;0.0;0.0;;16;75
2021;Nouvelle Aquitaine;Charente;25-44 ans;Hommes;10.0;27.4;;16;75
2021;Nouvelle Aquitaine;Charente;45-64 ans;Hommes et Femmes;37.0;38.0;;16;75
2022;Nouvelle Aquitaine;Charente;65 ans et plus;Hommes;13.0;32.0;;16;75
2022;Nouvelle Aquitaine;Charente;00-17 ans;Femmes;0.0;0.0;;16;75
2022;Nouvelle Aquitaine;Charente;25-44 ans;Femmes;2.5;6.8;;16;75
2022;Nouvelle Aquitaine;Charente;Tous;Femmes;9.0;5.0;5.9;16;75
2022;Nouvelle Aquitaine;Charente;00-17 ans;Hommes et Femmes;2.5;3.9;;16;75
2023;Nouvelle Aquitaine;Charente;18-24 ans;Hommes;2.5;19.3;;16;75
2023;Nouvelle Aquitaine;Charente;45-64 ans;Hommes;18.0;38.5;;16;75
2023;Nouvelle Aquitaine;Charente;65 ans et plus;Hommes;28.0;68.1;;16;75
2023;Nouvelle Aquitaine;Charente;00-17 ans;Femmes;0.0;0.0;;16;75
2023;Nouvelle Aquitaine;Charente;25-44 ans;Femmes;2.5;6.8;;16;75
2023;Nouvelle Aquitaine;Charente;18-24 ans;Hommes et Femmes;2.5;10.5;;16;75
2023;Nouvelle Aquitaine;Charente;25-44 ans;Hommes et Femmes;10.5;14.2;;16;75
2023;Nouvelle Aquitaine;Charente;45-64 ans;Hommes et Femmes;24.0;25.1;;16;75
2019;Nouvelle Aquitaine;Charente-Maritime;00-17 ans;Hommes;0.0;0.0;;17;75
2019;Nouvelle Aquitaine;Charente-Maritime;18-24 ans;Hommes;2.5;10.9;;17;75
2019;Nouvelle Aquitaine;Charente-Maritime;45-64 ans;Hommes;51.0;59.7;;17;75
2019;Nouvelle Aquitaine;Charente-Maritime;65 ans et plus;Hommes;37.0;47.1;;17;75
2019;Nouvelle Aquitaine;Charente-Maritime;00-17 ans;Femmes;0.0;0.0;;17;75
2019;Nouvelle Aquitaine;Charente-Maritime;25-44 ans;Femmes;2.5;3.8;;17;75
2019;Nouvelle Aquitaine;Charente-Maritime;00-17 ans;Hommes et Femmes;0.0;0.0;;17;75
2019;Nouvelle Aquitaine;Charente-Maritime;25-44 ans;Hommes et Femmes;20.5;15.7;;17;75
2019;Nouvelle Aquitaine;Charente-Maritime;Tous;Hommes et Femmes;125.0;19.2;18.1;17;75
2020;Nouvelle Aquitaine;Charente-Maritime;18-24 ans;Femmes;0.0;0.0;;17;75
2020;Nouvelle Aquitaine;Charente-Maritime;45-64 ans;Hommes et Femmes;66.0;36.8;;17;75
2020;Nouvelle Aquitaine;Charente-Maritime;Tous;Hommes et Femmes;145.5;22.2;20.2;17;75
2021;Nouvelle Aquitaine;Charente-Maritime;18-24 ans;Hommes;2.5;10.4;;17;75
2021;Nouvelle Aquitaine;Charente-Maritime;00-17 ans;Femmes;0.0;0.0;;17;75
2021;Nouvelle Aquitaine;Charente-Maritime;18-24 ans;Femmes;0.0;0.0;;17;75
2021;Nouvelle Aquitaine;Charente-Maritime;65 ans et plus;Femmes;14.0;13.1;;17;75
2021;Nouvelle Aquitaine;Charente-Maritime;18-24 ans;Hommes et Femmes;2.5;5.7;;17;75
2021;Nouvelle Aquitaine;Charente-Maritime;25-44 ans;Hommes et Femmes;26.0;19.9;;17;75
2022;Nouvelle Aquitaine;Charente-Maritime;25-44 ans;Hommes;26.0;39.8;;17;75
2022;Nouvelle Aquitaine;Charente-Maritime;18-24 ans;Femmes;0.0;0.0;;17;75
2023;Nouvelle Aquitaine;Charente-Maritime;00-17 ans;Hommes;0.0;0.0;;17;75
2023;Nouvelle Aquitaine;Charente-Maritime;25-44 ans;Hommes;24.0;36.4;;17;75
2023;Nouvelle Aquitaine;Charente-Maritime;45-64 ans;Hommes;33.0;38.3;;17;75
2023;Nouvelle Aquitaine;Charente-Maritime;65 ans et plus;Hommes;46.0;53.1;;17;75
2023;Nouvelle Aquitaine;Charente-Maritime;Tous;Femmes;43.0;12.3;11.6;17;75
2023;Nouvelle Aquitaine;Charente-Maritime;00-17 ans;Hommes et Femmes;0.0;0.0;;17;75
2019;Centre-Val de Loire;Cher;00-17 ans;Hommes;0.0;0.0;;18;24
2019;Centre-Val de Loire;Cher;18-24 ans;Hommes;2.5;24.0;;18;24
2019;Centre-Val de Loire;Cher;Tous;Hommes;44.5;30.4;28.9;18;24
2019;Centre-Val de Loire;Cher;00-17 ans;Femmes;0.0;0.0;;18;24
2019;Centre-Val de Loire;Cher;18-24 ans;Femmes;0.0;0.0;;18;24
2019;Centre-Val de Loire;Cher;45-64 ans;Femmes;2.5;5.8;;18;24
2019;Centre-Val de Loire;Cher;Tous;Femmes;7.5;4.8;5.8;18;24
2019;Centre-Val de Loire;Cher;25-44 ans;Hommes et Femmes;11.0;17.6;;18;24
2020;Centre-Val de Loire;Cher;Tous;Hommes;49.5;34.0;31.8;18;24
2020;Centre-Val de Loire;Cher;00-17 ans;Femmes;0.0;0.0;;18;24
2020;Centre-Val de Loire;Cher;Tous;Femmes;14.0;9.0;9.5;18;24
2020;Centre-Val de Loire;Cher;65 ans et plus;Hommes et Femmes;18.5;23.4;;18;24
2020;Centre-Val de Loire;Cher;Tous;Hommes et Femmes;63.5;21.1;20.3;18;24
2021;Centre-Val de Loire;Cher;18-24 ans;Hommes;0.0;0.0;;18;24
2021;Centre-Val de Loire;Cher;Tous;Femmes;11.5;7.5;5.3;18;24
2021;Centre-Val de Loire;Cher;18-24 ans;Hommes et Femmes;0.0;0.0;;18;24
2021;Centre-Val de Loire;Cher;Tous;Hommes et Femmes;51.0;17.0;16.1;18;24
2022;Centre-Val de Loire;Cher;25-44 ans;Hommes;6.0;19.3;;18;24
2022;Centre-Val de Loire;Cher;Tous;Hommes;47.5;32.6;28.4;18;24
2022;Centre-Val de Loire;Cher;25-44 ans;Femmes;2.5;8.1;;18;24
2022;Centre-Val de Loire;Cher;45-64 ans;Femmes;2.5;6.0;;18;24
2022;Centre-Val de Loire;Cher;18-24 ans;Hommes et Femmes;2.5;12.7;;18;24
2022;Centre-Val de Loire;Cher;Tous;Hommes et Femmes;58.5;19.5;18.0;18;24
2023;Centre-Val de Loire;Cher;45-64 ans;Hommes;13.0;33.4;;18;24
2023;Centre-Val de Loire;Cher;65 ans et plus;Hommes;27.0;76.9;;18;24
2023;Centre-Val de Loire;Cher;00-17 ans;Femmes;0.0;0.0;;18;24
2023;Centre-Val de Loire;Cher;25-44 ans;Femmes;2.5;8.1;;18;24
2023;Centre-Val de Loire;Cher;Tous;Femmes;7.0;4.6;4.2;18;24
2023;Centre-Val de Loire;Cher;45-64 ans;Hommes et Femmes;15.5;19.5;;18;24
2019;Nouvelle Aquitaine;Corrèze;18-24 ans;Femmes;0.0;0.0;;19;75
2019;Nouvelle Aquitaine;Corrèze;45-64 ans;Femmes;6.0;17.5;;19;75
2019;Nouvelle Aquitaine;Corrèze;65 ans et plus;Femmes;5.0;13.3;;19;75
2019;Nouvelle Aquitaine;Corrèze;18-24 ans;Hommes et Femmes;0.0;0.0;;19;75
2019;Nouvelle Aquitaine;Corrèze;25-44 ans;Hommes et Femmes;8.5;17.7;;19;75
2019;Nouvelle Aquitaine;Corrèze;45-64 ans;Hommes et Femmes;15.0;22.4;;19;75
2019;Nouvelle Aquitaine;Corrèze;65 ans et plus;Hommes et Femmes;17.0;25.8;;19;75
2020;Nouvelle Aquitaine;Corrèze;25-44 ans;Hommes;8.0;33.4;;19;75
2020;Nouvelle Aquitaine;Corrèze;45-64 ans;Hommes;10.0;30.5;;19;75
2020;Nouvelle Aquitaine;Corrèze;00-17 ans;Femmes;0.0;0.0;;19;75
2021;Nouvelle Aquitaine;Corrèze;25-44 ans;Hommes;13.0;54.1;;19;75
2021;Nouvelle Aquitaine;Corrèze;00-17 ans;Femmes;0.0;0.0;;19;75
2021;Nouvelle Aquitaine;Corrèze;18-24 ans;Femmes;0.0;0.0;;19;75
2021;Nouvelle Aquitaine;Corrèze;25-44 ans;Femmes;2.5;10.6;;19;75
2021;Nouvelle Aquitaine;Corrèze;45-64 ans;Femmes;2.5;7.5;;19;75
2021;Nouvelle Aquitaine;Corrèze;65 ans et plus;Femmes;9.0;23.5;;19;75
2021;Nouvelle Aquitaine;Corrèze;18-24 ans;Hommes et Femmes;0.0;0.0;;19;75
2021;Nouvelle Aquitaine;Corrèze;45-64 ans;Hommes et Femmes;17.5;26.4;;19;75
2021;Nouvelle Aquitaine;Corrèze;65 ans et plus;Hommes et Femmes;31.0;45.9;;19;75
2021;Nouvelle Aquitaine;Corrèze;Tous;Hommes et Femmes;66.0;27.5;26.4;19;75
2022;Nouvelle Aquitaine;Corrèze;00-17 ans;Hommes;0.0;0.0;;19;75
2022;Nouvelle Aquitaine;Corrèze;18-24 ans;Hommes;2.5;28.3;;19;75
2022;Nouvelle Aquitaine;Corrèze;45-64 ans;Hommes;13.0;40.1;;19;75
2022;Nouvelle Aquitaine;Corrèze;65 ans et plus;Hommes;15.0;50.4;;19;75
2022;Nouvelle Aquitaine;Corrèze;25-44 ans;Femmes;2.5;10.4;;19;75
2022;Nouvelle Aquitaine;Corrèze;00-17 ans;Hommes et Femmes;0.0;0.0;;19;75
2022;Nouvelle Aquitaine;Corrèze;25-44 ans;Hommes et Femmes;7.5;15.5;;19;75
2023;Nouvelle Aquitaine;Corrèze;18-24 ans;Hommes;2.5;28.5;;19;75
2023;Nouvelle Aquitaine;Corrèze;25-44 ans;Hommes;8.0;32.4;;19;75
2023;Nouvelle Aquitaine;Corrèze;Tous;Hommes;35.5;30.3;29.4;19;75
2023;Nouvelle Aquitaine;Corrèze;00-17 ans;Femmes;0.0;0.0;;19;75
2023;Nouvelle Aquitaine;Corrèze;25-44 ans;Femmes;2.5;10.4;;19;75
2023;Nouvelle Aquitaine;Corrèze;45-64 ans;Femmes;2.5;7.6;;19;75
2023;Nouvelle Aquitaine;Corrèze;00-17 ans;Hommes et Femmes;0.0;0.0;;19;75
2019;Bourgogne et Franche-Comté;Côte-d'Or;65 ans et plus;Hommes;11.0;22.7;;21;27
2019;Bourgogne et Franche-Comté;Côte-d'Or;25-44 ans;Femmes;2.5;4.0;;21;27
2019;Bourgogne et Franche-Comté;Côte-d'Or;Tous;Femmes;9.0;3.3;3.3;21;27
2020;Bourgogne et Franche-Comté;Côte-d'Or;65 ans et plus;Hommes;14.0;28.3;;21;27
2020;Bourgogne et Franche-Comté;Côte-d'Or;Tous;Hommes;39.5;15.3;15.3;21;27
2020;Bourgogne et Franche-Comté;Côte-d'Or;65 ans et plus;Femmes;7.0;10.8;;21;27
2020;Bourgogne et Franche-Comté;Côte-d'Or;Tous;Femmes;14.5;5.2;5.8;21;27
2020;Bourgogne et Franche-Comté;Côte-d'Or;65 ans et plus;Hommes et Femmes;21.0;18.3;;21;27
2021;Bourgogne et Franche-Comté;Côte-d'Or;00-17 ans;Hommes;0.0;0.0;;21;27
2021;Bourgogne et Franche-Comté;Côte-d'Or;18-24 ans;Hommes;0.0;0.0;;21;27
2021;Bourgogne et Franche-Comté;Côte-d'Or;25-44 ans;Hommes;2.5;4.0;;21;27
2021;Bourgogne et Franche-Comté;Côte-d'Or;45-64 ans;Hommes;21.0;31.5;;21;27
2021;Bourgogne et Franche-Comté;Côte-d'Or;Tous;Hommes;35.5;13.7;13.8;21;27
2021;Bourgogne et Franche-Comté;Côte-d'Or;00-17 ans;Femmes;0.0;0.0;;21;27
2021;Bourgogne et Franche-Comté;Côte-d'Or;Tous;Femmes;7.0;2.5;2.5;21;27
2021;Bourgogne et Franche-Comté;Côte-d'Or;18-24 ans;Hommes et Femmes;0.0;0.0;;21;27
2022;Bourgogne et Franche-Comté;Côte-d'Or;25-44 ans;Hommes;9.0;14.2;;21;27
2022;Bourgogne et Franche-Comté;Côte-d'Or;18-24 ans;Femmes;0.0;0.0;;21;27
2022;Bourgogne et Franche-Comté;Côte-d'Or;Tous;Femmes;10.0;3.6;3.6;21;27
2022;Bourgogne et Franche-Comté;Côte-d'Or;25-44 ans;Hommes et Femmes;11.5;9.0;;21;27
2022;Bourgogne et Franche-Comté;Côte-d'Or;45-64 ans;Hommes et Femmes;18.5;13.6;;21;27
2022;Bourgogne et Franche-Comté;Côte-d'Or;65 ans et plus;Hommes et Femmes;23.5;20.0;;21;27
2023;Bourgogne et Franche-Comté;Côte-d'Or;18-24 ans;Hommes;2.5;9.7;;21;27
2023;Bourgogne et Franche-Comté;Côte-d'Or;25-44 ans;Hommes;11.0;17.1;;21;27
2023;Bourgogne et Franche-Comté;Côte-d'Or;45-64 ans;Hommes;26.0;39.6;;21;27
2023;Bourgogne et Franche-Comté;Côte-d'Or;65 ans et plus;Hommes;22.0;42.4;;21;27
2023;Bourgogne et Franche-Comté;Côte-d'Or;25-44 ans;Hommes et Femmes;16.0;12.5;;21;27
2019;Bretagne;Côtes-d'Armor;00-17 ans;Hommes;0.0;0.0;;22;53
2019;Bretagne;Côtes-d'Armor;25-44 ans;Hommes;27.0;45.5;;22;53
2019;Bretagne;Côtes-d'Armor;Tous;Hommes;126.5;43.6;41.3;22;53
2019;Bretagne;Côtes-d'Armor;00-17 ans;Femmes;0.0;0.0;;22;53
2019;Bretagne;Côtes-d'Armor;Tous;Femmes;21.5;6.9;5.8;22;53
2019;Bretagne;Côtes-d'Armor;25-44 ans;Hommes et Femmes;29.5;24.7;;22;53
2020;Bretagne;Côtes-d'Armor;45-64 ans;Hommes;41.0;50.6;;22;53
2020;Bretagne;Côtes-d'Armor;65 ans et plus;Hommes;42.0;61.2;;22;53
2020;Bretagne;Côtes-d'Armor;Tous;Hommes;100.5;34.5;32.1;22;53
2020;Bretagne;Côtes-d'Armor;00-17 ans;Femmes;0.0;0.0;;22;53
2020;Bretagne;Côtes-d'Armor;18-24 ans;Femmes;0.0;0.0;;22;53
2020;Bretagne;Côtes-d'Armor;Tous;Femmes;31.5;10.1;10.2;22;53
2020;Bretagne;Côtes-d'Armor;00-17 ans;Hommes et Femmes;0.0;0.0;;22;53
2021;Bretagne;Côtes-d'Armor;25-44 ans;Femmes;9.0;14.9;;22;53
2021;Bretagne;Côtes-d'Armor;45-64 ans;Femmes;16.0;19.3;;22;53
2021;Bretagne;Côtes-d'Armor;65 ans et plus;Hommes et Femmes;57.0;35.1;;22;53
2021;Bretagne;Côtes-d'Armor;Tous;Hommes et Femmes;181.5;30.0;28.7;22;53
2022;Bretagne;Côtes-d'Armor;00-17 ans;Hommes;2.5;4.1;;22;53
2022;Bretagne;Côtes-d'Armor;18-24 ans;Hommes;2.5;11.9;;22;53
2022;Bretagne;Côtes-d'Armor;25-44 ans;Hommes;24.0;40.0;;22;53
2022;Bretagne;Côtes-d'Armor;45-64 ans;Hommes;47.0;58.0;;22;53
2022;Bretagne;Côtes-d'Armor;18-24 ans;Femmes;0.0;0.0;;22;53
2022;Bretagne;Côtes-d'Armor;45-64 ans;Femmes;25.0;29.9;;22;53
2022;Bretagne;Côtes-d'Armor;45-64 ans;Hommes et Femmes;72.0;43.8;;22;53
2023;Bretagne;Côtes-d'Armor;00-17 ans;Hommes;0.0;0.0;;22;53
2023;Bretagne;Côtes-d'Armor;25-44 ans;Hommes;41.0;68.0;;22;53
2023;Bretagne;Côtes-d'Armor;25-44 ans;Femmes;2.5;4.1;;22;53
2023;Bretagne;Côtes-d'Armor;45-64 ans;Femmes;10.0;12.0;;22;53
2023;Bretagne;Côtes-d'Armor;Tous;Femmes;29.0;9.2;8.2;22;53
2023;Bretagne;Côtes-d'Armor;00-17 ans;Hommes et Femmes;2.5;2.1;;22;53
2023;Bretagne;Côtes-d'Armor;18-24 ans;Hommes et Femmes;2.5;6.3;;22;53
2023;Bretagne;Côtes-d'Armor;25-44 ans;Hommes et Femmes;43.5;35.9;;22;53
2023;Bretagne;Côtes-d'Armor;45-64 ans;Hommes et Femmes;50.0;30.5;;22;53
2023;Bretagne;Côtes-d'Armor;65 ans et plus;Hommes et Femmes;56.0;33.5;;22;53
2023;Bretagne;Côtes-d'Armor;Tous;Hommes et Femmes;154.5;25.3;24.1;22;53
2019;Nouvelle Aquitaine;Creuse;18-24 ans;Hommes;0.0;0.0;;23;75
2019;Nouvelle Aquitaine;Creuse;25-44 ans;Hommes;8.0;74.8;;23;75
2019;Nouvelle Aquitaine;Creuse;65 ans et plus;Hommes;15.0;96.6;;23;75
2019;Nouvelle Aquitaine;Creuse;25-44 ans;Femmes;0.0;0.0;;23;75
2019;Nouvelle Aquitaine;Creuse;45-64 ans;Hommes et Femmes;7.5;21.8;;23;75
2020;Nouvelle Aquitaine;Creuse;00-17 ans;Hommes;0.0;0.0;;23;75
2020;Nouvelle Aquitaine;Creuse;65 ans et plus;Hommes;13.0;82.7;;23;75
2020;Nouvelle Aquitaine;Creuse;Tous;Hommes;33.0;58.5;53.1;23;75
2020;Nouvelle Aquitaine;Creuse;65 ans et plus;Femmes;2.5;12.5;;23;75
2020;Nouvelle Aquitaine;Creuse;25-44 ans;Hommes et Femmes;8.5;40.7;;23;75
2020;Nouvelle Aquitaine;Creuse;65 ans et plus;Hommes et Femmes;15.5;43.5;;23;75
2021;Nouvelle Aquitaine;Creuse;Tous;Hommes;15.0;26.6;21.4;23;75
2021;Nouvelle Aquitaine;Creuse;18-24 ans;Femmes;0.0;0.0;;23;75
2021;Nouvelle Aquitaine;Creuse;25-44 ans;Femmes;2.5;24.4;;23;75
2022;Nouvelle Aquitaine;Creuse;18-24 ans;Hommes;0.0;0.0;;23;75
2022;Nouvelle Aquitaine;Creuse;45-64 ans;Hommes;11.0;66.7;;23;75
2022;Nouvelle Aquitaine;Creuse;00-17 ans;Femmes;0.0;0.0;;23;75
2022;Nouvelle Aquitaine;Creuse;18-24 ans;Femmes;0.0;0.0;;23;75
2022;Nouvelle Aquitaine;Creuse;45-64 ans;Femmes;2.5;15.0;;23;75
2022;Nouvelle Aquitaine;Creuse;18-24 ans;Hommes et Femmes;0.0;0.0;;23;75
2022;Nouvelle Aquitaine;Creuse;65 ans et plus;Hommes et Femmes;13.0;35.8;;23;75
2023;Nouvelle Aquitaine;Creuse;Tous;Hommes;17.5;31.2;32.5;23;75
2023;Nouvelle Aquitaine;Creuse;00-17 ans;Femmes;0.0;0.0;;23;75
2023;Nouvelle Aquitaine;Creuse;25-44 ans;Femmes;2.5;24.2;;23;75
2023;Nouvelle Aquitaine;Creuse;45-64 ans;Femmes;2.5;15.3;;23;75
2023;Nouvelle Aquitaine;Creuse;65 ans et plus;Femmes;2.5;12.4;;23;75
2023;Nouvelle Aquitaine;Creuse;Tous;Femmes;9.0;15.3;14.3;23;75
2023;Nouvelle Aquitaine;Creuse;25-44 ans;Hommes et Femmes;6.0;28.4;;23;75
2019;Nouvelle Aquitaine;Dordogne;00-17 ans;Hommes;2.5;6.8;;24;75
2019;Nouvelle Aquitaine;Dordogne;Tous;Hommes;80.0;40.2;35.6;24;75
2019;Nouvelle Aquitaine;Dordogne;18-24 ans;Femmes;0.0;0.0;;24;75
2019;Nouvelle Aquitaine;Dordogne;18-24 ans;Hommes et Femmes;2.5;10.5;;24;75
2019;Nouvelle Aquitaine;Dordogne;45-64 ans;Hommes et Femmes;32.0;26.9;;24;75
2019;Nouvelle Aquitaine;Dordogne;Tous;Hommes et Femmes;97.0;23.5;20.9;24;75
2020;Nouvelle Aquitaine;Dordogne;18-24 ans;Hommes;0.0;0.0;;24;75
2020;Nouvelle Aquitaine;Dordogne;18-24 ans;Femmes;0.0;0.0;;24;75
2020;Nouvelle Aquitaine;Dordogne;18-24 ans;Hommes et Femmes;0.0;0.0;;24;75
2020;Nouvelle Aquitaine;Dordogne;25-44 ans;Hommes et Femmes;10.5;13.5;;24;75
2020;Nouvelle Aquitaine;Dordogne;45-64 ans;Hommes et Femmes;38.0;32.0;;24;75
2021;Nouvelle Aquitaine;Dordogne;Tous;Hommes;61.5;30.8;26.4;24;75
2021;Nouvelle Aquitaine;Dordogne;00-17 ans;Femmes;0.0;0.0;;24;75
2021;Nouvelle Aquitaine;Dordogne;18-24 ans;Femmes;0.0;0.0;;24;75
2021;Nouvelle Aquitaine;Dordogne;65 ans et plus;Femmes;10.0;14.5;;24;75
2021;Nouvelle Aquitaine;Dordogne;Tous;Femmes;18.5;8.6;7.1;24;75
2021;Nouvelle Aquitaine;Dordogne;18-24 ans;Hommes et Femmes;2.5;10.4;;24;75
2021;Nouvelle Aquitaine;Dordogne;25-44 ans;Hommes et Femmes;14.5;18.7;;24;75
2021;Nouvelle Aquitaine;Dordogne;45-64 ans;Hommes et Femmes;24.0;20.3;;24;75
2021;Nouvelle Aquitaine;Dordogne;Tous;Hommes et Femmes;78.0;18.9;16.5;24;75
2022;Nouvelle Aquitaine;Dordogne;25-44 ans;Femmes;2.5;6.3;;24;75
2022;Nouvelle Aquitaine;Dordogne;45-64 ans;Femmes;8.0;13.1;;24;75
2022;Nouvelle Aquitaine;Dordogne;65 ans et plus;Femmes;10.0;14.4;;24;75
2022;Nouvelle Aquitaine;Dordogne;Tous;Femmes;20.5;9.5;7.3;24;75
2022;Nouvelle Aquitaine;Dordogne;00-17 ans;Hommes et Femmes;0.0;0.0;;24;75
2022;Nouvelle Aquitaine;Dordogne;Tous;Hommes et Femmes;83.0;19.9;16.5;24;75
2023;Nouvelle Aquitaine;Dordogne;18-24 ans;Hommes;2.5;20.0;;24;75
2023;Nouvelle Aquitaine;Dordogne;65 ans et plus;Hommes;31.0;55.0;;24;75
2023;Nouvelle Aquitaine;Dordogne;Tous;Hommes;69.0;34.3;31.1;24;75
2023;Nouvelle Aquitaine;Dordogne;25-44 ans;Femmes;2.5;6.3;;24;75
2023;Nouvelle Aquitaine;Dordogne;65 ans et plus;Femmes;10.0;14.2;;24;75
2023;Nouvelle Aquitaine;Dordogne;25-44 ans;Hommes et Femmes;17.5;22.1;;24;75
2023;Nouvelle Aquitaine;Dordogne;65 ans et plus;Hommes et Femmes;41.0;32.4;;24;75
2019;Bourgogne et Franche-Comté;Doubs;00-17 ans;Hommes;2.5;4.1;;25;27
2019;Bourgogne et Franche-Comté;Doubs;00-17 ans;Femmes;0.0;0.0;;25;27
2019;Bourgogne et Franche-Comté;Doubs;00-17 ans;Hommes et Femmes;2.5;2.1;;25;27
2019;Bourgogne et Franche-Comté;Doubs;25-44 ans;Hommes et Femmes;18.0;13.6;;25;27
2019;Bourgogne et Franche-Comté;Doubs;45-64 ans;Hommes et Femmes;40.0;29.3;;25;27
2020;Bourgogne et Franche-Comté;Doubs;Tous;Hommes;68.5;25.7;25.4;25;27
2020;Bourgogne et Franche-Comté;Doubs;25-44 ans;Femmes;2.5;3.8;;25;27
2020;Bourgogne et Franche-Comté;Doubs;65 ans et plus;Femmes;5.0;8.2;;25;27
2020;Bourgogne et Franche-Comté;Doubs;45-64 ans;Hommes et Femmes;33.0;24.2;;25;27
2020;Bourgogne et Franche-Comté;Doubs;65 ans et plus;Hommes et Femmes;17.0;15.6;;25;27
2021;Bourgogne et Franche-Comté;Doubs;45-64 ans;Hommes;21.0;31.2;;25;27
2021;Bourgogne et Franche-Comté;Doubs;25-44 ans;Femmes;5.0;7.6;;25;27
2021;Bourgogne et Franche-Comté;Doubs;00-17 ans;Hommes et Femmes;2.5;2.1;;25;27
2021;Bourgogne et Franche-Comté;Doubs;25-44 ans;Hommes et Femmes;29.0;21.9;;25;27
2021;Bourgogne et Franche-Comté;Doubs;Tous;Hommes et Femmes;95.0;17.4;17.6;25;27
2022;Bourgogne et Franche-Comté;Doubs;00-17 ans;Hommes;2.5;4.1;;25;27
2022;Bourgogne et Franche-Comté;Doubs;25-44 ans;Hommes;17.0;25.5;;25;27
2022;Bourgogne et Franche-Comté;Doubs;65 ans et plus;Hommes;12.0;24.6;;25;27
2022;Bourgogne et Franche-Comté;Doubs;45-64 ans;Femmes;15.0;21.8;;25;27
2022;Bourgogne et Franche-Comté;Doubs;65 ans et plus;Femmes;2.5;4.0;;25;27
2022;Bourgogne et Franche-Comté;Doubs;Tous;Femmes;27.0;9.6;9.8;25;27
2022;Bourgogne et Franche-Comté;Doubs;45-64 ans;Hommes et Femmes;41.0;30.2;;25;27
2023;Bourgogne et Franche-Comté;Doubs;65 ans et plus;Femmes;6.0;9.4;;25;27
2023;Bourgogne et Franche-Comté;Doubs;Tous;Femmes;23.5;8.4;8.0;25;27
2019;Auvergne et Rhône-Alpes;Drôme;00-17 ans;Hommes;0.0;0.0;;26;84
2019;Auvergne et Rhône-Alpes;Drôme;18-24 ans;Hommes;2.5;13.6;;26;84
2019;Auvergne et Rhône-Alpes;Drôme;65 ans et plus;Hommes;9.0;18.2;;26;84
2019;Auvergne et Rhône-Alpes;Drôme;25-44 ans;Femmes;2.5;4.2;;26;84
2019;Auvergne et Rhône-Alpes;Drôme;25-44 ans;Hommes et Femmes;8.5;7.3;;26;84
2020;Auvergne et Rhône-Alpes;Drôme;25-44 ans;Hommes;13.0;22.9;;26;84
2020;Auvergne et Rhône-Alpes;Drôme;45-64 ans;Hommes;20.0;29.9;;26;84
2020;Auvergne et Rhône-Alpes;Drôme;65 ans et plus;Hommes;16.0;31.6;;26;84
2020;Auvergne et Rhône-Alpes;Drôme;Tous;Hommes;51.0;20.3;20.1;26;84
2020;Auvergne et Rhône-Alpes;Drôme;00-17 ans;Femmes;0.0;0.0;;26;84
2020;Auvergne et Rhône-Alpes;Drôme;65 ans et plus;Femmes;5.0;7.7;;26;84
2020;Auvergne et Rhône-Alpes;Drôme;18-24 ans;Hommes et Femmes;2.5;7.0;;26;84
2020;Auvergne et Rhône-Alpes;Drôme;65 ans et plus;Hommes et Femmes;21.0;18.1;;26;84
2021;Auvergne et Rhône-Alpes;Drôme;18-24 ans;Hommes;2.5;13.2;;26;84
2021;Auvergne et Rhône-Alpes;Drôme;65 ans et plus;Hommes;15.0;29.2;;26;84
2021;Auvergne et Rhône-Alpes;Drôme;25-44 ans;Femmes;2.5;4.2;;26;84
2021;Auvergne et Rhône-Alpes;Drôme;Tous;Femmes;17.5;6.5;8.3;26;84
2021;Auvergne et Rhône-Alpes;Drôme;25-44 ans;Hommes et Femmes;18.5;15.7;;26;84
2021;Auvergne et Rhône-Alpes;Drôme;65 ans et plus;Hommes et Femmes;22.0;18.8;;26;84
2022;Auvergne et Rhône-Alpes;Drôme;00-17 ans;Hommes;0.0;0.0;;26;84
2022;Auvergne et Rhône-Alpes;Drôme;65 ans et plus;Hommes;16.0;30.6;;26;84
2022;Auvergne et Rhône-Alpes;Drôme;18-24 ans;Femmes;2.5;15.5;;26;84
2022;Auvergne et Rhône-Alpes;Drôme;45-64 ans;Hommes et Femmes;28.0;20.5;;26;84
2023;Auvergne et Rhône-Alpes;Drôme;00-17 ans;Hommes;2.5;4.4;;26;84
2023;Auvergne et Rhône-Alpes;Drôme;18-24 ans;Hommes;2.5;13.2;;26;84
2023;Auvergne et Rhône-Alpes;Drôme;65 ans et plus;Hommes;15.0;28.3;;26;84
2023;Auvergne et Rhône-Alpes;Drôme;00-17 ans;Femmes;0.0;0.0;;26;84
2023;Auvergne et Rhône-Alpes;Drôme;45-64 ans;Femmes;2.5;3.6;;26;84
2023;Auvergne et Rhône-Alpes;Drôme;18-24 ans;Hommes et Femmes;2.5;7.1;;26;84
2023;Auvergne et Rhône-Alpes;Drôme;25-44 ans;Hommes et Femmes;13.5;11.3;;26;84
2019;Normandie;Eure;45-64 ans;Hommes;24.0;30.1;;27;28
2019;Normandie;Eure;45-64 ans;Femmes;6.0;7.3;;27;28
2019;Normandie;Eure;18-24 ans;Hommes et Femmes;2.5;6.0;;27;28
2019;Normandie;Eure;65 ans et plus;Hommes et Femmes;24.0;20.6;;27;28
2020;Normandie;Eure;00-17 ans;Hommes;0.0;0.0;;27;28
2020;Normandie;Eure;18-24 ans;Hommes;2.5;11.4;;27;28
2020;Normandie;Eure;Tous;Hommes;88.5;30.3;31.0;27;28
2020;Normandie;Eure;00-17 ans;Femmes;0.0;0.0;;27;28
2020;Normandie;Eure;25-44 ans;Femmes;2.5;3.5;;27;28
2020;Normandie;Eure;45-64 ans;Femmes;10.0;12.2;;27;28
2020;Normandie;Eure;65 ans et plus;Femmes;2.5;3.8;;27;28
2020;Normandie;Eure;00-17 ans;Hommes et Femmes;0.0;0.0;;27;28
2020;Normandie;Eure;18-24 ans;Hommes et Femmes;2.5;6.0;;27;28
2021;Normandie;Eure;00-17 ans;Hommes;0.0;0.0;;27;28
2021;Normandie;Eure;18-24 ans;Hommes;0.0;0.0;;27;28
2021;Normandie;Eure;65 ans et plus;Hommes;30.0;56.9;;27;28
2021;Normandie;Eure;Tous;Femmes;17.0;5.5;6.7;27;28
2021;Normandie;Eure;00-17 ans;Hommes et Femmes;0.0;0.0;;27;28
2021;Normandie;Eure;25-44 ans;Hommes et Femmes;9.5;6.8;;27;28
2021;Normandie;Eure;45-64 ans;Hommes et Femmes;40.0;25.0;;27;28
2021;Normandie;Eure;Tous;Hommes et Femmes;84.0;14.0;14.8;27;28
2022;Normandie;Eure;00-17 ans;Femmes;0.0;0.0;;27;28
2022;Normandie;Eure;18-24 ans;Femmes;0.0;0.0;;27;28
2022;Normandie;Eure;00-17 ans;Hommes et Femmes;0.0;0.0;;27;28
2022;Normandie;Eure;18-24 ans;Hommes et Femmes;2.5;6.0;;27;28
2022;Normandie;Eure;65 ans et plus;Hommes et Femmes;38.0;30.9;;27;28
2022;Normandie;Eure;Tous;Hommes et Femmes;97.0;16.1;16.4;27;28
2023;Normandie;Eure;00-17 ans;Hommes;2.5;3.6;;27;28
2023;Normandie;Eure;00-17 ans;Femmes;0.0;0.0;;27;28
2023;Normandie;Eure;00-17 ans;Hommes et Femmes;2.5;1.8;;27;28
2023;Normandie;Eure;25-44 ans;Hommes et Femmes;17.5;12.5;;27;28
2023;Normandie;Eure;Tous;Hommes et Femmes;76.0;12.6;12.9;27;28
2019;Centre-Val de Loire;Eure-et-Loir;00-17 ans;Hommes;0.0;0.0;;28;24
2019;Centre-Val de Loire;Eure-et-Loir;45-64 ans;Hommes;13.0;22.9;;28;24
2019;Centre-Val de Loire;Eure-et-Loir;Tous;Hommes;49.5;23.5;23.1;28;24
2019;Centre-Val de Loire;Eure-et-Loir;25-44 ans;Femmes;2.5;5.0;;28;24
2019;Centre-Val de Loire;Eure-et-Loir;00-17 ans;Hommes et Femmes;2.5;2.5;;28;24
2019;Centre-Val de Loire;Eure-et-Loir;25-44 ans;Hommes et Femmes;14.5;14.6;;28;24
2019;Centre-Val de Loire;Eure-et-Loir;45-64 ans;Hommes et Femmes;21.0;18.2;;28;24
2020;Centre-Val de Loire;Eure-et-Loir;00-17 ans;Hommes;0.0;0.0;;28;24
2020;Centre-Val de Loire;Eure-et-Loir;25-44 ans;Hommes;10.0;20.6;;28;24
2020;Centre-Val de Loire;Eure-et-Loir;45-64 ans;Hommes;16.0;28.2;;28;24
2020;Centre-Val de Loire;Eure-et-Loir;25-44 ans;Femmes;2.5;5.0;;28;24
2020;Centre-Val de Loire;Eure-et-Loir;45-64 ans;Femmes;6.0;10.3;;28;24
2020;Centre-Val de Loire;Eure-et-Loir;45-64 ans;Hommes et Femmes;22.0;19.2;;28;24
2021;Centre-Val de Loire;Eure-et-Loir;25-44 ans;Hommes;5.0;10.3;;28;24
2021;Centre-Val de Loire;Eure-et-Loir;45-64 ans;Hommes;15.0;26.6;;28;24
2021;Centre-Val de Loire;Eure-et-Loir;18-24 ans;Femmes;0.0;0.0;;28;24
2021;Centre-Val de Loire;Eure-et-Loir;Tous;Hommes et Femmes;46.0;10.7;10.8;28;24
2022;Centre-Val de Loire;Eure-et-Loir;65 ans et plus;Hommes;12.0;29.3;;28;24
2022;Centre-Val de Loire;Eure-et-Loir;45-64 ans;Femmes;8.0;13.8;;28;24
2022;Centre-Val de Loire;Eure-et-Loir;Tous;Femmes;17.5;7.9;9.6;28;24
2022;Centre-Val de Loire;Eure-et-Loir;00-17 ans;Hommes et Femmes;0.0;0.0;;28;24
2022;Centre-Val de Loire;Eure-et-Loir;45-64 ans;Hommes et Femmes;25.0;21.8;;28;24
2022;Centre-Val de Loire;Eure-et-Loir;65 ans et plus;Hommes et Femmes;19.0;20.5;;28;24
2023;Centre-Val de Loire;Eure-et-Loir;25-44 ans;Femmes;2.5;5.0;;28;24
2023;Centre-Val de Loire;Eure-et-Loir;45-64 ans;Femmes;2.5;4.3;;28;24
2023;Centre-Val de Loire;Eure-et-Loir;Tous;Femmes;15.0;6.8;7.3;28;24
2023;Centre-Val de Loire;Eure-et-Loir;18-24 ans;Hommes et Femmes;0.0;0.0;;28;24
2023;Centre-Val de Loire;Eure-et-Loir;45-64 ans;Hommes et Femmes;24.5;21.5;;28;24
2023;Centre-Val de Loire;Eure-et-Loir;Tous;Hommes et Femmes;56.5;13.0;13.0;28;24
2019;Bretagne;Finistère;00-17 ans;Hommes;2.5;2.7;;29;53
2019;Bretagne;Finistère;65 ans et plus;Femmes;16.0;12.9;;29;53
2019;Bretagne;Finistère;18-24 ans;Hommes et Femmes;6.0;8.5;;29;53
2019;Bretagne;Finistère;25-44 ans;Hommes et Femmes;48.5;24.4;;29;53
2020;Bretagne;Finistère;65 ans et plus;Hommes;33.0;36.0;;29;53
2020;Bretagne;Finistère;Tous;Hommes;127.5;28.6;28.5;29;53
2020;Bretagne;Finistère;18-24 ans;Femmes;2.5;7.5;;29;53
2020;Bretagne;Finistère;25-44 ans;Femmes;8.0;8.2;;29;53
2020;Bretagne;Finistère;65 ans et plus;Femmes;14.0;11.1;;29;53
2020;Bretagne;Finistère;Tous;Femmes;50.0;10.6;10.3;29;53
2020;Bretagne;Finistère;65 ans et plus;Hommes et Femmes;47.0;21.6;;29;53
2021;Bretagne;Finistère;45-64 ans;Hommes;48.0;38.6;;29;53
2021;Bretagne;Finistère;18-24 ans;Femmes;2.5;7.5;;29;53
2021;Bretagne;Finistère;Tous;Femmes;42.0;8.9;8.6;29;53
2021;Bretagne;Finistère;00-17 ans;Hommes et Femmes;2.5;1.4;;29;53
2021;Bretagne;Finistère;Tous;Hommes et Femmes;168.5;18.3;17.6;29;53
2022;Bretagne;Finistère;18-24 ans;Hommes;2.5;6.8;;29;53
2022;Bretagne;Finistère;25-44 ans;Hommes;40.0;38.9;;29;53
2022;Bretagne;Finistère;65 ans et plus;Hommes;48.0;49.8;;29;53
2022;Bretagne;Finistère;Tous;Hommes;153.0;33.8;32.6;29;53
2022;Bretagne;Finistère;00-17 ans;Femmes;0.0;0.0;;29;53
2022;Bretagne;Finistère;65 ans et plus;Femmes;16.0;12.3;;29;53
2022;Bretagne;Finistère;Tous;Femmes;45.0;9.5;10.0;29;53
2022;Bretagne;Finistère;18-24 ans;Hommes et Femmes;2.5;3.6;;29;53
2022;Bretagne;Finistère;25-44 ans;Hommes et Femmes;50.0;24.6;;29;53
2022;Bretagne;Finistère;45-64 ans;Hommes et Femmes;79.0;31.7;;29;53
2022;Bretagne;Finistère;65 ans et plus;Hommes et Femmes;64.0;28.3;;29;53
2023;Bretagne;Finistère;00-17 ans;Hommes;0.0;0.0;;29;53
2023;Bretagne;Finistère;25-44 ans;Hommes;38.0;36.8;;29;53
2023;Bretagne;Finistère;45-64 ans;Hommes;61.0;49.4;;29;53
2023;Bretagne;Finistère;65 ans et plus;Femmes;19.0;14.4;;29;53
2023;Bretagne;Finistère;Tous;Femmes;46.5;9.8;9.0;29;53
2023;Bretagne;Finistère;00-17 ans;Hommes et Femmes;0.0;0.0;;29;53
2023;Bretagne;Finistère;65 ans et plus;Hommes et Femmes;74.0;32.1;;29;53
2023;Bretagne;Finistère;Tous;Hommes et Femmes;205.5;22.1;20.8;29;53
2019;Corse;Corse-du-Sud;00-17 ans;Hommes;0.0;0.0;;2A;94
2019;Corse;Corse-du-Sud;25-44 ans;Hommes;0.0;0.0;;2A;94
2019;Corse;Corse-du-Sud;18-24 ans;Femmes;2.5;57.2;;2A;94
2019;Corse;Corse-du-Sud;25-44 ans;Femmes;2.5;12.5;;2A;94
2019;Corse;Corse-du-Sud;00-17 ans;Hommes et Femmes;0.0;0.0;;2A;94
2019;Corse;Corse-du-Sud;45-64 ans;Hommes et Femmes;7.0;16.0;;2A;94
2019;Corse;Corse-du-Sud;65 ans et plus;Hommes et Femmes;5.0;13.1;;2A;94
2020;Corse;Corse-du-Sud;18-24 ans;Femmes;0.0;0.0;;2A;94
2020;Corse;Corse-du-Sud;45-64 ans;Femmes;2.5;11.1;;2A;94
2020;Corse;Corse-du-Sud;Tous;Femmes;2.5;3.0;4.6;2A;94
2020;Corse;Corse-du-Sud;00-17 ans;Hommes et Femmes;0.0;0.0;;2A;94
2021;Corse;Corse-du-Sud;25-44 ans;Hommes;2.5;13.5;;2A;94
2021;Corse;Corse-du-Sud;45-64 ans;Hommes;11.0;50.5;;2A;94
2021;Corse;Corse-du-Sud;00-17 ans;Femmes;0.0;0.0;;2A;94
2021;Corse;Corse-du-Sud;45-64 ans;Femmes;2.5;11.1;;2A;94
2021;Corse;Corse-du-Sud;Tous;Femmes;5.0;5.9;5.5;2A;94
2022;Corse;Corse-du-Sud;25-44 ans;Hommes;2.5;13.1;;2A;94
2022;Corse;Corse-du-Sud;45-64 ans;Hommes;6.0;27.3;;2A;94
2022;Corse;Corse-du-Sud;Tous;Hommes;12.0;15.0;13.7;2A;94
2022;Corse;Corse-du-Sud;45-64 ans;Femmes;2.5;11.1;;2A;94
2022;Corse;Corse-du-Sud;18-24 ans;Hommes et Femmes;0.0;0.0;;2A;94
2022;Corse;Corse-du-Sud;45-64 ans;Hommes et Femmes;8.5;19.1;;2A;94
2023;Corse;Corse-du-Sud;00-17 ans;Hommes;0.0;0.0;;2A;94
2023;Corse;Corse-du-Sud;18-24 ans;Femmes;0.0;0.0;;2A;94
2023;Corse;Corse-du-Sud;65 ans et plus;Femmes;2.5;10.9;;2A;94
2023;Corse;Corse-du-Sud;00-17 ans;Hommes et Femmes;0.0;0.0;;2A;94
2019;Corse;Haute-Corse;00-17 ans;Femmes;0.0;0.0;;2B;94
2019;Corse;Haute-Corse;45-64 ans;Hommes et Femmes;2.5;5.1;;2B;94
2020;Corse;Haute-Corse;18-24 ans;Hommes;0.0;0.0;;2B;94
2020;Corse;Haute-Corse;65 ans et plus;Hommes;9.0;45.8;;2B;94
2020;Corse;Haute-Corse;Tous;Hommes;24.0;26.9;25.1;2B;94
2020;Corse;Haute-Corse;25-44 ans;Femmes;0.0;0.0;;2B;94
2020;Corse;Haute-Corse;00-17 ans;Hommes et Femmes;0.0;0.0;;2B;94
2020;Corse;Haute-Corse;25-44 ans;Hommes et Femmes;6.0;13.7;;2B;94
2020;Corse;Haute-Corse;45-64 ans;Hommes et Femmes;9.0;18.2;;2B;94
2020;Corse;Haute-Corse;Tous;Hommes et Femmes;26.5;14.5;13.2;2B;94
2021;Corse;Haute-Corse;18-24 ans;Hommes;0.0;0.0;;2B;94
2021;Corse;Haute-Corse;25-44 ans;Hommes;2.5;11.6;;2B;94
2021;Corse;Haute-Corse;45-64 ans;Hommes;2.5;10.2;;2B;94
2021;Corse;Haute-Corse;65 ans et plus;Hommes;2.5;12.4;;2B;94
2021;Corse;Haute-Corse;25-44 ans;Femmes;2.5;11.2;;2B;94
2021;Corse;Haute-Corse;45-64 ans;Femmes;2.5;9.8;;2B;94
2021;Corse;Haute-Corse;65 ans et plus;Femmes;2.5;10.3;;2B;94
2021;Corse;Haute-Corse;18-24 ans;Hommes et Femmes;0.0;0.0;;2B;94
2021;Corse;Haute-Corse;25-44 ans;Hommes et Femmes;2.5;5.7;;2B;94
2021;Corse;Haute-Corse;45-64 ans;Hommes et Femmes;2.5;5.0;;2B;94
2021;Corse;Haute-Corse;65 ans et plus;Hommes et Femmes;2.5;5.6;;2B;94
2022;Corse;Haute-Corse;00-17 ans;Hommes et Femmes;0.0;0.0;;2B;94
2022;Corse;Haute-Corse;25-44 ans;Hommes et Femmes;9.5;21.8;;2B;94
2022;Corse;Haute-Corse;65 ans et plus;Hommes et Femmes;2.5;5.5;;2B;94
2023;Corse;Haute-Corse;18-24 ans;Hommes;0.0;0.0;;2B;94
2023;Corse;Haute-Corse;00-17 ans;Femmes;0.0;0.0;;2B;94
2023;Corse;Haute-Corse;25-44 ans;Femmes;0.0;0.0;;2B;94
2023;Corse;Haute-Corse;45-64 ans;Femmes;2.5;9.6;;2B;94
2023;Corse;Haute-Corse;65 ans et plus;Femmes;2.5;9.9;;2B;94
2023;Corse;Haute-Corse;25-44 ans;Hommes et Femmes;2.5;5.8;;2B;94
2019;Occitanie;Gard;18-24 ans;Hommes;2.5;9.0;;30;76
2019;Occitanie;Gard;45-64 ans;Hommes;24.0;24.4;;30;76
2019;Occitanie;Gard;18-24 ans;Femmes;0.0;0.0;;30;76
2019;Occitanie;Gard;65 ans et plus;Femmes;8.0;8.3;;30;76
2020;Occitanie;Gard;18-24 ans;Femmes;2.5;9.6;;30;76
2020;Occitanie;Gard;Tous;Femmes;22.0;5.7;5.5;30;76
2020;Occitanie;Gard;00-17 ans;Hommes et Femmes;0.0;0.0;;30;76
2020;Occitanie;Gard;18-24 ans;Hommes et Femmes;2.5;4.5;;30;76
2020;Occitanie;Gard;25-44 ans;Hommes et Femmes;22.5;14.0;;30;76
2020;Occitanie;Gard;Tous;Hommes et Femmes;95.5;12.7;12.4;30;76
2021;Occitanie;Gard;25-44 ans;Hommes;13.0;16.7;;30;76
2021;Occitanie;Gard;45-64 ans;Hommes;28.0;28.4;;30;76
2021;Occitanie;Gard;65 ans et plus;Hommes;30.0;37.6;;30;76
2021;Occitanie;Gard;Tous;Hommes;73.5;20.1;18.8;30;76
2021;Occitanie;Gard;25-44 ans;Femmes;2.5;3.0;;30;76
2021;Occitanie;Gard;00-17 ans;Hommes et Femmes;2.5;1.6;;30;76
2021;Occitanie;Gard;18-24 ans;Hommes et Femmes;2.5;4.5;;30;76
2021;Occitanie;Gard;25-44 ans;Hommes et Femmes;15.5;9.6;;30;76
2022;Occitanie;Gard;45-64 ans;Hommes;25.0;25.3;;30;76
2022;Occitanie;Gard;65 ans et plus;Hommes;35.0;42.9;;30;76
2022;Occitanie;Gard;00-17 ans;Hommes et Femmes;0.0;0.0;;30;76
2022;Occitanie;Gard;45-64 ans;Hommes et Femmes;32.0;15.6;;30;76
2022;Occitanie;Gard;Tous;Hommes et Femmes;112.0;14.7;14.1;30;76
2023;Occitanie;Gard;25-44 ans;Hommes;17.0;21.2;;30;76
2023;Occitanie;Gard;65 ans et plus;Hommes;29.0;34.8;;30;76
2023;Occitanie;Gard;Tous;Hommes;72.5;19.5;19.2;30;76
2023;Occitanie;Gard;45-64 ans;Femmes;8.0;7.6;;30;76
2023;Occitanie;Gard;00-17 ans;Hommes et Femmes;2.5;1.6;;30;76
2023;Occitanie;Gard;65 ans et plus;Hommes et Femmes;41.0;21.8;;30;76
2019;Occitanie;Haute-Garonne;25-44 ans;Hommes;24.0;12.5;;31;76
2019;Occitanie;Haute-Garonne;Tous;Femmes;34.0;4.7;4.9;31;76
2019;Occitanie;Haute-Garonne;25-44 ans;Hommes et Femmes;34.0;8.8;;31;76
2019;Occitanie;Haute-Garonne;45-64 ans;Hommes et Femmes;58.0;16.9;;31;76
2019;Occitanie;Haute-Garonne;65 ans et plus;Hommes et Femmes;31.0;13.3;;31;76
2020;Occitanie;Haute-Garonne;00-17 ans;Hommes;2.5;1.7;;31;76
2020;Occitanie;Haute-Garonne;25-44 ans;Hommes;32.0;16.4;;31;76
2020;Occitanie;Haute-Garonne;45-64 ans;Hommes;24.0;14.1;;31;76
2020;Occitanie;Haute-Garonne;65 ans et plus;Hommes;37.0;36.0;;31;76
2020;Occitanie;Haute-Garonne;00-17 ans;Femmes;2.5;1.7;;31;76
2020;Occitanie;Haute-Garonne;65 ans et plus;Femmes;10.0;7.3;;31;76
2020;Occitanie;Haute-Garonne;25-44 ans;Hommes et Femmes;34.5;8.9;;31;76
2020;Occitanie;Haute-Garonne;65 ans et plus;Hommes et Femmes;47.0;19.6;;31;76
2020;Occitanie;Haute-Garonne;Tous;Hommes et Femmes;139.5;9.9;10.3;31;76
2021;Occitanie;Haute-Garonne;25-44 ans;Hommes;21.0;10.6;;31;76
2021;Occitanie;Haute-Garonne;65 ans et plus;Hommes;35.0;33.4;;31;76
2021;Occitanie;Haute-Garonne;25-44 ans;Femmes;13.0;6.6;;31;76
2021;Occitanie;Haute-Garonne;18-24 ans;Hommes et Femmes;2.5;1.7;;31;76
2021;Occitanie;Haute-Garonne;65 ans et plus;Hommes et Femmes;44.0;18.0;;31;76
2022;Occitanie;Haute-Garonne;18-24 ans;Hommes;7.0;9.4;;31;76
2022;Occitanie;Haute-Garonne;25-44 ans;Hommes;31.0;15.4;;31;76
2022;Occitanie;Haute-Garonne;65 ans et plus;Hommes;40.0;37.3;;31;76
2022;Occitanie;Haute-Garonne;25-44 ans;Femmes;13.0;6.4;;31;76
2022;Occitanie;Haute-Garonne;45-64 ans;Femmes;11.0;6.2;;31;76
2022;Occitanie;Haute-Garonne;Tous;Femmes;46.5;6.2;6.3;31;76
2022;Occitanie;Haute-Garonne;00-17 ans;Hommes et Femmes;2.5;0.8;;31;76
2022;Occitanie;Haute-Garonne;65 ans et plus;Hommes et Femmes;55.0;22.0;;31;76
2022;Occitanie;Haute-Garonne;Tous;Hommes et Femmes;159.0;10.9;11.3;31;76
2023;Occitanie;Haute-Garonne;65 ans et plus;Hommes;45.0;41.0;;31;76
2023;Occitanie;Haute-Garonne;00-17 ans;Femmes;0.0;0.0;;31;76
2023;Occitanie;Haute-Garonne;00-17 ans;Hommes et Femmes;2.5;0.8;;31;76
2023;Occitanie;Haute-Garonne;18-24 ans;Hommes et Femmes;9.5;6.3;;31;76
2023;Occitanie;Haute-Garonne;45-64 ans;Hommes et Femmes;47.0;13.2;;31;76
2019;Occitanie;Gers;00-17 ans;Hommes;0.0;0.0;;32;76
2019;Occitanie;Gers;25-44 ans;Hommes;2.5;13.9;;32;76
2019;Occitanie;Gers;00-17 ans;Femmes;0.0;0.0;;32;76
2019;Occitanie;Gers;25-44 ans;Femmes;2.5;13.4;;32;76
2019;Occitanie;Gers;18-24 ans;Hommes et Femmes;0.0;0.0;;32;76
2019;Occitanie;Gers;Tous;Hommes et Femmes;14.5;7.6;8.2;32;76
2020;Occitanie;Gers;00-17 ans;Hommes;0.0;0.0;;32;76
2020;Occitanie;Gers;18-24 ans;Hommes;0.0;0.0;;32;76
2020;Occitanie;Gers;45-64 ans;Hommes;5.0;18.2;;32;76
2020;Occitanie;Gers;00-17 ans;Femmes;0.0;0.0;;32;76
2020;Occitanie;Gers;45-64 ans;Femmes;2.5;8.8;;32;76
2020;Occitanie;Gers;65 ans et plus;Femmes;2.5;8.4;;32;76
2020;Occitanie;Gers;Tous;Hommes et Femmes;22.0;11.5;11.1;32;76
2021;Occitanie;Gers;65 ans et plus;Hommes;13.0;52.7;;32;76
2021;Occitanie;Gers;Tous;Hommes;27.5;29.3;26.1;32;76
2021;Occitanie;Gers;18-24 ans;Femmes;0.0;0.0;;32;76
2021;Occitanie;Gers;25-44 ans;Femmes;0.0;0.0;;32;76
2021;Occitanie;Gers;45-64 ans;Femmes;2.5;8.8;;32;76
2021;Occitanie;Gers;Tous;Femmes;5.0;5.1;4.3;32;76
2021;Occitanie;Gers;00-17 ans;Hommes et Femmes;0.0;0.0;;32;76
2021;Occitanie;Gers;Tous;Hommes et Femmes;32.5;16.9;14.9;32;76
2022;Occitanie;Gers;18-24 ans;Hommes;0.0;0.0;;32;76
2022;Occitanie;Gers;Tous;Hommes;22.5;23.9;21.8;32;76
2022;Occitanie;Gers;00-17 ans;Femmes;0.0;0.0;;32;76
2022;Occitanie;Gers;45-64 ans;Femmes;2.5;8.8;;32;76
2022;Occitanie;Gers;18-24 ans;Hommes et Femmes;0.0;0.0;;32;76
2023;Occitanie;Gers;00-17 ans;Femmes;0.0;0.0;;32;76
2023;Occitanie;Gers;18-24 ans;Femmes;0.0;0.0;;32;76
2023;Occitanie;Gers;65 ans et plus;Femmes;2.5;8.2;;32;76
2023;Occitanie;Gers;18-24 ans;Hommes et Femmes;0.0;0.0;;32;76
2023;Occitanie;Gers;25-44 ans;Hommes et Femmes;2.5;6.8;;32;76
2023;Occitanie;Gers;45-64 ans;Hommes et Femmes;23.0;41.8;;32;76
2023;Occitanie;Gers;65 ans et plus;Hommes et Femmes;13.5;24.3;;32;76
2019;Nouvelle Aquitaine;Gironde;45-64 ans;Hommes;41.0;20.5;;33;75
2019;Nouvelle Aquitaine;Gironde;65 ans et plus;Hommes;43.0;32.3;;33;75
2019;Nouvelle Aquitaine;Gironde;00-17 ans;Femmes;2.5;1.5;;33;75
2019;Nouvelle Aquitaine;Gironde;45-64 ans;Femmes;18.0;8.4;;33;75
2019;Nouvelle Aquitaine;Gironde;65 ans et plus;Femmes;18.0;10.0;;33;75
2019;Nouvelle Aquitaine;Gironde;00-17 ans;Hommes et Femmes;2.5;0.7;;33;75
2019;Nouvelle Aquitaine;Gironde;18-24 ans;Hommes et Femmes;7.5;5.1;;33;75
2019;Nouvelle Aquitaine;Gironde;45-64 ans;Hommes et Femmes;59.0;14.2;;33;75
2019;Nouvelle Aquitaine;Gironde;Tous;Hommes et Femmes;175.5;10.8;11.0;33;75
2020;Nouvelle Aquitaine;Gironde;45-64 ans;Hommes;40.0;19.9;;33;75
2020;Nouvelle Aquitaine;Gironde;65 ans et plus;Hommes;54.0;39.6;;33;75
2020;Nouvelle Aquitaine;Gironde;45-64 ans;Femmes;14.0;6.5;;33;75
2020;Nouvelle Aquitaine;Gironde;Tous;Femmes;40.5;4.8;4.8;33;75
2020;Nouvelle Aquitaine;Gironde;00-17 ans;Hommes et Femmes;2.5;0.7;;33;75
2021;Nouvelle Aquitaine;Gironde;45-64 ans;Hommes;46.0;22.6;;33;75
2021;Nouvelle Aquitaine;Gironde;Tous;Hommes;133.5;16.8;17.1;33;75
2021;Nouvelle Aquitaine;Gironde;Tous;Hommes et Femmes;181.5;11.0;11.2;33;75
2022;Nouvelle Aquitaine;Gironde;18-24 ans;Hommes;2.5;3.3;;33;75
2022;Nouvelle Aquitaine;Gironde;00-17 ans;Femmes;0.0;0.0;;33;75
2022;Nouvelle Aquitaine;Gironde;45-64 ans;Femmes;9.0;4.1;;33;75
2022;Nouvelle Aquitaine;Gironde;65 ans et plus;Femmes;10.0;5.2;;33;75
2022;Nouvelle Aquitaine;Gironde;Tous;Femmes;28.5;3.3;3.4;33;75
2022;Nouvelle Aquitaine;Gironde;25-44 ans;Hommes et Femmes;26.0;6.0;;33;75
2022;Nouvelle Aquitaine;Gironde;45-64 ans;Hommes et Femmes;63.0;14.9;;33;75
2022;Nouvelle Aquitaine;Gironde;65 ans et plus;Hommes et Femmes;53.0;15.8;;33;75
2023;Nouvelle Aquitaine;Gironde;00-17 ans;Hommes;2.5;1.5;;33;75
2023;Nouvelle Aquitaine;Gironde;45-64 ans;Hommes;51.0;24.8;;33;75
2023;Nouvelle Aquitaine;Gironde;65 ans et plus;Femmes;16.0;8.2;;33;75
2023;Nouvelle Aquitaine;Gironde;Tous;Femmes;47.5;5.4;5.3;33;75
2023;Nouvelle Aquitaine;Gironde;18-24 ans;Hommes et Femmes;2.5;1.7;;33;75
2023;Nouvelle Aquitaine;Gironde;25-44 ans;Hommes et Femmes;49.0;11.2;;33;75
2023;Nouvelle Aquitaine;Gironde;65 ans et plus;Hommes et Femmes;62.0;18.2;;33;75
2019;Occitanie;Hérault;00-17 ans;Hommes;2.5;2.1;;34;76
2019;Occitanie;Hérault;45-64 ans;Hommes;45.0;32.2;;34;76
2019;Occitanie;Hérault;00-17 ans;Femmes;0.0;0.0;;34;76
2019;Occitanie;Hérault;65 ans et plus;Femmes;22.0;15.2;;34;76
2019;Occitanie;Hérault;25-44 ans;Hommes et Femmes;26.0;9.3;;34;76
2019;Occitanie;Hérault;45-64 ans;Hommes et Femmes;66.0;22.5;;34;76
2019;Occitanie;Hérault;65 ans et plus;Hommes et Femmes;54.0;21.2;;34;76
2019;Occitanie;Hérault;Tous;Hommes et Femmes;153.5;13.1;13.0;34;76
2020;Occitanie;Hérault;25-44 ans;Hommes;17.0;12.4;;34;76
2020;Occitanie;Hérault;65 ans et plus;Hommes;39.0;34.5;;34;76
2020;Occitanie;Hérault;45-64 ans;Femmes;12.0;7.7;;34;76
2020;Occitanie;Hérault;Tous;Femmes;39.0;6.3;6.2;34;76
2020;Occitanie;Hérault;00-17 ans;Hommes et Femmes;2.5;1.0;;34;76
2020;Occitanie;Hérault;65 ans et plus;Hommes et Femmes;54.0;20.7;;34;76
2020;Occitanie;Hérault;Tous;Hommes et Femmes;141.0;11.9;11.8;34;76
2021;Occitanie;Hérault;18-24 ans;Femmes;5.0;9.1;;34;76
2021;Occitanie;Hérault;25-44 ans;Femmes;8.0;5.4;;34;76
2021;Occitanie;Hérault;18-24 ans;Hommes et Femmes;7.5;6.9;;34;76
2021;Occitanie;Hérault;25-44 ans;Hommes et Femmes;23.0;8.0;;34;76
2021;Occitanie;Hérault;Tous;Hommes et Femmes;127.0;10.6;10.5;34;76
2022;Occitanie;Hérault;45-64 ans;Hommes;31.0;21.6;;34;76
2022;Occitanie;Hérault;65 ans et plus;Hommes;48.0;40.6;;34;76
2022;Occitanie;Hérault;00-17 ans;Femmes;2.5;2.1;;34;76
2022;Occitanie;Hérault;45-64 ans;Femmes;17.0;10.8;;34;76
2022;Occitanie;Hérault;00-17 ans;Hommes et Femmes;2.5;1.0;;34;76
2022;Occitanie;Hérault;45-64 ans;Hommes et Femmes;48.0;16.0;;34;76
2023;Occitanie;Hérault;00-17 ans;Hommes;2.5;2.0;;34;76
2023;Occitanie;Hérault;18-24 ans;Hommes;9.0;16.7;;34;76
2023;Occitanie;Hérault;45-64 ans;Femmes;17.0;10.7;;34;76
2023;Occitanie;Hérault;65 ans et plus;Femmes;8.0;5.1;;34;76
2023;Occitanie;Hérault;Tous;Femmes;39.0;6.1;6.0;34;76
2023;Occitanie;Hérault;Tous;Hommes et Femmes;164.5;13.4;13.1;34;76
2019;Bretagne;Ille-et-Vilaine;25-44 ans;Hommes;37.0;27.4;;35;53
2019;Bretagne;Ille-et-Vilaine;65 ans et plus;Hommes;50.0;60.5;;35;53
2019;Bretagne;Ille-et-Vilaine;25-44 ans;Femmes;7.0;5.2;;35;53
2019;Bretagne;Ille-et-Vilaine;65 ans et plus;Femmes;14.0;12.5;;35;53
2019;Bretagne;Ille-et-Vilaine;65 ans et plus;Hommes et Femmes;64.0;32.9;;35;53
2019;Bretagne;Ille-et-Vilaine;Tous;Hommes et Femmes;201.5;18.7;19.5;35;53
2020;Bretagne;Ille-et-Vilaine;00-17 ans;Hommes;2.5;2.0;;35;53
2020;Bretagne;Ille-et-Vilaine;18-24 ans;Hommes;2.5;4.8;;35;53
2020;Bretagne;Ille-et-Vilaine;25-44 ans;Hommes;42.0;31.0;;35;53
2020;Bretagne;Ille-et-Vilaine;18-24 ans;Femmes;2.5;4.8;;35;53
2020;Bretagne;Ille-et-Vilaine;25-44 ans;Femmes;12.0;8.8;;35;53
2020;Bretagne;Ille-et-Vilaine;65 ans et plus;Hommes et Femmes;67.0;33.5;;35;53
2021;Bretagne;Ille-et-Vilaine;18-24 ans;Hommes;9.0;17.2;;35;53
2021;Bretagne;Ille-et-Vilaine;25-44 ans;Hommes;35.0;25.5;;35;53
2021;Bretagne;Ille-et-Vilaine;18-24 ans;Femmes;2.5;4.9;;35;53
2021;Bretagne;Ille-et-Vilaine;45-64 ans;Femmes;18.0;13.2;;35;53
2021;Bretagne;Ille-et-Vilaine;65 ans et plus;Femmes;15.0;12.9;;35;53
2021;Bretagne;Ille-et-Vilaine;Tous;Femmes;46.5;8.3;8.7;35;53
2021;Bretagne;Ille-et-Vilaine;18-24 ans;Hommes et Femmes;11.5;11.1;;35;53
2021;Bretagne;Ille-et-Vilaine;45-64 ans;Hommes et Femmes;84.0;31.0;;35;53
2022;Bretagne;Ille-et-Vilaine;00-17 ans;Hommes;0.0;0.0;;35;53
2022;Bretagne;Ille-et-Vilaine;Tous;Hommes;138.5;25.5;26.8;35;53
2022;Bretagne;Ille-et-Vilaine;45-64 ans;Femmes;12.0;8.8;;35;53
2022;Bretagne;Ille-et-Vilaine;65 ans et plus;Hommes et Femmes;46.0;22.3;;35;53
2023;Bretagne;Ille-et-Vilaine;18-24 ans;Hommes;8.0;15.1;;35;53
2023;Bretagne;Ille-et-Vilaine;25-44 ans;Hommes;34.0;24.0;;35;53
2023;Bretagne;Ille-et-Vilaine;65 ans et plus;Hommes;49.0;54.2;;35;53
2023;Bretagne;Ille-et-Vilaine;25-44 ans;Femmes;8.0;5.6;;35;53
2023;Bretagne;Ille-et-Vilaine;45-64 ans;Femmes;16.0;11.6;;35;53
2023;Bretagne;Ille-et-Vilaine;65 ans et plus;Femmes;8.0;6.7;;35;53
2019;Centre-Val de Loire;Indre;00-17 ans;Hommes;0.0;0.0;;36;24
2019;Centre-Val de Loire;Indre;45-64 ans;Hommes;13.0;42.5;;36;24
2019;Centre-Val de Loire;Indre;65 ans et plus;Hommes;18.0;66.9;;36;24
2019;Centre-Val de Loire;Indre;00-17 ans;Femmes;0.0;0.0;;36;24
2019;Centre-Val de Loire;Indre;18-24 ans;Hommes et Femmes;0.0;0.0;;36;24
2019;Centre-Val de Loire;Indre;65 ans et plus;Hommes et Femmes;25.0;40.5;;36;24
2019;Centre-Val de Loire;Indre;Tous;Hommes et Femmes;49.0;22.3;19.5;36;24
2020;Centre-Val de Loire;Indre;18-24 ans;Hommes;0.0;0.0;;36;24
2020;Centre-Val de Loire;Indre;25-44 ans;Hommes;7.0;33.9;;36;24
2020;Centre-Val de Loire;Indre;65 ans et plus;Hommes;21.0;77.0;;36;24
2020;Centre-Val de Loire;Indre;00-17 ans;Femmes;0.0;0.0;;36;24
2020;Centre-Val de Loire;Indre;25-44 ans;Femmes;0.0;0.0;;36;24
2020;Centre-Val de Loire;Indre;65 ans et plus;Hommes et Femmes;27.0;43.2;;36;24
2020;Centre-Val de Loire;Indre;Tous;Hommes et Femmes;41.5;19.0;15.6;36;24
2021;Centre-Val de Loire;Indre;25-44 ans;Hommes;9.0;43.9;;36;24
2021;Centre-Val de Loire;Indre;Tous;Hommes;29.5;28.1;28.6;36;24
2021;Centre-Val de Loire;Indre;Tous;Femmes;6.0;5.3;4.6;36;24
2021;Centre-Val de Loire;Indre;25-44 ans;Hommes et Femmes;9.0;21.8;;36;24
2021;Centre-Val de Loire;Indre;65 ans et plus;Hommes et Femmes;15.5;24.7;;36;24
2021;Centre-Val de Loire;Indre;Tous;Hommes et Femmes;35.5;16.3;16.2;36;24
2022;Centre-Val de Loire;Indre;00-17 ans;Hommes;0.0;0.0;;36;24
2022;Centre-Val de Loire;Indre;18-24 ans;Hommes;0.0;0.0;;36;24
2022;Centre-Val de Loire;Indre;25-44 ans;Hommes;6.0;29.3;;36;24
2022;Centre-Val de Loire;Indre;45-64 ans;Hommes;19.0;63.9;;36;24
2022;Centre-Val de Loire;Indre;Tous;Hommes;42.0;40.1;36.5;36;24
2022;Centre-Val de Loire;Indre;65 ans et plus;Femmes;2.5;7.1;;36;24
2022;Centre-Val de Loire;Indre;00-17 ans;Hommes et Femmes;0.0;0.0;;36;24
2022;Centre-Val de Loire;Indre;18-24 ans;Hommes et Femmes;0.0;0.0;;36;24
2022;Centre-Val de Loire;Indre;65 ans et plus;Hommes et Femmes;19.5;31.0;;36;24
2022;Centre-Val de Loire;Indre;Tous;Hommes et Femmes;47.0;21.7;19.1;36;24
2023;Centre-Val de Loire;Indre;25-44 ans;Femmes;2.5;12.0;;36;24
2023;Centre-Val de Loire;Indre;45-64 ans;Femmes;6.0;19.7;;36;24
2023;Centre-Val de Loire;Indre;Tous;Femmes;13.5;12.1;10.6;36;24
2023;Centre-Val de Loire;Indre;00-17 ans;Hommes et Femmes;0.0;0.0;;36;24
2023;Centre-Val de Loire;Indre;18-24 ans;Hommes et Femmes;2.5;18.8;;36;24
2019;Centre-Val de Loire;Indre-et-Loire;18-24 ans;Hommes;2.5;9.8;;37;24
2019;Centre-Val de Loire;Indre-et-Loire;00-17 ans;Femmes;2.5;4.0;;37;24
2019;Centre-Val de Loire;Indre-et-Loire;18-24 ans;Femmes;2.5;9.2;;37;24
2019;Centre-Val de Loire;Indre-et-Loire;25-44 ans;Femmes;2.5;3.5;;37;24
2019;Centre-Val de Loire;Indre-et-Loire;65 ans et plus;Femmes;19.0;25.2;;37;24
2019;Centre-Val de Loire;Indre-et-Loire;Tous;Femmes;30.0;9.5;9.3;37;24
2019;Centre-Val de Loire;Indre-et-Loire;00-17 ans;Hommes et Femmes;2.5;2.0;;37;24
2019;Centre-Val de Loire;Indre-et-Loire;25-44 ans;Hommes et Femmes;13.5;9.7;;37;24
2019;Centre-Val de Loire;Indre-et-Loire;45-64 ans;Hommes et Femmes;30.0;18.9;;37;24
2019;Centre-Val de Loire;Indre-et-Loire;65 ans et plus;Hommes et Femmes;47.0;35.6;;37;24
2020;Centre-Val de Loire;Indre-et-Loire;25-44 ans;Hommes;19.0;27.6;;37;24
2020;Centre-Val de Loire;Indre-et-Loire;45-64 ans;Femmes;9.0;11.1;;37;24
2020;Centre-Val de Loire;Indre-et-Loire;45-64 ans;Hommes et Femmes;34.0;21.5;;37;24
2020;Centre-Val de Loire;Indre-et-Loire;65 ans et plus;Hommes et Femmes;32.0;23.7;;37;24
2020;Centre-Val de Loire;Indre-et-Loire;Tous;Hommes et Femmes;94.0;15.4;15.5;37;24
2021;Centre-Val de Loire;Indre-et-Loire;00-17 ans;Hommes;2.5;3.9;;37;24
2021;Centre-Val de Loire;Indre-et-Loire;18-24 ans;Hommes;2.5;9.5;;37;24
2021;Centre-Val de Loire;Indre-et-Loire;65 ans et plus;Hommes;33.0;55.8;;37;24
2021;Centre-Val de Loire;Indre-et-Loire;00-17 ans;Femmes;0.0;0.0;;37;24
2021;Centre-Val de Loire;Indre-et-Loire;18-24 ans;Femmes;2.5;9.1;;37;24
2021;Centre-Val de Loire;Indre-et-Loire;Tous;Femmes;20.0;6.3;6.2;37;24
2021;Centre-Val de Loire;Indre-et-Loire;45-64 ans;Hommes et Femmes;34.0;21.7;;37;24
2022;Centre-Val de Loire;Indre-et-Loire;18-24 ans;Hommes;5.0;19.1;;37;24
2022;Centre-Val de Loire;Indre-et-Loire;00-17 ans;Femmes;2.5;4.1;;37;24
2022;Centre-Val de Loire;Indre-et-Loire;18-24 ans;Femmes;2.5;9.2;;37;24
2022;Centre-Val de Loire;Indre-et-Loire;45-64 ans;Femmes;8.0;10.0;;37;24
2022;Centre-Val de Loire;Indre-et-Loire;00-17 ans;Hommes et Femmes;2.5;2.0;;37;24
2022;Centre-Val de Loire;Indre-et-Loire;18-24 ans;Hommes et Femmes;7.5;14.0;;37;24
2022;Centre-Val de Loire;Indre-et-Loire;25-44 ans;Hommes et Femmes;23.5;16.5;;37;24
2022;Centre-Val de Loire;Indre-et-Loire;Tous;Hommes et Femmes;94.0;15.3;15.0;37;24
2023;Centre-Val de Loire;Indre-et-Loire;25-44 ans;Hommes;15.0;21.2;;37;24
2023;Centre-Val de Loire;Indre-et-Loire;45-64 ans;Hommes;25.0;33.0;;37;24
2023;Centre-Val de Loire;Indre-et-Loire;65 ans et plus;Hommes;16.0;26.2;;37;24
2023;Centre-Val de Loire;Indre-et-Loire;18-24 ans;Femmes;2.5;9.2;;37;24
2023;Centre-Val de Loire;Indre-et-Loire;65 ans et plus;Femmes;9.0;11.2;;37;24
2019;Auvergne et Rhône-Alpes;Isère;25-44 ans;Hommes;22.0;14.5;;38;84
2019;Auvergne et Rhône-Alpes;Isère;65 ans et plus;Hommes;29.0;28.3;;38;84
2019;Auvergne et Rhône-Alpes;Isère;65 ans et plus;Femmes;15.0;11.3;;38;84
2019;Auvergne et Rhône-Alpes;Isère;00-17 ans;Hommes et Femmes;0.0;0.0;;38;84
2020;Auvergne et Rhône-Alpes;Isère;Tous;Hommes;115.0;18.4;19.0;38;84
2020;Auvergne et Rhône-Alpes;Isère;65 ans et plus;Femmes;17.0;12.6;;38;84
2020;Auvergne et Rhône-Alpes;Isère;00-17 ans;Hommes et Femmes;2.5;0.9;;38;84
2020;Auvergne et Rhône-Alpes;Isère;18-24 ans;Hommes et Femmes;8.0;7.2;;38;84
2020;Auvergne et Rhône-Alpes;Isère;45-64 ans;Hommes et Femmes;53.0;16.1;;38;84
2020;Auvergne et Rhône-Alpes;Isère;65 ans et plus;Hommes et Femmes;52.0;21.6;;38;84
2021;Auvergne et Rhône-Alpes;Isère;00-17 ans;Hommes;2.5;1.7;;38;84
2021;Auvergne et Rhône-Alpes;Isère;25-44 ans;Hommes;26.0;16.9;;38;84
2021;Auvergne et Rhône-Alpes;Isère;45-64 ans;Hommes;46.0;28.2;;38;84
2021;Auvergne et Rhône-Alpes;Isère;Tous;Hommes;104.5;16.6;16.7;38;84
2021;Auvergne et Rhône-Alpes;Isère;25-44 ans;Femmes;8.0;5.1;;38;84
2021;Auvergne et Rhône-Alpes;Isère;65 ans et plus;Femmes;10.0;7.3;;38;84
2021;Auvergne et Rhône-Alpes;Isère;Tous;Femmes;37.5;5.7;5.6;38;84
2021;Auvergne et Rhône-Alpes;Isère;18-24 ans;Hommes et Femmes;7.5;6.8;;38;84
2021;Auvergne et Rhône-Alpes;Isère;25-44 ans;Hommes et Femmes;34.0;10.9;;38;84
2022;Auvergne et Rhône-Alpes;Isère;00-17 ans;Hommes;2.5;1.7;;38;84
2022;Auvergne et Rhône-Alpes;Isère;65 ans et plus;Hommes;49.0;44.7;;38;84
2022;Auvergne et Rhône-Alpes;Isère;Tous;Hommes;131.0;20.7;21.3;38;84
2022;Auvergne et Rhône-Alpes;Isère;18-24 ans;Femmes;5.0;9.5;;38;84
2022;Auvergne et Rhône-Alpes;Isère;Tous;Femmes;56.5;8.6;8.6;38;84
2023;Auvergne et Rhône-Alpes;Isère;00-17 ans;Hommes;2.5;1.7;;38;84
2023;Auvergne et Rhône-Alpes;Isère;18-24 ans;Hommes;2.5;4.3;;38;84
2023;Auvergne et Rhône-Alpes;Isère;18-24 ans;Femmes;2.5;4.7;;38;84
2023;Auvergne et Rhône-Alpes;Isère;25-44 ans;Femmes;9.0;5.6;;38;84
2023;Auvergne et Rhône-Alpes;Isère;65 ans et plus;Hommes et Femmes;62.0;24.5;;38;84
2019;Bourgogne et Franche-Comté;Jura;18-24 ans;Hommes;0.0;0.0;;39;27
2019;Bourgogne et Franche-Comté;Jura;25-44 ans;Hommes;8.0;28.9;;39;27
2019;Bourgogne et Franche-Comté;Jura;45-64 ans;Hommes;7.0;19.7;;39;27
2019;Bourgogne et Franche-Comté;Jura;00-17 ans;Femmes;0.0;0.0;;39;27
2019;Bourgogne et Franche-Comté;Jura;65 ans et plus;Femmes;2.5;7.2;;39;27
2019;Bourgogne et Franche-Comté;Jura;25-44 ans;Hommes et Femmes;10.5;18.9;;39;27
2019;Bourgogne et Franche-Comté;Jura;Tous;Hommes et Femmes;31.0;12.0;11.5;39;27
2020;Bourgogne et Franche-Comté;Jura;18-24 ans;Hommes;2.5;26.8;;39;27
2020;Bourgogne et Franche-Comté;Jura;25-44 ans;Hommes;5.0;18.3;;39;27
2020;Bourgogne et Franche-Comté;Jura;18-24 ans;Femmes;0.0;0.0;;39;27
2020;Bourgogne et Franche-Comté;Jura;Tous;Femmes;7.5;5.7;4.2;39;27
2020;Bourgogne et Franche-Comté;Jura;18-24 ans;Hommes et Femmes;2.5;14.3;;39;27
2020;Bourgogne et Franche-Comté;Jura;25-44 ans;Hommes et Femmes;7.5;13.6;;39;27
2020;Bourgogne et Franche-Comté;Jura;Tous;Hommes et Femmes;28.0;10.8;10.3;39;27
2021;Bourgogne et Franche-Comté;Jura;18-24 ans;Hommes;0.0;0.0;;39;27
2021;Bourgogne et Franche-Comté;Jura;Tous;Hommes;35.0;27.7;27.8;39;27
2021;Bourgogne et Franche-Comté;Jura;00-17 ans;Femmes;0.0;0.0;;39;27
2021;Bourgogne et Franche-Comté;Jura;45-64 ans;Femmes;7.0;19.5;;39;27
2021;Bourgogne et Franche-Comté;Jura;65 ans et plus;Femmes;2.5;7.2;;39;27
2021;Bourgogne et Franche-Comté;Jura;45-64 ans;Hommes et Femmes;25.0;35.2;;39;27
2022;Bourgogne et Franche-Comté;Jura;00-17 ans;Hommes;2.5;9.4;;39;27
2022;Bourgogne et Franche-Comté;Jura;25-44 ans;Hommes;8.0;28.6;;39;27
2022;Bourgogne et Franche-Comté;Jura;45-64 ans;Hommes;18.0;51.8;;39;27
2022;Bourgogne et Franche-Comté;Jura;65 ans et plus;Hommes;14.0;50.0;;39;27
2022;Bourgogne et Franche-Comté;Jura;Tous;Hommes;44.0;34.8;33.4;39;27
2022;Bourgogne et Franche-Comté;Jura;Tous;Femmes;7.0;5.3;5.8;39;27
2022;Bourgogne et Franche-Comté;Jura;00-17 ans;Hommes et Femmes;2.5;4.8;;39;27
2022;Bourgogne et Franche-Comté;Jura;18-24 ans;Hommes et Femmes;2.5;14.6;;39;27
2022;Bourgogne et Franche-Comté;Jura;45-64 ans;Hommes et Femmes;20.5;29.1;;39;27
2022;Bourgogne et Franche-Comté;Jura;Tous;Hommes et Femmes;51.0;19.7;19.2;39;27
2023;Bourgogne et Franche-Comté;Jura;25-44 ans;Femmes;0.0;0.0;;39;27
2023;Bourgogne et Franche-Comté;Jura;45-64 ans;Femmes;2.5;7.1;;39;27
2023;Bourgogne et Franche-Comté;Jura;Tous;Femmes;2.5;1.9;3.7;39;27
2023;Bourgogne et Franche-Comté;Jura;00-17 ans;Hommes et Femmes;0.0;0.0;;39;27
2019;Nouvelle Aquitaine;Landes;00-17 ans;Hommes;0.0;0.0;;40;75
2019;Nouvelle Aquitaine;Landes;18-24 ans;Hommes et Femmes;2.5;10.4;;40;75
2019;Nouvelle Aquitaine;Landes;45-64 ans;Hommes et Femmes;25.5;21.8;;40;75
2019;Nouvelle Aquitaine;Landes;65 ans et plus;Hommes et Femmes;18.0;17.2;;40;75
2020;Nouvelle Aquitaine;Landes;25-44 ans;Hommes;8.0;18.4;;40;75
2020;Nouvelle Aquitaine;Landes;45-64 ans;Hommes;22.0;38.2;;40;75
2020;Nouvelle Aquitaine;Landes;18-24 ans;Femmes;0.0;0.0;;40;75
2020;Nouvelle Aquitaine;Landes;45-64 ans;Femmes;2.5;4.2;;40;75
2020;Nouvelle Aquitaine;Landes;00-17 ans;Hommes et Femmes;0.0;0.0;;40;75
2021;Nouvelle Aquitaine;Landes;65 ans et plus;Hommes;25.0;51.6;;40;75
2021;Nouvelle Aquitaine;Landes;00-17 ans;Femmes;0.0;0.0;;40;75
2021;Nouvelle Aquitaine;Landes;45-64 ans;Femmes;2.5;4.1;;40;75
2021;Nouvelle Aquitaine;Landes;00-17 ans;Hommes et Femmes;0.0;0.0;;40;75
2021;Nouvelle Aquitaine;Landes;18-24 ans;Hommes et Femmes;2.5;10.1;;40;75
2021;Nouvelle Aquitaine;Landes;Tous;Hommes et Femmes;55.5;13.1;12.1;40;75
2022;Nouvelle Aquitaine;Landes;00-17 ans;Hommes;0.0;0.0;;40;75
2022;Nouvelle Aquitaine;Landes;45-64 ans;Femmes;2.5;4.1;;40;75
2022;Nouvelle Aquitaine;Landes;Tous;Femmes;9.0;4.1;4.1;40;75
2022;Nouvelle Aquitaine;Landes;45-64 ans;Hommes et Femmes;23.5;19.6;;40;75
2022;Nouvelle Aquitaine;Landes;Tous;Hommes et Femmes;60.5;14.1;12.8;40;75
2023;Nouvelle Aquitaine;Landes;25-44 ans;Hommes;8.0;17.8;;40;75
2023;Nouvelle Aquitaine;Landes;45-64 ans;Hommes;13.0;21.9;;40;75
2023;Nouvelle Aquitaine;Landes;65 ans et plus;Hommes;16.0;31.3;;40;75
2023;Nouvelle Aquitaine;Landes;00-17 ans;Femmes;0.0;0.0;;40;75
2023;Nouvelle Aquitaine;Landes;00-17 ans;Hommes et Femmes;0.0;0.0;;40;75
2023;Nouvelle Aquitaine;Landes;25-44 ans;Hommes et Femmes;13.0;14.3;;40;75
2023;Nouvelle Aquitaine;Landes;45-64 ans;Hommes et Femmes;18.0;14.9;;40;75
2023;Nouvelle Aquitaine;Landes;65 ans et plus;Hommes et Femmes;18.5;16.0;;40;75
2019;Centre-Val de Loire;Loir-et-Cher;00-17 ans;Hommes;2.5;7.2;;41;24
2019;Centre-Val de Loire;Loir-et-Cher;25-44 ans;Hommes;5.0;14.8;;41;24
2019;Centre-Val de Loire;Loir-et-Cher;45-64 ans;Hommes;20.0;45.0;;41;24
2019;Centre-Val de Loire;Loir-et-Cher;18-24 ans;Femmes;0.0;0.0;;41;24
2019;Centre-Val de Loire;Loir-et-Cher;45-64 ans;Femmes;5.0;10.9;;41;24
2019;Centre-Val de Loire;Loir-et-Cher;45-64 ans;Hommes et Femmes;25.0;27.7;;41;24
2019;Centre-Val de Loire;Loir-et-Cher;Tous;Hommes et Femmes;61.5;18.7;16.3;41;24
2020;Centre-Val de Loire;Loir-et-Cher;65 ans et plus;Hommes;19.0;52.1;;41;24
2020;Centre-Val de Loire;Loir-et-Cher;25-44 ans;Femmes;0.0;0.0;;41;24
2020;Centre-Val de Loire;Loir-et-Cher;45-64 ans;Femmes;2.5;5.5;;41;24
2021;Centre-Val de Loire;Loir-et-Cher;00-17 ans;Hommes;0.0;0.0;;41;24
2021;Centre-Val de Loire;Loir-et-Cher;25-44 ans;Hommes;7.0;20.9;;41;24
2021;Centre-Val de Loire;Loir-et-Cher;45-64 ans;Femmes;9.0;19.8;;41;24
2021;Centre-Val de Loire;Loir-et-Cher;Tous;Hommes et Femmes;63.0;19.2;18.0;41;24
2022;Centre-Val de Loire;Loir-et-Cher;00-17 ans;Hommes;2.5;7.4;;41;24
2022;Centre-Val de Loire;Loir-et-Cher;45-64 ans;Hommes;14.0;32.1;;41;24
2022;Centre-Val de Loire;Loir-et-Cher;00-17 ans;Femmes;0.0;0.0;;41;24
2022;Centre-Val de Loire;Loir-et-Cher;65 ans et plus;Femmes;10.0;20.9;;41;24
2022;Centre-Val de Loire;Loir-et-Cher;00-17 ans;Hommes et Femmes;2.5;3.8;;41;24
2023;Centre-Val de Loire;Loir-et-Cher;00-17 ans;Hommes;0.0;0.0;;41;24
2023;Centre-Val de Loire;Loir-et-Cher;18-24 ans;Hommes;2.5;22.2;;41;24
2023;Centre-Val de Loire;Loir-et-Cher;18-24 ans;Femmes;0.0;0.0;;41;24
2023;Centre-Val de Loire;Loir-et-Cher;25-44 ans;Femmes;2.5;7.3;;41;24
2023;Centre-Val de Loire;Loir-et-Cher;65 ans et plus;Femmes;2.5;5.2;;41;24
2023;Centre-Val de Loire;Loir-et-Cher;Tous;Femmes;6.0;3.6;4.9;41;24
2023;Centre-Val de Loire;Loir-et-Cher;25-44 ans;Hommes et Femmes;12.5;18.3;;41;24
2023;Centre-Val de Loire;Loir-et-Cher;45-64 ans;Hommes et Femmes;15.5;17.6;;41;24
2023;Centre-Val de Loire;Loir-et-Cher;65 ans et plus;Hommes et Femmes;21.5;25.0;;41;24
2019;Auvergne et Rhône-Alpes;Loire;65 ans et plus;Hommes;32.0;43.8;;42;84
2019;Auvergne et Rhône-Alpes;Loire;45-64 ans;Femmes;13.0;13.1;;42;84
2019;Auvergne et Rhône-Alpes;Loire;65 ans et plus;Femmes;10.0;10.1;;42;84
2019;Auvergne et Rhône-Alpes;Loire;18-24 ans;Hommes et Femmes;5.0;8.1;;42;84
2019;Auvergne et Rhône-Alpes;Loire;65 ans et plus;Hommes et Femmes;42.0;24.5;;42;84
2020;Auvergne et Rhône-Alpes;Loire;18-24 ans;Hommes;2.5;7.7;;42;84
2020;Auvergne et Rhône-Alpes;Loire;Tous;Hommes;86.5;23.2;23.4;42;84
2020;Auvergne et Rhône-Alpes;Loire;25-44 ans;Femmes;5.0;5.8;;42;84
2020;Auvergne et Rhône-Alpes;Loire;Tous;Femmes;30.0;7.6;7.5;42;84
2020;Auvergne et Rhône-Alpes;Loire;00-17 ans;Hommes et Femmes;0.0;0.0;;42;84
2020;Auvergne et Rhône-Alpes;Loire;18-24 ans;Hommes et Femmes;2.5;4.0;;42;84
2020;Auvergne et Rhône-Alpes;Loire;65 ans et plus;Hommes et Femmes;42.0;24.0;;42;84
2021;Auvergne et Rhône-Alpes;Loire;00-17 ans;Hommes;0.0;0.0;;42;84
2021;Auvergne et Rhône-Alpes;Loire;18-24 ans;Hommes;2.5;7.8;;42;84
2021;Auvergne et Rhône-Alpes;Loire;25-44 ans;Hommes;13.0;15.4;;42;84
2021;Auvergne et Rhône-Alpes;Loire;45-64 ans;Hommes;33.0;34.8;;42;84
2021;Auvergne et Rhône-Alpes;Loire;18-24 ans;Femmes;0.0;0.0;;42;84
2021;Auvergne et Rhône-Alpes;Loire;25-44 ans;Femmes;5.0;5.8;;42;84
2021;Auvergne et Rhône-Alpes;Loire;65 ans et plus;Femmes;18.0;17.8;;42;84
2021;Auvergne et Rhône-Alpes;Loire;65 ans et plus;Hommes et Femmes;48.0;27.3;;42;84
2022;Auvergne et Rhône-Alpes;Loire;45-64 ans;Hommes;38.0;40.1;;42;84
2022;Auvergne et Rhône-Alpes;Loire;65 ans et plus;Hommes;24.0;31.6;;42;84
2022;Auvergne et Rhône-Alpes;Loire;45-64 ans;Hommes et Femmes;56.0;29.1;;42;84
2022;Auvergne et Rhône-Alpes;Loire;Tous;Hommes et Femmes;119.0;15.4;15.5;42;84
2023;Auvergne et Rhône-Alpes;Loire;00-17 ans;Hommes;2.5;2.9;;42;84
2023;Auvergne et Rhône-Alpes;Loire;00-17 ans;Femmes;0.0;0.0;;42;84
2023;Auvergne et Rhône-Alpes;Loire;25-44 ans;Femmes;2.5;2.9;;42;84
2023;Auvergne et Rhône-Alpes;Loire;45-64 ans;Femmes;16.0;16.5;;42;84
2023;Auvergne et Rhône-Alpes;Loire;65 ans et plus;Femmes;13.0;12.7;;42;84
2023;Auvergne et Rhône-Alpes;Loire;Tous;Femmes;33.0;8.3;8.2;42;84
2023;Auvergne et Rhône-Alpes;Loire;25-44 ans;Hommes et Femmes;22.5;13.0;;42;84
2019;Auvergne et Rhône-Alpes;Haute-Loire;00-17 ans;Hommes;0.0;0.0;;43;84
2019;Auvergne et Rhône-Alpes;Haute-Loire;65 ans et plus;Hommes;11.0;45.4;;43;84
2019;Auvergne et Rhône-Alpes;Haute-Loire;45-64 ans;Femmes;2.5;7.8;;43;84
2019;Auvergne et Rhône-Alpes;Haute-Loire;Tous;Femmes;5.0;4.3;5.2;43;84
2019;Auvergne et Rhône-Alpes;Haute-Loire;25-44 ans;Hommes et Femmes;15.5;32.8;;43;84
2019;Auvergne et Rhône-Alpes;Haute-Loire;45-64 ans;Hommes et Femmes;8.5;13.3;;43;84
2019;Auvergne et Rhône-Alpes;Haute-Loire;Tous;Hommes et Femmes;35.0;15.4;16.2;43;84
2020;Auvergne et Rhône-Alpes;Haute-Loire;00-17 ans;Hommes;0.0;0.0;;43;84
2020;Auvergne et Rhône-Alpes;Haute-Loire;25-44 ans;Hommes;9.0;38.3;;43;84
2020;Auvergne et Rhône-Alpes;Haute-Loire;65 ans et plus;Hommes;10.0;40.3;;43;84
2020;Auvergne et Rhône-Alpes;Haute-Loire;18-24 ans;Hommes et Femmes;0.0;0.0;;43;84
2021;Auvergne et Rhône-Alpes;Haute-Loire;00-17 ans;Hommes;0.0;0.0;;43;84
2021;Auvergne et Rhône-Alpes;Haute-Loire;25-44 ans;Hommes;10.0;43.0;;43;84
2021;Auvergne et Rhône-Alpes;Haute-Loire;Tous;Hommes;38.5;34.4;33.9;43;84
2021;Auvergne et Rhône-Alpes;Haute-Loire;25-44 ans;Femmes;2.5;10.8;;43;84
2021;Auvergne et Rhône-Alpes;Haute-Loire;45-64 ans;Femmes;5.0;15.8;;43;84
2021;Auvergne et Rhône-Alpes;Haute-Loire;65 ans et plus;Femmes;2.5;7.8;;43;84
2021;Auvergne et Rhône-Alpes;Haute-Loire;Tous;Femmes;8.0;6.9;7.4;43;84
2021;Auvergne et Rhône-Alpes;Haute-Loire;00-17 ans;Hommes et Femmes;0.0;0.0;;43;84
2021;Auvergne et Rhône-Alpes;Haute-Loire;45-64 ans;Hommes et Femmes;19.0;30.0;;43;84
2022;Auvergne et Rhône-Alpes;Haute-Loire;45-64 ans;Hommes;17.0;53.6;;43;84
2022;Auvergne et Rhône-Alpes;Haute-Loire;65 ans et plus;Hommes;10.0;38.9;;43;84
2022;Auvergne et Rhône-Alpes;Haute-Loire;00-17 ans;Femmes;0.0;0.0;;43;84
2022;Auvergne et Rhône-Alpes;Haute-Loire;Tous;Femmes;14.5;12.5;14.2;43;84
2022;Auvergne et Rhône-Alpes;Haute-Loire;00-17 ans;Hommes et Femmes;0.0;0.0;;43;84
2022;Auvergne et Rhône-Alpes;Haute-Loire;45-64 ans;Hommes et Femmes;23.0;36.3;;43;84
2023;Auvergne et Rhône-Alpes;Haute-Loire;18-24 ans;Hommes;0.0;0.0;;43;84
2023;Auvergne et Rhône-Alpes;Haute-Loire;25-44 ans;Hommes;5.0;21.2;;43;84
2023;Auvergne et Rhône-Alpes;Haute-Loire;45-64 ans;Hommes;7.0;22.3;;43;84
2023;Auvergne et Rhône-Alpes;Haute-Loire;65 ans et plus;Hommes;18.0;68.7;;43;84
2023;Auvergne et Rhône-Alpes;Haute-Loire;25-44 ans;Femmes;0.0;0.0;;43;84
2023;Auvergne et Rhône-Alpes;Haute-Loire;45-64 ans;Femmes;2.5;8.0;;43;84
2023;Auvergne et Rhône-Alpes;Haute-Loire;00-17 ans;Hommes et Femmes;0.0;0.0;;43;84
2023;Auvergne et Rhône-Alpes;Haute-Loire;25-44 ans;Hommes et Femmes;5.0;10.6;;43;84
2023;Auvergne et Rhône-Alpes;Haute-Loire;45-64 ans;Hommes et Femmes;9.5;15.1;;43;84
2019;Pays de la Loire;Loire-Atlantique;00-17 ans;Hommes;2.5;1.5;;44;52
2019;Pays de la Loire;Loire-Atlantique;25-44 ans;Hommes;42.0;23.3;;44;52
2019;Pays de la Loire;Loire-Atlantique;45-64 ans;Femmes;18.0;9.9;;44;52
2019;Pays de la Loire;Loire-Atlantique;Tous;Femmes;46.0;6.3;6.6;44;52
2019;Pays de la Loire;Loire-Atlantique;18-24 ans;Hommes et Femmes;7.5;6.1;;44;52
2019;Pays de la Loire;Loire-Atlantique;25-44 ans;Hommes et Femmes;47.0;13.0;;44;52
2019;Pays de la Loire;Loire-Atlantique;45-64 ans;Hommes et Femmes;87.0;24.3;;44;52
2020;Pays de la Loire;Loire-Atlantique;18-24 ans;Hommes;5.0;7.8;;44;52
2020;Pays de la Loire;Loire-Atlantique;25-44 ans;Hommes;39.0;21.5;;44;52
2020;Pays de la Loire;Loire-Atlantique;Tous;Hommes;158.5;22.5;23.4;44;52
2020;Pays de la Loire;Loire-Atlantique;00-17 ans;Femmes;0.0;0.0;;44;52
2020;Pays de la Loire;Loire-Atlantique;25-44 ans;Femmes;11.0;6.0;;44;52
2020;Pays de la Loire;Loire-Atlantique;65 ans et plus;Femmes;22.0;14.1;;44;52
2020;Pays de la Loire;Loire-Atlantique;25-44 ans;Hommes et Femmes;50.0;13.7;;44;52
2021;Pays de la Loire;Loire-Atlantique;00-17 ans;Hommes;2.5;1.5;;44;52
2021;Pays de la Loire;Loire-Atlantique;Tous;Hommes;135.0;19.0;19.8;44;52
2021;Pays de la Loire;Loire-Atlantique;00-17 ans;Femmes;0.0;0.0;;44;52
2021;Pays de la Loire;Loire-Atlantique;25-44 ans;Femmes;11.0;5.9;;44;52
2021;Pays de la Loire;Loire-Atlantique;65 ans et plus;Femmes;17.0;10.7;;44;52
2021;Pays de la Loire;Loire-Atlantique;Tous;Femmes;46.5;6.2;6.3;44;52
2021;Pays de la Loire;Loire-Atlantique;45-64 ans;Hommes et Femmes;75.0;20.8;;44;52
2021;Pays de la Loire;Loire-Atlantique;65 ans et plus;Hommes et Femmes;55.0;19.9;;44;52
2021;Pays de la Loire;Loire-Atlantique;Tous;Hommes et Femmes;182.5;12.5;12.9;44;52
2022;Pays de la Loire;Loire-Atlantique;18-24 ans;Hommes;2.5;3.8;;44;52
2022;Pays de la Loire;Loire-Atlantique;25-44 ans;Hommes;42.0;22.3;;44;52
2022;Pays de la Loire;Loire-Atlantique;65 ans et plus;Femmes;14.0;8.6;;44;52
2022;Pays de la Loire;Loire-Atlantique;25-44 ans;Hommes et Femmes;57.0;15.1;;44;52
2023;Pays de la Loire;Loire-Atlantique;25-44 ans;Hommes;43.0;22.5;;44;52
2023;Pays de la Loire;Loire-Atlantique;45-64 ans;Hommes;70.0;39.0;;44;52
2023;Pays de la Loire;Loire-Atlantique;65 ans et plus;Hommes;34.0;27.8;;44;52
2023;Pays de la Loire;Loire-Atlantique;25-44 ans;Femmes;10.0;5.2;;44;52
2023;Pays de la Loire;Loire-Atlantique;18-24 ans;Hommes et Femmes;8.5;6.6;;44;52
2023;Pays de la Loire;Loire-Atlantique;65 ans et plus;Hommes et Femmes;52.0;18.1;;44;52
2019;Centre-Val de Loire;Loiret;00-17 ans;Hommes;0.0;0.0;;45;24
2019;Centre-Val de Loire;Loiret;18-24 ans;Hommes;2.5;9.1;;45;24
2019;Centre-Val de Loire;Loiret;25-44 ans;Hommes;19.0;24.1;;45;24
2019;Centre-Val de Loire;Loiret;45-64 ans;Hommes;23.0;26.9;;45;24
2019;Centre-Val de Loire;Loiret;18-24 ans;Femmes;0.0;0.0;;45;24
2019;Centre-Val de Loire;Loiret;45-64 ans;Femmes;10.0;11.3;;45;24
2019;Centre-Val de Loire;Loiret;65 ans et plus;Femmes;2.5;3.2;;45;24
2019;Centre-Val de Loire;Loiret;00-17 ans;Hommes et Femmes;2.5;1.6;;45;24
2019;Centre-Val de Loire;Loiret;65 ans et plus;Hommes et Femmes;29.5;21.6;;45;24
2019;Centre-Val de Loire;Loiret;Tous;Hommes et Femmes;90.5;13.3;13.5;45;24
2020;Centre-Val de Loire;Loiret;25-44 ans;Hommes;9.0;11.5;;45;24
2020;Centre-Val de Loire;Loiret;65 ans et plus;Hommes;27.0;44.1;;45;24
2020;Centre-Val de Loire;Loiret;25-44 ans;Femmes;2.5;3.1;;45;24
2020;Centre-Val de Loire;Loiret;45-64 ans;Femmes;9.0;10.1;;45;24
2020;Centre-Val de Loire;Loiret;65 ans et plus;Femmes;11.0;13.9;;45;24
2020;Centre-Val de Loire;Loiret;65 ans et plus;Hommes et Femmes;38.0;27.1;;45;24
2021;Centre-Val de Loire;Loiret;18-24 ans;Femmes;0.0;0.0;;45;24
2021;Centre-Val de Loire;Loiret;25-44 ans;Femmes;2.5;3.1;;45;24
2021;Centre-Val de Loire;Loiret;45-64 ans;Femmes;2.5;2.8;;45;24
2021;Centre-Val de Loire;Loiret;65 ans et plus;Femmes;10.0;12.5;;45;24
2022;Centre-Val de Loire;Loiret;25-44 ans;Hommes;9.0;11.4;;45;24
2022;Centre-Val de Loire;Loiret;45-64 ans;Hommes;31.0;36.3;;45;24
2022;Centre-Val de Loire;Loiret;00-17 ans;Femmes;0.0;0.0;;45;24
2022;Centre-Val de Loire;Loiret;45-64 ans;Femmes;10.0;11.3;;45;24
2022;Centre-Val de Loire;Loiret;25-44 ans;Hommes et Femmes;15.0;9.3;;45;24
2022;Centre-Val de Loire;Loiret;65 ans et plus;Hommes et Femmes;39.0;27.1;;45;24
2023;Centre-Val de Loire;Loiret;25-44 ans;Hommes;13.0;16.5;;45;24
2023;Centre-Val de Loire;Loiret;45-64 ans;Hommes;25.0;29.4;;45;24
2023;Centre-Val de Loire;Loiret;00-17 ans;Femmes;2.5;3.4;;45;24
2023;Centre-Val de Loire;Loiret;45-64 ans;Femmes;6.0;6.8;;45;24
2023;Centre-Val de Loire;Loiret;Tous;Femmes;20.5;5.8;5.7;45;24
2023;Centre-Val de Loire;Loiret;18-24 ans;Hommes et Femmes;5.0;9.1;;45;24
2019;Occitanie;Lot;45-64 ans;Hommes;11.0;44.6;;46;76
2019;Occitanie;Lot;65 ans et plus;Hommes;11.0;47.2;;46;76
2019;Occitanie;Lot;45-64 ans;Femmes;2.5;9.7;;46;76
2019;Occitanie;Lot;00-17 ans;Hommes et Femmes;0.0;0.0;;46;76
2019;Occitanie;Lot;18-24 ans;Hommes et Femmes;0.0;0.0;;46;76
2019;Occitanie;Lot;25-44 ans;Hommes et Femmes;2.5;7.7;;46;76
2020;Occitanie;Lot;45-64 ans;Hommes;9.0;36.5;;46;76
2020;Occitanie;Lot;Tous;Hommes;26.5;31.2;30.9;46;76
2020;Occitanie;Lot;25-44 ans;Femmes;0.0;0.0;;46;76
2020;Occitanie;Lot;65 ans et plus;Femmes;2.5;8.6;;46;76
2020;Occitanie;Lot;Tous;Femmes;2.5;2.8;5.2;46;76
2020;Occitanie;Lot;45-64 ans;Hommes et Femmes;11.5;22.8;;46;76
2021;Occitanie;Lot;00-17 ans;Hommes;0.0;0.0;;46;76
2021;Occitanie;Lot;45-64 ans;Femmes;2.5;9.8;;46;76
2021;Occitanie;Lot;Tous;Femmes;2.5;2.8;4.7;46;76
2021;Occitanie;Lot;18-24 ans;Hommes et Femmes;0.0;0.0;;46;76
2022;Occitanie;Lot;00-17 ans;Hommes;0.0;0.0;;46;76
2022;Occitanie;Lot;Tous;Hommes;24.5;28.7;25.2;46;76
2022;Occitanie;Lot;18-24 ans;Femmes;0.0;0.0;;46;76
2022;Occitanie;Lot;25-44 ans;Femmes;0.0;0.0;;46;76
2022;Occitanie;Lot;Tous;Hommes et Femmes;29.0;16.5;13.4;46;76
2023;Occitanie;Lot;00-17 ans;Hommes;0.0;0.0;;46;76
2023;Occitanie;Lot;18-24 ans;Hommes;0.0;0.0;;46;76
2023;Occitanie;Lot;25-44 ans;Hommes;6.0;37.1;;46;76
2023;Occitanie;Lot;45-64 ans;Hommes;14.0;58.2;;46;76
2023;Occitanie;Lot;Tous;Hommes;29.0;33.9;30.8;46;76
2023;Occitanie;Lot;00-17 ans;Femmes;0.0;0.0;;46;76
2023;Occitanie;Lot;18-24 ans;Femmes;0.0;0.0;;46;76
2023;Occitanie;Lot;25-44 ans;Femmes;2.5;15.3;;46;76
2023;Occitanie;Lot;65 ans et plus;Femmes;2.5;8.2;;46;76
2023;Occitanie;Lot;65 ans et plus;Hommes et Femmes;11.5;20.6;;46;76
2023;Occitanie;Lot;Tous;Hommes et Femmes;36.0;20.5;18.4;46;76
2019;Nouvelle Aquitaine;Lot-et-Garonne;00-17 ans;Hommes;0.0;0.0;;47;75
2019;Nouvelle Aquitaine;Lot-et-Garonne;65 ans et plus;Hommes;22.0;57.1;;47;75
2019;Nouvelle Aquitaine;Lot-et-Garonne;00-17 ans;Femmes;0.0;0.0;;47;75
2019;Nouvelle Aquitaine;Lot-et-Garonne;00-17 ans;Hommes et Femmes;0.0;0.0;;47;75
2019;Nouvelle Aquitaine;Lot-et-Garonne;25-44 ans;Hommes et Femmes;7.0;10.3;;47;75
2019;Nouvelle Aquitaine;Lot-et-Garonne;65 ans et plus;Hommes et Femmes;29.0;33.1;;47;75
2020;Nouvelle Aquitaine;Lot-et-Garonne;00-17 ans;Hommes;0.0;0.0;;47;75
2020;Nouvelle Aquitaine;Lot-et-Garonne;65 ans et plus;Hommes;26.0;66.4;;47;75
2020;Nouvelle Aquitaine;Lot-et-Garonne;Tous;Hommes;46.0;28.9;25.4;47;75
2020;Nouvelle Aquitaine;Lot-et-Garonne;00-17 ans;Femmes;0.0;0.0;;47;75
2020;Nouvelle Aquitaine;Lot-et-Garonne;45-64 ans;Femmes;2.5;5.4;;47;75
2020;Nouvelle Aquitaine;Lot-et-Garonne;65 ans et plus;Femmes;6.0;12.1;;47;75
2020;Nouvelle Aquitaine;Lot-et-Garonne;25-44 ans;Hommes et Femmes;6.0;9.0;;47;75
2020;Nouvelle Aquitaine;Lot-et-Garonne;65 ans et plus;Hommes et Femmes;32.0;36.0;;47;75
2021;Nouvelle Aquitaine;Lot-et-Garonne;18-24 ans;Hommes;0.0;0.0;;47;75
2021;Nouvelle Aquitaine;Lot-et-Garonne;25-44 ans;Hommes;15.0;45.5;;47;75
2021;Nouvelle Aquitaine;Lot-et-Garonne;65 ans et plus;Hommes;19.0;47.8;;47;75
2021;Nouvelle Aquitaine;Lot-et-Garonne;Tous;Hommes;44.0;27.6;26.2;47;75
2021;Nouvelle Aquitaine;Lot-et-Garonne;00-17 ans;Femmes;0.0;0.0;;47;75
2021;Nouvelle Aquitaine;Lot-et-Garonne;Tous;Femmes;8.0;4.7;4.3;47;75
2022;Nouvelle Aquitaine;Lot-et-Garonne;25-44 ans;Hommes;6.0;17.9;;47;75
2022;Nouvelle Aquitaine;Lot-et-Garonne;25-44 ans;Femmes;0.0;0.0;;47;75
2022;Nouvelle Aquitaine;Lot-et-Garonne;65 ans et plus;Femmes;7.0;13.9;;47;75
2022;Nouvelle Aquitaine;Lot-et-Garonne;18-24 ans;Hommes et Femmes;2.5;12.0;;47;75
2022;Nouvelle Aquitaine;Lot-et-Garonne;Tous;Hommes et Femmes;62.5;18.8;17.5;47;75
2023;Nouvelle Aquitaine;Lot-et-Garonne;65 ans et plus;Hommes;18.0;44.5;;47;75
2023;Nouvelle Aquitaine;Lot-et-Garonne;00-17 ans;Femmes;0.0;0.0;;47;75
2023;Nouvelle Aquitaine;Lot-et-Garonne;45-64 ans;Femmes;2.5;5.5;;47;75
2023;Nouvelle Aquitaine;Lot-et-Garonne;25-44 ans;Hommes et Femmes;9.5;13.9;;47;75
2019;Occitanie;Lozère;65 ans et plus;Hommes;2.5;27.7;;48;76
2019;Occitanie;Lozère;25-44 ans;Femmes;0.0;0.0;;48;76
2019;Occitanie;Lozère;45-64 ans;Femmes;2.5;23.7;;48;76
2019;Occitanie;Lozère;18-24 ans;Hommes et Femmes;0.0;0.0;;48;76
2019;Occitanie;Lozère;25-44 ans;Hommes et Femmes;2.5;15.9;;48;76
2019;Occitanie;Lozère;65 ans et plus;Hommes et Femmes;2.5;12.7;;48;76
2019;Occitanie;Lozère;Tous;Hommes et Femmes;11.0;14.4;16.7;48;76
2020;Occitanie;Lozère;00-17 ans;Femmes;0.0;0.0;;48;76
2020;Occitanie;Lozère;45-64 ans;Femmes;2.5;23.6;;48;76
2020;Occitanie;Lozère;65 ans et plus;Femmes;2.5;23.4;;48;76
2020;Occitanie;Lozère;Tous;Femmes;2.5;6.5;9.1;48;76
2020;Occitanie;Lozère;18-24 ans;Hommes et Femmes;0.0;0.0;;48;76
2020;Occitanie;Lozère;65 ans et plus;Hommes et Femmes;7.5;38.2;;48;76
2021;Occitanie;Lozère;Tous;Hommes et Femmes;13.5;17.6;16.7;48;76
2022;Occitanie;Lozère;00-17 ans;Hommes;0.0;0.0;;48;76
2022;Occitanie;Lozère;45-64 ans;Femmes;0.0;0.0;;48;76
2022;Occitanie;Lozère;45-64 ans;Hommes et Femmes;2.5;11.7;;48;76
2022;Occitanie;Lozère;Tous;Hommes et Femmes;8.0;10.5;9.9;48;76
2023;Occitanie;Lozère;45-64 ans;Hommes;5.0;46.1;;48;76
2023;Occitanie;Lozère;18-24 ans;Femmes;0.0;0.0;;48;76
2023;Occitanie;Lozère;Tous;Femmes;2.5;6.5;9.7;48;76
2023;Occitanie;Lozère;00-17 ans;Hommes et Femmes;0.0;0.0;;48;76
2023;Occitanie;Lozère;18-24 ans;Hommes et Femmes;0.0;0.0;;48;76
2023;Occitanie;Lozère;Tous;Hommes et Femmes;12.5;16.3;14.8;48;76
2019;Pays de la Loire;Maine-et-Loire;00-17 ans;Hommes;0.0;0.0;;49;52
2019;Pays de la Loire;Maine-et-Loire;18-24 ans;Hommes;5.0;13.5;;49;52
2019;Pays de la Loire;Maine-et-Loire;25-44 ans;Hommes;26.0;27.8;;49;52
2019;Pays de la Loire;Maine-et-Loire;45-64 ans;Hommes;36.0;35.4;;49;52
2019;Pays de la Loire;Maine-et-Loire;00-17 ans;Femmes;0.0;0.0;;49;52
2019;Pays de la Loire;Maine-et-Loire;18-24 ans;Femmes;2.5;6.7;;49;52
2019;Pays de la Loire;Maine-et-Loire;65 ans et plus;Femmes;10.0;10.6;;49;52
2019;Pays de la Loire;Maine-et-Loire;00-17 ans;Hommes et Femmes;0.0;0.0;;49;52
2019;Pays de la Loire;Maine-et-Loire;18-24 ans;Hommes et Femmes;7.5;10.1;;49;52
2019;Pays de la Loire;Maine-et-Loire;65 ans et plus;Hommes et Femmes;33.0;19.9;;49;52
2020;Pays de la Loire;Maine-et-Loire;45-64 ans;Hommes;43.0;42.2;;49;52
2020;Pays de la Loire;Maine-et-Loire;00-17 ans;Femmes;2.5;2.8;;49;52
2020;Pays de la Loire;Maine-et-Loire;18-24 ans;Femmes;2.5;6.7;;49;52
2020;Pays de la Loire;Maine-et-Loire;25-44 ans;Femmes;2.5;2.7;;49;52
2020;Pays de la Loire;Maine-et-Loire;18-24 ans;Hommes et Femmes;7.5;10.1;;49;52
2021;Pays de la Loire;Maine-et-Loire;00-17 ans;Hommes;2.5;2.6;;49;52
2021;Pays de la Loire;Maine-et-Loire;25-44 ans;Hommes;22.0;23.4;;49;52
2021;Pays de la Loire;Maine-et-Loire;Tous;Hommes;112.5;28.1;28.5;49;52
2021;Pays de la Loire;Maine-et-Loire;18-24 ans;Femmes;2.5;6.9;;49;52
2021;Pays de la Loire;Maine-et-Loire;45-64 ans;Femmes;7.0;6.7;;49;52
2021;Pays de la Loire;Maine-et-Loire;00-17 ans;Hommes et Femmes;2.5;1.4;;49;52
2021;Pays de la Loire;Maine-et-Loire;18-24 ans;Hommes et Femmes;9.5;13.0;;49;52
2021;Pays de la Loire;Maine-et-Loire;25-44 ans;Hommes et Femmes;33.0;17.4;;49;52
2022;Pays de la Loire;Maine-et-Loire;65 ans et plus;Hommes;31.0;41.3;;49;52
2022;Pays de la Loire;Maine-et-Loire;45-64 ans;Femmes;9.0;8.7;;49;52
2022;Pays de la Loire;Maine-et-Loire;45-64 ans;Hommes et Femmes;56.0;27.3;;49;52
2023;Pays de la Loire;Maine-et-Loire;00-17 ans;Hommes;2.5;2.7;;49;52
2023;Pays de la Loire;Maine-et-Loire;18-24 ans;Femmes;2.5;6.7;;49;52
2023;Pays de la Loire;Maine-et-Loire;Tous;Femmes;34.0;8.0;8.1;49;52
2023;Pays de la Loire;Maine-et-Loire;Tous;Hommes et Femmes;139.5;16.8;16.8;49;52
2019;Normandie;Manche;18-24 ans;Hommes;2.5;14.8;;50;28
2019;Normandie;Manche;65 ans et plus;Hommes;34.0;63.9;;50;28
2019;Normandie;Manche;Tous;Hommes;98.0;40.6;38.0;50;28
2019;Normandie;Manche;18-24 ans;Femmes;0.0;0.0;;50;28
2019;Normandie;Manche;65 ans et plus;Femmes;7.0;10.0;;50;28
2019;Normandie;Manche;18-24 ans;Hommes et Femmes;2.5;7.8;;50;28
2019;Normandie;Manche;Tous;Hommes et Femmes;117.5;23.7;22.0;50;28
2020;Normandie;Manche;18-24 ans;Hommes;5.5;32.5;;50;28
2020;Normandie;Manche;Tous;Hommes;99.5;41.1;39.7;50;28
2020;Normandie;Manche;00-17 ans;Hommes et Femmes;0.0;0.0;;50;28
2020;Normandie;Manche;45-64 ans;Hommes et Femmes;46.0;33.6;;50;28
2020;Normandie;Manche;Tous;Hommes et Femmes;126.0;25.4;24.1;50;28
2021;Normandie;Manche;65 ans et plus;Hommes;31.0;56.3;;50;28
2021;Normandie;Manche;25-44 ans;Femmes;6.0;11.7;;50;28
2021;Normandie;Manche;45-64 ans;Femmes;9.0;13.1;;50;28
2021;Normandie;Manche;45-64 ans;Hommes et Femmes;39.0;28.7;;50;28
2022;Normandie;Manche;18-24 ans;Hommes;5.0;29.2;;50;28
2022;Normandie;Manche;Tous;Hommes;98.0;40.4;37.9;50;28
2022;Normandie;Manche;00-17 ans;Femmes;2.5;5.3;;50;28
2022;Normandie;Manche;45-64 ans;Femmes;11.0;16.2;;50;28
2022;Normandie;Manche;65 ans et plus;Hommes et Femmes;51.0;39.4;;50;28
2022;Normandie;Manche;Tous;Hommes et Femmes;128.5;25.9;23.9;50;28
2023;Normandie;Manche;18-24 ans;Hommes;2.5;14.6;;50;28
2023;Normandie;Manche;45-64 ans;Hommes;40.0;60.6;;50;28
2023;Normandie;Manche;Tous;Hommes;92.5;38.1;36.8;50;28
2023;Normandie;Manche;00-17 ans;Femmes;2.5;5.4;;50;28
2023;Normandie;Manche;Tous;Femmes;23.0;9.1;8.2;50;28
2023;Normandie;Manche;00-17 ans;Hommes et Femmes;2.5;2.6;;50;28
2023;Normandie;Manche;65 ans et plus;Hommes et Femmes;48.0;36.7;;50;28
2019;Grand Est;Marne;25-44 ans;Hommes;12.0;17.5;;51;44
2019;Grand Est;Marne;45-64 ans;Hommes;22.0;31.2;;51;44
2019;Grand Est;Marne;65 ans et plus;Hommes;13.0;27.7;;51;44
2019;Grand Est;Marne;18-24 ans;Femmes;0.0;0.0;;51;44
2019;Grand Est;Marne;65 ans et plus;Femmes;8.0;12.5;;51;44
2019;Grand Est;Marne;65 ans et plus;Hommes et Femmes;21.0;18.9;;51;44
2020;Grand Est;Marne;18-24 ans;Hommes;2.5;9.2;;51;44
2020;Grand Est;Marne;00-17 ans;Femmes;2.5;4.2;;51;44
2020;Grand Est;Marne;18-24 ans;Femmes;2.5;9.7;;51;44
2020;Grand Est;Marne;45-64 ans;Femmes;10.0;13.4;;51;44
2021;Grand Est;Marne;00-17 ans;Hommes;2.5;4.1;;51;44
2021;Grand Est;Marne;00-17 ans;Femmes;0.0;0.0;;51;44
2021;Grand Est;Marne;00-17 ans;Hommes et Femmes;2.5;2.1;;51;44
2021;Grand Est;Marne;45-64 ans;Hommes et Femmes;21.0;14.6;;51;44
2021;Grand Est;Marne;Tous;Hommes et Femmes;68.0;12.0;12.2;51;44
2022;Grand Est;Marne;25-44 ans;Hommes;15.0;22.2;;51;44
2022;Grand Est;Marne;45-64 ans;Hommes;11.0;15.9;;51;44
2022;Grand Est;Marne;18-24 ans;Femmes;2.5;9.9;;51;44
2022;Grand Est;Marne;Tous;Femmes;12.0;4.1;4.1;51;44
2022;Grand Est;Marne;18-24 ans;Hommes et Femmes;2.5;4.9;;51;44
2022;Grand Est;Marne;25-44 ans;Hommes et Femmes;17.5;12.9;;51;44
2022;Grand Est;Marne;Tous;Hommes et Femmes;62.5;11.1;10.9;51;44
2023;Grand Est;Marne;00-17 ans;Hommes;0.0;0.0;;51;44
2023;Grand Est;Marne;18-24 ans;Hommes;5.0;19.2;;51;44
2023;Grand Est;Marne;65 ans et plus;Hommes;15.0;29.8;;51;44
2023;Grand Est;Marne;00-17 ans;Femmes;0.0;0.0;;51;44
2023;Grand Est;Marne;18-24 ans;Femmes;0.0;0.0;;51;44
2023;Grand Est;Marne;25-44 ans;Femmes;2.5;3.6;;51;44
2023;Grand Est;Marne;45-64 ans;Hommes et Femmes;20.0;14.2;;51;44
2019;Grand Est;Haute-Marne;00-17 ans;Hommes;0.0;0.0;;52;44
2019;Grand Est;Haute-Marne;45-64 ans;Hommes;5.0;20.9;;52;44
2019;Grand Est;Haute-Marne;65 ans et plus;Hommes;11.0;59.1;;52;44
2019;Grand Est;Haute-Marne;00-17 ans;Hommes et Femmes;0.0;0.0;;52;44
2019;Grand Est;Haute-Marne;Tous;Hommes et Femmes;22.0;12.8;14.2;52;44
2020;Grand Est;Haute-Marne;25-44 ans;Hommes;2.5;13.4;;52;44
2020;Grand Est;Haute-Marne;65 ans et plus;Hommes;7.0;36.7;;52;44
2020;Grand Est;Haute-Marne;25-44 ans;Femmes;2.5;14.2;;52;44
2020;Grand Est;Haute-Marne;00-17 ans;Hommes et Femmes;0.0;0.0;;52;44
2020;Grand Est;Haute-Marne;Tous;Hommes et Femmes;29.5;17.2;15.6;52;44
2021;Grand Est;Haute-Marne;00-17 ans;Hommes;0.0;0.0;;52;44
2021;Grand Est;Haute-Marne;45-64 ans;Hommes;6.0;25.8;;52;44
2021;Grand Est;Haute-Marne;65 ans et plus;Hommes;5.0;26.0;;52;44
2021;Grand Est;Haute-Marne;18-24 ans;Femmes;0.0;0.0;;52;44
2021;Grand Est;Haute-Marne;25-44 ans;Femmes;2.5;14.4;;52;44
2022;Grand Est;Haute-Marne;65 ans et plus;Hommes;2.5;12.8;;52;44
2022;Grand Est;Haute-Marne;Tous;Hommes;13.5;16.2;19.0;52;44
2022;Grand Est;Haute-Marne;18-24 ans;Femmes;0.0;0.0;;52;44
2022;Grand Est;Haute-Marne;65 ans et plus;Hommes et Femmes;6.0;13.4;;52;44
2022;Grand Est;Haute-Marne;Tous;Hommes et Femmes;22.0;13.0;12.7;52;44
2023;Grand Est;Haute-Marne;00-17 ans;Hommes;0.0;0.0;;52;44
2023;Grand Est;Haute-Marne;45-64 ans;Hommes;11.0;49.3;;52;44
2023;Grand Est;Haute-Marne;Tous;Femmes;2.5;2.9;4.3;52;44
2023;Grand Est;Haute-Marne;45-64 ans;Hommes et Femmes;13.5;30.0;;52;44
2019;Pays de la Loire;Mayenne;18-24 ans;Hommes;2.5;20.7;;53;52
2019;Pays de la Loire;Mayenne;45-64 ans;Hommes;16.0;39.3;;53;52
2019;Pays de la Loire;Mayenne;Tous;Hommes;36.5;24.1;23.1;53;52
2019;Pays de la Loire;Mayenne;18-24 ans;Femmes;0.0;0.0;;53;52
2019;Pays de la Loire;Mayenne;45-64 ans;Femmes;2.5;6.2;;53;52
2019;Pays de la Loire;Mayenne;00-17 ans;Hommes et Femmes;0.0;0.0;;53;52
2019;Pays de la Loire;Mayenne;45-64 ans;Hommes et Femmes;18.5;22.9;;53;52
2020;Pays de la Loire;Mayenne;25-44 ans;Hommes;9.0;27.2;;53;52
2020;Pays de la Loire;Mayenne;65 ans et plus;Femmes;2.5;6.5;;53;52
2021;Pays de la Loire;Mayenne;25-44 ans;Hommes;2.5;7.6;;53;52
2021;Pays de la Loire;Mayenne;45-64 ans;Hommes;16.0;39.5;;53;52
2021;Pays de la Loire;Mayenne;65 ans et plus;Hommes;19.0;62.7;;53;52
2021;Pays de la Loire;Mayenne;Tous;Hommes;37.0;24.5;23.5;53;52
2021;Pays de la Loire;Mayenne;65 ans et plus;Femmes;2.5;6.5;;53;52
2021;Pays de la Loire;Mayenne;Tous;Femmes;15.0;9.7;10.5;53;52
2021;Pays de la Loire;Mayenne;00-17 ans;Hommes et Femmes;0.0;0.0;;53;52
2022;Pays de la Loire;Mayenne;00-17 ans;Femmes;0.0;0.0;;53;52
2022;Pays de la Loire;Mayenne;25-44 ans;Femmes;2.5;7.7;;53;52
2022;Pays de la Loire;Mayenne;65 ans et plus;Femmes;7.0;17.8;;53;52
2022;Pays de la Loire;Mayenne;25-44 ans;Hommes et Femmes;9.5;14.4;;53;52
2022;Pays de la Loire;Mayenne;Tous;Hommes et Femmes;59.5;19.5;19.3;53;52
2023;Pays de la Loire;Mayenne;00-17 ans;Hommes;2.5;7.4;;53;52
2023;Pays de la Loire;Mayenne;65 ans et plus;Hommes;12.0;38.1;;53;52
2023;Pays de la Loire;Mayenne;18-24 ans;Femmes;0.0;0.0;;53;52
2023;Pays de la Loire;Mayenne;65 ans et plus;Hommes et Femmes;20.0;28.1;;53;52
2019;Grand Est;Meurthe-et-Moselle;25-44 ans;Hommes;26.0;28.9;;54;44
2019;Grand Est;Meurthe-et-Moselle;45-64 ans;Hommes;36.0;39.3;;54;44
2019;Grand Est;Meurthe-et-Moselle;Tous;Hommes;87.0;24.4;24.6;54;44
2019;Grand Est;Meurthe-et-Moselle;45-64 ans;Femmes;7.0;7.3;;54;44
2019;Grand Est;Meurthe-et-Moselle;65 ans et plus;Femmes;8.0;9.7;;54;44
2019;Grand Est;Meurthe-et-Moselle;00-17 ans;Hommes et Femmes;2.5;1.7;;54;44
2019;Grand Est;Meurthe-et-Moselle;Tous;Hommes et Femmes;110.5;15.1;15.0;54;44
2020;Grand Est;Meurthe-et-Moselle;25-44 ans;Hommes;19.0;21.3;;54;44
2020;Grand Est;Meurthe-et-Moselle;45-64 ans;Hommes;33.0;36.4;;54;44
2020;Grand Est;Meurthe-et-Moselle;18-24 ans;Femmes;0.0;0.0;;54;44
2020;Grand Est;Meurthe-et-Moselle;25-44 ans;Hommes et Femmes;25.0;14.0;;54;44
2020;Grand Est;Meurthe-et-Moselle;45-64 ans;Hommes et Femmes;44.0;23.6;;54;44
2021;Grand Est;Meurthe-et-Moselle;65 ans et plus;Hommes;17.0;27.2;;54;44
2021;Grand Est;Meurthe-et-Moselle;Tous;Hommes;60.0;16.9;17.1;54;44
2021;Grand Est;Meurthe-et-Moselle;Tous;Femmes;32.5;8.6;8.3;54;44
2021;Grand Est;Meurthe-et-Moselle;00-17 ans;Hommes et Femmes;2.5;1.7;;54;44
2021;Grand Est;Meurthe-et-Moselle;45-64 ans;Hommes et Femmes;35.0;18.9;;54;44
2021;Grand Est;Meurthe-et-Moselle;Tous;Hommes et Femmes;92.5;12.6;12.6;54;44
2022;Grand Est;Meurthe-et-Moselle;Tous;Hommes;74.0;20.8;20.7;54;44
2022;Grand Est;Meurthe-et-Moselle;18-24 ans;Femmes;2.5;7.1;;54;44
2022;Grand Est;Meurthe-et-Moselle;45-64 ans;Femmes;15.0;16.0;;54;44
2022;Grand Est;Meurthe-et-Moselle;65 ans et plus;Femmes;7.0;8.2;;54;44
2022;Grand Est;Meurthe-et-Moselle;00-17 ans;Hommes et Femmes;0.0;0.0;;54;44
2023;Grand Est;Meurthe-et-Moselle;00-17 ans;Hommes;0.0;0.0;;54;44
2023;Grand Est;Meurthe-et-Moselle;00-17 ans;Femmes;0.0;0.0;;54;44
2023;Grand Est;Meurthe-et-Moselle;65 ans et plus;Femmes;2.5;2.9;;54;44
2023;Grand Est;Meurthe-et-Moselle;00-17 ans;Hommes et Femmes;0.0;0.0;;54;44
2023;Grand Est;Meurthe-et-Moselle;18-24 ans;Hommes et Femmes;2.5;3.5;;54;44
2023;Grand Est;Meurthe-et-Moselle;25-44 ans;Hommes et Femmes;19.5;10.8;;54;44
2023;Grand Est;Meurthe-et-Moselle;45-64 ans;Hommes et Femmes;30.0;16.4;;54;44
2019;Grand Est;Meuse;00-17 ans;Hommes;0.0;0.0;;55;44
2019;Grand Est;Meuse;25-44 ans;Hommes;6.0;28.7;;55;44
2019;Grand Est;Meuse;25-44 ans;Femmes;0.0;0.0;;55;44
2019;Grand Est;Meuse;65 ans et plus;Femmes;2.5;10.6;;55;44
2019;Grand Est;Meuse;18-24 ans;Hommes et Femmes;0.0;0.0;;55;44
2019;Grand Est;Meuse;25-44 ans;Hommes et Femmes;6.0;14.7;;55;44
2019;Grand Est;Meuse;45-64 ans;Hommes et Femmes;14.5;28.5;;55;44
2019;Grand Est;Meuse;65 ans et plus;Hommes et Femmes;10.5;24.9;;55;44
2019;Grand Est;Meuse;Tous;Hommes et Femmes;31.0;16.8;16.4;55;44
2020;Grand Est;Meuse;00-17 ans;Hommes;0.0;0.0;;55;44
2020;Grand Est;Meuse;18-24 ans;Femmes;0.0;0.0;;55;44
2020;Grand Est;Meuse;Tous;Femmes;2.5;2.7;4.4;55;44
2020;Grand Est;Meuse;00-17 ans;Hommes et Femmes;0.0;0.0;;55;44
2020;Grand Est;Meuse;45-64 ans;Hommes et Femmes;14.5;28.8;;55;44
2020;Grand Est;Meuse;65 ans et plus;Hommes et Femmes;17.5;40.6;;55;44
2021;Grand Est;Meuse;45-64 ans;Hommes;7.0;27.9;;55;44
2021;Grand Est;Meuse;65 ans et plus;Hommes;8.0;41.5;;55;44
2021;Grand Est;Meuse;00-17 ans;Femmes;0.0;0.0;;55;44
2021;Grand Est;Meuse;45-64 ans;Femmes;2.5;10.1;;55;44
2021;Grand Est;Meuse;Tous;Femmes;6.0;6.5;5.9;55;44
2021;Grand Est;Meuse;00-17 ans;Hommes et Femmes;0.0;0.0;;55;44
2021;Grand Est;Meuse;65 ans et plus;Hommes et Femmes;10.5;24.0;;55;44
2022;Grand Est;Meuse;45-64 ans;Hommes;14.0;56.7;;55;44
2022;Grand Est;Meuse;18-24 ans;Femmes;0.0;0.0;;55;44
2022;Grand Est;Meuse;65 ans et plus;Femmes;2.5;10.1;;55;44
2022;Grand Est;Meuse;00-17 ans;Hommes et Femmes;0.0;0.0;;55;44
2022;Grand Est;Meuse;25-44 ans;Hommes et Femmes;8.5;21.8;;55;44
2022;Grand Est;Meuse;45-64 ans;Hommes et Femmes;16.5;33.5;;55;44
2022;Grand Est;Meuse;Tous;Hommes et Femmes;41.0;22.7;22.3;55;44
2023;Grand Est;Meuse;00-17 ans;Hommes;0.0;0.0;;55;44
2023;Grand Est;Meuse;18-24 ans;Hommes;2.5;36.3;;55;44
2023;Grand Est;Meuse;18-24 ans;Femmes;0.0;0.0;;55;44
2023;Grand Est;Meuse;65 ans et plus;Femmes;2.5;10.0;;55;44
2023;Grand Est;Meuse;25-44 ans;Hommes et Femmes;10.0;25.9;;55;44
2019;Bretagne;Morbihan;18-24 ans;Hommes;2.5;9.2;;56;53
2019;Bretagne;Morbihan;25-44 ans;Hommes;40.0;50.6;;56;53
2019;Bretagne;Morbihan;18-24 ans;Femmes;2.5;10.7;;56;53
2019;Bretagne;Morbihan;25-44 ans;Femmes;8.0;10.1;;56;53
2019;Bretagne;Morbihan;Tous;Femmes;53.0;13.5;13.1;56;53
2019;Bretagne;Morbihan;18-24 ans;Hommes et Femmes;7.0;13.9;;56;53
2019;Bretagne;Morbihan;45-64 ans;Hommes et Femmes;71.0;33.8;;56;53
2019;Bretagne;Morbihan;Tous;Hommes et Femmes;184.0;24.2;23.7;56;53
2020;Bretagne;Morbihan;18-24 ans;Hommes;2.5;9.0;;56;53
2020;Bretagne;Morbihan;18-24 ans;Femmes;0.0;0.0;;56;53
2020;Bretagne;Morbihan;00-17 ans;Hommes et Femmes;2.5;1.6;;56;53
2020;Bretagne;Morbihan;18-24 ans;Hommes et Femmes;2.5;4.9;;56;53
2020;Bretagne;Morbihan;45-64 ans;Hommes et Femmes;82.0;38.8;;56;53
2020;Bretagne;Morbihan;65 ans et plus;Hommes et Femmes;57.0;29.8;;56;53
2021;Bretagne;Morbihan;45-64 ans;Hommes;50.0;48.2;;56;53
2021;Bretagne;Morbihan;Tous;Hommes;131.0;35.1;34.0;56;53
2021;Bretagne;Morbihan;00-17 ans;Femmes;2.5;3.4;;56;53
2021;Bretagne;Morbihan;18-24 ans;Femmes;0.0;0.0;;56;53
2021;Bretagne;Morbihan;00-17 ans;Hommes et Femmes;2.5;1.7;;56;53
2021;Bretagne;Morbihan;45-64 ans;Hommes et Femmes;67.0;31.6;;56;53
2021;Bretagne;Morbihan;65 ans et plus;Hommes et Femmes;54.0;27.6;;56;53
2022;Bretagne;Morbihan;65 ans et plus;Hommes;37.0;42.4;;56;53
2022;Bretagne;Morbihan;25-44 ans;Femmes;2.5;3.1;;56;53
2022;Bretagne;Morbihan;45-64 ans;Femmes;9.0;8.3;;56;53
2022;Bretagne;Morbihan;65 ans et plus;Femmes;14.0;12.2;;56;53
2022;Bretagne;Morbihan;Tous;Femmes;25.0;6.3;5.6;56;53
2022;Bretagne;Morbihan;25-44 ans;Hommes et Femmes;48.5;30.2;;56;53
2022;Bretagne;Morbihan;Tous;Hommes et Femmes;160.0;20.6;20.0;56;53
2023;Bretagne;Morbihan;18-24 ans;Hommes;2.5;8.9;;56;53
2023;Bretagne;Morbihan;45-64 ans;Femmes;22.0;20.4;;56;53
2023;Bretagne;Morbihan;65 ans et plus;Femmes;18.0;15.5;;56;53
2023;Bretagne;Morbihan;00-17 ans;Hommes et Femmes;2.5;1.7;;56;53
2019;Grand Est;Moselle;18-24 ans;Hommes;0.0;0.0;;57;44
2019;Grand Est;Moselle;65 ans et plus;Hommes;36.0;40.0;;57;44
2019;Grand Est;Moselle;45-64 ans;Femmes;15.0;10.1;;57;44
2019;Grand Est;Moselle;45-64 ans;Hommes et Femmes;45.0;15.4;;57;44
2019;Grand Est;Moselle;Tous;Hommes et Femmes;124.0;11.8;11.6;57;44
2020;Grand Est;Moselle;18-24 ans;Hommes;2.5;6.0;;57;44
2020;Grand Est;Moselle;65 ans et plus;Hommes;31.0;33.6;;57;44
2020;Grand Est;Moselle;Tous;Hommes;100.5;19.6;19.3;57;44
2020;Grand Est;Moselle;00-17 ans;Femmes;0.0;0.0;;57;44
2020;Grand Est;Moselle;18-24 ans;Femmes;0.0;0.0;;57;44
2020;Grand Est;Moselle;65 ans et plus;Femmes;12.0;10.0;;57;44
2020;Grand Est;Moselle;45-64 ans;Hommes et Femmes;54.0;18.6;;57;44
2021;Grand Est;Moselle;00-17 ans;Hommes;2.5;2.3;;57;44
2021;Grand Est;Moselle;45-64 ans;Hommes;46.0;32.7;;57;44
2021;Grand Est;Moselle;65 ans et plus;Hommes;31.0;33.2;;57;44
2021;Grand Est;Moselle;00-17 ans;Femmes;2.5;2.4;;57;44
2021;Grand Est;Moselle;65 ans et plus;Femmes;10.0;8.2;;57;44
2021;Grand Est;Moselle;Tous;Hommes et Femmes;134.0;12.8;12.3;57;44
2022;Grand Est;Moselle;00-17 ans;Hommes;0.0;0.0;;57;44
2022;Grand Est;Moselle;00-17 ans;Femmes;2.5;2.4;;57;44
2022;Grand Est;Moselle;18-24 ans;Hommes et Femmes;2.5;3.2;;57;44
2023;Grand Est;Moselle;25-44 ans;Hommes;23.0;17.5;;57;44
2023;Grand Est;Moselle;65 ans et plus;Hommes;24.0;24.8;;57;44
2023;Grand Est;Moselle;65 ans et plus;Femmes;9.0;7.2;;57;44
2023;Grand Est;Moselle;25-44 ans;Hommes et Femmes;30.0;11.5;;57;44
2019;Bourgogne et Franche-Comté;Nièvre;00-17 ans;Hommes;0.0;0.0;;58;27
2019;Bourgogne et Franche-Comté;Nièvre;18-24 ans;Hommes;2.5;36.3;;58;27
2019;Bourgogne et Franche-Comté;Nièvre;45-64 ans;Hommes;15.0;53.8;;58;27
2019;Bourgogne et Franche-Comté;Nièvre;Tous;Hommes;36.0;36.6;31.3;58;27
2019;Bourgogne et Franche-Comté;Nièvre;45-64 ans;Femmes;2.5;8.6;;58;27
2019;Bourgogne et Franche-Comté;Nièvre;Tous;Femmes;8.0;7.5;9.0;58;27
2019;Bourgogne et Franche-Comté;Nièvre;25-44 ans;Hommes et Femmes;5.0;13.0;;58;27
2020;Bourgogne et Franche-Comté;Nièvre;Tous;Hommes;27.0;27.7;25.1;58;27
2020;Bourgogne et Franche-Comté;Nièvre;00-17 ans;Femmes;0.0;0.0;;58;27
2020;Bourgogne et Franche-Comté;Nièvre;65 ans et plus;Femmes;2.5;7.2;;58;27
2020;Bourgogne et Franche-Comté;Nièvre;Tous;Femmes;9.0;8.6;9.8;58;27
2021;Bourgogne et Franche-Comté;Nièvre;18-24 ans;Hommes;2.5;36.3;;58;27
2021;Bourgogne et Franche-Comté;Nièvre;65 ans et plus;Hommes;11.0;41.4;;58;27
2021;Bourgogne et Franche-Comté;Nièvre;18-24 ans;Femmes;0.0;0.0;;58;27
2021;Bourgogne et Franche-Comté;Nièvre;00-17 ans;Hommes et Femmes;0.0;0.0;;58;27
2021;Bourgogne et Franche-Comté;Nièvre;45-64 ans;Hommes et Femmes;14.0;25.2;;58;27
2022;Bourgogne et Franche-Comté;Nièvre;25-44 ans;Hommes;7.0;36.7;;58;27
2022;Bourgogne et Franche-Comté;Nièvre;65 ans et plus;Hommes;10.0;37.6;;58;27
2022;Bourgogne et Franche-Comté;Nièvre;Tous;Hommes;32.0;32.8;30.3;58;27
2022;Bourgogne et Franche-Comté;Nièvre;Tous;Femmes;8.5;8.1;4.9;58;27
2022;Bourgogne et Franche-Comté;Nièvre;18-24 ans;Hommes et Femmes;0.0;0.0;;58;27
2022;Bourgogne et Franche-Comté;Nièvre;45-64 ans;Hommes et Femmes;17.5;31.8;;58;27
2023;Bourgogne et Franche-Comté;Nièvre;00-17 ans;Femmes;0.0;0.0;;58;27
2023;Bourgogne et Franche-Comté;Nièvre;18-24 ans;Hommes et Femmes;0.0;0.0;;58;27
2023;Bourgogne et Franche-Comté;Nièvre;65 ans et plus;Hommes et Femmes;11.5;18.6;;58;27
2023;Bourgogne et Franche-Comté;Nièvre;Tous;Hommes et Femmes;29.0;14.4;14.9;58;27
2019;Hauts-de-France;Nord;25-44 ans;Hommes;75.0;23.0;;59;32
2019;Hauts-de-France;Nord;18-24 ans;Femmes;2.5;2.0;;59;32
2019;Hauts-de-France;Nord;00-17 ans;Hommes et Femmes;6.0;1.0;;59;32
2019;Hauts-de-France;Nord;18-24 ans;Hommes et Femmes;15.5;6.2;;59;32
2020;Hauts-de-France;Nord;25-44 ans;Hommes;68.0;21.1;;59;32
2020;Hauts-de-France;Nord;25-44 ans;Femmes;20.0;6.0;;59;32
2020;Hauts-de-France;Nord;25-44 ans;Hommes et Femmes;88.0;13.4;;59;32
2021;Hauts-de-France;Nord;00-17 ans;Hommes;5.0;1.6;;59;32
2021;Hauts-de-France;Nord;18-24 ans;Hommes;16.0;12.8;;59;32
2021;Hauts-de-France;Nord;25-44 ans;Hommes;74.0;22.8;;59;32
2021;Hauts-de-France;Nord;45-64 ans;Hommes;101.0;32.5;;59;32
2021;Hauts-de-France;Nord;00-17 ans;Femmes;2.5;0.9;;59;32
2021;Hauts-de-France;Nord;45-64 ans;Femmes;36.0;11.0;;59;32
2021;Hauts-de-France;Nord;65 ans et plus;Femmes;23.0;8.4;;59;32
2021;Hauts-de-France;Nord;25-44 ans;Hommes et Femmes;94.0;14.3;;59;32
2021;Hauts-de-France;Nord;Tous;Hommes et Femmes;345.5;13.2;13.8;59;32
2022;Hauts-de-France;Nord;00-17 ans;Hommes;0.0;0.0;;59;32
2022;Hauts-de-France;Nord;25-44 ans;Hommes;84.0;25.8;;59;32
2022;Hauts-de-France;Nord;65 ans et plus;Hommes;85.0;43.4;;59;32
2022;Hauts-de-France;Nord;Tous;Hommes;274.0;21.7;23.0;59;32
2022;Hauts-de-France;Nord;00-17 ans;Femmes;2.5;0.9;;59;32
2022;Hauts-de-France;Nord;25-44 ans;Femmes;24.0;7.2;;59;32
2022;Hauts-de-France;Nord;65 ans et plus;Femmes;24.0;8.6;;59;32
2022;Hauts-de-France;Nord;00-17 ans;Hommes et Femmes;2.5;0.4;;59;32
2022;Hauts-de-France;Nord;25-44 ans;Hommes et Femmes;108.0;16.3;;59;32
2022;Hauts-de-France;Nord;Tous;Hommes et Femmes;363.0;13.9;14.7;59;32
2023;Hauts-de-France;Nord;00-17 ans;Hommes;2.5;0.8;;59;32
2023;Hauts-de-France;Nord;18-24 ans;Hommes;11.0;8.7;;59;32
2023;Hauts-de-France;Nord;25-44 ans;Hommes;74.0;22.7;;59;32
2023;Hauts-de-France;Nord;45-64 ans;Hommes;97.0;31.3;;59;32
2023;Hauts-de-France;Nord;65 ans et plus;Hommes;78.0;39.1;;59;32
2023;Hauts-de-France;Nord;18-24 ans;Hommes et Femmes;22.0;8.7;;59;32
2023;Hauts-de-France;Nord;45-64 ans;Hommes et Femmes;121.0;19.1;;59;32
2019;Hauts-de-France;Oise;25-44 ans;Hommes;16.0;15.9;;60;32
2019;Hauts-de-France;Oise;65 ans et plus;Femmes;5.0;6.3;;60;32
2019;Hauts-de-France;Oise;Tous;Femmes;14.0;3.3;3.7;60;32
2019;Hauts-de-France;Oise;18-24 ans;Hommes et Femmes;2.5;4.0;;60;32
2019;Hauts-de-France;Oise;25-44 ans;Hommes et Femmes;21.0;10.2;;60;32
2019;Hauts-de-France;Oise;Tous;Hommes et Femmes;87.5;10.5;11.0;60;32
2020;Hauts-de-France;Oise;00-17 ans;Hommes;2.5;2.5;;60;32
2020;Hauts-de-France;Oise;25-44 ans;Hommes;14.0;14.0;;60;32
2020;Hauts-de-France;Oise;65 ans et plus;Hommes;30.0;47.2;;60;32
2020;Hauts-de-France;Oise;Tous;Hommes;88.0;21.7;22.9;60;32
2020;Hauts-de-France;Oise;65 ans et plus;Femmes;8.0;9.8;;60;32
2020;Hauts-de-France;Oise;Tous;Femmes;25.0;5.9;6.3;60;32
2020;Hauts-de-France;Oise;00-17 ans;Hommes et Femmes;2.5;1.3;;60;32
2020;Hauts-de-France;Oise;18-24 ans;Hommes et Femmes;8.0;12.6;;60;32
2021;Hauts-de-France;Oise;25-44 ans;Femmes;2.5;2.4;;60;32
2021;Hauts-de-France;Oise;Tous;Hommes et Femmes;94.0;11.3;12.0;60;32
2022;Hauts-de-France;Oise;25-44 ans;Hommes;17.0;17.1;;60;32
2022;Hauts-de-France;Oise;45-64 ans;Hommes;41.0;38.0;;60;32
2022;Hauts-de-France;Oise;Tous;Hommes;83.0;20.4;21.0;60;32
2022;Hauts-de-France;Oise;25-44 ans;Hommes et Femmes;23.0;11.3;;60;32
2022;Hauts-de-France;Oise;45-64 ans;Hommes et Femmes;54.0;24.9;;60;32
2022;Hauts-de-France;Oise;65 ans et plus;Hommes et Femmes;27.0;18.0;;60;32
2022;Hauts-de-France;Oise;Tous;Hommes et Femmes;107.0;12.9;13.3;60;32
2023;Hauts-de-France;Oise;18-24 ans;Hommes;2.5;7.4;;60;32
2023;Hauts-de-France;Oise;25-44 ans;Hommes;14.0;14.1;;60;32
2023;Hauts-de-France;Oise;45-64 ans;Hommes;24.0;22.3;;60;32
2023;Hauts-de-France;Oise;65 ans et plus;Hommes;21.0;31.4;;60;32
2023;Hauts-de-France;Oise;Tous;Hommes;61.5;15.1;15.4;60;32
2023;Hauts-de-France;Oise;18-24 ans;Femmes;0.0;0.0;;60;32
2023;Hauts-de-France;Oise;45-64 ans;Femmes;13.0;11.9;;60;32
2023;Hauts-de-France;Oise;65 ans et plus;Femmes;9.0;10.6;;60;32
2023;Hauts-de-France;Oise;Tous;Femmes;24.5;5.8;6.6;60;32
2023;Hauts-de-France;Oise;45-64 ans;Hommes et Femmes;37.0;17.1;;60;32
2019;Normandie;Orne;18-24 ans;Hommes;0.0;0.0;;61;28
2019;Normandie;Orne;45-64 ans;Hommes;23.0;60.2;;61;28
2019;Normandie;Orne;Tous;Hommes;59.5;43.6;39.7;61;28
2019;Normandie;Orne;18-24 ans;Femmes;0.0;0.0;;61;28
2019;Normandie;Orne;25-44 ans;Femmes;2.5;9.0;;61;28
2019;Normandie;Orne;00-17 ans;Hommes et Femmes;2.5;4.5;;61;28
2019;Normandie;Orne;65 ans et plus;Hommes et Femmes;25.5;35.1;;61;28
2020;Normandie;Orne;00-17 ans;Hommes;2.5;8.8;;61;28
2020;Normandie;Orne;65 ans et plus;Hommes;17.0;52.9;;61;28
2020;Normandie;Orne;00-17 ans;Femmes;0.0;0.0;;61;28
2020;Normandie;Orne;25-44 ans;Hommes et Femmes;9.5;17.3;;61;28
2020;Normandie;Orne;45-64 ans;Hommes et Femmes;23.0;30.1;;61;28
2020;Normandie;Orne;65 ans et plus;Hommes et Femmes;27.0;36.6;;61;28
2020;Normandie;Orne;Tous;Hommes et Femmes;59.0;21.2;20.1;61;28
2021;Normandie;Orne;18-24 ans;Hommes;5.0;50.7;;61;28
2021;Normandie;Orne;Tous;Hommes;70.5;52.1;48.7;61;28
2021;Normandie;Orne;25-44 ans;Femmes;2.5;9.3;;61;28
2021;Normandie;Orne;18-24 ans;Hommes et Femmes;5.0;26.6;;61;28
2021;Normandie;Orne;45-64 ans;Hommes et Femmes;29.5;39.1;;61;28
2021;Normandie;Orne;65 ans et plus;Hommes et Femmes;28.0;37.5;;61;28
2022;Normandie;Orne;00-17 ans;Hommes;0.0;0.0;;61;28
2022;Normandie;Orne;18-24 ans;Hommes;0.0;0.0;;61;28
2022;Normandie;Orne;00-17 ans;Femmes;0.0;0.0;;61;28
2022;Normandie;Orne;45-64 ans;Femmes;6.0;16.0;;61;28
2022;Normandie;Orne;18-24 ans;Hommes et Femmes;0.0;0.0;;61;28
2022;Normandie;Orne;Tous;Hommes et Femmes;61.0;22.1;21.8;61;28
2023;Normandie;Orne;45-64 ans;Hommes;13.0;35.8;;61;28
2023;Normandie;Orne;18-24 ans;Femmes;0.0;0.0;;61;28
2023;Normandie;Orne;25-44 ans;Femmes;2.5;9.3;;61;28
2023;Normandie;Orne;65 ans et plus;Femmes;8.0;18.8;;61;28
2023;Normandie;Orne;00-17 ans;Hommes et Femmes;0.0;0.0;;61;28
2023;Normandie;Orne;18-24 ans;Hommes et Femmes;2.5;13.6;;61;28
2023;Normandie;Orne;25-44 ans;Hommes et Femmes;11.5;21.1;;61;28
2023;Normandie;Orne;45-64 ans;Hommes et Femmes;15.5;21.2;;61;28
2023;Normandie;Orne;65 ans et plus;Hommes et Femmes;19.0;25.0;;61;28
2019;Hauts-de-France;Pas-de-Calais;18-24 ans;Hommes;13.0;21.0;;62;32
2019;Hauts-de-France;Pas-de-Calais;45-64 ans;Hommes;91.0;48.4;;62;32
2019;Hauts-de-France;Pas-de-Calais;65 ans et plus;Hommes;49.0;42.9;;62;32
2019;Hauts-de-France;Pas-de-Calais;25-44 ans;Femmes;12.0;6.8;;62;32
2019;Hauts-de-France;Pas-de-Calais;65 ans et plus;Femmes;12.0;7.3;;62;32
2019;Hauts-de-France;Pas-de-Calais;45-64 ans;Hommes et Femmes;123.0;32.2;;62;32
2020;Hauts-de-France;Pas-de-Calais;00-17 ans;Hommes;2.5;1.5;;62;32
2020;Hauts-de-France;Pas-de-Calais;00-17 ans;Femmes;2.5;1.5;;62;32
2020;Hauts-de-France;Pas-de-Calais;25-44 ans;Femmes;10.0;5.7;;62;32
2020;Hauts-de-France;Pas-de-Calais;45-64 ans;Femmes;26.0;13.4;;62;32
2020;Hauts-de-France;Pas-de-Calais;65 ans et plus;Femmes;13.0;7.8;;62;32
2020;Hauts-de-France;Pas-de-Calais;Tous;Femmes;56.5;7.5;7.4;62;32
2020;Hauts-de-France;Pas-de-Calais;00-17 ans;Hommes et Femmes;2.5;0.7;;62;32
2020;Hauts-de-France;Pas-de-Calais;18-24 ans;Hommes et Femmes;11.0;9.3;;62;32
2020;Hauts-de-France;Pas-de-Calais;45-64 ans;Hommes et Femmes;113.0;29.6;;62;32
2021;Hauts-de-France;Pas-de-Calais;18-24 ans;Hommes;2.5;4.1;;62;32
2021;Hauts-de-France;Pas-de-Calais;Tous;Hommes;200.0;28.2;29.1;62;32
2021;Hauts-de-France;Pas-de-Calais;18-24 ans;Femmes;5.0;8.7;;62;32
2021;Hauts-de-France;Pas-de-Calais;65 ans et plus;Femmes;15.0;8.9;;62;32
2021;Hauts-de-France;Pas-de-Calais;18-24 ans;Hommes et Femmes;7.5;6.3;;62;32
2021;Hauts-de-France;Pas-de-Calais;25-44 ans;Hommes et Femmes;63.0;18.3;;62;32
2021;Hauts-de-France;Pas-de-Calais;Tous;Hommes et Femmes;253.5;17.3;17.8;62;32
2022;Hauts-de-France;Pas-de-Calais;00-17 ans;Hommes et Femmes;2.5;0.8;;62;32
2022;Hauts-de-France;Pas-de-Calais;18-24 ans;Hommes et Femmes;8.5;7.3;;62;32
2022;Hauts-de-France;Pas-de-Calais;25-44 ans;Hommes et Femmes;73.0;21.2;;62;32
2023;Hauts-de-France;Pas-de-Calais;25-44 ans;Hommes;47.0;27.6;;62;32
2023;Hauts-de-France;Pas-de-Calais;65 ans et plus;Femmes;15.0;8.7;;62;32
2023;Hauts-de-France;Pas-de-Calais;00-17 ans;Hommes et Femmes;2.5;0.8;;62;32
2023;Hauts-de-France;Pas-de-Calais;18-24 ans;Hommes et Femmes;12.5;10.7;;62;32
2023;Hauts-de-France;Pas-de-Calais;25-44 ans;Hommes et Femmes;59.0;17.2;;62;32
2023;Hauts-de-France;Pas-de-Calais;65 ans et plus;Hommes et Femmes;71.0;23.9;;62;32
2019;Auvergne et Rhône-Alpes;Puy-de-Dôme;00-17 ans;Hommes;0.0;0.0;;63;84
2019;Auvergne et Rhône-Alpes;Puy-de-Dôme;25-44 ans;Femmes;2.5;3.2;;63;84
2019;Auvergne et Rhône-Alpes;Puy-de-Dôme;45-64 ans;Hommes et Femmes;38.0;21.8;;63;84
2020;Auvergne et Rhône-Alpes;Puy-de-Dôme;18-24 ans;Hommes;6.0;20.6;;63;84
2020;Auvergne et Rhône-Alpes;Puy-de-Dôme;65 ans et plus;Hommes;16.0;25.5;;63;84
2020;Auvergne et Rhône-Alpes;Puy-de-Dôme;Tous;Hommes;72.0;22.5;22.0;63;84
2020;Auvergne et Rhône-Alpes;Puy-de-Dôme;65 ans et plus;Femmes;6.0;7.2;;63;84
2020;Auvergne et Rhône-Alpes;Puy-de-Dôme;18-24 ans;Hommes et Femmes;6.0;10.4;;63;84
2020;Auvergne et Rhône-Alpes;Puy-de-Dôme;Tous;Hommes et Femmes;91.0;13.7;13.4;63;84
2021;Auvergne et Rhône-Alpes;Puy-de-Dôme;25-44 ans;Femmes;5.0;6.5;;63;84
2021;Auvergne et Rhône-Alpes;Puy-de-Dôme;65 ans et plus;Femmes;11.0;13.1;;63;84
2021;Auvergne et Rhône-Alpes;Puy-de-Dôme;18-24 ans;Hommes et Femmes;2.5;4.3;;63;84
2021;Auvergne et Rhône-Alpes;Puy-de-Dôme;45-64 ans;Hommes et Femmes;39.0;22.7;;63;84
2022;Auvergne et Rhône-Alpes;Puy-de-Dôme;00-17 ans;Hommes;2.5;3.8;;63;84
2022;Auvergne et Rhône-Alpes;Puy-de-Dôme;18-24 ans;Hommes;8.0;26.9;;63;84
2022;Auvergne et Rhône-Alpes;Puy-de-Dôme;25-44 ans;Hommes;17.0;22.0;;63;84
2022;Auvergne et Rhône-Alpes;Puy-de-Dôme;18-24 ans;Femmes;2.5;8.7;;63;84
2022;Auvergne et Rhône-Alpes;Puy-de-Dôme;45-64 ans;Femmes;13.0;15.0;;63;84
2022;Auvergne et Rhône-Alpes;Puy-de-Dôme;18-24 ans;Hommes et Femmes;10.5;17.9;;63;84
2022;Auvergne et Rhône-Alpes;Puy-de-Dôme;Tous;Hommes et Femmes;115.5;17.4;16.7;63;84
2023;Auvergne et Rhône-Alpes;Puy-de-Dôme;65 ans et plus;Hommes;27.0;41.2;;63;84
2023;Auvergne et Rhône-Alpes;Puy-de-Dôme;65 ans et plus;Hommes et Femmes;33.0;21.7;;63;84
2019;Nouvelle Aquitaine;Pyrénées-Atlantiques;00-17 ans;Hommes;0.0;0.0;;64;75
2019;Nouvelle Aquitaine;Pyrénées-Atlantiques;18-24 ans;Hommes;2.5;10.1;;64;75
2019;Nouvelle Aquitaine;Pyrénées-Atlantiques;25-44 ans;Femmes;2.5;3.2;;64;75
2019;Nouvelle Aquitaine;Pyrénées-Atlantiques;45-64 ans;Femmes;6.0;6.2;;64;75
2019;Nouvelle Aquitaine;Pyrénées-Atlantiques;65 ans et plus;Femmes;9.0;9.5;;64;75
2019;Nouvelle Aquitaine;Pyrénées-Atlantiques;Tous;Femmes;18.0;5.1;4.7;64;75
2019;Nouvelle Aquitaine;Pyrénées-Atlantiques;00-17 ans;Hommes et Femmes;2.5;1.9;;64;75
2019;Nouvelle Aquitaine;Pyrénées-Atlantiques;45-64 ans;Hommes et Femmes;28.0;14.9;;64;75
2020;Nouvelle Aquitaine;Pyrénées-Atlantiques;00-17 ans;Hommes;0.0;0.0;;64;75
2020;Nouvelle Aquitaine;Pyrénées-Atlantiques;25-44 ans;Hommes;13.0;17.4;;64;75
2020;Nouvelle Aquitaine;Pyrénées-Atlantiques;65 ans et plus;Hommes;26.0;36.4;;64;75
2020;Nouvelle Aquitaine;Pyrénées-Atlantiques;Tous;Hommes;53.5;16.2;15.5;64;75
2020;Nouvelle Aquitaine;Pyrénées-Atlantiques;00-17 ans;Femmes;0.0;0.0;;64;75
2020;Nouvelle Aquitaine;Pyrénées-Atlantiques;18-24 ans;Femmes;0.0;0.0;;64;75
2020;Nouvelle Aquitaine;Pyrénées-Atlantiques;45-64 ans;Femmes;9.0;9.2;;64;75
2020;Nouvelle Aquitaine;Pyrénées-Atlantiques;18-24 ans;Hommes et Femmes;2.5;5.2;;64;75
2020;Nouvelle Aquitaine;Pyrénées-Atlantiques;65 ans et plus;Hommes et Femmes;34.0;20.2;;64;75
2020;Nouvelle Aquitaine;Pyrénées-Atlantiques;Tous;Hommes et Femmes;73.0;10.6;10.0;64;75
2021;Nouvelle Aquitaine;Pyrénées-Atlantiques;00-17 ans;Hommes;0.0;0.0;;64;75
2021;Nouvelle Aquitaine;Pyrénées-Atlantiques;25-44 ans;Hommes;9.0;11.9;;64;75
2021;Nouvelle Aquitaine;Pyrénées-Atlantiques;45-64 ans;Hommes;15.0;16.3;;64;75
2021;Nouvelle Aquitaine;Pyrénées-Atlantiques;18-24 ans;Hommes et Femmes;2.5;5.2;;64;75
2022;Nouvelle Aquitaine;Pyrénées-Atlantiques;00-17 ans;Hommes;0.0;0.0;;64;75
2022;Nouvelle Aquitaine;Pyrénées-Atlantiques;45-64 ans;Hommes;21.0;22.8;;64;75
2022;Nouvelle Aquitaine;Pyrénées-Atlantiques;00-17 ans;Femmes;0.0;0.0;;64;75
2022;Nouvelle Aquitaine;Pyrénées-Atlantiques;65 ans et plus;Femmes;8.0;8.0;;64;75
2022;Nouvelle Aquitaine;Pyrénées-Atlantiques;Tous;Femmes;18.0;4.9;4.7;64;75
2022;Nouvelle Aquitaine;Pyrénées-Atlantiques;00-17 ans;Hommes et Femmes;0.0;0.0;;64;75
2023;Nouvelle Aquitaine;Pyrénées-Atlantiques;18-24 ans;Hommes;2.5;9.7;;64;75
2023;Nouvelle Aquitaine;Pyrénées-Atlantiques;45-64 ans;Hommes;23.0;24.9;;64;75
2023;Nouvelle Aquitaine;Pyrénées-Atlantiques;65 ans et plus;Hommes;18.0;23.5;;64;75
2023;Nouvelle Aquitaine;Pyrénées-Atlantiques;Tous;Hommes;52.5;15.5;14.4;64;75
2023;Nouvelle Aquitaine;Pyrénées-Atlantiques;00-17 ans;Femmes;0.0;0.0;;64;75
2023;Nouvelle Aquitaine;Pyrénées-Atlantiques;25-44 ans;Femmes;7.0;8.7;;64;75
2023;Nouvelle Aquitaine;Pyrénées-Atlantiques;45-64 ans;Femmes;7.0;7.1;;64;75
2023;Nouvelle Aquitaine;Pyrénées-Atlantiques;65 ans et plus;Femmes;7.0;6.8;;64;75
2023;Nouvelle Aquitaine;Pyrénées-Atlantiques;Tous;Hommes et Femmes;76.0;10.8;10.1;64;75
2019;Occitanie;Hautes-Pyrénées;18-24 ans;Hommes;0.0;0.0;;65;76
2019;Occitanie;Hautes-Pyrénées;45-64 ans;Hommes;15.0;48.0;;65;76
2019;Occitanie;Hautes-Pyrénées;00-17 ans;Femmes;0.0;0.0;;65;76
2019;Occitanie;Hautes-Pyrénées;45-64 ans;Femmes;2.5;7.4;;65;76
2019;Occitanie;Hautes-Pyrénées;Tous;Femmes;6.0;5.0;4.2;65;76
2019;Occitanie;Hautes-Pyrénées;25-44 ans;Hommes et Femmes;6.0;13.2;;65;76
2020;Occitanie;Hautes-Pyrénées;00-17 ans;Hommes;0.0;0.0;;65;76
2020;Occitanie;Hautes-Pyrénées;18-24 ans;Hommes;0.0;0.0;;65;76
2020;Occitanie;Hautes-Pyrénées;45-64 ans;Hommes;2.5;8.0;;65;76
2020;Occitanie;Hautes-Pyrénées;00-17 ans;Femmes;0.0;0.0;;65;76
2020;Occitanie;Hautes-Pyrénées;45-64 ans;Femmes;2.5;7.5;;65;76
2020;Occitanie;Hautes-Pyrénées;18-24 ans;Hommes et Femmes;0.0;0.0;;65;76
2020;Occitanie;Hautes-Pyrénées;25-44 ans;Hommes et Femmes;7.5;16.5;;65;76
2020;Occitanie;Hautes-Pyrénées;45-64 ans;Hommes et Femmes;5.0;7.7;;65;76
2021;Occitanie;Hautes-Pyrénées;Tous;Hommes;26.0;23.3;19.9;65;76
2021;Occitanie;Hautes-Pyrénées;Tous;Femmes;8.0;6.7;6.4;65;76
2021;Occitanie;Hautes-Pyrénées;45-64 ans;Hommes et Femmes;12.5;19.5;;65;76
2021;Occitanie;Hautes-Pyrénées;65 ans et plus;Hommes et Femmes;16.5;25.9;;65;76
2022;Occitanie;Hautes-Pyrénées;00-17 ans;Hommes;0.0;0.0;;65;76
2022;Occitanie;Hautes-Pyrénées;18-24 ans;Hommes;2.5;28.3;;65;76
2022;Occitanie;Hautes-Pyrénées;25-44 ans;Hommes;6.0;25.5;;65;76
2022;Occitanie;Hautes-Pyrénées;00-17 ans;Femmes;0.0;0.0;;65;76
2022;Occitanie;Hautes-Pyrénées;18-24 ans;Femmes;2.5;34.6;;65;76
2022;Occitanie;Hautes-Pyrénées;25-44 ans;Femmes;2.5;10.5;;65;76
2022;Occitanie;Hautes-Pyrénées;45-64 ans;Femmes;2.5;7.6;;65;76
2023;Occitanie;Hautes-Pyrénées;45-64 ans;Hommes;10.0;32.8;;65;76
2023;Occitanie;Hautes-Pyrénées;Tous;Hommes;22.0;19.6;18.6;65;76
2023;Occitanie;Hautes-Pyrénées;00-17 ans;Femmes;0.0;0.0;;65;76
2023;Occitanie;Hautes-Pyrénées;18-24 ans;Femmes;0.0;0.0;;65;76
2023;Occitanie;Hautes-Pyrénées;25-44 ans;Femmes;0.0;0.0;;65;76
2023;Occitanie;Hautes-Pyrénées;25-44 ans;Hommes et Femmes;6.0;12.5;;65;76
2019;Occitanie;Pyrénées-Orientales;25-44 ans;Femmes;2.5;4.8;;66;76
2019;Occitanie;Pyrénées-Orientales;18-24 ans;Hommes et Femmes;2.5;7.7;;66;76
2019;Occitanie;Pyrénées-Orientales;45-64 ans;Hommes et Femmes;25.0;19.7;;66;76
2020;Occitanie;Pyrénées-Orientales;45-64 ans;Hommes;18.0;29.3;;66;76
2020;Occitanie;Pyrénées-Orientales;00-17 ans;Hommes et Femmes;0.0;0.0;;66;76
2020;Occitanie;Pyrénées-Orientales;Tous;Hommes et Femmes;72.0;14.9;14.2;66;76
2021;Occitanie;Pyrénées-Orientales;45-64 ans;Hommes;21.0;34.0;;66;76
2021;Occitanie;Pyrénées-Orientales;18-24 ans;Femmes;0.0;0.0;;66;76
2021;Occitanie;Pyrénées-Orientales;45-64 ans;Femmes;7.0;10.3;;66;76
2021;Occitanie;Pyrénées-Orientales;65 ans et plus;Femmes;2.5;3.4;;66;76
2021;Occitanie;Pyrénées-Orientales;00-17 ans;Hommes et Femmes;0.0;0.0;;66;76
2021;Occitanie;Pyrénées-Orientales;65 ans et plus;Hommes et Femmes;27.5;21.2;;66;76
2022;Occitanie;Pyrénées-Orientales;25-44 ans;Hommes;15.0;30.7;;66;76
2022;Occitanie;Pyrénées-Orientales;Tous;Hommes;66.5;28.4;26.0;66;76
2022;Occitanie;Pyrénées-Orientales;18-24 ans;Femmes;0.0;0.0;;66;76
2022;Occitanie;Pyrénées-Orientales;65 ans et plus;Femmes;7.0;9.3;;66;76
2022;Occitanie;Pyrénées-Orientales;Tous;Femmes;16.0;6.2;6.3;66;76
2022;Occitanie;Pyrénées-Orientales;18-24 ans;Hommes et Femmes;2.5;7.6;;66;76
2022;Occitanie;Pyrénées-Orientales;45-64 ans;Hommes et Femmes;27.0;20.7;;66;76
2022;Occitanie;Pyrénées-Orientales;65 ans et plus;Hommes et Femmes;34.0;25.7;;66;76
2023;Occitanie;Pyrénées-Orientales;00-17 ans;Hommes;2.5;5.1;;66;76
2023;Occitanie;Pyrénées-Orientales;25-44 ans;Hommes;21.0;42.9;;66;76
2023;Occitanie;Pyrénées-Orientales;Tous;Hommes;69.0;29.2;28.0;66;76
2023;Occitanie;Pyrénées-Orientales;45-64 ans;Femmes;10.0;14.6;;66;76
2023;Occitanie;Pyrénées-Orientales;00-17 ans;Hommes et Femmes;2.5;2.6;;66;76
2023;Occitanie;Pyrénées-Orientales;45-64 ans;Hommes et Femmes;25.0;19.1;;66;76
2019;Grand Est;Bas-Rhin;18-24 ans;Hommes;2.5;4.9;;67;44
2019;Grand Est;Bas-Rhin;65 ans et plus;Hommes;29.0;31.4;;67;44
2019;Grand Est;Bas-Rhin;00-17 ans;Hommes et Femmes;2.5;1.1;;67;44
2019;Grand Est;Bas-Rhin;18-24 ans;Hommes et Femmes;5.0;4.9;;67;44
2019;Grand Est;Bas-Rhin;45-64 ans;Hommes et Femmes;46.0;14.9;;67;44
2019;Grand Est;Bas-Rhin;65 ans et plus;Hommes et Femmes;43.0;20.4;;67;44
2020;Grand Est;Bas-Rhin;18-24 ans;Hommes;2.5;4.8;;67;44
2020;Grand Est;Bas-Rhin;Tous;Femmes;47.5;8.1;7.8;67;44
2020;Grand Est;Bas-Rhin;18-24 ans;Hommes et Femmes;2.5;2.4;;67;44
2020;Grand Est;Bas-Rhin;45-64 ans;Hommes et Femmes;66.0;21.5;;67;44
2020;Grand Est;Bas-Rhin;65 ans et plus;Hommes et Femmes;39.0;17.9;;67;44
2021;Grand Est;Bas-Rhin;00-17 ans;Hommes;2.5;2.1;;67;44
2021;Grand Est;Bas-Rhin;25-44 ans;Hommes;25.0;17.6;;67;44
2021;Grand Est;Bas-Rhin;Tous;Hommes;113.0;20.2;20.2;67;44
2021;Grand Est;Bas-Rhin;65 ans et plus;Femmes;11.0;8.9;;67;44
2021;Grand Est;Bas-Rhin;00-17 ans;Hommes et Femmes;2.5;1.1;;67;44
2021;Grand Est;Bas-Rhin;18-24 ans;Hommes et Femmes;2.5;2.4;;67;44
2021;Grand Est;Bas-Rhin;25-44 ans;Hommes et Femmes;27.5;9.5;;67;44
2021;Grand Est;Bas-Rhin;45-64 ans;Hommes et Femmes;61.0;19.9;;67;44
2022;Grand Est;Bas-Rhin;45-64 ans;Hommes;38.0;25.4;;67;44
2022;Grand Est;Bas-Rhin;65 ans et plus;Hommes;29.0;29.2;;67;44
2022;Grand Est;Bas-Rhin;Tous;Femmes;39.0;6.6;6.5;67;44
2022;Grand Est;Bas-Rhin;18-24 ans;Hommes et Femmes;9.5;9.2;;67;44
2022;Grand Est;Bas-Rhin;25-44 ans;Hommes et Femmes;29.5;10.1;;67;44
2022;Grand Est;Bas-Rhin;65 ans et plus;Hommes et Femmes;39.0;17.3;;67;44
2023;Grand Est;Bas-Rhin;18-24 ans;Hommes;8.0;15.6;;67;44
2023;Grand Est;Bas-Rhin;45-64 ans;Femmes;12.0;7.8;;67;44
2023;Grand Est;Bas-Rhin;25-44 ans;Hommes et Femmes;21.5;7.3;;67;44
2019;Grand Est;Haut-Rhin;18-24 ans;Hommes;2.5;8.7;;68;44
2019;Grand Est;Haut-Rhin;00-17 ans;Femmes;0.0;0.0;;68;44
2019;Grand Est;Haut-Rhin;18-24 ans;Femmes;0.0;0.0;;68;44
2019;Grand Est;Haut-Rhin;25-44 ans;Femmes;2.5;2.7;;68;44
2019;Grand Est;Haut-Rhin;Tous;Femmes;20.5;5.2;5.2;68;44
2019;Grand Est;Haut-Rhin;18-24 ans;Hommes et Femmes;2.5;4.5;;68;44
2019;Grand Est;Haut-Rhin;Tous;Hommes et Femmes;94.0;12.3;12.0;68;44
2020;Grand Est;Haut-Rhin;00-17 ans;Hommes;0.0;0.0;;68;44
2020;Grand Est;Haut-Rhin;65 ans et plus;Hommes;27.0;38.9;;68;44
2020;Grand Est;Haut-Rhin;Tous;Hommes;73.5;19.5;19.4;68;44
2020;Grand Est;Haut-Rhin;18-24 ans;Femmes;2.5;9.4;;68;44
2020;Grand Est;Haut-Rhin;25-44 ans;Femmes;2.5;2.7;;68;44
2020;Grand Est;Haut-Rhin;25-44 ans;Hommes et Femmes;16.5;9.1;;68;44
2020;Grand Est;Haut-Rhin;Tous;Hommes et Femmes;91.5;11.9;11.6;68;44
2021;Grand Est;Haut-Rhin;25-44 ans;Hommes;19.0;21.1;;68;44
2021;Grand Est;Haut-Rhin;25-44 ans;Femmes;2.5;2.7;;68;44
2021;Grand Est;Haut-Rhin;65 ans et plus;Hommes et Femmes;25.0;15.7;;68;44
2022;Grand Est;Haut-Rhin;18-24 ans;Hommes;2.5;8.5;;68;44
2022;Grand Est;Haut-Rhin;25-44 ans;Hommes;19.0;21.1;;68;44
2022;Grand Est;Haut-Rhin;65 ans et plus;Hommes;29.0;40.2;;68;44
2022;Grand Est;Haut-Rhin;Tous;Hommes;82.5;21.9;21.5;68;44
2022;Grand Est;Haut-Rhin;00-17 ans;Femmes;0.0;0.0;;68;44
2022;Grand Est;Haut-Rhin;18-24 ans;Femmes;0.0;0.0;;68;44
2022;Grand Est;Haut-Rhin;45-64 ans;Femmes;10.0;9.4;;68;44
2022;Grand Est;Haut-Rhin;18-24 ans;Hommes et Femmes;2.5;4.5;;68;44
2022;Grand Est;Haut-Rhin;45-64 ans;Hommes et Femmes;42.0;19.9;;68;44
2023;Grand Est;Haut-Rhin;25-44 ans;Hommes;16.0;17.8;;68;44
2023;Grand Est;Haut-Rhin;Tous;Hommes;68.5;18.2;17.2;68;44
2023;Grand Est;Haut-Rhin;25-44 ans;Femmes;6.0;6.6;;68;44
2023;Grand Est;Haut-Rhin;65 ans et plus;Femmes;9.0;9.8;;68;44
2023;Grand Est;Haut-Rhin;00-17 ans;Hommes et Femmes;2.5;1.6;;68;44
2023;Grand Est;Haut-Rhin;25-44 ans;Hommes et Femmes;22.0;12.1;;68;44
2023;Grand Est;Haut-Rhin;45-64 ans;Hommes et Femmes;36.0;17.1;;68;44
2023;Grand Est;Haut-Rhin;65 ans et plus;Hommes et Femmes;32.0;19.4;;68;44
2019;Auvergne et Rhône-Alpes;Rhône;45-64 ans;Hommes;28.0;13.3;;69;84
2019;Auvergne et Rhône-Alpes;Rhône;65 ans et plus;Hommes;15.0;11.2;;69;84
2019;Auvergne et Rhône-Alpes;Rhône;18-24 ans;Femmes;0.0;0.0;;69;84
2019;Auvergne et Rhône-Alpes;Rhône;25-44 ans;Femmes;8.0;3.1;;69;84
2019;Auvergne et Rhône-Alpes;Rhône;Tous;Femmes;30.5;3.1;3.3;69;84
2019;Auvergne et Rhône-Alpes;Rhône;45-64 ans;Hommes et Femmes;40.0;9.2;;69;84
2020;Auvergne et Rhône-Alpes;Rhône;18-24 ans;Hommes;8.0;8.5;;69;84
2020;Auvergne et Rhône-Alpes;Rhône;25-44 ans;Hommes;17.0;6.9;;69;84
2020;Auvergne et Rhône-Alpes;Rhône;18-24 ans;Femmes;2.5;2.5;;69;84
2020;Auvergne et Rhône-Alpes;Rhône;45-64 ans;Femmes;12.0;5.4;;69;84
2020;Auvergne et Rhône-Alpes;Rhône;25-44 ans;Hommes et Femmes;19.5;3.8;;69;84
2020;Auvergne et Rhône-Alpes;Rhône;45-64 ans;Hommes et Femmes;39.0;8.9;;69;84
2021;Auvergne et Rhône-Alpes;Rhône;25-44 ans;Hommes;12.0;4.8;;69;84
2021;Auvergne et Rhône-Alpes;Rhône;45-64 ans;Hommes;37.0;17.4;;69;84
2021;Auvergne et Rhône-Alpes;Rhône;00-17 ans;Femmes;2.5;1.2;;69;84
2021;Auvergne et Rhône-Alpes;Rhône;Tous;Femmes;34.0;3.5;3.8;69;84
2021;Auvergne et Rhône-Alpes;Rhône;25-44 ans;Hommes et Femmes;17.0;3.3;;69;84
2022;Auvergne et Rhône-Alpes;Rhône;00-17 ans;Hommes;2.5;1.2;;69;84
2022;Auvergne et Rhône-Alpes;Rhône;18-24 ans;Hommes;2.5;2.6;;69;84
2022;Auvergne et Rhône-Alpes;Rhône;25-44 ans;Hommes;25.0;9.9;;69;84
2022;Auvergne et Rhône-Alpes;Rhône;45-64 ans;Femmes;12.0;5.3;;69;84
2022;Auvergne et Rhône-Alpes;Rhône;Tous;Femmes;29.0;2.9;3.3;69;84
2022;Auvergne et Rhône-Alpes;Rhône;00-17 ans;Hommes et Femmes;5.0;1.2;;69;84
2022;Auvergne et Rhône-Alpes;Rhône;18-24 ans;Hommes et Femmes;2.5;1.3;;69;84
2022;Auvergne et Rhône-Alpes;Rhône;45-64 ans;Hommes et Femmes;42.0;9.5;;69;84
2023;Auvergne et Rhône-Alpes;Rhône;18-24 ans;Hommes;5.0;5.2;;69;84
2023;Auvergne et Rhône-Alpes;Rhône;00-17 ans;Hommes et Femmes;0.0;0.0;;69;84
2023;Auvergne et Rhône-Alpes;Rhône;18-24 ans;Hommes et Femmes;7.5;3.8;;69;84
2019;Bourgogne et Franche-Comté;Haute-Saône;45-64 ans;Hommes;15.0;45.4;;70;27
2019;Bourgogne et Franche-Comté;Haute-Saône;65 ans et plus;Hommes;8.0;32.9;;70;27
2019;Bourgogne et Franche-Comté;Haute-Saône;Tous;Hommes;41.5;35.8;36.8;70;27
2019;Bourgogne et Franche-Comté;Haute-Saône;00-17 ans;Femmes;0.0;0.0;;70;27
2019;Bourgogne et Franche-Comté;Haute-Saône;45-64 ans;Femmes;2.5;7.5;;70;27
2019;Bourgogne et Franche-Comté;Haute-Saône;65 ans et plus;Femmes;2.5;8.3;;70;27
2019;Bourgogne et Franche-Comté;Haute-Saône;00-17 ans;Hommes et Femmes;0.0;0.0;;70;27
2019;Bourgogne et Franche-Comté;Haute-Saône;Tous;Hommes et Femmes;49.0;20.8;20.3;70;27
2020;Bourgogne et Franche-Comté;Haute-Saône;18-24 ans;Hommes;0.0;0.0;;70;27
2020;Bourgogne et Franche-Comté;Haute-Saône;45-64 ans;Hommes;13.0;39.5;;70;27
2020;Bourgogne et Franche-Comté;Haute-Saône;18-24 ans;Hommes et Femmes;0.0;0.0;;70;27
2021;Bourgogne et Franche-Comté;Haute-Saône;45-64 ans;Hommes;10.0;30.6;;70;27
2021;Bourgogne et Franche-Comté;Haute-Saône;65 ans et plus;Hommes;11.0;43.7;;70;27
2021;Bourgogne et Franche-Comté;Haute-Saône;00-17 ans;Femmes;0.0;0.0;;70;27
2021;Bourgogne et Franche-Comté;Haute-Saône;25-44 ans;Femmes;0.0;0.0;;70;27
2021;Bourgogne et Franche-Comté;Haute-Saône;65 ans et plus;Femmes;2.5;8.1;;70;27
2021;Bourgogne et Franche-Comté;Haute-Saône;Tous;Femmes;7.5;6.3;7.7;70;27
2021;Bourgogne et Franche-Comté;Haute-Saône;18-24 ans;Hommes et Femmes;2.5;16.2;;70;27
2021;Bourgogne et Franche-Comté;Haute-Saône;Tous;Hommes et Femmes;41.0;17.5;17.5;70;27
2022;Bourgogne et Franche-Comté;Haute-Saône;45-64 ans;Hommes;17.0;52.5;;70;27
2022;Bourgogne et Franche-Comté;Haute-Saône;65 ans et plus;Hommes;13.0;50.8;;70;27
2022;Bourgogne et Franche-Comté;Haute-Saône;25-44 ans;Femmes;0.0;0.0;;70;27
2022;Bourgogne et Franche-Comté;Haute-Saône;65 ans et plus;Femmes;2.5;8.0;;70;27
2022;Bourgogne et Franche-Comté;Haute-Saône;45-64 ans;Hommes et Femmes;19.5;30.0;;70;27
2022;Bourgogne et Franche-Comté;Haute-Saône;65 ans et plus;Hommes et Femmes;15.5;27.2;;70;27
2022;Bourgogne et Franche-Comté;Haute-Saône;Tous;Hommes et Femmes;48.0;20.5;19.6;70;27
2023;Bourgogne et Franche-Comté;Haute-Saône;18-24 ans;Hommes;0.0;0.0;;70;27
2023;Bourgogne et Franche-Comté;Haute-Saône;45-64 ans;Hommes;9.0;28.1;;70;27
2023;Bourgogne et Franche-Comté;Haute-Saône;65 ans et plus;Hommes;10.0;38.5;;70;27
2023;Bourgogne et Franche-Comté;Haute-Saône;Tous;Hommes;27.0;23.5;22.5;70;27
2023;Bourgogne et Franche-Comté;Haute-Saône;00-17 ans;Femmes;2.5;11.1;;70;27
2023;Bourgogne et Franche-Comté;Haute-Saône;45-64 ans;Femmes;2.5;7.7;;70;27
2023;Bourgogne et Franche-Comté;Haute-Saône;00-17 ans;Hommes et Femmes;2.5;5.4;;70;27
2023;Bourgogne et Franche-Comté;Haute-Saône;25-44 ans;Hommes et Femmes;10.5;21.3;;70;27
2019;Bourgogne et Franche-Comté;Saône-et-Loire;18-24 ans;Hommes;2.5;13.4;;71;27
2019;Bourgogne et Franche-Comté;Saône-et-Loire;25-44 ans;Hommes;20.0;35.3;;71;27
2019;Bourgogne et Franche-Comté;Saône-et-Loire;Tous;Hommes;81.5;30.4;29.3;71;27
2019;Bourgogne et Franche-Comté;Saône-et-Loire;25-44 ans;Femmes;2.5;4.4;;71;27
2019;Bourgogne et Franche-Comté;Saône-et-Loire;18-24 ans;Hommes et Femmes;2.5;7.2;;71;27
2019;Bourgogne et Franche-Comté;Saône-et-Loire;45-64 ans;Hommes et Femmes;39.0;25.6;;71;27
2019;Bourgogne et Franche-Comté;Saône-et-Loire;Tous;Hommes et Femmes;106.5;19.3;18.2;71;27
2020;Bourgogne et Franche-Comté;Saône-et-Loire;00-17 ans;Hommes;0.0;0.0;;71;27
2020;Bourgogne et Franche-Comté;Saône-et-Loire;18-24 ans;Hommes;2.5;13.0;;71;27
2020;Bourgogne et Franche-Comté;Saône-et-Loire;Tous;Hommes;75.5;28.2;25.3;71;27
2020;Bourgogne et Franche-Comté;Saône-et-Loire;45-64 ans;Femmes;12.0;15.6;;71;27
2020;Bourgogne et Franche-Comté;Saône-et-Loire;Tous;Femmes;25.5;9.0;8.8;71;27
2020;Bourgogne et Franche-Comté;Saône-et-Loire;00-17 ans;Hommes et Femmes;0.0;0.0;;71;27
2020;Bourgogne et Franche-Comté;Saône-et-Loire;25-44 ans;Hommes et Femmes;16.5;14.8;;71;27
2021;Bourgogne et Franche-Comté;Saône-et-Loire;25-44 ans;Hommes;16.0;28.8;;71;27
2021;Bourgogne et Franche-Comté;Saône-et-Loire;65 ans et plus;Hommes;32.0;49.9;;71;27
2021;Bourgogne et Franche-Comté;Saône-et-Loire;Tous;Hommes;83.5;31.3;28.5;71;27
2021;Bourgogne et Franche-Comté;Saône-et-Loire;18-24 ans;Femmes;0.0;0.0;;71;27
2021;Bourgogne et Franche-Comté;Saône-et-Loire;45-64 ans;Femmes;8.0;10.4;;71;27
2021;Bourgogne et Franche-Comté;Saône-et-Loire;Tous;Femmes;19.5;6.9;7.4;71;27
2021;Bourgogne et Franche-Comté;Saône-et-Loire;00-17 ans;Hommes et Femmes;0.0;0.0;;71;27
2021;Bourgogne et Franche-Comté;Saône-et-Loire;18-24 ans;Hommes et Femmes;2.5;7.1;;71;27
2022;Bourgogne et Franche-Comté;Saône-et-Loire;25-44 ans;Hommes;19.0;33.8;;71;27
2022;Bourgogne et Franche-Comté;Saône-et-Loire;45-64 ans;Hommes;31.0;42.2;;71;27
2022;Bourgogne et Franche-Comté;Saône-et-Loire;00-17 ans;Hommes et Femmes;0.0;0.0;;71;27
2022;Bourgogne et Franche-Comté;Saône-et-Loire;25-44 ans;Hommes et Femmes;19.0;16.9;;71;27
2023;Bourgogne et Franche-Comté;Saône-et-Loire;18-24 ans;Femmes;0.0;0.0;;71;27
2023;Bourgogne et Franche-Comté;Saône-et-Loire;00-17 ans;Hommes et Femmes;0.0;0.0;;71;27
2019;Pays de la Loire;Sarthe;00-17 ans;Femmes;2.5;4.1;;72;52
2019;Pays de la Loire;Sarthe;18-24 ans;Femmes;0.0;0.0;;72;52
2019;Pays de la Loire;Sarthe;00-17 ans;Hommes et Femmes;2.5;2.0;;72;52
2019;Pays de la Loire;Sarthe;45-64 ans;Hommes et Femmes;55.0;36.8;;72;52
2020;Pays de la Loire;Sarthe;18-24 ans;Femmes;2.5;11.9;;72;52
2020;Pays de la Loire;Sarthe;25-44 ans;Femmes;5.0;8.0;;72;52
2020;Pays de la Loire;Sarthe;Tous;Femmes;33.5;11.5;10.8;72;52
2020;Pays de la Loire;Sarthe;45-64 ans;Hommes et Femmes;35.0;23.5;;72;52
2020;Pays de la Loire;Sarthe;Tous;Hommes et Femmes;120.0;21.2;20.7;72;52
2021;Pays de la Loire;Sarthe;65 ans et plus;Hommes;37.0;66.4;;72;52
2021;Pays de la Loire;Sarthe;Tous;Hommes;91.0;33.0;32.9;72;52
2021;Pays de la Loire;Sarthe;00-17 ans;Femmes;0.0;0.0;;72;52
2021;Pays de la Loire;Sarthe;25-44 ans;Femmes;2.5;4.0;;72;52
2021;Pays de la Loire;Sarthe;65 ans et plus;Femmes;15.0;20.7;;72;52
2021;Pays de la Loire;Sarthe;45-64 ans;Hommes et Femmes;38.0;25.6;;72;52
2022;Pays de la Loire;Sarthe;00-17 ans;Hommes;0.0;0.0;;72;52
2022;Pays de la Loire;Sarthe;45-64 ans;Hommes;31.0;42.4;;72;52
2022;Pays de la Loire;Sarthe;65 ans et plus;Hommes;37.0;65.1;;72;52
2022;Pays de la Loire;Sarthe;00-17 ans;Femmes;0.0;0.0;;72;52
2022;Pays de la Loire;Sarthe;45-64 ans;Femmes;15.0;20.1;;72;52
2022;Pays de la Loire;Sarthe;00-17 ans;Hommes et Femmes;0.0;0.0;;72;52
2022;Pays de la Loire;Sarthe;65 ans et plus;Hommes et Femmes;46.0;35.4;;72;52
2023;Pays de la Loire;Sarthe;25-44 ans;Hommes;14.0;23.0;;72;52
2023;Pays de la Loire;Sarthe;45-64 ans;Hommes;24.0;33.1;;72;52
2023;Pays de la Loire;Sarthe;Tous;Hommes;71.5;25.9;25.1;72;52
2023;Pays de la Loire;Sarthe;65 ans et plus;Hommes et Femmes;42.0;32.0;;72;52
2019;Auvergne et Rhône-Alpes;Savoie;18-24 ans;Hommes;2.5;14.8;;73;84
2019;Auvergne et Rhône-Alpes;Savoie;45-64 ans;Hommes;16.0;27.0;;73;84
2019;Auvergne et Rhône-Alpes;Savoie;65 ans et plus;Hommes;8.0;20.4;;73;84
2019;Auvergne et Rhône-Alpes;Savoie;Tous;Hommes;34.5;16.1;15.1;73;84
2019;Auvergne et Rhône-Alpes;Savoie;45-64 ans;Femmes;2.5;4.2;;73;84
2019;Auvergne et Rhône-Alpes;Savoie;65 ans et plus;Femmes;2.5;4.9;;73;84
2019;Auvergne et Rhône-Alpes;Savoie;00-17 ans;Hommes et Femmes;2.5;2.7;;73;84
2019;Auvergne et Rhône-Alpes;Savoie;18-24 ans;Hommes et Femmes;2.5;7.8;;73;84
2019;Auvergne et Rhône-Alpes;Savoie;25-44 ans;Hommes et Femmes;10.5;10.2;;73;84
2019;Auvergne et Rhône-Alpes;Savoie;Tous;Hommes et Femmes;44.5;10.2;10.1;73;84
2020;Auvergne et Rhône-Alpes;Savoie;25-44 ans;Hommes;5.0;9.7;;73;84
2020;Auvergne et Rhône-Alpes;Savoie;65 ans et plus;Hommes;19.0;47.5;;73;84
2020;Auvergne et Rhône-Alpes;Savoie;00-17 ans;Femmes;0.0;0.0;;73;84
2020;Auvergne et Rhône-Alpes;Savoie;18-24 ans;Femmes;0.0;0.0;;73;84
2020;Auvergne et Rhône-Alpes;Savoie;45-64 ans;Femmes;5.0;8.3;;73;84
2020;Auvergne et Rhône-Alpes;Savoie;00-17 ans;Hommes et Femmes;0.0;0.0;;73;84
2020;Auvergne et Rhône-Alpes;Savoie;Tous;Hommes et Femmes;52.5;11.9;12.1;73;84
2021;Auvergne et Rhône-Alpes;Savoie;00-17 ans;Hommes;0.0;0.0;;73;84
2021;Auvergne et Rhône-Alpes;Savoie;25-44 ans;Hommes;2.5;4.8;;73;84
2021;Auvergne et Rhône-Alpes;Savoie;65 ans et plus;Hommes;16.0;39.2;;73;84
2021;Auvergne et Rhône-Alpes;Savoie;Tous;Hommes;40.0;18.4;18.1;73;84
2021;Auvergne et Rhône-Alpes;Savoie;65 ans et plus;Femmes;2.5;4.7;;73;84
2021;Auvergne et Rhône-Alpes;Savoie;65 ans et plus;Hommes et Femmes;18.5;19.7;;73;84
2022;Auvergne et Rhône-Alpes;Savoie;25-44 ans;Hommes;6.0;11.3;;73;84
2022;Auvergne et Rhône-Alpes;Savoie;45-64 ans;Hommes;15.0;25.3;;73;84
2022;Auvergne et Rhône-Alpes;Savoie;Tous;Hommes;39.5;18.1;17.5;73;84
2022;Auvergne et Rhône-Alpes;Savoie;18-24 ans;Femmes;0.0;0.0;;73;84
2022;Auvergne et Rhône-Alpes;Savoie;45-64 ans;Femmes;2.5;4.2;;73;84
2022;Auvergne et Rhône-Alpes;Savoie;65 ans et plus;Femmes;7.0;12.9;;73;84
2022;Auvergne et Rhône-Alpes;Savoie;18-24 ans;Hommes et Femmes;2.5;7.7;;73;84
2022;Auvergne et Rhône-Alpes;Savoie;45-64 ans;Hommes et Femmes;17.5;14.7;;73;84
2023;Auvergne et Rhône-Alpes;Savoie;65 ans et plus;Hommes;13.0;30.4;;73;84
2023;Auvergne et Rhône-Alpes;Savoie;18-24 ans;Femmes;0.0;0.0;;73;84
2023;Auvergne et Rhône-Alpes;Savoie;25-44 ans;Femmes;2.5;4.7;;73;84
2023;Auvergne et Rhône-Alpes;Savoie;45-64 ans;Femmes;2.5;4.2;;73;84
2023;Auvergne et Rhône-Alpes;Savoie;25-44 ans;Hommes et Femmes;12.5;11.6;;73;84
2023;Auvergne et Rhône-Alpes;Savoie;45-64 ans;Hommes et Femmes;14.5;12.2;;73;84
2019;Auvergne et Rhône-Alpes;Haute-Savoie;18-24 ans;Hommes;2.5;8.3;;74;84
2019;Auvergne et Rhône-Alpes;Haute-Savoie;65 ans et plus;Hommes;16.0;26.0;;74;84
2019;Auvergne et Rhône-Alpes;Haute-Savoie;65 ans et plus;Femmes;12.0;15.1;;74;84
2019;Auvergne et Rhône-Alpes;Haute-Savoie;Tous;Femmes;25.5;6.1;6.7;74;84
2019;Auvergne et Rhône-Alpes;Haute-Savoie;25-44 ans;Hommes et Femmes;24.5;10.9;;74;84
2020;Auvergne et Rhône-Alpes;Haute-Savoie;25-44 ans;Femmes;10.0;8.7;;74;84
2020;Auvergne et Rhône-Alpes;Haute-Savoie;45-64 ans;Femmes;15.0;13.6;;74;84
2020;Auvergne et Rhône-Alpes;Haute-Savoie;00-17 ans;Hommes et Femmes;0.0;0.0;;74;84
2021;Auvergne et Rhône-Alpes;Haute-Savoie;45-64 ans;Hommes;26.0;24.1;;74;84
2021;Auvergne et Rhône-Alpes;Haute-Savoie;00-17 ans;Femmes;0.0;0.0;;74;84
2021;Auvergne et Rhône-Alpes;Haute-Savoie;65 ans et plus;Femmes;6.0;7.3;;74;84
2021;Auvergne et Rhône-Alpes;Haute-Savoie;Tous;Femmes;29.0;6.8;7.0;74;84
2021;Auvergne et Rhône-Alpes;Haute-Savoie;00-17 ans;Hommes et Femmes;2.5;1.3;;74;84
2021;Auvergne et Rhône-Alpes;Haute-Savoie;45-64 ans;Hommes et Femmes;43.0;19.6;;74;84
2021;Auvergne et Rhône-Alpes;Haute-Savoie;65 ans et plus;Hommes et Femmes;33.0;22.5;;74;84
2021;Auvergne et Rhône-Alpes;Haute-Savoie;Tous;Hommes et Femmes;111.5;13.3;13.6;74;84
2022;Auvergne et Rhône-Alpes;Haute-Savoie;18-24 ans;Hommes;5.0;16.4;;74;84
2022;Auvergne et Rhône-Alpes;Haute-Savoie;18-24 ans;Femmes;0.0;0.0;;74;84
2022;Auvergne et Rhône-Alpes;Haute-Savoie;25-44 ans;Femmes;6.0;5.1;;74;84
2022;Auvergne et Rhône-Alpes;Haute-Savoie;25-44 ans;Hommes et Femmes;22.0;9.4;;74;84
2022;Auvergne et Rhône-Alpes;Haute-Savoie;45-64 ans;Hommes et Femmes;42.0;19.1;;74;84
2023;Auvergne et Rhône-Alpes;Haute-Savoie;18-24 ans;Hommes;2.5;8.1;;74;84
2023;Auvergne et Rhône-Alpes;Haute-Savoie;25-44 ans;Femmes;8.0;6.7;;74;84
2023;Auvergne et Rhône-Alpes;Haute-Savoie;Tous;Femmes;23.0;5.3;5.3;74;84
2023;Auvergne et Rhône-Alpes;Haute-Savoie;25-44 ans;Hommes et Femmes;30.0;12.7;;74;84
2023;Auvergne et Rhône-Alpes;Haute-Savoie;65 ans et plus;Hommes et Femmes;30.0;19.8;;74;84
2023;Auvergne et Rhône-Alpes;Haute-Savoie;Tous;Hommes et Femmes;97.0;11.3;11.5;74;84
2019;Île-de-France;Paris;45-64 ans;Hommes;50.0;20.3;;75;11
2019;Île-de-France;Paris;65 ans et plus;Hommes;38.0;25.0;;75;11
2019;Île-de-France;Paris;18-24 ans;Femmes;2.5;2.2;;75;11
2019;Île-de-France;Paris;65 ans et plus;Femmes;20.0;9.2;;75;11
2019;Île-de-France;Paris;25-44 ans;Hommes et Femmes;62.0;8.7;;75;11
2020;Île-de-France;Paris;00-17 ans;Femmes;0.0;0.0;;75;11
2020;Île-de-France;Paris;45-64 ans;Femmes;38.0;14.2;;75;11
2020;Île-de-France;Paris;65 ans et plus;Femmes;26.0;11.8;;75;11
2020;Île-de-France;Paris;Tous;Femmes;80.0;7.0;7.4;75;11
2020;Île-de-France;Paris;00-17 ans;Hommes et Femmes;2.5;0.7;;75;11
2020;Île-de-France;Paris;25-44 ans;Hommes et Femmes;59.0;8.5;;75;11
2020;Île-de-France;Paris;45-64 ans;Hommes et Femmes;89.0;17.4;;75;11
2021;Île-de-France;Paris;45-64 ans;Hommes;41.0;16.7;;75;11
2021;Île-de-France;Paris;65 ans et plus;Hommes;37.0;23.9;;75;11
2021;Île-de-France;Paris;Tous;Hommes;122.5;12.2;12.2;75;11
2021;Île-de-France;Paris;25-44 ans;Femmes;19.0;5.4;;75;11
2021;Île-de-France;Paris;65 ans et plus;Femmes;31.0;14.0;;75;11
2021;Île-de-France;Paris;Tous;Femmes;82.5;7.3;7.5;75;11
2021;Île-de-France;Paris;00-17 ans;Hommes et Femmes;2.5;0.7;;75;11
2021;Île-de-France;Paris;25-44 ans;Hommes et Femmes;55.0;8.1;;75;11
2021;Île-de-France;Paris;65 ans et plus;Hommes et Femmes;68.0;18.1;;75;11
2022;Île-de-France;Paris;45-64 ans;Hommes;37.0;15.2;;75;11
2022;Île-de-France;Paris;Tous;Hommes;113.5;11.4;11.4;75;11
2022;Île-de-France;Paris;00-17 ans;Femmes;2.5;1.5;;75;11
2022;Île-de-France;Paris;25-44 ans;Femmes;12.0;3.5;;75;11
2022;Île-de-France;Paris;45-64 ans;Femmes;26.0;10.0;;75;11
2022;Île-de-France;Paris;65 ans et plus;Femmes;21.0;9.5;;75;11
2023;Île-de-France;Paris;18-24 ans;Hommes;2.5;2.5;;75;11
2023;Île-de-France;Paris;Tous;Hommes;126.0;12.8;12.8;75;11
2023;Île-de-France;Paris;00-17 ans;Femmes;2.5;1.5;;75;11
2023;Île-de-France;Paris;25-44 ans;Femmes;10.0;2.9;;75;11
2023;Île-de-France;Paris;Tous;Femmes;71.5;6.5;6.5;75;11
2023;Île-de-France;Paris;00-17 ans;Hommes et Femmes;2.5;0.8;;75;11
2023;Île-de-France;Paris;65 ans et plus;Hommes et Femmes;63.0;16.6;;75;11
2019;Normandie;Seine-Maritime;25-44 ans;Hommes;30.0;20.3;;76;28
2019;Normandie;Seine-Maritime;65 ans et plus;Hommes;52.0;49.3;;76;28
2019;Normandie;Seine-Maritime;65 ans et plus;Femmes;16.0;10.9;;76;28
2019;Normandie;Seine-Maritime;18-24 ans;Hommes et Femmes;10.5;9.7;;76;28
2020;Normandie;Seine-Maritime;18-24 ans;Hommes;5.0;9.1;;76;28
2020;Normandie;Seine-Maritime;25-44 ans;Hommes;41.0;27.9;;76;28
2021;Normandie;Seine-Maritime;25-44 ans;Hommes;35.0;23.9;;76;28
2021;Normandie;Seine-Maritime;45-64 ans;Hommes;63.0;41.0;;76;28
2021;Normandie;Seine-Maritime;25-44 ans;Hommes et Femmes;41.0;13.8;;76;28
2021;Normandie;Seine-Maritime;65 ans et plus;Hommes et Femmes;66.0;25.2;;76;28
2022;Normandie;Seine-Maritime;00-17 ans;Hommes;2.5;1.8;;76;28
2022;Normandie;Seine-Maritime;Tous;Hommes;133.5;22.0;22.4;76;28
2022;Normandie;Seine-Maritime;Tous;Femmes;42.0;6.4;6.5;76;28
2022;Normandie;Seine-Maritime;00-17 ans;Hommes et Femmes;5.0;1.9;;76;28
2022;Normandie;Seine-Maritime;45-64 ans;Hommes et Femmes;74.0;23.5;;76;28
2023;Normandie;Seine-Maritime;18-24 ans;Hommes;2.5;4.4;;76;28
2023;Normandie;Seine-Maritime;45-64 ans;Hommes;44.0;29.1;;76;28
2023;Normandie;Seine-Maritime;65 ans et plus;Hommes;46.0;40.4;;76;28
2023;Normandie;Seine-Maritime;Tous;Hommes;122.0;20.1;20.4;76;28
2023;Normandie;Seine-Maritime;45-64 ans;Hommes et Femmes;63.0;20.2;;76;28
2019;Île-de-France;Seine-et-Marne;45-64 ans;Hommes;41.0;23.0;;77;11
2019;Île-de-France;Seine-et-Marne;25-44 ans;Femmes;10.0;5.2;;77;11
2019;Île-de-France;Seine-et-Marne;45-64 ans;Hommes et Femmes;61.0;16.7;;77;11
2019;Île-de-France;Seine-et-Marne;65 ans et plus;Hommes et Femmes;33.0;15.7;;77;11
2020;Île-de-France;Seine-et-Marne;18-24 ans;Femmes;0.0;0.0;;77;11
2020;Île-de-France;Seine-et-Marne;Tous;Hommes et Femmes;127.0;8.9;9.5;77;11
2021;Île-de-France;Seine-et-Marne;45-64 ans;Hommes;27.0;15.1;;77;11
2021;Île-de-France;Seine-et-Marne;18-24 ans;Femmes;2.5;4.1;;77;11
2021;Île-de-France;Seine-et-Marne;45-64 ans;Femmes;17.0;9.1;;77;11
2021;Île-de-France;Seine-et-Marne;65 ans et plus;Femmes;7.0;5.7;;77;11
2021;Île-de-France;Seine-et-Marne;Tous;Femmes;27.0;3.7;4.0;77;11
2021;Île-de-France;Seine-et-Marne;65 ans et plus;Hommes et Femmes;34.0;15.4;;77;11
2022;Île-de-France;Seine-et-Marne;18-24 ans;Hommes;2.5;3.9;;77;11
2022;Île-de-France;Seine-et-Marne;Tous;Hommes;80.5;11.4;12.7;77;11
2022;Île-de-France;Seine-et-Marne;65 ans et plus;Femmes;13.0;10.3;;77;11
2022;Île-de-France;Seine-et-Marne;18-24 ans;Hommes et Femmes;6.0;4.8;;77;11
2022;Île-de-France;Seine-et-Marne;25-44 ans;Hommes et Femmes;33.0;8.7;;77;11
2022;Île-de-France;Seine-et-Marne;65 ans et plus;Hommes et Femmes;38.0;16.9;;77;11
2023;Île-de-France;Seine-et-Marne;Tous;Hommes;74.0;10.4;11.3;77;11
2023;Île-de-France;Seine-et-Marne;18-24 ans;Femmes;0.0;0.0;;77;11
2023;Île-de-France;Seine-et-Marne;65 ans et plus;Femmes;6.0;4.6;;77;11
2023;Île-de-France;Seine-et-Marne;Tous;Femmes;23.0;3.1;3.6;77;11
2023;Île-de-France;Seine-et-Marne;65 ans et plus;Hommes et Femmes;27.0;11.7;;77;11
2019;Île-de-France;Yvelines;Tous;Hommes;74.0;10.5;11.4;78;11
2019;Île-de-France;Yvelines;25-44 ans;Femmes;7.0;3.8;;78;11
2019;Île-de-France;Yvelines;45-64 ans;Femmes;20.0;10.4;;78;11
2019;Île-de-France;Yvelines;Tous;Femmes;34.5;4.6;4.7;78;11
2020;Île-de-France;Yvelines;00-17 ans;Hommes;2.5;1.4;;78;11
2020;Île-de-France;Yvelines;25-44 ans;Hommes;16.0;9.1;;78;11
2020;Île-de-France;Yvelines;45-64 ans;Hommes;38.0;20.7;;78;11
2020;Île-de-France;Yvelines;65 ans et plus;Hommes;32.0;30.3;;78;11
2020;Île-de-France;Yvelines;00-17 ans;Femmes;2.5;1.5;;78;11
2020;Île-de-France;Yvelines;00-17 ans;Hommes et Femmes;2.5;0.7;;78;11
2020;Île-de-France;Yvelines;Tous;Hommes et Femmes;137.5;9.5;10.3;78;11
2021;Île-de-France;Yvelines;00-17 ans;Hommes;2.5;1.4;;78;11
2021;Île-de-France;Yvelines;18-24 ans;Hommes;2.5;4.1;;78;11
2021;Île-de-France;Yvelines;45-64 ans;Hommes;27.0;14.6;;78;11
2021;Île-de-France;Yvelines;65 ans et plus;Hommes;27.0;25.3;;78;11
2021;Île-de-France;Yvelines;Tous;Hommes;83.0;11.7;12.5;78;11
2021;Île-de-France;Yvelines;18-24 ans;Femmes;2.5;4.3;;78;11
2021;Île-de-France;Yvelines;65 ans et plus;Hommes et Femmes;41.0;16.6;;78;11
2021;Île-de-France;Yvelines;Tous;Hommes et Femmes;124.0;8.5;9.1;78;11
2022;Île-de-France;Yvelines;18-24 ans;Hommes;5.0;8.0;;78;11
2022;Île-de-France;Yvelines;25-44 ans;Hommes;17.0;9.4;;78;11
2022;Île-de-France;Yvelines;25-44 ans;Hommes et Femmes;25.0;6.8;;78;11
2023;Île-de-France;Yvelines;00-17 ans;Hommes;2.5;1.4;;78;11
2023;Île-de-France;Yvelines;45-64 ans;Hommes;26.0;13.9;;78;11
2023;Île-de-France;Yvelines;65 ans et plus;Hommes;19.0;17.4;;78;11
2023;Île-de-France;Yvelines;Tous;Hommes;69.5;9.7;10.2;78;11
2023;Île-de-France;Yvelines;45-64 ans;Femmes;14.0;7.2;;78;11
2023;Île-de-France;Yvelines;18-24 ans;Hommes et Femmes;5.0;4.0;;78;11
2023;Île-de-France;Yvelines;25-44 ans;Hommes et Femmes;24.0;6.5;;78;11
2023;Île-de-France;Yvelines;65 ans et plus;Hommes et Femmes;31.0;12.3;;78;11
2019;Nouvelle Aquitaine;Deux-Sèvres;25-44 ans;Hommes;12.0;29.9;;79;75
2019;Nouvelle Aquitaine;Deux-Sèvres;65 ans et plus;Hommes;18.0;46.4;;79;75
2019;Nouvelle Aquitaine;Deux-Sèvres;Tous;Hommes;54.0;29.4;28.2;79;75
2019;Nouvelle Aquitaine;Deux-Sèvres;18-24 ans;Femmes;0.0;0.0;;79;75
2019;Nouvelle Aquitaine;Deux-Sèvres;Tous;Femmes;14.0;7.3;7.1;79;75
2019;Nouvelle Aquitaine;Deux-Sèvres;65 ans et plus;Hommes et Femmes;20.5;23.3;;79;75
2020;Nouvelle Aquitaine;Deux-Sèvres;45-64 ans;Hommes;20.0;39.1;;79;75
2020;Nouvelle Aquitaine;Deux-Sèvres;Tous;Hommes;53.5;29.1;30.6;79;75
2020;Nouvelle Aquitaine;Deux-Sèvres;18-24 ans;Femmes;0.0;0.0;;79;75
2020;Nouvelle Aquitaine;Deux-Sèvres;25-44 ans;Hommes et Femmes;22.5;28.1;;79;75
2021;Nouvelle Aquitaine;Deux-Sèvres;18-24 ans;Hommes;2.5;18.9;;79;75
2021;Nouvelle Aquitaine;Deux-Sèvres;65 ans et plus;Hommes;29.0;72.4;;79;75
2021;Nouvelle Aquitaine;Deux-Sèvres;00-17 ans;Femmes;0.0;0.0;;79;75
2021;Nouvelle Aquitaine;Deux-Sèvres;65 ans et plus;Femmes;7.0;13.9;;79;75
2021;Nouvelle Aquitaine;Deux-Sèvres;25-44 ans;Hommes et Femmes;19.5;24.4;;79;75
2022;Nouvelle Aquitaine;Deux-Sèvres;00-17 ans;Femmes;0.0;0.0;;79;75
2022;Nouvelle Aquitaine;Deux-Sèvres;65 ans et plus;Femmes;2.5;4.9;;79;75
2022;Nouvelle Aquitaine;Deux-Sèvres;Tous;Femmes;10.0;5.2;4.9;79;75
2022;Nouvelle Aquitaine;Deux-Sèvres;00-17 ans;Hommes et Femmes;2.5;3.3;;79;75
2022;Nouvelle Aquitaine;Deux-Sèvres;65 ans et plus;Hommes et Femmes;13.5;14.8;;79;75
2022;Nouvelle Aquitaine;Deux-Sèvres;Tous;Hommes et Femmes;63.0;16.8;16.1;79;75
2023;Nouvelle Aquitaine;Deux-Sèvres;00-17 ans;Hommes;0.0;0.0;;79;75
2023;Nouvelle Aquitaine;Deux-Sèvres;18-24 ans;Hommes;0.0;0.0;;79;75
2023;Nouvelle Aquitaine;Deux-Sèvres;00-17 ans;Hommes et Femmes;0.0;0.0;;79;75
2023;Nouvelle Aquitaine;Deux-Sèvres;25-44 ans;Hommes et Femmes;10.0;12.5;;79;75
2019;Hauts-de-France;Somme;45-64 ans;Hommes;26.0;35.8;;80;32
2019;Hauts-de-France;Somme;45-64 ans;Femmes;7.0;9.3;;80;32
2019;Hauts-de-France;Somme;65 ans et plus;Femmes;2.5;3.8;;80;32
2019;Hauts-de-France;Somme;45-64 ans;Hommes et Femmes;33.0;22.3;;80;32
2019;Hauts-de-France;Somme;Tous;Hommes et Femmes;78.0;13.7;13.9;80;32
2020;Hauts-de-France;Somme;00-17 ans;Hommes;2.5;4.0;;80;32
2020;Hauts-de-France;Somme;18-24 ans;Hommes;2.5;9.6;;80;32
2020;Hauts-de-France;Somme;25-44 ans;Hommes;24.0;36.5;;80;32
2020;Hauts-de-France;Somme;45-64 ans;Hommes;25.0;34.7;;80;32
2020;Hauts-de-France;Somme;65 ans et plus;Hommes;26.0;52.0;;80;32
2020;Hauts-de-France;Somme;18-24 ans;Femmes;2.5;9.6;;80;32
2020;Hauts-de-France;Somme;25-44 ans;Femmes;2.5;3.7;;80;32
2020;Hauts-de-France;Somme;Tous;Femmes;25.0;8.5;8.5;80;32
2020;Hauts-de-France;Somme;00-17 ans;Hommes et Femmes;2.5;2.1;;80;32
2020;Hauts-de-France;Somme;Tous;Hommes et Femmes;104.0;18.3;18.5;80;32
2021;Hauts-de-France;Somme;18-24 ans;Hommes;2.5;9.6;;80;32
2021;Hauts-de-France;Somme;65 ans et plus;Hommes;38.0;75.2;;80;32
2021;Hauts-de-France;Somme;25-44 ans;Femmes;5.0;7.5;;80;32
2021;Hauts-de-France;Somme;65 ans et plus;Femmes;6.0;8.9;;80;32
2021;Hauts-de-France;Somme;18-24 ans;Hommes et Femmes;5.0;9.7;;80;32
2021;Hauts-de-France;Somme;25-44 ans;Hommes et Femmes;25.0;18.9;;80;32
2022;Hauts-de-France;Somme;00-17 ans;Hommes;2.5;4.2;;80;32
2022;Hauts-de-France;Somme;Tous;Hommes;71.0;25.8;26.0;80;32
2022;Hauts-de-France;Somme;00-17 ans;Femmes;2.5;4.4;;80;32
2022;Hauts-de-France;Somme;25-44 ans;Femmes;6.0;9.0;;80;32
2022;Hauts-de-France;Somme;18-24 ans;Hommes et Femmes;2.5;4.8;;80;32
2022;Hauts-de-France;Somme;65 ans et plus;Hommes et Femmes;36.0;30.2;;80;32
2023;Hauts-de-France;Somme;00-17 ans;Hommes;0.0;0.0;;80;32
2023;Hauts-de-France;Somme;25-44 ans;Hommes;19.0;28.9;;80;32
2023;Hauts-de-France;Somme;Tous;Hommes;73.5;26.8;26.3;80;32
2023;Hauts-de-France;Somme;00-17 ans;Femmes;2.5;4.4;;80;32
2023;Hauts-de-France;Somme;25-44 ans;Femmes;10.0;15.1;;80;32
2023;Hauts-de-France;Somme;45-64 ans;Femmes;10.0;13.8;;80;32
2023;Hauts-de-France;Somme;65 ans et plus;Femmes;12.0;17.4;;80;32
2023;Hauts-de-France;Somme;45-64 ans;Hommes et Femmes;38.0;26.5;;80;32
2019;Occitanie;Tarn;18-24 ans;Hommes;2.5;18.2;;81;76
2019;Occitanie;Tarn;18-24 ans;Hommes et Femmes;2.5;9.5;;81;76
2019;Occitanie;Tarn;Tous;Hommes et Femmes;46.5;11.9;10.8;81;76
2020;Occitanie;Tarn;25-44 ans;Hommes;6.0;15.3;;81;76
2020;Occitanie;Tarn;00-17 ans;Femmes;0.0;0.0;;81;76
2020;Occitanie;Tarn;18-24 ans;Femmes;0.0;0.0;;81;76
2020;Occitanie;Tarn;25-44 ans;Femmes;2.5;6.1;;81;76
2020;Occitanie;Tarn;65 ans et plus;Femmes;2.5;4.4;;81;76
2020;Occitanie;Tarn;Tous;Femmes;6.0;3.0;3.5;81;76
2020;Occitanie;Tarn;18-24 ans;Hommes et Femmes;0.0;0.0;;81;76
2021;Occitanie;Tarn;45-64 ans;Femmes;5.0;9.1;;81;76
2021;Occitanie;Tarn;Tous;Femmes;10.0;4.9;4.5;81;76
2022;Occitanie;Tarn;65 ans et plus;Hommes;15.0;32.8;;81;76
2022;Occitanie;Tarn;18-24 ans;Femmes;0.0;0.0;;81;76
2022;Occitanie;Tarn;Tous;Femmes;8.5;4.1;3.3;81;76
2022;Occitanie;Tarn;00-17 ans;Hommes et Femmes;0.0;0.0;;81;76
2023;Occitanie;Tarn;65 ans et plus;Hommes;13.0;27.9;;81;76
2023;Occitanie;Tarn;65 ans et plus;Femmes;6.0;10.1;;81;76
2023;Occitanie;Tarn;00-17 ans;Hommes et Femmes;2.5;3.3;;81;76
2023;Occitanie;Tarn;45-64 ans;Hommes et Femmes;16.5;15.4;;81;76
2019;Occitanie;Tarn-et-Garonne;00-17 ans;Hommes;0.0;0.0;;82;76
2019;Occitanie;Tarn-et-Garonne;25-44 ans;Hommes;2.5;8.7;;82;76
2019;Occitanie;Tarn-et-Garonne;45-64 ans;Hommes;19.0;55.0;;82;76
2019;Occitanie;Tarn-et-Garonne;00-17 ans;Femmes;0.0;0.0;;82;76
2019;Occitanie;Tarn-et-Garonne;25-44 ans;Femmes;2.5;8.5;;82;76
2019;Occitanie;Tarn-et-Garonne;Tous;Femmes;9.0;6.8;6.6;82;76
2020;Occitanie;Tarn-et-Garonne;00-17 ans;Hommes;0.0;0.0;;82;76
2020;Occitanie;Tarn-et-Garonne;25-44 ans;Hommes;6.0;21.0;;82;76
2020;Occitanie;Tarn-et-Garonne;65 ans et plus;Hommes;11.0;41.7;;82;76
2020;Occitanie;Tarn-et-Garonne;18-24 ans;Femmes;0.0;0.0;;82;76
2020;Occitanie;Tarn-et-Garonne;25-44 ans;Femmes;2.5;8.4;;82;76
2020;Occitanie;Tarn-et-Garonne;Tous;Femmes;7.0;5.2;5.1;82;76
2021;Occitanie;Tarn-et-Garonne;65 ans et plus;Femmes;0.0;0.0;;82;76
2021;Occitanie;Tarn-et-Garonne;Tous;Femmes;7.5;5.6;5.2;82;76
2021;Occitanie;Tarn-et-Garonne;00-17 ans;Hommes et Femmes;2.5;4.4;;82;76
2021;Occitanie;Tarn-et-Garonne;18-24 ans;Hommes et Femmes;2.5;14.3;;82;76
2021;Occitanie;Tarn-et-Garonne;Tous;Hommes et Femmes;36.5;13.9;12.2;82;76
2022;Occitanie;Tarn-et-Garonne;25-44 ans;Hommes;2.5;8.7;;82;76
2022;Occitanie;Tarn-et-Garonne;45-64 ans;Hommes;7.0;20.1;;82;76
2022;Occitanie;Tarn-et-Garonne;65 ans et plus;Hommes;12.0;44.1;;82;76
2022;Occitanie;Tarn-et-Garonne;Tous;Hommes;21.5;16.6;15.3;82;76
2022;Occitanie;Tarn-et-Garonne;00-17 ans;Femmes;0.0;0.0;;82;76
2022;Occitanie;Tarn-et-Garonne;18-24 ans;Hommes et Femmes;0.0;0.0;;82;76
2022;Occitanie;Tarn-et-Garonne;45-64 ans;Hommes et Femmes;9.5;13.5;;82;76
2022;Occitanie;Tarn-et-Garonne;Tous;Hommes et Femmes;22.0;8.3;8.2;82;76
2023;Occitanie;Tarn-et-Garonne;18-24 ans;Hommes;2.5;26.3;;82;76
2023;Occitanie;Tarn-et-Garonne;18-24 ans;Femmes;2.5;31.4;;82;76
2023;Occitanie;Tarn-et-Garonne;Tous;Femmes;7.0;5.2;5.6;82;76
2023;Occitanie;Tarn-et-Garonne;00-17 ans;Hommes et Femmes;0.0;0.0;;82;76
2023;Occitanie;Tarn-et-Garonne;45-64 ans;Hommes et Femmes;15.5;22.0;;82;76
2023;Occitanie;Tarn-et-Garonne;65 ans et plus;Hommes et Femmes;11.5;18.6;;82;76
2019;Provence-Alpes-Côte d'Azur;Var;18-24 ans;Hommes;7.0;18.4;;83;93
2019;Provence-Alpes-Côte d'Azur;Var;25-44 ans;Hommes;20.0;17.7;;83;93
2019;Provence-Alpes-Côte d'Azur;Var;45-64 ans;Hommes;48.0;34.7;;83;93
2019;Provence-Alpes-Côte d'Azur;Var;00-17 ans;Femmes;0.0;0.0;;83;93
2019;Provence-Alpes-Côte d'Azur;Var;18-24 ans;Hommes et Femmes;9.5;13.3;;83;93
2019;Provence-Alpes-Côte d'Azur;Var;65 ans et plus;Hommes et Femmes;77.0;27.3;;83;93
2020;Provence-Alpes-Côte d'Azur;Var;45-64 ans;Hommes;45.0;32.4;;83;93
2020;Provence-Alpes-Côte d'Azur;Var;65 ans et plus;Hommes;48.0;38.1;;83;93
2020;Provence-Alpes-Côte d'Azur;Var;65 ans et plus;Femmes;21.0;12.9;;83;93
2020;Provence-Alpes-Côte d'Azur;Var;25-44 ans;Hommes et Femmes;31.0;13.4;;83;93
2021;Provence-Alpes-Côte d'Azur;Var;00-17 ans;Hommes;2.5;2.4;;83;93
2021;Provence-Alpes-Côte d'Azur;Var;25-44 ans;Hommes;23.0;20.0;;83;93
2021;Provence-Alpes-Côte d'Azur;Var;45-64 ans;Hommes;48.0;34.3;;83;93
2021;Provence-Alpes-Côte d'Azur;Var;25-44 ans;Femmes;8.0;6.7;;83;93
2021;Provence-Alpes-Côte d'Azur;Var;45-64 ans;Femmes;14.0;9.2;;83;93
2021;Provence-Alpes-Côte d'Azur;Var;65 ans et plus;Femmes;17.0;10.2;;83;93
2021;Provence-Alpes-Côte d'Azur;Var;65 ans et plus;Hommes et Femmes;76.0;25.8;;83;93
2021;Provence-Alpes-Côte d'Azur;Var;Tous;Hommes et Femmes;178.5;16.3;15.0;83;93
2022;Provence-Alpes-Côte d'Azur;Var;18-24 ans;Hommes;6.0;15.7;;83;93
2022;Provence-Alpes-Côte d'Azur;Var;25-44 ans;Hommes;21.0;17.8;;83;93
2022;Provence-Alpes-Côte d'Azur;Var;65 ans et plus;Femmes;16.0;9.5;;83;93
2022;Provence-Alpes-Côte d'Azur;Var;00-17 ans;Hommes et Femmes;2.5;1.2;;83;93
2022;Provence-Alpes-Côte d'Azur;Var;18-24 ans;Hommes et Femmes;8.5;11.7;;83;93
2022;Provence-Alpes-Côte d'Azur;Var;25-44 ans;Hommes et Femmes;23.5;9.8;;83;93
2022;Provence-Alpes-Côte d'Azur;Var;45-64 ans;Hommes et Femmes;60.0;20.4;;83;93
2023;Provence-Alpes-Côte d'Azur;Var;18-24 ans;Hommes;2.5;6.5;;83;93
2023;Provence-Alpes-Côte d'Azur;Var;25-44 ans;Hommes;25.0;21.0;;83;93
2023;Provence-Alpes-Côte d'Azur;Var;Tous;Hommes;143.0;26.6;24.2;83;93
2023;Provence-Alpes-Côte d'Azur;Var;45-64 ans;Femmes;18.0;11.8;;83;93
2023;Provence-Alpes-Côte d'Azur;Var;Tous;Femmes;36.0;6.2;6.0;83;93
2023;Provence-Alpes-Côte d'Azur;Var;25-44 ans;Hommes et Femmes;32.0;13.3;;83;93
2023;Provence-Alpes-Côte d'Azur;Var;45-64 ans;Hommes et Femmes;70.0;23.8;;83;93
2023;Provence-Alpes-Côte d'Azur;Var;65 ans et plus;Hommes et Femmes;72.0;23.5;;83;93
2023;Provence-Alpes-Côte d'Azur;Var;Tous;Hommes et Femmes;179.0;16.0;14.8;83;93
2019;Provence-Alpes-Côte d'Azur;Vaucluse;Tous;Hommes;53.5;19.9;18.8;84;93
2019;Provence-Alpes-Côte d'Azur;Vaucluse;18-24 ans;Femmes;0.0;0.0;;84;93
2019;Provence-Alpes-Côte d'Azur;Vaucluse;45-64 ans;Hommes et Femmes;27.0;18.0;;84;93
2019;Provence-Alpes-Côte d'Azur;Vaucluse;Tous;Hommes et Femmes;74.5;13.3;12.8;84;93
2020;Provence-Alpes-Côte d'Azur;Vaucluse;18-24 ans;Hommes;0.0;0.0;;84;93
2020;Provence-Alpes-Côte d'Azur;Vaucluse;25-44 ans;Hommes;8.0;13.2;;84;93
2020;Provence-Alpes-Côte d'Azur;Vaucluse;65 ans et plus;Hommes;20.0;36.1;;84;93
2020;Provence-Alpes-Côte d'Azur;Vaucluse;00-17 ans;Femmes;0.0;0.0;;84;93
2020;Provence-Alpes-Côte d'Azur;Vaucluse;18-24 ans;Femmes;0.0;0.0;;84;93
2020;Provence-Alpes-Côte d'Azur;Vaucluse;25-44 ans;Femmes;2.5;3.9;;84;93
2020;Provence-Alpes-Côte d'Azur;Vaucluse;65 ans et plus;Femmes;5.0;7.0;;84;93
2020;Provence-Alpes-Côte d'Azur;Vaucluse;Tous;Femmes;13.0;4.5;4.4;84;93
2020;Provence-Alpes-Côte d'Azur;Vaucluse;18-24 ans;Hommes et Femmes;0.0;0.0;;84;93
2020;Provence-Alpes-Côte d'Azur;Vaucluse;25-44 ans;Hommes et Femmes;10.5;8.4;;84;93
2020;Provence-Alpes-Côte d'Azur;Vaucluse;45-64 ans;Hommes et Femmes;16.5;11.0;;84;93
2020;Provence-Alpes-Côte d'Azur;Vaucluse;Tous;Hommes et Femmes;55.0;9.8;9.6;84;93
2021;Provence-Alpes-Côte d'Azur;Vaucluse;25-44 ans;Hommes;7.0;11.5;;84;93
2021;Provence-Alpes-Côte d'Azur;Vaucluse;45-64 ans;Hommes;18.0;25.0;;84;93
2021;Provence-Alpes-Côte d'Azur;Vaucluse;65 ans et plus;Hommes;24.0;42.6;;84;93
2021;Provence-Alpes-Côte d'Azur;Vaucluse;18-24 ans;Hommes et Femmes;2.5;6.4;;84;93
2021;Provence-Alpes-Côte d'Azur;Vaucluse;25-44 ans;Hommes et Femmes;12.0;9.5;;84;93
2021;Provence-Alpes-Côte d'Azur;Vaucluse;45-64 ans;Hommes et Femmes;23.0;15.3;;84;93
2022;Provence-Alpes-Côte d'Azur;Vaucluse;00-17 ans;Femmes;0.0;0.0;;84;93
2022;Provence-Alpes-Côte d'Azur;Vaucluse;18-24 ans;Femmes;0.0;0.0;;84;93
2022;Provence-Alpes-Côte d'Azur;Vaucluse;25-44 ans;Femmes;2.5;3.8;;84;93
2022;Provence-Alpes-Côte d'Azur;Vaucluse;65 ans et plus;Femmes;6.0;8.0;;84;93
2022;Provence-Alpes-Côte d'Azur;Vaucluse;45-64 ans;Hommes et Femmes;24.0;16.0;;84;93
2023;Provence-Alpes-Côte d'Azur;Vaucluse;00-17 ans;Hommes;0.0;0.0;;84;93
2023;Provence-Alpes-Côte d'Azur;Vaucluse;25-44 ans;Hommes;12.0;19.5;;84;93
2023;Provence-Alpes-Côte d'Azur;Vaucluse;Tous;Hommes;48.5;17.7;16.8;84;93
2023;Provence-Alpes-Côte d'Azur;Vaucluse;00-17 ans;Femmes;0.0;0.0;;84;93
2023;Provence-Alpes-Côte d'Azur;Vaucluse;00-17 ans;Hommes et Femmes;0.0;0.0;;84;93
2023;Provence-Alpes-Côte d'Azur;Vaucluse;18-24 ans;Hommes et Femmes;2.5;6.4;;84;93
2023;Provence-Alpes-Côte d'Azur;Vaucluse;45-64 ans;Hommes et Femmes;28.0;18.7;;84;93
2023;Provence-Alpes-Côte d'Azur;Vaucluse;Tous;Hommes et Femmes;62.5;11.0;10.7;84;93
2019;Pays de la Loire;Vendée;18-24 ans;Hommes;6.0;26.8;;85;52
2019;Pays de la Loire;Vendée;18-24 ans;Femmes;2.5;12.4;;85;52
2019;Pays de la Loire;Vendée;45-64 ans;Femmes;10.0;10.8;;85;52
2019;Pays de la Loire;Vendée;00-17 ans;Hommes et Femmes;2.5;1.7;;85;52
2019;Pays de la Loire;Vendée;18-24 ans;Hommes et Femmes;8.5;19.9;;85;52
2019;Pays de la Loire;Vendée;25-44 ans;Hommes et Femmes;35.0;23.7;;85;52
2020;Pays de la Loire;Vendée;18-24 ans;Hommes;5.0;21.6;;85;52
2020;Pays de la Loire;Vendée;Tous;Hommes;75.0;22.2;21.9;85;52
2020;Pays de la Loire;Vendée;25-44 ans;Femmes;2.5;3.4;;85;52
2021;Pays de la Loire;Vendée;00-17 ans;Hommes;2.5;3.4;;85;52
2021;Pays de la Loire;Vendée;00-17 ans;Hommes et Femmes;2.5;1.7;;85;52
2021;Pays de la Loire;Vendée;18-24 ans;Hommes et Femmes;5.0;11.1;;85;52
2021;Pays de la Loire;Vendée;65 ans et plus;Hommes et Femmes;38.0;21.3;;85;52
2022;Pays de la Loire;Vendée;18-24 ans;Hommes;2.5;10.2;;85;52
2022;Pays de la Loire;Vendée;45-64 ans;Femmes;13.0;13.8;;85;52
2022;Pays de la Loire;Vendée;Tous;Femmes;38.0;10.5;9.8;85;52
2022;Pays de la Loire;Vendée;25-44 ans;Hommes et Femmes;35.0;23.5;;85;52
2023;Pays de la Loire;Vendée;25-44 ans;Hommes;16.0;21.4;;85;52
2023;Pays de la Loire;Vendée;45-64 ans;Hommes;43.0;46.5;;85;52
2023;Pays de la Loire;Vendée;25-44 ans;Femmes;6.0;8.0;;85;52
2023;Pays de la Loire;Vendée;45-64 ans;Femmes;13.0;13.7;;85;52
2023;Pays de la Loire;Vendée;25-44 ans;Hommes et Femmes;22.0;14.7;;85;52
2023;Pays de la Loire;Vendée;Tous;Hommes et Femmes;129.0;18.1;17.6;85;52
2019;Nouvelle Aquitaine;Vienne;Tous;Hommes;54.0;25.5;25.2;86;75
2019;Nouvelle Aquitaine;Vienne;18-24 ans;Femmes;0.0;0.0;;86;75
2019;Nouvelle Aquitaine;Vienne;00-17 ans;Hommes et Femmes;2.5;2.8;;86;75
2019;Nouvelle Aquitaine;Vienne;18-24 ans;Hommes et Femmes;2.5;5.9;;86;75
2020;Nouvelle Aquitaine;Vienne;45-64 ans;Hommes;14.0;25.6;;86;75
2020;Nouvelle Aquitaine;Vienne;65 ans et plus;Hommes;13.0;30.4;;86;75
2020;Nouvelle Aquitaine;Vienne;25-44 ans;Hommes et Femmes;10.5;10.7;;86;75
2020;Nouvelle Aquitaine;Vienne;45-64 ans;Hommes et Femmes;16.5;14.7;;86;75
2020;Nouvelle Aquitaine;Vienne;65 ans et plus;Hommes et Femmes;15.5;15.8;;86;75
2020;Nouvelle Aquitaine;Vienne;Tous;Hommes et Femmes;48.5;11.0;10.8;86;75
2021;Nouvelle Aquitaine;Vienne;65 ans et plus;Hommes;24.0;55.3;;86;75
2021;Nouvelle Aquitaine;Vienne;Tous;Hommes;60.0;28.3;27.8;86;75
2021;Nouvelle Aquitaine;Vienne;18-24 ans;Femmes;0.0;0.0;;86;75
2021;Nouvelle Aquitaine;Vienne;65 ans et plus;Femmes;5.0;9.0;;86;75
2021;Nouvelle Aquitaine;Vienne;25-44 ans;Hommes et Femmes;18.0;18.3;;86;75
2021;Nouvelle Aquitaine;Vienne;65 ans et plus;Hommes et Femmes;29.0;29.3;;86;75
2022;Nouvelle Aquitaine;Vienne;65 ans et plus;Hommes;30.0;67.9;;86;75
2022;Nouvelle Aquitaine;Vienne;00-17 ans;Femmes;2.5;5.8;;86;75
2022;Nouvelle Aquitaine;Vienne;18-24 ans;Femmes;0.0;0.0;;86;75
2022;Nouvelle Aquitaine;Vienne;45-64 ans;Femmes;2.5;4.4;;86;75
2022;Nouvelle Aquitaine;Vienne;Tous;Femmes;13.0;5.7;6.0;86;75
2023;Nouvelle Aquitaine;Vienne;18-24 ans;Hommes;2.5;12.0;;86;75
2023;Nouvelle Aquitaine;Vienne;25-44 ans;Hommes;13.0;26.8;;86;75
2023;Nouvelle Aquitaine;Vienne;Tous;Hommes et Femmes;86.5;19.7;19.4;86;75
2019;Nouvelle Aquitaine;Haute-Vienne;18-24 ans;Hommes;2.5;16.7;;87;75
2019;Nouvelle Aquitaine;Haute-Vienne;00-17 ans;Femmes;2.5;7.3;;87;75
2019;Nouvelle Aquitaine;Haute-Vienne;65 ans et plus;Hommes et Femmes;20.0;21.6;;87;75
2019;Nouvelle Aquitaine;Haute-Vienne;Tous;Hommes et Femmes;70.5;18.9;18.6;87;75
2020;Nouvelle Aquitaine;Haute-Vienne;00-17 ans;Hommes;0.0;0.0;;87;75
2020;Nouvelle Aquitaine;Haute-Vienne;18-24 ans;Femmes;0.0;0.0;;87;75
2020;Nouvelle Aquitaine;Haute-Vienne;00-17 ans;Hommes et Femmes;0.0;0.0;;87;75
2020;Nouvelle Aquitaine;Haute-Vienne;65 ans et plus;Hommes et Femmes;18.0;19.2;;87;75
2021;Nouvelle Aquitaine;Haute-Vienne;00-17 ans;Hommes;2.5;7.1;;87;75
2021;Nouvelle Aquitaine;Haute-Vienne;45-64 ans;Hommes;16.0;33.6;;87;75
2021;Nouvelle Aquitaine;Haute-Vienne;Tous;Hommes;68.0;38.3;35.6;87;75
2021;Nouvelle Aquitaine;Haute-Vienne;18-24 ans;Femmes;0.0;0.0;;87;75
2021;Nouvelle Aquitaine;Haute-Vienne;25-44 ans;Femmes;2.5;6.2;;87;75
2021;Nouvelle Aquitaine;Haute-Vienne;65 ans et plus;Femmes;6.0;11.0;;87;75
2021;Nouvelle Aquitaine;Haute-Vienne;00-17 ans;Hommes et Femmes;2.5;3.6;;87;75
2021;Nouvelle Aquitaine;Haute-Vienne;45-64 ans;Hommes et Femmes;24.0;24.5;;87;75
2022;Nouvelle Aquitaine;Haute-Vienne;18-24 ans;Hommes;2.5;16.7;;87;75
2022;Nouvelle Aquitaine;Haute-Vienne;Tous;Hommes;50.5;28.3;26.1;87;75
2022;Nouvelle Aquitaine;Haute-Vienne;00-17 ans;Femmes;0.0;0.0;;87;75
2022;Nouvelle Aquitaine;Haute-Vienne;25-44 ans;Femmes;2.5;6.2;;87;75
2023;Nouvelle Aquitaine;Haute-Vienne;00-17 ans;Hommes;0.0;0.0;;87;75
2023;Nouvelle Aquitaine;Haute-Vienne;18-24 ans;Hommes;2.5;16.5;;87;75
2023;Nouvelle Aquitaine;Haute-Vienne;25-44 ans;Hommes;10.0;25.3;;87;75
2023;Nouvelle Aquitaine;Haute-Vienne;45-64 ans;Hommes;23.0;49.0;;87;75
2023;Nouvelle Aquitaine;Haute-Vienne;18-24 ans;Hommes et Femmes;2.5;8.1;;87;75
2019;Grand Est;Vosges;18-24 ans;Hommes;0.0;0.0;;88;44
2019;Grand Est;Vosges;65 ans et plus;Hommes;20.0;52.7;;88;44
2019;Grand Est;Vosges;18-24 ans;Femmes;0.0;0.0;;88;44
2019;Grand Est;Vosges;45-64 ans;Femmes;6.0;11.5;;88;44
2019;Grand Est;Vosges;18-24 ans;Hommes et Femmes;0.0;0.0;;88;44
2019;Grand Est;Vosges;65 ans et plus;Hommes et Femmes;26.0;29.5;;88;44
2019;Grand Est;Vosges;Tous;Hommes et Femmes;73.5;20.2;19.5;88;44
2020;Grand Est;Vosges;45-64 ans;Hommes;18.0;35.7;;88;44
2020;Grand Est;Vosges;00-17 ans;Femmes;0.0;0.0;;88;44
2020;Grand Est;Vosges;00-17 ans;Hommes et Femmes;0.0;0.0;;88;44
2020;Grand Est;Vosges;Tous;Hommes et Femmes;66.5;18.4;18.0;88;44
2021;Grand Est;Vosges;Tous;Hommes;65.5;37.2;35.8;88;44
2021;Grand Est;Vosges;18-24 ans;Femmes;0.0;0.0;;88;44
2021;Grand Est;Vosges;45-64 ans;Femmes;2.5;4.9;;88;44
2021;Grand Est;Vosges;65 ans et plus;Femmes;9.0;17.5;;88;44
2021;Grand Est;Vosges;Tous;Femmes;16.0;8.7;8.8;88;44
2021;Grand Est;Vosges;00-17 ans;Hommes et Femmes;0.0;0.0;;88;44
2022;Grand Est;Vosges;45-64 ans;Hommes;16.0;32.6;;88;44
2022;Grand Est;Vosges;Tous;Hommes;49.5;28.3;25.8;88;44
2022;Grand Est;Vosges;18-24 ans;Femmes;0.0;0.0;;88;44
2022;Grand Est;Vosges;25-44 ans;Femmes;6.0;16.0;;88;44
2022;Grand Est;Vosges;Tous;Femmes;13.5;7.4;6.8;88;44
2022;Grand Est;Vosges;00-17 ans;Hommes et Femmes;0.0;0.0;;88;44
2022;Grand Est;Vosges;25-44 ans;Hommes et Femmes;14.0;18.6;;88;44
2023;Grand Est;Vosges;00-17 ans;Hommes;2.5;7.2;;88;44
2019;Bourgogne et Franche-Comté;Yonne;45-64 ans;Hommes;19.0;42.1;;89;27
2019;Bourgogne et Franche-Comté;Yonne;18-24 ans;Femmes;0.0;0.0;;89;27
2019;Bourgogne et Franche-Comté;Yonne;Tous;Femmes;13.0;7.5;7.5;89;27
2019;Bourgogne et Franche-Comté;Yonne;00-17 ans;Hommes et Femmes;0.0;0.0;;89;27
2019;Bourgogne et Franche-Comté;Yonne;18-24 ans;Hommes et Femmes;2.5;12.0;;89;27
2019;Bourgogne et Franche-Comté;Yonne;45-64 ans;Hommes et Femmes;21.5;23.5;;89;27
2019;Bourgogne et Franche-Comté;Yonne;65 ans et plus;Hommes et Femmes;22.5;27.4;;89;27
2019;Bourgogne et Franche-Comté;Yonne;Tous;Hommes et Femmes;59.5;17.7;16.2;89;27
2020;Bourgogne et Franche-Comté;Yonne;45-64 ans;Hommes;16.0;35.6;;89;27
2020;Bourgogne et Franche-Comté;Yonne;18-24 ans;Femmes;0.0;0.0;;89;27
2020;Bourgogne et Franche-Comté;Yonne;25-44 ans;Femmes;2.5;7.0;;89;27
2020;Bourgogne et Franche-Comté;Yonne;Tous;Hommes et Femmes;60.0;18.0;18.5;89;27
2021;Bourgogne et Franche-Comté;Yonne;45-64 ans;Femmes;5.0;10.8;;89;27
2021;Bourgogne et Franche-Comté;Yonne;Tous;Femmes;13.5;7.9;6.4;89;27
2021;Bourgogne et Franche-Comté;Yonne;18-24 ans;Hommes et Femmes;2.5;12.1;;89;27
2021;Bourgogne et Franche-Comté;Yonne;25-44 ans;Hommes et Femmes;7.5;10.6;;89;27
2022;Bourgogne et Franche-Comté;Yonne;Tous;Hommes;42.5;26.1;23.5;89;27
2022;Bourgogne et Franche-Comté;Yonne;00-17 ans;Femmes;2.5;7.6;;89;27
2022;Bourgogne et Franche-Comté;Yonne;18-24 ans;Femmes;0.0;0.0;;89;27
2022;Bourgogne et Franche-Comté;Yonne;25-44 ans;Femmes;2.5;7.1;;89;27
2022;Bourgogne et Franche-Comté;Yonne;45-64 ans;Femmes;5.0;10.9;;89;27
2022;Bourgogne et Franche-Comté;Yonne;65 ans et plus;Femmes;2.5;5.3;;89;27
2022;Bourgogne et Franche-Comté;Yonne;00-17 ans;Hommes et Femmes;2.5;3.7;;89;27
2022;Bourgogne et Franche-Comté;Yonne;25-44 ans;Hommes et Femmes;11.5;16.3;;89;27
2023;Bourgogne et Franche-Comté;Yonne;65 ans et plus;Hommes;19.0;50.6;;89;27
2023;Bourgogne et Franche-Comté;Yonne;00-17 ans;Femmes;0.0;0.0;;89;27
2023;Bourgogne et Franche-Comté;Yonne;45-64 ans;Femmes;2.5;5.5;;89;27
2023;Bourgogne et Franche-Comté;Yonne;65 ans et plus;Femmes;6.0;12.6;;89;27
2023;Bourgogne et Franche-Comté;Yonne;00-17 ans;Hommes et Femmes;0.0;0.0;;89;27
2023;Bourgogne et Franche-Comté;Yonne;45-64 ans;Hommes et Femmes;17.5;19.5;;89;27
2023;Bourgogne et Franche-Comté;Yonne;Tous;Hommes et Femmes;56.0;16.8;16.6;89;27
2019;Bourgogne et Franche-Comté;Territoire de Belfort;Tous;Hommes;13.0;18.5;20.1;90;27
2019;Bourgogne et Franche-Comté;Territoire de Belfort;00-17 ans;Femmes;0.0;0.0;;90;27
2019;Bourgogne et Franche-Comté;Territoire de Belfort;25-44 ans;Femmes;2.5;14.9;;90;27
2019;Bourgogne et Franche-Comté;Territoire de Belfort;45-64 ans;Femmes;2.5;13.2;;90;27
2019;Bourgogne et Franche-Comté;Territoire de Belfort;Tous;Femmes;6.0;8.4;8.5;90;27
2019;Bourgogne et Franche-Comté;Territoire de Belfort;25-44 ans;Hommes et Femmes;5.0;14.8;;90;27
2020;Bourgogne et Franche-Comté;Territoire de Belfort;65 ans et plus;Hommes;2.5;20.2;;90;27
2020;Bourgogne et Franche-Comté;Territoire de Belfort;Tous;Hommes;14.5;20.8;20.4;90;27
2020;Bourgogne et Franche-Comté;Territoire de Belfort;18-24 ans;Femmes;0.0;0.0;;90;27
2020;Bourgogne et Franche-Comté;Territoire de Belfort;25-44 ans;Femmes;0.0;0.0;;90;27
2020;Bourgogne et Franche-Comté;Territoire de Belfort;45-64 ans;Femmes;2.5;13.4;;90;27
2020;Bourgogne et Franche-Comté;Territoire de Belfort;65 ans et plus;Femmes;2.5;15.4;;90;27
2020;Bourgogne et Franche-Comté;Territoire de Belfort;00-17 ans;Hommes et Femmes;0.0;0.0;;90;27
2020;Bourgogne et Franche-Comté;Territoire de Belfort;25-44 ans;Hommes et Femmes;6.0;18.2;;90;27
2021;Bourgogne et Franche-Comté;Territoire de Belfort;00-17 ans;Hommes;0.0;0.0;;90;27
2021;Bourgogne et Franche-Comté;Territoire de Belfort;25-44 ans;Hommes;6.0;36.0;;90;27
2021;Bourgogne et Franche-Comté;Territoire de Belfort;18-24 ans;Femmes;0.0;0.0;;90;27
2021;Bourgogne et Franche-Comté;Territoire de Belfort;18-24 ans;Hommes et Femmes;0.0;0.0;;90;27
2021;Bourgogne et Franche-Comté;Territoire de Belfort;25-44 ans;Hommes et Femmes;6.0;18.2;;90;27
2021;Bourgogne et Franche-Comté;Territoire de Belfort;45-64 ans;Hommes et Femmes;9.5;26.0;;90;27
2022;Bourgogne et Franche-Comté;Territoire de Belfort;00-17 ans;Hommes;0.0;0.0;;90;27
2022;Bourgogne et Franche-Comté;Territoire de Belfort;45-64 ans;Hommes;2.5;14.0;;90;27
2022;Bourgogne et Franche-Comté;Territoire de Belfort;65 ans et plus;Hommes;10.0;80.0;;90;27
2022;Bourgogne et Franche-Comté;Territoire de Belfort;65 ans et plus;Femmes;2.5;15.2;;90;27
2022;Bourgogne et Franche-Comté;Territoire de Belfort;Tous;Femmes;6.0;8.5;8.4;90;27
2022;Bourgogne et Franche-Comté;Territoire de Belfort;00-17 ans;Hommes et Femmes;0.0;0.0;;90;27
2022;Bourgogne et Franche-Comté;Territoire de Belfort;18-24 ans;Hommes et Femmes;0.0;0.0;;90;27
2022;Bourgogne et Franche-Comté;Territoire de Belfort;65 ans et plus;Hommes et Femmes;12.5;43.1;;90;27
2022;Bourgogne et Franche-Comté;Territoire de Belfort;Tous;Hommes et Femmes;29.0;20.7;20.1;90;27
2023;Bourgogne et Franche-Comté;Territoire de Belfort;25-44 ans;Hommes;7.0;42.0;;90;27
2023;Bourgogne et Franche-Comté;Territoire de Belfort;00-17 ans;Hommes et Femmes;0.0;0.0;;90;27
2023;Bourgogne et Franche-Comté;Territoire de Belfort;45-64 ans;Hommes et Femmes;7.5;20.8;;90;27
2019;Île-de-France;Essonne;00-17 ans;Hommes;0.0;0.0;;91;11
2019;Île-de-France;Essonne;00-17 ans;Femmes;2.5;1.6;;91;11
2019;Île-de-France;Essonne;25-44 ans;Femmes;5.0;2.9;;91;11
2019;Île-de-France;Essonne;Tous;Femmes;29.0;4.4;4.7;91;11
2019;Île-de-France;Essonne;00-17 ans;Hommes et Femmes;2.5;0.8;;91;11
2020;Île-de-France;Essonne;00-17 ans;Hommes;2.5;1.5;;91;11
2020;Île-de-France;Essonne;Tous;Hommes;91.5;14.3;15.5;91;11
2020;Île-de-France;Essonne;18-24 ans;Femmes;2.5;4.5;;91;11
2020;Île-de-France;Essonne;Tous;Femmes;31.5;4.7;5.6;91;11
2020;Île-de-France;Essonne;00-17 ans;Hommes et Femmes;2.5;0.8;;91;11
2020;Île-de-France;Essonne;25-44 ans;Hommes et Femmes;33.0;9.8;;91;11
2020;Île-de-France;Essonne;45-64 ans;Hommes et Femmes;40.0;12.1;;91;11
2020;Île-de-France;Essonne;65 ans et plus;Hommes et Femmes;35.0;17.2;;91;11
2020;Île-de-France;Essonne;Tous;Hommes et Femmes;127.0;9.7;10.4;91;11
2021;Île-de-France;Essonne;00-17 ans;Hommes;0.0;0.0;;91;11
2021;Île-de-France;Essonne;18-24 ans;Hommes;6.0;9.8;;91;11
2021;Île-de-France;Essonne;45-64 ans;Hommes;23.0;14.1;;91;11
2021;Île-de-France;Essonne;Tous;Femmes;25.0;3.7;3.9;91;11
2021;Île-de-France;Essonne;65 ans et plus;Hommes et Femmes;28.0;13.6;;91;11
2021;Île-de-France;Essonne;Tous;Hommes et Femmes;99.0;7.5;8.1;91;11
2022;Île-de-France;Essonne;00-17 ans;Hommes;0.0;0.0;;91;11
2022;Île-de-France;Essonne;25-44 ans;Hommes;25.0;14.8;;91;11
2022;Île-de-France;Essonne;00-17 ans;Femmes;2.5;1.6;;91;11
2022;Île-de-France;Essonne;00-17 ans;Hommes et Femmes;2.5;0.8;;91;11
2022;Île-de-France;Essonne;25-44 ans;Hommes et Femmes;33.0;9.5;;91;11
2023;Île-de-France;Essonne;00-17 ans;Hommes;2.5;1.5;;91;11
2023;Île-de-France;Essonne;18-24 ans;Hommes;2.5;4.0;;91;11
2023;Île-de-France;Essonne;25-44 ans;Hommes;27.0;15.8;;91;11
2023;Île-de-France;Essonne;45-64 ans;Hommes;26.0;15.9;;91;11
2023;Île-de-France;Essonne;25-44 ans;Femmes;9.0;5.1;;91;11
2023;Île-de-France;Essonne;65 ans et plus;Femmes;10.0;8.3;;91;11
2023;Île-de-France;Essonne;25-44 ans;Hommes et Femmes;36.0;10.3;;91;11
2023;Île-de-France;Essonne;Tous;Hommes et Femmes;115.5;8.7;9.2;91;11
2019;Île-de-France;Hauts-de-Seine;25-44 ans;Hommes;23.0;10.0;;92;11
2019;Île-de-France;Hauts-de-Seine;Tous;Hommes;90.5;11.7;12.7;92;11
2019;Île-de-France;Hauts-de-Seine;00-17 ans;Femmes;0.0;0.0;;92;11
2019;Île-de-France;Hauts-de-Seine;18-24 ans;Femmes;2.5;3.7;;92;11
2019;Île-de-France;Hauts-de-Seine;45-64 ans;Femmes;15.0;7.1;;92;11
2019;Île-de-France;Hauts-de-Seine;18-24 ans;Hommes et Femmes;12.5;9.4;;92;11
2019;Île-de-France;Hauts-de-Seine;65 ans et plus;Hommes et Femmes;44.0;17.8;;92;11
2019;Île-de-France;Hauts-de-Seine;Tous;Hommes et Femmes;134.0;8.2;9.2;92;11
2020;Île-de-France;Hauts-de-Seine;00-17 ans;Hommes;2.5;1.3;;92;11
2020;Île-de-France;Hauts-de-Seine;25-44 ans;Hommes;20.0;8.8;;92;11
2020;Île-de-France;Hauts-de-Seine;Tous;Hommes;75.0;9.7;10.3;92;11
2020;Île-de-France;Hauts-de-Seine;45-64 ans;Femmes;18.0;8.5;;92;11
2020;Île-de-France;Hauts-de-Seine;18-24 ans;Hommes et Femmes;7.0;5.1;;92;11
2021;Île-de-France;Hauts-de-Seine;65 ans et plus;Hommes;16.0;15.2;;92;11
2021;Île-de-France;Hauts-de-Seine;00-17 ans;Femmes;2.5;1.4;;92;11
2021;Île-de-France;Hauts-de-Seine;18-24 ans;Femmes;2.5;3.5;;92;11
2021;Île-de-France;Hauts-de-Seine;Tous;Hommes et Femmes;113.0;6.9;7.5;92;11
2022;Île-de-France;Hauts-de-Seine;Tous;Hommes;78.0;9.9;10.5;92;11
2022;Île-de-France;Hauts-de-Seine;45-64 ans;Femmes;20.0;9.4;;92;11
2022;Île-de-France;Hauts-de-Seine;65 ans et plus;Femmes;20.0;13.1;;92;11
2022;Île-de-France;Hauts-de-Seine;Tous;Femmes;50.5;5.9;6.4;92;11
2022;Île-de-France;Hauts-de-Seine;18-24 ans;Hommes et Femmes;11.5;7.9;;92;11
2022;Île-de-France;Hauts-de-Seine;25-44 ans;Hommes et Femmes;30.0;6.3;;92;11
2022;Île-de-France;Hauts-de-Seine;45-64 ans;Hommes et Femmes;49.0;12.1;;92;11
2022;Île-de-France;Hauts-de-Seine;65 ans et plus;Hommes et Femmes;38.0;14.7;;92;11
2023;Île-de-France;Hauts-de-Seine;45-64 ans;Hommes;39.0;20.0;;92;11
2023;Île-de-France;Hauts-de-Seine;65 ans et plus;Hommes;22.0;20.4;;92;11
2023;Île-de-France;Hauts-de-Seine;25-44 ans;Femmes;10.0;4.0;;92;11
2023;Île-de-France;Hauts-de-Seine;Tous;Femmes;42.0;4.9;4.9;92;11
2023;Île-de-France;Hauts-de-Seine;18-24 ans;Hommes et Femmes;11.5;7.7;;92;11
2023;Île-de-France;Hauts-de-Seine;45-64 ans;Hommes et Femmes;59.0;14.4;;92;11
2023;Île-de-France;Hauts-de-Seine;Tous;Hommes et Femmes;132.5;8.0;8.4;92;11
2019;Île-de-France;Seine-Saint-Denis;18-24 ans;Femmes;2.5;3.5;;93;11
2019;Île-de-France;Seine-Saint-Denis;25-44 ans;Femmes;6.0;2.4;;93;11
2019;Île-de-France;Seine-Saint-Denis;00-17 ans;Hommes et Femmes;2.5;0.6;;93;11
2020;Île-de-France;Seine-Saint-Denis;45-64 ans;Hommes;30.0;15.6;;93;11
2020;Île-de-France;Seine-Saint-Denis;65 ans et plus;Femmes;13.0;11.5;;93;11
2020;Île-de-France;Seine-Saint-Denis;18-24 ans;Hommes et Femmes;10.5;7.1;;93;11
2020;Île-de-France;Seine-Saint-Denis;65 ans et plus;Hommes et Femmes;27.0;13.2;;93;11
2021;Île-de-France;Seine-Saint-Denis;25-44 ans;Hommes;33.0;14.0;;93;11
2021;Île-de-France;Seine-Saint-Denis;25-44 ans;Femmes;10.0;4.1;;93;11
2021;Île-de-France;Seine-Saint-Denis;45-64 ans;Femmes;20.0;10.3;;93;11
2021;Île-de-France;Seine-Saint-Denis;45-64 ans;Hommes et Femmes;39.0;10.0;;93;11
2022;Île-de-France;Seine-Saint-Denis;00-17 ans;Hommes;2.5;1.1;;93;11
2022;Île-de-France;Seine-Saint-Denis;65 ans et plus;Hommes;21.0;21.5;;93;11
2022;Île-de-France;Seine-Saint-Denis;Tous;Femmes;34.0;4.0;4.6;93;11
2022;Île-de-France;Seine-Saint-Denis;00-17 ans;Hommes et Femmes;2.5;0.6;;93;11
2022;Île-de-France;Seine-Saint-Denis;45-64 ans;Hommes et Femmes;29.0;7.4;;93;11
2023;Île-de-France;Seine-Saint-Denis;25-44 ans;Hommes;23.0;9.6;;93;11
2023;Île-de-France;Seine-Saint-Denis;00-17 ans;Femmes;0.0;0.0;;93;11
2023;Île-de-France;Seine-Saint-Denis;25-44 ans;Femmes;7.0;2.8;;93;11
2019;Île-de-France;Val-de-Marne;00-17 ans;Hommes;0.0;0.0;;94;11
2019;Île-de-France;Val-de-Marne;00-17 ans;Femmes;0.0;0.0;;94;11
2019;Île-de-France;Val-de-Marne;Tous;Femmes;28.5;3.9;4.4;94;11
2019;Île-de-France;Val-de-Marne;25-44 ans;Hommes et Femmes;30.0;7.6;;94;11
2019;Île-de-France;Val-de-Marne;65 ans et plus;Hommes et Femmes;27.0;12.9;;94;11
2020;Île-de-France;Val-de-Marne;45-64 ans;Hommes;24.0;14.3;;94;11
2020;Île-de-France;Val-de-Marne;65 ans et plus;Femmes;10.0;8.0;;94;11
2020;Île-de-France;Val-de-Marne;00-17 ans;Hommes et Femmes;0.0;0.0;;94;11
2020;Île-de-France;Val-de-Marne;18-24 ans;Hommes et Femmes;6.0;4.7;;94;11
2021;Île-de-France;Val-de-Marne;00-17 ans;Hommes;2.5;1.5;;94;11
2021;Île-de-France;Val-de-Marne;Tous;Hommes;69.0;10.1;10.8;94;11
2021;Île-de-France;Val-de-Marne;18-24 ans;Femmes;0.0;0.0;;94;11
2021;Île-de-France;Val-de-Marne;25-44 ans;Femmes;8.0;3.9;;94;11
2021;Île-de-France;Val-de-Marne;45-64 ans;Femmes;12.0;6.7;;94;11
2021;Île-de-France;Val-de-Marne;65 ans et plus;Femmes;16.0;12.6;;94;11
2021;Île-de-France;Val-de-Marne;00-17 ans;Hommes et Femmes;2.5;0.8;;94;11
2021;Île-de-France;Val-de-Marne;18-24 ans;Hommes et Femmes;2.5;1.9;;94;11
2021;Île-de-France;Val-de-Marne;65 ans et plus;Hommes et Femmes;34.0;15.5;;94;11
2021;Île-de-France;Val-de-Marne;Tous;Hommes et Femmes;105.0;7.4;8.1;94;11
2022;Île-de-France;Val-de-Marne;00-17 ans;Hommes;0.0;0.0;;94;11
2022;Île-de-France;Val-de-Marne;65 ans et plus;Hommes;16.0;17.1;;94;11
2022;Île-de-France;Val-de-Marne;Tous;Hommes;61.5;9.0;9.9;94;11
2022;Île-de-France;Val-de-Marne;18-24 ans;Femmes;2.5;3.7;;94;11
2022;Île-de-France;Val-de-Marne;25-44 ans;Femmes;2.5;1.2;;94;11
2022;Île-de-France;Val-de-Marne;65 ans et plus;Femmes;15.0;11.7;;94;11
2022;Île-de-France;Val-de-Marne;65 ans et plus;Hommes et Femmes;31.0;14.0;;94;11
2022;Île-de-France;Val-de-Marne;Tous;Hommes et Femmes;96.0;6.8;7.4;94;11
2023;Île-de-France;Val-de-Marne;25-44 ans;Hommes;19.0;9.8;;94;11
2023;Île-de-France;Val-de-Marne;45-64 ans;Femmes;13.0;7.2;;94;11
2023;Île-de-France;Val-de-Marne;65 ans et plus;Femmes;9.0;6.9;;94;11
2023;Île-de-France;Val-de-Marne;00-17 ans;Hommes et Femmes;0.0;0.0;;94;11
2023;Île-de-France;Val-de-Marne;18-24 ans;Hommes et Femmes;7.5;5.6;;94;11
2023;Île-de-France;Val-de-Marne;25-44 ans;Hommes et Femmes;25.0;6.2;;94;11
2023;Île-de-France;Val-de-Marne;Tous;Hommes et Femmes;88.5;6.2;6.5;94;11
2019;Île-de-France;Val-d'Oise;00-17 ans;Hommes;0.0;0.0;;95;11
2019;Île-de-France;Val-d'Oise;25-44 ans;Hommes;21.0;13.0;;95;11
2019;Île-de-France;Val-d'Oise;45-64 ans;Hommes;19.0;12.8;;95;11
2019;Île-de-France;Val-d'Oise;Tous;Hommes;58.0;9.6;11.0;95;11
2019;Île-de-France;Val-d'Oise;00-17 ans;Hommes et Femmes;2.5;0.8;;95;11
2019;Île-de-France;Val-d'Oise;Tous;Hommes et Femmes;88.5;7.1;8.1;95;11
2020;Île-de-France;Val-d'Oise;18-24 ans;Hommes;2.5;4.5;;95;11
2020;Île-de-France;Val-d'Oise;45-64 ans;Hommes;19.0;12.7;;95;11
2020;Île-de-France;Val-d'Oise;Tous;Hommes;54.5;8.9;9.9;95;11
2020;Île-de-France;Val-d'Oise;Tous;Femmes;23.0;3.6;4.4;95;11
2020;Île-de-France;Val-d'Oise;00-17 ans;Hommes et Femmes;2.5;0.8;;95;11
2020;Île-de-France;Val-d'Oise;65 ans et plus;Hommes et Femmes;27.0;15.3;;95;11
2021;Île-de-France;Val-d'Oise;65 ans et plus;Hommes;15.0;19.0;;95;11
2021;Île-de-France;Val-d'Oise;25-44 ans;Femmes;7.0;4.0;;95;11
2021;Île-de-France;Val-d'Oise;45-64 ans;Femmes;6.0;3.8;;95;11
2021;Île-de-France;Val-d'Oise;Tous;Femmes;21.5;3.3;3.6;95;11
2021;Île-de-France;Val-d'Oise;18-24 ans;Hommes et Femmes;5.0;4.5;;95;11
2021;Île-de-France;Val-d'Oise;45-64 ans;Hommes et Femmes;25.0;8.2;;95;11
2021;Île-de-France;Val-d'Oise;65 ans et plus;Hommes et Femmes;21.0;11.7;;95;11
2021;Île-de-France;Val-d'Oise;Tous;Hommes et Femmes;81.5;6.5;7.0;95;11
2022;Île-de-France;Val-d'Oise;00-17 ans;Hommes;2.5;1.5;;95;11
2022;Île-de-France;Val-d'Oise;45-64 ans;Hommes;27.0;17.9;;95;11
2022;Île-de-France;Val-d'Oise;18-24 ans;Femmes;0.0;0.0;;95;11
2022;Île-de-France;Val-d'Oise;25-44 ans;Femmes;5.0;2.8;;95;11
2022;Île-de-France;Val-d'Oise;00-17 ans;Hommes et Femmes;2.5;0.8;;95;11
2022;Île-de-France;Val-d'Oise;65 ans et plus;Hommes et Femmes;28.0;15.2;;95;11
2023;Île-de-France;Val-d'Oise;00-17 ans;Hommes;0.0;0.0;;95;11
2023;Île-de-France;Val-d'Oise;18-24 ans;Hommes;2.5;4.3;;95;11
2023;Île-de-France;Val-d'Oise;25-44 ans;Hommes;16.0;9.7;;95;11
2023;Île-de-France;Val-d'Oise;Tous;Hommes;61.5;9.9;11.4;95;11
2023;Île-de-France;Val-d'Oise;00-17 ans;Femmes;2.5;1.6;;95;11
2023;Île-de-France;Val-d'Oise;18-24 ans;Femmes;2.5;4.4;;95;11
2019;Guadeloupe;Guadeloupe;18-24 ans;Hommes;5.0;33.6;;971;01
2019;Guadeloupe;Guadeloupe;25-44 ans;Hommes;5.0;15.1;;971;01
2019;Guadeloupe;Guadeloupe;65 ans et plus;Femmes;0.0;0.0;;971;01
2019;Guadeloupe;Guadeloupe;Tous;Femmes;2.5;1.2;2.2;971;01
2019;Guadeloupe;Guadeloupe;18-24 ans;Hommes et Femmes;7.5;25.8;;971;01
2020;Guadeloupe;Guadeloupe;18-24 ans;Hommes;2.5;17.3;;971;01
2020;Guadeloupe;Guadeloupe;18-24 ans;Femmes;0.0;0.0;;971;01
2020;Guadeloupe;Guadeloupe;45-64 ans;Femmes;2.5;3.9;;971;01
2020;Guadeloupe;Guadeloupe;65 ans et plus;Femmes;2.5;5.7;;971;01
2020;Guadeloupe;Guadeloupe;00-17 ans;Hommes et Femmes;0.0;0.0;;971;01
2020;Guadeloupe;Guadeloupe;18-24 ans;Hommes et Femmes;2.5;8.8;;971;01
2020;Guadeloupe;Guadeloupe;25-44 ans;Hommes et Femmes;10.5;13.7;;971;01
2020;Guadeloupe;Guadeloupe;45-64 ans;Hommes et Femmes;15.5;13.2;;971;01
2021;Guadeloupe;Guadeloupe;18-24 ans;Hommes;0.0;0.0;;971;01
2021;Guadeloupe;Guadeloupe;00-17 ans;Femmes;0.0;0.0;;971;01
2021;Guadeloupe;Guadeloupe;45-64 ans;Femmes;2.5;3.9;;971;01
2021;Guadeloupe;Guadeloupe;25-44 ans;Hommes et Femmes;11.0;14.5;;971;01
2022;Guadeloupe;Guadeloupe;00-17 ans;Hommes;0.0;0.0;;971;01
2022;Guadeloupe;Guadeloupe;45-64 ans;Hommes;5.0;9.5;;971;01
2022;Guadeloupe;Guadeloupe;25-44 ans;Femmes;2.5;5.8;;971;01
2022;Guadeloupe;Guadeloupe;65 ans et plus;Femmes;2.5;5.3;;971;01
2022;Guadeloupe;Guadeloupe;18-24 ans;Hommes et Femmes;0.0;0.0;;971;01
2022;Guadeloupe;Guadeloupe;25-44 ans;Hommes et Femmes;9.5;12.7;;971;01
2023;Guadeloupe;Guadeloupe;25-44 ans;Hommes;7.0;22.6;;971;01
2023;Guadeloupe;Guadeloupe;Tous;Hommes;22.0;12.6;13.0;971;01
2023;Guadeloupe;Guadeloupe;65 ans et plus;Femmes;2.5;5.2;;971;01
2023;Guadeloupe;Guadeloupe;Tous;Femmes;8.0;3.9;4.2;971;01
2023;Guadeloupe;Guadeloupe;18-24 ans;Hommes et Femmes;0.0;0.0;;971;01
2019;Martinique;Martinique;00-17 ans;Hommes;0.0;0.0;;972;02
2019;Martinique;Martinique;18-24 ans;Hommes;0.0;0.0;;972;02
2019;Martinique;Martinique;45-64 ans;Hommes;9.0;17.1;;972;02
2019;Martinique;Martinique;Tous;Hommes;18.5;11.1;10.0;972;02
2019;Martinique;Martinique;25-44 ans;Femmes;2.5;6.1;;972;02
2019;Martinique;Martinique;Tous;Femmes;9.0;4.6;4.9;972;02
2019;Martinique;Martinique;25-44 ans;Hommes et Femmes;5.0;7.0;;972;02
2019;Martinique;Martinique;45-64 ans;Hommes et Femmes;11.5;9.9;;972;02
2019;Martinique;Martinique;65 ans et plus;Hommes et Femmes;9.5;12.3;;972;02
2020;Martinique;Martinique;00-17 ans;Hommes;0.0;0.0;;972;02
2020;Martinique;Martinique;18-24 ans;Hommes;2.5;19.2;;972;02
2020;Martinique;Martinique;Tous;Hommes;20.0;12.1;11.5;972;02
2020;Martinique;Martinique;45-64 ans;Femmes;2.5;3.9;;972;02
2020;Martinique;Martinique;65 ans et plus;Femmes;2.5;5.6;;972;02
2020;Martinique;Martinique;25-44 ans;Hommes et Femmes;2.5;3.5;;972;02
2020;Martinique;Martinique;65 ans et plus;Hommes et Femmes;10.5;13.3;;972;02
2020;Martinique;Martinique;Tous;Hommes et Femmes;28.0;7.8;7.5;972;02
2021;Martinique;Martinique;45-64 ans;Hommes;7.0;13.6;;972;02
2021;Martinique;Martinique;00-17 ans;Femmes;0.0;0.0;;972;02
2021;Martinique;Martinique;18-24 ans;Femmes;0.0;0.0;;972;02
2021;Martinique;Martinique;45-64 ans;Femmes;2.5;4.0;;972;02
2021;Martinique;Martinique;65 ans et plus;Hommes et Femmes;7.0;8.6;;972;02
2022;Martinique;Martinique;18-24 ans;Femmes;0.0;0.0;;972;02
2022;Martinique;Martinique;25-44 ans;Femmes;2.5;6.2;;972;02
2022;Martinique;Martinique;45-64 ans;Femmes;2.5;4.0;;972;02
2022;Martinique;Martinique;65 ans et plus;Hommes et Femmes;12.5;14.9;;972;02
2022;Martinique;Martinique;Tous;Hommes et Femmes;27.0;7.5;7.2;972;02
2023;Martinique;Martinique;18-24 ans;Hommes;2.5;20.8;;972;02
2023;Martinique;Martinique;25-44 ans;Hommes;5.0;16.8;;972;02
2023;Martinique;Martinique;65 ans et plus;Hommes;7.0;18.8;;972;02
2023;Martinique;Martinique;18-24 ans;Femmes;2.5;21.2;;972;02
2023;Martinique;Martinique;25-44 ans;Femmes;2.5;6.2;;972;02
2023;Martinique;Martinique;45-64 ans;Femmes;2.5;4.1;;972;02
2023;Martinique;Martinique;65 ans et plus;Femmes;2.5;5.1;;972;02
2023;Martinique;Martinique;25-44 ans;Hommes et Femmes;7.5;10.7;;972;02
2019;Guyane;Guyane;25-44 ans;Hommes;2.5;7.0;;973;03
2019;Guyane;Guyane;45-64 ans;Hommes;5.0;19.6;;973;03
2019;Guyane;Guyane;00-17 ans;Femmes;2.5;4.6;;973;03
2019;Guyane;Guyane;25-44 ans;Femmes;2.5;6.1;;973;03
2019;Guyane;Guyane;65 ans et plus;Femmes;0.0;0.0;;973;03
2019;Guyane;Guyane;25-44 ans;Hommes et Femmes;7.0;9.2;;973;03
2020;Guyane;Guyane;00-17 ans;Hommes;2.5;4.6;;973;03
2020;Guyane;Guyane;18-24 ans;Hommes;2.5;16.9;;973;03
2020;Guyane;Guyane;25-44 ans;Hommes;2.5;7.1;;973;03
2020;Guyane;Guyane;65 ans et plus;Hommes;2.5;30.4;;973;03
2020;Guyane;Guyane;18-24 ans;Femmes;0.0;0.0;;973;03
2020;Guyane;Guyane;65 ans et plus;Femmes;0.0;0.0;;973;03
2020;Guyane;Guyane;00-17 ans;Hommes et Femmes;2.5;2.3;;973;03
2020;Guyane;Guyane;45-64 ans;Hommes et Femmes;5.0;9.5;;973;03
2020;Guyane;Guyane;Tous;Hommes et Femmes;15.0;5.3;5.3;973;03
2021;Guyane;Guyane;00-17 ans;Hommes;2.5;4.6;;973;03
2021;Guyane;Guyane;25-44 ans;Hommes;2.5;7.0;;973;03
2021;Guyane;Guyane;25-44 ans;Femmes;2.5;6.1;;973;03
2021;Guyane;Guyane;00-17 ans;Hommes et Femmes;2.5;2.3;;973;03
2021;Guyane;Guyane;18-24 ans;Hommes et Femmes;2.5;8.3;;973;03
2021;Guyane;Guyane;45-64 ans;Hommes et Femmes;8.5;15.9;;973;03
2022;Guyane;Guyane;45-64 ans;Hommes;2.5;9.4;;973;03
2022;Guyane;Guyane;65 ans et plus;Hommes;5.0;54.3;;973;03
2022;Guyane;Guyane;00-17 ans;Hommes et Femmes;0.0;0.0;;973;03
2022;Guyane;Guyane;18-24 ans;Hommes et Femmes;2.5;8.3;;973;03
2022;Guyane;Guyane;45-64 ans;Hommes et Femmes;5.0;9.2;;973;03
2023;Guyane;Guyane;18-24 ans;Hommes;2.5;17.2;;973;03
2023;Guyane;Guyane;65 ans et plus;Hommes;2.5;26.2;;973;03
2023;Guyane;Guyane;Tous;Hommes;21.0;14.9;18.4;973;03
2023;Guyane;Guyane;45-64 ans;Hommes et Femmes;6.0;10.9;;973;03
2023;Guyane;Guyane;65 ans et plus;Hommes et Femmes;2.5;12.4;;973;03
2019;Réunion;Réunion;00-17 ans;Hommes;2.5;2.1;;974;04
2019;Réunion;Réunion;18-24 ans;Hommes;2.5;6.6;;974;04
2019;Réunion;Réunion;25-44 ans;Hommes;29.0;29.9;;974;04
2019;Réunion;Réunion;45-64 ans;Hommes;25.0;22.5;;974;04
2019;Réunion;Réunion;18-24 ans;Hommes et Femmes;2.5;3.3;;974;04
2020;Réunion;Réunion;25-44 ans;Hommes;25.0;26.1;;974;04
2020;Réunion;Réunion;45-64 ans;Hommes;31.0;27.7;;974;04
2020;Réunion;Réunion;65 ans et plus;Hommes;10.0;20.5;;974;04
2020;Réunion;Réunion;00-17 ans;Femmes;2.5;2.2;;974;04
2020;Réunion;Réunion;65 ans et plus;Femmes;2.5;4.0;;974;04
2020;Réunion;Réunion;Tous;Femmes;21.0;4.7;4.8;974;04
2020;Réunion;Réunion;18-24 ans;Hommes et Femmes;5.0;6.7;;974;04
2020;Réunion;Réunion;45-64 ans;Hommes et Femmes;41.0;17.6;;974;04
2021;Réunion;Réunion;00-17 ans;Hommes;2.5;2.1;;974;04
2021;Réunion;Réunion;45-64 ans;Femmes;7.0;5.7;;974;04
2021;Réunion;Réunion;65 ans et plus;Femmes;0.0;0.0;;974;04
2021;Réunion;Réunion;18-24 ans;Hommes et Femmes;7.5;10.0;;974;04
2021;Réunion;Réunion;25-44 ans;Hommes et Femmes;20.5;9.7;;974;04
2021;Réunion;Réunion;65 ans et plus;Hommes et Femmes;10.0;8.6;;974;04
2021;Réunion;Réunion;Tous;Hommes et Femmes;74.5;8.6;8.9;974;04
2022;Réunion;Réunion;Tous;Hommes;44.0;10.5;11.3;974;04
2022;Réunion;Réunion;65 ans et plus;Hommes et Femmes;11.5;9.4;;974;04
2023;Réunion;Réunion;00-17 ans;Hommes;0.0;0.0;;974;04
2023;Réunion;Réunion;45-64 ans;Hommes;30.0;26.0;;974;04
2023;Réunion;Réunion;65 ans et plus;Hommes;11.0;19.2;;974;04
2023;Réunion;Réunion;65 ans et plus;Hommes et Femmes;13.5;10.5;;974;04
2019;Mayotte;Mayotte;45-64 ans;Hommes;0.0;0.0;;976;06
2019;Mayotte;Mayotte;Tous;Hommes;2.5;1.9;1.6;976;06
2019;Mayotte;Mayotte;25-44 ans;Femmes;2.5;6.3;;976;06
2019;Mayotte;Mayotte;45-64 ans;Femmes;0.0;0.0;;976;06
2019;Mayotte;Mayotte;00-17 ans;Hommes et Femmes;0.0;0.0;;976;06
2019;Mayotte;Mayotte;18-24 ans;Hommes et Femmes;2.5;9.7;;976;06
2019;Mayotte;Mayotte;25-44 ans;Hommes et Femmes;2.5;3.6;;976;06
2019;Mayotte;Mayotte;Tous;Hommes et Femmes;2.5;0.9;1.1;976;06
2020;Mayotte;Mayotte;Tous;Hommes;2.5;1.9;0.8;976;06
2020;Mayotte;Mayotte;00-17 ans;Femmes;0.0;0.0;;976;06
2020;Mayotte;Mayotte;18-24 ans;Femmes;0.0;0.0;;976;06
2020;Mayotte;Mayotte;65 ans et plus;Femmes;0.0;0.0;;976;06
2020;Mayotte;Mayotte;Tous;Hommes et Femmes;2.5;0.9;1.2;976;06
2021;Mayotte;Mayotte;65 ans et plus;Femmes;0.0;0.0;;976;06
2021;Mayotte;Mayotte;00-17 ans;Hommes et Femmes;0.0;0.0;;976;06
2022;Mayotte;Mayotte;00-17 ans;Hommes;2.5;3.3;;976;06
2022;Mayotte;Mayotte;00-17 ans;Femmes;2.5;3.3;;976;06
2022;Mayotte;Mayotte;18-24 ans;Femmes;0.0;0.0;;976;06
2022;Mayotte;Mayotte;45-64 ans;Hommes et Femmes;2.5;7.3;;976;06
2023;Mayotte;Mayotte;00-17 ans;Hommes;0.0;0.0;;976;06
2023;Mayotte;Mayotte;25-44 ans;Hommes;2.5;7.3;;976;06
2023;Mayotte;Mayotte;45-64 ans;Hommes;2.5;13.5;;976;06
2023;Mayotte;Mayotte;65 ans et plus;Hommes;0.0;0.0;;976;06
2023;Mayotte;Mayotte;00-17 ans;Femmes;0.0;0.0;;976;06
2023;Mayotte;Mayotte;18-24 ans;Femmes;0.0;0.0;;976;06
2023;Mayotte;Mayotte;25-44 ans;Femmes;2.5;5.5;;976;06
2023;Mayotte;Mayotte;00-17 ans;Hommes et Femmes;0.0;0.0;;976;06
2023;Mayotte;Mayotte;25-44 ans;Hommes et Femmes;2.5;3.1;;976;06
2019;Saint-Barthélemy;Saint-Barthélemy;25-44 ans;Hommes;0.0;;;977;977
2019;Saint-Barthélemy;Saint-Barthélemy;00-17 ans;Femmes;0.0;;;977;977
2019;Saint-Barthélemy;Saint-Barthélemy;65 ans et plus;Femmes;0.0;;;977;977
2019;Saint-Barthélemy;Saint-Barthélemy;18-24 ans;Hommes et Femmes;0.0;;;977;977
2019;Saint-Barthélemy;Saint-Barthélemy;45-64 ans;Hommes et Femmes;0.0;;;977;977
2019;Saint-Barthélemy;Saint-Barthélemy;Tous;Hommes et Femmes;0.0;;;977;977
2020;Saint-Barthélemy;Saint-Barthélemy;25-44 ans;Femmes;0.0;;;977;977
2020;Saint-Barthélemy;Saint-Barthélemy;65 ans et plus;Femmes;0.0;;;977;977
2020;Saint-Barthélemy;Saint-Barthélemy;25-44 ans;Hommes et Femmes;0.0;;;977;977
2021;Saint-Barthélemy;Saint-Barthélemy;Tous;Hommes;2.5;;;977;977
2021;Saint-Barthélemy;Saint-Barthélemy;25-44 ans;Hommes et Femmes;0.0;;;977;977
2022;Saint-Barthélemy;Saint-Barthélemy;18-24 ans;Hommes;0.0;;;977;977
2022;Saint-Barthélemy;Saint-Barthélemy;Tous;Hommes;2.5;;;977;977
2022;Saint-Barthélemy;Saint-Barthélemy;18-24 ans;Femmes;0.0;;;977;977
2022;Saint-Barthélemy;Saint-Barthélemy;Tous;Femmes;0.0;;;977;977
2022;Saint-Barthélemy;Saint-Barthélemy;18-24 ans;Hommes et Femmes;0.0;;;977;977
2022;Saint-Barthélemy;Saint-Barthélemy;65 ans et plus;Hommes et Femmes;0.0;;;977;977
2023;Saint-Barthélemy;Saint-Barthélemy;18-24 ans;Hommes;0.0;;;977;977
2023;Saint-Barthélemy;Saint-Barthélemy;Tous;Hommes;2.5;;;977;977
2023;Saint-Barthélemy;Saint-Barthélemy;18-24 ans;Femmes;0.0;;;977;977
2023;Saint-Barthélemy;Saint-Barthélemy;Tous;Femmes;0.0;;;977;977
2023;Saint-Barthélemy;Saint-Barthélemy;00-17 ans;Hommes et Femmes;0.0;;;977;977
2023;Saint-Barthélemy;Saint-Barthélemy;18-24 ans;Hommes et Femmes;0.0;;;977;977
2023;Saint-Barthélemy;Saint-Barthélemy;25-44 ans;Hommes et Femmes;0.0;;;977;977
2023;Saint-Barthélemy;Saint-Barthélemy;Tous;Hommes et Femmes;2.5;;;977;977
2019;Saint-Martin;Saint-Martin;00-17 ans;Hommes;0.0;;;978;978
2019;Saint-Martin;Saint-Martin;18-24 ans;Hommes;0.0;;;978;978
2019;Saint-Martin;Saint-Martin;18-24 ans;Femmes;0.0;;;978;978
2019;Saint-Martin;Saint-Martin;65 ans et plus;Femmes;0.0;;;978;978
2019;Saint-Martin;Saint-Martin;00-17 ans;Hommes et Femmes;0.0;;;978;978
2020;Saint-Martin;Saint-Martin;65 ans et plus;Femmes;0.0;;;978;978
2020;Saint-Martin;Saint-Martin;00-17 ans;Hommes et Femmes;0.0;;;978;978
2020;Saint-Martin;Saint-Martin;18-24 ans;Hommes et Femmes;0.0;;;978;978
2020;Saint-Martin;Saint-Martin;45-64 ans;Hommes et Femmes;2.5;;;978;978
2020;Saint-Martin;Saint-Martin;Tous;Hommes et Femmes;2.5;;;978;978
2021;Saint-Martin;Saint-Martin;00-17 ans;Hommes;0.0;;;978;978
2021;Saint-Martin;Saint-Martin;18-24 ans;Hommes;0.0;;;978;978
2021;Saint-Martin;Saint-Martin;25-44 ans;Hommes;2.5;;;978;978
2021;Saint-Martin;Saint-Martin;18-24 ans;Femmes;0.0;;;978;978
2021;Saint-Martin;Saint-Martin;00-17 ans;Hommes et Femmes;0.0;;;978;978
2021;Saint-Martin;Saint-Martin;Tous;Hommes et Femmes;2.5;;;978;978
2022;Saint-Martin;Saint-Martin;45-64 ans;Femmes;0.0;;;978;978
2022;Saint-Martin;Saint-Martin;65 ans et plus;Femmes;0.0;;;978;978
2022;Saint-Martin;Saint-Martin;Tous;Femmes;0.0;;;978;978
2022;Saint-Martin;Saint-Martin;00-17 ans;Hommes et Femmes;0.0;;;978;978
2022;Saint-Martin;Saint-Martin;Tous;Hommes et Femmes;2.5;;;978;978
2023;Saint-Martin;Saint-Martin;00-17 ans;Hommes;0.0;;;978;978
2023;Saint-Martin;Saint-Martin;45-64 ans;Femmes;0.0;;;978;978
2023;Saint-Martin;Saint-Martin;00-17 ans;Hommes et Femmes;0.0;;;978;978
2023;Saint-Martin;Saint-Martin;18-24 ans;Hommes et Femmes;0.0;;;978;978
2023;Saint-Martin;Saint-Martin;25-44 ans;Hommes et Femmes;0.0;;;978;978
2023;Saint-Martin;Saint-Martin;45-64 ans;Hommes et Femmes;0.0;;;978;978
2023;Saint-Martin;Saint-Martin;65 ans et plus;Hommes et Femmes;0.0;;;978;978
2019;Auvergne et Rhône-Alpes;Ain;00-17 ans;Hommes;0.0;0.0;;01;84
2019;Auvergne et Rhône-Alpes;Ain;45-64 ans;Hommes;27.0;31.2;;01;84
2019;Auvergne et Rhône-Alpes;Ain;65 ans et plus;Hommes;23.0;44.0;;01;84
2019;Auvergne et Rhône-Alpes;Ain;45-64 ans;Hommes et Femmes;29.5;16.9;;01;84
2019;Auvergne et Rhône-Alpes;Ain;65 ans et plus;Hommes et Femmes;25.5;21.8;;01;84
2020;Auvergne et Rhône-Alpes;Ain;18-24 ans;Hommes;2.5;10.6;;01;84
2020;Auvergne et Rhône-Alpes;Ain;25-44 ans;Hommes;15.0;18.8;;01;84
2020;Auvergne et Rhône-Alpes;Ain;00-17 ans;Femmes;0.0;0.0;;01;84
2020;Auvergne et Rhône-Alpes;Ain;Tous;Femmes;15.0;4.5;4.7;01;84
2020;Auvergne et Rhône-Alpes;Ain;00-17 ans;Hommes et Femmes;2.5;1.6;;01;84
2020;Auvergne et Rhône-Alpes;Ain;18-24 ans;Hommes et Femmes;6.0;13.3;;01;84
2020;Auvergne et Rhône-Alpes;Ain;25-44 ans;Hommes et Femmes;17.5;10.8;;01;84
2020;Auvergne et Rhône-Alpes;Ain;65 ans et plus;Hommes et Femmes;23.5;19.6;;01;84
2021;Auvergne et Rhône-Alpes;Ain;45-64 ans;Hommes;24.0;27.3;;01;84
2021;Auvergne et Rhône-Alpes;Ain;65 ans et plus;Hommes;18.0;32.9;;01;84
2021;Auvergne et Rhône-Alpes;Ain;Tous;Hommes;60.0;18.3;19.1;01;84
2021;Auvergne et Rhône-Alpes;Ain;Tous;Femmes;13.0;3.9;4.3;01;84
2021;Auvergne et Rhône-Alpes;Ain;18-24 ans;Hommes et Femmes;2.5;5.5;;01;84
2021;Auvergne et Rhône-Alpes;Ain;25-44 ans;Hommes et Femmes;18.0;11.0;;01;84
2021;Auvergne et Rhône-Alpes;Ain;45-64 ans;Hommes et Femmes;32.0;18.1;;01;84
2021;Auvergne et Rhône-Alpes;Ain;65 ans et plus;Hommes et Femmes;20.5;16.8;;01;84
2022;Auvergne et Rhône-Alpes;Ain;45-64 ans;Hommes;39.0;44.4;;01;84
2022;Auvergne et Rhône-Alpes;Ain;18-24 ans;Femmes;0.0;0.0;;01;84
2022;Auvergne et Rhône-Alpes;Ain;25-44 ans;Femmes;2.5;3.0;;01;84
2022;Auvergne et Rhône-Alpes;Ain;45-64 ans;Femmes;10.0;11.3;;01;84
2022;Auvergne et Rhône-Alpes;Ain;65 ans et plus;Femmes;2.5;3.6;;01;84
2022;Auvergne et Rhône-Alpes;Ain;45-64 ans;Hommes et Femmes;49.0;27.8;;01;84
2022;Auvergne et Rhône-Alpes;Ain;65 ans et plus;Hommes et Femmes;25.5;20.4;;01;84
2023;Auvergne et Rhône-Alpes;Ain;18-24 ans;Hommes;2.5;10.3;;01;84
2023;Auvergne et Rhône-Alpes;Ain;25-44 ans;Femmes;7.0;8.2;;01;84
2023;Auvergne et Rhône-Alpes;Ain;00-17 ans;Hommes et Femmes;0.0;0.0;;01;84
2023;Auvergne et Rhône-Alpes;Ain;18-24 ans;Hommes et Femmes;2.5;5.4;;01;84
2023;Auvergne et Rhône-Alpes;Ain;25-44 ans;Hommes et Femmes;20.0;11.9;;01;84
2019;Hauts-de-France;Aisne;00-17 ans;Hommes;2.5;4.0;;02;32
2019;Hauts-de-France;Aisne;65 ans et plus;Hommes;20.0;42.3;;02;32
2019;Hauts-de-France;Aisne;25-44 ans;Femmes;2.5;4.1;;02;32
2019;Hauts-de-France;Aisne;65 ans et plus;Femmes;8.0;12.8;;02;32
2019;Hauts-de-France;Aisne;18-24 ans;Hommes et Femmes;2.5;6.4;;02;32
2019;Hauts-de-France;Aisne;45-64 ans;Hommes et Femmes;45.0;31.8;;02;32
2019;Hauts-de-France;Aisne;Tous;Hommes et Femmes;100.5;18.9;19.2;02;32
2020;Hauts-de-France;Aisne;00-17 ans;Hommes;2.5;4.1;;02;32
2020;Hauts-de-France;Aisne;65 ans et plus;Hommes;22.0;45.3;;02;32
2020;Hauts-de-France;Aisne;00-17 ans;Femmes;0.0;0.0;;02;32
2020;Hauts-de-France;Aisne;25-44 ans;Femmes;11.0;18.3;;02;32
2020;Hauts-de-France;Aisne;25-44 ans;Hommes et Femmes;25.0;20.9;;02;32
2021;Hauts-de-France;Aisne;18-24 ans;Hommes;2.5;12.3;;02;32
2021;Hauts-de-France;Aisne;45-64 ans;Hommes;25.0;36.3;;02;32
2021;Hauts-de-France;Aisne;00-17 ans;Femmes;0.0;0.0;;02;32
2021;Hauts-de-France;Aisne;18-24 ans;Femmes;2.5;13.5;;02;32
2021;Hauts-de-France;Aisne;65 ans et plus;Femmes;6.0;9.4;;02;32
2021;Hauts-de-France;Aisne;00-17 ans;Hommes et Femmes;0.0;0.0;;02;32
2021;Hauts-de-France;Aisne;45-64 ans;Hommes et Femmes;27.5;19.7;;02;32
2022;Hauts-de-France;Aisne;18-24 ans;Hommes;2.5;12.2;;02;32
2022;Hauts-de-France;Aisne;25-44 ans;Hommes;13.0;21.9;;02;32
2022;Hauts-de-France;Aisne;45-64 ans;Hommes;31.0;45.6;;02;32
2022;Hauts-de-France;Aisne;18-24 ans;Femmes;0.0;0.0;;02;32
2022;Hauts-de-France;Aisne;18-24 ans;Hommes et Femmes;2.5;6.4;;02;32
2022;Hauts-de-France;Aisne;25-44 ans;Hommes et Femmes;20.0;16.8;;02;32
2022;Hauts-de-France;Aisne;45-64 ans;Hommes et Femmes;39.0;28.3;;02;32
2022;Hauts-de-France;Aisne;65 ans et plus;Hommes et Femmes;33.0;29.0;;02;32
2023;Hauts-de-France;Aisne;00-17 ans;Hommes;2.5;4.2;;02;32
2023;Hauts-de-France;Aisne;45-64 ans;Hommes;27.0;40.2;;02;32
2023;Hauts-de-France;Aisne;65 ans et plus;Hommes;33.0;66.1;;02;32
2023;Hauts-de-France;Aisne;25-44 ans;Femmes;5.0;8.4;;02;32
2023;Hauts-de-France;Aisne;45-64 ans;Femmes;10.0;14.5;;02;32
2023;Hauts-de-France;Aisne;18-24 ans;Hommes et Femmes;2.5;6.4;;02;32
2023;Hauts-de-France;Aisne;25-44 ans;Hommes et Femmes;24.0;20.3;;02;32
2023;Hauts-de-France;Aisne;Tous;Hommes et Femmes;103.0;19.7;19.5;02;32
2019;Auvergne et Rhône-Alpes;Allier;00-17 ans;Hommes;2.5;7.9;;03;84
2019;Auvergne et Rhône-Alpes;Allier;18-24 ans;Hommes;2.5;21.1;;03;84
2019;Auvergne et Rhône-Alpes;Allier;65 ans et plus;Hommes;17.0;43.1;;03;84
2019;Auvergne et Rhône-Alpes;Allier;00-17 ans;Femmes;0.0;0.0;;03;84
2019;Auvergne et Rhône-Alpes;Allier;00-17 ans;Hommes et Femmes;2.5;4.0;;03;84
2019;Auvergne et Rhône-Alpes;Allier;18-24 ans;Hommes et Femmes;2.5;11.3;;03;84
2019;Auvergne et Rhône-Alpes;Allier;25-44 ans;Hommes et Femmes;8.0;12.1;;03;84
2019;Auvergne et Rhône-Alpes;Allier;45-64 ans;Hommes et Femmes;28.0;30.1;;03;84
2019;Auvergne et Rhône-Alpes;Allier;Tous;Hommes et Femmes;61.0;18.2;16.9;03;84
2020;Auvergne et Rhône-Alpes;Allier;25-44 ans;Hommes;8.0;24.7;;03;84
2020;Auvergne et Rhône-Alpes;Allier;Tous;Hommes;42.5;26.4;23.8;03;84
2020;Auvergne et Rhône-Alpes;Allier;00-17 ans;Femmes;0.0;0.0;;03;84
2020;Auvergne et Rhône-Alpes;Allier;18-24 ans;Femmes;0.0;0.0;;03;84
2020;Auvergne et Rhône-Alpes;Allier;65 ans et plus;Femmes;6.0;11.1;;03;84
2020;Auvergne et Rhône-Alpes;Allier;65 ans et plus;Hommes et Femmes;18.0;19.1;;03;84
2020;Auvergne et Rhône-Alpes;Allier;Tous;Hommes et Femmes;56.0;16.7;15.9;03;84
2021;Auvergne et Rhône-Alpes;Allier;25-44 ans;Hommes;8.0;24.6;;03;84
2021;Auvergne et Rhône-Alpes;Allier;Tous;Hommes;42.5;26.4;23.2;03;84
2021;Auvergne et Rhône-Alpes;Allier;25-44 ans;Femmes;2.5;7.6;;03;84
2021;Auvergne et Rhône-Alpes;Allier;00-17 ans;Hommes et Femmes;0.0;0.0;;03;84
2021;Auvergne et Rhône-Alpes;Allier;18-24 ans;Hommes et Femmes;2.5;11.1;;03;84
2021;Auvergne et Rhône-Alpes;Allier;25-44 ans;Hommes et Femmes;10.5;16.1;;03;84
2021;Auvergne et Rhône-Alpes;Allier;65 ans et plus;Hommes et Femmes;25.0;26.3;;03;84
2022;Auvergne et Rhône-Alpes;Allier;25-44 ans;Hommes;5.0;15.2;;03;84
2022;Auvergne et Rhône-Alpes;Allier;Tous;Hommes;39.0;24.2;21.9;03;84
2022;Auvergne et Rhône-Alpes;Allier;00-17 ans;Femmes;0.0;0.0;;03;84
2022;Auvergne et Rhône-Alpes;Allier;25-44 ans;Femmes;2.5;7.6;;03;84
2022;Auvergne et Rhône-Alpes;Allier;65 ans et plus;Femmes;9.0;16.5;;03;84
2022;Auvergne et Rhône-Alpes;Allier;00-17 ans;Hommes et Femmes;0.0;0.0;;03;84
2022;Auvergne et Rhône-Alpes;Allier;18-24 ans;Hommes et Femmes;0.0;0.0;;03;84
2023;Auvergne et Rhône-Alpes;Allier;00-17 ans;Hommes;0.0;0.0;;03;84
2023;Auvergne et Rhône-Alpes;Allier;Tous;Hommes;42.5;26.4;24.1;03;84
2023;Auvergne et Rhône-Alpes;Allier;65 ans et plus;Femmes;11.0;20.1;;03;84
2019;Provence-Alpes-Côte d'Azur;Alpes-de-Haute-Provence;25-44 ans;Hommes;6.0;37.2;;04;93
2019;Provence-Alpes-Côte d'Azur;Alpes-de-Haute-Provence;45-64 ans;Hommes;11.0;48.0;;04;93
2019;Provence-Alpes-Côte d'Azur;Alpes-de-Haute-Provence;65 ans et plus;Hommes;9.0;46.6;;04;93
2019;Provence-Alpes-Côte d'Azur;Alpes-de-Haute-Provence;Tous;Hommes;26.0;32.6;30.3;04;93
2019;Provence-Alpes-Côte d'Azur;Alpes-de-Haute-Provence;00-17 ans;Hommes et Femmes;0.0;0.0;;04;93
2019;Provence-Alpes-Côte d'Azur;Alpes-de-Haute-Provence;45-64 ans;Hommes et Femmes;19.0;40.5;;04;93
2019;Provence-Alpes-Côte d'Azur;Alpes-de-Haute-Provence;65 ans et plus;Hommes et Femmes;11.5;26.6;;04;93
2020;Provence-Alpes-Côte d'Azur;Alpes-de-Haute-Provence;00-17 ans;Hommes;0.0;0.0;;04;93
2020;Provence-Alpes-Côte d'Azur;Alpes-de-Haute-Provence;18-24 ans;Hommes;0.0;0.0;;04;93
2020;Provence-Alpes-Côte d'Azur;Alpes-de-Haute-Provence;Tous;Hommes;18.5;23.1;24.4;04;93
2020;Provence-Alpes-Côte d'Azur;Alpes-de-Haute-Provence;Tous;Femmes;2.5;2.9;4.5;04;93
2020;Provence-Alpes-Côte d'Azur;Alpes-de-Haute-Provence;18-24 ans;Hommes et Femmes;0.0;0.0;;04;93
2021;Provence-Alpes-Côte d'Azur;Alpes-de-Haute-Provence;00-17 ans;Femmes;0.0;0.0;;04;93
2021;Provence-Alpes-Côte d'Azur;Alpes-de-Haute-Provence;45-64 ans;Hommes et Femmes;10.5;22.4;;04;93
2021;Provence-Alpes-Côte d'Azur;Alpes-de-Haute-Provence;65 ans et plus;Hommes et Femmes;12.5;28.0;;04;93
2021;Provence-Alpes-Côte d'Azur;Alpes-de-Haute-Provence;Tous;Hommes et Femmes;26.0;15.7;14.7;04;93
2022;Provence-Alpes-Côte d'Azur;Alpes-de-Haute-Provence;18-24 ans;Hommes;0.0;0.0;;04;93
2022;Provence-Alpes-Côte d'Azur;Alpes-de-Haute-Provence;25-44 ans;Hommes;2.5;15.0;;04;93
2022;Provence-Alpes-Côte d'Azur;Alpes-de-Haute-Provence;00-17 ans;Femmes;0.0;0.0;;04;93
2022;Provence-Alpes-Côte d'Azur;Alpes-de-Haute-Provence;25-44 ans;Femmes;2.5;14.5;;04;93
2022;Provence-Alpes-Côte d'Azur;Alpes-de-Haute-Provence;45-64 ans;Femmes;2.5;10.3;;04;93
2022;Provence-Alpes-Côte d'Azur;Alpes-de-Haute-Provence;18-24 ans;Hommes et Femmes;0.0;0.0;;04;93
2022;Provence-Alpes-Côte d'Azur;Alpes-de-Haute-Provence;45-64 ans;Hommes et Femmes;8.5;18.2;;04;93
2022;Provence-Alpes-Côte d'Azur;Alpes-de-Haute-Provence;Tous;Hommes et Femmes;25.5;15.3;14.5;04;93
2023;Provence-Alpes-Côte d'Azur;Alpes-de-Haute-Provence;18-24 ans;Hommes;0.0;0.0;;04;93
2023;Provence-Alpes-Côte d'Azur;Alpes-de-Haute-Provence;25-44 ans;Hommes;6.0;35.8;;04;93
2023;Provence-Alpes-Côte d'Azur;Alpes-de-Haute-Provence;65 ans et plus;Hommes;6.0;28.8;;04;93
2023;Provence-Alpes-Côte d'Azur;Alpes-de-Haute-Provence;00-17 ans;Femmes;0.0;0.0;;04;93
2023;Provence-Alpes-Côte d'Azur;Alpes-de-Haute-Provence;18-24 ans;Femmes;0.0;0.0;;04;93
2023;Provence-Alpes-Côte d'Azur;Alpes-de-Haute-Provence;25-44 ans;Femmes;0.0;0.0;;04;93
2023;Provence-Alpes-Côte d'Azur;Alpes-de-Haute-Provence;18-24 ans;Hommes et Femmes;0.0;0.0;;04;93
2023;Provence-Alpes-Côte d'Azur;Alpes-de-Haute-Provence;25-44 ans;Hommes et Femmes;6.0;17.7;;04;93
2023;Provence-Alpes-Côte d'Azur;Alpes-de-Haute-Provence;65 ans et plus;Hommes et Femmes;8.5;18.4;;04;93
2023;Provence-Alpes-Côte d'Azur;Alpes-de-Haute-Provence;Tous;Hommes et Femmes;19.5;11.6;10.6;04;93
2019;Provence-Alpes-Côte d'Azur;Hautes-Alpes;Tous;Hommes;13.5;19.6;17.1;05;93
2019;Provence-Alpes-Côte d'Azur;Hautes-Alpes;00-17 ans;Femmes;0.0;0.0;;05;93
2019;Provence-Alpes-Côte d'Azur;Hautes-Alpes;25-44 ans;Femmes;2.5;16.3;;05;93
2019;Provence-Alpes-Côte d'Azur;Hautes-Alpes;45-64 ans;Femmes;2.5;12.2;;05;93
2019;Provence-Alpes-Côte d'Azur;Hautes-Alpes;65 ans et plus;Femmes;2.5;13.0;;05;93
2019;Provence-Alpes-Côte d'Azur;Hautes-Alpes;18-24 ans;Hommes et Femmes;0.0;0.0;;05;93
2019;Provence-Alpes-Côte d'Azur;Hautes-Alpes;25-44 ans;Hommes et Femmes;2.5;8.3;;05;93
2019;Provence-Alpes-Côte d'Azur;Hautes-Alpes;65 ans et plus;Hommes et Femmes;8.5;24.6;;05;93
2020;Provence-Alpes-Côte d'Azur;Hautes-Alpes;00-17 ans;Hommes;0.0;0.0;;05;93
2020;Provence-Alpes-Côte d'Azur;Hautes-Alpes;25-44 ans;Hommes;6.0;40.8;;05;93
2020;Provence-Alpes-Côte d'Azur;Hautes-Alpes;45-64 ans;Hommes;9.0;45.6;;05;93
2020;Provence-Alpes-Côte d'Azur;Hautes-Alpes;65 ans et plus;Hommes;7.0;44.0;;05;93
2021;Provence-Alpes-Côte d'Azur;Hautes-Alpes;00-17 ans;Hommes;0.0;0.0;;05;93
2021;Provence-Alpes-Côte d'Azur;Hautes-Alpes;18-24 ans;Hommes;0.0;0.0;;05;93
2021;Provence-Alpes-Côte d'Azur;Hautes-Alpes;45-64 ans;Hommes;9.0;45.9;;05;93
2021;Provence-Alpes-Côte d'Azur;Hautes-Alpes;45-64 ans;Hommes et Femmes;11.5;28.9;;05;93
2021;Provence-Alpes-Côte d'Azur;Hautes-Alpes;65 ans et plus;Hommes et Femmes;8.5;23.1;;05;93
2022;Provence-Alpes-Côte d'Azur;Hautes-Alpes;25-44 ans;Hommes;5.0;33.3;;05;93
2022;Provence-Alpes-Côte d'Azur;Hautes-Alpes;45-64 ans;Hommes;8.0;41.0;;05;93
2022;Provence-Alpes-Côte d'Azur;Hautes-Alpes;00-17 ans;Femmes;0.0;0.0;;05;93
2022;Provence-Alpes-Côte d'Azur;Hautes-Alpes;65 ans et plus;Femmes;5.0;24.1;;05;93
2022;Provence-Alpes-Côte d'Azur;Hautes-Alpes;18-24 ans;Hommes et Femmes;0.0;0.0;;05;93
2022;Provence-Alpes-Côte d'Azur;Hautes-Alpes;65 ans et plus;Hommes et Femmes;18.0;48.0;;05;93
2023;Provence-Alpes-Côte d'Azur;Hautes-Alpes;00-17 ans;Hommes;0.0;0.0;;05;93
2023;Provence-Alpes-Côte d'Azur;Hautes-Alpes;18-24 ans;Hommes;0.0;0.0;;05;93
2023;Provence-Alpes-Côte d'Azur;Hautes-Alpes;25-44 ans;Hommes;2.5;16.7;;05;93
2023;Provence-Alpes-Côte d'Azur;Hautes-Alpes;00-17 ans;Femmes;0.0;0.0;;05;93
2023;Provence-Alpes-Côte d'Azur;Hautes-Alpes;18-24 ans;Femmes;0.0;0.0;;05;93
2023;Provence-Alpes-Côte d'Azur;Hautes-Alpes;00-17 ans;Hommes et Femmes;0.0;0.0;;05;93
2019;Provence-Alpes-Côte d'Azur;Alpes-Maritimes;Tous;Hommes;107.0;20.7;19.7;06;93
2019;Provence-Alpes-Côte d'Azur;Alpes-Maritimes;18-24 ans;Femmes;2.5;6.5;;06;93
2019;Provence-Alpes-Côte d'Azur;Alpes-Maritimes;Tous;Femmes;44.0;7.6;7.1;06;93
2019;Provence-Alpes-Côte d'Azur;Alpes-Maritimes;00-17 ans;Hommes et Femmes;2.5;1.2;;06;93
2019;Provence-Alpes-Côte d'Azur;Alpes-Maritimes;18-24 ans;Hommes et Femmes;7.5;9.5;;06;93
2019;Provence-Alpes-Côte d'Azur;Alpes-Maritimes;45-64 ans;Hommes et Femmes;60.0;20.8;;06;93
2020;Provence-Alpes-Côte d'Azur;Alpes-Maritimes;18-24 ans;Hommes;2.5;6.2;;06;93
2020;Provence-Alpes-Côte d'Azur;Alpes-Maritimes;00-17 ans;Hommes et Femmes;2.5;1.2;;06;93
2020;Provence-Alpes-Côte d'Azur;Alpes-Maritimes;18-24 ans;Hommes et Femmes;2.5;3.1;;06;93
2020;Provence-Alpes-Côte d'Azur;Alpes-Maritimes;45-64 ans;Hommes et Femmes;47.0;16.2;;06;93
2020;Provence-Alpes-Côte d'Azur;Alpes-Maritimes;Tous;Hommes et Femmes;125.0;11.4;10.8;06;93
2021;Provence-Alpes-Côte d'Azur;Alpes-Maritimes;65 ans et plus;Hommes;33.0;28.6;;06;93
2021;Provence-Alpes-Côte d'Azur;Alpes-Maritimes;Tous;Hommes;94.0;18.0;17.3;06;93
2021;Provence-Alpes-Côte d'Azur;Alpes-Maritimes;18-24 ans;Femmes;0.0;0.0;;06;93
2021;Provence-Alpes-Côte d'Azur;Alpes-Maritimes;45-64 ans;Femmes;14.0;9.2;;06;93
2021;Provence-Alpes-Côte d'Azur;Alpes-Maritimes;18-24 ans;Hommes et Femmes;2.5;3.1;;06;93
2021;Provence-Alpes-Côte d'Azur;Alpes-Maritimes;45-64 ans;Hommes et Femmes;46.0;15.8;;06;93
2021;Provence-Alpes-Côte d'Azur;Alpes-Maritimes;Tous;Hommes et Femmes;136.5;12.4;11.8;06;93
2022;Provence-Alpes-Côte d'Azur;Alpes-Maritimes;Tous;Hommes;113.0;21.4;20.3;06;93
2022;Provence-Alpes-Côte d'Azur;Alpes-Maritimes;18-24 ans;Femmes;0.0;0.0;;06;93
2022;Provence-Alpes-Côte d'Azur;Alpes-Maritimes;45-64 ans;Femmes;15.0;9.8;;06;93
2022;Provence-Alpes-Côte d'Azur;Alpes-Maritimes;65 ans et plus;Femmes;14.0;8.6;;06;93
2022;Provence-Alpes-Côte d'Azur;Alpes-Maritimes;Tous;Femmes;36.5;6.2;6.2;06;93
2022;Provence-Alpes-Côte d'Azur;Alpes-Maritimes;45-64 ans;Hommes et Femmes;57.0;19.5;;06;93
2022;Provence-Alpes-Côte d'Azur;Alpes-Maritimes;65 ans et plus;Hommes et Femmes;59.0;21.2;;06;93
2023;Provence-Alpes-Côte d'Azur;Alpes-Maritimes;65 ans et plus;Hommes;43.0;36.4;;06;93
2023;Provence-Alpes-Côte d'Azur;Alpes-Maritimes;65 ans et plus;Hommes et Femmes;66.0;23.5;;06;93
2023;Provence-Alpes-Côte d'Azur;Alpes-Maritimes;Tous;Hommes et Femmes;155.5;13.9;13.2;06;93
2019;Auvergne et Rhône-Alpes;Ardèche;25-44 ans;Hommes;2.5;7.5;;07;84
2019;Auvergne et Rhône-Alpes;Ardèche;Tous;Femmes;12.0;7.1;6.4;07;84
2019;Auvergne et Rhône-Alpes;Ardèche;Tous;Hommes et Femmes;41.5;12.6;11.0;07;84
2020;Auvergne et Rhône-Alpes;Ardèche;00-17 ans;Hommes;2.5;7.5;;07;84
2020;Auvergne et Rhône-Alpes;Ardèche;Tous;Hommes;45.0;28.0;25.8;07;84
2020;Auvergne et Rhône-Alpes;Ardèche;Tous;Femmes;13.0;7.7;7.9;07;84
2020;Auvergne et Rhône-Alpes;Ardèche;00-17 ans;Hommes et Femmes;2.5;3.8;;07;84
2021;Auvergne et Rhône-Alpes;Ardèche;65 ans et plus;Femmes;5.0;10.6;;07;84
2021;Auvergne et Rhône-Alpes;Ardèche;18-24 ans;Hommes et Femmes;2.5;12.5;;07;84
2021;Auvergne et Rhône-Alpes;Ardèche;25-44 ans;Hommes et Femmes;8.0;11.7;;07;84
2022;Auvergne et Rhône-Alpes;Ardèche;45-64 ans;Hommes;12.0;26.1;;07;84
2022;Auvergne et Rhône-Alpes;Ardèche;00-17 ans;Femmes;0.0;0.0;;07;84
2022;Auvergne et Rhône-Alpes;Ardèche;00-17 ans;Hommes et Femmes;0.0;0.0;;07;84
2022;Auvergne et Rhône-Alpes;Ardèche;25-44 ans;Hommes et Femmes;6.0;8.7;;07;84
2022;Auvergne et Rhône-Alpes;Ardèche;65 ans et plus;Hommes et Femmes;17.5;20.3;;07;84
2022;Auvergne et Rhône-Alpes;Ardèche;Tous;Hommes et Femmes;44.0;13.2;12.0;07;84
2023;Auvergne et Rhône-Alpes;Ardèche;00-17 ans;Hommes;0.0;0.0;;07;84
2023;Auvergne et Rhône-Alpes;Ardèche;18-24 ans;Hommes;2.5;24.5;;07;84
2023;Auvergne et Rhône-Alpes;Ardèche;45-64 ans;Hommes;11.0;24.1;;07;84
2023;Auvergne et Rhône-Alpes;Ardèche;Tous;Femmes;13.5;7.9;8.3;07;84
2023;Auvergne et Rhône-Alpes;Ardèche;65 ans et plus;Hommes et Femmes;19.0;21.6;;07;84
2023;Auvergne et Rhône-Alpes;Ardèche;Tous;Hommes et Femmes;46.0;13.8;13.4;07;84
2019;Grand Est;Ardennes;25-44 ans;Hommes;7.0;23.3;;08;44
2019;Grand Est;Ardennes;Tous;Hommes;34.0;25.7;25.0;08;44
2019;Grand Est;Ardennes;45-64 ans;Femmes;2.5;6.6;;08;44
2019;Grand Est;Ardennes;65 ans et plus;Femmes;2.5;7.6;;08;44
2019;Grand Est;Ardennes;00-17 ans;Hommes et Femmes;0.0;0.0;;08;44
2019;Grand Est;Ardennes;65 ans et plus;Hommes et Femmes;14.5;24.8;;08;44
2020;Grand Est;Ardennes;18-24 ans;Femmes;0.0;0.0;;08;44
2020;Grand Est;Ardennes;00-17 ans;Hommes et Femmes;0.0;0.0;;08;44
2020;Grand Est;Ardennes;65 ans et plus;Hommes et Femmes;15.5;26.1;;08;44
2021;Grand Est;Ardennes;18-24 ans;Hommes;2.5;24.7;;08;44
2021;Grand Est;Ardennes;45-64 ans;Hommes;18.0;49.4;;08;44
2021;Grand Est;Ardennes;Tous;Hommes;42.5;32.3;34.5;08;44
2021;Grand Est;Ardennes;25-44 ans;Femmes;2.5;8.4;;08;44
2021;Grand Est;Ardennes;00-17 ans;Hommes et Femmes;0.0;0.0;;08;44
2021;Grand Est;Ardennes;25-44 ans;Hommes et Femmes;12.5;21.0;;08;44
2021;Grand Est;Ardennes;Tous;Hommes et Femmes;54.5;20.3;21.2;08;44
2022;Grand Est;Ardennes;00-17 ans;Hommes;0.0;0.0;;08;44
2022;Grand Est;Ardennes;45-64 ans;Hommes;14.0;38.9;;08;44
2022;Grand Est;Ardennes;65 ans et plus;Hommes;6.0;22.5;;08;44
2022;Grand Est;Ardennes;18-24 ans;Femmes;0.0;0.0;;08;44
2022;Grand Est;Ardennes;45-64 ans;Femmes;2.5;6.8;;08;44
2022;Grand Est;Ardennes;00-17 ans;Hommes et Femmes;0.0;0.0;;08;44
2022;Grand Est;Ardennes;18-24 ans;Hommes et Femmes;2.5;13.4;;08;44
2022;Grand Est;Ardennes;25-44 ans;Hommes et Femmes;14.5;24.5;;08;44
2023;Grand Est;Ardennes;00-17 ans;Hommes;0.0;0.0;;08;44
2023;Grand Est;Ardennes;18-24 ans;Hommes;2.5;24.2;;08;44
2023;Grand Est;Ardennes;25-44 ans;Hommes;12.0;40.9;;08;44
2023;Grand Est;Ardennes;65 ans et plus;Hommes;8.0;29.7;;08;44
2023;Grand Est;Ardennes;00-17 ans;Femmes;0.0;0.0;;08;44
2023;Grand Est;Ardennes;65 ans et plus;Femmes;7.0;20.3;;08;44
2023;Grand Est;Ardennes;Tous;Hommes et Femmes;51.5;19.4;19.5;08;44
2019;Occitanie;Ariège;00-17 ans;Hommes;0.0;0.0;;09;76
2019;Occitanie;Ariège;00-17 ans;Femmes;0.0;0.0;;09;76
2019;Occitanie;Ariège;45-64 ans;Femmes;2.5;11.3;;09;76
2019;Occitanie;Ariège;65 ans et plus;Femmes;2.5;11.2;;09;76
2020;Occitanie;Ariège;25-44 ans;Hommes;2.5;16.1;;09;76
2020;Occitanie;Ariège;25-44 ans;Femmes;0.0;0.0;;09;76
2020;Occitanie;Ariège;00-17 ans;Hommes et Femmes;0.0;0.0;;09;76
2020;Occitanie;Ariège;45-64 ans;Hommes et Femmes;6.0;13.8;;09;76
2020;Occitanie;Ariège;Tous;Hommes et Femmes;17.0;11.0;10.2;09;76
2021;Occitanie;Ariège;25-44 ans;Hommes;2.5;15.9;;09;76
2021;Occitanie;Ariège;Tous;Hommes;17.0;22.5;20.1;09;76
2021;Occitanie;Ariège;00-17 ans;Femmes;0.0;0.0;;09;76
2021;Occitanie;Ariège;25-44 ans;Femmes;2.5;15.6;;09;76
2022;Occitanie;Ariège;25-44 ans;Hommes;6.0;37.6;;09;76
2022;Occitanie;Ariège;Tous;Hommes;24.5;32.2;30.4;09;76
2022;Occitanie;Ariège;18-24 ans;Femmes;0.0;0.0;;09;76
2022;Occitanie;Ariège;25-44 ans;Femmes;0.0;0.0;;09;76
2022;Occitanie;Ariège;65 ans et plus;Femmes;2.5;10.8;;09;76
2022;Occitanie;Ariège;25-44 ans;Hommes et Femmes;6.0;18.7;;09;76
2022;Occitanie;Ariège;65 ans et plus;Hommes et Femmes;9.5;22.6;;09;76
2023;Occitanie;Ariège;65 ans et plus;Hommes;9.0;46.8;;09;76
2023;Occitanie;Ariège;25-44 ans;Femmes;0.0;0.0;;09;76
2023;Occitanie;Ariège;65 ans et plus;Femmes;2.5;10.7;;09;76
2023;Occitanie;Ariège;45-64 ans;Hommes et Femmes;11.5;27.0;;09;76
2019;Grand Est;Aube;00-17 ans;Hommes;0.0;0.0;;10;44
2019;Grand Est;Aube;18-24 ans;Hommes;2.5;18.9;;10;44
2019;Grand Est;Aube;25-44 ans;Hommes;8.0;22.8;;10;44
2019;Grand Est;Aube;65 ans et plus;Hommes;14.0;48.6;;10;44
2019;Grand Est;Aube;Tous;Hommes;35.5;23.5;23.4;10;44
2019;Grand Est;Aube;00-17 ans;Hommes et Femmes;0.0;0.0;;10;44
2020;Grand Est;Aube;18-24 ans;Hommes;0.0;0.0;;10;44
2020;Grand Est;Aube;45-64 ans;Hommes;5.0;12.9;;10;44
2020;Grand Est;Aube;Tous;Hommes;22.5;14.8;14.5;10;44
2020;Grand Est;Aube;65 ans et plus;Femmes;2.5;6.4;;10;44
2020;Grand Est;Aube;00-17 ans;Hommes et Femmes;2.5;3.7;;10;44
2020;Grand Est;Aube;18-24 ans;Hommes et Femmes;0.0;0.0;;10;44
2020;Grand Est;Aube;25-44 ans;Hommes et Femmes;5.0;7.1;;10;44
2020;Grand Est;Aube;45-64 ans;Hommes et Femmes;11.0;13.9;;10;44
2021;Grand Est;Aube;25-44 ans;Hommes;6.0;17.2;;10;44
2021;Grand Est;Aube;00-17 ans;Femmes;0.0;0.0;;10;44
2021;Grand Est;Aube;18-24 ans;Femmes;0.0;0.0;;10;44
2021;Grand Est;Aube;45-64 ans;Femmes;5.0;12.5;;10;44
2021;Grand Est;Aube;Tous;Femmes;13.0;8.1;8.9;10;44
2021;Grand Est;Aube;65 ans et plus;Hommes et Femmes;22.5;32.5;;10;44
2022;Grand Est;Aube;25-44 ans;Hommes;5.0;14.3;;10;44
2022;Grand Est;Aube;65 ans et plus;Hommes;7.0;23.2;;10;44
2022;Grand Est;Aube;18-24 ans;Femmes;0.0;0.0;;10;44
2022;Grand Est;Aube;18-24 ans;Hommes et Femmes;2.5;10.2;;10;44
2022;Grand Est;Aube;25-44 ans;Hommes et Femmes;7.5;10.6;;10;44
2022;Grand Est;Aube;65 ans et plus;Hommes et Femmes;9.5;13.6;;10;44
2023;Grand Est;Aube;65 ans et plus;Hommes et Femmes;14.5;20.5;;10;44
2019;Occitanie;Aude;25-44 ans;Hommes;12.0;32.1;;11;76
2019;Occitanie;Aude;45-64 ans;Hommes;14.0;28.3;;11;76
2019;Occitanie;Aude;Tous;Femmes;11.0;5.7;5.0;11;76
2020;Occitanie;Aude;18-24 ans;Femmes;0.0;0.0;;11;76
2020;Occitanie;Aude;45-64 ans;Femmes;2.5;4.7;;11;76
2020;Occitanie;Aude;65 ans et plus;Femmes;8.0;14.3;;11;76
2020;Occitanie;Aude;00-17 ans;Hommes et Femmes;0.0;0.0;;11;76
2020;Occitanie;Aude;65 ans et plus;Hommes et Femmes;22.0;21.9;;11;76
2021;Occitanie;Aude;25-44 ans;Hommes;5.0;13.3;;11;76
2021;Occitanie;Aude;65 ans et plus;Hommes;18.0;40.1;;11;76
2021;Occitanie;Aude;00-17 ans;Femmes;0.0;0.0;;11;76
2021;Occitanie;Aude;45-64 ans;Femmes;2.5;4.7;;11;76
2021;Occitanie;Aude;00-17 ans;Hommes et Femmes;0.0;0.0;;11;76
2021;Occitanie;Aude;18-24 ans;Hommes et Femmes;2.5;10.4;;11;76
2021;Occitanie;Aude;25-44 ans;Hommes et Femmes;7.5;9.8;;11;76
2022;Occitanie;Aude;Tous;Hommes;62.0;34.1;32.0;11;76
2022;Occitanie;Aude;Tous;Femmes;12.0;6.1;5.6;11;76
2022;Occitanie;Aude;18-24 ans;Hommes et Femmes;0.0;0.0;;11;76
2022;Occitanie;Aude;65 ans et plus;Hommes et Femmes;28.0;27.2;;11;76
2023;Occitanie;Aude;00-17 ans;Hommes;0.0;0.0;;11;76
2023;Occitanie;Aude;45-64 ans;Hommes;27.0;54.7;;11;76
2023;Occitanie;Aude;18-24 ans;Femmes;0.0;0.0;;11;76
2023;Occitanie;Aude;25-44 ans;Femmes;2.5;6.4;;11;76
2023;Occitanie;Aude;45-64 ans;Femmes;2.5;4.7;;11;76
2023;Occitanie;Aude;Tous;Femmes;10.0;5.1;5.3;11;76
2023;Occitanie;Aude;Tous;Hommes et Femmes;70.5;18.6;17.9;11;76
2019;Occitanie;Aveyron;25-44 ans;Hommes;6.0;21.0;;12;76
2019;Occitanie;Aveyron;25-44 ans;Femmes;2.5;9.1;;12;76
2019;Occitanie;Aveyron;Tous;Femmes;9.0;6.4;6.3;12;76
2019;Occitanie;Aveyron;45-64 ans;Hommes et Femmes;15.5;20.0;;12;76
2020;Occitanie;Aveyron;25-44 ans;Hommes;2.5;8.8;;12;76
2020;Occitanie;Aveyron;45-64 ans;Hommes;8.0;20.6;;12;76
2020;Occitanie;Aveyron;Tous;Hommes;19.5;14.1;12.8;12;76
2020;Occitanie;Aveyron;18-24 ans;Femmes;0.0;0.0;;12;76
2020;Occitanie;Aveyron;25-44 ans;Femmes;2.5;9.1;;12;76
2020;Occitanie;Aveyron;18-24 ans;Hommes et Femmes;0.0;0.0;;12;76
2020;Occitanie;Aveyron;45-64 ans;Hommes et Femmes;10.5;13.6;;12;76
2020;Occitanie;Aveyron;65 ans et plus;Hommes et Femmes;11.5;14.7;;12;76
2021;Occitanie;Aveyron;00-17 ans;Hommes et Femmes;2.5;5.0;;12;76
2021;Occitanie;Aveyron;18-24 ans;Hommes et Femmes;2.5;14.5;;12;76
2022;Occitanie;Aveyron;45-64 ans;Hommes;12.0;31.0;;12;76
2022;Occitanie;Aveyron;00-17 ans;Femmes;0.0;0.0;;12;76
2022;Occitanie;Aveyron;65 ans et plus;Femmes;2.5;5.8;;12;76
2022;Occitanie;Aveyron;00-17 ans;Hommes et Femmes;0.0;0.0;;12;76
2022;Occitanie;Aveyron;25-44 ans;Hommes et Femmes;14.5;25.4;;12;76
2022;Occitanie;Aveyron;65 ans et plus;Hommes et Femmes;16.5;21.1;;12;76
2022;Occitanie;Aveyron;Tous;Hommes et Femmes;51.5;18.4;15.9;12;76
2023;Occitanie;Aveyron;45-64 ans;Hommes;12.0;31.2;;12;76
2023;Occitanie;Aveyron;25-44 ans;Femmes;0.0;0.0;;12;76
2023;Occitanie;Aveyron;45-64 ans;Femmes;0.0;0.0;;12;76
2023;Occitanie;Aveyron;18-24 ans;Hommes et Femmes;2.5;15.1;;12;76
2023;Occitanie;Aveyron;25-44 ans;Hommes et Femmes;2.5;4.4;;12;76
2023;Occitanie;Aveyron;45-64 ans;Hommes et Femmes;12.0;15.7;;12;76
2023;Occitanie;Aveyron;65 ans et plus;Hommes et Femmes;11.5;14.6;;12;76
2023;Occitanie;Aveyron;Tous;Hommes et Femmes;28.5;10.2;9.4;12;76
2019;Provence-Alpes-Côte d'Azur;Bouches-du-Rhône;00-17 ans;Hommes;0.0;0.0;;13;93
2019;Provence-Alpes-Côte d'Azur;Bouches-du-Rhône;25-44 ans;Hommes;38.0;15.9;;13;93
2019;Provence-Alpes-Côte d'Azur;Bouches-du-Rhône;45-64 ans;Hommes;49.0;19.6;;13;93
2019;Provence-Alpes-Côte d'Azur;Bouches-du-Rhône;65 ans et plus;Hommes;46.0;25.7;;13;93
2019;Provence-Alpes-Côte d'Azur;Bouches-du-Rhône;Tous;Hommes;135.5;13.9;14.2;13;93
2019;Provence-Alpes-Côte d'Azur;Bouches-du-Rhône;65 ans et plus;Femmes;18.0;7.5;;13;93
2019;Provence-Alpes-Côte d'Azur;Bouches-du-Rhône;Tous;Femmes;56.0;5.2;5.3;13;93
2019;Provence-Alpes-Côte d'Azur;Bouches-du-Rhône;65 ans et plus;Hommes et Femmes;64.0;15.3;;13;93
2020;Provence-Alpes-Côte d'Azur;Bouches-du-Rhône;00-17 ans;Hommes;2.5;1.1;;13;93
2020;Provence-Alpes-Côte d'Azur;Bouches-du-Rhône;25-44 ans;Hommes;35.0;14.6;;13;93
2020;Provence-Alpes-Côte d'Azur;Bouches-du-Rhône;65 ans et plus;Femmes;24.0;9.8;;13;93
2020;Provence-Alpes-Côte d'Azur;Bouches-du-Rhône;00-17 ans;Hommes et Femmes;2.5;0.6;;13;93
2020;Provence-Alpes-Côte d'Azur;Bouches-du-Rhône;Tous;Hommes et Femmes;212.5;10.4;10.4;13;93
2021;Provence-Alpes-Côte d'Azur;Bouches-du-Rhône;25-44 ans;Hommes;35.0;14.5;;13;93
2021;Provence-Alpes-Côte d'Azur;Bouches-du-Rhône;45-64 ans;Hommes;58.0;23.1;;13;93
2021;Provence-Alpes-Côte d'Azur;Bouches-du-Rhône;Tous;Hommes;160.0;16.3;16.3;13;93
2021;Provence-Alpes-Côte d'Azur;Bouches-du-Rhône;18-24 ans;Femmes;2.5;2.9;;13;93
2021;Provence-Alpes-Côte d'Azur;Bouches-du-Rhône;Tous;Femmes;70.0;6.5;6.5;13;93
2021;Provence-Alpes-Côte d'Azur;Bouches-du-Rhône;25-44 ans;Hommes et Femmes;49.0;9.8;;13;93
2021;Provence-Alpes-Côte d'Azur;Bouches-du-Rhône;Tous;Hommes et Femmes;230.0;11.2;11.3;13;93
2022;Provence-Alpes-Côte d'Azur;Bouches-du-Rhône;00-17 ans;Hommes;0.0;0.0;;13;93
2022;Provence-Alpes-Côte d'Azur;Bouches-du-Rhône;18-24 ans;Hommes;12.0;13.7;;13;93
2022;Provence-Alpes-Côte d'Azur;Bouches-du-Rhône;Tous;Hommes;165.0;16.7;16.6;13;93
2022;Provence-Alpes-Côte d'Azur;Bouches-du-Rhône;25-44 ans;Hommes et Femmes;44.0;8.7;;13;93
2022;Provence-Alpes-Côte d'Azur;Bouches-du-Rhône;45-64 ans;Hommes et Femmes;74.0;14.1;;13;93
2023;Provence-Alpes-Côte d'Azur;Bouches-du-Rhône;18-24 ans;Hommes;9.0;10.3;;13;93
2023;Provence-Alpes-Côte d'Azur;Bouches-du-Rhône;Tous;Hommes;140.5;14.1;13.9;13;93
2023;Provence-Alpes-Côte d'Azur;Bouches-du-Rhône;Tous;Hommes et Femmes;191.5;9.2;9.2;13;93
2019;Normandie;Calvados;18-24 ans;Hommes;2.5;8.0;;14;28
2019;Normandie;Calvados;45-64 ans;Hommes;44.0;50.2;;14;28
2019;Normandie;Calvados;65 ans et plus;Hommes;27.0;42.4;;14;28
2019;Normandie;Calvados;Tous;Hommes;100.5;30.1;30.6;14;28
2019;Normandie;Calvados;00-17 ans;Femmes;2.5;3.6;;14;28
2019;Normandie;Calvados;18-24 ans;Femmes;0.0;0.0;;14;28
2019;Normandie;Calvados;25-44 ans;Femmes;6.0;7.5;;14;28
2019;Normandie;Calvados;65 ans et plus;Hommes et Femmes;39.0;25.8;;14;28
2019;Normandie;Calvados;Tous;Hommes et Femmes;135.0;19.4;19.6;14;28
2020;Normandie;Calvados;18-24 ans;Hommes;2.5;8.0;;14;28
2020;Normandie;Calvados;65 ans et plus;Hommes;46.0;70.5;;14;28
2020;Normandie;Calvados;Tous;Hommes;120.0;35.8;35.8;14;28
2020;Normandie;Calvados;25-44 ans;Femmes;5.0;6.3;;14;28
2020;Normandie;Calvados;18-24 ans;Hommes et Femmes;2.5;4.1;;14;28
2020;Normandie;Calvados;65 ans et plus;Hommes et Femmes;56.0;36.3;;14;28
2021;Normandie;Calvados;00-17 ans;Hommes;0.0;0.0;;14;28
2021;Normandie;Calvados;Tous;Hommes;81.5;24.2;24.6;14;28
2021;Normandie;Calvados;18-24 ans;Femmes;2.5;8.2;;14;28
2021;Normandie;Calvados;65 ans et plus;Femmes;14.0;15.3;;14;28
2021;Normandie;Calvados;Tous;Femmes;34.0;9.4;9.0;14;28
2022;Normandie;Calvados;18-24 ans;Hommes;0.0;0.0;;14;28
2022;Normandie;Calvados;25-44 ans;Hommes;24.0;30.1;;14;28
2022;Normandie;Calvados;45-64 ans;Hommes;43.0;49.7;;14;28
2022;Normandie;Calvados;18-24 ans;Femmes;2.5;8.3;;14;28
2022;Normandie;Calvados;00-17 ans;Hommes et Femmes;0.0;0.0;;14;28
2022;Normandie;Calvados;18-24 ans;Hommes et Femmes;2.5;4.1;;14;28
2023;Normandie;Calvados;45-64 ans;Hommes;23.0;26.7;;14;28
2023;Normandie;Calvados;45-64 ans;Hommes et Femmes;36.0;20.4;;14;28
2019;Auvergne et Rhône-Alpes;Cantal;00-17 ans;Hommes;0.0;0.0;;15;84
2019;Auvergne et Rhône-Alpes;Cantal;18-24 ans;Hommes;0.0;0.0;;15;84
2019;Auvergne et Rhône-Alpes;Cantal;Tous;Hommes;16.0;22.6;24.7;15;84
2019;Auvergne et Rhône-Alpes;Cantal;45-64 ans;Femmes;2.5;12.0;;15;84
2019;Auvergne et Rhône-Alpes;Cantal;65 ans et plus;Hommes et Femmes;8.5;20.9;;15;84
2020;Auvergne et Rhône-Alpes;Cantal;00-17 ans;Hommes;0.0;0.0;;15;84
2020;Auvergne et Rhône-Alpes;Cantal;18-24 ans;Hommes;0.0;0.0;;15;84
2020;Auvergne et Rhône-Alpes;Cantal;25-44 ans;Hommes;5.0;34.9;;15;84
2020;Auvergne et Rhône-Alpes;Cantal;65 ans et plus;Hommes;8.0;44.3;;15;84
2020;Auvergne et Rhône-Alpes;Cantal;18-24 ans;Femmes;0.0;0.0;;15;84
2020;Auvergne et Rhône-Alpes;Cantal;65 ans et plus;Femmes;2.5;10.9;;15;84
2020;Auvergne et Rhône-Alpes;Cantal;25-44 ans;Hommes et Femmes;5.0;17.7;;15;84
2020;Auvergne et Rhône-Alpes;Cantal;65 ans et plus;Hommes et Femmes;10.5;25.6;;15;84
2021;Auvergne et Rhône-Alpes;Cantal;25-44 ans;Hommes;2.5;17.5;;15;84
2021;Auvergne et Rhône-Alpes;Cantal;45-64 ans;Hommes;13.0;61.8;;15;84
2021;Auvergne et Rhône-Alpes;Cantal;65 ans et plus;Hommes;2.5;13.6;;15;84
2021;Auvergne et Rhône-Alpes;Cantal;18-24 ans;Hommes et Femmes;0.0;0.0;;15;84
2021;Auvergne et Rhône-Alpes;Cantal;25-44 ans;Hommes et Femmes;2.5;8.9;;15;84
2022;Auvergne et Rhône-Alpes;Cantal;00-17 ans;Hommes;0.0;0.0;;15;84
2022;Auvergne et Rhône-Alpes;Cantal;25-44 ans;Hommes;6.0;42.1;;15;84
2022;Auvergne et Rhône-Alpes;Cantal;45-64 ans;Hommes;8.0;38.2;;15;84
2022;Auvergne et Rhône-Alpes;Cantal;25-44 ans;Femmes;2.5;18.1;;15;84
2022;Auvergne et Rhône-Alpes;Cantal;45-64 ans;Femmes;0.0;0.0;;15;84
2022;Auvergne et Rhône-Alpes;Cantal;18-24 ans;Hommes et Femmes;0.0;0.0;;15;84
2022;Auvergne et Rhône-Alpes;Cantal;25-44 ans;Hommes et Femmes;8.5;30.3;;15;84
2022;Auvergne et Rhône-Alpes;Cantal;Tous;Hommes et Femmes;30.0;20.8;19.4;15;84
2023;Auvergne et Rhône-Alpes;Cantal;65 ans et plus;Hommes;10.0;52.3;;15;84
2023;Auvergne et Rhône-Alpes;Cantal;00-17 ans;Femmes;0.0;0.0;;15;84
2023;Auvergne et Rhône-Alpes;Cantal;65 ans et plus;Femmes;2.5;10.6;;15;84
2023;Auvergne et Rhône-Alpes;Cantal;00-17 ans;Hommes et Femmes;2.5;10.4;;15;84
2023;Auvergne et Rhône-Alpes;Cantal;18-24 ans;Hommes et Femmes;0.0;0.0;;15;84
2023;Auvergne et Rhône-Alpes;Cantal;Tous;Hommes et Femmes;24.0;16.6;16.1;15;84
2019;Nouvelle Aquitaine;Charente;00-17 ans;Hommes;0.0;0.0;;16;75
2019;Nouvelle Aquitaine;Charente;18-24 ans;Hommes;2.5;20.4;;16;75
2019;Nouvelle Aquitaine;Charente;45-64 ans;Hommes;16.0;33.1;;16;75
2019;Nouvelle Aquitaine;Charente;00-17 ans;Femmes;0.0;0.0;;16;75
2019;Nouvelle Aquitaine;Charente;18-24 ans;Femmes;0.0;0.0;;16;75
2019;Nouvelle Aquitaine;Charente;Tous;Femmes;21.0;11.6;12.6;16;75
2019;Nouvelle Aquitaine;Charente;18-24 ans;Hommes et Femmes;2.5;10.7;;16;75
2019;Nouvelle Aquitaine;Charente;Tous;Hommes et Femmes;84.5;24.0;22.8;16;75
2020;Nouvelle Aquitaine;Charente;18-24 ans;Hommes;2.5;20.1;;16;75
2020;Nouvelle Aquitaine;Charente;18-24 ans;Femmes;0.0;0.0;;16;75
2020;Nouvelle Aquitaine;Charente;25-44 ans;Femmes;6.0;16.2;;16;75
2020;Nouvelle Aquitaine;Charente;45-64 ans;Femmes;9.0;17.8;;16;75
2020;Nouvelle Aquitaine;Charente;Tous;Hommes et Femmes;84.5;24.0;22.7;16;75
2021;Nouvelle Aquitaine;Charente;Tous;Hommes;63.0;37.0;33.8;16;75
2021;Nouvelle Aquitaine;Charente;45-64 ans;Femmes;8.0;16.1;;16;75
2021;Nouvelle Aquitaine;Charente;65 ans et plus;Femmes;10.0;19.4;;16;75
2021;Nouvelle Aquitaine;Charente;00-17 ans;Hommes et Femmes;0.0;0.0;;16;75
2021;Nouvelle Aquitaine;Charente;65 ans et plus;Hommes et Femmes;34.0;37.1;;16;75
2022;Nouvelle Aquitaine;Charente;00-17 ans;Hommes;2.5;7.5;;16;75
2022;Nouvelle Aquitaine;Charente;18-24 ans;Hommes;0.0;0.0;;16;75
2022;Nouvelle Aquitaine;Charente;65 ans et plus;Femmes;2.5;4.8;;16;75
2022;Nouvelle Aquitaine;Charente;18-24 ans;Hommes et Femmes;0.0;0.0;;16;75
2022;Nouvelle Aquitaine;Charente;25-44 ans;Hommes et Femmes;12.5;16.9;;16;75
2022;Nouvelle Aquitaine;Charente;45-64 ans;Hommes et Femmes;24.5;25.4;;16;75
2022;Nouvelle Aquitaine;Charente;Tous;Hommes et Femmes;56.5;16.1;15.6;16;75
2023;Nouvelle Aquitaine;Charente;25-44 ans;Hommes;8.0;21.7;;16;75
2023;Nouvelle Aquitaine;Charente;18-24 ans;Femmes;0.0;0.0;;16;75
2023;Nouvelle Aquitaine;Charente;45-64 ans;Femmes;6.0;12.3;;16;75
2023;Nouvelle Aquitaine;Charente;65 ans et plus;Femmes;5.0;9.5;;16;75
2023;Nouvelle Aquitaine;Charente;00-17 ans;Hommes et Femmes;0.0;0.0;;16;75
2023;Nouvelle Aquitaine;Charente;Tous;Hommes et Femmes;70.0;19.9;18.0;16;75
2019;Nouvelle Aquitaine;Charente-Maritime;Tous;Hommes;108.5;34.8;32.3;17;75
2019;Nouvelle Aquitaine;Charente-Maritime;45-64 ans;Femmes;5.0;5.4;;17;75
2019;Nouvelle Aquitaine;Charente-Maritime;Tous;Femmes;14.5;4.3;4.7;17;75
2020;Nouvelle Aquitaine;Charente-Maritime;18-24 ans;Hommes;2.5;10.7;;17;75
2020;Nouvelle Aquitaine;Charente-Maritime;25-44 ans;Hommes;17.0;26.9;;17;75
2020;Nouvelle Aquitaine;Charente-Maritime;45-64 ans;Hommes;54.0;62.8;;17;75
2020;Nouvelle Aquitaine;Charente-Maritime;65 ans et plus;Hommes;44.0;54.6;;17;75
2020;Nouvelle Aquitaine;Charente-Maritime;00-17 ans;Femmes;0.0;0.0;;17;75
2020;Nouvelle Aquitaine;Charente-Maritime;65 ans et plus;Femmes;11.0;10.5;;17;75
2020;Nouvelle Aquitaine;Charente-Maritime;Tous;Femmes;25.5;7.5;6.8;17;75
2021;Nouvelle Aquitaine;Charente-Maritime;65 ans et plus;Hommes;46.0;55.4;;17;75
2021;Nouvelle Aquitaine;Charente-Maritime;00-17 ans;Hommes et Femmes;0.0;0.0;;17;75
2021;Nouvelle Aquitaine;Charente-Maritime;Tous;Hommes et Femmes;131.5;19.9;18.5;17;75
2022;Nouvelle Aquitaine;Charente-Maritime;18-24 ans;Hommes;2.5;10.4;;17;75
2022;Nouvelle Aquitaine;Charente-Maritime;65 ans et plus;Hommes;49.0;57.7;;17;75
2022;Nouvelle Aquitaine;Charente-Maritime;Tous;Hommes;112.0;34.9;32.0;17;75
2022;Nouvelle Aquitaine;Charente-Maritime;25-44 ans;Femmes;7.0;10.3;;17;75
2022;Nouvelle Aquitaine;Charente-Maritime;45-64 ans;Femmes;12.0;12.8;;17;75
2022;Nouvelle Aquitaine;Charente-Maritime;00-17 ans;Hommes et Femmes;2.5;2.1;;17;75
2022;Nouvelle Aquitaine;Charente-Maritime;18-24 ans;Hommes et Femmes;2.5;5.7;;17;75
2022;Nouvelle Aquitaine;Charente-Maritime;25-44 ans;Hommes et Femmes;33.0;24.8;;17;75
2022;Nouvelle Aquitaine;Charente-Maritime;45-64 ans;Hommes et Femmes;44.0;24.5;;17;75
2022;Nouvelle Aquitaine;Charente-Maritime;65 ans et plus;Hommes et Femmes;69.0;35.5;;17;75
2023;Nouvelle Aquitaine;Charente-Maritime;Tous;Hommes;105.5;32.7;29.9;17;75
2023;Nouvelle Aquitaine;Charente-Maritime;00-17 ans;Femmes;0.0;0.0;;17;75
2023;Nouvelle Aquitaine;Charente-Maritime;25-44 ans;Femmes;8.0;11.7;;17;75
2023;Nouvelle Aquitaine;Charente-Maritime;45-64 ans;Femmes;17.0;18.3;;17;75
2023;Nouvelle Aquitaine;Charente-Maritime;65 ans et plus;Femmes;18.0;16.2;;17;75
2023;Nouvelle Aquitaine;Charente-Maritime;18-24 ans;Hommes et Femmes;2.5;5.7;;17;75
2023;Nouvelle Aquitaine;Charente-Maritime;45-64 ans;Hommes et Femmes;50.0;27.9;;17;75
2019;Centre-Val de Loire;Cher;45-64 ans;Hommes;21.0;50.8;;18;24
2019;Centre-Val de Loire;Cher;65 ans et plus;Hommes;10.0;29.4;;18;24
2019;Centre-Val de Loire;Cher;65 ans et plus;Femmes;5.0;11.4;;18;24
2019;Centre-Val de Loire;Cher;18-24 ans;Hommes et Femmes;2.5;12.9;;18;24
2019;Centre-Val de Loire;Cher;45-64 ans;Hommes et Femmes;23.5;27.8;;18;24
2019;Centre-Val de Loire;Cher;65 ans et plus;Hommes et Femmes;15.0;19.2;;18;24
2020;Centre-Val de Loire;Cher;18-24 ans;Hommes;2.5;23.9;;18;24
2020;Centre-Val de Loire;Cher;65 ans et plus;Hommes;16.0;46.3;;18;24
2020;Centre-Val de Loire;Cher;18-24 ans;Femmes;0.0;0.0;;18;24
2020;Centre-Val de Loire;Cher;45-64 ans;Femmes;8.0;18.8;;18;24
2020;Centre-Val de Loire;Cher;65 ans et plus;Femmes;2.5;5.6;;18;24
2020;Centre-Val de Loire;Cher;18-24 ans;Hommes et Femmes;2.5;12.7;;18;24
2021;Centre-Val de Loire;Cher;00-17 ans;Hommes;2.5;8.4;;18;24
2021;Centre-Val de Loire;Cher;25-44 ans;Hommes;7.0;22.8;;18;24
2021;Centre-Val de Loire;Cher;65 ans et plus;Hommes;17.0;49.1;;18;24
2021;Centre-Val de Loire;Cher;00-17 ans;Femmes;0.0;0.0;;18;24
2021;Centre-Val de Loire;Cher;25-44 ans;Femmes;0.0;0.0;;18;24
2021;Centre-Val de Loire;Cher;65 ans et plus;Femmes;9.0;20.2;;18;24
2021;Centre-Val de Loire;Cher;00-17 ans;Hommes et Femmes;2.5;4.4;;18;24
2021;Centre-Val de Loire;Cher;25-44 ans;Hommes et Femmes;7.0;11.4;;18;24
2021;Centre-Val de Loire;Cher;65 ans et plus;Hommes et Femmes;26.0;32.8;;18;24
2022;Centre-Val de Loire;Cher;00-17 ans;Hommes;0.0;0.0;;18;24
2022;Centre-Val de Loire;Cher;65 ans et plus;Hommes;23.0;65.8;;18;24
2022;Centre-Val de Loire;Cher;65 ans et plus;Femmes;5.0;11.2;;18;24
2022;Centre-Val de Loire;Cher;25-44 ans;Hommes et Femmes;8.5;13.7;;18;24
2023;Centre-Val de Loire;Cher;00-17 ans;Hommes;0.0;0.0;;18;24
2023;Centre-Val de Loire;Cher;18-24 ans;Hommes;2.5;23.7;;18;24
2023;Centre-Val de Loire;Cher;Tous;Hommes;47.5;32.7;27.9;18;24
2023;Centre-Val de Loire;Cher;18-24 ans;Femmes;0.0;0.0;;18;24
2023;Centre-Val de Loire;Cher;45-64 ans;Femmes;2.5;6.2;;18;24
2023;Centre-Val de Loire;Cher;65 ans et plus;Femmes;2.5;5.6;;18;24
2023;Centre-Val de Loire;Cher;00-17 ans;Hommes et Femmes;0.0;0.0;;18;24
2023;Centre-Val de Loire;Cher;18-24 ans;Hommes et Femmes;2.5;12.8;;18;24
2023;Centre-Val de Loire;Cher;25-44 ans;Hommes et Femmes;7.5;12.1;;18;24
2023;Centre-Val de Loire;Cher;65 ans et plus;Hommes et Femmes;29.5;36.8;;18;24
2019;Nouvelle Aquitaine;Corrèze;00-17 ans;Hommes;0.0;0.0;;19;75
2019;Nouvelle Aquitaine;Corrèze;18-24 ans;Hommes;0.0;0.0;;19;75
2019;Nouvelle Aquitaine;Corrèze;65 ans et plus;Hommes;12.0;42.3;;19;75
2019;Nouvelle Aquitaine;Corrèze;Tous;Femmes;13.5;10.9;9.5;19;75
2019;Nouvelle Aquitaine;Corrèze;00-17 ans;Hommes et Femmes;0.0;0.0;;19;75
2019;Nouvelle Aquitaine;Corrèze;Tous;Hommes et Femmes;40.5;16.9;15.6;19;75
2020;Nouvelle Aquitaine;Corrèze;25-44 ans;Femmes;0.0;0.0;;19;75
2020;Nouvelle Aquitaine;Corrèze;Tous;Femmes;11.0;9.0;7.4;19;75
2020;Nouvelle Aquitaine;Corrèze;00-17 ans;Hommes et Femmes;0.0;0.0;;19;75
2020;Nouvelle Aquitaine;Corrèze;18-24 ans;Hommes et Femmes;0.0;0.0;;19;75
2020;Nouvelle Aquitaine;Corrèze;45-64 ans;Hommes et Femmes;15.0;22.6;;19;75
2020;Nouvelle Aquitaine;Corrèze;65 ans et plus;Hommes et Femmes;19.0;28.4;;19;75
2021;Nouvelle Aquitaine;Corrèze;65 ans et plus;Hommes;22.0;75.4;;19;75
2021;Nouvelle Aquitaine;Corrèze;Tous;Femmes;16.0;13.0;12.5;19;75
2021;Nouvelle Aquitaine;Corrèze;00-17 ans;Hommes et Femmes;0.0;0.0;;19;75
2021;Nouvelle Aquitaine;Corrèze;25-44 ans;Hommes et Femmes;15.5;32.5;;19;75
2022;Nouvelle Aquitaine;Corrèze;25-44 ans;Hommes;5.0;20.4;;19;75
2022;Nouvelle Aquitaine;Corrèze;Tous;Hommes;35.5;30.3;27.8;19;75
2022;Nouvelle Aquitaine;Corrèze;00-17 ans;Femmes;0.0;0.0;;19;75
2022;Nouvelle Aquitaine;Corrèze;65 ans et plus;Femmes;7.0;18.1;;19;75
2022;Nouvelle Aquitaine;Corrèze;Tous;Femmes;10.0;8.1;7.8;19;75
2022;Nouvelle Aquitaine;Corrèze;45-64 ans;Hommes et Femmes;15.5;23.6;;19;75
2022;Nouvelle Aquitaine;Corrèze;65 ans et plus;Hommes et Femmes;22.0;32.1;;19;75
2022;Nouvelle Aquitaine;Corrèze;Tous;Hommes et Femmes;47.5;19.8;17.5;19;75
2023;Nouvelle Aquitaine;Corrèze;00-17 ans;Hommes;0.0;0.0;;19;75
2023;Nouvelle Aquitaine;Corrèze;18-24 ans;Femmes;0.0;0.0;;19;75
2023;Nouvelle Aquitaine;Corrèze;Tous;Femmes;14.0;11.4;10.5;19;75
2023;Nouvelle Aquitaine;Corrèze;25-44 ans;Hommes et Femmes;10.5;21.6;;19;75
2019;Bourgogne et Franche-Comté;Côte-d'Or;00-17 ans;Hommes;2.5;4.6;;21;27
2019;Bourgogne et Franche-Comté;Côte-d'Or;18-24 ans;Hommes;2.5;9.9;;21;27
2019;Bourgogne et Franche-Comté;Côte-d'Or;45-64 ans;Hommes;10.0;14.8;;21;27
2019;Bourgogne et Franche-Comté;Côte-d'Or;Tous;Hommes;32.0;12.4;12.4;21;27
2019;Bourgogne et Franche-Comté;Côte-d'Or;00-17 ans;Femmes;0.0;0.0;;21;27
2019;Bourgogne et Franche-Comté;Côte-d'Or;18-24 ans;Femmes;0.0;0.0;;21;27
2019;Bourgogne et Franche-Comté;Côte-d'Or;45-64 ans;Femmes;2.5;3.5;;21;27
2019;Bourgogne et Franche-Comté;Côte-d'Or;00-17 ans;Hommes et Femmes;2.5;2.3;;21;27
2019;Bourgogne et Franche-Comté;Côte-d'Or;25-44 ans;Hommes et Femmes;10.5;8.4;;21;27
2019;Bourgogne et Franche-Comté;Côte-d'Or;45-64 ans;Hommes et Femmes;12.5;9.0;;21;27
2020;Bourgogne et Franche-Comté;Côte-d'Or;00-17 ans;Hommes;0.0;0.0;;21;27
2020;Bourgogne et Franche-Comté;Côte-d'Or;00-17 ans;Femmes;0.0;0.0;;21;27
2020;Bourgogne et Franche-Comté;Côte-d'Or;25-44 ans;Femmes;2.5;4.0;;21;27
2020;Bourgogne et Franche-Comté;Côte-d'Or;45-64 ans;Femmes;5.0;7.1;;21;27
2020;Bourgogne et Franche-Comté;Côte-d'Or;18-24 ans;Hommes et Femmes;2.5;4.8;;21;27
2021;Bourgogne et Franche-Comté;Côte-d'Or;65 ans et plus;Hommes;12.0;23.9;;21;27
2021;Bourgogne et Franche-Comté;Côte-d'Or;18-24 ans;Femmes;0.0;0.0;;21;27
2021;Bourgogne et Franche-Comté;Côte-d'Or;45-64 ans;Femmes;2.5;3.6;;21;27
2021;Bourgogne et Franche-Comté;Côte-d'Or;65 ans et plus;Femmes;2.5;3.8;;21;27
2021;Bourgogne et Franche-Comté;Côte-d'Or;00-17 ans;Hommes et Femmes;0.0;0.0;;21;27
2021;Bourgogne et Franche-Comté;Côte-d'Or;45-64 ans;Hommes et Femmes;23.5;17.2;;21;27
2022;Bourgogne et Franche-Comté;Côte-d'Or;00-17 ans;Hommes;0.0;0.0;;21;27
2022;Bourgogne et Franche-Comté;Côte-d'Or;18-24 ans;Hommes;2.5;9.7;;21;27
2022;Bourgogne et Franche-Comté;Côte-d'Or;45-64 ans;Hommes;16.0;24.2;;21;27
2022;Bourgogne et Franche-Comté;Côte-d'Or;65 ans et plus;Femmes;2.5;3.7;;21;27
2022;Bourgogne et Franche-Comté;Côte-d'Or;00-17 ans;Hommes et Femmes;2.5;2.4;;21;27
2022;Bourgogne et Franche-Comté;Côte-d'Or;Tous;Hommes et Femmes;58.5;10.9;10.5;21;27
2023;Bourgogne et Franche-Comté;Côte-d'Or;00-17 ans;Hommes;0.0;0.0;;21;27
2023;Bourgogne et Franche-Comté;Côte-d'Or;18-24 ans;Femmes;2.5;9.5;;21;27
2023;Bourgogne et Franche-Comté;Côte-d'Or;25-44 ans;Femmes;5.0;7.8;;21;27
2023;Bourgogne et Franche-Comté;Côte-d'Or;45-64 ans;Femmes;10.0;14.5;;21;27
2023;Bourgogne et Franche-Comté;Côte-d'Or;00-17 ans;Hommes et Femmes;0.0;0.0;;21;27
2023;Bourgogne et Franche-Comté;Côte-d'Or;65 ans et plus;Hommes et Femmes;24.5;20.5;;21;27
2019;Bretagne;Côtes-d'Armor;18-24 ans;Hommes;2.5;12.1;;22;53
2019;Bretagne;Côtes-d'Armor;18-24 ans;Femmes;0.0;0.0;;22;53
2019;Bretagne;Côtes-d'Armor;00-17 ans;Hommes et Femmes;0.0;0.0;;22;53
2019;Bretagne;Côtes-d'Armor;18-24 ans;Hommes et Femmes;2.5;6.5;;22;53
2019;Bretagne;Côtes-d'Armor;Tous;Hommes et Femmes;146.0;24.3;23.0;22;53
2020;Bretagne;Côtes-d'Armor;18-24 ans;Hommes;2.5;11.9;;22;53
2020;Bretagne;Côtes-d'Armor;25-44 ans;Femmes;2.5;4.1;;22;53
2020;Bretagne;Côtes-d'Armor;18-24 ans;Hommes et Femmes;2.5;6.4;;22;53
2020;Bretagne;Côtes-d'Armor;45-64 ans;Hommes et Femmes;57.0;34.7;;22;53
2020;Bretagne;Côtes-d'Armor;65 ans et plus;Hommes et Femmes;55.0;34.5;;22;53
2020;Bretagne;Côtes-d'Armor;Tous;Hommes et Femmes;134.0;22.2;20.8;22;53
2021;Bretagne;Côtes-d'Armor;65 ans et plus;Hommes;41.0;58.6;;22;53
2021;Bretagne;Côtes-d'Armor;Tous;Hommes;138.0;47.1;45.6;22;53
2021;Bretagne;Côtes-d'Armor;00-17 ans;Femmes;0.0;0.0;;22;53
2021;Bretagne;Côtes-d'Armor;45-64 ans;Hommes et Femmes;74.0;45.1;;22;53
2022;Bretagne;Côtes-d'Armor;65 ans et plus;Hommes;39.0;54.6;;22;53
2022;Bretagne;Côtes-d'Armor;65 ans et plus;Femmes;16.0;17.1;;22;53
2022;Bretagne;Côtes-d'Armor;00-17 ans;Hommes et Femmes;2.5;2.1;;22;53
2022;Bretagne;Côtes-d'Armor;25-44 ans;Hommes et Femmes;37.0;30.6;;22;53
2023;Bretagne;Côtes-d'Armor;18-24 ans;Hommes;2.5;11.8;;22;53
2023;Bretagne;Côtes-d'Armor;65 ans et plus;Hommes;41.0;56.4;;22;53
2023;Bretagne;Côtes-d'Armor;Tous;Hommes;124.5;42.1;40.9;22;53
2023;Bretagne;Côtes-d'Armor;00-17 ans;Femmes;2.5;4.3;;22;53
2023;Bretagne;Côtes-d'Armor;18-24 ans;Femmes;0.0;0.0;;22;53
2023;Bretagne;Côtes-d'Armor;65 ans et plus;Femmes;15.0;15.9;;22;53
2019;Nouvelle Aquitaine;Creuse;00-17 ans;Hommes;0.0;0.0;;23;75
2019;Nouvelle Aquitaine;Creuse;Tous;Hommes;28.0;49.4;44.1;23;75
2019;Nouvelle Aquitaine;Creuse;00-17 ans;Femmes;0.0;0.0;;23;75
2019;Nouvelle Aquitaine;Creuse;45-64 ans;Femmes;2.5;14.5;;23;75
2019;Nouvelle Aquitaine;Creuse;65 ans et plus;Femmes;0.0;0.0;;23;75
2019;Nouvelle Aquitaine;Creuse;25-44 ans;Hommes et Femmes;8.0;37.7;;23;75
2019;Nouvelle Aquitaine;Creuse;65 ans et plus;Hommes et Femmes;15.0;42.4;;23;75
2019;Nouvelle Aquitaine;Creuse;Tous;Hommes et Femmes;30.5;26.2;25.2;23;75
2020;Nouvelle Aquitaine;Creuse;25-44 ans;Hommes;6.0;56.9;;23;75
2020;Nouvelle Aquitaine;Creuse;45-64 ans;Hommes;14.0;82.5;;23;75
2020;Nouvelle Aquitaine;Creuse;00-17 ans;Femmes;0.0;0.0;;23;75
2020;Nouvelle Aquitaine;Creuse;18-24 ans;Femmes;0.0;0.0;;23;75
2020;Nouvelle Aquitaine;Creuse;45-64 ans;Femmes;0.0;0.0;;23;75
2020;Nouvelle Aquitaine;Creuse;00-17 ans;Hommes et Femmes;0.0;0.0;;23;75
2020;Nouvelle Aquitaine;Creuse;18-24 ans;Hommes et Femmes;0.0;0.0;;23;75
2020;Nouvelle Aquitaine;Creuse;45-64 ans;Hommes et Femmes;14.0;41.1;;23;75
2020;Nouvelle Aquitaine;Creuse;Tous;Hommes et Femmes;38.0;32.8;30.5;23;75
2021;Nouvelle Aquitaine;Creuse;18-24 ans;Hommes;0.0;0.0;;23;75
2021;Nouvelle Aquitaine;Creuse;25-44 ans;Hommes;2.5;23.5;;23;75
2021;Nouvelle Aquitaine;Creuse;45-64 ans;Hommes;2.5;15.0;;23;75
2021;Nouvelle Aquitaine;Creuse;65 ans et plus;Hommes;9.0;56.4;;23;75
2021;Nouvelle Aquitaine;Creuse;45-64 ans;Femmes;2.5;14.8;;23;75
2021;Nouvelle Aquitaine;Creuse;Tous;Femmes;6.0;10.1;9.1;23;75
2021;Nouvelle Aquitaine;Creuse;00-17 ans;Hommes et Femmes;0.0;0.0;;23;75
2021;Nouvelle Aquitaine;Creuse;18-24 ans;Hommes et Femmes;0.0;0.0;;23;75
2022;Nouvelle Aquitaine;Creuse;25-44 ans;Hommes;2.5;23.2;;23;75
2022;Nouvelle Aquitaine;Creuse;65 ans et plus;Hommes;13.0;80.6;;23;75
2022;Nouvelle Aquitaine;Creuse;Tous;Hommes;26.5;47.0;37.0;23;75
2022;Nouvelle Aquitaine;Creuse;45-64 ans;Hommes et Femmes;13.5;40.7;;23;75
2022;Nouvelle Aquitaine;Creuse;Tous;Hommes et Femmes;28.0;24.2;20.7;23;75
2023;Nouvelle Aquitaine;Creuse;00-17 ans;Hommes;0.0;0.0;;23;75
2023;Nouvelle Aquitaine;Creuse;25-44 ans;Hommes;2.5;23.1;;23;75
2023;Nouvelle Aquitaine;Creuse;65 ans et plus;Hommes;7.0;43.1;;23;75
2023;Nouvelle Aquitaine;Creuse;00-17 ans;Hommes et Femmes;0.0;0.0;;23;75
2023;Nouvelle Aquitaine;Creuse;18-24 ans;Hommes et Femmes;0.0;0.0;;23;75
2019;Nouvelle Aquitaine;Dordogne;18-24 ans;Hommes;2.5;19.7;;24;75
2019;Nouvelle Aquitaine;Dordogne;45-64 ans;Hommes;26.0;44.9;;24;75
2019;Nouvelle Aquitaine;Dordogne;65 ans et plus;Hommes;37.0;69.8;;24;75
2019;Nouvelle Aquitaine;Dordogne;00-17 ans;Femmes;2.5;7.2;;24;75
2019;Nouvelle Aquitaine;Dordogne;25-44 ans;Femmes;2.5;6.3;;24;75
2019;Nouvelle Aquitaine;Dordogne;45-64 ans;Femmes;6.0;9.8;;24;75
2019;Nouvelle Aquitaine;Dordogne;00-17 ans;Hommes et Femmes;2.5;3.5;;24;75
2019;Nouvelle Aquitaine;Dordogne;65 ans et plus;Hommes et Femmes;45.0;37.4;;24;75
2020;Nouvelle Aquitaine;Dordogne;25-44 ans;Hommes;2.5;6.5;;24;75
2020;Nouvelle Aquitaine;Dordogne;45-64 ans;Hommes;25.0;43.3;;24;75
2020;Nouvelle Aquitaine;Dordogne;00-17 ans;Femmes;0.0;0.0;;24;75
2020;Nouvelle Aquitaine;Dordogne;65 ans et plus;Femmes;5.0;7.4;;24;75
2020;Nouvelle Aquitaine;Dordogne;00-17 ans;Hommes et Femmes;0.0;0.0;;24;75
2020;Nouvelle Aquitaine;Dordogne;65 ans et plus;Hommes et Femmes;32.0;26.3;;24;75
2020;Nouvelle Aquitaine;Dordogne;Tous;Hommes et Femmes;80.5;19.5;17.1;24;75
2021;Nouvelle Aquitaine;Dordogne;18-24 ans;Hommes;2.5;19.5;;24;75
2021;Nouvelle Aquitaine;Dordogne;45-64 ans;Hommes;18.0;31.3;;24;75
2022;Nouvelle Aquitaine;Dordogne;18-24 ans;Hommes;2.5;20.3;;24;75
2022;Nouvelle Aquitaine;Dordogne;65 ans et plus;Hommes;38.0;68.3;;24;75
2022;Nouvelle Aquitaine;Dordogne;Tous;Hommes;63.5;31.6;26.4;24;75
2022;Nouvelle Aquitaine;Dordogne;00-17 ans;Femmes;0.0;0.0;;24;75
2022;Nouvelle Aquitaine;Dordogne;18-24 ans;Hommes et Femmes;2.5;10.7;;24;75
2022;Nouvelle Aquitaine;Dordogne;25-44 ans;Hommes et Femmes;8.5;10.8;;24;75
2022;Nouvelle Aquitaine;Dordogne;45-64 ans;Hommes et Femmes;25.0;21.1;;24;75
2023;Nouvelle Aquitaine;Dordogne;25-44 ans;Hommes;15.0;38.3;;24;75
2023;Nouvelle Aquitaine;Dordogne;45-64 ans;Hommes;19.0;33.4;;24;75
2023;Nouvelle Aquitaine;Dordogne;00-17 ans;Femmes;0.0;0.0;;24;75
2023;Nouvelle Aquitaine;Dordogne;45-64 ans;Femmes;8.0;13.2;;24;75
2023;Nouvelle Aquitaine;Dordogne;Tous;Femmes;20.5;9.5;8.5;24;75
2023;Nouvelle Aquitaine;Dordogne;00-17 ans;Hommes et Femmes;2.5;3.6;;24;75
2023;Nouvelle Aquitaine;Dordogne;45-64 ans;Hommes et Femmes;27.0;23.0;;24;75
2023;Nouvelle Aquitaine;Dordogne;Tous;Hommes et Femmes;90.5;21.7;19.5;24;75
2019;Bourgogne et Franche-Comté;Doubs;18-24 ans;Hommes;2.5;10.3;;25;27
2019;Bourgogne et Franche-Comté;Doubs;65 ans et plus;Hommes;16.0;34.2;;25;27
2019;Bourgogne et Franche-Comté;Doubs;Tous;Hommes;65.0;24.4;25.0;25;27
2019;Bourgogne et Franche-Comté;Doubs;25-44 ans;Femmes;5.0;7.5;;25;27
2019;Bourgogne et Franche-Comté;Doubs;65 ans et plus;Femmes;9.0;15.0;;25;27
2019;Bourgogne et Franche-Comté;Doubs;18-24 ans;Hommes et Femmes;2.5;5.2;;25;27
2019;Bourgogne et Franche-Comté;Doubs;65 ans et plus;Hommes et Femmes;25.0;23.4;;25;27
2019;Bourgogne et Franche-Comté;Doubs;Tous;Hommes et Femmes;88.0;16.2;16.5;25;27
2020;Bourgogne et Franche-Comté;Doubs;18-24 ans;Hommes;7.0;28.5;;25;27
2020;Bourgogne et Franche-Comté;Doubs;45-64 ans;Hommes;26.0;38.7;;25;27
2020;Bourgogne et Franche-Comté;Doubs;65 ans et plus;Hommes;12.0;25.2;;25;27
2020;Bourgogne et Franche-Comté;Doubs;18-24 ans;Femmes;0.0;0.0;;25;27
2020;Bourgogne et Franche-Comté;Doubs;00-17 ans;Hommes et Femmes;2.5;2.1;;25;27
2020;Bourgogne et Franche-Comté;Doubs;18-24 ans;Hommes et Femmes;7.0;14.6;;25;27
2020;Bourgogne et Franche-Comté;Doubs;25-44 ans;Hommes et Femmes;23.5;17.8;;25;27
2020;Bourgogne et Franche-Comté;Doubs;Tous;Hommes et Femmes;81.0;14.9;15.0;25;27
2021;Bourgogne et Franche-Comté;Doubs;00-17 ans;Hommes;0.0;0.0;;25;27
2021;Bourgogne et Franche-Comté;Doubs;18-24 ans;Hommes;6.0;24.4;;25;27
2021;Bourgogne et Franche-Comté;Doubs;65 ans et plus;Hommes;22.0;45.7;;25;27
2021;Bourgogne et Franche-Comté;Doubs;Tous;Hommes;73.0;27.2;27.7;25;27
2021;Bourgogne et Franche-Comté;Doubs;00-17 ans;Femmes;2.5;4.2;;25;27
2021;Bourgogne et Franche-Comté;Doubs;18-24 ans;Femmes;2.5;11.0;;25;27
2021;Bourgogne et Franche-Comté;Doubs;45-64 ans;Femmes;8.0;11.6;;25;27
2021;Bourgogne et Franche-Comté;Doubs;Tous;Femmes;22.0;7.9;8.0;25;27
2021;Bourgogne et Franche-Comté;Doubs;18-24 ans;Hommes et Femmes;8.5;18.0;;25;27
2021;Bourgogne et Franche-Comté;Doubs;45-64 ans;Hommes et Femmes;29.0;21.3;;25;27
2021;Bourgogne et Franche-Comté;Doubs;65 ans et plus;Hommes et Femmes;29.0;26.3;;25;27
2022;Bourgogne et Franche-Comté;Doubs;18-24 ans;Femmes;2.5;11.0;;25;27
2022;Bourgogne et Franche-Comté;Doubs;18-24 ans;Hommes et Femmes;7.5;15.8;;25;27
2022;Bourgogne et Franche-Comté;Doubs;65 ans et plus;Hommes et Femmes;14.5;13.0;;25;27
2022;Bourgogne et Franche-Comté;Doubs;Tous;Hommes et Femmes;89.5;16.3;16.2;25;27
2023;Bourgogne et Franche-Comté;Doubs;25-44 ans;Hommes;10.0;14.9;;25;27
2023;Bourgogne et Franche-Comté;Doubs;65 ans et plus;Hommes;21.0;42.5;;25;27
2023;Bourgogne et Franche-Comté;Doubs;00-17 ans;Femmes;0.0;0.0;;25;27
2023;Bourgogne et Franche-Comté;Doubs;18-24 ans;Femmes;2.5;10.8;;25;27
2023;Bourgogne et Franche-Comté;Doubs;25-44 ans;Femmes;6.0;8.9;;25;27
2023;Bourgogne et Franche-Comté;Doubs;65 ans et plus;Hommes et Femmes;27.0;23.9;;25;27
2023;Bourgogne et Franche-Comté;Doubs;Tous;Hommes et Femmes;78.0;14.2;13.9;25;27
2019;Auvergne et Rhône-Alpes;Drôme;25-44 ans;Hommes;6.0;10.5;;26;84
2019;Auvergne et Rhône-Alpes;Drôme;Tous;Hommes;41.5;16.6;15.7;26;84
2019;Auvergne et Rhône-Alpes;Drôme;Tous;Femmes;13.5;5.1;4.8;26;84
2019;Auvergne et Rhône-Alpes;Drôme;00-17 ans;Hommes et Femmes;0.0;0.0;;26;84
2019;Auvergne et Rhône-Alpes;Drôme;18-24 ans;Hommes et Femmes;2.5;7.1;;26;84
2020;Auvergne et Rhône-Alpes;Drôme;00-17 ans;Hommes;2.5;4.3;;26;84
2020;Auvergne et Rhône-Alpes;Drôme;18-24 ans;Femmes;0.0;0.0;;26;84
2020;Auvergne et Rhône-Alpes;Drôme;25-44 ans;Femmes;2.5;4.2;;26;84
2020;Auvergne et Rhône-Alpes;Drôme;Tous;Femmes;16.5;6.2;6.6;26;84
2020;Auvergne et Rhône-Alpes;Drôme;00-17 ans;Hommes et Femmes;2.5;2.2;;26;84
2020;Auvergne et Rhône-Alpes;Drôme;25-44 ans;Hommes et Femmes;15.5;13.3;;26;84
2020;Auvergne et Rhône-Alpes;Drôme;45-64 ans;Hommes et Femmes;29.0;21.1;;26;84
2020;Auvergne et Rhône-Alpes;Drôme;Tous;Hommes et Femmes;70.5;13.6;13.2;26;84
2021;Auvergne et Rhône-Alpes;Drôme;00-17 ans;Hommes;0.0;0.0;;26;84
2021;Auvergne et Rhône-Alpes;Drôme;00-17 ans;Femmes;0.0;0.0;;26;84
2021;Auvergne et Rhône-Alpes;Drôme;18-24 ans;Femmes;0.0;0.0;;26;84
2021;Auvergne et Rhône-Alpes;Drôme;45-64 ans;Femmes;8.0;11.3;;26;84
2021;Auvergne et Rhône-Alpes;Drôme;65 ans et plus;Femmes;7.0;10.6;;26;84
2021;Auvergne et Rhône-Alpes;Drôme;18-24 ans;Hommes et Femmes;2.5;7.0;;26;84
2021;Auvergne et Rhône-Alpes;Drôme;Tous;Hommes et Femmes;70.0;13.5;14.0;26;84
2022;Auvergne et Rhône-Alpes;Drôme;18-24 ans;Hommes;0.0;0.0;;26;84
2022;Auvergne et Rhône-Alpes;Drôme;25-44 ans;Hommes;11.0;18.9;;26;84
2022;Auvergne et Rhône-Alpes;Drôme;Tous;Hommes;47.0;18.6;18.2;26;84
2022;Auvergne et Rhône-Alpes;Drôme;45-64 ans;Femmes;8.0;11.4;;26;84
2022;Auvergne et Rhône-Alpes;Drôme;65 ans et plus;Femmes;8.0;12.0;;26;84
2022;Auvergne et Rhône-Alpes;Drôme;00-17 ans;Hommes et Femmes;0.0;0.0;;26;84
2022;Auvergne et Rhône-Alpes;Drôme;65 ans et plus;Hommes et Femmes;24.0;20.2;;26;84
2022;Auvergne et Rhône-Alpes;Drôme;Tous;Hommes et Femmes;65.5;12.6;12.0;26;84
2023;Auvergne et Rhône-Alpes;Drôme;25-44 ans;Hommes;11.0;18.8;;26;84
2023;Auvergne et Rhône-Alpes;Drôme;18-24 ans;Femmes;0.0;0.0;;26;84
2023;Auvergne et Rhône-Alpes;Drôme;Tous;Femmes;14.0;5.2;5.0;26;84
2023;Auvergne et Rhône-Alpes;Drôme;00-17 ans;Hommes et Femmes;2.5;2.3;;26;84
2023;Auvergne et Rhône-Alpes;Drôme;Tous;Hommes et Femmes;66.0;12.6;12.4;26;84
2019;Normandie;Eure;18-24 ans;Hommes;2.5;11.5;;27;28
2019;Normandie;Eure;25-44 ans;Hommes;15.0;22.0;;27;28
2019;Normandie;Eure;18-24 ans;Femmes;0.0;0.0;;27;28
2019;Normandie;Eure;65 ans et plus;Femmes;6.0;9.2;;27;28
2019;Normandie;Eure;25-44 ans;Hommes et Femmes;20.0;14.3;;27;28
2019;Normandie;Eure;Tous;Hommes et Femmes;76.5;12.8;13.1;27;28
2020;Normandie;Eure;65 ans et plus;Hommes;33.0;63.8;;27;28
2020;Normandie;Eure;18-24 ans;Femmes;0.0;0.0;;27;28
2020;Normandie;Eure;65 ans et plus;Hommes et Femmes;35.5;30.0;;27;28
2020;Normandie;Eure;Tous;Hommes et Femmes;103.5;17.3;17.3;27;28
2021;Normandie;Eure;25-44 ans;Hommes;7.0;10.3;;27;28
2021;Normandie;Eure;45-64 ans;Hommes;30.0;38.0;;27;28
2021;Normandie;Eure;00-17 ans;Femmes;0.0;0.0;;27;28
2021;Normandie;Eure;18-24 ans;Hommes et Femmes;0.0;0.0;;27;28
2022;Normandie;Eure;00-17 ans;Hommes;0.0;0.0;;27;28
2022;Normandie;Eure;45-64 ans;Hommes;28.0;35.5;;27;28
2022;Normandie;Eure;65 ans et plus;Hommes;30.0;55.8;;27;28
2022;Normandie;Eure;Tous;Hommes;77.5;26.4;26.5;27;28
2022;Normandie;Eure;Tous;Femmes;18.5;6.0;6.9;27;28
2022;Normandie;Eure;25-44 ans;Hommes et Femmes;19.5;14.0;;27;28
2023;Normandie;Eure;18-24 ans;Hommes;2.5;11.3;;27;28
2023;Normandie;Eure;45-64 ans;Femmes;2.5;3.1;;27;28
2023;Normandie;Eure;65 ans et plus;Femmes;5.0;7.1;;27;28
2023;Normandie;Eure;Tous;Femmes;13.0;4.2;4.7;27;28
2023;Normandie;Eure;18-24 ans;Hommes et Femmes;2.5;6.0;;27;28
2023;Normandie;Eure;65 ans et plus;Hommes et Femmes;25.0;20.0;;27;28
2019;Centre-Val de Loire;Eure-et-Loir;18-24 ans;Hommes;2.5;16.6;;28;24
2019;Centre-Val de Loire;Eure-et-Loir;25-44 ans;Hommes;12.0;24.5;;28;24
2019;Centre-Val de Loire;Eure-et-Loir;65 ans et plus;Hommes;22.0;56.3;;28;24
2019;Centre-Val de Loire;Eure-et-Loir;00-17 ans;Femmes;2.5;5.1;;28;24
2019;Centre-Val de Loire;Eure-et-Loir;65 ans et plus;Femmes;5.0;10.1;;28;24
2019;Centre-Val de Loire;Eure-et-Loir;18-24 ans;Hommes et Femmes;2.5;8.7;;28;24
2019;Centre-Val de Loire;Eure-et-Loir;65 ans et plus;Hommes et Femmes;27.0;30.5;;28;24
2019;Centre-Val de Loire;Eure-et-Loir;Tous;Hommes et Femmes;67.5;15.6;14.7;28;24
2020;Centre-Val de Loire;Eure-et-Loir;18-24 ans;Hommes;2.5;16.6;;28;24
2020;Centre-Val de Loire;Eure-et-Loir;65 ans et plus;Hommes;22.0;55.4;;28;24
2020;Centre-Val de Loire;Eure-et-Loir;18-24 ans;Femmes;0.0;0.0;;28;24
2020;Centre-Val de Loire;Eure-et-Loir;18-24 ans;Hommes et Femmes;2.5;8.7;;28;24
2020;Centre-Val de Loire;Eure-et-Loir;65 ans et plus;Hommes et Femmes;28.0;31.2;;28;24
2020;Centre-Val de Loire;Eure-et-Loir;Tous;Hommes et Femmes;64.0;14.8;14.8;28;24
2021;Centre-Val de Loire;Eure-et-Loir;65 ans et plus;Hommes;17.0;42.2;;28;24
2021;Centre-Val de Loire;Eure-et-Loir;00-17 ans;Femmes;0.0;0.0;;28;24
2021;Centre-Val de Loire;Eure-et-Loir;25-44 ans;Femmes;2.5;5.0;;28;24
2021;Centre-Val de Loire;Eure-et-Loir;45-64 ans;Femmes;2.5;4.3;;28;24
2021;Centre-Val de Loire;Eure-et-Loir;25-44 ans;Hommes et Femmes;7.5;7.6;;28;24
2021;Centre-Val de Loire;Eure-et-Loir;65 ans et plus;Hommes et Femmes;19.5;21.4;;28;24
2022;Centre-Val de Loire;Eure-et-Loir;00-17 ans;Hommes;0.0;0.0;;28;24
2022;Centre-Val de Loire;Eure-et-Loir;25-44 ans;Hommes;2.5;5.2;;28;24
2022;Centre-Val de Loire;Eure-et-Loir;45-64 ans;Hommes;17.0;30.1;;28;24
2022;Centre-Val de Loire;Eure-et-Loir;Tous;Hommes;34.0;16.1;15.9;28;24
2022;Centre-Val de Loire;Eure-et-Loir;18-24 ans;Femmes;0.0;0.0;;28;24
2023;Centre-Val de Loire;Eure-et-Loir;18-24 ans;Hommes;0.0;0.0;;28;24
2023;Centre-Val de Loire;Eure-et-Loir;45-64 ans;Hommes;22.0;39.1;;28;24
2023;Centre-Val de Loire;Eure-et-Loir;65 ans et plus;Hommes;10.0;24.2;;28;24
2023;Centre-Val de Loire;Eure-et-Loir;Tous;Hommes;41.5;19.6;19.1;28;24
2023;Centre-Val de Loire;Eure-et-Loir;00-17 ans;Femmes;0.0;0.0;;28;24
2023;Centre-Val de Loire;Eure-et-Loir;18-24 ans;Femmes;0.0;0.0;;28;24
2023;Centre-Val de Loire;Eure-et-Loir;65 ans et plus;Femmes;7.0;13.3;;28;24
2019;Bretagne;Finistère;18-24 ans;Hommes;2.5;6.8;;29;53
2019;Bretagne;Finistère;Tous;Hommes;152.0;34.2;33.5;29;53
2019;Bretagne;Finistère;18-24 ans;Femmes;2.5;7.5;;29;53
2019;Bretagne;Finistère;45-64 ans;Femmes;21.0;16.6;;29;53
2019;Bretagne;Finistère;45-64 ans;Hommes et Femmes;81.0;32.3;;29;53
2020;Bretagne;Finistère;00-17 ans;Hommes;2.5;2.7;;29;53
2020;Bretagne;Finistère;18-24 ans;Hommes;5.0;13.6;;29;53
2020;Bretagne;Finistère;25-44 ans;Hommes;41.0;40.9;;29;53
2020;Bretagne;Finistère;45-64 ans;Femmes;23.0;18.2;;29;53
2020;Bretagne;Finistère;45-64 ans;Hommes et Femmes;69.0;27.6;;29;53
2020;Bretagne;Finistère;Tous;Hommes et Femmes;177.5;19.4;19.1;29;53
2021;Bretagne;Finistère;00-17 ans;Hommes;2.5;2.7;;29;53
2021;Bretagne;Finistère;25-44 ans;Hommes;29.0;28.8;;29;53
2021;Bretagne;Finistère;65 ans et plus;Hommes;40.0;42.6;;29;53
2021;Bretagne;Finistère;Tous;Hommes;126.5;28.2;27.2;29;53
2021;Bretagne;Finistère;00-17 ans;Femmes;2.5;2.8;;29;53
2021;Bretagne;Finistère;25-44 ans;Femmes;8.0;8.1;;29;53
2021;Bretagne;Finistère;45-64 ans;Hommes et Femmes;63.0;25.2;;29;53
2021;Bretagne;Finistère;65 ans et plus;Hommes et Femmes;55.0;24.8;;29;53
2022;Bretagne;Finistère;45-64 ans;Hommes;60.0;48.4;;29;53
2022;Bretagne;Finistère;25-44 ans;Femmes;10.0;10.0;;29;53
2023;Bretagne;Finistère;65 ans et plus;Hommes;55.0;55.7;;29;53
2023;Bretagne;Finistère;Tous;Hommes;159.0;35.0;33.4;29;53
2023;Bretagne;Finistère;18-24 ans;Femmes;2.5;7.6;;29;53
2023;Bretagne;Finistère;25-44 ans;Femmes;9.0;8.9;;29;53
2023;Bretagne;Finistère;45-64 ans;Femmes;16.0;12.8;;29;53
2023;Bretagne;Finistère;18-24 ans;Hommes et Femmes;7.5;10.8;;29;53
2019;Corse;Corse-du-Sud;18-24 ans;Hommes;0.0;0.0;;2A;94
2019;Corse;Corse-du-Sud;65 ans et plus;Hommes;2.5;14.7;;2A;94
2019;Corse;Corse-du-Sud;Tous;Hommes;8.0;10.5;10.7;2A;94
2019;Corse;Corse-du-Sud;00-17 ans;Femmes;0.0;0.0;;2A;94
2019;Corse;Corse-du-Sud;45-64 ans;Femmes;2.5;11.2;;2A;94
2019;Corse;Corse-du-Sud;65 ans et plus;Femmes;2.5;11.8;;2A;94
2019;Corse;Corse-du-Sud;Tous;Femmes;6.0;7.3;7.5;2A;94
2019;Corse;Corse-du-Sud;25-44 ans;Hommes et Femmes;2.5;6.6;;2A;94
2019;Corse;Corse-du-Sud;Tous;Hommes et Femmes;14.0;8.8;9.0;2A;94
2020;Corse;Corse-du-Sud;18-24 ans;Hommes;0.0;0.0;;2A;94
2020;Corse;Corse-du-Sud;Tous;Hommes;11.0;14.1;13.4;2A;94
2020;Corse;Corse-du-Sud;25-44 ans;Femmes;2.5;12.4;;2A;94
2020;Corse;Corse-du-Sud;25-44 ans;Hommes et Femmes;5.0;13.0;;2A;94
2020;Corse;Corse-du-Sud;65 ans et plus;Hommes et Femmes;2.5;6.4;;2A;94
2020;Corse;Corse-du-Sud;Tous;Hommes et Femmes;15.0;9.3;8.9;2A;94
2021;Corse;Corse-du-Sud;00-17 ans;Hommes;0.0;0.0;;2A;94
2021;Corse;Corse-du-Sud;18-24 ans;Hommes;0.0;0.0;;2A;94
2021;Corse;Corse-du-Sud;65 ans et plus;Hommes;12.0;66.2;;2A;94
2021;Corse;Corse-du-Sud;25-44 ans;Femmes;0.0;0.0;;2A;94
2021;Corse;Corse-du-Sud;00-17 ans;Hommes et Femmes;0.0;0.0;;2A;94
2021;Corse;Corse-du-Sud;18-24 ans;Hommes et Femmes;0.0;0.0;;2A;94
2021;Corse;Corse-du-Sud;45-64 ans;Hommes et Femmes;13.5;30.5;;2A;94
2021;Corse;Corse-du-Sud;Tous;Hommes et Femmes;30.5;18.7;17.1;2A;94
2022;Corse;Corse-du-Sud;18-24 ans;Hommes;0.0;0.0;;2A;94
2022;Corse;Corse-du-Sud;65 ans et plus;Hommes;2.5;13.7;;2A;94
2022;Corse;Corse-du-Sud;Tous;Femmes;2.5;2.9;6.1;2A;94
2022;Corse;Corse-du-Sud;25-44 ans;Hommes et Femmes;2.5;6.2;;2A;94
2023;Corse;Corse-du-Sud;25-44 ans;Hommes;2.5;12.9;;2A;94
2023;Corse;Corse-du-Sud;65 ans et plus;Hommes;5.0;26.9;;2A;94
2023;Corse;Corse-du-Sud;25-44 ans;Femmes;2.5;11.6;;2A;94
2023;Corse;Corse-du-Sud;45-64 ans;Femmes;2.5;11.1;;2A;94
2023;Corse;Corse-du-Sud;Tous;Femmes;5.0;5.7;5.5;2A;94
2023;Corse;Corse-du-Sud;18-24 ans;Hommes et Femmes;0.0;0.0;;2A;94
2023;Corse;Corse-du-Sud;65 ans et plus;Hommes et Femmes;7.5;18.1;;2A;94
2019;Corse;Haute-Corse;00-17 ans;Hommes;0.0;0.0;;2B;94
2019;Corse;Haute-Corse;25-44 ans;Hommes;0.0;0.0;;2B;94
2019;Corse;Haute-Corse;18-24 ans;Femmes;0.0;0.0;;2B;94
2019;Corse;Haute-Corse;65 ans et plus;Femmes;2.5;10.8;;2B;94
2019;Corse;Haute-Corse;00-17 ans;Hommes et Femmes;0.0;0.0;;2B;94
2019;Corse;Haute-Corse;18-24 ans;Hommes et Femmes;2.5;18.7;;2B;94
2019;Corse;Haute-Corse;65 ans et plus;Hommes et Femmes;9.5;22.5;;2B;94
2019;Corse;Haute-Corse;Tous;Hommes et Femmes;14.5;8.0;7.2;2B;94
2020;Corse;Haute-Corse;25-44 ans;Hommes;6.0;27.8;;2B;94
2020;Corse;Haute-Corse;45-64 ans;Hommes;9.0;37.2;;2B;94
2020;Corse;Haute-Corse;00-17 ans;Femmes;0.0;0.0;;2B;94
2020;Corse;Haute-Corse;45-64 ans;Femmes;0.0;0.0;;2B;94
2020;Corse;Haute-Corse;Tous;Femmes;2.5;2.7;2.0;2B;94
2020;Corse;Haute-Corse;18-24 ans;Hommes et Femmes;0.0;0.0;;2B;94
2020;Corse;Haute-Corse;65 ans et plus;Hommes et Femmes;11.5;26.6;;2B;94
2021;Corse;Haute-Corse;00-17 ans;Hommes;0.0;0.0;;2B;94
2021;Corse;Haute-Corse;Tous;Hommes;2.5;2.8;4.3;2B;94
2021;Corse;Haute-Corse;00-17 ans;Femmes;0.0;0.0;;2B;94
2021;Corse;Haute-Corse;18-24 ans;Femmes;0.0;0.0;;2B;94
2021;Corse;Haute-Corse;Tous;Femmes;5.0;5.3;6.3;2B;94
2022;Corse;Haute-Corse;00-17 ans;Hommes;0.0;0.0;;2B;94
2022;Corse;Haute-Corse;25-44 ans;Hommes;7.0;32.6;;2B;94
2022;Corse;Haute-Corse;45-64 ans;Hommes;10.0;40.7;;2B;94
2022;Corse;Haute-Corse;00-17 ans;Femmes;0.0;0.0;;2B;94
2022;Corse;Haute-Corse;45-64 ans;Femmes;2.5;9.7;;2B;94
2022;Corse;Haute-Corse;Tous;Femmes;6.0;6.3;5.9;2B;94
2022;Corse;Haute-Corse;18-24 ans;Hommes et Femmes;0.0;0.0;;2B;94
2022;Corse;Haute-Corse;45-64 ans;Hommes et Femmes;12.5;24.8;;2B;94
2023;Corse;Haute-Corse;00-17 ans;Hommes;0.0;0.0;;2B;94
2023;Corse;Haute-Corse;65 ans et plus;Hommes;6.0;28.4;;2B;94
2023;Corse;Haute-Corse;Tous;Hommes;13.5;14.9;14.0;2B;94
2023;Corse;Haute-Corse;18-24 ans;Femmes;0.0;0.0;;2B;94
2023;Corse;Haute-Corse;00-17 ans;Hommes et Femmes;0.0;0.0;;2B;94
2019;Occitanie;Gard;65 ans et plus;Hommes;27.0;35.4;;30;76
2019;Occitanie;Gard;45-64 ans;Femmes;10.0;9.4;;30;76
2019;Occitanie;Gard;00-17 ans;Hommes et Femmes;2.5;1.6;;30;76
2020;Occitanie;Gard;18-24 ans;Hommes;2.5;8.6;;30;76
2020;Occitanie;Gard;45-64 ans;Hommes;31.0;31.5;;30;76
2020;Occitanie;Gard;65 ans et plus;Hommes;20.0;25.6;;30;76
2020;Occitanie;Gard;00-17 ans;Femmes;0.0;0.0;;30;76
2020;Occitanie;Gard;25-44 ans;Femmes;2.5;3.0;;30;76
2020;Occitanie;Gard;45-64 ans;Hommes et Femmes;43.0;21.0;;30;76
2020;Occitanie;Gard;65 ans et plus;Hommes et Femmes;25.0;14.1;;30;76
2021;Occitanie;Gard;00-17 ans;Femmes;2.5;3.3;;30;76
2021;Occitanie;Gard;45-64 ans;Femmes;9.0;8.5;;30;76
2021;Occitanie;Gard;65 ans et plus;Femmes;5.0;4.9;;30;76
2021;Occitanie;Gard;Tous;Femmes;19.0;4.9;4.7;30;76
2021;Occitanie;Gard;45-64 ans;Hommes et Femmes;37.0;18.1;;30;76
2021;Occitanie;Gard;65 ans et plus;Hommes et Femmes;35.0;19.3;;30;76
2022;Occitanie;Gard;25-44 ans;Hommes;18.0;22.6;;30;76
2022;Occitanie;Gard;18-24 ans;Femmes;2.5;9.5;;30;76
2022;Occitanie;Gard;25-44 ans;Femmes;6.0;7.1;;30;76
2022;Occitanie;Gard;45-64 ans;Femmes;7.0;6.6;;30;76
2022;Occitanie;Gard;65 ans et plus;Femmes;16.0;15.5;;30;76
2022;Occitanie;Gard;65 ans et plus;Hommes et Femmes;51.0;27.6;;30;76
2023;Occitanie;Gard;00-17 ans;Hommes;0.0;0.0;;30;76
2023;Occitanie;Gard;45-64 ans;Hommes;24.0;24.3;;30;76
2023;Occitanie;Gard;18-24 ans;Femmes;0.0;0.0;;30;76
2023;Occitanie;Gard;65 ans et plus;Femmes;12.0;11.4;;30;76
2023;Occitanie;Gard;Tous;Femmes;28.5;7.2;6.8;30;76
2023;Occitanie;Gard;18-24 ans;Hommes et Femmes;2.5;4.5;;30;76
2023;Occitanie;Gard;25-44 ans;Hommes et Femmes;23.0;13.9;;30;76
2023;Occitanie;Gard;45-64 ans;Hommes et Femmes;32.0;15.7;;30;76
2023;Occitanie;Gard;Tous;Hommes et Femmes;102.0;13.3;12.8;30;76
2019;Occitanie;Haute-Garonne;18-24 ans;Hommes;2.5;3.5;;31;76
2019;Occitanie;Haute-Garonne;45-64 ans;Hommes;46.0;27.3;;31;76
2019;Occitanie;Haute-Garonne;65 ans et plus;Hommes;22.0;22.0;;31;76
2019;Occitanie;Haute-Garonne;Tous;Hommes;96.0;14.1;14.8;31;76
2019;Occitanie;Haute-Garonne;25-44 ans;Femmes;10.0;5.2;;31;76
2019;Occitanie;Haute-Garonne;45-64 ans;Femmes;12.0;6.8;;31;76
2019;Occitanie;Haute-Garonne;65 ans et plus;Femmes;9.0;6.7;;31;76
2019;Occitanie;Haute-Garonne;00-17 ans;Hommes et Femmes;2.5;0.8;;31;76
2019;Occitanie;Haute-Garonne;18-24 ans;Hommes et Femmes;2.5;1.7;;31;76
2020;Occitanie;Haute-Garonne;Tous;Hommes;105.5;15.3;16.0;31;76
2020;Occitanie;Haute-Garonne;18-24 ans;Femmes;2.5;3.4;;31;76
2020;Occitanie;Haute-Garonne;25-44 ans;Femmes;2.5;1.3;;31;76
2020;Occitanie;Haute-Garonne;45-64 ans;Femmes;18.0;10.2;;31;76
2020;Occitanie;Haute-Garonne;18-24 ans;Hommes et Femmes;12.5;8.7;;31;76
2020;Occitanie;Haute-Garonne;45-64 ans;Hommes et Femmes;42.0;12.1;;31;76
2021;Occitanie;Haute-Garonne;00-17 ans;Hommes;2.5;1.6;;31;76
2021;Occitanie;Haute-Garonne;18-24 ans;Hommes;2.5;3.5;;31;76
2021;Occitanie;Haute-Garonne;18-24 ans;Femmes;2.5;3.4;;31;76
2021;Occitanie;Haute-Garonne;45-64 ans;Femmes;8.0;4.5;;31;76
2021;Occitanie;Haute-Garonne;25-44 ans;Hommes et Femmes;34.0;8.6;;31;76
2021;Occitanie;Haute-Garonne;45-64 ans;Hommes et Femmes;49.0;14.0;;31;76
2022;Occitanie;Haute-Garonne;00-17 ans;Hommes;2.5;1.6;;31;76
2022;Occitanie;Haute-Garonne;00-17 ans;Femmes;2.5;1.7;;31;76
2022;Occitanie;Haute-Garonne;65 ans et plus;Femmes;15.0;10.5;;31;76
2022;Occitanie;Haute-Garonne;18-24 ans;Hommes et Femmes;12.0;8.1;;31;76
2022;Occitanie;Haute-Garonne;45-64 ans;Hommes et Femmes;43.0;12.2;;31;76
2023;Occitanie;Haute-Garonne;00-17 ans;Hommes;2.5;1.6;;31;76
2023;Occitanie;Haute-Garonne;18-24 ans;Hommes;2.5;3.3;;31;76
2023;Occitanie;Haute-Garonne;25-44 ans;Hommes;30.0;14.7;;31;76
2023;Occitanie;Haute-Garonne;45-64 ans;Hommes;32.0;18.3;;31;76
2023;Occitanie;Haute-Garonne;25-44 ans;Femmes;11.0;5.4;;31;76
2023;Occitanie;Haute-Garonne;Tous;Femmes;46.0;6.1;6.2;31;76
2023;Occitanie;Haute-Garonne;25-44 ans;Hommes et Femmes;41.0;10.0;;31;76
2023;Occitanie;Haute-Garonne;65 ans et plus;Hommes et Femmes;58.0;22.8;;31;76
2023;Occitanie;Haute-Garonne;Tous;Hommes et Femmes;158.0;10.7;11.3;31;76
2019;Occitanie;Gers;45-64 ans;Hommes;2.5;9.1;;32;76
2019;Occitanie;Gers;18-24 ans;Femmes;0.0;0.0;;32;76
2019;Occitanie;Gers;45-64 ans;Femmes;2.5;8.8;;32;76
2019;Occitanie;Gers;45-64 ans;Hommes et Femmes;2.5;4.5;;32;76
2019;Occitanie;Gers;65 ans et plus;Hommes et Femmes;9.5;17.9;;32;76
2020;Occitanie;Gers;65 ans et plus;Hommes;11.0;45.2;;32;76
2020;Occitanie;Gers;Tous;Hommes;18.5;19.8;19.0;32;76
2020;Occitanie;Gers;18-24 ans;Femmes;0.0;0.0;;32;76
2020;Occitanie;Gers;Tous;Femmes;2.5;2.5;3.8;32;76
2020;Occitanie;Gers;25-44 ans;Hommes et Femmes;2.5;6.9;;32;76
2021;Occitanie;Gers;00-17 ans;Hommes;0.0;0.0;;32;76
2021;Occitanie;Gers;18-24 ans;Hommes;2.5;42.1;;32;76
2021;Occitanie;Gers;25-44 ans;Hommes;5.0;28.1;;32;76
2021;Occitanie;Gers;18-24 ans;Hommes et Femmes;2.5;22.5;;32;76
2021;Occitanie;Gers;25-44 ans;Hommes et Femmes;5.0;13.8;;32;76
2021;Occitanie;Gers;45-64 ans;Hommes et Femmes;9.5;17.0;;32;76
2021;Occitanie;Gers;65 ans et plus;Hommes et Femmes;15.5;28.5;;32;76
2022;Occitanie;Gers;00-17 ans;Hommes;0.0;0.0;;32;76
2022;Occitanie;Gers;25-44 ans;Hommes;2.5;13.9;;32;76
2022;Occitanie;Gers;45-64 ans;Hommes;14.0;51.6;;32;76
2022;Occitanie;Gers;65 ans et plus;Hommes;6.0;24.0;;32;76
2022;Occitanie;Gers;25-44 ans;Femmes;0.0;0.0;;32;76
2022;Occitanie;Gers;Tous;Femmes;2.5;2.5;7.6;32;76
2022;Occitanie;Gers;00-17 ans;Hommes et Femmes;0.0;0.0;;32;76
2022;Occitanie;Gers;45-64 ans;Hommes et Femmes;16.5;29.8;;32;76
2022;Occitanie;Gers;Tous;Hommes et Femmes;25.0;13.0;14.5;32;76
2023;Occitanie;Gers;00-17 ans;Hommes;0.0;0.0;;32;76
2023;Occitanie;Gers;25-44 ans;Hommes;2.5;13.9;;32;76
2023;Occitanie;Gers;65 ans et plus;Hommes;11.0;43.5;;32;76
2023;Occitanie;Gers;45-64 ans;Femmes;7.0;24.9;;32;76
2023;Occitanie;Gers;Tous;Femmes;9.0;9.1;9.5;32;76
2023;Occitanie;Gers;Tous;Hommes et Femmes;39.0;20.2;18.3;32;76
2019;Nouvelle Aquitaine;Gironde;00-17 ans;Hommes;2.5;1.5;;33;75
2019;Nouvelle Aquitaine;Gironde;25-44 ans;Femmes;9.0;4.3;;33;75
2019;Nouvelle Aquitaine;Gironde;25-44 ans;Hommes et Femmes;45.0;10.9;;33;75
2020;Nouvelle Aquitaine;Gironde;00-17 ans;Hommes;2.5;1.5;;33;75
2020;Nouvelle Aquitaine;Gironde;18-24 ans;Hommes;2.5;3.4;;33;75
2020;Nouvelle Aquitaine;Gironde;25-44 ans;Hommes;23.0;11.3;;33;75
2020;Nouvelle Aquitaine;Gironde;Tous;Hommes;122.0;15.6;16.0;33;75
2020;Nouvelle Aquitaine;Gironde;18-24 ans;Femmes;2.5;3.3;;33;75
2021;Nouvelle Aquitaine;Gironde;18-24 ans;Hommes;5.0;6.8;;33;75
2021;Nouvelle Aquitaine;Gironde;25-44 ans;Hommes;26.0;12.6;;33;75
2021;Nouvelle Aquitaine;Gironde;00-17 ans;Femmes;2.5;1.5;;33;75
2021;Nouvelle Aquitaine;Gironde;18-24 ans;Femmes;2.5;3.4;;33;75
2021;Nouvelle Aquitaine;Gironde;25-44 ans;Femmes;7.0;3.2;;33;75
2021;Nouvelle Aquitaine;Gironde;65 ans et plus;Femmes;15.0;8.0;;33;75
2021;Nouvelle Aquitaine;Gironde;18-24 ans;Hommes et Femmes;7.5;5.1;;33;75
2021;Nouvelle Aquitaine;Gironde;25-44 ans;Hommes et Femmes;33.0;7.8;;33;75
2021;Nouvelle Aquitaine;Gironde;45-64 ans;Hommes et Femmes;68.0;16.2;;33;75
2021;Nouvelle Aquitaine;Gironde;65 ans et plus;Hommes et Femmes;69.0;21.0;;33;75
2022;Nouvelle Aquitaine;Gironde;25-44 ans;Hommes;19.0;9.0;;33;75
2022;Nouvelle Aquitaine;Gironde;Tous;Hommes;121.0;15.1;15.3;33;75
2022;Nouvelle Aquitaine;Gironde;18-24 ans;Femmes;2.5;3.3;;33;75
2022;Nouvelle Aquitaine;Gironde;25-44 ans;Femmes;7.0;3.2;;33;75
2022;Nouvelle Aquitaine;Gironde;18-24 ans;Hommes et Femmes;8.0;5.3;;33;75
2022;Nouvelle Aquitaine;Gironde;Tous;Hommes et Femmes;152.5;9.1;9.2;33;75
2023;Nouvelle Aquitaine;Gironde;Tous;Hommes;138.0;17.0;17.1;33;75
2023;Nouvelle Aquitaine;Gironde;00-17 ans;Femmes;0.0;0.0;;33;75
2023;Nouvelle Aquitaine;Gironde;18-24 ans;Femmes;2.5;3.3;;33;75
2023;Nouvelle Aquitaine;Gironde;25-44 ans;Femmes;11.0;4.9;;33;75
2023;Nouvelle Aquitaine;Gironde;45-64 ans;Femmes;18.0;8.2;;33;75
2023;Nouvelle Aquitaine;Gironde;45-64 ans;Hommes et Femmes;69.0;16.2;;33;75
2023;Nouvelle Aquitaine;Gironde;Tous;Hommes et Femmes;185.5;11.0;11.0;33;75
2019;Occitanie;Hérault;65 ans et plus;Hommes;32.0;29.0;;34;76
2019;Occitanie;Hérault;25-44 ans;Femmes;6.0;4.2;;34;76
2019;Occitanie;Hérault;45-64 ans;Femmes;21.0;13.6;;34;76
2019;Occitanie;Hérault;Tous;Femmes;51.5;8.4;8.1;34;76
2019;Occitanie;Hérault;00-17 ans;Hommes et Femmes;2.5;1.1;;34;76
2020;Occitanie;Hérault;45-64 ans;Hommes;37.0;26.2;;34;76
2020;Occitanie;Hérault;Tous;Hommes;102.0;18.0;17.7;34;76
2020;Occitanie;Hérault;18-24 ans;Femmes;2.5;4.6;;34;76
2020;Occitanie;Hérault;25-44 ans;Femmes;6.0;4.1;;34;76
2021;Occitanie;Hérault;18-24 ans;Hommes;2.5;4.7;;34;76
2021;Occitanie;Hérault;25-44 ans;Hommes;15.0;10.8;;34;76
2021;Occitanie;Hérault;65 ans et plus;Hommes;34.0;29.4;;34;76
2021;Occitanie;Hérault;Tous;Hommes;85.5;14.9;14.7;34;76
2021;Occitanie;Hérault;45-64 ans;Femmes;12.0;7.7;;34;76
2021;Occitanie;Hérault;45-64 ans;Hommes et Femmes;46.0;15.4;;34;76
2021;Occitanie;Hérault;65 ans et plus;Hommes et Femmes;50.0;18.7;;34;76
2022;Occitanie;Hérault;25-44 ans;Hommes;29.0;20.4;;34;76
2022;Occitanie;Hérault;18-24 ans;Femmes;2.5;4.5;;34;76
2022;Occitanie;Hérault;18-24 ans;Hommes et Femmes;9.5;8.7;;34;76
2022;Occitanie;Hérault;25-44 ans;Hommes et Femmes;36.0;12.3;;34;76
2022;Occitanie;Hérault;Tous;Hommes et Femmes;165.5;13.6;13.3;34;76
2023;Occitanie;Hérault;45-64 ans;Hommes;42.0;29.0;;34;76
2023;Occitanie;Hérault;Tous;Hommes;125.5;21.4;20.8;34;76
2023;Occitanie;Hérault;18-24 ans;Femmes;5.0;8.7;;34;76
2023;Occitanie;Hérault;25-44 ans;Femmes;9.0;5.9;;34;76
2023;Occitanie;Hérault;00-17 ans;Hommes et Femmes;2.5;1.0;;34;76
2023;Occitanie;Hérault;18-24 ans;Hommes et Femmes;14.0;12.6;;34;76
2023;Occitanie;Hérault;45-64 ans;Hommes et Femmes;59.0;19.5;;34;76
2023;Occitanie;Hérault;65 ans et plus;Hommes et Femmes;54.0;19.4;;34;76
2019;Bretagne;Ille-et-Vilaine;18-24 ans;Hommes;7.0;13.6;;35;53
2019;Bretagne;Ille-et-Vilaine;45-64 ans;Hommes;62.0;46.5;;35;53
2019;Bretagne;Ille-et-Vilaine;18-24 ans;Femmes;2.5;4.9;;35;53
2019;Bretagne;Ille-et-Vilaine;45-64 ans;Femmes;22.0;16.3;;35;53
2019;Bretagne;Ille-et-Vilaine;Tous;Femmes;45.5;8.2;8.4;35;53
2019;Bretagne;Ille-et-Vilaine;00-17 ans;Hommes et Femmes;0.0;0.0;;35;53
2020;Bretagne;Ille-et-Vilaine;65 ans et plus;Hommes;46.0;53.9;;35;53
2020;Bretagne;Ille-et-Vilaine;Tous;Hommes;141.0;26.5;27.9;35;53
2020;Bretagne;Ille-et-Vilaine;45-64 ans;Femmes;15.0;11.0;;35;53
2020;Bretagne;Ille-et-Vilaine;65 ans et plus;Femmes;21.0;18.3;;35;53
2020;Bretagne;Ille-et-Vilaine;45-64 ans;Hommes et Femmes;65.0;24.0;;35;53
2021;Bretagne;Ille-et-Vilaine;00-17 ans;Hommes;2.5;2.0;;35;53
2021;Bretagne;Ille-et-Vilaine;65 ans et plus;Hommes;41.0;47.3;;35;53
2021;Bretagne;Ille-et-Vilaine;Tous;Hommes;153.5;28.6;29.6;35;53
2021;Bretagne;Ille-et-Vilaine;25-44 ans;Femmes;11.0;8.0;;35;53
2021;Bretagne;Ille-et-Vilaine;65 ans et plus;Hommes et Femmes;56.0;27.6;;35;53
2022;Bretagne;Ille-et-Vilaine;18-24 ans;Hommes;2.5;4.7;;35;53
2022;Bretagne;Ille-et-Vilaine;25-44 ans;Hommes;35.0;25.1;;35;53
2022;Bretagne;Ille-et-Vilaine;45-64 ans;Hommes;65.0;47.9;;35;53
2022;Bretagne;Ille-et-Vilaine;65 ans et plus;Hommes;36.0;40.7;;35;53
2022;Bretagne;Ille-et-Vilaine;18-24 ans;Femmes;2.5;4.8;;35;53
2022;Bretagne;Ille-et-Vilaine;65 ans et plus;Femmes;10.0;8.5;;35;53
2022;Bretagne;Ille-et-Vilaine;Tous;Femmes;36.0;6.3;6.5;35;53
2022;Bretagne;Ille-et-Vilaine;00-17 ans;Hommes et Femmes;2.5;1.0;;35;53
2022;Bretagne;Ille-et-Vilaine;25-44 ans;Hommes et Femmes;44.0;15.7;;35;53
2022;Bretagne;Ille-et-Vilaine;45-64 ans;Hommes et Femmes;77.0;28.2;;35;53
2022;Bretagne;Ille-et-Vilaine;Tous;Hommes et Femmes;176.5;15.9;16.3;35;53
2023;Bretagne;Ille-et-Vilaine;00-17 ans;Hommes;2.5;2.0;;35;53
2023;Bretagne;Ille-et-Vilaine;45-64 ans;Hommes;55.0;40.3;;35;53
2023;Bretagne;Ille-et-Vilaine;18-24 ans;Femmes;2.5;4.7;;35;53
2023;Bretagne;Ille-et-Vilaine;00-17 ans;Hommes et Femmes;2.5;1.0;;35;53
2023;Bretagne;Ille-et-Vilaine;18-24 ans;Hommes et Femmes;10.5;9.9;;35;53
2023;Bretagne;Ille-et-Vilaine;25-44 ans;Hommes et Femmes;42.0;14.8;;35;53
2023;Bretagne;Ille-et-Vilaine;45-64 ans;Hommes et Femmes;71.0;25.9;;35;53
2023;Bretagne;Ille-et-Vilaine;Tous;Hommes et Femmes;183.0;16.4;16.9;35;53
2019;Centre-Val de Loire;Indre;25-44 ans;Hommes;5.0;24.0;;36;24
2019;Centre-Val de Loire;Indre;Tous;Hommes;36.0;34.0;29.5;36;24
2019;Centre-Val de Loire;Indre;18-24 ans;Femmes;0.0;0.0;;36;24
2019;Centre-Val de Loire;Indre;65 ans et plus;Femmes;7.0;20.1;;36;24
2019;Centre-Val de Loire;Indre;25-44 ans;Hommes et Femmes;7.5;17.8;;36;24
2020;Centre-Val de Loire;Indre;00-17 ans;Hommes;0.0;0.0;;36;24
2020;Centre-Val de Loire;Indre;65 ans et plus;Femmes;6.0;17.0;;36;24
2020;Centre-Val de Loire;Indre;00-17 ans;Hommes et Femmes;0.0;0.0;;36;24
2020;Centre-Val de Loire;Indre;18-24 ans;Hommes et Femmes;0.0;0.0;;36;24
2021;Centre-Val de Loire;Indre;00-17 ans;Hommes;2.5;12.7;;36;24
2021;Centre-Val de Loire;Indre;00-17 ans;Femmes;0.0;0.0;;36;24
2021;Centre-Val de Loire;Indre;18-24 ans;Femmes;0.0;0.0;;36;24
2021;Centre-Val de Loire;Indre;25-44 ans;Femmes;0.0;0.0;;36;24
2021;Centre-Val de Loire;Indre;45-64 ans;Femmes;2.5;8.0;;36;24
2021;Centre-Val de Loire;Indre;00-17 ans;Hommes et Femmes;2.5;6.5;;36;24
2021;Centre-Val de Loire;Indre;45-64 ans;Hommes et Femmes;7.5;12.3;;36;24
2022;Centre-Val de Loire;Indre;65 ans et plus;Hommes;17.0;61.7;;36;24
2022;Centre-Val de Loire;Indre;00-17 ans;Femmes;0.0;0.0;;36;24
2022;Centre-Val de Loire;Indre;45-64 ans;Femmes;2.5;8.1;;36;24
2022;Centre-Val de Loire;Indre;25-44 ans;Hommes et Femmes;6.0;14.5;;36;24
2022;Centre-Val de Loire;Indre;45-64 ans;Hommes et Femmes;21.5;35.5;;36;24
2023;Centre-Val de Loire;Indre;00-17 ans;Hommes;0.0;0.0;;36;24
2023;Centre-Val de Loire;Indre;18-24 ans;Hommes;2.5;35.7;;36;24
2023;Centre-Val de Loire;Indre;25-44 ans;Hommes;9.0;43.9;;36;24
2023;Centre-Val de Loire;Indre;45-64 ans;Hommes;10.0;34.2;;36;24
2023;Centre-Val de Loire;Indre;00-17 ans;Femmes;0.0;0.0;;36;24
2023;Centre-Val de Loire;Indre;18-24 ans;Femmes;0.0;0.0;;36;24
2023;Centre-Val de Loire;Indre;65 ans et plus;Femmes;5.0;14.1;;36;24
2023;Centre-Val de Loire;Indre;45-64 ans;Hommes et Femmes;16.0;26.8;;36;24
2023;Centre-Val de Loire;Indre;65 ans et plus;Hommes et Femmes;23.0;36.4;;36;24
2019;Centre-Val de Loire;Indre-et-Loire;25-44 ans;Hommes;11.0;16.0;;37;24
2019;Centre-Val de Loire;Indre-et-Loire;Tous;Hommes;66.0;22.5;22.3;37;24
2019;Centre-Val de Loire;Indre-et-Loire;18-24 ans;Hommes et Femmes;2.5;4.7;;37;24
2020;Centre-Val de Loire;Indre-et-Loire;00-17 ans;Hommes;2.5;3.9;;37;24
2020;Centre-Val de Loire;Indre-et-Loire;65 ans et plus;Hommes;26.0;44.9;;37;24
2020;Centre-Val de Loire;Indre-et-Loire;Tous;Hommes;74.0;25.1;24.9;37;24
2020;Centre-Val de Loire;Indre-et-Loire;00-17 ans;Femmes;0.0;0.0;;37;24
2020;Centre-Val de Loire;Indre-et-Loire;25-44 ans;Femmes;5.0;7.0;;37;24
2020;Centre-Val de Loire;Indre-et-Loire;65 ans et plus;Femmes;6.0;7.8;;37;24
2020;Centre-Val de Loire;Indre-et-Loire;25-44 ans;Hommes et Femmes;24.0;17.2;;37;24
2021;Centre-Val de Loire;Indre-et-Loire;25-44 ans;Femmes;2.5;3.5;;37;24
2021;Centre-Val de Loire;Indre-et-Loire;45-64 ans;Femmes;7.0;8.7;;37;24
2021;Centre-Val de Loire;Indre-et-Loire;65 ans et plus;Femmes;8.0;10.2;;37;24
2021;Centre-Val de Loire;Indre-et-Loire;00-17 ans;Hommes et Femmes;2.5;2.0;;37;24
2021;Centre-Val de Loire;Indre-et-Loire;18-24 ans;Hommes et Femmes;5.0;9.3;;37;24
2021;Centre-Val de Loire;Indre-et-Loire;25-44 ans;Hommes et Femmes;20.5;14.6;;37;24
2021;Centre-Val de Loire;Indre-et-Loire;Tous;Hommes et Femmes;102.0;16.7;16.4;37;24
2022;Centre-Val de Loire;Indre-et-Loire;25-44 ans;Hommes;21.0;30.0;;37;24
2022;Centre-Val de Loire;Indre-et-Loire;65 ans et plus;Femmes;5.0;6.3;;37;24
2023;Centre-Val de Loire;Indre-et-Loire;Tous;Hommes;58.0;19.5;19.3;37;24
2023;Centre-Val de Loire;Indre-et-Loire;00-17 ans;Femmes;0.0;0.0;;37;24
2023;Centre-Val de Loire;Indre-et-Loire;25-44 ans;Femmes;2.5;3.4;;37;24
2023;Centre-Val de Loire;Indre-et-Loire;45-64 ans;Femmes;2.5;3.1;;37;24
2023;Centre-Val de Loire;Indre-et-Loire;00-17 ans;Hommes et Femmes;2.5;2.0;;37;24
2023;Centre-Val de Loire;Indre-et-Loire;25-44 ans;Hommes et Femmes;17.5;12.2;;37;24
2023;Centre-Val de Loire;Indre-et-Loire;65 ans et plus;Hommes et Femmes;25.0;17.7;;37;24
2019;Auvergne et Rhône-Alpes;Isère;Tous;Hommes;86.0;13.8;14.4;38;84
2019;Auvergne et Rhône-Alpes;Isère;18-24 ans;Femmes;2.5;4.7;;38;84
2019;Auvergne et Rhône-Alpes;Isère;18-24 ans;Hommes et Femmes;7.5;6.8;;38;84
2019;Auvergne et Rhône-Alpes;Isère;25-44 ans;Hommes et Femmes;27.0;8.8;;38;84
2019;Auvergne et Rhône-Alpes;Isère;Tous;Hommes et Femmes;123.5;9.7;10.1;38;84
2020;Auvergne et Rhône-Alpes;Isère;00-17 ans;Hommes;0.0;0.0;;38;84
2020;Auvergne et Rhône-Alpes;Isère;65 ans et plus;Hommes;35.0;33.3;;38;84
2020;Auvergne et Rhône-Alpes;Isère;00-17 ans;Femmes;2.5;1.8;;38;84
2020;Auvergne et Rhône-Alpes;Isère;Tous;Hommes et Femmes;154.5;12.1;12.3;38;84
2021;Auvergne et Rhône-Alpes;Isère;18-24 ans;Hommes;5.0;8.6;;38;84
2021;Auvergne et Rhône-Alpes;Isère;65 ans et plus;Hommes;25.0;23.4;;38;84
2021;Auvergne et Rhône-Alpes;Isère;00-17 ans;Femmes;0.0;0.0;;38;84
2021;Auvergne et Rhône-Alpes;Isère;00-17 ans;Hommes et Femmes;2.5;0.9;;38;84
2021;Auvergne et Rhône-Alpes;Isère;45-64 ans;Hommes et Femmes;63.0;19.1;;38;84
2022;Auvergne et Rhône-Alpes;Isère;45-64 ans;Femmes;24.0;14.5;;38;84
2022;Auvergne et Rhône-Alpes;Isère;18-24 ans;Hommes et Femmes;7.5;6.8;;38;84
2022;Auvergne et Rhône-Alpes;Isère;25-44 ans;Hommes et Femmes;42.0;13.3;;38;84
2022;Auvergne et Rhône-Alpes;Isère;65 ans et plus;Hommes et Femmes;68.0;27.3;;38;84
2022;Auvergne et Rhône-Alpes;Isère;Tous;Hommes et Femmes;187.5;14.5;14.8;38;84
2023;Auvergne et Rhône-Alpes;Isère;25-44 ans;Hommes;23.0;14.6;;38;84
2023;Auvergne et Rhône-Alpes;Isère;45-64 ans;Hommes;43.0;26.2;;38;84
2023;Auvergne et Rhône-Alpes;Isère;65 ans et plus;Hommes;50.0;44.8;;38;84
2023;Auvergne et Rhône-Alpes;Isère;18-24 ans;Hommes et Femmes;5.0;4.5;;38;84
2023;Auvergne et Rhône-Alpes;Isère;25-44 ans;Hommes et Femmes;32.0;10.1;;38;84
2023;Auvergne et Rhône-Alpes;Isère;Tous;Hommes et Femmes;169.0;13.0;13.3;38;84
2019;Bourgogne et Franche-Comté;Jura;65 ans et plus;Hommes;11.0;41.0;;39;27
2019;Bourgogne et Franche-Comté;Jura;00-17 ans;Hommes et Femmes;0.0;0.0;;39;27
2019;Bourgogne et Franche-Comté;Jura;18-24 ans;Hommes et Femmes;0.0;0.0;;39;27
2019;Bourgogne et Franche-Comté;Jura;45-64 ans;Hommes et Femmes;7.0;9.8;;39;27
2019;Bourgogne et Franche-Comté;Jura;65 ans et plus;Hommes et Femmes;13.5;22.0;;39;27
2020;Bourgogne et Franche-Comté;Jura;65 ans et plus;Femmes;5.0;14.3;;39;27
2020;Bourgogne et Franche-Comté;Jura;45-64 ans;Hommes et Femmes;9.0;12.6;;39;27
2021;Bourgogne et Franche-Comté;Jura;00-17 ans;Hommes et Femmes;0.0;0.0;;39;27
2021;Bourgogne et Franche-Comté;Jura;18-24 ans;Hommes et Femmes;0.0;0.0;;39;27
2021;Bourgogne et Franche-Comté;Jura;Tous;Hommes et Femmes;46.0;17.8;17.6;39;27
2022;Bourgogne et Franche-Comté;Jura;00-17 ans;Femmes;0.0;0.0;;39;27
2022;Bourgogne et Franche-Comté;Jura;65 ans et plus;Femmes;2.5;7.1;;39;27
2022;Bourgogne et Franche-Comté;Jura;65 ans et plus;Hommes et Femmes;16.5;26.1;;39;27
2023;Bourgogne et Franche-Comté;Jura;25-44 ans;Hommes;13.0;46.3;;39;27
2023;Bourgogne et Franche-Comté;Jura;45-64 ans;Hommes;13.0;37.7;;39;27
2023;Bourgogne et Franche-Comté;Jura;00-17 ans;Femmes;0.0;0.0;;39;27
2023;Bourgogne et Franche-Comté;Jura;18-24 ans;Femmes;0.0;0.0;;39;27
2023;Bourgogne et Franche-Comté;Jura;25-44 ans;Hommes et Femmes;13.0;23.2;;39;27
2023;Bourgogne et Franche-Comté;Jura;Tous;Hommes et Femmes;39.0;15.1;14.7;39;27
2019;Nouvelle Aquitaine;Landes;18-24 ans;Hommes;2.5;19.4;;40;75
2019;Nouvelle Aquitaine;Landes;45-64 ans;Hommes;23.0;40.2;;40;75
2019;Nouvelle Aquitaine;Landes;65 ans et plus;Hommes;13.0;28.3;;40;75
2019;Nouvelle Aquitaine;Landes;00-17 ans;Femmes;0.0;0.0;;40;75
2019;Nouvelle Aquitaine;Landes;18-24 ans;Femmes;0.0;0.0;;40;75
2019;Nouvelle Aquitaine;Landes;25-44 ans;Femmes;2.5;5.6;;40;75
2019;Nouvelle Aquitaine;Landes;Tous;Femmes;8.0;3.8;4.0;40;75
2019;Nouvelle Aquitaine;Landes;00-17 ans;Hommes et Femmes;0.0;0.0;;40;75
2019;Nouvelle Aquitaine;Landes;Tous;Hommes et Femmes;49.0;11.8;11.1;40;75
2020;Nouvelle Aquitaine;Landes;00-17 ans;Hommes;0.0;0.0;;40;75
2020;Nouvelle Aquitaine;Landes;18-24 ans;Hommes;0.0;0.0;;40;75
2020;Nouvelle Aquitaine;Landes;65 ans et plus;Hommes;21.0;44.2;;40;75
2020;Nouvelle Aquitaine;Landes;00-17 ans;Femmes;0.0;0.0;;40;75
2020;Nouvelle Aquitaine;Landes;25-44 ans;Femmes;2.5;5.6;;40;75
2020;Nouvelle Aquitaine;Landes;65 ans et plus;Femmes;6.0;9.9;;40;75
2020;Nouvelle Aquitaine;Landes;18-24 ans;Hommes et Femmes;0.0;0.0;;40;75
2020;Nouvelle Aquitaine;Landes;25-44 ans;Hommes et Femmes;10.5;11.9;;40;75
2020;Nouvelle Aquitaine;Landes;45-64 ans;Hommes et Femmes;24.5;20.8;;40;75
2020;Nouvelle Aquitaine;Landes;65 ans et plus;Hommes et Femmes;27.0;25.0;;40;75
2020;Nouvelle Aquitaine;Landes;Tous;Hommes et Femmes;63.0;15.1;14.0;40;75
2021;Nouvelle Aquitaine;Landes;45-64 ans;Hommes;12.0;20.6;;40;75
2021;Nouvelle Aquitaine;Landes;Tous;Hommes;47.5;23.1;21.4;40;75
2021;Nouvelle Aquitaine;Landes;18-24 ans;Femmes;0.0;0.0;;40;75
2021;Nouvelle Aquitaine;Landes;25-44 ans;Femmes;2.5;5.5;;40;75
2021;Nouvelle Aquitaine;Landes;65 ans et plus;Femmes;2.5;4.1;;40;75
2021;Nouvelle Aquitaine;Landes;25-44 ans;Hommes et Femmes;10.5;11.7;;40;75
2021;Nouvelle Aquitaine;Landes;45-64 ans;Hommes et Femmes;14.5;12.2;;40;75
2021;Nouvelle Aquitaine;Landes;65 ans et plus;Hommes et Femmes;27.5;25.0;;40;75
2022;Nouvelle Aquitaine;Landes;25-44 ans;Hommes;8.0;17.9;;40;75
2022;Nouvelle Aquitaine;Landes;Tous;Hommes;50.5;24.3;22.1;40;75
2022;Nouvelle Aquitaine;Landes;25-44 ans;Femmes;2.5;5.4;;40;75
2022;Nouvelle Aquitaine;Landes;18-24 ans;Hommes et Femmes;2.5;10.1;;40;75
2022;Nouvelle Aquitaine;Landes;25-44 ans;Hommes et Femmes;10.5;11.6;;40;75
2023;Nouvelle Aquitaine;Landes;18-24 ans;Hommes;0.0;0.0;;40;75
2023;Nouvelle Aquitaine;Landes;18-24 ans;Femmes;0.0;0.0;;40;75
2023;Nouvelle Aquitaine;Landes;25-44 ans;Femmes;5.0;10.8;;40;75
2023;Nouvelle Aquitaine;Landes;65 ans et plus;Femmes;2.5;3.9;;40;75
2023;Nouvelle Aquitaine;Landes;18-24 ans;Hommes et Femmes;0.0;0.0;;40;75
2019;Centre-Val de Loire;Loir-et-Cher;Tous;Hommes;44.0;27.5;25.6;41;24
2019;Centre-Val de Loire;Loir-et-Cher;25-44 ans;Femmes;2.5;7.2;;41;24
2019;Centre-Val de Loire;Loir-et-Cher;00-17 ans;Hommes et Femmes;2.5;3.7;;41;24
2020;Centre-Val de Loire;Loir-et-Cher;65 ans et plus;Femmes;2.5;5.4;;41;24
2020;Centre-Val de Loire;Loir-et-Cher;Tous;Femmes;6.0;3.5;3.2;41;24
2020;Centre-Val de Loire;Loir-et-Cher;00-17 ans;Hommes et Femmes;0.0;0.0;;41;24
2020;Centre-Val de Loire;Loir-et-Cher;18-24 ans;Hommes et Femmes;2.5;12.0;;41;24
2020;Centre-Val de Loire;Loir-et-Cher;25-44 ans;Hommes et Femmes;11.0;16.2;;41;24
2020;Centre-Val de Loire;Loir-et-Cher;45-64 ans;Hommes et Femmes;17.5;19.4;;41;24
2020;Centre-Val de Loire;Loir-et-Cher;65 ans et plus;Hommes et Femmes;21.5;25.9;;41;24
2021;Centre-Val de Loire;Loir-et-Cher;18-24 ans;Hommes;2.5;22.5;;41;24
2021;Centre-Val de Loire;Loir-et-Cher;65 ans et plus;Hommes;15.0;40.4;;41;24
2021;Centre-Val de Loire;Loir-et-Cher;65 ans et plus;Femmes;2.5;5.3;;41;24
2021;Centre-Val de Loire;Loir-et-Cher;Tous;Femmes;11.5;6.8;7.0;41;24
2021;Centre-Val de Loire;Loir-et-Cher;18-24 ans;Hommes et Femmes;2.5;12.0;;41;24
2021;Centre-Val de Loire;Loir-et-Cher;25-44 ans;Hommes et Femmes;7.0;10.3;;41;24
2021;Centre-Val de Loire;Loir-et-Cher;65 ans et plus;Hommes et Femmes;17.5;20.7;;41;24
2022;Centre-Val de Loire;Loir-et-Cher;25-44 ans;Hommes;7.0;20.8;;41;24
2022;Centre-Val de Loire;Loir-et-Cher;Tous;Hommes;50.0;31.3;28.8;41;24
2022;Centre-Val de Loire;Loir-et-Cher;18-24 ans;Femmes;0.0;0.0;;41;24
2022;Centre-Val de Loire;Loir-et-Cher;25-44 ans;Femmes;2.5;7.3;;41;24
2022;Centre-Val de Loire;Loir-et-Cher;Tous;Femmes;15.0;8.9;7.8;41;24
2022;Centre-Val de Loire;Loir-et-Cher;45-64 ans;Hommes et Femmes;16.5;18.6;;41;24
2022;Centre-Val de Loire;Loir-et-Cher;65 ans et plus;Hommes et Femmes;35.0;41.0;;41;24
2022;Centre-Val de Loire;Loir-et-Cher;Tous;Hommes et Femmes;65.0;19.8;18.0;41;24
2023;Centre-Val de Loire;Loir-et-Cher;25-44 ans;Hommes;10.0;29.7;;41;24
2023;Centre-Val de Loire;Loir-et-Cher;65 ans et plus;Hommes;19.0;50.2;;41;24
2023;Centre-Val de Loire;Loir-et-Cher;00-17 ans;Femmes;0.0;0.0;;41;24
2023;Centre-Val de Loire;Loir-et-Cher;00-17 ans;Hommes et Femmes;0.0;0.0;;41;24
2023;Centre-Val de Loire;Loir-et-Cher;18-24 ans;Hommes et Femmes;2.5;11.9;;41;24
2023;Centre-Val de Loire;Loir-et-Cher;Tous;Hommes et Femmes;52.0;15.8;15.1;41;24
2019;Auvergne et Rhône-Alpes;Loire;18-24 ans;Hommes;2.5;7.9;;42;84
2019;Auvergne et Rhône-Alpes;Loire;Tous;Hommes;71.5;19.3;19.6;42;84
2019;Auvergne et Rhône-Alpes;Loire;00-17 ans;Femmes;0.0;0.0;;42;84
2019;Auvergne et Rhône-Alpes;Loire;Tous;Femmes;28.0;7.1;7.0;42;84
2019;Auvergne et Rhône-Alpes;Loire;00-17 ans;Hommes et Femmes;0.0;0.0;;42;84
2019;Auvergne et Rhône-Alpes;Loire;25-44 ans;Hommes et Femmes;14.5;8.5;;42;84
2020;Auvergne et Rhône-Alpes;Loire;00-17 ans;Hommes;0.0;0.0;;42;84
2020;Auvergne et Rhône-Alpes;Loire;25-44 ans;Hommes;19.0;22.6;;42;84
2020;Auvergne et Rhône-Alpes;Loire;00-17 ans;Femmes;0.0;0.0;;42;84
2020;Auvergne et Rhône-Alpes;Loire;Tous;Hommes et Femmes;116.5;15.2;15.2;42;84
2021;Auvergne et Rhône-Alpes;Loire;Tous;Hommes;78.5;21.1;21.1;42;84
2021;Auvergne et Rhône-Alpes;Loire;25-44 ans;Hommes et Femmes;18.0;10.5;;42;84
2021;Auvergne et Rhône-Alpes;Loire;Tous;Hommes et Femmes;108.5;14.1;14.0;42;84
2022;Auvergne et Rhône-Alpes;Loire;25-44 ans;Hommes;18.0;21.2;;42;84
2022;Auvergne et Rhône-Alpes;Loire;00-17 ans;Femmes;0.0;0.0;;42;84
2022;Auvergne et Rhône-Alpes;Loire;25-44 ans;Femmes;6.0;6.9;;42;84
2022;Auvergne et Rhône-Alpes;Loire;65 ans et plus;Femmes;9.0;8.9;;42;84
2022;Auvergne et Rhône-Alpes;Loire;00-17 ans;Hommes et Femmes;2.5;1.5;;42;84
2022;Auvergne et Rhône-Alpes;Loire;18-24 ans;Hommes et Femmes;2.5;4.0;;42;84
2022;Auvergne et Rhône-Alpes;Loire;65 ans et plus;Hommes et Femmes;33.0;18.6;;42;84
2023;Auvergne et Rhône-Alpes;Loire;25-44 ans;Hommes;20.0;23.4;;42;84
2023;Auvergne et Rhône-Alpes;Loire;Tous;Hommes;67.0;17.8;17.9;42;84
2023;Auvergne et Rhône-Alpes;Loire;00-17 ans;Hommes et Femmes;2.5;1.5;;42;84
2023;Auvergne et Rhône-Alpes;Loire;45-64 ans;Hommes et Femmes;36.0;18.8;;42;84
2023;Auvergne et Rhône-Alpes;Loire;Tous;Hommes et Femmes;100.0;12.9;12.9;42;84
2019;Auvergne et Rhône-Alpes;Haute-Loire;45-64 ans;Hommes;6.0;18.7;;43;84
2019;Auvergne et Rhône-Alpes;Haute-Loire;00-17 ans;Femmes;0.0;0.0;;43;84
2019;Auvergne et Rhône-Alpes;Haute-Loire;65 ans et plus;Femmes;2.5;8.1;;43;84
2019;Auvergne et Rhône-Alpes;Haute-Loire;00-17 ans;Hommes et Femmes;0.0;0.0;;43;84
2019;Auvergne et Rhône-Alpes;Haute-Loire;18-24 ans;Hommes et Femmes;0.0;0.0;;43;84
2020;Auvergne et Rhône-Alpes;Haute-Loire;18-24 ans;Hommes;0.0;0.0;;43;84
2020;Auvergne et Rhône-Alpes;Haute-Loire;00-17 ans;Femmes;0.0;0.0;;43;84
2020;Auvergne et Rhône-Alpes;Haute-Loire;25-44 ans;Femmes;2.5;10.8;;43;84
2020;Auvergne et Rhône-Alpes;Haute-Loire;65 ans et plus;Femmes;2.5;8.0;;43;84
2020;Auvergne et Rhône-Alpes;Haute-Loire;Tous;Femmes;14.0;12.1;12.8;43;84
2020;Auvergne et Rhône-Alpes;Haute-Loire;00-17 ans;Hommes et Femmes;0.0;0.0;;43;84
2021;Auvergne et Rhône-Alpes;Haute-Loire;45-64 ans;Hommes;14.0;44.0;;43;84
2021;Auvergne et Rhône-Alpes;Haute-Loire;00-17 ans;Femmes;0.0;0.0;;43;84
2021;Auvergne et Rhône-Alpes;Haute-Loire;25-44 ans;Hommes et Femmes;12.5;27.0;;43;84
2022;Auvergne et Rhône-Alpes;Haute-Loire;25-44 ans;Hommes;12.0;50.7;;43;84
2022;Auvergne et Rhône-Alpes;Haute-Loire;25-44 ans;Femmes;2.5;10.7;;43;84
2022;Auvergne et Rhône-Alpes;Haute-Loire;65 ans et plus;Femmes;6.0;18.7;;43;84
2022;Auvergne et Rhône-Alpes;Haute-Loire;18-24 ans;Hommes et Femmes;2.5;16.8;;43;84
2022;Auvergne et Rhône-Alpes;Haute-Loire;Tous;Hommes et Femmes;59.5;26.1;25.6;43;84
2023;Auvergne et Rhône-Alpes;Haute-Loire;Tous;Hommes;30.0;26.7;23.9;43;84
2023;Auvergne et Rhône-Alpes;Haute-Loire;00-17 ans;Femmes;0.0;0.0;;43;84
2023;Auvergne et Rhône-Alpes;Haute-Loire;18-24 ans;Femmes;0.0;0.0;;43;84
2023;Auvergne et Rhône-Alpes;Haute-Loire;65 ans et plus;Hommes et Femmes;20.5;34.9;;43;84
2023;Auvergne et Rhône-Alpes;Haute-Loire;Tous;Hommes et Femmes;36.0;15.8;13.9;43;84
2019;Pays de la Loire;Loire-Atlantique;45-64 ans;Hommes;69.0;39.4;;44;52
2019;Pays de la Loire;Loire-Atlantique;18-24 ans;Femmes;2.5;4.2;;44;52
2019;Pays de la Loire;Loire-Atlantique;25-44 ans;Femmes;5.0;2.8;;44;52
2019;Pays de la Loire;Loire-Atlantique;65 ans et plus;Femmes;19.0;12.5;;44;52
2019;Pays de la Loire;Loire-Atlantique;00-17 ans;Hommes et Femmes;2.5;0.8;;44;52
2019;Pays de la Loire;Loire-Atlantique;Tous;Hommes et Femmes;212.5;14.9;15.5;44;52
2020;Pays de la Loire;Loire-Atlantique;65 ans et plus;Hommes;47.0;41.1;;44;52
2020;Pays de la Loire;Loire-Atlantique;18-24 ans;Femmes;2.5;4.1;;44;52
2020;Pays de la Loire;Loire-Atlantique;Tous;Femmes;54.5;7.3;7.6;44;52
2020;Pays de la Loire;Loire-Atlantique;65 ans et plus;Hommes et Femmes;69.0;25.5;;44;52
2021;Pays de la Loire;Loire-Atlantique;25-44 ans;Hommes;33.0;17.8;;44;52
2021;Pays de la Loire;Loire-Atlantique;65 ans et plus;Hommes;38.0;32.6;;44;52
2021;Pays de la Loire;Loire-Atlantique;00-17 ans;Hommes et Femmes;2.5;0.8;;44;52
2021;Pays de la Loire;Loire-Atlantique;18-24 ans;Hommes et Femmes;6.0;4.8;;44;52
2022;Pays de la Loire;Loire-Atlantique;00-17 ans;Hommes;0.0;0.0;;44;52
2022;Pays de la Loire;Loire-Atlantique;45-64 ans;Hommes;60.0;33.7;;44;52
2022;Pays de la Loire;Loire-Atlantique;65 ans et plus;Hommes;39.0;32.7;;44;52
2022;Pays de la Loire;Loire-Atlantique;25-44 ans;Femmes;15.0;8.0;;44;52
2022;Pays de la Loire;Loire-Atlantique;45-64 ans;Femmes;30.0;16.3;;44;52
2022;Pays de la Loire;Loire-Atlantique;18-24 ans;Hommes et Femmes;5.0;3.9;;44;52
2023;Pays de la Loire;Loire-Atlantique;18-24 ans;Hommes;6.0;9.1;;44;52
2023;Pays de la Loire;Loire-Atlantique;00-17 ans;Femmes;0.0;0.0;;44;52
2023;Pays de la Loire;Loire-Atlantique;18-24 ans;Femmes;2.5;4.0;;44;52
2023;Pays de la Loire;Loire-Atlantique;65 ans et plus;Femmes;18.0;10.9;;44;52
2023;Pays de la Loire;Loire-Atlantique;Tous;Hommes et Femmes;203.0;13.7;13.9;44;52
2019;Centre-Val de Loire;Loiret;Tous;Hommes;71.5;21.6;22.0;45;24
2019;Centre-Val de Loire;Loiret;00-17 ans;Femmes;2.5;3.3;;45;24
2019;Centre-Val de Loire;Loiret;Tous;Femmes;19.0;5.4;5.4;45;24
2019;Centre-Val de Loire;Loiret;25-44 ans;Hommes et Femmes;21.5;13.4;;45;24
2020;Centre-Val de Loire;Loiret;00-17 ans;Hommes;0.0;0.0;;45;24
2020;Centre-Val de Loire;Loiret;Tous;Hommes;67.5;20.3;20.5;45;24
2020;Centre-Val de Loire;Loiret;25-44 ans;Hommes et Femmes;11.5;7.2;;45;24
2020;Centre-Val de Loire;Loiret;45-64 ans;Hommes et Femmes;38.0;21.8;;45;24
2020;Centre-Val de Loire;Loiret;Tous;Hommes et Femmes;92.5;13.6;13.7;45;24
2021;Centre-Val de Loire;Loiret;00-17 ans;Hommes;2.5;3.2;;45;24
2021;Centre-Val de Loire;Loiret;25-44 ans;Hommes;18.0;23.0;;45;24
2021;Centre-Val de Loire;Loiret;65 ans et plus;Hommes;28.0;45.0;;45;24
2021;Centre-Val de Loire;Loiret;Tous;Femmes;16.0;4.6;4.9;45;24
2021;Centre-Val de Loire;Loiret;18-24 ans;Hommes et Femmes;2.5;4.6;;45;24
2021;Centre-Val de Loire;Loiret;45-64 ans;Hommes et Femmes;20.5;11.7;;45;24
2021;Centre-Val de Loire;Loiret;65 ans et plus;Hommes et Femmes;38.0;26.7;;45;24
2022;Centre-Val de Loire;Loiret;65 ans et plus;Hommes;30.0;47.6;;45;24
2022;Centre-Val de Loire;Loiret;18-24 ans;Femmes;0.0;0.0;;45;24
2022;Centre-Val de Loire;Loiret;Tous;Femmes;25.0;7.1;7.5;45;24
2022;Centre-Val de Loire;Loiret;Tous;Hommes et Femmes;97.5;14.2;14.3;45;24
2023;Centre-Val de Loire;Loiret;00-17 ans;Hommes;0.0;0.0;;45;24
2023;Centre-Val de Loire;Loiret;18-24 ans;Hommes;5.0;17.1;;45;24
2023;Centre-Val de Loire;Loiret;25-44 ans;Femmes;6.0;7.3;;45;24
2023;Centre-Val de Loire;Loiret;00-17 ans;Hommes et Femmes;2.5;1.6;;45;24
2023;Centre-Val de Loire;Loiret;45-64 ans;Hommes et Femmes;31.0;17.9;;45;24
2023;Centre-Val de Loire;Loiret;65 ans et plus;Hommes et Femmes;41.0;28.1;;45;24
2023;Centre-Val de Loire;Loiret;Tous;Hommes et Femmes;98.5;14.3;14.3;45;24
2019;Occitanie;Lot;18-24 ans;Hommes;0.0;0.0;;46;76
2019;Occitanie;Lot;25-44 ans;Hommes;2.5;15.4;;46;76
2019;Occitanie;Lot;Tous;Hommes;24.5;29.0;25.1;46;76
2019;Occitanie;Lot;00-17 ans;Femmes;0.0;0.0;;46;76
2019;Occitanie;Lot;65 ans et plus;Femmes;5.0;17.4;;46;76
2019;Occitanie;Lot;45-64 ans;Hommes et Femmes;13.5;26.7;;46;76
2019;Occitanie;Lot;Tous;Hommes et Femmes;30.0;17.2;14.8;46;76
2020;Occitanie;Lot;65 ans et plus;Hommes;15.0;63.4;;46;76
2020;Occitanie;Lot;45-64 ans;Femmes;2.5;9.7;;46;76
2020;Occitanie;Lot;18-24 ans;Hommes et Femmes;0.0;0.0;;46;76
2020;Occitanie;Lot;25-44 ans;Hommes et Femmes;2.5;7.7;;46;76
2020;Occitanie;Lot;Tous;Hommes et Femmes;32.0;18.3;17.7;46;76
2021;Occitanie;Lot;45-64 ans;Hommes;6.0;24.5;;46;76
2021;Occitanie;Lot;00-17 ans;Femmes;0.0;0.0;;46;76
2021;Occitanie;Lot;18-24 ans;Femmes;0.0;0.0;;46;76
2021;Occitanie;Lot;25-44 ans;Femmes;2.5;15.4;;46;76
2021;Occitanie;Lot;00-17 ans;Hommes et Femmes;0.0;0.0;;46;76
2021;Occitanie;Lot;25-44 ans;Hommes et Femmes;5.0;15.5;;46;76
2021;Occitanie;Lot;Tous;Hommes et Femmes;21.0;12.0;10.7;46;76
2022;Occitanie;Lot;18-24 ans;Hommes;0.0;0.0;;46;76
2022;Occitanie;Lot;00-17 ans;Femmes;0.0;0.0;;46;76
2022;Occitanie;Lot;45-64 ans;Femmes;0.0;0.0;;46;76
2022;Occitanie;Lot;18-24 ans;Hommes et Femmes;0.0;0.0;;46;76
2022;Occitanie;Lot;25-44 ans;Hommes et Femmes;2.5;7.7;;46;76
2022;Occitanie;Lot;45-64 ans;Hommes et Femmes;8.0;16.1;;46;76
2023;Occitanie;Lot;65 ans et plus;Hommes;9.0;35.6;;46;76
2023;Occitanie;Lot;18-24 ans;Hommes et Femmes;0.0;0.0;;46;76
2019;Nouvelle Aquitaine;Lot-et-Garonne;18-24 ans;Hommes;2.5;22.7;;47;75
2019;Nouvelle Aquitaine;Lot-et-Garonne;45-64 ans;Hommes;15.0;34.4;;47;75
2019;Nouvelle Aquitaine;Lot-et-Garonne;Tous;Hommes;46.5;29.2;25.6;47;75
2019;Nouvelle Aquitaine;Lot-et-Garonne;45-64 ans;Femmes;2.5;5.4;;47;75
2019;Nouvelle Aquitaine;Lot-et-Garonne;65 ans et plus;Femmes;7.0;14.3;;47;75
2019;Nouvelle Aquitaine;Lot-et-Garonne;Tous;Femmes;9.5;5.5;4.4;47;75
2019;Nouvelle Aquitaine;Lot-et-Garonne;45-64 ans;Hommes et Femmes;17.5;19.4;;47;75
2019;Nouvelle Aquitaine;Lot-et-Garonne;Tous;Hommes et Femmes;54.0;16.3;14.7;47;75
2020;Nouvelle Aquitaine;Lot-et-Garonne;18-24 ans;Femmes;0.0;0.0;;47;75
2020;Nouvelle Aquitaine;Lot-et-Garonne;Tous;Femmes;8.5;4.9;5.0;47;75
2020;Nouvelle Aquitaine;Lot-et-Garonne;00-17 ans;Hommes et Femmes;0.0;0.0;;47;75
2020;Nouvelle Aquitaine;Lot-et-Garonne;18-24 ans;Hommes et Femmes;0.0;0.0;;47;75
2020;Nouvelle Aquitaine;Lot-et-Garonne;Tous;Hommes et Femmes;54.5;16.5;14.9;47;75
2021;Nouvelle Aquitaine;Lot-et-Garonne;45-64 ans;Femmes;2.5;5.4;;47;75
2021;Nouvelle Aquitaine;Lot-et-Garonne;00-17 ans;Hommes et Femmes;0.0;0.0;;47;75
2021;Nouvelle Aquitaine;Lot-et-Garonne;Tous;Hommes et Femmes;52.0;15.7;14.9;47;75
2022;Nouvelle Aquitaine;Lot-et-Garonne;00-17 ans;Hommes;2.5;7.6;;47;75
2022;Nouvelle Aquitaine;Lot-et-Garonne;18-24 ans;Hommes;2.5;23.0;;47;75
2022;Nouvelle Aquitaine;Lot-et-Garonne;65 ans et plus;Hommes;20.0;49.8;;47;75
2022;Nouvelle Aquitaine;Lot-et-Garonne;Tous;Hommes;47.0;29.3;26.9;47;75
2022;Nouvelle Aquitaine;Lot-et-Garonne;45-64 ans;Femmes;6.0;13.1;;47;75
2022;Nouvelle Aquitaine;Lot-et-Garonne;25-44 ans;Hommes et Femmes;6.0;8.8;;47;75
2023;Nouvelle Aquitaine;Lot-et-Garonne;00-17 ans;Hommes;0.0;0.0;;47;75
2023;Nouvelle Aquitaine;Lot-et-Garonne;25-44 ans;Hommes;7.0;20.8;;47;75
2023;Nouvelle Aquitaine;Lot-et-Garonne;45-64 ans;Hommes;20.0;46.8;;47;75
2023;Nouvelle Aquitaine;Lot-et-Garonne;25-44 ans;Femmes;2.5;7.2;;47;75
2023;Nouvelle Aquitaine;Lot-et-Garonne;65 ans et plus;Femmes;5.0;9.8;;47;75
2023;Nouvelle Aquitaine;Lot-et-Garonne;00-17 ans;Hommes et Femmes;0.0;0.0;;47;75
2023;Nouvelle Aquitaine;Lot-et-Garonne;45-64 ans;Hommes et Femmes;22.5;25.5;;47;75
2023;Nouvelle Aquitaine;Lot-et-Garonne;65 ans et plus;Hommes et Femmes;23.0;25.2;;47;75
2019;Occitanie;Lozère;00-17 ans;Hommes;0.0;0.0;;48;76
2019;Occitanie;Lozère;25-44 ans;Hommes;2.5;31.5;;48;76
2019;Occitanie;Lozère;45-64 ans;Hommes;2.5;22.3;;48;76
2019;Occitanie;Lozère;Tous;Hommes;6.0;15.7;21.3;48;76
2019;Occitanie;Lozère;00-17 ans;Femmes;0.0;0.0;;48;76
2019;Occitanie;Lozère;18-24 ans;Femmes;0.0;0.0;;48;76
2019;Occitanie;Lozère;Tous;Femmes;2.5;6.5;12.4;48;76
2019;Occitanie;Lozère;00-17 ans;Hommes et Femmes;0.0;0.0;;48;76
2020;Occitanie;Lozère;18-24 ans;Hommes;0.0;0.0;;48;76
2020;Occitanie;Lozère;25-44 ans;Hommes;2.5;31.3;;48;76
2020;Occitanie;Lozère;45-64 ans;Hommes et Femmes;6.0;27.7;;48;76
2020;Occitanie;Lozère;Tous;Hommes et Femmes;16.0;20.9;21.8;48;76
2021;Occitanie;Lozère;00-17 ans;Hommes;0.0;0.0;;48;76
2021;Occitanie;Lozère;45-64 ans;Hommes;2.5;22.6;;48;76
2021;Occitanie;Lozère;00-17 ans;Femmes;0.0;0.0;;48;76
2021;Occitanie;Lozère;65 ans et plus;Femmes;0.0;0.0;;48;76
2021;Occitanie;Lozère;Tous;Femmes;2.5;6.5;10.3;48;76
2021;Occitanie;Lozère;45-64 ans;Hommes et Femmes;6.0;27.8;;48;76
2022;Occitanie;Lozère;25-44 ans;Hommes;2.5;31.9;;48;76
2022;Occitanie;Lozère;00-17 ans;Femmes;0.0;0.0;;48;76
2022;Occitanie;Lozère;18-24 ans;Femmes;0.0;0.0;;48;76
2022;Occitanie;Lozère;65 ans et plus;Femmes;0.0;0.0;;48;76
2022;Occitanie;Lozère;Tous;Femmes;0.0;0.0;0.0;48;76
2022;Occitanie;Lozère;00-17 ans;Hommes et Femmes;0.0;0.0;;48;76
2022;Occitanie;Lozère;65 ans et plus;Hommes et Femmes;2.5;12.3;;48;76
2023;Occitanie;Lozère;00-17 ans;Hommes;0.0;0.0;;48;76
2023;Occitanie;Lozère;25-44 ans;Hommes;2.5;31.8;;48;76
2023;Occitanie;Lozère;00-17 ans;Femmes;0.0;0.0;;48;76
2023;Occitanie;Lozère;25-44 ans;Femmes;0.0;0.0;;48;76
2023;Occitanie;Lozère;65 ans et plus;Femmes;0.0;0.0;;48;76
2023;Occitanie;Lozère;25-44 ans;Hommes et Femmes;2.5;16.0;;48;76
2023;Occitanie;Lozère;45-64 ans;Hommes et Femmes;7.5;35.3;;48;76
2023;Occitanie;Lozère;65 ans et plus;Hommes et Femmes;2.5;12.1;;48;76
2019;Pays de la Loire;Maine-et-Loire;Tous;Hommes;90.0;22.6;23.2;49;52
2019;Pays de la Loire;Maine-et-Loire;45-64 ans;Femmes;14.0;13.4;;49;52
2019;Pays de la Loire;Maine-et-Loire;45-64 ans;Hommes et Femmes;50.0;24.2;;49;52
2020;Pays de la Loire;Maine-et-Loire;00-17 ans;Hommes;0.0;0.0;;49;52
2020;Pays de la Loire;Maine-et-Loire;18-24 ans;Hommes;5.0;13.6;;49;52
2020;Pays de la Loire;Maine-et-Loire;Tous;Hommes;101.0;25.3;25.9;49;52
2020;Pays de la Loire;Maine-et-Loire;65 ans et plus;Femmes;13.0;13.6;;49;52
2020;Pays de la Loire;Maine-et-Loire;25-44 ans;Hommes et Femmes;25.5;13.6;;49;52
2020;Pays de la Loire;Maine-et-Loire;45-64 ans;Hommes et Femmes;57.0;27.6;;49;52
2021;Pays de la Loire;Maine-et-Loire;18-24 ans;Hommes;7.0;19.0;;49;52
2021;Pays de la Loire;Maine-et-Loire;00-17 ans;Femmes;0.0;0.0;;49;52
2021;Pays de la Loire;Maine-et-Loire;Tous;Femmes;33.5;7.9;7.8;49;52
2022;Pays de la Loire;Maine-et-Loire;18-24 ans;Hommes;2.5;6.6;;49;52
2022;Pays de la Loire;Maine-et-Loire;00-17 ans;Femmes;2.5;2.8;;49;52
2022;Pays de la Loire;Maine-et-Loire;00-17 ans;Hommes et Femmes;2.5;1.4;;49;52
2022;Pays de la Loire;Maine-et-Loire;18-24 ans;Hommes et Femmes;5.0;6.7;;49;52
2022;Pays de la Loire;Maine-et-Loire;65 ans et plus;Hommes et Femmes;41.0;23.7;;49;52
2022;Pays de la Loire;Maine-et-Loire;Tous;Hommes et Femmes;141.0;17.0;17.3;49;52
2023;Pays de la Loire;Maine-et-Loire;18-24 ans;Hommes;5.0;13.2;;49;52
2023;Pays de la Loire;Maine-et-Loire;25-44 ans;Hommes;24.0;25.2;;49;52
2023;Pays de la Loire;Maine-et-Loire;65 ans et plus;Hommes;35.0;46.1;;49;52
2023;Pays de la Loire;Maine-et-Loire;65 ans et plus;Femmes;11.0;11.1;;49;52
2023;Pays de la Loire;Maine-et-Loire;00-17 ans;Hommes et Femmes;2.5;1.4;;49;52
2023;Pays de la Loire;Maine-et-Loire;18-24 ans;Hommes et Femmes;7.5;10.0;;49;52
2023;Pays de la Loire;Maine-et-Loire;65 ans et plus;Hommes et Femmes;46.0;26.3;;49;52
2019;Normandie;Manche;25-44 ans;Hommes;16.0;30.4;;50;28
2019;Normandie;Manche;45-64 ans;Hommes;44.0;64.3;;50;28
2019;Normandie;Manche;25-44 ans;Femmes;2.5;4.9;;50;28
2019;Normandie;Manche;45-64 ans;Femmes;9.0;13.1;;50;28
2019;Normandie;Manche;00-17 ans;Hommes et Femmes;2.5;2.5;;50;28
2019;Normandie;Manche;25-44 ans;Hommes et Femmes;18.5;17.8;;50;28
2020;Normandie;Manche;00-17 ans;Femmes;0.0;0.0;;50;28
2020;Normandie;Manche;18-24 ans;Femmes;0.0;0.0;;50;28
2020;Normandie;Manche;45-64 ans;Femmes;7.0;10.2;;50;28
2020;Normandie;Manche;Tous;Femmes;24.5;9.7;9.4;50;28
2020;Normandie;Manche;65 ans et plus;Hommes et Femmes;47.0;37.8;;50;28
2021;Normandie;Manche;18-24 ans;Hommes;2.5;14.6;;50;28
2021;Normandie;Manche;25-44 ans;Hommes;26.0;49.2;;50;28
2021;Normandie;Manche;18-24 ans;Femmes;0.0;0.0;;50;28
2021;Normandie;Manche;65 ans et plus;Femmes;9.0;12.6;;50;28
2021;Normandie;Manche;Tous;Femmes;26.5;10.5;9.5;50;28
2021;Normandie;Manche;25-44 ans;Hommes et Femmes;32.0;30.7;;50;28
2021;Normandie;Manche;65 ans et plus;Hommes et Femmes;40.0;31.6;;50;28
2022;Normandie;Manche;00-17 ans;Hommes;0.0;0.0;;50;28
2022;Normandie;Manche;45-64 ans;Hommes;33.0;49.4;;50;28
2022;Normandie;Manche;18-24 ans;Femmes;0.0;0.0;;50;28
2022;Normandie;Manche;25-44 ans;Femmes;6.0;11.6;;50;28
2022;Normandie;Manche;65 ans et plus;Femmes;11.0;15.1;;50;28
2022;Normandie;Manche;Tous;Femmes;30.5;12.0;10.8;50;28
2022;Normandie;Manche;00-17 ans;Hommes et Femmes;2.5;2.6;;50;28
2022;Normandie;Manche;18-24 ans;Hommes et Femmes;5.0;15.7;;50;28
2022;Normandie;Manche;25-44 ans;Hommes et Femmes;26.0;24.9;;50;28
2022;Normandie;Manche;45-64 ans;Hommes et Femmes;44.0;32.7;;50;28
2023;Normandie;Manche;25-44 ans;Femmes;2.5;4.8;;50;28
2023;Normandie;Manche;Tous;Hommes et Femmes;116.5;23.5;22.1;50;28
2019;Grand Est;Marne;18-24 ans;Hommes;2.5;9.3;;51;44
2019;Grand Est;Marne;45-64 ans;Femmes;11.0;14.7;;51;44
2019;Grand Est;Marne;00-17 ans;Hommes et Femmes;0.0;0.0;;51;44
2020;Grand Est;Marne;00-17 ans;Hommes;0.0;0.0;;51;44
2020;Grand Est;Marne;45-64 ans;Hommes;31.0;44.2;;51;44
2020;Grand Est;Marne;65 ans et plus;Hommes;17.0;35.5;;51;44
2020;Grand Est;Marne;Tous;Hommes;65.5;23.9;23.8;51;44
2020;Grand Est;Marne;25-44 ans;Hommes et Femmes;26.0;19.2;;51;44
2020;Grand Est;Marne;45-64 ans;Hommes et Femmes;41.0;28.3;;51;44
2020;Grand Est;Marne;Tous;Hommes et Femmes;92.5;16.3;16.3;51;44
2021;Grand Est;Marne;18-24 ans;Hommes;2.5;9.4;;51;44
2021;Grand Est;Marne;65 ans et plus;Hommes;19.0;38.9;;51;44
2021;Grand Est;Marne;18-24 ans;Femmes;2.5;9.9;;51;44
2021;Grand Est;Marne;18-24 ans;Hommes et Femmes;2.5;4.8;;51;44
2021;Grand Est;Marne;25-44 ans;Hommes et Femmes;20.0;14.8;;51;44
2021;Grand Est;Marne;65 ans et plus;Hommes et Femmes;21.5;18.6;;51;44
2022;Grand Est;Marne;00-17 ans;Hommes;0.0;0.0;;51;44
2022;Grand Est;Marne;65 ans et plus;Hommes;22.0;44.1;;51;44
2022;Grand Est;Marne;00-17 ans;Femmes;2.5;4.3;;51;44
2022;Grand Est;Marne;25-44 ans;Femmes;2.5;3.6;;51;44
2022;Grand Est;Marne;45-64 ans;Femmes;2.5;3.4;;51;44
2022;Grand Est;Marne;45-64 ans;Hommes et Femmes;13.5;9.5;;51;44
2023;Grand Est;Marne;25-44 ans;Hommes;23.0;34.3;;51;44
2023;Grand Est;Marne;65 ans et plus;Femmes;7.0;10.2;;51;44
2023;Grand Est;Marne;00-17 ans;Hommes et Femmes;0.0;0.0;;51;44
2023;Grand Est;Marne;65 ans et plus;Hommes et Femmes;22.0;18.5;;51;44
2023;Grand Est;Marne;Tous;Hommes et Femmes;72.5;12.9;12.8;51;44
2019;Grand Est;Haute-Marne;18-24 ans;Hommes;0.0;0.0;;52;44
2019;Grand Est;Haute-Marne;25-44 ans;Hommes;2.5;13.2;;52;44
2019;Grand Est;Haute-Marne;Tous;Hommes;18.5;21.9;23.3;52;44
2019;Grand Est;Haute-Marne;18-24 ans;Femmes;0.0;0.0;;52;44
2019;Grand Est;Haute-Marne;25-44 ans;Femmes;0.0;0.0;;52;44
2019;Grand Est;Haute-Marne;65 ans et plus;Femmes;2.5;10.3;;52;44
2019;Grand Est;Haute-Marne;45-64 ans;Hommes et Femmes;7.5;15.5;;52;44
2019;Grand Est;Haute-Marne;65 ans et plus;Hommes et Femmes;13.5;31.5;;52;44
2020;Grand Est;Haute-Marne;18-24 ans;Hommes;0.0;0.0;;52;44
2020;Grand Est;Haute-Marne;45-64 ans;Hommes;9.0;38.3;;52;44
2020;Grand Est;Haute-Marne;Tous;Hommes;18.5;22.0;20.8;52;44
2020;Grand Est;Haute-Marne;18-24 ans;Hommes et Femmes;0.0;0.0;;52;44
2020;Grand Est;Haute-Marne;45-64 ans;Hommes et Femmes;11.5;24.1;;52;44
2020;Grand Est;Haute-Marne;65 ans et plus;Hommes et Femmes;13.0;29.7;;52;44
2021;Grand Est;Haute-Marne;18-24 ans;Hommes;0.0;0.0;;52;44
2021;Grand Est;Haute-Marne;Tous;Hommes;13.5;16.1;16.9;52;44
2021;Grand Est;Haute-Marne;45-64 ans;Femmes;2.5;10.5;;52;44
2021;Grand Est;Haute-Marne;00-17 ans;Hommes et Femmes;0.0;0.0;;52;44
2022;Grand Est;Haute-Marne;18-24 ans;Hommes;0.0;0.0;;52;44
2022;Grand Est;Haute-Marne;25-44 ans;Hommes;5.0;27.2;;52;44
2022;Grand Est;Haute-Marne;45-64 ans;Femmes;2.5;10.8;;52;44
2022;Grand Est;Haute-Marne;65 ans et plus;Femmes;2.5;10.0;;52;44
2022;Grand Est;Haute-Marne;Tous;Femmes;5.0;5.8;6.7;52;44
2022;Grand Est;Haute-Marne;25-44 ans;Hommes et Femmes;7.5;21.0;;52;44
2023;Grand Est;Haute-Marne;18-24 ans;Hommes;2.5;37.9;;52;44
2023;Grand Est;Haute-Marne;25-44 ans;Hommes;6.0;32.6;;52;44
2023;Grand Est;Haute-Marne;00-17 ans;Femmes;0.0;0.0;;52;44
2023;Grand Est;Haute-Marne;18-24 ans;Femmes;0.0;0.0;;52;44
2023;Grand Est;Haute-Marne;25-44 ans;Femmes;0.0;0.0;;52;44
2023;Grand Est;Haute-Marne;45-64 ans;Femmes;2.5;11.0;;52;44
2023;Grand Est;Haute-Marne;65 ans et plus;Femmes;2.5;9.9;;52;44
2023;Grand Est;Haute-Marne;00-17 ans;Hommes et Femmes;0.0;0.0;;52;44
2023;Grand Est;Haute-Marne;18-24 ans;Hommes et Femmes;2.5;21.1;;52;44
2023;Grand Est;Haute-Marne;25-44 ans;Hommes et Femmes;6.0;16.8;;52;44
2019;Pays de la Loire;Mayenne;25-44 ans;Hommes;8.0;24.0;;53;52
2019;Pays de la Loire;Mayenne;65 ans et plus;Hommes;10.0;33.6;;53;52
2019;Pays de la Loire;Mayenne;25-44 ans;Hommes et Femmes;10.5;15.8;;53;52
2019;Pays de la Loire;Mayenne;Tous;Hommes et Femmes;44.5;14.5;14.2;53;52
2020;Pays de la Loire;Mayenne;18-24 ans;Hommes;2.5;20.4;;53;52
2020;Pays de la Loire;Mayenne;65 ans et plus;Hommes;19.0;63.1;;53;52
2020;Pays de la Loire;Mayenne;00-17 ans;Femmes;0.0;0.0;;53;52
2020;Pays de la Loire;Mayenne;18-24 ans;Femmes;0.0;0.0;;53;52
2020;Pays de la Loire;Mayenne;25-44 ans;Femmes;2.5;7.6;;53;52
2020;Pays de la Loire;Mayenne;Tous;Femmes;7.0;4.5;4.4;53;52
2020;Pays de la Loire;Mayenne;00-17 ans;Hommes et Femmes;0.0;0.0;;53;52
2020;Pays de la Loire;Mayenne;25-44 ans;Hommes et Femmes;11.5;17.5;;53;52
2021;Pays de la Loire;Mayenne;18-24 ans;Hommes;2.5;20.8;;53;52
2021;Pays de la Loire;Mayenne;25-44 ans;Hommes et Femmes;5.0;7.6;;53;52
2021;Pays de la Loire;Mayenne;45-64 ans;Hommes et Femmes;23.0;28.6;;53;52
2021;Pays de la Loire;Mayenne;Tous;Hommes et Femmes;52.0;17.0;16.8;53;52
2022;Pays de la Loire;Mayenne;25-44 ans;Hommes;7.0;21.1;;53;52
2022;Pays de la Loire;Mayenne;Tous;Hommes;45.5;30.2;28.9;53;52
2022;Pays de la Loire;Mayenne;18-24 ans;Femmes;0.0;0.0;;53;52
2022;Pays de la Loire;Mayenne;45-64 ans;Femmes;2.5;6.3;;53;52
2022;Pays de la Loire;Mayenne;Tous;Femmes;14.0;9.1;10.2;53;52
2022;Pays de la Loire;Mayenne;18-24 ans;Hommes et Femmes;2.5;11.2;;53;52
2023;Pays de la Loire;Mayenne;45-64 ans;Hommes;17.0;42.6;;53;52
2023;Pays de la Loire;Mayenne;45-64 ans;Femmes;2.5;6.4;;53;52
2023;Pays de la Loire;Mayenne;65 ans et plus;Femmes;8.0;20.1;;53;52
2023;Pays de la Loire;Mayenne;Tous;Femmes;10.5;6.8;8.7;53;52
2023;Pays de la Loire;Mayenne;25-44 ans;Hommes et Femmes;5.0;7.6;;53;52
2023;Pays de la Loire;Mayenne;Tous;Hommes et Femmes;49.5;16.2;15.8;53;52
2019;Grand Est;Meurthe-et-Moselle;00-17 ans;Hommes;2.5;3.2;;54;44
2019;Grand Est;Meurthe-et-Moselle;18-24 ans;Hommes;2.5;6.8;;54;44
2019;Grand Est;Meurthe-et-Moselle;65 ans et plus;Hommes;20.0;32.9;;54;44
2019;Grand Est;Meurthe-et-Moselle;25-44 ans;Femmes;5.0;5.6;;54;44
2019;Grand Est;Meurthe-et-Moselle;Tous;Femmes;22.5;6.0;5.9;54;44
2019;Grand Est;Meurthe-et-Moselle;25-44 ans;Hommes et Femmes;31.0;17.3;;54;44
2019;Grand Est;Meurthe-et-Moselle;65 ans et plus;Hommes et Femmes;28.0;19.5;;54;44
2020;Grand Est;Meurthe-et-Moselle;00-17 ans;Femmes;0.0;0.0;;54;44
2020;Grand Est;Meurthe-et-Moselle;45-64 ans;Femmes;11.0;11.5;;54;44
2020;Grand Est;Meurthe-et-Moselle;65 ans et plus;Femmes;2.5;3.0;;54;44
2020;Grand Est;Meurthe-et-Moselle;18-24 ans;Hommes et Femmes;5.0;6.9;;54;44
2021;Grand Est;Meurthe-et-Moselle;25-44 ans;Hommes;12.0;13.3;;54;44
2021;Grand Est;Meurthe-et-Moselle;45-64 ans;Hommes;26.0;28.8;;54;44
2021;Grand Est;Meurthe-et-Moselle;18-24 ans;Femmes;0.0;0.0;;54;44
2021;Grand Est;Meurthe-et-Moselle;45-64 ans;Femmes;9.0;9.5;;54;44
2021;Grand Est;Meurthe-et-Moselle;25-44 ans;Hommes et Femmes;23.0;12.8;;54;44
2021;Grand Est;Meurthe-et-Moselle;65 ans et plus;Hommes et Femmes;27.0;18.3;;54;44
2022;Grand Est;Meurthe-et-Moselle;18-24 ans;Hommes;5.0;14.0;;54;44
2022;Grand Est;Meurthe-et-Moselle;25-44 ans;Hommes;27.0;29.9;;54;44
2022;Grand Est;Meurthe-et-Moselle;45-64 ans;Hommes;27.0;30.0;;54;44
2022;Grand Est;Meurthe-et-Moselle;65 ans et plus;Hommes;15.0;23.8;;54;44
2022;Grand Est;Meurthe-et-Moselle;00-17 ans;Femmes;0.0;0.0;;54;44
2022;Grand Est;Meurthe-et-Moselle;Tous;Femmes;30.5;8.1;8.0;54;44
2022;Grand Est;Meurthe-et-Moselle;45-64 ans;Hommes et Femmes;42.0;22.9;;54;44
2022;Grand Est;Meurthe-et-Moselle;65 ans et plus;Hommes et Femmes;22.0;14.8;;54;44
2022;Grand Est;Meurthe-et-Moselle;Tous;Hommes et Femmes;104.5;14.3;14.2;54;44
2023;Grand Est;Meurthe-et-Moselle;25-44 ans;Hommes;17.0;18.8;;54;44
2023;Grand Est;Meurthe-et-Moselle;65 ans et plus;Hommes;28.0;43.8;;54;44
2023;Grand Est;Meurthe-et-Moselle;18-24 ans;Femmes;2.5;7.1;;54;44
2023;Grand Est;Meurthe-et-Moselle;25-44 ans;Femmes;2.5;2.8;;54;44
2023;Grand Est;Meurthe-et-Moselle;45-64 ans;Femmes;12.0;12.9;;54;44
2023;Grand Est;Meurthe-et-Moselle;65 ans et plus;Hommes et Femmes;30.5;20.3;;54;44
2023;Grand Est;Meurthe-et-Moselle;Tous;Hommes et Femmes;84.5;11.5;11.5;54;44
2019;Grand Est;Meuse;18-24 ans;Hommes;0.0;0.0;;55;44
2019;Grand Est;Meuse;65 ans et plus;Hommes;8.0;43.2;;55;44
2019;Grand Est;Meuse;45-64 ans;Femmes;2.5;9.8;;55;44
2019;Grand Est;Meuse;00-17 ans;Hommes et Femmes;0.0;0.0;;55;44
2020;Grand Est;Meuse;18-24 ans;Hommes;0.0;0.0;;55;44
2020;Grand Est;Meuse;65 ans et plus;Hommes;15.0;79.3;;55;44
2020;Grand Est;Meuse;65 ans et plus;Femmes;2.5;10.3;;55;44
2020;Grand Est;Meuse;25-44 ans;Hommes et Femmes;12.5;31.2;;55;44
2021;Grand Est;Meuse;65 ans et plus;Femmes;2.5;10.2;;55;44
2021;Grand Est;Meuse;18-24 ans;Hommes et Femmes;2.5;19.7;;55;44
2021;Grand Est;Meuse;Tous;Hommes et Femmes;28.5;15.7;15.0;55;44
2022;Grand Est;Meuse;18-24 ans;Hommes;0.0;0.0;;55;44
2022;Grand Est;Meuse;65 ans et plus;Hommes;13.0;66.6;;55;44
2022;Grand Est;Meuse;45-64 ans;Femmes;2.5;10.2;;55;44
2023;Grand Est;Meuse;25-44 ans;Hommes;10.0;50.5;;55;44
2023;Grand Est;Meuse;25-44 ans;Femmes;0.0;0.0;;55;44
2023;Grand Est;Meuse;45-64 ans;Femmes;2.5;10.3;;55;44
2023;Grand Est;Meuse;45-64 ans;Hommes et Femmes;12.5;25.8;;55;44
2023;Grand Est;Meuse;Tous;Hommes et Femmes;34.5;19.2;17.6;55;44
2019;Bretagne;Morbihan;00-17 ans;Hommes;2.5;3.2;;56;53
2019;Bretagne;Morbihan;45-64 ans;Hommes;45.0;43.7;;56;53
2019;Bretagne;Morbihan;00-17 ans;Femmes;2.5;3.3;;56;53
2019;Bretagne;Morbihan;45-64 ans;Femmes;26.0;24.2;;56;53
2019;Bretagne;Morbihan;65 ans et plus;Femmes;14.0;13.1;;56;53
2020;Bretagne;Morbihan;00-17 ans;Hommes;2.5;3.2;;56;53
2020;Bretagne;Morbihan;Tous;Hommes;127.0;34.3;32.5;56;53
2020;Bretagne;Morbihan;45-64 ans;Femmes;22.0;20.4;;56;53
2020;Bretagne;Morbihan;65 ans et plus;Femmes;17.0;15.6;;56;53
2020;Bretagne;Morbihan;Tous;Femmes;45.0;11.4;10.6;56;53
2020;Bretagne;Morbihan;Tous;Hommes et Femmes;172.0;22.5;21.2;56;53
2021;Bretagne;Morbihan;25-44 ans;Hommes;36.0;45.4;;56;53
2021;Bretagne;Morbihan;65 ans et plus;Hommes;41.0;48.6;;56;53
2021;Bretagne;Morbihan;45-64 ans;Femmes;17.0;15.7;;56;53
2021;Bretagne;Morbihan;18-24 ans;Hommes et Femmes;2.5;4.9;;56;53
2021;Bretagne;Morbihan;25-44 ans;Hommes et Femmes;43.0;27.1;;56;53
2021;Bretagne;Morbihan;Tous;Hommes et Femmes;170.5;22.2;21.4;56;53
2022;Bretagne;Morbihan;00-17 ans;Hommes;0.0;0.0;;56;53
2022;Bretagne;Morbihan;25-44 ans;Hommes;46.0;57.4;;56;53
2022;Bretagne;Morbihan;45-64 ans;Hommes;47.0;45.3;;56;53
2022;Bretagne;Morbihan;Tous;Hommes;135.0;35.8;35.3;56;53
2022;Bretagne;Morbihan;00-17 ans;Hommes et Femmes;0.0;0.0;;56;53
2022;Bretagne;Morbihan;45-64 ans;Hommes et Femmes;56.0;26.4;;56;53
2023;Bretagne;Morbihan;00-17 ans;Hommes;0.0;0.0;;56;53
2023;Bretagne;Morbihan;25-44 ans;Hommes;38.0;47.0;;56;53
2023;Bretagne;Morbihan;65 ans et plus;Hommes;51.0;56.8;;56;53
2023;Bretagne;Morbihan;Tous;Hommes;140.5;37.0;35.7;56;53
2023;Bretagne;Morbihan;00-17 ans;Femmes;2.5;3.5;;56;53
2023;Bretagne;Morbihan;18-24 ans;Femmes;0.0;0.0;;56;53
2023;Bretagne;Morbihan;45-64 ans;Hommes et Femmes;71.0;33.6;;56;53
2023;Bretagne;Morbihan;65 ans et plus;Hommes et Femmes;69.0;33.5;;56;53
2023;Bretagne;Morbihan;Tous;Hommes et Femmes;191.0;24.5;23.2;56;53
2019;Grand Est;Moselle;25-44 ans;Hommes;29.0;22.5;;57;44
2019;Grand Est;Moselle;45-64 ans;Hommes;30.0;20.9;;57;44
2019;Grand Est;Moselle;65 ans et plus;Femmes;2.5;2.1;;57;44
2019;Grand Est;Moselle;00-17 ans;Hommes et Femmes;2.5;1.2;;57;44
2019;Grand Est;Moselle;25-44 ans;Hommes et Femmes;38.0;14.7;;57;44
2020;Grand Est;Moselle;45-64 ans;Femmes;10.0;6.8;;57;44
2020;Grand Est;Moselle;18-24 ans;Hommes et Femmes;2.5;3.2;;57;44
2021;Grand Est;Moselle;25-44 ans;Hommes;15.0;11.5;;57;44
2021;Grand Est;Moselle;Tous;Hommes;99.5;19.4;18.8;57;44
2021;Grand Est;Moselle;25-44 ans;Femmes;5.0;3.9;;57;44
2021;Grand Est;Moselle;00-17 ans;Hommes et Femmes;2.5;1.2;;57;44
2021;Grand Est;Moselle;18-24 ans;Hommes et Femmes;5.0;6.4;;57;44
2021;Grand Est;Moselle;25-44 ans;Hommes et Femmes;20.0;7.7;;57;44
2021;Grand Est;Moselle;45-64 ans;Hommes et Femmes;63.0;22.0;;57;44
2022;Grand Est;Moselle;18-24 ans;Hommes;2.5;6.1;;57;44
2022;Grand Est;Moselle;25-44 ans;Hommes;29.0;22.2;;57;44
2022;Grand Est;Moselle;45-64 ans;Hommes;29.0;20.8;;57;44
2022;Grand Est;Moselle;Tous;Hommes;91.5;17.8;17.2;57;44
2022;Grand Est;Moselle;45-64 ans;Femmes;14.0;9.7;;57;44
2022;Grand Est;Moselle;Tous;Femmes;32.0;6.0;5.9;57;44
2022;Grand Est;Moselle;25-44 ans;Hommes et Femmes;35.0;13.4;;57;44
2022;Grand Est;Moselle;45-64 ans;Hommes et Femmes;43.0;15.1;;57;44
2022;Grand Est;Moselle;65 ans et plus;Hommes et Femmes;39.0;17.8;;57;44
2022;Grand Est;Moselle;Tous;Hommes et Femmes;123.5;11.8;11.3;57;44
2023;Grand Est;Moselle;00-17 ans;Hommes;2.5;2.3;;57;44
2023;Grand Est;Moselle;Tous;Hommes;86.5;16.8;16.4;57;44
2023;Grand Est;Moselle;00-17 ans;Femmes;0.0;0.0;;57;44
2023;Grand Est;Moselle;18-24 ans;Femmes;2.5;6.8;;57;44
2023;Grand Est;Moselle;25-44 ans;Femmes;7.0;5.4;;57;44
2023;Grand Est;Moselle;18-24 ans;Hommes et Femmes;8.5;10.9;;57;44
2023;Grand Est;Moselle;65 ans et plus;Hommes et Femmes;33.0;14.8;;57;44
2019;Bourgogne et Franche-Comté;Nièvre;00-17 ans;Femmes;0.0;0.0;;58;27
2020;Bourgogne et Franche-Comté;Nièvre;00-17 ans;Hommes;0.0;0.0;;58;27
2020;Bourgogne et Franche-Comté;Nièvre;25-44 ans;Femmes;2.5;13.2;;58;27
2020;Bourgogne et Franche-Comté;Nièvre;18-24 ans;Hommes et Femmes;0.0;0.0;;58;27
2020;Bourgogne et Franche-Comté;Nièvre;25-44 ans;Hommes et Femmes;7.5;19.8;;58;27
2020;Bourgogne et Franche-Comté;Nièvre;65 ans et plus;Hommes et Femmes;11.5;18.8;;58;27
2021;Bourgogne et Franche-Comté;Nièvre;45-64 ans;Hommes;9.0;32.9;;58;27
2021;Bourgogne et Franche-Comté;Nièvre;Tous;Hommes;28.5;29.3;26.6;58;27
2021;Bourgogne et Franche-Comté;Nièvre;00-17 ans;Femmes;0.0;0.0;;58;27
2021;Bourgogne et Franche-Comté;Nièvre;25-44 ans;Femmes;2.5;13.2;;58;27
2021;Bourgogne et Franche-Comté;Nièvre;45-64 ans;Femmes;5.0;17.7;;58;27
2021;Bourgogne et Franche-Comté;Nièvre;65 ans et plus;Femmes;2.5;7.1;;58;27
2021;Bourgogne et Franche-Comté;Nièvre;65 ans et plus;Hommes et Femmes;13.5;21.9;;58;27
2021;Bourgogne et Franche-Comté;Nièvre;Tous;Hommes et Femmes;38.5;19.0;16.5;58;27
2022;Bourgogne et Franche-Comté;Nièvre;00-17 ans;Hommes;0.0;0.0;;58;27
2022;Bourgogne et Franche-Comté;Nièvre;18-24 ans;Hommes;0.0;0.0;;58;27
2022;Bourgogne et Franche-Comté;Nièvre;45-64 ans;Hommes;15.0;55.1;;58;27
2022;Bourgogne et Franche-Comté;Nièvre;65 ans et plus;Femmes;6.0;17.2;;58;27
2022;Bourgogne et Franche-Comté;Nièvre;00-17 ans;Hommes et Femmes;0.0;0.0;;58;27
2022;Bourgogne et Franche-Comté;Nièvre;25-44 ans;Hommes et Femmes;7.0;18.3;;58;27
2022;Bourgogne et Franche-Comté;Nièvre;65 ans et plus;Hommes et Femmes;16.0;26.0;;58;27
2023;Bourgogne et Franche-Comté;Nièvre;00-17 ans;Hommes;0.0;0.0;;58;27
2023;Bourgogne et Franche-Comté;Nièvre;18-24 ans;Hommes;0.0;0.0;;58;27
2023;Bourgogne et Franche-Comté;Nièvre;25-44 ans;Femmes;2.5;13.0;;58;27
2023;Bourgogne et Franche-Comté;Nièvre;Tous;Femmes;8.0;7.7;6.7;58;27
2023;Bourgogne et Franche-Comté;Nièvre;00-17 ans;Hommes et Femmes;0.0;0.0;;58;27
2019;Hauts-de-France;Nord;00-17 ans;Hommes;2.5;0.8;;59;32
2019;Hauts-de-France;Nord;18-24 ans;Hommes;13.0;10.4;;59;32
2019;Hauts-de-France;Nord;65 ans et plus;Hommes;50.0;27.2;;59;32
2019;Hauts-de-France;Nord;Tous;Hommes;242.5;19.3;20.4;59;32
2019;Hauts-de-France;Nord;25-44 ans;Femmes;20.0;6.0;;59;32
2019;Hauts-de-France;Nord;45-64 ans;Femmes;42.0;12.7;;59;32
2019;Hauts-de-France;Nord;25-44 ans;Hommes et Femmes;95.0;14.4;;59;32
2019;Hauts-de-France;Nord;65 ans et plus;Hommes et Femmes;68.0;15.2;;59;32
2020;Hauts-de-France;Nord;00-17 ans;Hommes;2.5;0.8;;59;32
2020;Hauts-de-France;Nord;18-24 ans;Hommes;8.0;6.4;;59;32
2020;Hauts-de-France;Nord;Tous;Hommes;265.5;21.1;22.7;59;32
2020;Hauts-de-France;Nord;00-17 ans;Femmes;2.5;0.8;;59;32
2020;Hauts-de-France;Nord;45-64 ans;Femmes;43.0;13.0;;59;32
2020;Hauts-de-France;Nord;Tous;Femmes;97.0;7.2;7.5;59;32
2020;Hauts-de-France;Nord;00-17 ans;Hommes et Femmes;6.0;1.0;;59;32
2020;Hauts-de-France;Nord;45-64 ans;Hommes et Femmes;153.0;23.9;;59;32
2021;Hauts-de-France;Nord;65 ans et plus;Hommes;61.0;31.8;;59;32
2021;Hauts-de-France;Nord;25-44 ans;Femmes;20.0;6.0;;59;32
2021;Hauts-de-France;Nord;45-64 ans;Hommes et Femmes;137.0;21.4;;59;32
2021;Hauts-de-France;Nord;65 ans et plus;Hommes et Femmes;84.0;18.1;;59;32
2022;Hauts-de-France;Nord;18-24 ans;Hommes;17.0;13.5;;59;32
2022;Hauts-de-France;Nord;45-64 ans;Hommes;88.0;28.3;;59;32
2022;Hauts-de-France;Nord;45-64 ans;Femmes;36.0;11.0;;59;32
2022;Hauts-de-France;Nord;Tous;Femmes;89.0;6.6;6.8;59;32
2022;Hauts-de-France;Nord;45-64 ans;Hommes et Femmes;124.0;19.5;;59;32
2022;Hauts-de-France;Nord;65 ans et plus;Hommes et Femmes;109.0;23.0;;59;32
2023;Hauts-de-France;Nord;Tous;Hommes;262.5;20.8;22.1;59;32
2023;Hauts-de-France;Nord;18-24 ans;Femmes;11.0;8.8;;59;32
2023;Hauts-de-France;Nord;25-44 ans;Femmes;14.0;4.2;;59;32
2023;Hauts-de-France;Nord;45-64 ans;Femmes;24.0;7.4;;59;32
2023;Hauts-de-France;Nord;Tous;Femmes;70.5;5.2;5.3;59;32
2023;Hauts-de-France;Nord;Tous;Hommes et Femmes;334.0;12.8;13.4;59;32
2019;Hauts-de-France;Oise;00-17 ans;Hommes;0.0;0.0;;60;32
2019;Hauts-de-France;Oise;65 ans et plus;Hommes;18.0;28.8;;60;32
2019;Hauts-de-France;Oise;00-17 ans;Femmes;2.5;2.6;;60;32
2019;Hauts-de-France;Oise;18-24 ans;Femmes;0.0;0.0;;60;32
2019;Hauts-de-France;Oise;25-44 ans;Femmes;5.0;4.8;;60;32
2019;Hauts-de-France;Oise;65 ans et plus;Hommes et Femmes;23.0;16.2;;60;32
2020;Hauts-de-France;Oise;18-24 ans;Hommes;2.5;7.6;;60;32
2020;Hauts-de-France;Oise;00-17 ans;Femmes;0.0;0.0;;60;32
2020;Hauts-de-France;Oise;18-24 ans;Femmes;2.5;8.2;;60;32
2020;Hauts-de-France;Oise;45-64 ans;Femmes;11.0;10.0;;60;32
2020;Hauts-de-France;Oise;25-44 ans;Hommes et Femmes;16.5;8.1;;60;32
2020;Hauts-de-France;Oise;45-64 ans;Hommes et Femmes;48.0;22.0;;60;32
2020;Hauts-de-France;Oise;Tous;Hommes et Femmes;113.0;13.6;14.3;60;32
2021;Hauts-de-France;Oise;00-17 ans;Hommes;2.5;2.5;;60;32
2021;Hauts-de-France;Oise;65 ans et plus;Hommes;32.0;49.5;;60;32
2021;Hauts-de-France;Oise;Tous;Hommes;76.0;18.7;20.0;60;32
2021;Hauts-de-France;Oise;45-64 ans;Femmes;11.0;10.0;;60;32
2021;Hauts-de-France;Oise;65 ans et plus;Femmes;5.0;6.0;;60;32
2021;Hauts-de-France;Oise;45-64 ans;Hommes et Femmes;33.0;15.1;;60;32
2022;Hauts-de-France;Oise;00-17 ans;Hommes;2.5;2.5;;60;32
2022;Hauts-de-France;Oise;18-24 ans;Hommes;2.5;7.4;;60;32
2022;Hauts-de-France;Oise;65 ans et plus;Hommes;22.0;33.5;;60;32
2022;Hauts-de-France;Oise;Tous;Femmes;24.0;5.7;6.0;60;32
2023;Hauts-de-France;Oise;00-17 ans;Hommes;0.0;0.0;;60;32
2023;Hauts-de-France;Oise;25-44 ans;Femmes;2.5;2.4;;60;32
2023;Hauts-de-France;Oise;00-17 ans;Hommes et Femmes;0.0;0.0;;60;32
2023;Hauts-de-France;Oise;18-24 ans;Hommes et Femmes;2.5;3.8;;60;32
2023;Hauts-de-France;Oise;25-44 ans;Hommes et Femmes;16.5;8.2;;60;32
2019;Normandie;Orne;65 ans et plus;Hommes;23.0;72.7;;61;28
2019;Normandie;Orne;45-64 ans;Femmes;6.0;15.4;;61;28
2019;Normandie;Orne;Tous;Femmes;9.0;6.3;5.9;61;28
2019;Normandie;Orne;25-44 ans;Hommes et Femmes;13.5;24.4;;61;28
2019;Normandie;Orne;Tous;Hommes et Femmes;70.5;25.2;22.3;61;28
2020;Normandie;Orne;18-24 ans;Hommes;0.0;0.0;;61;28
2020;Normandie;Orne;Tous;Hommes;43.5;32.0;30.3;61;28
2020;Normandie;Orne;18-24 ans;Femmes;0.0;0.0;;61;28
2020;Normandie;Orne;25-44 ans;Femmes;2.5;9.1;;61;28
2020;Normandie;Orne;65 ans et plus;Femmes;10.0;24.1;;61;28
2020;Normandie;Orne;18-24 ans;Hommes et Femmes;0.0;0.0;;61;28
2021;Normandie;Orne;00-17 ans;Hommes;2.5;9.0;;61;28
2021;Normandie;Orne;65 ans et plus;Hommes;23.0;70.3;;61;28
2021;Normandie;Orne;00-17 ans;Femmes;0.0;0.0;;61;28
2021;Normandie;Orne;45-64 ans;Femmes;2.5;6.6;;61;28
2021;Normandie;Orne;00-17 ans;Hommes et Femmes;2.5;4.7;;61;28
2021;Normandie;Orne;Tous;Hommes et Femmes;80.5;29.1;26.8;61;28
2022;Normandie;Orne;65 ans et plus;Hommes;19.0;57.6;;61;28
2022;Normandie;Orne;Tous;Hommes;45.0;33.4;33.1;61;28
2022;Normandie;Orne;18-24 ans;Femmes;0.0;0.0;;61;28
2022;Normandie;Orne;25-44 ans;Femmes;5.0;18.4;;61;28
2022;Normandie;Orne;65 ans et plus;Femmes;5.0;11.8;;61;28
2023;Normandie;Orne;18-24 ans;Hommes;2.5;25.7;;61;28
2023;Normandie;Orne;Tous;Hommes;35.5;26.4;25.2;61;28
2023;Normandie;Orne;00-17 ans;Femmes;0.0;0.0;;61;28
2023;Normandie;Orne;45-64 ans;Femmes;2.5;6.8;;61;28
2019;Hauts-de-France;Pas-de-Calais;00-17 ans;Hommes;0.0;0.0;;62;32
2019;Hauts-de-France;Pas-de-Calais;25-44 ans;Hommes;50.0;28.7;;62;32
2019;Hauts-de-France;Pas-de-Calais;Tous;Hommes;203.0;28.6;29.4;62;32
2019;Hauts-de-France;Pas-de-Calais;18-24 ans;Femmes;2.5;4.5;;62;32
2019;Hauts-de-France;Pas-de-Calais;45-64 ans;Femmes;32.0;16.5;;62;32
2019;Hauts-de-France;Pas-de-Calais;00-17 ans;Hommes et Femmes;2.5;0.7;;62;32
2019;Hauts-de-France;Pas-de-Calais;18-24 ans;Hommes et Femmes;15.5;13.2;;62;32
2019;Hauts-de-France;Pas-de-Calais;25-44 ans;Hommes et Femmes;62.0;17.8;;62;32
2019;Hauts-de-France;Pas-de-Calais;65 ans et plus;Hommes et Femmes;61.0;21.9;;62;32
2020;Hauts-de-France;Pas-de-Calais;45-64 ans;Hommes;87.0;46.4;;62;32
2020;Hauts-de-France;Pas-de-Calais;65 ans et plus;Hommes;53.0;45.3;;62;32
2020;Hauts-de-France;Pas-de-Calais;Tous;Hommes;203.5;28.7;29.5;62;32
2020;Hauts-de-France;Pas-de-Calais;25-44 ans;Hommes et Femmes;65.0;18.8;;62;32
2020;Hauts-de-France;Pas-de-Calais;65 ans et plus;Hommes et Femmes;66.0;23.3;;62;32
2020;Hauts-de-France;Pas-de-Calais;Tous;Hommes et Femmes;260.0;17.8;18.1;62;32
2021;Hauts-de-France;Pas-de-Calais;00-17 ans;Hommes;2.5;1.5;;62;32
2021;Hauts-de-France;Pas-de-Calais;25-44 ans;Hommes;57.0;33.4;;62;32
2021;Hauts-de-France;Pas-de-Calais;45-64 ans;Hommes;77.0;41.2;;62;32
2021;Hauts-de-France;Pas-de-Calais;65 ans et plus;Hommes;60.0;50.2;;62;32
2021;Hauts-de-France;Pas-de-Calais;00-17 ans;Femmes;2.5;1.5;;62;32
2021;Hauts-de-France;Pas-de-Calais;00-17 ans;Hommes et Femmes;2.5;0.8;;62;32
2021;Hauts-de-France;Pas-de-Calais;45-64 ans;Hommes et Femmes;102.0;26.9;;62;32
2021;Hauts-de-France;Pas-de-Calais;65 ans et plus;Hommes et Femmes;75.0;26.0;;62;32
2022;Hauts-de-France;Pas-de-Calais;18-24 ans;Hommes;6.0;9.9;;62;32
2022;Hauts-de-France;Pas-de-Calais;25-44 ans;Hommes;63.0;36.8;;62;32
2022;Hauts-de-France;Pas-de-Calais;45-64 ans;Hommes;83.0;44.7;;62;32
2022;Hauts-de-France;Pas-de-Calais;65 ans et plus;Hommes;48.0;39.4;;62;32
2022;Hauts-de-France;Pas-de-Calais;Tous;Hommes;202.5;28.6;29.1;62;32
2022;Hauts-de-France;Pas-de-Calais;00-17 ans;Femmes;2.5;1.6;;62;32
2022;Hauts-de-France;Pas-de-Calais;65 ans et plus;Femmes;16.0;9.3;;62;32
2022;Hauts-de-France;Pas-de-Calais;Tous;Femmes;59.0;7.8;7.9;62;32
2022;Hauts-de-France;Pas-de-Calais;65 ans et plus;Hommes et Femmes;64.0;21.8;;62;32
2022;Hauts-de-France;Pas-de-Calais;Tous;Hommes et Femmes;261.5;17.9;18.2;62;32
2023;Hauts-de-France;Pas-de-Calais;00-17 ans;Hommes;2.5;1.5;;62;32
2023;Hauts-de-France;Pas-de-Calais;18-24 ans;Hommes;10.0;16.5;;62;32
2023;Hauts-de-France;Pas-de-Calais;45-64 ans;Hommes;80.0;43.3;;62;32
2023;Hauts-de-France;Pas-de-Calais;65 ans et plus;Hommes;56.0;45.0;;62;32
2023;Hauts-de-France;Pas-de-Calais;Tous;Hommes;195.5;27.7;28.0;62;32
2023;Hauts-de-France;Pas-de-Calais;00-17 ans;Femmes;2.5;1.6;;62;32
2023;Hauts-de-France;Pas-de-Calais;18-24 ans;Femmes;2.5;4.5;;62;32
2023;Hauts-de-France;Pas-de-Calais;25-44 ans;Femmes;12.0;6.9;;62;32
2019;Auvergne et Rhône-Alpes;Puy-de-Dôme;18-24 ans;Hommes;8.0;27.8;;63;84
2019;Auvergne et Rhône-Alpes;Puy-de-Dôme;65 ans et plus;Hommes;22.0;35.7;;63;84
2019;Auvergne et Rhône-Alpes;Puy-de-Dôme;Tous;Hommes;72.0;22.5;22.0;63;84
2019;Auvergne et Rhône-Alpes;Puy-de-Dôme;00-17 ans;Femmes;0.0;0.0;;63;84
2019;Auvergne et Rhône-Alpes;Puy-de-Dôme;Tous;Femmes;24.0;7.0;6.9;63;84
2019;Auvergne et Rhône-Alpes;Puy-de-Dôme;00-17 ans;Hommes et Femmes;0.0;0.0;;63;84
2019;Auvergne et Rhône-Alpes;Puy-de-Dôme;18-24 ans;Hommes et Femmes;10.5;18.2;;63;84
2019;Auvergne et Rhône-Alpes;Puy-de-Dôme;25-44 ans;Hommes et Femmes;15.5;10.0;;63;84
2020;Auvergne et Rhône-Alpes;Puy-de-Dôme;00-17 ans;Hommes;0.0;0.0;;63;84
2020;Auvergne et Rhône-Alpes;Puy-de-Dôme;25-44 ans;Hommes;16.0;21.0;;63;84
2020;Auvergne et Rhône-Alpes;Puy-de-Dôme;45-64 ans;Femmes;13.0;14.8;;63;84
2020;Auvergne et Rhône-Alpes;Puy-de-Dôme;Tous;Femmes;19.0;5.6;5.4;63;84
2020;Auvergne et Rhône-Alpes;Puy-de-Dôme;45-64 ans;Hommes et Femmes;47.0;27.1;;63;84
2021;Auvergne et Rhône-Alpes;Puy-de-Dôme;00-17 ans;Hommes;0.0;0.0;;63;84
2021;Auvergne et Rhône-Alpes;Puy-de-Dôme;18-24 ans;Hommes;2.5;8.6;;63;84
2021;Auvergne et Rhône-Alpes;Puy-de-Dôme;00-17 ans;Femmes;0.0;0.0;;63;84
2021;Auvergne et Rhône-Alpes;Puy-de-Dôme;18-24 ans;Femmes;0.0;0.0;;63;84
2021;Auvergne et Rhône-Alpes;Puy-de-Dôme;45-64 ans;Femmes;8.0;9.2;;63;84
2021;Auvergne et Rhône-Alpes;Puy-de-Dôme;Tous;Femmes;24.0;7.0;6.9;63;84
2021;Auvergne et Rhône-Alpes;Puy-de-Dôme;25-44 ans;Hommes et Femmes;21.0;13.7;;63;84
2021;Auvergne et Rhône-Alpes;Puy-de-Dôme;Tous;Hommes et Femmes;105.5;15.9;15.8;63;84
2022;Auvergne et Rhône-Alpes;Puy-de-Dôme;45-64 ans;Hommes;27.0;31.9;;63;84
2022;Auvergne et Rhône-Alpes;Puy-de-Dôme;65 ans et plus;Hommes;35.0;54.0;;63;84
2022;Auvergne et Rhône-Alpes;Puy-de-Dôme;00-17 ans;Femmes;2.5;3.9;;63;84
2022;Auvergne et Rhône-Alpes;Puy-de-Dôme;25-44 ans;Femmes;2.5;3.2;;63;84
2022;Auvergne et Rhône-Alpes;Puy-de-Dôme;65 ans et plus;Femmes;6.0;7.0;;63;84
2022;Auvergne et Rhône-Alpes;Puy-de-Dôme;65 ans et plus;Hommes et Femmes;41.0;27.3;;63;84
2023;Auvergne et Rhône-Alpes;Puy-de-Dôme;00-17 ans;Hommes;0.0;0.0;;63;84
2023;Auvergne et Rhône-Alpes;Puy-de-Dôme;18-24 ans;Hommes;2.5;8.4;;63;84
2023;Auvergne et Rhône-Alpes;Puy-de-Dôme;25-44 ans;Hommes;20.0;25.8;;63;84
2023;Auvergne et Rhône-Alpes;Puy-de-Dôme;45-64 ans;Hommes;22.0;26.2;;63;84
2023;Auvergne et Rhône-Alpes;Puy-de-Dôme;00-17 ans;Femmes;2.5;4.0;;63;84
2023;Auvergne et Rhône-Alpes;Puy-de-Dôme;18-24 ans;Femmes;2.5;8.6;;63;84
2023;Auvergne et Rhône-Alpes;Puy-de-Dôme;45-64 ans;Femmes;8.0;9.3;;63;84
2023;Auvergne et Rhône-Alpes;Puy-de-Dôme;45-64 ans;Hommes et Femmes;30.0;17.7;;63;84
2023;Auvergne et Rhône-Alpes;Puy-de-Dôme;Tous;Hommes et Femmes;94.0;14.2;13.6;63;84
2019;Nouvelle Aquitaine;Pyrénées-Atlantiques;25-44 ans;Hommes;12.0;16.0;;64;75
2019;Nouvelle Aquitaine;Pyrénées-Atlantiques;Tous;Hommes;56.5;17.3;15.9;64;75
2019;Nouvelle Aquitaine;Pyrénées-Atlantiques;00-17 ans;Femmes;2.5;3.9;;64;75
2019;Nouvelle Aquitaine;Pyrénées-Atlantiques;25-44 ans;Hommes et Femmes;14.5;9.5;;64;75
2020;Nouvelle Aquitaine;Pyrénées-Atlantiques;45-64 ans;Hommes;12.0;13.1;;64;75
2020;Nouvelle Aquitaine;Pyrénées-Atlantiques;65 ans et plus;Femmes;8.0;8.3;;64;75
2021;Nouvelle Aquitaine;Pyrénées-Atlantiques;00-17 ans;Femmes;0.0;0.0;;64;75
2021;Nouvelle Aquitaine;Pyrénées-Atlantiques;25-44 ans;Femmes;2.5;3.2;;64;75
2021;Nouvelle Aquitaine;Pyrénées-Atlantiques;45-64 ans;Femmes;7.0;7.2;;64;75
2021;Nouvelle Aquitaine;Pyrénées-Atlantiques;Tous;Femmes;20.0;5.5;5.2;64;75
2021;Nouvelle Aquitaine;Pyrénées-Atlantiques;00-17 ans;Hommes et Femmes;0.0;0.0;;64;75
2021;Nouvelle Aquitaine;Pyrénées-Atlantiques;45-64 ans;Hommes et Femmes;22.0;11.6;;64;75
2021;Nouvelle Aquitaine;Pyrénées-Atlantiques;65 ans et plus;Hommes et Femmes;32.0;18.6;;64;75
2022;Nouvelle Aquitaine;Pyrénées-Atlantiques;18-24 ans;Hommes;2.5;9.8;;64;75
2022;Nouvelle Aquitaine;Pyrénées-Atlantiques;25-44 ans;Hommes;9.0;11.7;;64;75
2022;Nouvelle Aquitaine;Pyrénées-Atlantiques;65 ans et plus;Hommes;19.0;25.4;;64;75
2022;Nouvelle Aquitaine;Pyrénées-Atlantiques;Tous;Hommes;51.5;15.3;13.9;64;75
2022;Nouvelle Aquitaine;Pyrénées-Atlantiques;18-24 ans;Femmes;2.5;10.9;;64;75
2022;Nouvelle Aquitaine;Pyrénées-Atlantiques;25-44 ans;Femmes;2.5;3.1;;64;75
2022;Nouvelle Aquitaine;Pyrénées-Atlantiques;45-64 ans;Femmes;6.0;6.1;;64;75
2022;Nouvelle Aquitaine;Pyrénées-Atlantiques;65 ans et plus;Hommes et Femmes;27.0;15.4;;64;75
2023;Nouvelle Aquitaine;Pyrénées-Atlantiques;00-17 ans;Hommes;0.0;0.0;;64;75
2023;Nouvelle Aquitaine;Pyrénées-Atlantiques;25-44 ans;Hommes;9.0;11.7;;64;75
2023;Nouvelle Aquitaine;Pyrénées-Atlantiques;00-17 ans;Hommes et Femmes;0.0;0.0;;64;75
2023;Nouvelle Aquitaine;Pyrénées-Atlantiques;65 ans et plus;Hommes et Femmes;25.0;14.0;;64;75
2019;Occitanie;Hautes-Pyrénées;00-17 ans;Hommes;0.0;0.0;;65;76
2019;Occitanie;Hautes-Pyrénées;18-24 ans;Femmes;0.0;0.0;;65;76
2019;Occitanie;Hautes-Pyrénées;25-44 ans;Femmes;0.0;0.0;;65;76
2019;Occitanie;Hautes-Pyrénées;65 ans et plus;Femmes;2.5;7.1;;65;76
2019;Occitanie;Hautes-Pyrénées;00-17 ans;Hommes et Femmes;0.0;0.0;;65;76
2019;Occitanie;Hautes-Pyrénées;45-64 ans;Hommes et Femmes;17.5;26.9;;65;76
2019;Occitanie;Hautes-Pyrénées;65 ans et plus;Hommes et Femmes;16.5;26.7;;65;76
2019;Occitanie;Hautes-Pyrénées;Tous;Hommes et Femmes;41.0;17.9;16.2;65;76
2020;Occitanie;Hautes-Pyrénées;25-44 ans;Hommes;5.0;22.3;;65;76
2020;Occitanie;Hautes-Pyrénées;65 ans et plus;Hommes;8.0;29.4;;65;76
2020;Occitanie;Hautes-Pyrénées;Tous;Hommes;15.5;14.0;14.3;65;76
2021;Occitanie;Hautes-Pyrénées;00-17 ans;Hommes;0.0;0.0;;65;76
2021;Occitanie;Hautes-Pyrénées;18-24 ans;Hommes;2.5;27.3;;65;76
2021;Occitanie;Hautes-Pyrénées;25-44 ans;Hommes;2.5;11.0;;65;76
2021;Occitanie;Hautes-Pyrénées;45-64 ans;Hommes;10.0;32.4;;65;76
2021;Occitanie;Hautes-Pyrénées;00-17 ans;Femmes;0.0;0.0;;65;76
2021;Occitanie;Hautes-Pyrénées;18-24 ans;Femmes;0.0;0.0;;65;76
2021;Occitanie;Hautes-Pyrénées;25-44 ans;Femmes;2.5;10.8;;65;76
2021;Occitanie;Hautes-Pyrénées;45-64 ans;Femmes;2.5;7.5;;65;76
2021;Occitanie;Hautes-Pyrénées;18-24 ans;Hommes et Femmes;2.5;15.1;;65;76
2021;Occitanie;Hautes-Pyrénées;25-44 ans;Hommes et Femmes;2.5;5.4;;65;76
2022;Occitanie;Hautes-Pyrénées;65 ans et plus;Hommes;13.0;46.8;;65;76
2022;Occitanie;Hautes-Pyrénées;Tous;Femmes;8.0;6.7;7.5;65;76
2023;Occitanie;Hautes-Pyrénées;65 ans et plus;Hommes;6.0;21.4;;65;76
2023;Occitanie;Hautes-Pyrénées;00-17 ans;Hommes et Femmes;0.0;0.0;;65;76
2023;Occitanie;Hautes-Pyrénées;65 ans et plus;Hommes et Femmes;8.5;13.2;;65;76
2019;Occitanie;Pyrénées-Orientales;25-44 ans;Hommes;19.0;39.5;;66;76
2019;Occitanie;Pyrénées-Orientales;45-64 ans;Hommes;19.0;31.3;;66;76
2019;Occitanie;Pyrénées-Orientales;65 ans et plus;Hommes;16.0;29.4;;66;76
2019;Occitanie;Pyrénées-Orientales;65 ans et plus;Femmes;2.5;3.5;;66;76
2019;Occitanie;Pyrénées-Orientales;Tous;Femmes;11.0;4.4;4.0;66;76
2020;Occitanie;Pyrénées-Orientales;00-17 ans;Hommes;0.0;0.0;;66;76
2020;Occitanie;Pyrénées-Orientales;18-24 ans;Hommes;2.5;14.9;;66;76
2020;Occitanie;Pyrénées-Orientales;25-44 ans;Hommes;11.0;23.1;;66;76
2020;Occitanie;Pyrénées-Orientales;Tous;Hommes;55.5;24.2;23.0;66;76
2020;Occitanie;Pyrénées-Orientales;18-24 ans;Hommes et Femmes;2.5;7.7;;66;76
2020;Occitanie;Pyrénées-Orientales;25-44 ans;Hommes et Femmes;13.5;13.6;;66;76
2021;Occitanie;Pyrénées-Orientales;00-17 ans;Hommes;0.0;0.0;;66;76
2021;Occitanie;Pyrénées-Orientales;18-24 ans;Hommes;2.5;14.8;;66;76
2021;Occitanie;Pyrénées-Orientales;25-44 ans;Hommes;15.0;31.1;;66;76
2021;Occitanie;Pyrénées-Orientales;65 ans et plus;Hommes;25.0;44.6;;66;76
2021;Occitanie;Pyrénées-Orientales;00-17 ans;Femmes;0.0;0.0;;66;76
2021;Occitanie;Pyrénées-Orientales;18-24 ans;Hommes et Femmes;2.5;7.6;;66;76
2021;Occitanie;Pyrénées-Orientales;25-44 ans;Hommes et Femmes;17.5;17.4;;66;76
2021;Occitanie;Pyrénées-Orientales;45-64 ans;Hommes et Femmes;28.0;21.6;;66;76
2022;Occitanie;Pyrénées-Orientales;65 ans et plus;Hommes;27.0;47.0;;66;76
2022;Occitanie;Pyrénées-Orientales;45-64 ans;Femmes;5.0;7.3;;66;76
2022;Occitanie;Pyrénées-Orientales;00-17 ans;Hommes et Femmes;2.5;2.6;;66;76
2022;Occitanie;Pyrénées-Orientales;Tous;Hommes et Femmes;83.5;16.9;15.8;66;76
2023;Occitanie;Pyrénées-Orientales;65 ans et plus;Hommes;29.0;49.8;;66;76
2023;Occitanie;Pyrénées-Orientales;18-24 ans;Femmes;0.0;0.0;;66;76
2023;Occitanie;Pyrénées-Orientales;25-44 ans;Femmes;5.0;9.4;;66;76
2023;Occitanie;Pyrénées-Orientales;65 ans et plus;Femmes;6.0;7.9;;66;76
2023;Occitanie;Pyrénées-Orientales;Tous;Femmes;21.0;8.1;7.8;66;76
2023;Occitanie;Pyrénées-Orientales;18-24 ans;Hommes et Femmes;2.5;7.5;;66;76
2023;Occitanie;Pyrénées-Orientales;25-44 ans;Hommes et Femmes;26.0;25.4;;66;76
2023;Occitanie;Pyrénées-Orientales;Tous;Hommes et Femmes;90.0;18.1;17.6;66;76
2019;Grand Est;Bas-Rhin;25-44 ans;Hommes;30.0;21.3;;67;44
2019;Grand Est;Bas-Rhin;00-17 ans;Femmes;2.5;2.2;;67;44
2019;Grand Est;Bas-Rhin;18-24 ans;Femmes;2.5;4.8;;67;44
2019;Grand Est;Bas-Rhin;Tous;Femmes;39.0;6.7;6.8;67;44
2020;Grand Est;Bas-Rhin;45-64 ans;Hommes;48.0;31.7;;67;44
2020;Grand Est;Bas-Rhin;65 ans et plus;Hommes;27.0;28.3;;67;44
2020;Grand Est;Bas-Rhin;Tous;Hommes;98.5;17.6;17.8;67;44
2020;Grand Est;Bas-Rhin;00-17 ans;Femmes;2.5;2.2;;67;44
2020;Grand Est;Bas-Rhin;45-64 ans;Femmes;18.0;11.5;;67;44
2020;Grand Est;Bas-Rhin;00-17 ans;Hommes et Femmes;2.5;1.1;;67;44
2020;Grand Est;Bas-Rhin;25-44 ans;Hommes et Femmes;36.0;12.5;;67;44
2020;Grand Est;Bas-Rhin;Tous;Hommes et Femmes;146.0;12.7;12.7;67;44
2021;Grand Est;Bas-Rhin;45-64 ans;Hommes;47.0;31.2;;67;44
2021;Grand Est;Bas-Rhin;00-17 ans;Femmes;0.0;0.0;;67;44
2021;Grand Est;Bas-Rhin;45-64 ans;Femmes;14.0;9.0;;67;44
2021;Grand Est;Bas-Rhin;Tous;Femmes;30.0;5.1;5.1;67;44
2022;Grand Est;Bas-Rhin;00-17 ans;Hommes;2.5;2.1;;67;44
2022;Grand Est;Bas-Rhin;18-24 ans;Hommes;7.0;13.7;;67;44
2022;Grand Est;Bas-Rhin;25-44 ans;Hommes;27.0;18.7;;67;44
2022;Grand Est;Bas-Rhin;Tous;Hommes;103.5;18.4;18.2;67;44
2022;Grand Est;Bas-Rhin;00-17 ans;Femmes;0.0;0.0;;67;44
2022;Grand Est;Bas-Rhin;25-44 ans;Femmes;2.5;1.7;;67;44
2022;Grand Est;Bas-Rhin;45-64 ans;Femmes;21.0;13.6;;67;44
2022;Grand Est;Bas-Rhin;65 ans et plus;Femmes;10.0;7.9;;67;44
2022;Grand Est;Bas-Rhin;45-64 ans;Hommes et Femmes;59.0;19.4;;67;44
2022;Grand Est;Bas-Rhin;Tous;Hommes et Femmes;142.5;12.3;12.2;67;44
2023;Grand Est;Bas-Rhin;25-44 ans;Hommes;19.0;13.1;;67;44
2023;Grand Est;Bas-Rhin;65 ans et plus;Hommes;36.0;35.6;;67;44
2023;Grand Est;Bas-Rhin;25-44 ans;Femmes;2.5;1.7;;67;44
2023;Grand Est;Bas-Rhin;Tous;Femmes;29.0;4.9;5.0;67;44
2019;Grand Est;Haut-Rhin;65 ans et plus;Hommes;25.0;36.9;;68;44
2019;Grand Est;Haut-Rhin;45-64 ans;Femmes;12.0;11.1;;68;44
2019;Grand Est;Haut-Rhin;45-64 ans;Hommes et Femmes;40.0;18.7;;68;44
2020;Grand Est;Haut-Rhin;18-24 ans;Hommes;2.5;8.6;;68;44
2020;Grand Est;Haut-Rhin;25-44 ans;Hommes;14.0;15.6;;68;44
2020;Grand Est;Haut-Rhin;65 ans et plus;Femmes;5.0;5.8;;68;44
2020;Grand Est;Haut-Rhin;Tous;Femmes;17.0;4.3;4.3;68;44
2020;Grand Est;Haut-Rhin;00-17 ans;Hommes et Femmes;0.0;0.0;;68;44
2020;Grand Est;Haut-Rhin;45-64 ans;Hommes et Femmes;38.0;17.8;;68;44
2021;Grand Est;Haut-Rhin;18-24 ans;Hommes;2.5;8.6;;68;44
2021;Grand Est;Haut-Rhin;45-64 ans;Hommes;38.0;36.2;;68;44
2021;Grand Est;Haut-Rhin;Tous;Hommes;78.0;20.7;20.2;68;44
2021;Grand Est;Haut-Rhin;45-64 ans;Femmes;13.0;12.1;;68;44
2021;Grand Est;Haut-Rhin;65 ans et plus;Femmes;7.0;7.9;;68;44
2021;Grand Est;Haut-Rhin;Tous;Femmes;25.0;6.4;6.2;68;44
2021;Grand Est;Haut-Rhin;00-17 ans;Hommes et Femmes;2.5;1.6;;68;44
2021;Grand Est;Haut-Rhin;45-64 ans;Hommes et Femmes;51.0;24.0;;68;44
2021;Grand Est;Haut-Rhin;Tous;Hommes et Femmes;103.0;13.4;13.0;68;44
2022;Grand Est;Haut-Rhin;00-17 ans;Hommes;0.0;0.0;;68;44
2022;Grand Est;Haut-Rhin;25-44 ans;Femmes;2.5;2.7;;68;44
2022;Grand Est;Haut-Rhin;65 ans et plus;Hommes et Femmes;38.0;23.5;;68;44
2022;Grand Est;Haut-Rhin;Tous;Hommes et Femmes;106.0;13.8;13.5;68;44
2023;Grand Est;Haut-Rhin;18-24 ans;Hommes;2.5;8.3;;68;44
2023;Grand Est;Haut-Rhin;45-64 ans;Hommes;27.0;25.9;;68;44
2023;Grand Est;Haut-Rhin;65 ans et plus;Hommes;23.0;31.3;;68;44
2023;Grand Est;Haut-Rhin;00-17 ans;Femmes;2.5;3.3;;68;44
2023;Grand Est;Haut-Rhin;45-64 ans;Femmes;9.0;8.5;;68;44
2023;Grand Est;Haut-Rhin;Tous;Femmes;26.5;6.8;6.6;68;44
2023;Grand Est;Haut-Rhin;Tous;Hommes et Femmes;92.0;12.0;11.7;68;44
2019;Auvergne et Rhône-Alpes;Rhône;00-17 ans;Hommes;2.5;1.2;;69;84
2019;Auvergne et Rhône-Alpes;Rhône;25-44 ans;Hommes;15.0;6.1;;69;84
2019;Auvergne et Rhône-Alpes;Rhône;Tous;Hommes;63.0;7.0;7.5;69;84
2019;Auvergne et Rhône-Alpes;Rhône;45-64 ans;Femmes;12.0;5.4;;69;84
2019;Auvergne et Rhône-Alpes;Rhône;18-24 ans;Hommes et Femmes;2.5;1.3;;69;84
2019;Auvergne et Rhône-Alpes;Rhône;25-44 ans;Hommes et Femmes;23.0;4.5;;69;84
2019;Auvergne et Rhône-Alpes;Rhône;Tous;Hommes et Femmes;93.5;5.0;5.3;69;84
2020;Auvergne et Rhône-Alpes;Rhône;00-17 ans;Hommes;0.0;0.0;;69;84
2020;Auvergne et Rhône-Alpes;Rhône;00-17 ans;Femmes;2.5;1.2;;69;84
2020;Auvergne et Rhône-Alpes;Rhône;65 ans et plus;Femmes;8.0;4.2;;69;84
2020;Auvergne et Rhône-Alpes;Rhône;Tous;Femmes;26.0;2.7;2.9;69;84
2020;Auvergne et Rhône-Alpes;Rhône;00-17 ans;Hommes et Femmes;2.5;0.6;;69;84
2020;Auvergne et Rhône-Alpes;Rhône;65 ans et plus;Hommes et Femmes;43.0;13.2;;69;84
2020;Auvergne et Rhône-Alpes;Rhône;Tous;Hommes et Femmes;113.0;6.0;6.6;69;84
2021;Auvergne et Rhône-Alpes;Rhône;00-17 ans;Hommes;0.0;0.0;;69;84
2021;Auvergne et Rhône-Alpes;Rhône;Tous;Hommes;79.5;8.7;9.8;69;84
2021;Auvergne et Rhône-Alpes;Rhône;25-44 ans;Femmes;5.0;1.9;;69;84
2021;Auvergne et Rhône-Alpes;Rhône;65 ans et plus;Femmes;12.0;6.3;;69;84
2021;Auvergne et Rhône-Alpes;Rhône;00-17 ans;Hommes et Femmes;2.5;0.6;;69;84
2021;Auvergne et Rhône-Alpes;Rhône;18-24 ans;Hommes et Femmes;5.0;2.6;;69;84
2021;Auvergne et Rhône-Alpes;Rhône;45-64 ans;Hommes et Femmes;52.0;11.9;;69;84
2021;Auvergne et Rhône-Alpes;Rhône;65 ans et plus;Hommes et Femmes;40.0;12.2;;69;84
2021;Auvergne et Rhône-Alpes;Rhône;Tous;Hommes et Femmes;116.5;6.2;6.7;69;84
2022;Auvergne et Rhône-Alpes;Rhône;65 ans et plus;Hommes;31.0;22.0;;69;84
2022;Auvergne et Rhône-Alpes;Rhône;18-24 ans;Femmes;0.0;0.0;;69;84
2022;Auvergne et Rhône-Alpes;Rhône;65 ans et plus;Hommes et Femmes;43.0;12.9;;69;84
2022;Auvergne et Rhône-Alpes;Rhône;Tous;Hommes et Femmes;123.0;6.4;7.0;69;84
2023;Auvergne et Rhône-Alpes;Rhône;25-44 ans;Hommes;15.0;5.9;;69;84
2023;Auvergne et Rhône-Alpes;Rhône;65 ans et plus;Hommes;23.0;16.1;;69;84
2023;Auvergne et Rhône-Alpes;Rhône;00-17 ans;Femmes;0.0;0.0;;69;84
2023;Auvergne et Rhône-Alpes;Rhône;25-44 ans;Femmes;6.0;2.2;;69;84
2023;Auvergne et Rhône-Alpes;Rhône;Tous;Femmes;24.5;2.5;2.5;69;84
2023;Auvergne et Rhône-Alpes;Rhône;25-44 ans;Hommes et Femmes;21.0;4.0;;69;84
2023;Auvergne et Rhône-Alpes;Rhône;65 ans et plus;Hommes et Femmes;29.0;8.6;;69;84
2019;Bourgogne et Franche-Comté;Haute-Saône;00-17 ans;Hommes;0.0;0.0;;70;27
2019;Bourgogne et Franche-Comté;Haute-Saône;25-44 ans;Femmes;2.5;9.9;;70;27
2019;Bourgogne et Franche-Comté;Haute-Saône;25-44 ans;Hommes et Femmes;18.5;36.8;;70;27
2019;Bourgogne et Franche-Comté;Haute-Saône;45-64 ans;Hommes et Femmes;17.5;26.3;;70;27
2019;Bourgogne et Franche-Comté;Haute-Saône;65 ans et plus;Hommes et Femmes;10.5;19.4;;70;27
2020;Bourgogne et Franche-Comté;Haute-Saône;00-17 ans;Hommes;0.0;0.0;;70;27
2020;Bourgogne et Franche-Comté;Haute-Saône;25-44 ans;Hommes;6.0;24.3;;70;27
2020;Bourgogne et Franche-Comté;Haute-Saône;65 ans et plus;Hommes;13.0;53.0;;70;27
2020;Bourgogne et Franche-Comté;Haute-Saône;00-17 ans;Femmes;0.0;0.0;;70;27
2020;Bourgogne et Franche-Comté;Haute-Saône;25-44 ans;Femmes;2.5;10.0;;70;27
2020;Bourgogne et Franche-Comté;Haute-Saône;Tous;Femmes;13.0;10.9;11.4;70;27
2020;Bourgogne et Franche-Comté;Haute-Saône;25-44 ans;Hommes et Femmes;8.5;17.1;;70;27
2020;Bourgogne et Franche-Comté;Haute-Saône;65 ans et plus;Hommes et Femmes;19.0;34.8;;70;27
2020;Bourgogne et Franche-Comté;Haute-Saône;Tous;Hommes et Femmes;45.0;19.2;19.0;70;27
2021;Bourgogne et Franche-Comté;Haute-Saône;25-44 ans;Hommes;10.0;40.6;;70;27
2021;Bourgogne et Franche-Comté;Haute-Saône;45-64 ans;Femmes;5.0;15.1;;70;27
2021;Bourgogne et Franche-Comté;Haute-Saône;25-44 ans;Hommes et Femmes;10.0;20.2;;70;27
2021;Bourgogne et Franche-Comté;Haute-Saône;45-64 ans;Hommes et Femmes;15.0;22.8;;70;27
2021;Bourgogne et Franche-Comté;Haute-Saône;65 ans et plus;Hommes et Femmes;13.5;24.1;;70;27
2022;Bourgogne et Franche-Comté;Haute-Saône;00-17 ans;Femmes;0.0;0.0;;70;27
2022;Bourgogne et Franche-Comté;Haute-Saône;Tous;Femmes;2.5;2.1;3.0;70;27
2022;Bourgogne et Franche-Comté;Haute-Saône;00-17 ans;Hommes et Femmes;0.0;0.0;;70;27
2022;Bourgogne et Franche-Comté;Haute-Saône;18-24 ans;Hommes et Femmes;2.5;16.6;;70;27
2023;Bourgogne et Franche-Comté;Haute-Saône;25-44 ans;Hommes;8.0;32.5;;70;27
2023;Bourgogne et Franche-Comté;Haute-Saône;18-24 ans;Femmes;0.0;0.0;;70;27
2023;Bourgogne et Franche-Comté;Haute-Saône;25-44 ans;Femmes;2.5;10.2;;70;27
2023;Bourgogne et Franche-Comté;Haute-Saône;65 ans et plus;Femmes;2.5;7.9;;70;27
2023;Bourgogne et Franche-Comté;Haute-Saône;18-24 ans;Hommes et Femmes;0.0;0.0;;70;27
2023;Bourgogne et Franche-Comté;Haute-Saône;45-64 ans;Hommes et Femmes;11.5;17.9;;70;27
2023;Bourgogne et Franche-Comté;Haute-Saône;65 ans et plus;Hommes et Femmes;12.5;21.6;;70;27
2019;Bourgogne et Franche-Comté;Saône-et-Loire;00-17 ans;Hommes;0.0;0.0;;71;27
2019;Bourgogne et Franche-Comté;Saône-et-Loire;25-44 ans;Hommes et Femmes;22.5;19.9;;71;27
2020;Bourgogne et Franche-Comté;Saône-et-Loire;18-24 ans;Femmes;0.0;0.0;;71;27
2020;Bourgogne et Franche-Comté;Saône-et-Loire;25-44 ans;Femmes;2.5;4.5;;71;27
2020;Bourgogne et Franche-Comté;Saône-et-Loire;65 ans et plus;Femmes;11.0;13.4;;71;27
2020;Bourgogne et Franche-Comté;Saône-et-Loire;65 ans et plus;Hommes et Femmes;48.0;33.1;;71;27
2021;Bourgogne et Franche-Comté;Saône-et-Loire;00-17 ans;Hommes;0.0;0.0;;71;27
2021;Bourgogne et Franche-Comté;Saône-et-Loire;65 ans et plus;Femmes;9.0;10.9;;71;27
2021;Bourgogne et Franche-Comté;Saône-et-Loire;45-64 ans;Hommes et Femmes;41.0;27.3;;71;27
2022;Bourgogne et Franche-Comté;Saône-et-Loire;18-24 ans;Hommes;2.5;13.0;;71;27
2022;Bourgogne et Franche-Comté;Saône-et-Loire;65 ans et plus;Hommes;34.0;52.6;;71;27
2022;Bourgogne et Franche-Comté;Saône-et-Loire;18-24 ans;Femmes;2.5;15.8;;71;27
2022;Bourgogne et Franche-Comté;Saône-et-Loire;25-44 ans;Femmes;0.0;0.0;;71;27
2022;Bourgogne et Franche-Comté;Saône-et-Loire;45-64 ans;Femmes;7.0;9.3;;71;27
2022;Bourgogne et Franche-Comté;Saône-et-Loire;65 ans et plus;Femmes;10.0;12.0;;71;27
2022;Bourgogne et Franche-Comté;Saône-et-Loire;18-24 ans;Hommes et Femmes;2.5;7.2;;71;27
2022;Bourgogne et Franche-Comté;Saône-et-Loire;45-64 ans;Hommes et Femmes;38.0;25.5;;71;27
2022;Bourgogne et Franche-Comté;Saône-et-Loire;Tous;Hommes et Femmes;106.0;19.3;17.4;71;27
2023;Bourgogne et Franche-Comté;Saône-et-Loire;00-17 ans;Hommes;0.0;0.0;;71;27
2023;Bourgogne et Franche-Comté;Saône-et-Loire;18-24 ans;Hommes;2.5;13.1;;71;27
2023;Bourgogne et Franche-Comté;Saône-et-Loire;25-44 ans;Hommes;14.0;24.9;;71;27
2023;Bourgogne et Franche-Comté;Saône-et-Loire;45-64 ans;Hommes;33.0;45.4;;71;27
2023;Bourgogne et Franche-Comté;Saône-et-Loire;00-17 ans;Femmes;0.0;0.0;;71;27
2023;Bourgogne et Franche-Comté;Saône-et-Loire;45-64 ans;Femmes;8.0;10.7;;71;27
2023;Bourgogne et Franche-Comté;Saône-et-Loire;Tous;Femmes;19.0;6.8;6.5;71;27
2023;Bourgogne et Franche-Comté;Saône-et-Loire;18-24 ans;Hommes et Femmes;2.5;7.2;;71;27
2023;Bourgogne et Franche-Comté;Saône-et-Loire;25-44 ans;Hommes et Femmes;19.0;17.0;;71;27
2023;Bourgogne et Franche-Comté;Saône-et-Loire;65 ans et plus;Hommes et Femmes;39.0;26.1;;71;27
2019;Pays de la Loire;Sarthe;00-17 ans;Hommes;0.0;0.0;;72;52
2019;Pays de la Loire;Sarthe;18-24 ans;Hommes;2.5;10.8;;72;52
2019;Pays de la Loire;Sarthe;25-44 ans;Hommes;11.0;18.0;;72;52
2019;Pays de la Loire;Sarthe;45-64 ans;Hommes;43.0;58.5;;72;52
2019;Pays de la Loire;Sarthe;65 ans et plus;Hommes;25.0;46.1;;72;52
2019;Pays de la Loire;Sarthe;45-64 ans;Femmes;12.0;15.8;;72;52
2019;Pays de la Loire;Sarthe;65 ans et plus;Femmes;8.0;11.3;;72;52
2019;Pays de la Loire;Sarthe;Tous;Femmes;26.0;8.9;8.8;72;52
2019;Pays de la Loire;Sarthe;25-44 ans;Hommes et Femmes;13.5;10.9;;72;52
2019;Pays de la Loire;Sarthe;65 ans et plus;Hommes et Femmes;33.0;26.4;;72;52
2019;Pays de la Loire;Sarthe;Tous;Hommes et Femmes;107.5;19.0;18.8;72;52
2020;Pays de la Loire;Sarthe;00-17 ans;Hommes;0.0;0.0;;72;52
2020;Pays de la Loire;Sarthe;18-24 ans;Hommes;2.5;10.8;;72;52
2020;Pays de la Loire;Sarthe;25-44 ans;Hommes;25.0;41.2;;72;52
2020;Pays de la Loire;Sarthe;Tous;Hommes;86.5;31.3;31.2;72;52
2020;Pays de la Loire;Sarthe;45-64 ans;Femmes;9.0;11.9;;72;52
2020;Pays de la Loire;Sarthe;00-17 ans;Hommes et Femmes;0.0;0.0;;72;52
2021;Pays de la Loire;Sarthe;45-64 ans;Hommes;26.0;35.4;;72;52
2021;Pays de la Loire;Sarthe;18-24 ans;Femmes;0.0;0.0;;72;52
2021;Pays de la Loire;Sarthe;45-64 ans;Femmes;12.0;16.0;;72;52
2021;Pays de la Loire;Sarthe;Tous;Femmes;29.5;10.1;10.8;72;52
2021;Pays de la Loire;Sarthe;65 ans et plus;Hommes et Femmes;52.0;40.6;;72;52
2021;Pays de la Loire;Sarthe;Tous;Hommes et Femmes;121.5;21.5;21.5;72;52
2022;Pays de la Loire;Sarthe;18-24 ans;Hommes;2.5;10.8;;72;52
2022;Pays de la Loire;Sarthe;25-44 ans;Hommes;14.0;23.1;;72;52
2022;Pays de la Loire;Sarthe;Tous;Hommes;84.5;30.6;29.3;72;52
2022;Pays de la Loire;Sarthe;65 ans et plus;Femmes;9.0;12.3;;72;52
2022;Pays de la Loire;Sarthe;18-24 ans;Hommes et Femmes;2.5;5.7;;72;52
2022;Pays de la Loire;Sarthe;45-64 ans;Hommes et Femmes;46.0;31.2;;72;52
2023;Pays de la Loire;Sarthe;25-44 ans;Femmes;8.0;12.8;;72;52
2023;Pays de la Loire;Sarthe;45-64 ans;Femmes;17.0;23.0;;72;52
2023;Pays de la Loire;Sarthe;Tous;Femmes;36.0;12.4;12.7;72;52
2023;Pays de la Loire;Sarthe;Tous;Hommes et Femmes;107.5;19.0;18.7;72;52
2019;Auvergne et Rhône-Alpes;Savoie;00-17 ans;Hommes;0.0;0.0;;73;84
2019;Auvergne et Rhône-Alpes;Savoie;25-44 ans;Hommes;8.0;15.6;;73;84
2019;Auvergne et Rhône-Alpes;Savoie;00-17 ans;Femmes;2.5;5.6;;73;84
2019;Auvergne et Rhône-Alpes;Savoie;25-44 ans;Femmes;2.5;4.8;;73;84
2019;Auvergne et Rhône-Alpes;Savoie;65 ans et plus;Hommes et Femmes;10.5;11.6;;73;84
2020;Auvergne et Rhône-Alpes;Savoie;00-17 ans;Hommes;0.0;0.0;;73;84
2020;Auvergne et Rhône-Alpes;Savoie;18-24 ans;Hommes;2.5;14.6;;73;84
2020;Auvergne et Rhône-Alpes;Savoie;Tous;Hommes;41.5;19.2;19.4;73;84
2020;Auvergne et Rhône-Alpes;Savoie;25-44 ans;Femmes;2.5;4.8;;73;84
2020;Auvergne et Rhône-Alpes;Savoie;65 ans et plus;Femmes;2.5;4.8;;73;84
2020;Auvergne et Rhône-Alpes;Savoie;25-44 ans;Hommes et Femmes;7.5;7.2;;73;84
2020;Auvergne et Rhône-Alpes;Savoie;45-64 ans;Hommes et Femmes;20.0;16.7;;73;84
2021;Auvergne et Rhône-Alpes;Savoie;45-64 ans;Hommes;17.0;28.6;;73;84
2021;Auvergne et Rhône-Alpes;Savoie;00-17 ans;Femmes;2.5;5.6;;73;84
2021;Auvergne et Rhône-Alpes;Savoie;18-24 ans;Femmes;0.0;0.0;;73;84
2021;Auvergne et Rhône-Alpes;Savoie;25-44 ans;Femmes;6.0;11.4;;73;84
2021;Auvergne et Rhône-Alpes;Savoie;45-64 ans;Femmes;2.5;4.2;;73;84
2021;Auvergne et Rhône-Alpes;Savoie;00-17 ans;Hommes et Femmes;2.5;2.7;;73;84
2022;Auvergne et Rhône-Alpes;Savoie;00-17 ans;Hommes;0.0;0.0;;73;84
2022;Auvergne et Rhône-Alpes;Savoie;18-24 ans;Hommes;2.5;14.4;;73;84
2022;Auvergne et Rhône-Alpes;Savoie;65 ans et plus;Hommes;16.0;38.1;;73;84
2022;Auvergne et Rhône-Alpes;Savoie;25-44 ans;Femmes;2.5;4.7;;73;84
2022;Auvergne et Rhône-Alpes;Savoie;Tous;Femmes;12.0;5.3;6.2;73;84
2022;Auvergne et Rhône-Alpes;Savoie;25-44 ans;Hommes et Femmes;8.5;8.0;;73;84
2022;Auvergne et Rhône-Alpes;Savoie;65 ans et plus;Hommes et Femmes;23.0;23.9;;73;84
2022;Auvergne et Rhône-Alpes;Savoie;Tous;Hommes et Femmes;51.5;11.6;11.7;73;84
2023;Auvergne et Rhône-Alpes;Savoie;00-17 ans;Hommes;2.5;5.3;;73;84
2023;Auvergne et Rhône-Alpes;Savoie;18-24 ans;Hommes;2.5;14.2;;73;84
2023;Auvergne et Rhône-Alpes;Savoie;Tous;Hommes;38.0;17.3;17.0;73;84
2023;Auvergne et Rhône-Alpes;Savoie;Tous;Femmes;9.0;4.0;4.3;73;84
2019;Auvergne et Rhône-Alpes;Haute-Savoie;45-64 ans;Hommes;44.0;41.3;;74;84
2019;Auvergne et Rhône-Alpes;Haute-Savoie;00-17 ans;Femmes;0.0;0.0;;74;84
2019;Auvergne et Rhône-Alpes;Haute-Savoie;18-24 ans;Femmes;0.0;0.0;;74;84
2019;Auvergne et Rhône-Alpes;Haute-Savoie;25-44 ans;Femmes;2.5;2.2;;74;84
2019;Auvergne et Rhône-Alpes;Haute-Savoie;45-64 ans;Femmes;11.0;10.1;;74;84
2019;Auvergne et Rhône-Alpes;Haute-Savoie;18-24 ans;Hommes et Femmes;2.5;4.4;;74;84
2019;Auvergne et Rhône-Alpes;Haute-Savoie;45-64 ans;Hommes et Femmes;55.0;25.5;;74;84
2019;Auvergne et Rhône-Alpes;Haute-Savoie;65 ans et plus;Hommes et Femmes;28.0;19.8;;74;84
2020;Auvergne et Rhône-Alpes;Haute-Savoie;18-24 ans;Hommes;2.5;8.3;;74;84
2020;Auvergne et Rhône-Alpes;Haute-Savoie;25-44 ans;Hommes;19.0;16.8;;74;84
2020;Auvergne et Rhône-Alpes;Haute-Savoie;Tous;Hommes;75.5;18.4;19.1;74;84
2020;Auvergne et Rhône-Alpes;Haute-Savoie;00-17 ans;Femmes;0.0;0.0;;74;84
2020;Auvergne et Rhône-Alpes;Haute-Savoie;18-24 ans;Femmes;2.5;9.3;;74;84
2020;Auvergne et Rhône-Alpes;Haute-Savoie;Tous;Femmes;35.5;8.4;8.1;74;84
2020;Auvergne et Rhône-Alpes;Haute-Savoie;45-64 ans;Hommes et Femmes;45.0;20.7;;74;84
2020;Auvergne et Rhône-Alpes;Haute-Savoie;65 ans et plus;Hommes et Femmes;32.0;22.2;;74;84
2021;Auvergne et Rhône-Alpes;Haute-Savoie;00-17 ans;Hommes;2.5;2.6;;74;84
2021;Auvergne et Rhône-Alpes;Haute-Savoie;25-44 ans;Hommes;21.0;18.3;;74;84
2021;Auvergne et Rhône-Alpes;Haute-Savoie;65 ans et plus;Hommes;27.0;42.2;;74;84
2021;Auvergne et Rhône-Alpes;Haute-Savoie;18-24 ans;Femmes;2.5;9.3;;74;84
2021;Auvergne et Rhône-Alpes;Haute-Savoie;18-24 ans;Hommes et Femmes;8.5;14.8;;74;84
2022;Auvergne et Rhône-Alpes;Haute-Savoie;00-17 ans;Hommes;2.5;2.6;;74;84
2022;Auvergne et Rhône-Alpes;Haute-Savoie;25-44 ans;Hommes;16.0;13.7;;74;84
2022;Auvergne et Rhône-Alpes;Haute-Savoie;65 ans et plus;Hommes;33.0;50.7;;74;84
2022;Auvergne et Rhône-Alpes;Haute-Savoie;45-64 ans;Femmes;11.0;9.9;;74;84
2022;Auvergne et Rhône-Alpes;Haute-Savoie;65 ans et plus;Hommes et Femmes;43.0;28.8;;74;84
2022;Auvergne et Rhône-Alpes;Haute-Savoie;Tous;Hommes et Femmes;114.5;13.5;14.1;74;84
2023;Auvergne et Rhône-Alpes;Haute-Savoie;Tous;Hommes;74.0;17.5;18.0;74;84
2023;Auvergne et Rhône-Alpes;Haute-Savoie;45-64 ans;Femmes;9.0;8.0;;74;84
2023;Auvergne et Rhône-Alpes;Haute-Savoie;00-17 ans;Hommes et Femmes;2.5;1.3;;74;84
2019;Île-de-France;Paris;18-24 ans;Hommes;12.0;13.0;;75;11
2019;Île-de-France;Paris;00-17 ans;Femmes;2.5;1.4;;75;11
2019;Île-de-France;Paris;25-44 ans;Femmes;20.0;5.4;;75;11
2019;Île-de-France;Paris;Tous;Femmes;75.0;6.5;6.7;75;11
2019;Île-de-France;Paris;00-17 ans;Hommes et Femmes;7.5;2.1;;75;11
2019;Île-de-France;Paris;18-24 ans;Hommes et Femmes;14.5;7.1;;75;11
2019;Île-de-France;Paris;Tous;Hommes et Femmes;222.0;10.3;10.6;75;11
2020;Île-de-France;Paris;00-17 ans;Hommes;2.5;1.4;;75;11
2020;Île-de-France;Paris;65 ans et plus;Hommes;31.0;20.2;;75;11
2020;Île-de-France;Paris;Tous;Hommes;141.5;14.0;13.7;75;11
2020;Île-de-France;Paris;18-24 ans;Femmes;5.0;4.4;;75;11
2020;Île-de-France;Paris;18-24 ans;Hommes et Femmes;14.0;6.8;;75;11
2021;Île-de-France;Paris;00-17 ans;Hommes;2.5;1.4;;75;11
2021;Île-de-France;Paris;18-24 ans;Hommes;6.0;6.1;;75;11
2021;Île-de-France;Paris;25-44 ans;Hommes;36.0;10.9;;75;11
2021;Île-de-France;Paris;18-24 ans;Hommes et Femmes;14.0;6.5;;75;11
2021;Île-de-France;Paris;45-64 ans;Hommes et Femmes;63.0;12.3;;75;11
2021;Île-de-France;Paris;Tous;Hommes et Femmes;205.0;9.6;9.8;75;11
2022;Île-de-France;Paris;00-17 ans;Hommes;2.5;1.5;;75;11
2022;Île-de-France;Paris;65 ans et plus;Hommes;35.0;22.4;;75;11
2022;Île-de-France;Paris;18-24 ans;Femmes;8.0;6.5;;75;11
2022;Île-de-France;Paris;Tous;Femmes;69.5;6.2;6.4;75;11
2022;Île-de-France;Paris;00-17 ans;Hommes et Femmes;5.0;1.5;;75;11
2022;Île-de-France;Paris;25-44 ans;Hommes et Femmes;43.0;6.4;;75;11
2023;Île-de-France;Paris;65 ans et plus;Hommes;38.0;24.1;;75;11
2023;Île-de-France;Paris;18-24 ans;Femmes;7.0;5.7;;75;11
2023;Île-de-France;Paris;45-64 ans;Hommes et Femmes;71.0;14.3;;75;11
2023;Île-de-France;Paris;Tous;Hommes et Femmes;197.5;9.4;9.6;75;11
2019;Normandie;Seine-Maritime;18-24 ans;Femmes;2.5;4.6;;76;28
2019;Normandie;Seine-Maritime;25-44 ans;Femmes;6.0;4.0;;76;28
2019;Normandie;Seine-Maritime;45-64 ans;Femmes;23.0;13.8;;76;28
2019;Normandie;Seine-Maritime;00-17 ans;Hommes et Femmes;2.5;0.9;;76;28
2019;Normandie;Seine-Maritime;25-44 ans;Hommes et Femmes;36.0;12.1;;76;28
2019;Normandie;Seine-Maritime;Tous;Hommes et Femmes;198.5;15.8;16.1;76;28
2020;Normandie;Seine-Maritime;45-64 ans;Hommes;63.0;40.7;;76;28
2020;Normandie;Seine-Maritime;65 ans et plus;Hommes;42.0;38.8;;76;28
2020;Normandie;Seine-Maritime;18-24 ans;Femmes;2.5;4.7;;76;28
2020;Normandie;Seine-Maritime;45-64 ans;Femmes;18.0;10.9;;76;28
2020;Normandie;Seine-Maritime;Tous;Femmes;42.0;6.5;6.5;76;28
2020;Normandie;Seine-Maritime;18-24 ans;Hommes et Femmes;7.5;6.9;;76;28
2020;Normandie;Seine-Maritime;25-44 ans;Hommes et Femmes;51.0;17.2;;76;28
2020;Normandie;Seine-Maritime;45-64 ans;Hommes et Femmes;81.0;25.3;;76;28
2020;Normandie;Seine-Maritime;65 ans et plus;Hommes et Femmes;53.0;20.6;;76;28
2020;Normandie;Seine-Maritime;Tous;Hommes et Femmes;195.5;15.6;15.8;76;28
2021;Normandie;Seine-Maritime;Tous;Femmes;45.5;7.0;6.8;76;28
2022;Normandie;Seine-Maritime;18-24 ans;Hommes;8.0;14.3;;76;28
2022;Normandie;Seine-Maritime;25-44 ans;Hommes;34.0;23.1;;76;28
2022;Normandie;Seine-Maritime;65 ans et plus;Hommes;31.0;27.6;;76;28
2022;Normandie;Seine-Maritime;18-24 ans;Femmes;2.5;4.6;;76;28
2022;Normandie;Seine-Maritime;25-44 ans;Femmes;12.0;7.9;;76;28
2022;Normandie;Seine-Maritime;45-64 ans;Femmes;16.0;9.8;;76;28
2022;Normandie;Seine-Maritime;65 ans et plus;Femmes;10.0;6.5;;76;28
2022;Normandie;Seine-Maritime;18-24 ans;Hommes et Femmes;10.5;9.5;;76;28
2022;Normandie;Seine-Maritime;65 ans et plus;Hommes et Femmes;41.0;15.4;;76;28
2023;Normandie;Seine-Maritime;18-24 ans;Femmes;2.5;4.6;;76;28
2023;Normandie;Seine-Maritime;25-44 ans;Femmes;12.0;7.9;;76;28
2023;Normandie;Seine-Maritime;00-17 ans;Hommes et Femmes;2.5;0.9;;76;28
2023;Normandie;Seine-Maritime;18-24 ans;Hommes et Femmes;6.0;5.4;;76;28
2023;Normandie;Seine-Maritime;25-44 ans;Hommes et Femmes;38.0;12.7;;76;28
2023;Normandie;Seine-Maritime;65 ans et plus;Hommes et Femmes;64.0;23.7;;76;28
2023;Normandie;Seine-Maritime;Tous;Hommes et Femmes;174.0;13.8;14.0;76;28
2019;Île-de-France;Seine-et-Marne;00-17 ans;Femmes;0.0;0.0;;77;11
2019;Île-de-France;Seine-et-Marne;18-24 ans;Femmes;0.0;0.0;;77;11
2019;Île-de-France;Seine-et-Marne;65 ans et plus;Femmes;8.0;6.8;;77;11
2019;Île-de-France;Seine-et-Marne;Tous;Femmes;38.0;5.2;5.7;77;11
2019;Île-de-France;Seine-et-Marne;18-24 ans;Hommes et Femmes;2.5;2.1;;77;11
2019;Île-de-France;Seine-et-Marne;25-44 ans;Hommes et Femmes;43.0;11.6;;77;11
2020;Île-de-France;Seine-et-Marne;00-17 ans;Hommes;2.5;1.4;;77;11
2020;Île-de-France;Seine-et-Marne;25-44 ans;Hommes;28.0;15.7;;77;11
2020;Île-de-France;Seine-et-Marne;65 ans et plus;Hommes;21.0;22.1;;77;11
2020;Île-de-France;Seine-et-Marne;00-17 ans;Femmes;2.5;1.4;;77;11
2020;Île-de-France;Seine-et-Marne;25-44 ans;Femmes;5.0;2.6;;77;11
2020;Île-de-France;Seine-et-Marne;45-64 ans;Femmes;13.0;6.9;;77;11
2020;Île-de-France;Seine-et-Marne;65 ans et plus;Femmes;10.0;8.2;;77;11
2020;Île-de-France;Seine-et-Marne;18-24 ans;Hommes et Femmes;8.0;6.6;;77;11
2020;Île-de-France;Seine-et-Marne;25-44 ans;Hommes et Femmes;33.0;8.9;;77;11
2020;Île-de-France;Seine-et-Marne;65 ans et plus;Hommes et Femmes;31.0;14.3;;77;11
2021;Île-de-France;Seine-et-Marne;00-17 ans;Femmes;0.0;0.0;;77;11
2021;Île-de-France;Seine-et-Marne;25-44 ans;Femmes;2.5;1.3;;77;11
2021;Île-de-France;Seine-et-Marne;18-24 ans;Hommes et Femmes;8.5;6.9;;77;11
2021;Île-de-France;Seine-et-Marne;45-64 ans;Hommes et Femmes;44.0;12.0;;77;11
2021;Île-de-France;Seine-et-Marne;Tous;Hommes et Femmes;110.5;7.7;8.2;77;11
2022;Île-de-France;Seine-et-Marne;00-17 ans;Hommes;0.0;0.0;;77;11
2022;Île-de-France;Seine-et-Marne;25-44 ans;Hommes;27.0;14.8;;77;11
2022;Île-de-France;Seine-et-Marne;65 ans et plus;Hommes;25.0;25.4;;77;11
2022;Île-de-France;Seine-et-Marne;00-17 ans;Femmes;2.5;1.4;;77;11
2022;Île-de-France;Seine-et-Marne;18-24 ans;Femmes;2.5;4.1;;77;11
2022;Île-de-France;Seine-et-Marne;00-17 ans;Hommes et Femmes;2.5;0.7;;77;11
2022;Île-de-France;Seine-et-Marne;45-64 ans;Hommes et Femmes;41.0;11.2;;77;11
2023;Île-de-France;Seine-et-Marne;18-24 ans;Hommes;2.5;3.9;;77;11
2023;Île-de-France;Seine-et-Marne;00-17 ans;Femmes;0.0;0.0;;77;11
2023;Île-de-France;Seine-et-Marne;25-44 ans;Femmes;8.0;4.0;;77;11
2023;Île-de-France;Seine-et-Marne;45-64 ans;Femmes;9.0;4.8;;77;11
2023;Île-de-France;Seine-et-Marne;00-17 ans;Hommes et Femmes;2.5;0.7;;77;11
2023;Île-de-France;Seine-et-Marne;45-64 ans;Hommes et Femmes;40.0;10.9;;77;11
2023;Île-de-France;Seine-et-Marne;Tous;Hommes et Femmes;97.0;6.6;7.3;77;11
2019;Île-de-France;Yvelines;18-24 ans;Hommes;2.5;4.2;;78;11
2019;Île-de-France;Yvelines;45-64 ans;Hommes;29.0;15.9;;78;11
2019;Île-de-France;Yvelines;00-17 ans;Femmes;0.0;0.0;;78;11
2019;Île-de-France;Yvelines;00-17 ans;Hommes et Femmes;2.5;0.7;;78;11
2019;Île-de-France;Yvelines;45-64 ans;Hommes et Femmes;49.0;13.1;;78;11
2020;Île-de-France;Yvelines;Tous;Hommes;98.5;14.0;15.1;78;11
2020;Île-de-France;Yvelines;25-44 ans;Femmes;2.5;1.3;;78;11
2020;Île-de-France;Yvelines;45-64 ans;Femmes;25.0;13.0;;78;11
2020;Île-de-France;Yvelines;65 ans et plus;Femmes;9.0;6.5;;78;11
2020;Île-de-France;Yvelines;18-24 ans;Hommes et Femmes;10.0;8.6;;78;11
2020;Île-de-France;Yvelines;45-64 ans;Hommes et Femmes;63.0;16.8;;78;11
2020;Île-de-France;Yvelines;65 ans et plus;Hommes et Femmes;41.0;16.8;;78;11
2021;Île-de-France;Yvelines;25-44 ans;Femmes;7.0;3.7;;78;11
2021;Île-de-France;Yvelines;45-64 ans;Femmes;13.0;6.8;;78;11
2021;Île-de-France;Yvelines;Tous;Femmes;41.0;5.5;5.8;78;11
2021;Île-de-France;Yvelines;00-17 ans;Hommes et Femmes;5.0;1.4;;78;11
2022;Île-de-France;Yvelines;00-17 ans;Hommes;2.5;1.4;;78;11
2022;Île-de-France;Yvelines;45-64 ans;Hommes;32.0;17.2;;78;11
2022;Île-de-France;Yvelines;Tous;Hommes;80.5;11.2;12.0;78;11
2022;Île-de-France;Yvelines;18-24 ans;Femmes;2.5;4.2;;78;11
2022;Île-de-France;Yvelines;00-17 ans;Hommes et Femmes;2.5;0.7;;78;11
2022;Île-de-France;Yvelines;18-24 ans;Hommes et Femmes;7.5;6.1;;78;11
2023;Île-de-France;Yvelines;18-24 ans;Femmes;0.0;0.0;;78;11
2023;Île-de-France;Yvelines;00-17 ans;Hommes et Femmes;2.5;0.7;;78;11
2023;Île-de-France;Yvelines;45-64 ans;Hommes et Femmes;40.0;10.5;;78;11
2019;Nouvelle Aquitaine;Deux-Sèvres;00-17 ans;Femmes;0.0;0.0;;79;75
2019;Nouvelle Aquitaine;Deux-Sèvres;25-44 ans;Femmes;2.5;6.2;;79;75
2019;Nouvelle Aquitaine;Deux-Sèvres;45-64 ans;Femmes;6.0;11.5;;79;75
2019;Nouvelle Aquitaine;Deux-Sèvres;65 ans et plus;Femmes;2.5;5.1;;79;75
2019;Nouvelle Aquitaine;Deux-Sèvres;00-17 ans;Hommes et Femmes;0.0;0.0;;79;75
2019;Nouvelle Aquitaine;Deux-Sèvres;25-44 ans;Hommes et Femmes;14.5;17.9;;79;75
2019;Nouvelle Aquitaine;Deux-Sèvres;45-64 ans;Hommes et Femmes;30.0;29.0;;79;75
2020;Nouvelle Aquitaine;Deux-Sèvres;00-17 ans;Hommes;0.0;0.0;;79;75
2020;Nouvelle Aquitaine;Deux-Sèvres;25-44 ans;Hommes;20.0;50.0;;79;75
2020;Nouvelle Aquitaine;Deux-Sèvres;65 ans et plus;Femmes;8.0;16.2;;79;75
2020;Nouvelle Aquitaine;Deux-Sèvres;Tous;Femmes;17.5;9.2;9.7;79;75
2020;Nouvelle Aquitaine;Deux-Sèvres;00-17 ans;Hommes et Femmes;0.0;0.0;;79;75
2020;Nouvelle Aquitaine;Deux-Sèvres;65 ans et plus;Hommes et Femmes;19.0;21.5;;79;75
2021;Nouvelle Aquitaine;Deux-Sèvres;00-17 ans;Hommes;0.0;0.0;;79;75
2021;Nouvelle Aquitaine;Deux-Sèvres;25-44 ans;Hommes;17.0;42.5;;79;75
2021;Nouvelle Aquitaine;Deux-Sèvres;18-24 ans;Femmes;0.0;0.0;;79;75
2021;Nouvelle Aquitaine;Deux-Sèvres;25-44 ans;Femmes;2.5;6.3;;79;75
2021;Nouvelle Aquitaine;Deux-Sèvres;00-17 ans;Hommes et Femmes;0.0;0.0;;79;75
2021;Nouvelle Aquitaine;Deux-Sèvres;18-24 ans;Hommes et Femmes;2.5;10.3;;79;75
2021;Nouvelle Aquitaine;Deux-Sèvres;65 ans et plus;Hommes et Femmes;36.0;39.8;;79;75
2022;Nouvelle Aquitaine;Deux-Sèvres;25-44 ans;Hommes;13.0;32.3;;79;75
2022;Nouvelle Aquitaine;Deux-Sèvres;Tous;Hommes;53.0;28.7;28.0;79;75
2022;Nouvelle Aquitaine;Deux-Sèvres;25-44 ans;Femmes;2.5;6.2;;79;75
2022;Nouvelle Aquitaine;Deux-Sèvres;18-24 ans;Hommes et Femmes;2.5;10.1;;79;75
2022;Nouvelle Aquitaine;Deux-Sèvres;25-44 ans;Hommes et Femmes;15.5;19.3;;79;75
2022;Nouvelle Aquitaine;Deux-Sèvres;45-64 ans;Hommes et Femmes;32.0;31.2;;79;75
2023;Nouvelle Aquitaine;Deux-Sèvres;65 ans et plus;Hommes;20.0;49.0;;79;75
2023;Nouvelle Aquitaine;Deux-Sèvres;Tous;Hommes;52.0;28.2;27.1;79;75
2023;Nouvelle Aquitaine;Deux-Sèvres;18-24 ans;Femmes;0.0;0.0;;79;75
2023;Nouvelle Aquitaine;Deux-Sèvres;45-64 ans;Femmes;7.0;13.6;;79;75
2023;Nouvelle Aquitaine;Deux-Sèvres;Tous;Femmes;16.0;8.4;7.5;79;75
2023;Nouvelle Aquitaine;Deux-Sèvres;Tous;Hommes et Femmes;68.0;18.1;17.0;79;75
2019;Hauts-de-France;Somme;00-17 ans;Hommes;0.0;0.0;;80;32
2019;Hauts-de-France;Somme;18-24 ans;Hommes;0.0;0.0;;80;32
2019;Hauts-de-France;Somme;65 ans et plus;Hommes;17.0;34.7;;80;32
2019;Hauts-de-France;Somme;Tous;Hommes;64.0;23.1;23.5;80;32
2019;Hauts-de-France;Somme;25-44 ans;Femmes;2.5;3.7;;80;32
2019;Hauts-de-France;Somme;Tous;Femmes;14.0;4.8;4.8;80;32
2019;Hauts-de-France;Somme;25-44 ans;Hommes et Femmes;23.5;17.6;;80;32
2020;Hauts-de-France;Somme;00-17 ans;Femmes;0.0;0.0;;80;32
2020;Hauts-de-France;Somme;45-64 ans;Femmes;13.0;17.4;;80;32
2020;Hauts-de-France;Somme;65 ans et plus;Femmes;6.0;9.0;;80;32
2020;Hauts-de-France;Somme;25-44 ans;Hommes et Femmes;26.5;20.0;;80;32
2020;Hauts-de-France;Somme;45-64 ans;Hommes et Femmes;38.0;25.9;;80;32
2021;Hauts-de-France;Somme;25-44 ans;Hommes;20.0;30.5;;80;32
2021;Hauts-de-France;Somme;Tous;Hommes;97.0;35.3;35.7;80;32
2021;Hauts-de-France;Somme;00-17 ans;Femmes;2.5;4.3;;80;32
2021;Hauts-de-France;Somme;18-24 ans;Femmes;2.5;9.7;;80;32
2021;Hauts-de-France;Somme;45-64 ans;Femmes;5.0;6.7;;80;32
2021;Hauts-de-France;Somme;Tous;Hommes et Femmes;116.5;20.6;20.6;80;32
2022;Hauts-de-France;Somme;65 ans et plus;Hommes;23.0;44.8;;80;32
2022;Hauts-de-France;Somme;18-24 ans;Femmes;0.0;0.0;;80;32
2022;Hauts-de-France;Somme;45-64 ans;Femmes;8.0;10.9;;80;32
2022;Hauts-de-France;Somme;Tous;Femmes;29.5;10.1;10.0;80;32
2022;Hauts-de-France;Somme;45-64 ans;Hommes et Femmes;36.0;24.9;;80;32
2022;Hauts-de-France;Somme;Tous;Hommes et Femmes;100.5;17.8;17.7;80;32
2023;Hauts-de-France;Somme;18-24 ans;Hommes;2.5;9.7;;80;32
2023;Hauts-de-France;Somme;18-24 ans;Femmes;0.0;0.0;;80;32
2023;Hauts-de-France;Somme;Tous;Femmes;34.5;11.9;12.2;80;32
2023;Hauts-de-France;Somme;18-24 ans;Hommes et Femmes;2.5;4.8;;80;32
2023;Hauts-de-France;Somme;Tous;Hommes et Femmes;107.0;19.0;19.0;80;32
2019;Occitanie;Tarn;00-17 ans;Hommes;0.0;0.0;;81;76
2019;Occitanie;Tarn;25-44 ans;Hommes;5.0;12.6;;81;76
2019;Occitanie;Tarn;65 ans et plus;Hommes;15.0;35.1;;81;76
2019;Occitanie;Tarn;Tous;Hommes;35.5;18.9;16.8;81;76
2019;Occitanie;Tarn;65 ans et plus;Femmes;2.5;4.5;;81;76
2019;Occitanie;Tarn;45-64 ans;Hommes et Femmes;19.0;17.7;;81;76
2019;Occitanie;Tarn;65 ans et plus;Hommes et Femmes;17.5;17.8;;81;76
2020;Occitanie;Tarn;Tous;Hommes;48.0;25.4;24.5;81;76
2020;Occitanie;Tarn;45-64 ans;Femmes;2.5;4.6;;81;76
2020;Occitanie;Tarn;25-44 ans;Hommes et Femmes;8.5;10.6;;81;76
2020;Occitanie;Tarn;45-64 ans;Hommes et Femmes;25.5;23.8;;81;76
2020;Occitanie;Tarn;65 ans et plus;Hommes et Femmes;21.5;21.4;;81;76
2021;Occitanie;Tarn;00-17 ans;Hommes;0.0;0.0;;81;76
2021;Occitanie;Tarn;25-44 ans;Hommes;8.0;20.2;;81;76
2021;Occitanie;Tarn;45-64 ans;Hommes;24.0;46.0;;81;76
2021;Occitanie;Tarn;Tous;Hommes;56.5;29.7;27.9;81;76
2021;Occitanie;Tarn;18-24 ans;Femmes;0.0;0.0;;81;76
2021;Occitanie;Tarn;65 ans et plus;Femmes;2.5;4.3;;81;76
2021;Occitanie;Tarn;45-64 ans;Hommes et Femmes;29.0;27.0;;81;76
2021;Occitanie;Tarn;65 ans et plus;Hommes et Femmes;24.5;23.9;;81;76
2022;Occitanie;Tarn;00-17 ans;Hommes;0.0;0.0;;81;76
2022;Occitanie;Tarn;25-44 ans;Hommes;7.0;17.5;;81;76
2022;Occitanie;Tarn;45-64 ans;Hommes;25.0;47.9;;81;76
2022;Occitanie;Tarn;00-17 ans;Femmes;0.0;0.0;;81;76
2022;Occitanie;Tarn;45-64 ans;Femmes;6.0;10.9;;81;76
2022;Occitanie;Tarn;25-44 ans;Hommes et Femmes;9.5;11.6;;81;76
2022;Occitanie;Tarn;45-64 ans;Hommes et Femmes;31.0;28.9;;81;76
2023;Occitanie;Tarn;00-17 ans;Hommes;0.0;0.0;;81;76
2023;Occitanie;Tarn;25-44 ans;Hommes;2.5;6.2;;81;76
2023;Occitanie;Tarn;Tous;Hommes;33.0;17.2;15.8;81;76
2023;Occitanie;Tarn;18-24 ans;Femmes;0.0;0.0;;81;76
2023;Occitanie;Tarn;45-64 ans;Femmes;2.5;4.5;;81;76
2023;Occitanie;Tarn;Tous;Femmes;13.0;6.3;6.2;81;76
2023;Occitanie;Tarn;Tous;Hommes et Femmes;46.0;11.6;10.8;81;76
2019;Occitanie;Tarn-et-Garonne;18-24 ans;Hommes;0.0;0.0;;82;76
2019;Occitanie;Tarn-et-Garonne;65 ans et plus;Hommes;5.0;19.4;;82;76
2019;Occitanie;Tarn-et-Garonne;Tous;Hommes;26.5;20.8;21.3;82;76
2019;Occitanie;Tarn-et-Garonne;45-64 ans;Femmes;2.5;7.1;;82;76
2019;Occitanie;Tarn-et-Garonne;65 ans et plus;Femmes;2.5;7.8;;82;76
2019;Occitanie;Tarn-et-Garonne;00-17 ans;Hommes et Femmes;0.0;0.0;;82;76
2019;Occitanie;Tarn-et-Garonne;18-24 ans;Hommes et Femmes;0.0;0.0;;82;76
2020;Occitanie;Tarn-et-Garonne;Tous;Hommes;31.5;24.5;22.9;82;76
2020;Occitanie;Tarn-et-Garonne;00-17 ans;Femmes;0.0;0.0;;82;76
2020;Occitanie;Tarn-et-Garonne;65 ans et plus;Femmes;2.5;7.6;;82;76
2020;Occitanie;Tarn-et-Garonne;45-64 ans;Hommes et Femmes;14.5;20.6;;82;76
2020;Occitanie;Tarn-et-Garonne;65 ans et plus;Hommes et Femmes;13.5;22.8;;82;76
2020;Occitanie;Tarn-et-Garonne;Tous;Hommes et Femmes;39.0;14.9;13.7;82;76
2021;Occitanie;Tarn-et-Garonne;00-17 ans;Femmes;0.0;0.0;;82;76
2021;Occitanie;Tarn-et-Garonne;25-44 ans;Hommes et Femmes;7.5;12.9;;82;76
2021;Occitanie;Tarn-et-Garonne;45-64 ans;Hommes et Femmes;16.0;22.8;;82;76
2022;Occitanie;Tarn-et-Garonne;00-17 ans;Hommes;0.0;0.0;;82;76
2022;Occitanie;Tarn-et-Garonne;18-24 ans;Femmes;0.0;0.0;;82;76
2022;Occitanie;Tarn-et-Garonne;00-17 ans;Hommes et Femmes;0.0;0.0;;82;76
2023;Occitanie;Tarn-et-Garonne;25-44 ans;Hommes;5.0;17.4;;82;76
2023;Occitanie;Tarn-et-Garonne;45-64 ans;Hommes;13.0;37.2;;82;76
2023;Occitanie;Tarn-et-Garonne;00-17 ans;Femmes;0.0;0.0;;82;76
2023;Occitanie;Tarn-et-Garonne;25-44 ans;Femmes;2.5;8.4;;82;76
2023;Occitanie;Tarn-et-Garonne;25-44 ans;Hommes et Femmes;7.5;12.8;;82;76
2023;Occitanie;Tarn-et-Garonne;Tous;Hommes et Femmes;37.0;13.9;13.0;82;76
2019;Provence-Alpes-Côte d'Azur;Var;Tous;Hommes;131.5;25.4;23.6;83;93
2019;Provence-Alpes-Côte d'Azur;Var;25-44 ans;Femmes;7.0;6.0;;83;93
2019;Provence-Alpes-Côte d'Azur;Var;65 ans et plus;Femmes;23.0;14.4;;83;93
2019;Provence-Alpes-Côte d'Azur;Var;Tous;Femmes;55.5;9.9;9.3;83;93
2019;Provence-Alpes-Côte d'Azur;Var;25-44 ans;Hommes et Femmes;27.0;11.7;;83;93
2019;Provence-Alpes-Côte d'Azur;Var;45-64 ans;Hommes et Femmes;71.0;24.5;;83;93
2019;Provence-Alpes-Côte d'Azur;Var;Tous;Hommes et Femmes;187.0;17.4;16.2;83;93
2020;Provence-Alpes-Côte d'Azur;Var;00-17 ans;Hommes;0.0;0.0;;83;93
2020;Provence-Alpes-Côte d'Azur;Var;25-44 ans;Hommes;22.0;19.4;;83;93
2020;Provence-Alpes-Côte d'Azur;Var;18-24 ans;Femmes;0.0;0.0;;83;93
2020;Provence-Alpes-Côte d'Azur;Var;25-44 ans;Femmes;9.0;7.7;;83;93
2020;Provence-Alpes-Côte d'Azur;Var;65 ans et plus;Hommes et Femmes;69.0;23.9;;83;93
2021;Provence-Alpes-Côte d'Azur;Var;18-24 ans;Hommes;2.5;6.4;;83;93
2021;Provence-Alpes-Côte d'Azur;Var;65 ans et plus;Hommes;59.0;46.0;;83;93
2021;Provence-Alpes-Côte d'Azur;Var;18-24 ans;Femmes;2.5;7.2;;83;93
2021;Provence-Alpes-Côte d'Azur;Var;Tous;Femmes;41.5;7.3;7.2;83;93
2021;Provence-Alpes-Côte d'Azur;Var;00-17 ans;Hommes et Femmes;2.5;1.2;;83;93
2021;Provence-Alpes-Côte d'Azur;Var;25-44 ans;Hommes et Femmes;31.0;13.3;;83;93
2022;Provence-Alpes-Côte d'Azur;Var;45-64 ans;Hommes;46.0;32.7;;83;93
2022;Provence-Alpes-Côte d'Azur;Var;65 ans et plus;Hommes;58.0;44.3;;83;93
2022;Provence-Alpes-Côte d'Azur;Var;Tous;Hommes;133.5;25.1;22.7;83;93
2022;Provence-Alpes-Côte d'Azur;Var;18-24 ans;Femmes;2.5;7.2;;83;93
2022;Provence-Alpes-Côte d'Azur;Var;25-44 ans;Femmes;2.5;2.1;;83;93
2022;Provence-Alpes-Côte d'Azur;Var;45-64 ans;Femmes;14.0;9.2;;83;93
2022;Provence-Alpes-Côte d'Azur;Var;Tous;Femmes;37.0;6.4;5.9;83;93
2023;Provence-Alpes-Côte d'Azur;Var;00-17 ans;Hommes;2.5;2.4;;83;93
2023;Provence-Alpes-Côte d'Azur;Var;45-64 ans;Hommes;52.0;36.8;;83;93
2023;Provence-Alpes-Côte d'Azur;Var;00-17 ans;Femmes;2.5;2.5;;83;93
2023;Provence-Alpes-Côte d'Azur;Var;25-44 ans;Femmes;7.0;5.7;;83;93
2023;Provence-Alpes-Côte d'Azur;Var;00-17 ans;Hommes et Femmes;2.5;1.2;;83;93
2019;Provence-Alpes-Côte d'Azur;Vaucluse;00-17 ans;Hommes et Femmes;2.5;2.1;;84;93
2019;Provence-Alpes-Côte d'Azur;Vaucluse;18-24 ans;Hommes et Femmes;2.5;6.3;;84;93
2020;Provence-Alpes-Côte d'Azur;Vaucluse;45-64 ans;Hommes;14.0;19.5;;84;93
2020;Provence-Alpes-Côte d'Azur;Vaucluse;Tous;Hommes;42.0;15.6;15.1;84;93
2020;Provence-Alpes-Côte d'Azur;Vaucluse;45-64 ans;Femmes;2.5;3.2;;84;93
2020;Provence-Alpes-Côte d'Azur;Vaucluse;65 ans et plus;Hommes et Femmes;25.0;19.6;;84;93
2021;Provence-Alpes-Côte d'Azur;Vaucluse;18-24 ans;Hommes;2.5;12.5;;84;93
2021;Provence-Alpes-Côte d'Azur;Vaucluse;Tous;Hommes;51.5;19.0;18.2;84;93
2021;Provence-Alpes-Côte d'Azur;Vaucluse;00-17 ans;Hommes et Femmes;0.0;0.0;;84;93
2021;Provence-Alpes-Côte d'Azur;Vaucluse;65 ans et plus;Hommes et Femmes;26.5;20.4;;84;93
2021;Provence-Alpes-Côte d'Azur;Vaucluse;Tous;Hommes et Femmes;64.0;11.3;11.3;84;93
2022;Provence-Alpes-Côte d'Azur;Vaucluse;00-17 ans;Hommes;0.0;0.0;;84;93
2022;Provence-Alpes-Côte d'Azur;Vaucluse;45-64 ans;Hommes;16.0;22.2;;84;93
2022;Provence-Alpes-Côte d'Azur;Vaucluse;65 ans et plus;Hommes;29.0;50.2;;84;93
2022;Provence-Alpes-Côte d'Azur;Vaucluse;00-17 ans;Hommes et Femmes;0.0;0.0;;84;93
2022;Provence-Alpes-Côte d'Azur;Vaucluse;18-24 ans;Hommes et Femmes;2.5;6.4;;84;93
2022;Provence-Alpes-Côte d'Azur;Vaucluse;25-44 ans;Hommes et Femmes;13.5;10.6;;84;93
2023;Provence-Alpes-Côte d'Azur;Vaucluse;18-24 ans;Hommes;2.5;12.3;;84;93
2023;Provence-Alpes-Côte d'Azur;Vaucluse;45-64 ans;Hommes;19.0;26.4;;84;93
2023;Provence-Alpes-Côte d'Azur;Vaucluse;Tous;Femmes;14.0;4.7;5.0;84;93
2023;Provence-Alpes-Côte d'Azur;Vaucluse;65 ans et plus;Hommes et Femmes;17.5;12.9;;84;93
2019;Pays de la Loire;Vendée;Tous;Hommes;101.5;30.3;29.5;85;52
2019;Pays de la Loire;Vendée;00-17 ans;Femmes;2.5;3.5;;85;52
2019;Pays de la Loire;Vendée;65 ans et plus;Femmes;13.0;13.9;;85;52
2019;Pays de la Loire;Vendée;45-64 ans;Hommes et Femmes;43.0;23.6;;85;52
2019;Pays de la Loire;Vendée;Tous;Hommes et Femmes;134.5;19.6;19.1;85;52
2020;Pays de la Loire;Vendée;45-64 ans;Hommes;32.0;35.4;;85;52
2020;Pays de la Loire;Vendée;18-24 ans;Femmes;0.0;0.0;;85;52
2020;Pays de la Loire;Vendée;65 ans et plus;Femmes;14.0;14.5;;85;52
2020;Pays de la Loire;Vendée;Tous;Femmes;26.5;7.5;6.7;85;52
2020;Pays de la Loire;Vendée;00-17 ans;Hommes et Femmes;0.0;0.0;;85;52
2020;Pays de la Loire;Vendée;18-24 ans;Hommes et Femmes;5.0;11.5;;85;52
2020;Pays de la Loire;Vendée;25-44 ans;Hommes et Femmes;20.5;13.9;;85;52
2020;Pays de la Loire;Vendée;45-64 ans;Hommes et Femmes;42.0;22.9;;85;52
2020;Pays de la Loire;Vendée;65 ans et plus;Hommes et Femmes;34.0;19.6;;85;52
2020;Pays de la Loire;Vendée;Tous;Hommes et Femmes;101.5;14.7;14.1;85;52
2021;Pays de la Loire;Vendée;18-24 ans;Hommes;5.0;21.0;;85;52
2021;Pays de la Loire;Vendée;25-44 ans;Hommes;24.0;32.7;;85;52
2021;Pays de la Loire;Vendée;00-17 ans;Femmes;2.5;3.6;;85;52
2021;Pays de la Loire;Vendée;18-24 ans;Femmes;0.0;0.0;;85;52
2021;Pays de la Loire;Vendée;25-44 ans;Femmes;5.0;6.8;;85;52
2021;Pays de la Loire;Vendée;Tous;Femmes;27.5;7.7;7.3;85;52
2022;Pays de la Loire;Vendée;Tous;Hommes;118.5;34.2;32.2;85;52
2022;Pays de la Loire;Vendée;18-24 ans;Femmes;0.0;0.0;;85;52
2022;Pays de la Loire;Vendée;65 ans et plus;Femmes;18.0;17.8;;85;52
2022;Pays de la Loire;Vendée;00-17 ans;Hommes et Femmes;0.0;0.0;;85;52
2022;Pays de la Loire;Vendée;45-64 ans;Hommes et Femmes;52.0;27.8;;85;52
2022;Pays de la Loire;Vendée;Tous;Hommes et Femmes;156.5;22.2;20.7;85;52
2019;Nouvelle Aquitaine;Vienne;25-44 ans;Hommes;12.0;24.7;;86;75
2019;Nouvelle Aquitaine;Vienne;65 ans et plus;Femmes;10.0;18.3;;86;75
2019;Nouvelle Aquitaine;Vienne;25-44 ans;Hommes et Femmes;14.5;14.8;;86;75
2020;Nouvelle Aquitaine;Vienne;25-44 ans;Hommes;8.0;16.5;;86;75
2020;Nouvelle Aquitaine;Vienne;Tous;Hommes;37.5;17.7;16.8;86;75
2020;Nouvelle Aquitaine;Vienne;45-64 ans;Femmes;2.5;4.4;;86;75
2020;Nouvelle Aquitaine;Vienne;65 ans et plus;Femmes;2.5;4.5;;86;75
2020;Nouvelle Aquitaine;Vienne;00-17 ans;Hommes et Femmes;0.0;0.0;;86;75
2020;Nouvelle Aquitaine;Vienne;18-24 ans;Hommes et Femmes;2.5;6.0;;86;75
2021;Nouvelle Aquitaine;Vienne;18-24 ans;Hommes;2.5;12.3;;86;75
2021;Nouvelle Aquitaine;Vienne;00-17 ans;Femmes;2.5;5.7;;86;75
2021;Nouvelle Aquitaine;Vienne;00-17 ans;Hommes et Femmes;2.5;2.8;;86;75
2021;Nouvelle Aquitaine;Vienne;18-24 ans;Hommes et Femmes;2.5;6.0;;86;75
2021;Nouvelle Aquitaine;Vienne;45-64 ans;Hommes et Femmes;25.0;22.4;;86;75
2022;Nouvelle Aquitaine;Vienne;18-24 ans;Hommes;2.5;12.1;;86;75
2022;Nouvelle Aquitaine;Vienne;25-44 ans;Femmes;6.0;12.2;;86;75
2022;Nouvelle Aquitaine;Vienne;00-17 ans;Hommes et Femmes;2.5;2.8;;86;75
2022;Nouvelle Aquitaine;Vienne;25-44 ans;Hommes et Femmes;27.0;27.6;;86;75
2022;Nouvelle Aquitaine;Vienne;65 ans et plus;Hommes et Femmes;32.5;32.3;;86;75
2022;Nouvelle Aquitaine;Vienne;Tous;Hommes et Femmes;86.0;19.6;19.5;86;75
2023;Nouvelle Aquitaine;Vienne;00-17 ans;Hommes;0.0;0.0;;86;75
2023;Nouvelle Aquitaine;Vienne;Tous;Hommes;67.5;31.8;31.8;86;75
2023;Nouvelle Aquitaine;Vienne;00-17 ans;Femmes;0.0;0.0;;86;75
2023;Nouvelle Aquitaine;Vienne;18-24 ans;Femmes;2.5;12.0;;86;75
2023;Nouvelle Aquitaine;Vienne;25-44 ans;Femmes;2.5;5.1;;86;75
2023;Nouvelle Aquitaine;Vienne;45-64 ans;Femmes;5.0;8.9;;86;75
2023;Nouvelle Aquitaine;Vienne;Tous;Femmes;18.0;8.0;7.8;86;75
2023;Nouvelle Aquitaine;Vienne;18-24 ans;Hommes et Femmes;5.0;12.0;;86;75
2023;Nouvelle Aquitaine;Vienne;25-44 ans;Hommes et Femmes;15.5;15.9;;86;75
2023;Nouvelle Aquitaine;Vienne;45-64 ans;Hommes et Femmes;33.0;30.0;;86;75
2019;Nouvelle Aquitaine;Haute-Vienne;45-64 ans;Hommes;14.0;29.0;;87;75
2019;Nouvelle Aquitaine;Haute-Vienne;18-24 ans;Femmes;0.0;0.0;;87;75
2019;Nouvelle Aquitaine;Haute-Vienne;25-44 ans;Femmes;6.0;14.8;;87;75
2019;Nouvelle Aquitaine;Haute-Vienne;45-64 ans;Femmes;10.0;19.6;;87;75
2019;Nouvelle Aquitaine;Haute-Vienne;65 ans et plus;Femmes;5.0;9.4;;87;75
2019;Nouvelle Aquitaine;Haute-Vienne;Tous;Femmes;23.5;12.1;11.7;87;75
2019;Nouvelle Aquitaine;Haute-Vienne;00-17 ans;Hommes et Femmes;2.5;3.6;;87;75
2019;Nouvelle Aquitaine;Haute-Vienne;18-24 ans;Hommes et Femmes;2.5;8.1;;87;75
2020;Nouvelle Aquitaine;Haute-Vienne;45-64 ans;Hommes;22.0;45.8;;87;75
2020;Nouvelle Aquitaine;Haute-Vienne;00-17 ans;Femmes;0.0;0.0;;87;75
2020;Nouvelle Aquitaine;Haute-Vienne;Tous;Femmes;15.5;8.0;6.6;87;75
2020;Nouvelle Aquitaine;Haute-Vienne;25-44 ans;Hommes et Femmes;12.5;15.8;;87;75
2021;Nouvelle Aquitaine;Haute-Vienne;18-24 ans;Hommes;2.5;16.9;;87;75
2021;Nouvelle Aquitaine;Haute-Vienne;00-17 ans;Femmes;0.0;0.0;;87;75
2021;Nouvelle Aquitaine;Haute-Vienne;18-24 ans;Hommes et Femmes;2.5;8.2;;87;75
2021;Nouvelle Aquitaine;Haute-Vienne;65 ans et plus;Hommes et Femmes;40.0;42.0;;87;75
2022;Nouvelle Aquitaine;Haute-Vienne;00-17 ans;Hommes;0.0;0.0;;87;75
2022;Nouvelle Aquitaine;Haute-Vienne;18-24 ans;Femmes;0.0;0.0;;87;75
2022;Nouvelle Aquitaine;Haute-Vienne;00-17 ans;Hommes et Femmes;0.0;0.0;;87;75
2022;Nouvelle Aquitaine;Haute-Vienne;18-24 ans;Hommes et Femmes;2.5;8.2;;87;75
2022;Nouvelle Aquitaine;Haute-Vienne;25-44 ans;Hommes et Femmes;13.5;16.9;;87;75
2022;Nouvelle Aquitaine;Haute-Vienne;Tous;Hommes et Femmes;64.5;17.3;16.6;87;75
2023;Nouvelle Aquitaine;Haute-Vienne;Tous;Hommes;56.5;31.7;28.9;87;75
2023;Nouvelle Aquitaine;Haute-Vienne;18-24 ans;Femmes;0.0;0.0;;87;75
2023;Nouvelle Aquitaine;Haute-Vienne;25-44 ans;Femmes;2.5;6.2;;87;75
2023;Nouvelle Aquitaine;Haute-Vienne;45-64 ans;Femmes;9.0;18.2;;87;75
2023;Nouvelle Aquitaine;Haute-Vienne;65 ans et plus;Femmes;2.5;4.5;;87;75
2023;Nouvelle Aquitaine;Haute-Vienne;00-17 ans;Hommes et Femmes;0.0;0.0;;87;75
2023;Nouvelle Aquitaine;Haute-Vienne;25-44 ans;Hommes et Femmes;12.5;15.7;;87;75
2023;Nouvelle Aquitaine;Haute-Vienne;Tous;Hommes et Femmes;71.5;19.2;17.8;87;75
2019;Grand Est;Vosges;25-44 ans;Hommes;14.0;36.5;;88;44
2019;Grand Est;Vosges;00-17 ans;Femmes;0.0;0.0;;88;44
2019;Grand Est;Vosges;25-44 ans;Femmes;2.5;6.5;;88;44
2019;Grand Est;Vosges;Tous;Femmes;14.5;7.8;8.2;88;44
2019;Grand Est;Vosges;45-64 ans;Hommes et Femmes;31.0;30.1;;88;44
2020;Grand Est;Vosges;18-24 ans;Hommes;2.5;18.7;;88;44
2020;Grand Est;Vosges;65 ans et plus;Hommes;24.0;61.8;;88;44
2020;Grand Est;Vosges;Tous;Hommes;56.5;32.0;30.0;88;44
2020;Grand Est;Vosges;25-44 ans;Femmes;2.5;6.6;;88;44
2020;Grand Est;Vosges;Tous;Femmes;10.0;5.4;6.8;88;44
2020;Grand Est;Vosges;18-24 ans;Hommes et Femmes;2.5;10.0;;88;44
2020;Grand Est;Vosges;25-44 ans;Hommes et Femmes;14.5;19.2;;88;44
2020;Grand Est;Vosges;45-64 ans;Hommes et Femmes;23.0;22.6;;88;44
2021;Grand Est;Vosges;18-24 ans;Hommes;2.5;18.5;;88;44
2021;Grand Est;Vosges;25-44 ans;Hommes;19.0;50.6;;88;44
2021;Grand Est;Vosges;45-64 ans;Hommes;27.0;54.4;;88;44
2021;Grand Est;Vosges;65 ans et plus;Hommes;17.0;43.1;;88;44
2021;Grand Est;Vosges;25-44 ans;Femmes;2.5;6.7;;88;44
2021;Grand Est;Vosges;65 ans et plus;Hommes et Femmes;26.0;28.6;;88;44
2022;Grand Est;Vosges;00-17 ans;Hommes;0.0;0.0;;88;44
2022;Grand Est;Vosges;18-24 ans;Hommes;2.5;18.9;;88;44
2022;Grand Est;Vosges;45-64 ans;Femmes;5.0;10.0;;88;44
2022;Grand Est;Vosges;18-24 ans;Hommes et Femmes;2.5;10.2;;88;44
2023;Grand Est;Vosges;18-24 ans;Hommes;2.5;18.9;;88;44
2023;Grand Est;Vosges;25-44 ans;Hommes;10.0;26.5;;88;44
2023;Grand Est;Vosges;Tous;Hommes;66.0;37.9;35.7;88;44
2023;Grand Est;Vosges;00-17 ans;Femmes;0.0;0.0;;88;44
2023;Grand Est;Vosges;18-24 ans;Femmes;0.0;0.0;;88;44
2023;Grand Est;Vosges;25-44 ans;Femmes;2.5;6.7;;88;44
2023;Grand Est;Vosges;65 ans et plus;Femmes;2.5;4.8;;88;44
2023;Grand Est;Vosges;00-17 ans;Hommes et Femmes;2.5;3.7;;88;44
2023;Grand Est;Vosges;65 ans et plus;Hommes et Femmes;23.5;25.5;;88;44
2019;Bourgogne et Franche-Comté;Yonne;00-17 ans;Hommes;0.0;0.0;;89;27
2019;Bourgogne et Franche-Comté;Yonne;00-17 ans;Femmes;0.0;0.0;;89;27
2019;Bourgogne et Franche-Comté;Yonne;25-44 ans;Femmes;5.0;13.8;;89;27
2019;Bourgogne et Franche-Comté;Yonne;45-64 ans;Femmes;2.5;5.4;;89;27
2019;Bourgogne et Franche-Comté;Yonne;65 ans et plus;Femmes;2.5;5.4;;89;27
2019;Bourgogne et Franche-Comté;Yonne;25-44 ans;Hommes et Femmes;10.0;14.0;;89;27
2020;Bourgogne et Franche-Comté;Yonne;25-44 ans;Hommes;7.0;20.0;;89;27
2020;Bourgogne et Franche-Comté;Yonne;65 ans et plus;Hommes;14.0;38.5;;89;27
2020;Bourgogne et Franche-Comté;Yonne;45-64 ans;Femmes;9.0;19.5;;89;27
2020;Bourgogne et Franche-Comté;Yonne;65 ans et plus;Femmes;6.0;12.9;;89;27
2020;Bourgogne et Franche-Comté;Yonne;Tous;Femmes;17.5;10.2;13.0;89;27
2020;Bourgogne et Franche-Comté;Yonne;25-44 ans;Hommes et Femmes;9.5;13.4;;89;27
2020;Bourgogne et Franche-Comté;Yonne;45-64 ans;Hommes et Femmes;25.0;27.4;;89;27
2021;Bourgogne et Franche-Comté;Yonne;18-24 ans;Hommes;2.5;22.2;;89;27
2021;Bourgogne et Franche-Comté;Yonne;25-44 ans;Femmes;2.5;7.0;;89;27
2021;Bourgogne et Franche-Comté;Yonne;65 ans et plus;Hommes et Femmes;21.0;25.4;;89;27
2021;Bourgogne et Franche-Comté;Yonne;Tous;Hommes et Femmes;49.0;14.7;13.7;89;27
2022;Bourgogne et Franche-Comté;Yonne;00-17 ans;Hommes;0.0;0.0;;89;27
2022;Bourgogne et Franche-Comté;Yonne;18-24 ans;Hommes;2.5;22.4;;89;27
2022;Bourgogne et Franche-Comté;Yonne;25-44 ans;Hommes;9.0;25.7;;89;27
2022;Bourgogne et Franche-Comté;Yonne;18-24 ans;Hommes et Femmes;2.5;12.3;;89;27
2022;Bourgogne et Franche-Comté;Yonne;45-64 ans;Hommes et Femmes;16.0;17.6;;89;27
2022;Bourgogne et Franche-Comté;Yonne;65 ans et plus;Hommes et Femmes;22.5;26.6;;89;27
2023;Bourgogne et Franche-Comté;Yonne;25-44 ans;Hommes;11.0;31.6;;89;27
2023;Bourgogne et Franche-Comté;Yonne;45-64 ans;Hommes;15.0;33.8;;89;27
2023;Bourgogne et Franche-Comté;Yonne;Tous;Hommes;45.0;27.7;26.0;89;27
2023;Bourgogne et Franche-Comté;Yonne;18-24 ans;Femmes;0.0;0.0;;89;27
2023;Bourgogne et Franche-Comté;Yonne;Tous;Femmes;11.0;6.5;7.8;89;27
2023;Bourgogne et Franche-Comté;Yonne;25-44 ans;Hommes et Femmes;13.5;19.3;;89;27
2019;Bourgogne et Franche-Comté;Territoire de Belfort;25-44 ans;Hommes;2.5;14.6;;90;27
2019;Bourgogne et Franche-Comté;Territoire de Belfort;18-24 ans;Femmes;0.0;0.0;;90;27
2019;Bourgogne et Franche-Comté;Territoire de Belfort;65 ans et plus;Femmes;2.5;15.8;;90;27
2019;Bourgogne et Franche-Comté;Territoire de Belfort;65 ans et plus;Hommes et Femmes;5.0;17.8;;90;27
2020;Bourgogne et Franche-Comté;Territoire de Belfort;00-17 ans;Hommes;0.0;0.0;;90;27
2020;Bourgogne et Franche-Comté;Territoire de Belfort;25-44 ans;Hommes;6.0;36.1;;90;27
2020;Bourgogne et Franche-Comté;Territoire de Belfort;18-24 ans;Hommes et Femmes;0.0;0.0;;90;27
2020;Bourgogne et Franche-Comté;Territoire de Belfort;45-64 ans;Hommes et Femmes;8.5;23.0;;90;27
2020;Bourgogne et Franche-Comté;Territoire de Belfort;65 ans et plus;Hommes et Femmes;2.5;8.7;;90;27
2020;Bourgogne et Franche-Comté;Territoire de Belfort;Tous;Hommes et Femmes;17.0;12.1;12.0;90;27
2021;Bourgogne et Franche-Comté;Territoire de Belfort;65 ans et plus;Hommes;2.5;20.1;;90;27
2021;Bourgogne et Franche-Comté;Territoire de Belfort;25-44 ans;Femmes;0.0;0.0;;90;27
2021;Bourgogne et Franche-Comté;Territoire de Belfort;45-64 ans;Femmes;2.5;13.5;;90;27
2022;Bourgogne et Franche-Comté;Territoire de Belfort;25-44 ans;Hommes;9.0;53.4;;90;27
2022;Bourgogne et Franche-Comté;Territoire de Belfort;Tous;Hommes;21.5;30.9;32.5;90;27
2022;Bourgogne et Franche-Comté;Territoire de Belfort;00-17 ans;Femmes;0.0;0.0;;90;27
2022;Bourgogne et Franche-Comté;Territoire de Belfort;18-24 ans;Femmes;0.0;0.0;;90;27
2022;Bourgogne et Franche-Comté;Territoire de Belfort;25-44 ans;Femmes;2.5;15.2;;90;27
2022;Bourgogne et Franche-Comté;Territoire de Belfort;45-64 ans;Hommes et Femmes;5.0;13.8;;90;27
2023;Bourgogne et Franche-Comté;Territoire de Belfort;18-24 ans;Hommes;2.5;36.5;;90;27
2023;Bourgogne et Franche-Comté;Territoire de Belfort;Tous;Hommes;18.0;26.0;26.0;90;27
2023;Bourgogne et Franche-Comté;Territoire de Belfort;45-64 ans;Femmes;2.5;13.7;;90;27
2023;Bourgogne et Franche-Comté;Territoire de Belfort;65 ans et plus;Femmes;0.0;0.0;;90;27
2023;Bourgogne et Franche-Comté;Territoire de Belfort;18-24 ans;Hommes et Femmes;2.5;21.2;;90;27
2023;Bourgogne et Franche-Comté;Territoire de Belfort;25-44 ans;Hommes et Femmes;9.5;28.9;;90;27
2023;Bourgogne et Franche-Comté;Territoire de Belfort;Tous;Hommes et Femmes;22.0;15.8;15.7;90;27
2019;Île-de-France;Essonne;18-24 ans;Hommes;2.5;4.2;;91;11
2019;Île-de-France;Essonne;65 ans et plus;Hommes;22.0;25.5;;91;11
2019;Île-de-France;Essonne;65 ans et plus;Femmes;7.0;6.2;;91;11
2019;Île-de-France;Essonne;45-64 ans;Hommes et Femmes;42.0;12.8;;91;11
2020;Île-de-France;Essonne;18-24 ans;Hommes;10.0;16.4;;91;11
2020;Île-de-France;Essonne;00-17 ans;Femmes;0.0;0.0;;91;11
2021;Île-de-France;Essonne;25-44 ans;Hommes;23.0;13.7;;91;11
2021;Île-de-France;Essonne;Tous;Hommes;74.0;11.5;12.5;91;11
2021;Île-de-France;Essonne;45-64 ans;Femmes;10.0;6.0;;91;11
2021;Île-de-France;Essonne;00-17 ans;Hommes et Femmes;2.5;0.8;;91;11
2022;Île-de-France;Essonne;18-24 ans;Hommes;2.5;4.0;;91;11
2022;Île-de-France;Essonne;45-64 ans;Hommes;21.0;12.8;;91;11
2022;Île-de-France;Essonne;65 ans et plus;Hommes;22.0;24.3;;91;11
2022;Île-de-France;Essonne;18-24 ans;Femmes;5.0;8.9;;91;11
2022;Île-de-France;Essonne;25-44 ans;Femmes;8.0;4.5;;91;11
2022;Île-de-France;Essonne;45-64 ans;Femmes;10.0;6.0;;91;11
2022;Île-de-France;Essonne;Tous;Femmes;31.5;4.7;4.9;91;11
2022;Île-de-France;Essonne;Tous;Hommes et Femmes;104.0;7.9;8.4;91;11
2023;Île-de-France;Essonne;65 ans et plus;Hommes;21.0;22.8;;91;11
2023;Île-de-France;Essonne;Tous;Femmes;36.5;5.4;5.7;91;11
2023;Île-de-France;Essonne;18-24 ans;Hommes et Femmes;5.0;4.2;;91;11
2019;Île-de-France;Hauts-de-Seine;65 ans et plus;Hommes;26.0;25.6;;92;11
2019;Île-de-France;Hauts-de-Seine;25-44 ans;Femmes;11.0;4.4;;92;11
2019;Île-de-France;Hauts-de-Seine;65 ans et plus;Femmes;18.0;12.4;;92;11
2019;Île-de-France;Hauts-de-Seine;25-44 ans;Hommes et Femmes;34.0;7.1;;92;11
2020;Île-de-France;Hauts-de-Seine;18-24 ans;Femmes;2.5;3.6;;92;11
2020;Île-de-France;Hauts-de-Seine;65 ans et plus;Femmes;15.0;10.2;;92;11
2020;Île-de-France;Hauts-de-Seine;Tous;Femmes;43.5;5.1;5.6;92;11
2020;Île-de-France;Hauts-de-Seine;00-17 ans;Hommes et Femmes;2.5;0.7;;92;11
2020;Île-de-France;Hauts-de-Seine;65 ans et plus;Hommes et Femmes;31.0;12.3;;92;11
2020;Île-de-France;Hauts-de-Seine;Tous;Hommes et Femmes;120.5;7.4;7.9;92;11
2021;Île-de-France;Hauts-de-Seine;00-17 ans;Hommes;0.0;0.0;;92;11
2021;Île-de-France;Hauts-de-Seine;25-44 ans;Hommes;22.0;9.6;;92;11
2021;Île-de-France;Hauts-de-Seine;45-64 ans;Hommes;33.0;17.3;;92;11
2021;Île-de-France;Hauts-de-Seine;Tous;Hommes;77.0;9.9;10.4;92;11
2021;Île-de-France;Hauts-de-Seine;25-44 ans;Femmes;6.0;2.4;;92;11
2021;Île-de-France;Hauts-de-Seine;45-64 ans;Femmes;10.0;4.7;;92;11
2021;Île-de-France;Hauts-de-Seine;Tous;Femmes;36.0;4.2;4.7;92;11
2021;Île-de-France;Hauts-de-Seine;18-24 ans;Hommes et Femmes;8.5;6.0;;92;11
2021;Île-de-France;Hauts-de-Seine;25-44 ans;Hommes et Femmes;28.0;5.9;;92;11
2022;Île-de-France;Hauts-de-Seine;00-17 ans;Hommes;0.0;0.0;;92;11
2022;Île-de-France;Hauts-de-Seine;45-64 ans;Hommes;29.0;15.0;;92;11
2022;Île-de-France;Hauts-de-Seine;65 ans et plus;Hommes;18.0;16.9;;92;11
2022;Île-de-France;Hauts-de-Seine;00-17 ans;Femmes;0.0;0.0;;92;11
2022;Île-de-France;Hauts-de-Seine;18-24 ans;Femmes;2.5;3.4;;92;11
2022;Île-de-France;Hauts-de-Seine;25-44 ans;Femmes;8.0;3.2;;92;11
2022;Île-de-France;Hauts-de-Seine;00-17 ans;Hommes et Femmes;0.0;0.0;;92;11
2022;Île-de-France;Hauts-de-Seine;Tous;Hommes et Femmes;128.5;7.8;8.4;92;11
2023;Île-de-France;Hauts-de-Seine;18-24 ans;Hommes;9.0;12.2;;92;11
2023;Île-de-France;Hauts-de-Seine;25-44 ans;Hommes;18.0;7.7;;92;11
2023;Île-de-France;Hauts-de-Seine;Tous;Hommes;90.5;11.5;12.1;92;11
2023;Île-de-France;Hauts-de-Seine;00-17 ans;Femmes;2.5;1.5;;92;11
2023;Île-de-France;Hauts-de-Seine;45-64 ans;Femmes;20.0;9.3;;92;11
2023;Île-de-France;Hauts-de-Seine;00-17 ans;Hommes et Femmes;2.5;0.7;;92;11
2019;Île-de-France;Seine-Saint-Denis;00-17 ans;Hommes;2.5;1.1;;93;11
2019;Île-de-France;Seine-Saint-Denis;18-24 ans;Hommes;2.5;3.4;;93;11
2019;Île-de-France;Seine-Saint-Denis;25-44 ans;Hommes;36.0;15.4;;93;11
2019;Île-de-France;Seine-Saint-Denis;45-64 ans;Hommes;23.0;12.1;;93;11
2019;Île-de-France;Seine-Saint-Denis;65 ans et plus;Hommes;19.0;21.5;;93;11
2019;Île-de-France;Seine-Saint-Denis;Tous;Hommes;82.0;10.1;11.4;93;11
2019;Île-de-France;Seine-Saint-Denis;45-64 ans;Femmes;10.0;5.2;;93;11
2019;Île-de-France;Seine-Saint-Denis;65 ans et plus;Femmes;6.0;5.5;;93;11
2019;Île-de-France;Seine-Saint-Denis;Tous;Femmes;25.0;3.0;3.5;93;11
2019;Île-de-France;Seine-Saint-Denis;25-44 ans;Hommes et Femmes;42.0;8.8;;93;11
2019;Île-de-France;Seine-Saint-Denis;65 ans et plus;Hommes et Femmes;25.0;12.6;;93;11
2019;Île-de-France;Seine-Saint-Denis;Tous;Hommes et Femmes;107.5;6.5;7.3;93;11
2020;Île-de-France;Seine-Saint-Denis;00-17 ans;Hommes;2.5;1.1;;93;11
2020;Île-de-France;Seine-Saint-Denis;25-44 ans;Hommes;28.0;11.9;;93;11
2020;Île-de-France;Seine-Saint-Denis;65 ans et plus;Hommes;14.0;15.3;;93;11
2020;Île-de-France;Seine-Saint-Denis;00-17 ans;Femmes;0.0;0.0;;93;11
2020;Île-de-France;Seine-Saint-Denis;18-24 ans;Femmes;2.5;3.4;;93;11
2020;Île-de-France;Seine-Saint-Denis;25-44 ans;Femmes;8.0;3.3;;93;11
2020;Île-de-France;Seine-Saint-Denis;45-64 ans;Femmes;16.0;8.3;;93;11
2020;Île-de-France;Seine-Saint-Denis;Tous;Femmes;39.5;4.7;5.7;93;11
2020;Île-de-France;Seine-Saint-Denis;25-44 ans;Hommes et Femmes;36.0;7.5;;93;11
2021;Île-de-France;Seine-Saint-Denis;00-17 ans;Hommes;0.0;0.0;;93;11
2021;Île-de-France;Seine-Saint-Denis;18-24 ans;Hommes;7.0;9.0;;93;11
2021;Île-de-France;Seine-Saint-Denis;Tous;Hommes;73.0;8.8;9.5;93;11
2021;Île-de-France;Seine-Saint-Denis;18-24 ans;Femmes;2.5;3.3;;93;11
2022;Île-de-France;Seine-Saint-Denis;18-24 ans;Hommes;10.0;12.4;;93;11
2022;Île-de-France;Seine-Saint-Denis;25-44 ans;Hommes;19.0;8.0;;93;11
2022;Île-de-France;Seine-Saint-Denis;Tous;Hommes;66.5;8.0;9.0;93;11
2022;Île-de-France;Seine-Saint-Denis;00-17 ans;Femmes;2.5;1.2;;93;11
2022;Île-de-France;Seine-Saint-Denis;18-24 ans;Femmes;2.5;3.2;;93;11
2022;Île-de-France;Seine-Saint-Denis;45-64 ans;Femmes;15.0;7.7;;93;11
2022;Île-de-France;Seine-Saint-Denis;65 ans et plus;Femmes;8.0;6.8;;93;11
2022;Île-de-France;Seine-Saint-Denis;25-44 ans;Hommes et Femmes;28.0;5.8;;93;11
2022;Île-de-France;Seine-Saint-Denis;65 ans et plus;Hommes et Femmes;29.0;13.4;;93;11
2022;Île-de-France;Seine-Saint-Denis;Tous;Hommes et Femmes;101.0;6.0;6.7;93;11
2023;Île-de-France;Seine-Saint-Denis;18-24 ans;Hommes;5.0;6.1;;93;11
2023;Île-de-France;Seine-Saint-Denis;45-64 ans;Hommes;30.0;15.3;;93;11
2023;Île-de-France;Seine-Saint-Denis;Tous;Hommes;80.0;9.5;10.9;93;11
2023;Île-de-France;Seine-Saint-Denis;45-64 ans;Femmes;11.0;5.6;;93;11
2023;Île-de-France;Seine-Saint-Denis;Tous;Femmes;28.0;3.3;4.0;93;11
2023;Île-de-France;Seine-Saint-Denis;00-17 ans;Hommes et Femmes;0.0;0.0;;93;11
2023;Île-de-France;Seine-Saint-Denis;25-44 ans;Hommes et Femmes;30.0;6.1;;93;11
2023;Île-de-France;Seine-Saint-Denis;45-64 ans;Hommes et Femmes;41.0;10.4;;93;11
2023;Île-de-France;Seine-Saint-Denis;Tous;Hommes et Femmes;108.0;6.4;7.4;93;11
2019;Île-de-France;Val-de-Marne;18-24 ans;Hommes;5.0;7.9;;94;11
2019;Île-de-France;Val-de-Marne;45-64 ans;Hommes;27.0;16.1;;94;11
2019;Île-de-France;Val-de-Marne;Tous;Hommes;76.0;11.2;12.1;94;11
2019;Île-de-France;Val-de-Marne;25-44 ans;Femmes;5.0;2.4;;94;11
2019;Île-de-France;Val-de-Marne;65 ans et plus;Femmes;8.0;6.5;;94;11
2019;Île-de-France;Val-de-Marne;00-17 ans;Hommes et Femmes;0.0;0.0;;94;11
2019;Île-de-France;Val-de-Marne;18-24 ans;Hommes et Femmes;7.5;6.0;;94;11
2019;Île-de-France;Val-de-Marne;45-64 ans;Hommes et Femmes;40.0;11.5;;94;11
2020;Île-de-France;Val-de-Marne;18-24 ans;Hommes;2.5;3.9;;94;11
2020;Île-de-France;Val-de-Marne;Tous;Hommes;65.5;9.7;10.8;94;11
2020;Île-de-France;Val-de-Marne;25-44 ans;Femmes;6.0;2.9;;94;11
2020;Île-de-France;Val-de-Marne;Tous;Femmes;31.5;4.3;4.6;94;11
2020;Île-de-France;Val-de-Marne;65 ans et plus;Hommes et Femmes;29.0;13.5;;94;11
2021;Île-de-France;Val-de-Marne;45-64 ans;Hommes;23.0;13.6;;94;11
2022;Île-de-France;Val-de-Marne;45-64 ans;Femmes;10.0;5.6;;94;11
2023;Île-de-France;Val-de-Marne;00-17 ans;Hommes;0.0;0.0;;94;11
2023;Île-de-France;Val-de-Marne;Tous;Hommes;58.0;8.5;9.0;94;11
2023;Île-de-France;Val-de-Marne;00-17 ans;Femmes;0.0;0.0;;94;11
2023;Île-de-France;Val-de-Marne;45-64 ans;Hommes et Femmes;31.0;8.9;;94;11
2019;Île-de-France;Val-d'Oise;65 ans et plus;Hommes;18.0;24.1;;95;11
2019;Île-de-France;Val-d'Oise;00-17 ans;Femmes;2.5;1.6;;95;11
2019;Île-de-France;Val-d'Oise;18-24 ans;Hommes et Femmes;0.0;0.0;;95;11
2019;Île-de-France;Val-d'Oise;25-44 ans;Hommes et Femmes;29.0;8.6;;95;11
2019;Île-de-France;Val-d'Oise;45-64 ans;Hommes et Femmes;30.0;9.8;;95;11
2020;Île-de-France;Val-d'Oise;65 ans et plus;Hommes;16.0;20.6;;95;11
2020;Île-de-France;Val-d'Oise;00-17 ans;Femmes;2.5;1.6;;95;11
2020;Île-de-France;Val-d'Oise;65 ans et plus;Femmes;11.0;11.1;;95;11
2020;Île-de-France;Val-d'Oise;18-24 ans;Hommes et Femmes;2.5;2.3;;95;11
2020;Île-de-France;Val-d'Oise;25-44 ans;Hommes et Femmes;19.5;5.8;;95;11
2021;Île-de-France;Val-d'Oise;00-17 ans;Hommes;2.5;1.5;;95;11
2021;Île-de-France;Val-d'Oise;25-44 ans;Hommes;21.0;12.9;;95;11
2021;Île-de-France;Val-d'Oise;00-17 ans;Femmes;0.0;0.0;;95;11
2021;Île-de-France;Val-d'Oise;65 ans et plus;Femmes;6.0;5.9;;95;11
2021;Île-de-France;Val-d'Oise;00-17 ans;Hommes et Femmes;2.5;0.8;;95;11
2022;Île-de-France;Val-d'Oise;00-17 ans;Femmes;0.0;0.0;;95;11
2022;Île-de-France;Val-d'Oise;18-24 ans;Hommes et Femmes;2.5;2.2;;95;11
2022;Île-de-France;Val-d'Oise;45-64 ans;Hommes et Femmes;34.0;11.0;;95;11
2023;Île-de-France;Val-d'Oise;45-64 ans;Hommes;17.0;11.3;;95;11
2023;Île-de-France;Val-d'Oise;65 ans et plus;Hommes;26.0;31.7;;95;11
2023;Île-de-France;Val-d'Oise;25-44 ans;Femmes;8.0;4.5;;95;11
2023;Île-de-France;Val-d'Oise;65 ans et plus;Femmes;8.0;7.5;;95;11
2023;Île-de-France;Val-d'Oise;18-24 ans;Hommes et Femmes;2.5;2.2;;95;11
2023;Île-de-France;Val-d'Oise;45-64 ans;Hommes et Femmes;23.0;7.4;;95;11
2023;Île-de-France;Val-d'Oise;65 ans et plus;Hommes et Femmes;34.0;18.1;;95;11
2023;Île-de-France;Val-d'Oise;Tous;Hommes et Femmes;88.5;6.9;7.8;95;11
2019;Guadeloupe;Guadeloupe;45-64 ans;Hommes;16.0;30.5;;971;01
2019;Guadeloupe;Guadeloupe;65 ans et plus;Hommes;5.0;15.5;;971;01
2019;Guadeloupe;Guadeloupe;Tous;Hommes;31.0;17.6;17.4;971;01
2019;Guadeloupe;Guadeloupe;18-24 ans;Femmes;2.5;17.5;;971;01
2019;Guadeloupe;Guadeloupe;25-44 ans;Femmes;2.5;5.6;;971;01
2019;Guadeloupe;Guadeloupe;00-17 ans;Hommes et Femmes;0.0;0.0;;971;01
2019;Guadeloupe;Guadeloupe;25-44 ans;Hommes et Femmes;7.5;9.6;;971;01
2019;Guadeloupe;Guadeloupe;Tous;Hommes et Femmes;36.0;9.4;9.5;971;01
2020;Guadeloupe;Guadeloupe;00-17 ans;Hommes;0.0;0.0;;971;01
2020;Guadeloupe;Guadeloupe;45-64 ans;Hommes;13.0;24.7;;971;01
2020;Guadeloupe;Guadeloupe;Tous;Hommes;34.5;19.7;20.4;971;01
2020;Guadeloupe;Guadeloupe;Tous;Femmes;5.0;2.4;2.2;971;01
2020;Guadeloupe;Guadeloupe;65 ans et plus;Hommes et Femmes;13.5;17.4;;971;01
2020;Guadeloupe;Guadeloupe;Tous;Hommes et Femmes;42.0;11.0;11.1;971;01
2021;Guadeloupe;Guadeloupe;00-17 ans;Hommes;0.0;0.0;;971;01
2021;Guadeloupe;Guadeloupe;25-44 ans;Hommes;11.0;34.7;;971;01
2021;Guadeloupe;Guadeloupe;65 ans et plus;Hommes;12.0;34.8;;971;01
2021;Guadeloupe;Guadeloupe;Tous;Hommes;38.0;21.6;22.4;971;01
2021;Guadeloupe;Guadeloupe;Tous;Femmes;2.5;1.2;1.5;971;01
2021;Guadeloupe;Guadeloupe;18-24 ans;Hommes et Femmes;2.5;8.8;;971;01
2021;Guadeloupe;Guadeloupe;65 ans et plus;Hommes et Femmes;14.5;18.2;;971;01
2022;Guadeloupe;Guadeloupe;18-24 ans;Hommes;0.0;0.0;;971;01
2022;Guadeloupe;Guadeloupe;25-44 ans;Hommes;7.0;22.4;;971;01
2022;Guadeloupe;Guadeloupe;00-17 ans;Femmes;0.0;0.0;;971;01
2022;Guadeloupe;Guadeloupe;Tous;Femmes;10.0;4.8;4.7;971;01
2022;Guadeloupe;Guadeloupe;45-64 ans;Hommes et Femmes;7.5;6.4;;971;01
2023;Guadeloupe;Guadeloupe;00-17 ans;Hommes;0.0;0.0;;971;01
2023;Guadeloupe;Guadeloupe;45-64 ans;Hommes;10.0;19.1;;971;01
2023;Guadeloupe;Guadeloupe;65 ans et plus;Hommes;5.0;13.4;;971;01
2023;Guadeloupe;Guadeloupe;00-17 ans;Femmes;0.0;0.0;;971;01
2023;Guadeloupe;Guadeloupe;25-44 ans;Femmes;2.5;5.8;;971;01
2023;Guadeloupe;Guadeloupe;Tous;Hommes et Femmes;30.0;7.8;8.5;971;01
2019;Martinique;Martinique;25-44 ans;Hommes;2.5;8.1;;972;02
2019;Martinique;Martinique;18-24 ans;Femmes;2.5;19.5;;972;02
2019;Martinique;Martinique;45-64 ans;Femmes;2.5;3.9;;972;02
2019;Martinique;Martinique;65 ans et plus;Femmes;2.5;5.7;;972;02
2019;Martinique;Martinique;18-24 ans;Hommes et Femmes;2.5;9.5;;972;02
2020;Martinique;Martinique;25-44 ans;Hommes;2.5;8.3;;972;02
2020;Martinique;Martinique;65 ans et plus;Hommes;8.0;23.3;;972;02
2020;Martinique;Martinique;00-17 ans;Femmes;0.0;0.0;;972;02
2020;Martinique;Martinique;Tous;Femmes;8.0;4.1;3.7;972;02
2020;Martinique;Martinique;00-17 ans;Hommes et Femmes;0.0;0.0;;972;02
2020;Martinique;Martinique;18-24 ans;Hommes et Femmes;2.5;9.8;;972;02
2021;Martinique;Martinique;18-24 ans;Hommes;0.0;0.0;;972;02
2021;Martinique;Martinique;65 ans et plus;Hommes;7.0;19.9;;972;02
2021;Martinique;Martinique;Tous;Hommes;19.0;11.5;11.4;972;02
2021;Martinique;Martinique;65 ans et plus;Femmes;0.0;0.0;;972;02
2021;Martinique;Martinique;00-17 ans;Hommes et Femmes;0.0;0.0;;972;02
2021;Martinique;Martinique;25-44 ans;Hommes et Femmes;5.0;7.2;;972;02
2022;Martinique;Martinique;00-17 ans;Hommes;0.0;0.0;;972;02
2022;Martinique;Martinique;18-24 ans;Hommes;0.0;0.0;;972;02
2022;Martinique;Martinique;25-44 ans;Hommes;2.5;8.4;;972;02
2022;Martinique;Martinique;45-64 ans;Hommes;5.0;9.7;;972;02
2022;Martinique;Martinique;65 ans et plus;Hommes;10.0;27.6;;972;02
2022;Martinique;Martinique;Tous;Hommes;17.5;10.6;11.0;972;02
2022;Martinique;Martinique;00-17 ans;Hommes et Femmes;0.0;0.0;;972;02
2022;Martinique;Martinique;45-64 ans;Hommes et Femmes;7.5;6.6;;972;02
2023;Martinique;Martinique;00-17 ans;Hommes;0.0;0.0;;972;02
2023;Martinique;Martinique;45-64 ans;Hommes;10.0;19.8;;972;02
2023;Martinique;Martinique;00-17 ans;Femmes;0.0;0.0;;972;02
2023;Martinique;Martinique;18-24 ans;Hommes et Femmes;2.5;10.5;;972;02
2019;Guyane;Guyane;18-24 ans;Hommes;2.5;17.3;;973;03
2019;Guyane;Guyane;Tous;Hommes;14.0;10.2;14.1;973;03
2019;Guyane;Guyane;18-24 ans;Femmes;2.5;16.6;;973;03
2019;Guyane;Guyane;18-24 ans;Hommes et Femmes;2.5;8.5;;973;03
2019;Guyane;Guyane;45-64 ans;Hommes et Femmes;7.5;14.5;;973;03
2019;Guyane;Guyane;Tous;Hommes et Femmes;23.0;8.2;9.3;973;03
2020;Guyane;Guyane;00-17 ans;Femmes;0.0;0.0;;973;03
2020;Guyane;Guyane;25-44 ans;Femmes;0.0;0.0;;973;03
2020;Guyane;Guyane;Tous;Femmes;2.5;1.7;2.8;973;03
2020;Guyane;Guyane;25-44 ans;Hommes et Femmes;2.5;3.3;;973;03
2021;Guyane;Guyane;45-64 ans;Hommes;6.0;23.0;;973;03
2021;Guyane;Guyane;Tous;Hommes;15.0;10.8;16.2;973;03
2021;Guyane;Guyane;00-17 ans;Femmes;0.0;0.0;;973;03
2021;Guyane;Guyane;45-64 ans;Femmes;2.5;9.2;;973;03
2021;Guyane;Guyane;25-44 ans;Hommes et Femmes;7.0;9.1;;973;03
2021;Guyane;Guyane;65 ans et plus;Hommes et Femmes;2.5;13.8;;973;03
2021;Guyane;Guyane;Tous;Hommes et Femmes;21.0;7.3;10.0;973;03
2022;Guyane;Guyane;18-24 ans;Hommes;2.5;17.2;;973;03
2022;Guyane;Guyane;00-17 ans;Femmes;0.0;0.0;;973;03
2022;Guyane;Guyane;25-44 ans;Femmes;2.5;6.0;;973;03
2022;Guyane;Guyane;45-64 ans;Femmes;2.5;9.0;;973;03
2022;Guyane;Guyane;65 ans et plus;Femmes;0.0;0.0;;973;03
2022;Guyane;Guyane;25-44 ans;Hommes et Femmes;8.5;11.1;;973;03
2022;Guyane;Guyane;65 ans et plus;Hommes et Femmes;5.0;25.9;;973;03
2023;Guyane;Guyane;25-44 ans;Hommes;10.0;28.3;;973;03
2023;Guyane;Guyane;18-24 ans;Femmes;2.5;16.0;;973;03
2023;Guyane;Guyane;25-44 ans;Femmes;2.5;6.0;;973;03
2023;Guyane;Guyane;45-64 ans;Femmes;0.0;0.0;;973;03
2023;Guyane;Guyane;65 ans et plus;Femmes;0.0;0.0;;973;03
2023;Guyane;Guyane;18-24 ans;Hommes et Femmes;2.5;8.3;;973;03
2023;Guyane;Guyane;25-44 ans;Hommes et Femmes;12.5;16.2;;973;03
2019;Réunion;Réunion;65 ans et plus;Hommes;18.0;39.1;;974;04
2019;Réunion;Réunion;Tous;Hommes;75.0;18.2;21.2;974;04
2019;Réunion;Réunion;18-24 ans;Femmes;2.5;6.6;;974;04
2019;Réunion;Réunion;45-64 ans;Femmes;7.0;5.8;;974;04
2019;Réunion;Réunion;65 ans et plus;Femmes;2.5;4.2;;974;04
2019;Réunion;Réunion;Tous;Femmes;21.0;4.7;4.9;974;04
2019;Réunion;Réunion;45-64 ans;Hommes et Femmes;32.0;13.9;;974;04
2019;Réunion;Réunion;Tous;Hommes et Femmes;96.0;11.1;12.8;974;04
2020;Réunion;Réunion;18-24 ans;Hommes;2.5;6.7;;974;04
2020;Réunion;Réunion;Tous;Hommes;71.0;17.2;18.5;974;04
2020;Réunion;Réunion;18-24 ans;Femmes;2.5;6.6;;974;04
2020;Réunion;Réunion;25-44 ans;Femmes;6.0;5.2;;974;04
2021;Réunion;Réunion;18-24 ans;Hommes;5.0;13.5;;974;04
2021;Réunion;Réunion;25-44 ans;Hommes;18.0;18.8;;974;04
2021;Réunion;Réunion;45-64 ans;Hommes;24.0;21.3;;974;04
2021;Réunion;Réunion;00-17 ans;Femmes;2.5;2.2;;974;04
2021;Réunion;Réunion;18-24 ans;Femmes;2.5;6.6;;974;04
2021;Réunion;Réunion;Tous;Femmes;15.0;3.3;3.0;974;04
2021;Réunion;Réunion;45-64 ans;Hommes et Femmes;31.0;13.2;;974;04
2022;Réunion;Réunion;18-24 ans;Hommes;2.5;6.7;;974;04
2022;Réunion;Réunion;45-64 ans;Hommes;21.0;18.3;;974;04
2022;Réunion;Réunion;18-24 ans;Femmes;0.0;0.0;;974;04
2022;Réunion;Réunion;45-64 ans;Femmes;13.0;10.5;;974;04
2022;Réunion;Réunion;65 ans et plus;Femmes;2.5;3.7;;974;04
2022;Réunion;Réunion;Tous;Femmes;21.5;4.7;4.2;974;04
2022;Réunion;Réunion;00-17 ans;Hommes et Femmes;2.5;1.1;;974;04
2022;Réunion;Réunion;18-24 ans;Hommes et Femmes;2.5;3.3;;974;04
2022;Réunion;Réunion;25-44 ans;Hommes et Femmes;17.0;8.0;;974;04
2022;Réunion;Réunion;45-64 ans;Hommes et Femmes;34.0;14.3;;974;04
2022;Réunion;Réunion;Tous;Hommes et Femmes;67.5;7.7;7.7;974;04
2023;Réunion;Réunion;25-44 ans;Hommes;27.0;28.3;;974;04
2023;Réunion;Réunion;00-17 ans;Femmes;0.0;0.0;;974;04
2023;Réunion;Réunion;18-24 ans;Femmes;2.5;6.7;;974;04
2023;Réunion;Réunion;45-64 ans;Femmes;5.0;4.0;;974;04
2023;Réunion;Réunion;65 ans et plus;Femmes;2.5;3.5;;974;04
2023;Réunion;Réunion;Tous;Femmes;10.0;2.2;2.3;974;04
2023;Réunion;Réunion;25-44 ans;Hommes et Femmes;29.5;13.9;;974;04
2023;Réunion;Réunion;45-64 ans;Hommes et Femmes;35.0;14.6;;974;04
2019;Mayotte;Mayotte;00-17 ans;Hommes;0.0;0.0;;976;06
2019;Mayotte;Mayotte;18-24 ans;Femmes;0.0;0.0;;976;06
2019;Mayotte;Mayotte;65 ans et plus;Femmes;0.0;0.0;;976;06
2019;Mayotte;Mayotte;Tous;Femmes;2.5;1.8;0.6;976;06
2019;Mayotte;Mayotte;45-64 ans;Hommes et Femmes;0.0;0.0;;976;06
2019;Mayotte;Mayotte;65 ans et plus;Hommes et Femmes;0.0;0.0;;976;06
2020;Mayotte;Mayotte;00-17 ans;Hommes;0.0;0.0;;976;06
2020;Mayotte;Mayotte;18-24 ans;Hommes;0.0;0.0;;976;06
2020;Mayotte;Mayotte;65 ans et plus;Hommes;0.0;0.0;;976;06
2020;Mayotte;Mayotte;00-17 ans;Hommes et Femmes;0.0;0.0;;976;06
2020;Mayotte;Mayotte;18-24 ans;Hommes et Femmes;0.0;0.0;;976;06
2020;Mayotte;Mayotte;25-44 ans;Hommes et Femmes;2.5;3.5;;976;06
2020;Mayotte;Mayotte;65 ans et plus;Hommes et Femmes;0.0;0.0;;976;06
2021;Mayotte;Mayotte;18-24 ans;Hommes;2.5;20.4;;976;06
2021;Mayotte;Mayotte;65 ans et plus;Hommes;0.0;0.0;;976;06
2021;Mayotte;Mayotte;18-24 ans;Femmes;0.0;0.0;;976;06
2021;Mayotte;Mayotte;25-44 ans;Femmes;0.0;0.0;;976;06
2021;Mayotte;Mayotte;45-64 ans;Femmes;0.0;0.0;;976;06
2021;Mayotte;Mayotte;25-44 ans;Hommes et Femmes;2.5;3.4;;976;06
2021;Mayotte;Mayotte;Tous;Hommes et Femmes;2.5;0.9;1.8;976;06
2022;Mayotte;Mayotte;65 ans et plus;Hommes;0.0;0.0;;976;06
2022;Mayotte;Mayotte;25-44 ans;Femmes;0.0;0.0;;976;06
2022;Mayotte;Mayotte;65 ans et plus;Femmes;0.0;0.0;;976;06
2022;Mayotte;Mayotte;18-24 ans;Hommes et Femmes;0.0;0.0;;976;06
2022;Mayotte;Mayotte;65 ans et plus;Hommes et Femmes;0.0;0.0;;976;06
2023;Mayotte;Mayotte;18-24 ans;Hommes;0.0;0.0;;976;06
2023;Mayotte;Mayotte;65 ans et plus;Femmes;0.0;0.0;;976;06
2023;Mayotte;Mayotte;45-64 ans;Hommes et Femmes;2.5;7.1;;976;06
2019;Saint-Barthélemy;Saint-Barthélemy;00-17 ans;Hommes;0.0;;;977;977
2019;Saint-Barthélemy;Saint-Barthélemy;18-24 ans;Hommes;0.0;;;977;977
2019;Saint-Barthélemy;Saint-Barthélemy;45-64 ans;Hommes;0.0;;;977;977
2019;Saint-Barthélemy;Saint-Barthélemy;65 ans et plus;Hommes;0.0;;;977;977
2019;Saint-Barthélemy;Saint-Barthélemy;Tous;Hommes;0.0;;;977;977
2019;Saint-Barthélemy;Saint-Barthélemy;25-44 ans;Femmes;0.0;;;977;977
2019;Saint-Barthélemy;Saint-Barthélemy;00-17 ans;Hommes et Femmes;0.0;;;977;977
2019;Saint-Barthélemy;Saint-Barthélemy;65 ans et plus;Hommes et Femmes;0.0;;;977;977
2020;Saint-Barthélemy;Saint-Barthélemy;00-17 ans;Hommes;0.0;;;977;977
2020;Saint-Barthélemy;Saint-Barthélemy;25-44 ans;Hommes;0.0;;;977;977
2020;Saint-Barthélemy;Saint-Barthélemy;45-64 ans;Hommes;2.5;;;977;977
2020;Saint-Barthélemy;Saint-Barthélemy;00-17 ans;Femmes;0.0;;;977;977
2020;Saint-Barthélemy;Saint-Barthélemy;18-24 ans;Femmes;0.0;;;977;977
2020;Saint-Barthélemy;Saint-Barthélemy;45-64 ans;Femmes;0.0;;;977;977
2020;Saint-Barthélemy;Saint-Barthélemy;Tous;Femmes;0.0;;;977;977
2020;Saint-Barthélemy;Saint-Barthélemy;18-24 ans;Hommes et Femmes;0.0;;;977;977
2020;Saint-Barthélemy;Saint-Barthélemy;45-64 ans;Hommes et Femmes;2.5;;;977;977
2020;Saint-Barthélemy;Saint-Barthélemy;Tous;Hommes et Femmes;2.5;;;977;977
2021;Saint-Barthélemy;Saint-Barthélemy;45-64 ans;Hommes;2.5;;;977;977
2021;Saint-Barthélemy;Saint-Barthélemy;18-24 ans;Femmes;0.0;;;977;977
2021;Saint-Barthélemy;Saint-Barthélemy;45-64 ans;Femmes;0.0;;;977;977
2021;Saint-Barthélemy;Saint-Barthélemy;00-17 ans;Hommes et Femmes;0.0;;;977;977
2021;Saint-Barthélemy;Saint-Barthélemy;45-64 ans;Hommes et Femmes;2.5;;;977;977
2021;Saint-Barthélemy;Saint-Barthélemy;65 ans et plus;Hommes et Femmes;0.0;;;977;977
2022;Saint-Barthélemy;Saint-Barthélemy;00-17 ans;Femmes;0.0;;;977;977
2022;Saint-Barthélemy;Saint-Barthélemy;25-44 ans;Femmes;0.0;;;977;977
2022;Saint-Barthélemy;Saint-Barthélemy;45-64 ans;Femmes;0.0;;;977;977
2022;Saint-Barthélemy;Saint-Barthélemy;65 ans et plus;Femmes;0.0;;;977;977
2022;Saint-Barthélemy;Saint-Barthélemy;00-17 ans;Hommes et Femmes;0.0;;;977;977
2022;Saint-Barthélemy;Saint-Barthélemy;45-64 ans;Hommes et Femmes;2.5;;;977;977
2022;Saint-Barthélemy;Saint-Barthélemy;Tous;Hommes et Femmes;2.5;;;977;977
2023;Saint-Barthélemy;Saint-Barthélemy;45-64 ans;Hommes;2.5;;;977;977
2023;Saint-Barthélemy;Saint-Barthélemy;00-17 ans;Femmes;0.0;;;977;977
2023;Saint-Barthélemy;Saint-Barthélemy;45-64 ans;Femmes;0.0;;;977;977
2023;Saint-Barthélemy;Saint-Barthélemy;65 ans et plus;Femmes;0.0;;;977;977
2023;Saint-Barthélemy;Saint-Barthélemy;45-64 ans;Hommes et Femmes;2.5;;;977;977
2023;Saint-Barthélemy;Saint-Barthélemy;65 ans et plus;Hommes et Femmes;2.5;;;977;977
2019;Saint-Martin;Saint-Martin;25-44 ans;Hommes;0.0;;;978;978
2019;Saint-Martin;Saint-Martin;45-64 ans;Hommes;2.5;;;978;978
2019;Saint-Martin;Saint-Martin;00-17 ans;Femmes;0.0;;;978;978
2019;Saint-Martin;Saint-Martin;25-44 ans;Femmes;0.0;;;978;978
2019;Saint-Martin;Saint-Martin;18-24 ans;Hommes et Femmes;0.0;;;978;978
2019;Saint-Martin;Saint-Martin;25-44 ans;Hommes et Femmes;0.0;;;978;978
2019;Saint-Martin;Saint-Martin;45-64 ans;Hommes et Femmes;2.5;;;978;978
2019;Saint-Martin;Saint-Martin;65 ans et plus;Hommes et Femmes;2.5;;;978;978
2019;Saint-Martin;Saint-Martin;Tous;Hommes et Femmes;2.5;;;978;978
2020;Saint-Martin;Saint-Martin;25-44 ans;Hommes;2.5;;;978;978
2020;Saint-Martin;Saint-Martin;65 ans et plus;Hommes;0.0;;;978;978
2020;Saint-Martin;Saint-Martin;Tous;Hommes;2.5;;;978;978
2020;Saint-Martin;Saint-Martin;00-17 ans;Femmes;0.0;;;978;978
2020;Saint-Martin;Saint-Martin;18-24 ans;Femmes;0.0;;;978;978
2020;Saint-Martin;Saint-Martin;25-44 ans;Femmes;0.0;;;978;978
2020;Saint-Martin;Saint-Martin;45-64 ans;Femmes;0.0;;;978;978
2021;Saint-Martin;Saint-Martin;Tous;Hommes;2.5;;;978;978
2021;Saint-Martin;Saint-Martin;25-44 ans;Femmes;2.5;;;978;978
2021;Saint-Martin;Saint-Martin;65 ans et plus;Femmes;0.0;;;978;978
2021;Saint-Martin;Saint-Martin;Tous;Femmes;2.5;;;978;978
2021;Saint-Martin;Saint-Martin;25-44 ans;Hommes et Femmes;2.5;;;978;978
2021;Saint-Martin;Saint-Martin;45-64 ans;Hommes et Femmes;2.5;;;978;978
2021;Saint-Martin;Saint-Martin;65 ans et plus;Hommes et Femmes;0.0;;;978;978
2022;Saint-Martin;Saint-Martin;00-17 ans;Hommes;0.0;;;978;978
2022;Saint-Martin;Saint-Martin;18-24 ans;Hommes;0.0;;;978;978
2022;Saint-Martin;Saint-Martin;25-44 ans;Hommes;0.0;;;978;978
2022;Saint-Martin;Saint-Martin;45-64 ans;Hommes;0.0;;;978;978
2022;Saint-Martin;Saint-Martin;65 ans et plus;Hommes;2.5;;;978;978
2022;Saint-Martin;Saint-Martin;Tous;Hommes;2.5;;;978;978
2022;Saint-Martin;Saint-Martin;00-17 ans;Femmes;0.0;;;978;978
2022;Saint-Martin;Saint-Martin;18-24 ans;Femmes;0.0;;;978;978
2022;Saint-Martin;Saint-Martin;25-44 ans;Femmes;0.0;;;978;978
2022;Saint-Martin;Saint-Martin;65 ans et plus;Hommes et Femmes;2.5;;;978;978
2023;Saint-Martin;Saint-Martin;45-64 ans;Hommes;0.0;;;978;978
2023;Saint-Martin;Saint-Martin;Tous;Hommes;0.0;;;978;978
2023;Saint-Martin;Saint-Martin;25-44 ans;Femmes;0.0;;;978;978
2023;Saint-Martin;Saint-Martin;Tous;Hommes et Femmes;0.0;;;978;978
2019;Auvergne et Rhône-Alpes;Ain;18-24 ans;Hommes;2.5;10.7;;01;84
2019;Auvergne et Rhône-Alpes;Ain;25-44 ans;Hommes;16.0;20.0;;01;84
2019;Auvergne et Rhône-Alpes;Ain;Tous;Hommes;68.5;21.3;22.7;01;84
2019;Auvergne et Rhône-Alpes;Ain;00-17 ans;Femmes;0.0;0.0;;01;84
2019;Auvergne et Rhône-Alpes;Ain;18-24 ans;Femmes;2.5;11.6;;01;84
2019;Auvergne et Rhône-Alpes;Ain;25-44 ans;Femmes;2.5;3.1;;01;84
2019;Auvergne et Rhône-Alpes;Ain;65 ans et plus;Femmes;2.5;3.8;;01;84
2019;Auvergne et Rhône-Alpes;Ain;00-17 ans;Hommes et Femmes;0.0;0.0;;01;84
2019;Auvergne et Rhône-Alpes;Ain;18-24 ans;Hommes et Femmes;5.0;11.1;;01;84
2019;Auvergne et Rhône-Alpes;Ain;25-44 ans;Hommes et Femmes;18.5;11.5;;01;84
2019;Auvergne et Rhône-Alpes;Ain;Tous;Hommes et Femmes;78.5;12.0;12.6;01;84
2020;Auvergne et Rhône-Alpes;Ain;00-17 ans;Hommes;2.5;3.1;;01;84
2020;Auvergne et Rhône-Alpes;Ain;45-64 ans;Hommes;13.0;14.8;;01;84
2020;Auvergne et Rhône-Alpes;Ain;Tous;Hommes;54.0;16.6;17.6;01;84
2020;Auvergne et Rhône-Alpes;Ain;18-24 ans;Femmes;2.5;11.6;;01;84
2020;Auvergne et Rhône-Alpes;Ain;25-44 ans;Femmes;2.5;3.1;;01;84
2020;Auvergne et Rhône-Alpes;Ain;Tous;Hommes et Femmes;69.0;10.5;10.9;01;84
2021;Auvergne et Rhône-Alpes;Ain;00-17 ans;Hommes;0.0;0.0;;01;84
2021;Auvergne et Rhône-Alpes;Ain;18-24 ans;Femmes;2.5;11.5;;01;84
2021;Auvergne et Rhône-Alpes;Ain;25-44 ans;Femmes;0.0;0.0;;01;84
2021;Auvergne et Rhône-Alpes;Ain;65 ans et plus;Femmes;2.5;3.7;;01;84
2021;Auvergne et Rhône-Alpes;Ain;Tous;Hommes et Femmes;73.0;11.0;11.5;01;84
2022;Auvergne et Rhône-Alpes;Ain;00-17 ans;Hommes;2.5;3.1;;01;84
2022;Auvergne et Rhône-Alpes;Ain;25-44 ans;Hommes;17.0;20.6;;01;84
2022;Auvergne et Rhône-Alpes;Ain;Tous;Hommes;83.0;25.1;25.6;01;84
2022;Auvergne et Rhône-Alpes;Ain;Tous;Femmes;17.0;5.0;5.3;01;84
2022;Auvergne et Rhône-Alpes;Ain;18-24 ans;Hommes et Femmes;2.5;5.4;;01;84
2023;Auvergne et Rhône-Alpes;Ain;00-17 ans;Hommes;0.0;0.0;;01;84
2023;Auvergne et Rhône-Alpes;Ain;65 ans et plus;Hommes;18.0;31.5;;01;84
2023;Auvergne et Rhône-Alpes;Ain;Tous;Hommes;57.5;17.2;17.5;01;84
2023;Auvergne et Rhône-Alpes;Ain;00-17 ans;Femmes;0.0;0.0;;01;84
2023;Auvergne et Rhône-Alpes;Ain;18-24 ans;Femmes;0.0;0.0;;01;84
2023;Auvergne et Rhône-Alpes;Ain;Tous;Hommes et Femmes;80.5;11.9;12.0;01;84
2019;Hauts-de-France;Aisne;45-64 ans;Hommes;34.0;48.7;;02;32
2019;Hauts-de-France;Aisne;00-17 ans;Femmes;0.0;0.0;;02;32
2019;Hauts-de-France;Aisne;45-64 ans;Femmes;11.0;15.3;;02;32
2019;Hauts-de-France;Aisne;00-17 ans;Hommes et Femmes;2.5;2.1;;02;32
2019;Hauts-de-France;Aisne;25-44 ans;Hommes et Femmes;22.5;18.6;;02;32
2020;Hauts-de-France;Aisne;18-24 ans;Hommes;2.5;12.1;;02;32
2020;Hauts-de-France;Aisne;18-24 ans;Femmes;0.0;0.0;;02;32
2020;Hauts-de-France;Aisne;45-64 ans;Femmes;6.0;8.4;;02;32
2020;Hauts-de-France;Aisne;Tous;Femmes;22.0;8.1;8.3;02;32
2020;Hauts-de-France;Aisne;18-24 ans;Hommes et Femmes;2.5;6.3;;02;32
2020;Hauts-de-France;Aisne;45-64 ans;Hommes et Femmes;36.0;25.6;;02;32
2021;Hauts-de-France;Aisne;25-44 ans;Hommes;17.0;28.7;;02;32
2021;Hauts-de-France;Aisne;25-44 ans;Femmes;2.5;4.2;;02;32
2021;Hauts-de-France;Aisne;45-64 ans;Femmes;2.5;3.5;;02;32
2021;Hauts-de-France;Aisne;Tous;Femmes;15.0;5.6;5.6;02;32
2021;Hauts-de-France;Aisne;18-24 ans;Hommes et Femmes;2.5;6.4;;02;32
2021;Hauts-de-France;Aisne;Tous;Hommes et Femmes;78.5;14.9;15.0;02;32
2022;Hauts-de-France;Aisne;00-17 ans;Hommes;2.5;4.2;;02;32
2022;Hauts-de-France;Aisne;65 ans et plus;Hommes;28.0;56.7;;02;32
2022;Hauts-de-France;Aisne;45-64 ans;Femmes;8.0;11.5;;02;32
2022;Hauts-de-France;Aisne;65 ans et plus;Femmes;5.0;7.8;;02;32
2022;Hauts-de-France;Aisne;Tous;Femmes;20.0;7.4;7.5;02;32
2023;Hauts-de-France;Aisne;25-44 ans;Hommes;19.0;32.1;;02;32
2023;Hauts-de-France;Aisne;Tous;Hommes;81.0;31.7;31.5;02;32
2023;Hauts-de-France;Aisne;00-17 ans;Hommes et Femmes;2.5;2.2;;02;32
2023;Hauts-de-France;Aisne;45-64 ans;Hommes et Femmes;37.0;27.2;;02;32
2023;Hauts-de-France;Aisne;65 ans et plus;Hommes et Femmes;40.0;34.9;;02;32
2019;Auvergne et Rhône-Alpes;Allier;25-44 ans;Hommes;8.0;24.5;;03;84
2019;Auvergne et Rhône-Alpes;Allier;45-64 ans;Hommes;22.0;48.4;;03;84
2019;Auvergne et Rhône-Alpes;Allier;Tous;Hommes;49.0;30.4;28.0;03;84
2019;Auvergne et Rhône-Alpes;Allier;18-24 ans;Femmes;0.0;0.0;;03;84
2019;Auvergne et Rhône-Alpes;Allier;65 ans et plus;Femmes;6.0;11.3;;03;84
2019;Auvergne et Rhône-Alpes;Allier;Tous;Femmes;12.0;6.9;6.5;03;84
2020;Auvergne et Rhône-Alpes;Allier;00-17 ans;Hommes;0.0;0.0;;03;84
2020;Auvergne et Rhône-Alpes;Allier;18-24 ans;Hommes;2.5;20.4;;03;84
2020;Auvergne et Rhône-Alpes;Allier;00-17 ans;Hommes et Femmes;0.0;0.0;;03;84
2020;Auvergne et Rhône-Alpes;Allier;18-24 ans;Hommes et Femmes;2.5;11.0;;03;84
2021;Auvergne et Rhône-Alpes;Allier;65 ans et plus;Hommes;18.0;44.4;;03;84
2021;Auvergne et Rhône-Alpes;Allier;18-24 ans;Femmes;2.5;23.8;;03;84
2021;Auvergne et Rhône-Alpes;Allier;Tous;Femmes;15.0;8.6;7.9;03;84
2022;Auvergne et Rhône-Alpes;Allier;00-17 ans;Hommes;0.0;0.0;;03;84
2022;Auvergne et Rhône-Alpes;Allier;18-24 ans;Hommes;0.0;0.0;;03;84
2022;Auvergne et Rhône-Alpes;Allier;65 ans et plus;Hommes;19.0;46.5;;03;84
2022;Auvergne et Rhône-Alpes;Allier;18-24 ans;Femmes;0.0;0.0;;03;84
2022;Auvergne et Rhône-Alpes;Allier;Tous;Femmes;16.5;9.5;9.5;03;84
2022;Auvergne et Rhône-Alpes;Allier;45-64 ans;Hommes et Femmes;20.0;22.1;;03;84
2022;Auvergne et Rhône-Alpes;Allier;65 ans et plus;Hommes et Femmes;28.0;29.3;;03;84
2022;Auvergne et Rhône-Alpes;Allier;Tous;Hommes et Femmes;55.5;16.6;15.5;03;84
2023;Auvergne et Rhône-Alpes;Allier;45-64 ans;Femmes;6.0;13.1;;03;84
2023;Auvergne et Rhône-Alpes;Allier;Tous;Femmes;17.0;9.8;8.0;03;84
2023;Auvergne et Rhône-Alpes;Allier;00-17 ans;Hommes et Femmes;0.0;0.0;;03;84
2023;Auvergne et Rhône-Alpes;Allier;Tous;Hommes et Femmes;59.5;17.8;15.8;03;84
2019;Provence-Alpes-Côte d'Azur;Alpes-de-Haute-Provence;18-24 ans;Hommes;0.0;0.0;;04;93
2019;Provence-Alpes-Côte d'Azur;Alpes-de-Haute-Provence;18-24 ans;Femmes;0.0;0.0;;04;93
2019;Provence-Alpes-Côte d'Azur;Alpes-de-Haute-Provence;25-44 ans;Femmes;2.5;14.8;;04;93
2019;Provence-Alpes-Côte d'Azur;Alpes-de-Haute-Provence;65 ans et plus;Femmes;2.5;10.4;;04;93
2019;Provence-Alpes-Côte d'Azur;Alpes-de-Haute-Provence;Tous;Femmes;12.0;14.2;12.7;04;93
2019;Provence-Alpes-Côte d'Azur;Alpes-de-Haute-Provence;25-44 ans;Hommes et Femmes;8.5;25.8;;04;93
2020;Provence-Alpes-Côte d'Azur;Alpes-de-Haute-Provence;25-44 ans;Hommes;9.0;55.2;;04;93
2020;Provence-Alpes-Côte d'Azur;Alpes-de-Haute-Provence;65 ans et plus;Hommes;2.5;12.7;;04;93
2020;Provence-Alpes-Côte d'Azur;Alpes-de-Haute-Provence;00-17 ans;Femmes;0.0;0.0;;04;93
2020;Provence-Alpes-Côte d'Azur;Alpes-de-Haute-Provence;18-24 ans;Femmes;0.0;0.0;;04;93
2020;Provence-Alpes-Côte d'Azur;Alpes-de-Haute-Provence;45-64 ans;Femmes;2.5;10.3;;04;93
2020;Provence-Alpes-Côte d'Azur;Alpes-de-Haute-Provence;65 ans et plus;Femmes;2.5;10.2;;04;93
2020;Provence-Alpes-Côte d'Azur;Alpes-de-Haute-Provence;25-44 ans;Hommes et Femmes;11.5;34.7;;04;93
2020;Provence-Alpes-Côte d'Azur;Alpes-de-Haute-Provence;Tous;Hommes et Femmes;23.0;13.9;14.1;04;93
2021;Provence-Alpes-Côte d'Azur;Alpes-de-Haute-Provence;00-17 ans;Hommes;0.0;0.0;;04;93
2021;Provence-Alpes-Côte d'Azur;Alpes-de-Haute-Provence;18-24 ans;Hommes;0.0;0.0;;04;93
2021;Provence-Alpes-Côte d'Azur;Alpes-de-Haute-Provence;65 ans et plus;Hommes;10.0;49.9;;04;93
2021;Provence-Alpes-Côte d'Azur;Alpes-de-Haute-Provence;Tous;Hommes;20.5;25.5;26.1;04;93
2021;Provence-Alpes-Côte d'Azur;Alpes-de-Haute-Provence;45-64 ans;Femmes;2.5;10.3;;04;93
2021;Provence-Alpes-Côte d'Azur;Alpes-de-Haute-Provence;25-44 ans;Hommes et Femmes;2.5;7.5;;04;93
2022;Provence-Alpes-Côte d'Azur;Alpes-de-Haute-Provence;00-17 ans;Hommes;0.0;0.0;;04;93
2022;Provence-Alpes-Côte d'Azur;Alpes-de-Haute-Provence;45-64 ans;Hommes;6.0;26.6;;04;93
2022;Provence-Alpes-Côte d'Azur;Alpes-de-Haute-Provence;65 ans et plus;Hommes;11.0;53.7;;04;93
2022;Provence-Alpes-Côte d'Azur;Alpes-de-Haute-Provence;Tous;Hommes;19.5;24.0;23.2;04;93
2022;Provence-Alpes-Côte d'Azur;Alpes-de-Haute-Provence;65 ans et plus;Femmes;2.5;10.1;;04;93
2022;Provence-Alpes-Côte d'Azur;Alpes-de-Haute-Provence;25-44 ans;Hommes et Femmes;2.5;7.4;;04;93
2023;Provence-Alpes-Côte d'Azur;Alpes-de-Haute-Provence;00-17 ans;Hommes;0.0;0.0;;04;93
2023;Provence-Alpes-Côte d'Azur;Alpes-de-Haute-Provence;45-64 ans;Hommes;2.5;11.1;;04;93
2023;Provence-Alpes-Côte d'Azur;Alpes-de-Haute-Provence;Tous;Hommes;14.5;17.8;18.8;04;93
2023;Provence-Alpes-Côte d'Azur;Alpes-de-Haute-Provence;45-64 ans;Femmes;2.5;10.3;;04;93
2019;Provence-Alpes-Côte d'Azur;Hautes-Alpes;00-17 ans;Hommes;0.0;0.0;;05;93
2019;Provence-Alpes-Côte d'Azur;Hautes-Alpes;Tous;Femmes;6.0;8.3;7.7;05;93
2019;Provence-Alpes-Côte d'Azur;Hautes-Alpes;00-17 ans;Hommes et Femmes;0.0;0.0;;05;93
2019;Provence-Alpes-Côte d'Azur;Hautes-Alpes;Tous;Hommes et Femmes;19.5;13.8;12.3;05;93
2020;Provence-Alpes-Côte d'Azur;Hautes-Alpes;18-24 ans;Hommes;0.0;0.0;;05;93
2020;Provence-Alpes-Côte d'Azur;Hautes-Alpes;00-17 ans;Femmes;0.0;0.0;;05;93
2020;Provence-Alpes-Côte d'Azur;Hautes-Alpes;18-24 ans;Femmes;0.0;0.0;;05;93
2020;Provence-Alpes-Côte d'Azur;Hautes-Alpes;25-44 ans;Femmes;0.0;0.0;;05;93
2020;Provence-Alpes-Côte d'Azur;Hautes-Alpes;45-64 ans;Femmes;0.0;0.0;;05;93
2020;Provence-Alpes-Côte d'Azur;Hautes-Alpes;65 ans et plus;Femmes;2.5;12.6;;05;93
2020;Provence-Alpes-Côte d'Azur;Hautes-Alpes;18-24 ans;Hommes et Femmes;0.0;0.0;;05;93
2020;Provence-Alpes-Côte d'Azur;Hautes-Alpes;25-44 ans;Hommes et Femmes;6.0;20.1;;05;93
2021;Provence-Alpes-Côte d'Azur;Hautes-Alpes;25-44 ans;Hommes;2.5;17.0;;05;93
2021;Provence-Alpes-Côte d'Azur;Hautes-Alpes;18-24 ans;Femmes;0.0;0.0;;05;93
2021;Provence-Alpes-Côte d'Azur;Hautes-Alpes;25-44 ans;Femmes;2.5;16.5;;05;93
2021;Provence-Alpes-Côte d'Azur;Hautes-Alpes;18-24 ans;Hommes et Femmes;0.0;0.0;;05;93
2021;Provence-Alpes-Côte d'Azur;Hautes-Alpes;Tous;Hommes et Femmes;23.5;16.7;15.4;05;93
2022;Provence-Alpes-Côte d'Azur;Hautes-Alpes;00-17 ans;Hommes;0.0;0.0;;05;93
2022;Provence-Alpes-Côte d'Azur;Hautes-Alpes;18-24 ans;Hommes;0.0;0.0;;05;93
2022;Provence-Alpes-Côte d'Azur;Hautes-Alpes;65 ans et plus;Hommes;13.0;77.3;;05;93
2022;Provence-Alpes-Côte d'Azur;Hautes-Alpes;Tous;Hommes;26.0;37.5;33.3;05;93
2022;Provence-Alpes-Côte d'Azur;Hautes-Alpes;18-24 ans;Femmes;0.0;0.0;;05;93
2022;Provence-Alpes-Côte d'Azur;Hautes-Alpes;00-17 ans;Hommes et Femmes;0.0;0.0;;05;93
2023;Provence-Alpes-Côte d'Azur;Hautes-Alpes;65 ans et plus;Hommes;6.0;34.8;;05;93
2023;Provence-Alpes-Côte d'Azur;Hautes-Alpes;Tous;Hommes;19.5;28.1;26.1;05;93
2023;Provence-Alpes-Côte d'Azur;Hautes-Alpes;25-44 ans;Femmes;2.5;16.1;;05;93
2023;Provence-Alpes-Côte d'Azur;Hautes-Alpes;18-24 ans;Hommes et Femmes;0.0;0.0;;05;93
2023;Provence-Alpes-Côte d'Azur;Hautes-Alpes;25-44 ans;Hommes et Femmes;2.5;8.2;;05;93
2023;Provence-Alpes-Côte d'Azur;Hautes-Alpes;Tous;Hommes et Femmes;24.0;16.9;16.1;05;93
2019;Provence-Alpes-Côte d'Azur;Alpes-Maritimes;25-44 ans;Hommes;16.0;13.1;;06;93
2019;Provence-Alpes-Côte d'Azur;Alpes-Maritimes;65 ans et plus;Hommes;43.0;38.4;;06;93
2019;Provence-Alpes-Côte d'Azur;Alpes-Maritimes;00-17 ans;Femmes;2.5;2.4;;06;93
2019;Provence-Alpes-Côte d'Azur;Alpes-Maritimes;45-64 ans;Femmes;17.0;11.2;;06;93
2019;Provence-Alpes-Côte d'Azur;Alpes-Maritimes;25-44 ans;Hommes et Femmes;18.5;7.4;;06;93
2020;Provence-Alpes-Côte d'Azur;Alpes-Maritimes;25-44 ans;Hommes;14.0;11.7;;06;93
2020;Provence-Alpes-Côte d'Azur;Alpes-Maritimes;45-64 ans;Hommes;33.0;23.9;;06;93
2020;Provence-Alpes-Côte d'Azur;Alpes-Maritimes;65 ans et plus;Hommes;33.0;28.9;;06;93
2020;Provence-Alpes-Côte d'Azur;Alpes-Maritimes;25-44 ans;Femmes;5.0;3.9;;06;93
2020;Provence-Alpes-Côte d'Azur;Alpes-Maritimes;45-64 ans;Femmes;14.0;9.2;;06;93
2021;Provence-Alpes-Côte d'Azur;Alpes-Maritimes;00-17 ans;Hommes;2.5;2.3;;06;93
2021;Provence-Alpes-Côte d'Azur;Alpes-Maritimes;25-44 ans;Hommes;24.0;19.9;;06;93
2021;Provence-Alpes-Côte d'Azur;Alpes-Maritimes;45-64 ans;Hommes;32.0;23.1;;06;93
2021;Provence-Alpes-Côte d'Azur;Alpes-Maritimes;25-44 ans;Femmes;7.0;5.4;;06;93
2022;Provence-Alpes-Côte d'Azur;Alpes-Maritimes;00-17 ans;Hommes;2.5;2.3;;06;93
2022;Provence-Alpes-Côte d'Azur;Alpes-Maritimes;45-64 ans;Hommes;42.0;30.0;;06;93
2022;Provence-Alpes-Côte d'Azur;Alpes-Maritimes;00-17 ans;Femmes;2.5;2.5;;06;93
2022;Provence-Alpes-Côte d'Azur;Alpes-Maritimes;25-44 ans;Femmes;5.0;3.8;;06;93
2022;Provence-Alpes-Côte d'Azur;Alpes-Maritimes;00-17 ans;Hommes et Femmes;2.5;1.2;;06;93
2022;Provence-Alpes-Côte d'Azur;Alpes-Maritimes;18-24 ans;Hommes et Femmes;2.5;3.1;;06;93
2022;Provence-Alpes-Côte d'Azur;Alpes-Maritimes;25-44 ans;Hommes et Femmes;26.0;10.2;;06;93
2022;Provence-Alpes-Côte d'Azur;Alpes-Maritimes;Tous;Hommes et Femmes;149.5;13.4;13.0;06;93
2023;Provence-Alpes-Côte d'Azur;Alpes-Maritimes;18-24 ans;Hommes;2.5;6.0;;06;93
2023;Provence-Alpes-Côte d'Azur;Alpes-Maritimes;25-44 ans;Hommes;19.0;15.4;;06;93
2023;Provence-Alpes-Côte d'Azur;Alpes-Maritimes;Tous;Hommes;105.5;19.9;19.0;06;93
2023;Provence-Alpes-Côte d'Azur;Alpes-Maritimes;45-64 ans;Femmes;22.0;14.4;;06;93
2023;Provence-Alpes-Côte d'Azur;Alpes-Maritimes;Tous;Femmes;50.0;8.5;7.8;06;93
2023;Provence-Alpes-Côte d'Azur;Alpes-Maritimes;00-17 ans;Hommes et Femmes;2.5;1.2;;06;93
2023;Provence-Alpes-Côte d'Azur;Alpes-Maritimes;45-64 ans;Hommes et Femmes;63.0;21.5;;06;93
2019;Auvergne et Rhône-Alpes;Ardèche;00-17 ans;Hommes;0.0;0.0;;07;84
2019;Auvergne et Rhône-Alpes;Ardèche;18-24 ans;Hommes;0.0;0.0;;07;84
2019;Auvergne et Rhône-Alpes;Ardèche;45-64 ans;Femmes;2.5;5.4;;07;84
2019;Auvergne et Rhône-Alpes;Ardèche;65 ans et plus;Femmes;9.0;19.8;;07;84
2019;Auvergne et Rhône-Alpes;Ardèche;00-17 ans;Hommes et Femmes;0.0;0.0;;07;84
2019;Auvergne et Rhône-Alpes;Ardèche;45-64 ans;Hommes et Femmes;14.5;15.6;;07;84
2019;Auvergne et Rhône-Alpes;Ardèche;65 ans et plus;Hommes et Femmes;24.0;29.2;;07;84
2020;Auvergne et Rhône-Alpes;Ardèche;00-17 ans;Femmes;0.0;0.0;;07;84
2020;Auvergne et Rhône-Alpes;Ardèche;65 ans et plus;Femmes;2.5;5.4;;07;84
2020;Auvergne et Rhône-Alpes;Ardèche;45-64 ans;Hommes et Femmes;25.0;26.9;;07;84
2020;Auvergne et Rhône-Alpes;Ardèche;65 ans et plus;Hommes et Femmes;19.5;23.2;;07;84
2020;Auvergne et Rhône-Alpes;Ardèche;Tous;Hommes et Femmes;58.0;17.6;16.6;07;84
2021;Auvergne et Rhône-Alpes;Ardèche;25-44 ans;Hommes;8.0;23.7;;07;84
2021;Auvergne et Rhône-Alpes;Ardèche;Tous;Hommes;32.5;20.1;18.6;07;84
2021;Auvergne et Rhône-Alpes;Ardèche;00-17 ans;Femmes;0.0;0.0;;07;84
2021;Auvergne et Rhône-Alpes;Ardèche;25-44 ans;Femmes;0.0;0.0;;07;84
2021;Auvergne et Rhône-Alpes;Ardèche;45-64 ans;Femmes;2.5;5.3;;07;84
2021;Auvergne et Rhône-Alpes;Ardèche;65 ans et plus;Hommes et Femmes;11.0;12.9;;07;84
2022;Auvergne et Rhône-Alpes;Ardèche;00-17 ans;Hommes;0.0;0.0;;07;84
2022;Auvergne et Rhône-Alpes;Ardèche;25-44 ans;Hommes;6.0;17.5;;07;84
2022;Auvergne et Rhône-Alpes;Ardèche;65 ans et plus;Hommes;15.0;38.8;;07;84
2022;Auvergne et Rhône-Alpes;Ardèche;25-44 ans;Femmes;0.0;0.0;;07;84
2022;Auvergne et Rhône-Alpes;Ardèche;65 ans et plus;Femmes;2.5;5.3;;07;84
2022;Auvergne et Rhône-Alpes;Ardèche;18-24 ans;Hommes et Femmes;2.5;12.8;;07;84
2022;Auvergne et Rhône-Alpes;Ardèche;45-64 ans;Hommes et Femmes;18.0;19.4;;07;84
2023;Auvergne et Rhône-Alpes;Ardèche;65 ans et plus;Hommes;13.0;33.0;;07;84
2023;Auvergne et Rhône-Alpes;Ardèche;Tous;Hommes;33.5;20.5;18.9;07;84
2023;Auvergne et Rhône-Alpes;Ardèche;00-17 ans;Femmes;0.0;0.0;;07;84
2023;Auvergne et Rhône-Alpes;Ardèche;25-44 ans;Femmes;2.5;7.1;;07;84
2023;Auvergne et Rhône-Alpes;Ardèche;65 ans et plus;Femmes;6.0;12.4;;07;84
2023;Auvergne et Rhône-Alpes;Ardèche;00-17 ans;Hommes et Femmes;0.0;0.0;;07;84
2023;Auvergne et Rhône-Alpes;Ardèche;18-24 ans;Hommes et Femmes;2.5;12.9;;07;84
2023;Auvergne et Rhône-Alpes;Ardèche;25-44 ans;Hommes et Femmes;9.5;13.7;;07;84
2019;Grand Est;Ardennes;00-17 ans;Hommes;0.0;0.0;;08;44
2019;Grand Est;Ardennes;18-24 ans;Femmes;0.0;0.0;;08;44
2019;Grand Est;Ardennes;25-44 ans;Femmes;0.0;0.0;;08;44
2019;Grand Est;Ardennes;25-44 ans;Hommes et Femmes;7.0;11.6;;08;44
2019;Grand Est;Ardennes;Tous;Hommes et Femmes;40.0;14.8;14.2;08;44
2020;Grand Est;Ardennes;25-44 ans;Hommes;14.0;47.0;;08;44
2020;Grand Est;Ardennes;00-17 ans;Femmes;0.0;0.0;;08;44
2020;Grand Est;Ardennes;45-64 ans;Femmes;2.5;6.6;;08;44
2020;Grand Est;Ardennes;18-24 ans;Hommes et Femmes;0.0;0.0;;08;44
2020;Grand Est;Ardennes;25-44 ans;Hommes et Femmes;16.5;27.5;;08;44
2021;Grand Est;Ardennes;00-17 ans;Hommes;0.0;0.0;;08;44
2021;Grand Est;Ardennes;65 ans et plus;Hommes;12.0;45.4;;08;44
2021;Grand Est;Ardennes;45-64 ans;Femmes;2.5;6.7;;08;44
2021;Grand Est;Ardennes;18-24 ans;Hommes et Femmes;2.5;13.4;;08;44
2021;Grand Est;Ardennes;45-64 ans;Hommes et Femmes;20.5;27.8;;08;44
2022;Grand Est;Ardennes;25-44 ans;Hommes;12.0;40.8;;08;44
2022;Grand Est;Ardennes;25-44 ans;Femmes;2.5;8.4;;08;44
2022;Grand Est;Ardennes;45-64 ans;Hommes et Femmes;16.5;22.7;;08;44
2022;Grand Est;Ardennes;Tous;Hommes et Femmes;46.5;17.4;16.5;08;44
2023;Grand Est;Ardennes;45-64 ans;Hommes;16.0;45.1;;08;44
2023;Grand Est;Ardennes;25-44 ans;Femmes;2.5;8.5;;08;44
2023;Grand Est;Ardennes;25-44 ans;Hommes et Femmes;14.5;24.7;;08;44
2019;Occitanie;Ariège;18-24 ans;Hommes;0.0;0.0;;09;76
2019;Occitanie;Ariège;65 ans et plus;Hommes;9.0;49.6;;09;76
2019;Occitanie;Ariège;Tous;Hommes;17.5;23.3;23.0;09;76
2019;Occitanie;Ariège;25-44 ans;Femmes;2.5;15.8;;09;76
2019;Occitanie;Ariège;Tous;Femmes;6.0;7.7;7.4;09;76
2019;Occitanie;Ariège;18-24 ans;Hommes et Femmes;0.0;0.0;;09;76
2019;Occitanie;Ariège;25-44 ans;Hommes et Femmes;5.0;15.7;;09;76
2019;Occitanie;Ariège;45-64 ans;Hommes et Femmes;8.5;19.6;;09;76
2019;Occitanie;Ariège;65 ans et plus;Hommes et Femmes;11.5;28.5;;09;76
2020;Occitanie;Ariège;65 ans et plus;Hommes;2.5;13.6;;09;76
2020;Occitanie;Ariège;Tous;Hommes;12.0;15.9;15.3;09;76
2020;Occitanie;Ariège;00-17 ans;Femmes;0.0;0.0;;09;76
2020;Occitanie;Ariège;18-24 ans;Femmes;0.0;0.0;;09;76
2020;Occitanie;Ariège;65 ans et plus;Femmes;2.5;11.1;;09;76
2020;Occitanie;Ariège;Tous;Femmes;5.0;6.4;5.4;09;76
2021;Occitanie;Ariège;00-17 ans;Hommes;0.0;0.0;;09;76
2021;Occitanie;Ariège;45-64 ans;Hommes;2.5;11.8;;09;76
2021;Occitanie;Ariège;18-24 ans;Femmes;0.0;0.0;;09;76
2021;Occitanie;Ariège;Tous;Femmes;8.0;10.1;9.2;09;76
2021;Occitanie;Ariège;00-17 ans;Hommes et Femmes;0.0;0.0;;09;76
2021;Occitanie;Ariège;25-44 ans;Hommes et Femmes;2.5;7.9;;09;76
2022;Occitanie;Ariège;00-17 ans;Hommes;0.0;0.0;;09;76
2022;Occitanie;Ariège;18-24 ans;Hommes;2.5;46.2;;09;76
2022;Occitanie;Ariège;45-64 ans;Hommes;9.0;42.7;;09;76
2022;Occitanie;Ariège;Tous;Femmes;2.5;3.2;2.2;09;76
2022;Occitanie;Ariège;18-24 ans;Hommes et Femmes;2.5;25.8;;09;76
2023;Occitanie;Ariège;00-17 ans;Hommes;0.0;0.0;;09;76
2023;Occitanie;Ariège;00-17 ans;Femmes;0.0;0.0;;09;76
2023;Occitanie;Ariège;18-24 ans;Femmes;0.0;0.0;;09;76
2023;Occitanie;Ariège;45-64 ans;Femmes;2.5;11.6;;09;76
2023;Occitanie;Ariège;Tous;Femmes;5.0;6.3;5.2;09;76
2023;Occitanie;Ariège;00-17 ans;Hommes et Femmes;0.0;0.0;;09;76
2023;Occitanie;Ariège;18-24 ans;Hommes et Femmes;0.0;0.0;;09;76
2023;Occitanie;Ariège;25-44 ans;Hommes et Femmes;8.0;24.7;;09;76
2023;Occitanie;Ariège;Tous;Hommes et Femmes;31.0;19.9;18.2;09;76
2019;Grand Est;Aube;45-64 ans;Hommes;11.0;28.2;;10;44
2019;Grand Est;Aube;18-24 ans;Femmes;0.0;0.0;;10;44
2019;Grand Est;Aube;25-44 ans;Femmes;2.5;7.0;;10;44
2019;Grand Est;Aube;65 ans et plus;Femmes;2.5;6.5;;10;44
2019;Grand Est;Aube;Tous;Femmes;10.0;6.3;6.3;10;44
2019;Grand Est;Aube;18-24 ans;Hommes et Femmes;2.5;10.1;;10;44
2019;Grand Est;Aube;65 ans et plus;Hommes et Femmes;16.5;24.6;;10;44
2019;Grand Est;Aube;Tous;Hommes et Femmes;45.5;14.7;14.6;10;44
2020;Grand Est;Aube;00-17 ans;Hommes;2.5;7.1;;10;44
2020;Grand Est;Aube;65 ans et plus;Hommes;10.0;34.0;;10;44
2020;Grand Est;Aube;00-17 ans;Femmes;0.0;0.0;;10;44
2020;Grand Est;Aube;18-24 ans;Femmes;0.0;0.0;;10;44
2020;Grand Est;Aube;25-44 ans;Femmes;0.0;0.0;;10;44
2020;Grand Est;Aube;45-64 ans;Femmes;6.0;14.9;;10;44
2021;Grand Est;Aube;18-24 ans;Hommes;2.5;18.6;;10;44
2021;Grand Est;Aube;45-64 ans;Hommes;6.0;15.5;;10;44
2021;Grand Est;Aube;65 ans et plus;Hommes;20.0;67.2;;10;44
2021;Grand Est;Aube;25-44 ans;Femmes;2.5;7.0;;10;44
2021;Grand Est;Aube;65 ans et plus;Femmes;2.5;6.3;;10;44
2021;Grand Est;Aube;00-17 ans;Hommes et Femmes;2.5;3.7;;10;44
2021;Grand Est;Aube;25-44 ans;Hommes et Femmes;8.5;12.0;;10;44
2021;Grand Est;Aube;45-64 ans;Hommes et Femmes;11.0;14.0;;10;44
2022;Grand Est;Aube;00-17 ans;Hommes;2.5;7.2;;10;44
2022;Grand Est;Aube;Tous;Hommes;29.0;19.1;19.2;10;44
2022;Grand Est;Aube;65 ans et plus;Femmes;2.5;6.3;;10;44
2022;Grand Est;Aube;00-17 ans;Hommes et Femmes;2.5;3.7;;10;44
2022;Grand Est;Aube;Tous;Hommes et Femmes;35.0;11.3;11.6;10;44
2023;Grand Est;Aube;00-17 ans;Hommes;0.0;0.0;;10;44
2023;Grand Est;Aube;Tous;Hommes;35.5;23.4;22.4;10;44
2023;Grand Est;Aube;00-17 ans;Femmes;2.5;7.8;;10;44
2023;Grand Est;Aube;18-24 ans;Femmes;0.0;0.0;;10;44
2023;Grand Est;Aube;25-44 ans;Femmes;2.5;7.0;;10;44
2023;Grand Est;Aube;45-64 ans;Femmes;6.0;15.0;;10;44
2023;Grand Est;Aube;Tous;Femmes;9.0;5.7;6.4;10;44
2023;Grand Est;Aube;18-24 ans;Hommes et Femmes;2.5;10.2;;10;44
2023;Grand Est;Aube;25-44 ans;Hommes et Femmes;11.5;16.2;;10;44
2023;Grand Est;Aube;Tous;Hommes et Femmes;49.0;15.7;14.1;10;44
2019;Occitanie;Aude;00-17 ans;Hommes;0.0;0.0;;11;76
2019;Occitanie;Aude;18-24 ans;Hommes;0.0;0.0;;11;76
2019;Occitanie;Aude;18-24 ans;Femmes;0.0;0.0;;11;76
2019;Occitanie;Aude;45-64 ans;Femmes;6.0;11.3;;11;76
2019;Occitanie;Aude;65 ans et plus;Femmes;5.0;9.1;;11;76
2019;Occitanie;Aude;00-17 ans;Hommes et Femmes;0.0;0.0;;11;76
2019;Occitanie;Aude;18-24 ans;Hommes et Femmes;0.0;0.0;;11;76
2019;Occitanie;Aude;25-44 ans;Hommes et Femmes;12.0;15.7;;11;76
2019;Occitanie;Aude;45-64 ans;Hommes et Femmes;20.0;19.5;;11;76
2019;Occitanie;Aude;65 ans et plus;Hommes et Femmes;18.0;18.4;;11;76
2019;Occitanie;Aude;Tous;Hommes et Femmes;50.0;13.4;12.7;11;76
2020;Occitanie;Aude;00-17 ans;Hommes;0.0;0.0;;11;76
2020;Occitanie;Aude;45-64 ans;Hommes;11.0;22.3;;11;76
2020;Occitanie;Aude;65 ans et plus;Hommes;14.0;31.6;;11;76
2020;Occitanie;Aude;18-24 ans;Hommes et Femmes;2.5;10.4;;11;76
2020;Occitanie;Aude;25-44 ans;Hommes et Femmes;8.5;11.2;;11;76
2021;Occitanie;Aude;00-17 ans;Hommes;0.0;0.0;;11;76
2021;Occitanie;Aude;45-64 ans;Hommes;20.0;40.6;;11;76
2021;Occitanie;Aude;Tous;Hommes;45.5;25.2;22.7;11;76
2021;Occitanie;Aude;Tous;Femmes;9.0;4.6;5.0;11;76
2021;Occitanie;Aude;45-64 ans;Hommes et Femmes;22.5;21.9;;11;76
2021;Occitanie;Aude;Tous;Hommes et Femmes;55.5;14.8;13.6;11;76
2022;Occitanie;Aude;00-17 ans;Hommes;0.0;0.0;;11;76
2022;Occitanie;Aude;18-24 ans;Hommes;0.0;0.0;;11;76
2022;Occitanie;Aude;65 ans et plus;Hommes;22.0;48.0;;11;76
2022;Occitanie;Aude;00-17 ans;Femmes;2.5;7.3;;11;76
2022;Occitanie;Aude;18-24 ans;Femmes;0.0;0.0;;11;76
2022;Occitanie;Aude;25-44 ans;Femmes;2.5;6.4;;11;76
2022;Occitanie;Aude;25-44 ans;Hommes et Femmes;19.5;25.3;;11;76
2022;Occitanie;Aude;Tous;Hommes et Femmes;74.0;19.6;18.4;11;76
2023;Occitanie;Aude;65 ans et plus;Hommes;18.0;38.7;;11;76
2023;Occitanie;Aude;Tous;Hommes;60.5;33.2;31.2;11;76
2023;Occitanie;Aude;00-17 ans;Femmes;0.0;0.0;;11;76
2023;Occitanie;Aude;25-44 ans;Hommes et Femmes;15.5;20.1;;11;76
2023;Occitanie;Aude;65 ans et plus;Hommes et Femmes;23.0;22.0;;11;76
2019;Occitanie;Aveyron;18-24 ans;Hommes;0.0;0.0;;12;76
2019;Occitanie;Aveyron;65 ans et plus;Hommes;14.0;40.9;;12;76
2019;Occitanie;Aveyron;Tous;Hommes;33.0;23.9;22.4;12;76
2019;Occitanie;Aveyron;18-24 ans;Femmes;0.0;0.0;;12;76
2019;Occitanie;Aveyron;45-64 ans;Femmes;2.5;6.5;;12;76
2019;Occitanie;Aveyron;65 ans et plus;Femmes;2.5;5.8;;12;76
2019;Occitanie;Aveyron;00-17 ans;Hommes et Femmes;0.0;0.0;;12;76
2019;Occitanie;Aveyron;25-44 ans;Hommes et Femmes;8.5;15.1;;12;76
2019;Occitanie;Aveyron;65 ans et plus;Hommes et Femmes;16.5;21.4;;12;76
2020;Occitanie;Aveyron;00-17 ans;Hommes;0.0;0.0;;12;76
2020;Occitanie;Aveyron;18-24 ans;Hommes;0.0;0.0;;12;76
2020;Occitanie;Aveyron;65 ans et plus;Hommes;9.0;25.8;;12;76
2020;Occitanie;Aveyron;45-64 ans;Femmes;2.5;6.5;;12;76
2020;Occitanie;Aveyron;Tous;Femmes;6.0;4.2;3.8;12;76
2020;Occitanie;Aveyron;Tous;Hommes et Femmes;25.5;9.1;8.1;12;76
2021;Occitanie;Aveyron;00-17 ans;Hommes;2.5;9.7;;12;76
2021;Occitanie;Aveyron;18-24 ans;Hommes;2.5;26.1;;12;76
2021;Occitanie;Aveyron;25-44 ans;Hommes;5.0;17.4;;12;76
2021;Occitanie;Aveyron;45-64 ans;Hommes;15.0;38.7;;12;76
2021;Occitanie;Aveyron;Tous;Hommes;34.0;24.6;22.5;12;76
2021;Occitanie;Aveyron;25-44 ans;Femmes;2.5;9.1;;12;76
2021;Occitanie;Aveyron;25-44 ans;Hommes et Femmes;7.5;13.3;;12;76
2021;Occitanie;Aveyron;65 ans et plus;Hommes et Femmes;14.5;18.5;;12;76
2022;Occitanie;Aveyron;00-17 ans;Hommes;0.0;0.0;;12;76
2022;Occitanie;Aveyron;Tous;Hommes;40.5;29.3;26.5;12;76
2022;Occitanie;Aveyron;18-24 ans;Femmes;0.0;0.0;;12;76
2022;Occitanie;Aveyron;45-64 ans;Femmes;6.0;15.6;;12;76
2022;Occitanie;Aveyron;45-64 ans;Hommes et Femmes;18.0;23.3;;12;76
2023;Occitanie;Aveyron;00-17 ans;Hommes;0.0;0.0;;12;76
2023;Occitanie;Aveyron;25-44 ans;Hommes;2.5;8.5;;12;76
2023;Occitanie;Aveyron;Tous;Hommes;25.0;18.1;16.3;12;76
2023;Occitanie;Aveyron;00-17 ans;Femmes;0.0;0.0;;12;76
2023;Occitanie;Aveyron;18-24 ans;Femmes;0.0;0.0;;12;76
2023;Occitanie;Aveyron;Tous;Femmes;2.5;1.8;2.9;12;76
2019;Provence-Alpes-Côte d'Azur;Bouches-du-Rhône;00-17 ans;Femmes;2.5;1.2;;13;93
2019;Provence-Alpes-Côte d'Azur;Bouches-du-Rhône;45-64 ans;Femmes;25.0;9.1;;13;93
2019;Provence-Alpes-Côte d'Azur;Bouches-du-Rhône;18-24 ans;Hommes et Femmes;6.0;3.5;;13;93
2019;Provence-Alpes-Côte d'Azur;Bouches-du-Rhône;45-64 ans;Hommes et Femmes;74.0;14.1;;13;93
2020;Provence-Alpes-Côte d'Azur;Bouches-du-Rhône;45-64 ans;Hommes;65.0;26.0;;13;93
2020;Provence-Alpes-Côte d'Azur;Bouches-du-Rhône;65 ans et plus;Hommes;52.0;28.4;;13;93
2020;Provence-Alpes-Côte d'Azur;Bouches-du-Rhône;00-17 ans;Femmes;0.0;0.0;;13;93
2020;Provence-Alpes-Côte d'Azur;Bouches-du-Rhône;18-24 ans;Femmes;0.0;0.0;;13;93
2020;Provence-Alpes-Côte d'Azur;Bouches-du-Rhône;45-64 ans;Femmes;21.0;7.7;;13;93
2020;Provence-Alpes-Côte d'Azur;Bouches-du-Rhône;18-24 ans;Hommes et Femmes;5.0;2.9;;13;93
2020;Provence-Alpes-Côte d'Azur;Bouches-du-Rhône;25-44 ans;Hommes et Femmes;43.0;8.7;;13;93
2020;Provence-Alpes-Côte d'Azur;Bouches-du-Rhône;45-64 ans;Hommes et Femmes;86.0;16.4;;13;93
2021;Provence-Alpes-Côte d'Azur;Bouches-du-Rhône;00-17 ans;Hommes;2.5;1.1;;13;93
2021;Provence-Alpes-Côte d'Azur;Bouches-du-Rhône;65 ans et plus;Hommes;61.0;32.8;;13;93
2021;Provence-Alpes-Côte d'Azur;Bouches-du-Rhône;25-44 ans;Femmes;14.0;5.4;;13;93
2021;Provence-Alpes-Côte d'Azur;Bouches-du-Rhône;45-64 ans;Femmes;28.0;10.2;;13;93
2021;Provence-Alpes-Côte d'Azur;Bouches-du-Rhône;65 ans et plus;Femmes;24.0;9.7;;13;93
2021;Provence-Alpes-Côte d'Azur;Bouches-du-Rhône;18-24 ans;Hommes et Femmes;6.0;3.5;;13;93
2021;Provence-Alpes-Côte d'Azur;Bouches-du-Rhône;45-64 ans;Hommes et Femmes;86.0;16.4;;13;93
2022;Provence-Alpes-Côte d'Azur;Bouches-du-Rhône;18-24 ans;Femmes;5.0;5.8;;13;93
2022;Provence-Alpes-Côte d'Azur;Bouches-du-Rhône;45-64 ans;Femmes;24.0;8.8;;13;93
2022;Provence-Alpes-Côte d'Azur;Bouches-du-Rhône;65 ans et plus;Femmes;26.0;10.3;;13;93
2022;Provence-Alpes-Côte d'Azur;Bouches-du-Rhône;Tous;Femmes;68.5;6.3;6.4;13;93
2023;Provence-Alpes-Côte d'Azur;Bouches-du-Rhône;00-17 ans;Hommes;2.5;1.2;;13;93
2023;Provence-Alpes-Côte d'Azur;Bouches-du-Rhône;25-44 ans;Hommes;37.0;15.0;;13;93
2023;Provence-Alpes-Côte d'Azur;Bouches-du-Rhône;65 ans et plus;Hommes;41.0;21.5;;13;93
2023;Provence-Alpes-Côte d'Azur;Bouches-du-Rhône;18-24 ans;Femmes;2.5;2.9;;13;93
2023;Provence-Alpes-Côte d'Azur;Bouches-du-Rhône;45-64 ans;Femmes;19.0;7.0;;13;93
2023;Provence-Alpes-Côte d'Azur;Bouches-du-Rhône;65 ans et plus;Femmes;16.0;6.3;;13;93
2023;Provence-Alpes-Côte d'Azur;Bouches-du-Rhône;Tous;Femmes;51.0;4.7;4.7;13;93
2023;Provence-Alpes-Côte d'Azur;Bouches-du-Rhône;18-24 ans;Hommes et Femmes;11.5;6.6;;13;93
2023;Provence-Alpes-Côte d'Azur;Bouches-du-Rhône;65 ans et plus;Hommes et Femmes;57.0;12.8;;13;93
2019;Normandie;Calvados;00-17 ans;Hommes;0.0;0.0;;14;28
2019;Normandie;Calvados;65 ans et plus;Femmes;12.0;13.7;;14;28
2019;Normandie;Calvados;Tous;Femmes;34.5;9.6;9.3;14;28
2019;Normandie;Calvados;00-17 ans;Hommes et Femmes;2.5;1.7;;14;28
2019;Normandie;Calvados;25-44 ans;Hommes et Femmes;33.0;21.0;;14;28
2019;Normandie;Calvados;45-64 ans;Hommes et Femmes;58.0;32.1;;14;28
2020;Normandie;Calvados;00-17 ans;Hommes;2.5;3.4;;14;28
2020;Normandie;Calvados;25-44 ans;Hommes;33.0;42.5;;14;28
2020;Normandie;Calvados;45-64 ans;Hommes;37.0;42.5;;14;28
2020;Normandie;Calvados;45-64 ans;Femmes;13.0;14.0;;14;28
2020;Normandie;Calvados;65 ans et plus;Femmes;10.0;11.2;;14;28
2020;Normandie;Calvados;45-64 ans;Hommes et Femmes;50.0;27.8;;14;28
2021;Normandie;Calvados;25-44 ans;Hommes;22.0;27.9;;14;28
2021;Normandie;Calvados;18-24 ans;Hommes et Femmes;6.0;9.8;;14;28
2021;Normandie;Calvados;25-44 ans;Hommes et Femmes;24.5;15.4;;14;28
2021;Normandie;Calvados;45-64 ans;Hommes et Femmes;50.0;28.1;;14;28
2022;Normandie;Calvados;00-17 ans;Hommes;0.0;0.0;;14;28
2022;Normandie;Calvados;65 ans et plus;Hommes;29.0;42.2;;14;28
2022;Normandie;Calvados;45-64 ans;Femmes;8.0;8.8;;14;28
2022;Normandie;Calvados;Tous;Femmes;31.5;8.6;8.0;14;28
2022;Normandie;Calvados;25-44 ans;Hommes et Femmes;30.0;18.6;;14;28
2022;Normandie;Calvados;45-64 ans;Hommes et Femmes;51.0;28.7;;14;28
2022;Normandie;Calvados;Tous;Hommes et Femmes;127.5;18.1;17.8;14;28
2023;Normandie;Calvados;25-44 ans;Hommes;19.0;23.7;;14;28
2023;Normandie;Calvados;65 ans et plus;Hommes;32.0;45.7;;14;28
2023;Normandie;Calvados;18-24 ans;Femmes;0.0;0.0;;14;28
2023;Normandie;Calvados;45-64 ans;Femmes;13.0;14.4;;14;28
2023;Normandie;Calvados;65 ans et plus;Femmes;10.0;10.5;;14;28
2023;Normandie;Calvados;Tous;Femmes;25.5;7.0;6.4;14;28
2023;Normandie;Calvados;25-44 ans;Hommes et Femmes;21.5;13.3;;14;28
2023;Normandie;Calvados;65 ans et plus;Hommes et Femmes;42.0;25.5;;14;28
2019;Auvergne et Rhône-Alpes;Cantal;45-64 ans;Hommes;5.0;23.4;;15;84
2019;Auvergne et Rhône-Alpes;Cantal;18-24 ans;Femmes;0.0;0.0;;15;84
2019;Auvergne et Rhône-Alpes;Cantal;25-44 ans;Femmes;0.0;0.0;;15;84
2019;Auvergne et Rhône-Alpes;Cantal;65 ans et plus;Femmes;2.5;11.0;;15;84
2019;Auvergne et Rhône-Alpes;Cantal;18-24 ans;Hommes et Femmes;0.0;0.0;;15;84
2020;Auvergne et Rhône-Alpes;Cantal;00-17 ans;Femmes;0.0;0.0;;15;84
2020;Auvergne et Rhône-Alpes;Cantal;25-44 ans;Femmes;0.0;0.0;;15;84
2020;Auvergne et Rhône-Alpes;Cantal;45-64 ans;Femmes;7.0;33.7;;15;84
2020;Auvergne et Rhône-Alpes;Cantal;Tous;Femmes;9.5;12.9;12.6;15;84
2020;Auvergne et Rhône-Alpes;Cantal;45-64 ans;Hommes et Femmes;16.0;38.1;;15;84
2021;Auvergne et Rhône-Alpes;Cantal;18-24 ans;Hommes;0.0;0.0;;15;84
2021;Auvergne et Rhône-Alpes;Cantal;45-64 ans;Femmes;0.0;0.0;;15;84
2021;Auvergne et Rhône-Alpes;Cantal;Tous;Femmes;5.0;6.8;5.7;15;84
2021;Auvergne et Rhône-Alpes;Cantal;00-17 ans;Hommes et Femmes;0.0;0.0;;15;84
2021;Auvergne et Rhône-Alpes;Cantal;65 ans et plus;Hommes et Femmes;8.0;19.2;;15;84
2021;Auvergne et Rhône-Alpes;Cantal;Tous;Hommes et Femmes;24.0;16.6;14.3;15;84
2022;Auvergne et Rhône-Alpes;Cantal;18-24 ans;Hommes;0.0;0.0;;15;84
2022;Auvergne et Rhône-Alpes;Cantal;65 ans et plus;Hommes;11.0;58.7;;15;84
2022;Auvergne et Rhône-Alpes;Cantal;00-17 ans;Femmes;0.0;0.0;;15;84
2022;Auvergne et Rhône-Alpes;Cantal;18-24 ans;Femmes;0.0;0.0;;15;84
2022;Auvergne et Rhône-Alpes;Cantal;65 ans et plus;Hommes et Femmes;13.5;31.9;;15;84
2023;Auvergne et Rhône-Alpes;Cantal;18-24 ans;Hommes;0.0;0.0;;15;84
2023;Auvergne et Rhône-Alpes;Cantal;25-44 ans;Hommes;2.5;17.5;;15;84
2023;Auvergne et Rhône-Alpes;Cantal;45-64 ans;Hommes;5.0;24.3;;15;84
2023;Auvergne et Rhône-Alpes;Cantal;Tous;Hommes;19.0;26.8;25.0;15;84
2023;Auvergne et Rhône-Alpes;Cantal;18-24 ans;Femmes;0.0;0.0;;15;84
2023;Auvergne et Rhône-Alpes;Cantal;45-64 ans;Femmes;2.5;12.4;;15;84
2023;Auvergne et Rhône-Alpes;Cantal;Tous;Femmes;5.0;6.8;7.7;15;84
2023;Auvergne et Rhône-Alpes;Cantal;25-44 ans;Hommes et Femmes;2.5;8.9;;15;84
2023;Auvergne et Rhône-Alpes;Cantal;45-64 ans;Hommes et Femmes;7.5;18.4;;15;84
2023;Auvergne et Rhône-Alpes;Cantal;65 ans et plus;Hommes et Femmes;12.5;29.3;;15;84
2019;Nouvelle Aquitaine;Charente;65 ans et plus;Hommes;31.0;79.6;;16;75
2019;Nouvelle Aquitaine;Charente;25-44 ans;Femmes;7.0;18.8;;16;75
2019;Nouvelle Aquitaine;Charente;45-64 ans;Femmes;6.0;11.8;;16;75
2019;Nouvelle Aquitaine;Charente;00-17 ans;Hommes et Femmes;0.0;0.0;;16;75
2019;Nouvelle Aquitaine;Charente;25-44 ans;Hommes et Femmes;21.0;28.3;;16;75
2019;Nouvelle Aquitaine;Charente;65 ans et plus;Hommes et Femmes;39.0;43.8;;16;75
2020;Nouvelle Aquitaine;Charente;00-17 ans;Hommes;0.0;0.0;;16;75
2020;Nouvelle Aquitaine;Charente;25-44 ans;Hommes;12.0;32.9;;16;75
2020;Nouvelle Aquitaine;Charente;Tous;Hommes;61.5;36.1;32.6;16;75
2020;Nouvelle Aquitaine;Charente;65 ans et plus;Femmes;8.0;15.7;;16;75
2020;Nouvelle Aquitaine;Charente;Tous;Femmes;23.0;12.7;13.4;16;75
2020;Nouvelle Aquitaine;Charente;18-24 ans;Hommes et Femmes;2.5;10.6;;16;75
2020;Nouvelle Aquitaine;Charente;45-64 ans;Hommes et Femmes;31.0;31.5;;16;75
2021;Nouvelle Aquitaine;Charente;45-64 ans;Hommes;29.0;61.0;;16;75
2021;Nouvelle Aquitaine;Charente;65 ans et plus;Hommes;24.0;59.9;;16;75
2021;Nouvelle Aquitaine;Charente;00-17 ans;Femmes;0.0;0.0;;16;75
2021;Nouvelle Aquitaine;Charente;18-24 ans;Femmes;0.0;0.0;;16;75
2021;Nouvelle Aquitaine;Charente;25-44 ans;Femmes;2.5;6.8;;16;75
2021;Nouvelle Aquitaine;Charente;Tous;Femmes;20.5;11.4;9.2;16;75
2021;Nouvelle Aquitaine;Charente;18-24 ans;Hommes et Femmes;0.0;0.0;;16;75
2021;Nouvelle Aquitaine;Charente;25-44 ans;Hommes et Femmes;12.5;17.1;;16;75
2021;Nouvelle Aquitaine;Charente;Tous;Hommes et Femmes;83.5;23.8;21.1;16;75
2022;Nouvelle Aquitaine;Charente;25-44 ans;Hommes;10.0;27.1;;16;75
2022;Nouvelle Aquitaine;Charente;45-64 ans;Hommes;22.0;46.6;;16;75
2022;Nouvelle Aquitaine;Charente;Tous;Hommes;47.5;27.8;26.0;16;75
2022;Nouvelle Aquitaine;Charente;18-24 ans;Femmes;0.0;0.0;;16;75
2022;Nouvelle Aquitaine;Charente;45-64 ans;Femmes;2.5;5.1;;16;75
2022;Nouvelle Aquitaine;Charente;65 ans et plus;Hommes et Femmes;15.5;16.7;;16;75
2023;Nouvelle Aquitaine;Charente;00-17 ans;Hommes;0.0;0.0;;16;75
2023;Nouvelle Aquitaine;Charente;Tous;Hommes;56.5;33.0;28.8;16;75
2023;Nouvelle Aquitaine;Charente;Tous;Femmes;13.5;7.5;7.9;16;75
2023;Nouvelle Aquitaine;Charente;65 ans et plus;Hommes et Femmes;33.0;35.2;;16;75
2019;Nouvelle Aquitaine;Charente-Maritime;25-44 ans;Hommes;18.0;28.1;;17;75
2019;Nouvelle Aquitaine;Charente-Maritime;18-24 ans;Femmes;0.0;0.0;;17;75
2019;Nouvelle Aquitaine;Charente-Maritime;65 ans et plus;Femmes;7.0;6.8;;17;75
2019;Nouvelle Aquitaine;Charente-Maritime;18-24 ans;Hommes et Femmes;2.5;5.9;;17;75
2019;Nouvelle Aquitaine;Charente-Maritime;45-64 ans;Hommes et Femmes;56.0;31.4;;17;75
2019;Nouvelle Aquitaine;Charente-Maritime;65 ans et plus;Hommes et Femmes;44.0;24.3;;17;75
2020;Nouvelle Aquitaine;Charente-Maritime;00-17 ans;Hommes;2.5;4.1;;17;75
2020;Nouvelle Aquitaine;Charente-Maritime;Tous;Hommes;119.0;37.9;34.5;17;75
2020;Nouvelle Aquitaine;Charente-Maritime;25-44 ans;Femmes;2.5;3.8;;17;75
2020;Nouvelle Aquitaine;Charente-Maritime;45-64 ans;Femmes;12.0;12.9;;17;75
2020;Nouvelle Aquitaine;Charente-Maritime;00-17 ans;Hommes et Femmes;2.5;2.1;;17;75
2020;Nouvelle Aquitaine;Charente-Maritime;18-24 ans;Hommes et Femmes;2.5;5.7;;17;75
2020;Nouvelle Aquitaine;Charente-Maritime;25-44 ans;Hommes et Femmes;19.5;15.0;;17;75
2020;Nouvelle Aquitaine;Charente-Maritime;65 ans et plus;Hommes et Femmes;55.0;29.7;;17;75
2021;Nouvelle Aquitaine;Charente-Maritime;00-17 ans;Hommes;0.0;0.0;;17;75
2021;Nouvelle Aquitaine;Charente-Maritime;25-44 ans;Hommes;16.0;25.1;;17;75
2021;Nouvelle Aquitaine;Charente-Maritime;45-64 ans;Hommes;30.0;34.9;;17;75
2021;Nouvelle Aquitaine;Charente-Maritime;Tous;Hommes;94.5;29.8;27.0;17;75
2021;Nouvelle Aquitaine;Charente-Maritime;25-44 ans;Femmes;10.0;15.0;;17;75
2021;Nouvelle Aquitaine;Charente-Maritime;45-64 ans;Femmes;13.0;13.9;;17;75
2021;Nouvelle Aquitaine;Charente-Maritime;Tous;Femmes;37.0;10.7;10.5;17;75
2021;Nouvelle Aquitaine;Charente-Maritime;45-64 ans;Hommes et Femmes;43.0;24.0;;17;75
2021;Nouvelle Aquitaine;Charente-Maritime;65 ans et plus;Hommes et Femmes;60.0;31.6;;17;75
2022;Nouvelle Aquitaine;Charente-Maritime;00-17 ans;Hommes;2.5;4.2;;17;75
2022;Nouvelle Aquitaine;Charente-Maritime;45-64 ans;Hommes;32.0;37.1;;17;75
2022;Nouvelle Aquitaine;Charente-Maritime;00-17 ans;Femmes;0.0;0.0;;17;75
2022;Nouvelle Aquitaine;Charente-Maritime;65 ans et plus;Femmes;20.0;18.3;;17;75
2022;Nouvelle Aquitaine;Charente-Maritime;Tous;Femmes;39.0;11.2;10.0;17;75
2022;Nouvelle Aquitaine;Charente-Maritime;Tous;Hommes et Femmes;151.0;22.6;20.7;17;75
2023;Nouvelle Aquitaine;Charente-Maritime;18-24 ans;Hommes;2.5;10.4;;17;75
2023;Nouvelle Aquitaine;Charente-Maritime;18-24 ans;Femmes;0.0;0.0;;17;75
2023;Nouvelle Aquitaine;Charente-Maritime;25-44 ans;Hommes et Femmes;32.0;23.9;;17;75
2023;Nouvelle Aquitaine;Charente-Maritime;65 ans et plus;Hommes et Femmes;64.0;32.3;;17;75
2023;Nouvelle Aquitaine;Charente-Maritime;Tous;Hommes et Femmes;148.5;22.1;20.4;17;75
2019;Centre-Val de Loire;Cher;25-44 ans;Hommes;11.0;35.3;;18;24
2019;Centre-Val de Loire;Cher;25-44 ans;Femmes;0.0;0.0;;18;24
2019;Centre-Val de Loire;Cher;00-17 ans;Hommes et Femmes;0.0;0.0;;18;24
2019;Centre-Val de Loire;Cher;Tous;Hommes et Femmes;53.0;17.5;17.0;18;24
2020;Centre-Val de Loire;Cher;00-17 ans;Hommes;0.0;0.0;;18;24
2020;Centre-Val de Loire;Cher;25-44 ans;Hommes;11.0;35.8;;18;24
2020;Centre-Val de Loire;Cher;45-64 ans;Hommes;20.0;49.2;;18;24
2020;Centre-Val de Loire;Cher;25-44 ans;Femmes;2.5;8.1;;18;24
2020;Centre-Val de Loire;Cher;00-17 ans;Hommes et Femmes;0.0;0.0;;18;24
2020;Centre-Val de Loire;Cher;25-44 ans;Hommes et Femmes;13.5;22.0;;18;24
2020;Centre-Val de Loire;Cher;45-64 ans;Hommes et Femmes;28.0;33.6;;18;24
2021;Centre-Val de Loire;Cher;45-64 ans;Hommes;16.0;39.9;;18;24
2021;Centre-Val de Loire;Cher;Tous;Hommes;42.5;29.2;27.5;18;24
2021;Centre-Val de Loire;Cher;18-24 ans;Femmes;0.0;0.0;;18;24
2021;Centre-Val de Loire;Cher;45-64 ans;Femmes;2.5;6.0;;18;24
2021;Centre-Val de Loire;Cher;45-64 ans;Hommes et Femmes;18.5;22.6;;18;24
2022;Centre-Val de Loire;Cher;18-24 ans;Hommes;2.5;23.7;;18;24
2022;Centre-Val de Loire;Cher;45-64 ans;Hommes;16.0;40.5;;18;24
2022;Centre-Val de Loire;Cher;00-17 ans;Femmes;0.0;0.0;;18;24
2022;Centre-Val de Loire;Cher;18-24 ans;Femmes;0.0;0.0;;18;24
2022;Centre-Val de Loire;Cher;Tous;Femmes;11.0;7.2;8.2;18;24
2022;Centre-Val de Loire;Cher;00-17 ans;Hommes et Femmes;0.0;0.0;;18;24
2022;Centre-Val de Loire;Cher;45-64 ans;Hommes et Femmes;18.5;22.9;;18;24
2022;Centre-Val de Loire;Cher;65 ans et plus;Hommes et Femmes;28.0;35.1;;18;24
2023;Centre-Val de Loire;Cher;25-44 ans;Hommes;5.0;16.0;;18;24
2023;Centre-Val de Loire;Cher;Tous;Hommes et Femmes;55.0;18.4;15.7;18;24
2019;Nouvelle Aquitaine;Corrèze;25-44 ans;Hommes;6.0;24.9;;19;75
2019;Nouvelle Aquitaine;Corrèze;45-64 ans;Hommes;9.0;27.4;;19;75
2019;Nouvelle Aquitaine;Corrèze;Tous;Hommes;27.0;23.2;22.1;19;75
2019;Nouvelle Aquitaine;Corrèze;00-17 ans;Femmes;0.0;0.0;;19;75
2019;Nouvelle Aquitaine;Corrèze;25-44 ans;Femmes;2.5;10.5;;19;75
2020;Nouvelle Aquitaine;Corrèze;00-17 ans;Hommes;0.0;0.0;;19;75
2020;Nouvelle Aquitaine;Corrèze;18-24 ans;Hommes;0.0;0.0;;19;75
2020;Nouvelle Aquitaine;Corrèze;65 ans et plus;Hommes;13.0;45.1;;19;75
2020;Nouvelle Aquitaine;Corrèze;Tous;Hommes;31.0;26.6;25.5;19;75
2020;Nouvelle Aquitaine;Corrèze;18-24 ans;Femmes;0.0;0.0;;19;75
2020;Nouvelle Aquitaine;Corrèze;45-64 ans;Femmes;5.0;14.9;;19;75
2020;Nouvelle Aquitaine;Corrèze;65 ans et plus;Femmes;6.0;15.8;;19;75
2020;Nouvelle Aquitaine;Corrèze;25-44 ans;Hommes et Femmes;8.0;16.8;;19;75
2020;Nouvelle Aquitaine;Corrèze;Tous;Hommes et Femmes;42.0;17.6;16.2;19;75
2021;Nouvelle Aquitaine;Corrèze;00-17 ans;Hommes;0.0;0.0;;19;75
2021;Nouvelle Aquitaine;Corrèze;18-24 ans;Hommes;0.0;0.0;;19;75
2021;Nouvelle Aquitaine;Corrèze;45-64 ans;Hommes;15.0;45.6;;19;75
2021;Nouvelle Aquitaine;Corrèze;Tous;Hommes;50.0;42.8;41.1;19;75
2022;Nouvelle Aquitaine;Corrèze;18-24 ans;Femmes;0.0;0.0;;19;75
2022;Nouvelle Aquitaine;Corrèze;45-64 ans;Femmes;2.5;7.5;;19;75
2022;Nouvelle Aquitaine;Corrèze;18-24 ans;Hommes et Femmes;2.5;16.0;;19;75
2023;Nouvelle Aquitaine;Corrèze;45-64 ans;Hommes;10.0;31.2;;19;75
2023;Nouvelle Aquitaine;Corrèze;65 ans et plus;Hommes;15.0;49.7;;19;75
2023;Nouvelle Aquitaine;Corrèze;65 ans et plus;Femmes;7.0;18.0;;19;75
2023;Nouvelle Aquitaine;Corrèze;18-24 ans;Hommes et Femmes;2.5;16.0;;19;75
2023;Nouvelle Aquitaine;Corrèze;45-64 ans;Hommes et Femmes;12.5;19.2;;19;75
2023;Nouvelle Aquitaine;Corrèze;65 ans et plus;Hommes et Femmes;22.0;31.8;;19;75
2023;Nouvelle Aquitaine;Corrèze;Tous;Hommes et Femmes;49.5;20.6;19.6;19;75
2019;Bourgogne et Franche-Comté;Côte-d'Or;25-44 ans;Hommes;8.0;12.9;;21;27
2019;Bourgogne et Franche-Comté;Côte-d'Or;65 ans et plus;Femmes;2.5;3.9;;21;27
2019;Bourgogne et Franche-Comté;Côte-d'Or;18-24 ans;Hommes et Femmes;2.5;4.8;;21;27
2019;Bourgogne et Franche-Comté;Côte-d'Or;65 ans et plus;Hommes et Femmes;13.5;12.0;;21;27
2019;Bourgogne et Franche-Comté;Côte-d'Or;Tous;Hommes et Femmes;41.0;7.7;7.7;21;27
2020;Bourgogne et Franche-Comté;Côte-d'Or;18-24 ans;Hommes;2.5;9.8;;21;27
2020;Bourgogne et Franche-Comté;Côte-d'Or;25-44 ans;Hommes;9.0;14.5;;21;27
2020;Bourgogne et Franche-Comté;Côte-d'Or;45-64 ans;Hommes;14.0;20.8;;21;27
2020;Bourgogne et Franche-Comté;Côte-d'Or;18-24 ans;Femmes;0.0;0.0;;21;27
2020;Bourgogne et Franche-Comté;Côte-d'Or;00-17 ans;Hommes et Femmes;0.0;0.0;;21;27
2020;Bourgogne et Franche-Comté;Côte-d'Or;25-44 ans;Hommes et Femmes;11.5;9.2;;21;27
2020;Bourgogne et Franche-Comté;Côte-d'Or;45-64 ans;Hommes et Femmes;19.0;13.8;;21;27
2020;Bourgogne et Franche-Comté;Côte-d'Or;Tous;Hommes et Femmes;56.0;10.5;10.4;21;27
2021;Bourgogne et Franche-Comté;Côte-d'Or;25-44 ans;Femmes;2.5;4.0;;21;27
2021;Bourgogne et Franche-Comté;Côte-d'Or;25-44 ans;Hommes et Femmes;5.0;4.0;;21;27
2021;Bourgogne et Franche-Comté;Côte-d'Or;65 ans et plus;Hommes et Femmes;14.5;12.5;;21;27
2021;Bourgogne et Franche-Comté;Côte-d'Or;Tous;Hommes et Femmes;43.0;8.0;8.0;21;27
2022;Bourgogne et Franche-Comté;Côte-d'Or;65 ans et plus;Hommes;21.0;41.2;;21;27
2022;Bourgogne et Franche-Comté;Côte-d'Or;Tous;Hommes;48.5;18.6;17.8;21;27
2022;Bourgogne et Franche-Comté;Côte-d'Or;00-17 ans;Femmes;2.5;4.9;;21;27
2022;Bourgogne et Franche-Comté;Côte-d'Or;25-44 ans;Femmes;2.5;3.9;;21;27
2022;Bourgogne et Franche-Comté;Côte-d'Or;45-64 ans;Femmes;2.5;3.6;;21;27
2022;Bourgogne et Franche-Comté;Côte-d'Or;18-24 ans;Hommes et Femmes;2.5;4.8;;21;27
2023;Bourgogne et Franche-Comté;Côte-d'Or;Tous;Hommes;61.5;23.6;23.4;21;27
2023;Bourgogne et Franche-Comté;Côte-d'Or;00-17 ans;Femmes;0.0;0.0;;21;27
2023;Bourgogne et Franche-Comté;Côte-d'Or;65 ans et plus;Femmes;2.5;3.7;;21;27
2023;Bourgogne et Franche-Comté;Côte-d'Or;Tous;Femmes;22.0;7.9;7.8;21;27
2023;Bourgogne et Franche-Comté;Côte-d'Or;18-24 ans;Hommes et Femmes;6.0;11.5;;21;27
2023;Bourgogne et Franche-Comté;Côte-d'Or;45-64 ans;Hommes et Femmes;36.0;26.8;;21;27
2023;Bourgogne et Franche-Comté;Côte-d'Or;Tous;Hommes et Femmes;83.5;15.5;15.4;21;27
2019;Bretagne;Côtes-d'Armor;45-64 ans;Hommes;55.0;68.0;;22;53
2019;Bretagne;Côtes-d'Armor;65 ans et plus;Hommes;42.0;62.5;;22;53
2019;Bretagne;Côtes-d'Armor;25-44 ans;Femmes;2.5;4.1;;22;53
2019;Bretagne;Côtes-d'Armor;45-64 ans;Femmes;10.0;12.1;;22;53
2019;Bretagne;Côtes-d'Armor;65 ans et plus;Femmes;9.0;10.0;;22;53
2019;Bretagne;Côtes-d'Armor;45-64 ans;Hommes et Femmes;65.0;39.7;;22;53
2019;Bretagne;Côtes-d'Armor;65 ans et plus;Hommes et Femmes;51.0;32.5;;22;53
2020;Bretagne;Côtes-d'Armor;00-17 ans;Hommes;0.0;0.0;;22;53
2020;Bretagne;Côtes-d'Armor;25-44 ans;Hommes;15.0;25.4;;22;53
2020;Bretagne;Côtes-d'Armor;45-64 ans;Femmes;16.0;19.2;;22;53
2020;Bretagne;Côtes-d'Armor;65 ans et plus;Femmes;13.0;14.3;;22;53
2020;Bretagne;Côtes-d'Armor;25-44 ans;Hommes et Femmes;17.5;14.7;;22;53
2021;Bretagne;Côtes-d'Armor;00-17 ans;Hommes;0.0;0.0;;22;53
2021;Bretagne;Côtes-d'Armor;18-24 ans;Hommes;6.0;28.5;;22;53
2021;Bretagne;Côtes-d'Armor;25-44 ans;Hommes;33.0;55.6;;22;53
2021;Bretagne;Côtes-d'Armor;45-64 ans;Hommes;58.0;71.6;;22;53
2021;Bretagne;Côtes-d'Armor;18-24 ans;Femmes;2.5;13.6;;22;53
2021;Bretagne;Côtes-d'Armor;65 ans et plus;Femmes;16.0;17.3;;22;53
2021;Bretagne;Côtes-d'Armor;Tous;Femmes;43.5;13.9;12.9;22;53
2021;Bretagne;Côtes-d'Armor;00-17 ans;Hommes et Femmes;0.0;0.0;;22;53
2021;Bretagne;Côtes-d'Armor;18-24 ans;Hommes et Femmes;8.5;21.5;;22;53
2021;Bretagne;Côtes-d'Armor;25-44 ans;Hommes et Femmes;42.0;35.1;;22;53
2022;Bretagne;Côtes-d'Armor;Tous;Hommes;114.0;38.7;36.7;22;53
2022;Bretagne;Côtes-d'Armor;00-17 ans;Femmes;0.0;0.0;;22;53
2022;Bretagne;Côtes-d'Armor;25-44 ans;Femmes;13.0;21.4;;22;53
2022;Bretagne;Côtes-d'Armor;Tous;Femmes;54.0;17.2;16.6;22;53
2022;Bretagne;Côtes-d'Armor;18-24 ans;Hommes et Femmes;2.5;6.4;;22;53
2022;Bretagne;Côtes-d'Armor;65 ans et plus;Hommes et Femmes;55.0;33.3;;22;53
2022;Bretagne;Côtes-d'Armor;Tous;Hommes et Femmes;168.0;27.6;26.3;22;53
2023;Bretagne;Côtes-d'Armor;45-64 ans;Hommes;40.0;49.6;;22;53
2019;Nouvelle Aquitaine;Creuse;45-64 ans;Hommes;5.0;29.1;;23;75
2019;Nouvelle Aquitaine;Creuse;18-24 ans;Femmes;0.0;0.0;;23;75
2019;Nouvelle Aquitaine;Creuse;Tous;Femmes;2.5;4.2;7.5;23;75
2019;Nouvelle Aquitaine;Creuse;00-17 ans;Hommes et Femmes;0.0;0.0;;23;75
2019;Nouvelle Aquitaine;Creuse;18-24 ans;Hommes et Femmes;0.0;0.0;;23;75
2020;Nouvelle Aquitaine;Creuse;18-24 ans;Hommes;0.0;0.0;;23;75
2020;Nouvelle Aquitaine;Creuse;25-44 ans;Femmes;2.5;24.2;;23;75
2020;Nouvelle Aquitaine;Creuse;Tous;Femmes;5.0;8.4;9.3;23;75
2021;Nouvelle Aquitaine;Creuse;00-17 ans;Hommes;0.0;0.0;;23;75
2021;Nouvelle Aquitaine;Creuse;00-17 ans;Femmes;0.0;0.0;;23;75
2021;Nouvelle Aquitaine;Creuse;65 ans et plus;Femmes;2.5;12.4;;23;75
2021;Nouvelle Aquitaine;Creuse;25-44 ans;Hommes et Femmes;2.5;12.0;;23;75
2021;Nouvelle Aquitaine;Creuse;45-64 ans;Hommes et Femmes;7.0;20.9;;23;75
2021;Nouvelle Aquitaine;Creuse;65 ans et plus;Hommes et Femmes;11.5;31.9;;23;75
2021;Nouvelle Aquitaine;Creuse;Tous;Hommes et Femmes;21.0;18.2;15.1;23;75
2022;Nouvelle Aquitaine;Creuse;00-17 ans;Hommes;0.0;0.0;;23;75
2022;Nouvelle Aquitaine;Creuse;25-44 ans;Femmes;0.0;0.0;;23;75
2022;Nouvelle Aquitaine;Creuse;65 ans et plus;Femmes;0.0;0.0;;23;75
2022;Nouvelle Aquitaine;Creuse;Tous;Femmes;2.5;4.2;5.3;23;75
2022;Nouvelle Aquitaine;Creuse;00-17 ans;Hommes et Femmes;0.0;0.0;;23;75
2022;Nouvelle Aquitaine;Creuse;25-44 ans;Hommes et Femmes;2.5;11.8;;23;75
2023;Nouvelle Aquitaine;Creuse;18-24 ans;Hommes;0.0;0.0;;23;75
2023;Nouvelle Aquitaine;Creuse;45-64 ans;Hommes;8.0;49.5;;23;75
2023;Nouvelle Aquitaine;Creuse;18-24 ans;Femmes;0.0;0.0;;23;75
2023;Nouvelle Aquitaine;Creuse;45-64 ans;Hommes et Femmes;10.5;32.3;;23;75
2023;Nouvelle Aquitaine;Creuse;65 ans et plus;Hommes et Femmes;9.5;26.1;;23;75
2023;Nouvelle Aquitaine;Creuse;Tous;Hommes et Femmes;26.5;23.1;23.1;23;75
2019;Nouvelle Aquitaine;Dordogne;25-44 ans;Hommes;13.0;33.6;;24;75
2019;Nouvelle Aquitaine;Dordogne;65 ans et plus;Femmes;8.0;11.9;;24;75
2019;Nouvelle Aquitaine;Dordogne;Tous;Femmes;17.0;7.9;7.0;24;75
2019;Nouvelle Aquitaine;Dordogne;25-44 ans;Hommes et Femmes;15.5;19.8;;24;75
2020;Nouvelle Aquitaine;Dordogne;00-17 ans;Hommes;0.0;0.0;;24;75
2020;Nouvelle Aquitaine;Dordogne;65 ans et plus;Hommes;27.0;50.3;;24;75
2020;Nouvelle Aquitaine;Dordogne;Tous;Hommes;54.5;27.4;21.9;24;75
2020;Nouvelle Aquitaine;Dordogne;25-44 ans;Femmes;8.0;20.3;;24;75
2020;Nouvelle Aquitaine;Dordogne;45-64 ans;Femmes;13.0;21.3;;24;75
2020;Nouvelle Aquitaine;Dordogne;Tous;Femmes;26.0;12.2;12.5;24;75
2021;Nouvelle Aquitaine;Dordogne;00-17 ans;Hommes;0.0;0.0;;24;75
2021;Nouvelle Aquitaine;Dordogne;25-44 ans;Hommes;12.0;31.2;;24;75
2021;Nouvelle Aquitaine;Dordogne;65 ans et plus;Hommes;29.0;53.1;;24;75
2021;Nouvelle Aquitaine;Dordogne;25-44 ans;Femmes;2.5;6.4;;24;75
2021;Nouvelle Aquitaine;Dordogne;45-64 ans;Femmes;6.0;9.8;;24;75
2021;Nouvelle Aquitaine;Dordogne;00-17 ans;Hommes et Femmes;0.0;0.0;;24;75
2021;Nouvelle Aquitaine;Dordogne;65 ans et plus;Hommes et Femmes;39.0;31.6;;24;75
2022;Nouvelle Aquitaine;Dordogne;00-17 ans;Hommes;0.0;0.0;;24;75
2022;Nouvelle Aquitaine;Dordogne;25-44 ans;Hommes;6.0;15.3;;24;75
2022;Nouvelle Aquitaine;Dordogne;45-64 ans;Hommes;17.0;29.6;;24;75
2022;Nouvelle Aquitaine;Dordogne;18-24 ans;Femmes;0.0;0.0;;24;75
2022;Nouvelle Aquitaine;Dordogne;65 ans et plus;Hommes et Femmes;48.0;38.4;;24;75
2023;Nouvelle Aquitaine;Dordogne;00-17 ans;Hommes;2.5;6.9;;24;75
2023;Nouvelle Aquitaine;Dordogne;18-24 ans;Femmes;0.0;0.0;;24;75
2023;Nouvelle Aquitaine;Dordogne;18-24 ans;Hommes et Femmes;2.5;10.6;;24;75
2019;Bourgogne et Franche-Comté;Doubs;25-44 ans;Hommes;13.0;19.6;;25;27
2019;Bourgogne et Franche-Comté;Doubs;45-64 ans;Hommes;31.0;46.3;;25;27
2019;Bourgogne et Franche-Comté;Doubs;18-24 ans;Femmes;0.0;0.0;;25;27
2019;Bourgogne et Franche-Comté;Doubs;45-64 ans;Femmes;9.0;13.0;;25;27
2019;Bourgogne et Franche-Comté;Doubs;Tous;Femmes;23.0;8.3;8.6;25;27
2020;Bourgogne et Franche-Comté;Doubs;00-17 ans;Hommes;2.5;4.1;;25;27
2020;Bourgogne et Franche-Comté;Doubs;25-44 ans;Hommes;21.0;31.8;;25;27
2020;Bourgogne et Franche-Comté;Doubs;00-17 ans;Femmes;0.0;0.0;;25;27
2020;Bourgogne et Franche-Comté;Doubs;45-64 ans;Femmes;7.0;10.1;;25;27
2020;Bourgogne et Franche-Comté;Doubs;Tous;Femmes;14.5;5.2;5.2;25;27
2021;Bourgogne et Franche-Comté;Doubs;25-44 ans;Hommes;24.0;36.3;;25;27
2021;Bourgogne et Franche-Comté;Doubs;65 ans et plus;Femmes;7.0;11.3;;25;27
2022;Bourgogne et Franche-Comté;Doubs;18-24 ans;Hommes;5.0;20.4;;25;27
2022;Bourgogne et Franche-Comté;Doubs;45-64 ans;Hommes;26.0;38.7;;25;27
2022;Bourgogne et Franche-Comté;Doubs;Tous;Hommes;62.5;23.3;23.0;25;27
2022;Bourgogne et Franche-Comté;Doubs;00-17 ans;Femmes;0.0;0.0;;25;27
2022;Bourgogne et Franche-Comté;Doubs;25-44 ans;Femmes;7.0;10.5;;25;27
2022;Bourgogne et Franche-Comté;Doubs;00-17 ans;Hommes et Femmes;2.5;2.1;;25;27
2022;Bourgogne et Franche-Comté;Doubs;25-44 ans;Hommes et Femmes;24.0;17.9;;25;27
2023;Bourgogne et Franche-Comté;Doubs;00-17 ans;Hommes;0.0;0.0;;25;27
2023;Bourgogne et Franche-Comté;Doubs;18-24 ans;Hommes;2.5;10.0;;25;27
2023;Bourgogne et Franche-Comté;Doubs;45-64 ans;Hommes;21.0;31.3;;25;27
2023;Bourgogne et Franche-Comté;Doubs;Tous;Hommes;54.5;20.2;20.1;25;27
2023;Bourgogne et Franche-Comté;Doubs;45-64 ans;Femmes;9.0;13.2;;25;27
2023;Bourgogne et Franche-Comté;Doubs;00-17 ans;Hommes et Femmes;0.0;0.0;;25;27
2023;Bourgogne et Franche-Comté;Doubs;18-24 ans;Hommes et Femmes;2.5;5.2;;25;27
2023;Bourgogne et Franche-Comté;Doubs;25-44 ans;Hommes et Femmes;16.0;11.9;;25;27
2023;Bourgogne et Franche-Comté;Doubs;45-64 ans;Hommes et Femmes;30.0;22.1;;25;27
2019;Auvergne et Rhône-Alpes;Drôme;45-64 ans;Hommes;24.0;35.9;;26;84
2019;Auvergne et Rhône-Alpes;Drôme;00-17 ans;Femmes;0.0;0.0;;26;84
2019;Auvergne et Rhône-Alpes;Drôme;18-24 ans;Femmes;0.0;0.0;;26;84
2019;Auvergne et Rhône-Alpes;Drôme;45-64 ans;Femmes;5.0;7.1;;26;84
2019;Auvergne et Rhône-Alpes;Drôme;65 ans et plus;Femmes;6.0;9.4;;26;84
2019;Auvergne et Rhône-Alpes;Drôme;45-64 ans;Hommes et Femmes;29.0;21.1;;26;84
2019;Auvergne et Rhône-Alpes;Drôme;65 ans et plus;Hommes et Femmes;15.0;13.2;;26;84
2019;Auvergne et Rhône-Alpes;Drôme;Tous;Hommes et Femmes;53.0;10.3;10.1;26;84
2020;Auvergne et Rhône-Alpes;Drôme;18-24 ans;Hommes;2.5;13.2;;26;84
2020;Auvergne et Rhône-Alpes;Drôme;45-64 ans;Femmes;9.0;12.8;;26;84
2021;Auvergne et Rhône-Alpes;Drôme;25-44 ans;Hommes;16.0;27.9;;26;84
2021;Auvergne et Rhône-Alpes;Drôme;45-64 ans;Hommes;19.0;28.4;;26;84
2021;Auvergne et Rhône-Alpes;Drôme;Tous;Hommes;52.5;20.9;20.1;26;84
2021;Auvergne et Rhône-Alpes;Drôme;00-17 ans;Hommes et Femmes;0.0;0.0;;26;84
2021;Auvergne et Rhône-Alpes;Drôme;45-64 ans;Hommes et Femmes;27.0;19.7;;26;84
2022;Auvergne et Rhône-Alpes;Drôme;45-64 ans;Hommes;20.0;30.2;;26;84
2022;Auvergne et Rhône-Alpes;Drôme;00-17 ans;Femmes;0.0;0.0;;26;84
2022;Auvergne et Rhône-Alpes;Drôme;25-44 ans;Femmes;0.0;0.0;;26;84
2022;Auvergne et Rhône-Alpes;Drôme;Tous;Femmes;18.5;6.9;6.1;26;84
2022;Auvergne et Rhône-Alpes;Drôme;18-24 ans;Hommes et Femmes;2.5;7.1;;26;84
2022;Auvergne et Rhône-Alpes;Drôme;25-44 ans;Hommes et Femmes;11.0;9.2;;26;84
2023;Auvergne et Rhône-Alpes;Drôme;45-64 ans;Hommes;23.0;34.8;;26;84
2023;Auvergne et Rhône-Alpes;Drôme;Tous;Hommes;52.0;20.5;20.2;26;84
2023;Auvergne et Rhône-Alpes;Drôme;25-44 ans;Femmes;2.5;4.1;;26;84
2023;Auvergne et Rhône-Alpes;Drôme;65 ans et plus;Femmes;7.0;10.4;;26;84
2023;Auvergne et Rhône-Alpes;Drôme;45-64 ans;Hommes et Femmes;25.5;18.7;;26;84
2023;Auvergne et Rhône-Alpes;Drôme;65 ans et plus;Hommes et Femmes;22.0;18.2;;26;84
2019;Normandie;Eure;00-17 ans;Hommes;0.0;0.0;;27;28
2019;Normandie;Eure;65 ans et plus;Hommes;18.0;35.3;;27;28
2019;Normandie;Eure;Tous;Hommes;59.5;20.4;20.6;27;28
2019;Normandie;Eure;00-17 ans;Femmes;0.0;0.0;;27;28
2019;Normandie;Eure;25-44 ans;Femmes;5.0;7.0;;27;28
2019;Normandie;Eure;Tous;Femmes;17.0;5.5;6.0;27;28
2019;Normandie;Eure;00-17 ans;Hommes et Femmes;0.0;0.0;;27;28
2019;Normandie;Eure;45-64 ans;Hommes et Femmes;30.0;18.6;;27;28
2020;Normandie;Eure;25-44 ans;Hommes;15.0;22.0;;27;28
2020;Normandie;Eure;45-64 ans;Hommes;38.0;47.9;;27;28
2020;Normandie;Eure;Tous;Femmes;14.0;4.6;4.5;27;28
2020;Normandie;Eure;25-44 ans;Hommes et Femmes;17.5;12.6;;27;28
2020;Normandie;Eure;45-64 ans;Hommes et Femmes;48.0;29.8;;27;28
2021;Normandie;Eure;Tous;Hommes;67.0;22.9;23.5;27;28
2021;Normandie;Eure;18-24 ans;Femmes;0.0;0.0;;27;28
2021;Normandie;Eure;25-44 ans;Femmes;2.5;3.5;;27;28
2021;Normandie;Eure;45-64 ans;Femmes;10.0;12.3;;27;28
2021;Normandie;Eure;65 ans et plus;Femmes;2.5;3.7;;27;28
2021;Normandie;Eure;65 ans et plus;Hommes et Femmes;32.5;26.9;;27;28
2022;Normandie;Eure;18-24 ans;Hommes;2.5;11.3;;27;28
2022;Normandie;Eure;25-44 ans;Hommes;17.0;24.8;;27;28
2022;Normandie;Eure;25-44 ans;Femmes;2.5;3.5;;27;28
2022;Normandie;Eure;45-64 ans;Femmes;8.0;9.9;;27;28
2022;Normandie;Eure;65 ans et plus;Femmes;8.0;11.6;;27;28
2022;Normandie;Eure;45-64 ans;Hommes et Femmes;36.0;22.5;;27;28
2023;Normandie;Eure;25-44 ans;Hommes;15.0;21.8;;27;28
2023;Normandie;Eure;45-64 ans;Hommes;23.0;29.3;;27;28
2023;Normandie;Eure;65 ans et plus;Hommes;20.0;36.5;;27;28
2023;Normandie;Eure;Tous;Hommes;63.0;21.4;21.7;27;28
2023;Normandie;Eure;18-24 ans;Femmes;0.0;0.0;;27;28
2023;Normandie;Eure;25-44 ans;Femmes;2.5;3.5;;27;28
2023;Normandie;Eure;45-64 ans;Hommes et Femmes;25.5;16.0;;27;28
2019;Centre-Val de Loire;Eure-et-Loir;18-24 ans;Femmes;0.0;0.0;;28;24
2019;Centre-Val de Loire;Eure-et-Loir;45-64 ans;Femmes;8.0;13.7;;28;24
2019;Centre-Val de Loire;Eure-et-Loir;Tous;Femmes;15.0;6.8;6.7;28;24
2020;Centre-Val de Loire;Eure-et-Loir;Tous;Hommes;50.5;23.9;23.3;28;24
2020;Centre-Val de Loire;Eure-et-Loir;00-17 ans;Femmes;0.0;0.0;;28;24
2020;Centre-Val de Loire;Eure-et-Loir;65 ans et plus;Femmes;6.0;12.0;;28;24
2020;Centre-Val de Loire;Eure-et-Loir;Tous;Femmes;14.5;6.6;6.8;28;24
2020;Centre-Val de Loire;Eure-et-Loir;00-17 ans;Hommes et Femmes;0.0;0.0;;28;24
2020;Centre-Val de Loire;Eure-et-Loir;25-44 ans;Hommes et Femmes;12.5;12.7;;28;24
2021;Centre-Val de Loire;Eure-et-Loir;00-17 ans;Hommes;0.0;0.0;;28;24
2021;Centre-Val de Loire;Eure-et-Loir;18-24 ans;Hommes;0.0;0.0;;28;24
2021;Centre-Val de Loire;Eure-et-Loir;Tous;Hommes;37.0;17.5;17.9;28;24
2021;Centre-Val de Loire;Eure-et-Loir;65 ans et plus;Femmes;2.5;4.9;;28;24
2021;Centre-Val de Loire;Eure-et-Loir;Tous;Femmes;9.0;4.1;4.1;28;24
2021;Centre-Val de Loire;Eure-et-Loir;00-17 ans;Hommes et Femmes;0.0;0.0;;28;24
2021;Centre-Val de Loire;Eure-et-Loir;18-24 ans;Hommes et Femmes;0.0;0.0;;28;24
2021;Centre-Val de Loire;Eure-et-Loir;45-64 ans;Hommes et Femmes;17.5;15.3;;28;24
2022;Centre-Val de Loire;Eure-et-Loir;18-24 ans;Hommes;2.5;16.1;;28;24
2022;Centre-Val de Loire;Eure-et-Loir;00-17 ans;Femmes;0.0;0.0;;28;24
2022;Centre-Val de Loire;Eure-et-Loir;25-44 ans;Femmes;2.5;5.0;;28;24
2022;Centre-Val de Loire;Eure-et-Loir;65 ans et plus;Femmes;7.0;13.5;;28;24
2022;Centre-Val de Loire;Eure-et-Loir;18-24 ans;Hommes et Femmes;2.5;8.5;;28;24
2022;Centre-Val de Loire;Eure-et-Loir;25-44 ans;Hommes et Femmes;8.0;8.1;;28;24
2022;Centre-Val de Loire;Eure-et-Loir;Tous;Hommes et Femmes;54.5;12.6;12.7;28;24
2023;Centre-Val de Loire;Eure-et-Loir;00-17 ans;Hommes;2.5;5.0;;28;24
2023;Centre-Val de Loire;Eure-et-Loir;25-44 ans;Hommes;7.0;14.5;;28;24
2023;Centre-Val de Loire;Eure-et-Loir;00-17 ans;Hommes et Femmes;2.5;2.6;;28;24
2023;Centre-Val de Loire;Eure-et-Loir;25-44 ans;Hommes et Femmes;9.5;9.7;;28;24
2023;Centre-Val de Loire;Eure-et-Loir;65 ans et plus;Hommes et Femmes;17.0;18.1;;28;24
2019;Bretagne;Finistère;25-44 ans;Hommes;46.0;45.8;;29;53
2019;Bretagne;Finistère;45-64 ans;Hommes;60.0;48.3;;29;53
2019;Bretagne;Finistère;65 ans et plus;Hommes;41.0;46.1;;29;53
2019;Bretagne;Finistère;00-17 ans;Femmes;0.0;0.0;;29;53
2019;Bretagne;Finistère;25-44 ans;Femmes;2.5;2.6;;29;53
2019;Bretagne;Finistère;Tous;Femmes;41.0;8.7;8.2;29;53
2019;Bretagne;Finistère;00-17 ans;Hommes et Femmes;2.5;1.4;;29;53
2019;Bretagne;Finistère;65 ans et plus;Hommes et Femmes;57.0;26.8;;29;53
2019;Bretagne;Finistère;Tous;Hommes et Femmes;193.0;21.1;20.5;29;53
2020;Bretagne;Finistère;45-64 ans;Hommes;46.0;37.1;;29;53
2020;Bretagne;Finistère;00-17 ans;Femmes;2.5;2.8;;29;53
2020;Bretagne;Finistère;00-17 ans;Hommes et Femmes;5.0;2.8;;29;53
2020;Bretagne;Finistère;18-24 ans;Hommes et Femmes;7.5;10.7;;29;53
2020;Bretagne;Finistère;25-44 ans;Hommes et Femmes;49.0;24.7;;29;53
2021;Bretagne;Finistère;18-24 ans;Hommes;7.0;19.1;;29;53
2021;Bretagne;Finistère;45-64 ans;Femmes;15.0;11.9;;29;53
2021;Bretagne;Finistère;65 ans et plus;Femmes;15.0;11.7;;29;53
2021;Bretagne;Finistère;18-24 ans;Hommes et Femmes;9.5;13.6;;29;53
2021;Bretagne;Finistère;25-44 ans;Hommes et Femmes;37.0;18.6;;29;53
2022;Bretagne;Finistère;00-17 ans;Hommes;2.5;2.7;;29;53
2022;Bretagne;Finistère;18-24 ans;Femmes;0.0;0.0;;29;53
2022;Bretagne;Finistère;45-64 ans;Femmes;19.0;15.1;;29;53
2022;Bretagne;Finistère;00-17 ans;Hommes et Femmes;2.5;1.4;;29;53
2022;Bretagne;Finistère;Tous;Hommes et Femmes;198.0;21.3;21.0;29;53
2023;Bretagne;Finistère;18-24 ans;Hommes;5.0;13.7;;29;53
2023;Bretagne;Finistère;00-17 ans;Femmes;0.0;0.0;;29;53
2023;Bretagne;Finistère;25-44 ans;Hommes et Femmes;47.0;23.1;;29;53
2023;Bretagne;Finistère;45-64 ans;Hommes et Femmes;77.0;31.0;;29;53
2019;Corse;Corse-du-Sud;45-64 ans;Hommes;2.5;11.6;;2A;94
2019;Corse;Corse-du-Sud;18-24 ans;Hommes et Femmes;2.5;27.5;;2A;94
2020;Corse;Corse-du-Sud;00-17 ans;Hommes;0.0;0.0;;2A;94
2020;Corse;Corse-du-Sud;25-44 ans;Hommes;2.5;13.7;;2A;94
2020;Corse;Corse-du-Sud;45-64 ans;Hommes;5.0;23.0;;2A;94
2020;Corse;Corse-du-Sud;65 ans et plus;Hommes;2.5;14.1;;2A;94
2020;Corse;Corse-du-Sud;00-17 ans;Femmes;0.0;0.0;;2A;94
2020;Corse;Corse-du-Sud;65 ans et plus;Femmes;0.0;0.0;;2A;94
2020;Corse;Corse-du-Sud;18-24 ans;Hommes et Femmes;0.0;0.0;;2A;94
2020;Corse;Corse-du-Sud;45-64 ans;Hommes et Femmes;7.5;17.0;;2A;94
2021;Corse;Corse-du-Sud;Tous;Hommes;25.5;32.4;29.5;2A;94
2021;Corse;Corse-du-Sud;18-24 ans;Femmes;0.0;0.0;;2A;94
2021;Corse;Corse-du-Sud;65 ans et plus;Femmes;2.5;11.4;;2A;94
2021;Corse;Corse-du-Sud;25-44 ans;Hommes et Femmes;2.5;6.4;;2A;94
2021;Corse;Corse-du-Sud;65 ans et plus;Hommes et Femmes;14.5;36.1;;2A;94
2022;Corse;Corse-du-Sud;00-17 ans;Hommes;0.0;0.0;;2A;94
2022;Corse;Corse-du-Sud;00-17 ans;Femmes;0.0;0.0;;2A;94
2022;Corse;Corse-du-Sud;18-24 ans;Femmes;0.0;0.0;;2A;94
2022;Corse;Corse-du-Sud;25-44 ans;Femmes;2.5;11.8;;2A;94
2022;Corse;Corse-du-Sud;65 ans et plus;Femmes;2.5;11.2;;2A;94
2022;Corse;Corse-du-Sud;00-17 ans;Hommes et Femmes;0.0;0.0;;2A;94
2022;Corse;Corse-du-Sud;65 ans et plus;Hommes et Femmes;6.0;14.7;;2A;94
2022;Corse;Corse-du-Sud;Tous;Hommes et Femmes;17.0;10.2;9.8;2A;94
2023;Corse;Corse-du-Sud;18-24 ans;Hommes;0.0;0.0;;2A;94
2023;Corse;Corse-du-Sud;45-64 ans;Hommes;5.0;22.6;;2A;94
2023;Corse;Corse-du-Sud;Tous;Hommes;12.5;15.4;14.7;2A;94
2023;Corse;Corse-du-Sud;00-17 ans;Femmes;0.0;0.0;;2A;94
2023;Corse;Corse-du-Sud;25-44 ans;Hommes et Femmes;6.0;14.7;;2A;94
2023;Corse;Corse-du-Sud;45-64 ans;Hommes et Femmes;7.5;16.8;;2A;94
2023;Corse;Corse-du-Sud;Tous;Hommes et Femmes;21.0;12.5;9.9;2A;94
2019;Corse;Haute-Corse;18-24 ans;Hommes;2.5;36.2;;2B;94
2019;Corse;Haute-Corse;45-64 ans;Hommes;2.5;10.3;;2B;94
2019;Corse;Haute-Corse;65 ans et plus;Hommes;7.0;36.6;;2B;94
2019;Corse;Haute-Corse;Tous;Hommes;10.0;11.2;10.3;2B;94
2019;Corse;Haute-Corse;25-44 ans;Femmes;0.0;0.0;;2B;94
2019;Corse;Haute-Corse;45-64 ans;Femmes;2.5;10.1;;2B;94
2019;Corse;Haute-Corse;Tous;Femmes;2.5;2.7;4.2;2B;94
2019;Corse;Haute-Corse;25-44 ans;Hommes et Femmes;0.0;0.0;;2B;94
2020;Corse;Haute-Corse;00-17 ans;Hommes;0.0;0.0;;2B;94
2020;Corse;Haute-Corse;18-24 ans;Femmes;0.0;0.0;;2B;94
2020;Corse;Haute-Corse;65 ans et plus;Femmes;2.5;10.6;;2B;94
2021;Corse;Haute-Corse;00-17 ans;Hommes et Femmes;0.0;0.0;;2B;94
2021;Corse;Haute-Corse;Tous;Hommes et Femmes;7.5;4.1;5.3;2B;94
2022;Corse;Haute-Corse;18-24 ans;Hommes;0.0;0.0;;2B;94
2022;Corse;Haute-Corse;65 ans et plus;Hommes;2.5;12.1;;2B;94
2022;Corse;Haute-Corse;Tous;Hommes;19.5;21.6;21.2;2B;94
2022;Corse;Haute-Corse;18-24 ans;Femmes;0.0;0.0;;2B;94
2022;Corse;Haute-Corse;25-44 ans;Femmes;2.5;11.3;;2B;94
2022;Corse;Haute-Corse;65 ans et plus;Femmes;2.5;10.1;;2B;94
2022;Corse;Haute-Corse;Tous;Hommes et Femmes;25.5;13.8;13.3;2B;94
2023;Corse;Haute-Corse;25-44 ans;Hommes;2.5;11.7;;2B;94
2023;Corse;Haute-Corse;45-64 ans;Hommes;5.0;20.3;;2B;94
2023;Corse;Haute-Corse;Tous;Femmes;5.0;5.2;4.8;2B;94
2023;Corse;Haute-Corse;18-24 ans;Hommes et Femmes;0.0;0.0;;2B;94
2023;Corse;Haute-Corse;45-64 ans;Hommes et Femmes;7.5;14.8;;2B;94
2023;Corse;Haute-Corse;65 ans et plus;Hommes et Femmes;8.5;18.4;;2B;94
2023;Corse;Haute-Corse;Tous;Hommes et Femmes;18.5;9.9;9.3;2B;94
2019;Occitanie;Gard;00-17 ans;Hommes;0.0;0.0;;30;76
2019;Occitanie;Gard;25-44 ans;Hommes;10.0;12.7;;30;76
2019;Occitanie;Gard;Tous;Hommes;63.5;17.6;16.7;30;76
2019;Occitanie;Gard;00-17 ans;Femmes;2.5;3.3;;30;76
2019;Occitanie;Gard;25-44 ans;Femmes;2.5;3.0;;30;76
2019;Occitanie;Gard;Tous;Femmes;23.0;5.9;5.7;30;76
2019;Occitanie;Gard;18-24 ans;Hommes et Femmes;2.5;4.7;;30;76
2019;Occitanie;Gard;25-44 ans;Hommes et Femmes;12.5;7.7;;30;76
2019;Occitanie;Gard;45-64 ans;Hommes et Femmes;34.0;16.6;;30;76
2019;Occitanie;Gard;65 ans et plus;Hommes et Femmes;35.0;20.2;;30;76
2019;Occitanie;Gard;Tous;Hommes et Femmes;86.5;11.6;11.0;30;76
2020;Occitanie;Gard;00-17 ans;Hommes;0.0;0.0;;30;76
2020;Occitanie;Gard;25-44 ans;Hommes;20.0;25.7;;30;76
2020;Occitanie;Gard;Tous;Hommes;73.5;20.3;19.9;30;76
2020;Occitanie;Gard;45-64 ans;Femmes;12.0;11.3;;30;76
2020;Occitanie;Gard;65 ans et plus;Femmes;5.0;5.0;;30;76
2021;Occitanie;Gard;00-17 ans;Hommes;2.5;3.1;;30;76
2021;Occitanie;Gard;18-24 ans;Hommes;0.0;0.0;;30;76
2021;Occitanie;Gard;18-24 ans;Femmes;2.5;9.5;;30;76
2021;Occitanie;Gard;Tous;Hommes et Femmes;92.5;12.2;11.5;30;76
2022;Occitanie;Gard;00-17 ans;Hommes;0.0;0.0;;30;76
2022;Occitanie;Gard;18-24 ans;Hommes;2.5;8.6;;30;76
2022;Occitanie;Gard;Tous;Hommes;80.5;21.8;21.1;30;76
2022;Occitanie;Gard;00-17 ans;Femmes;0.0;0.0;;30;76
2022;Occitanie;Gard;Tous;Femmes;31.5;8.0;7.6;30;76
2022;Occitanie;Gard;18-24 ans;Hommes et Femmes;5.0;9.0;;30;76
2022;Occitanie;Gard;25-44 ans;Hommes et Femmes;24.0;14.6;;30;76
2023;Occitanie;Gard;18-24 ans;Hommes;2.5;8.5;;30;76
2023;Occitanie;Gard;00-17 ans;Femmes;2.5;3.3;;30;76
2023;Occitanie;Gard;25-44 ans;Femmes;6.0;7.1;;30;76
2019;Occitanie;Haute-Garonne;00-17 ans;Hommes;2.5;1.7;;31;76
2019;Occitanie;Haute-Garonne;00-17 ans;Femmes;2.5;1.7;;31;76
2019;Occitanie;Haute-Garonne;18-24 ans;Femmes;2.5;3.4;;31;76
2019;Occitanie;Haute-Garonne;Tous;Hommes et Femmes;130.0;9.3;9.7;31;76
2020;Occitanie;Haute-Garonne;18-24 ans;Hommes;10.0;14.1;;31;76
2020;Occitanie;Haute-Garonne;Tous;Femmes;34.0;4.7;5.0;31;76
2020;Occitanie;Haute-Garonne;00-17 ans;Hommes et Femmes;2.5;0.8;;31;76
2021;Occitanie;Haute-Garonne;45-64 ans;Hommes;41.0;23.9;;31;76
2021;Occitanie;Haute-Garonne;Tous;Hommes;101.0;14.4;15.6;31;76
2021;Occitanie;Haute-Garonne;00-17 ans;Femmes;2.5;1.7;;31;76
2021;Occitanie;Haute-Garonne;65 ans et plus;Femmes;9.0;6.5;;31;76
2021;Occitanie;Haute-Garonne;Tous;Femmes;34.0;4.6;4.7;31;76
2021;Occitanie;Haute-Garonne;00-17 ans;Hommes et Femmes;2.5;0.8;;31;76
2021;Occitanie;Haute-Garonne;Tous;Hommes et Femmes;135.0;9.4;10.0;31;76
2022;Occitanie;Haute-Garonne;45-64 ans;Hommes;32.0;18.5;;31;76
2022;Occitanie;Haute-Garonne;Tous;Hommes;112.5;15.8;16.5;31;76
2022;Occitanie;Haute-Garonne;18-24 ans;Femmes;5.0;6.8;;31;76
2022;Occitanie;Haute-Garonne;25-44 ans;Hommes et Femmes;44.0;10.9;;31;76
2023;Occitanie;Haute-Garonne;Tous;Hommes;112.0;15.6;16.7;31;76
2023;Occitanie;Haute-Garonne;18-24 ans;Femmes;7.0;9.4;;31;76
2023;Occitanie;Haute-Garonne;45-64 ans;Femmes;15.0;8.3;;31;76
2023;Occitanie;Haute-Garonne;65 ans et plus;Femmes;13.0;9.0;;31;76
2019;Occitanie;Gers;18-24 ans;Hommes;0.0;0.0;;32;76
2019;Occitanie;Gers;65 ans et plus;Hommes;7.0;29.3;;32;76
2019;Occitanie;Gers;Tous;Hommes;12.0;12.9;13.0;32;76
2019;Occitanie;Gers;65 ans et plus;Femmes;2.5;8.6;;32;76
2019;Occitanie;Gers;Tous;Femmes;2.5;2.5;3.8;32;76
2019;Occitanie;Gers;00-17 ans;Hommes et Femmes;0.0;0.0;;32;76
2019;Occitanie;Gers;25-44 ans;Hommes et Femmes;2.5;6.8;;32;76
2020;Occitanie;Gers;25-44 ans;Hommes;2.5;14.1;;32;76
2020;Occitanie;Gers;25-44 ans;Femmes;2.5;13.5;;32;76
2020;Occitanie;Gers;00-17 ans;Hommes et Femmes;0.0;0.0;;32;76
2020;Occitanie;Gers;18-24 ans;Hommes et Femmes;0.0;0.0;;32;76
2020;Occitanie;Gers;45-64 ans;Hommes et Femmes;7.5;13.4;;32;76
2020;Occitanie;Gers;65 ans et plus;Hommes et Femmes;13.5;25.0;;32;76
2021;Occitanie;Gers;45-64 ans;Hommes;7.0;25.5;;32;76
2021;Occitanie;Gers;00-17 ans;Femmes;0.0;0.0;;32;76
2021;Occitanie;Gers;65 ans et plus;Femmes;2.5;8.4;;32;76
2022;Occitanie;Gers;18-24 ans;Femmes;0.0;0.0;;32;76
2022;Occitanie;Gers;65 ans et plus;Femmes;2.5;8.3;;32;76
2022;Occitanie;Gers;25-44 ans;Hommes et Femmes;2.5;6.8;;32;76
2022;Occitanie;Gers;65 ans et plus;Hommes et Femmes;8.5;15.4;;32;76
2023;Occitanie;Gers;18-24 ans;Hommes;0.0;0.0;;32;76
2023;Occitanie;Gers;45-64 ans;Hommes;16.0;59.4;;32;76
2023;Occitanie;Gers;Tous;Hommes;29.5;31.4;27.7;32;76
2023;Occitanie;Gers;25-44 ans;Femmes;2.5;13.4;;32;76
2023;Occitanie;Gers;00-17 ans;Hommes et Femmes;0.0;0.0;;32;76
2019;Nouvelle Aquitaine;Gironde;18-24 ans;Hommes;5.0;6.9;;33;75
2019;Nouvelle Aquitaine;Gironde;25-44 ans;Hommes;36.0;17.8;;33;75
2019;Nouvelle Aquitaine;Gironde;Tous;Hommes;127.5;16.4;16.6;33;75
2019;Nouvelle Aquitaine;Gironde;18-24 ans;Femmes;2.5;3.3;;33;75
2019;Nouvelle Aquitaine;Gironde;Tous;Femmes;48.0;5.7;5.8;33;75
2019;Nouvelle Aquitaine;Gironde;65 ans et plus;Hommes et Femmes;61.0;19.5;;33;75
2020;Nouvelle Aquitaine;Gironde;00-17 ans;Femmes;0.0;0.0;;33;75
2020;Nouvelle Aquitaine;Gironde;25-44 ans;Femmes;9.0;4.2;;33;75
2020;Nouvelle Aquitaine;Gironde;65 ans et plus;Femmes;15.0;8.1;;33;75
2020;Nouvelle Aquitaine;Gironde;18-24 ans;Hommes et Femmes;7.0;4.7;;33;75
2020;Nouvelle Aquitaine;Gironde;25-44 ans;Hommes et Femmes;32.0;7.7;;33;75
2020;Nouvelle Aquitaine;Gironde;45-64 ans;Hommes et Femmes;54.0;12.9;;33;75
2020;Nouvelle Aquitaine;Gironde;65 ans et plus;Hommes et Femmes;69.0;21.5;;33;75
2020;Nouvelle Aquitaine;Gironde;Tous;Hommes et Femmes;164.5;10.1;10.2;33;75
2021;Nouvelle Aquitaine;Gironde;00-17 ans;Hommes;2.5;1.5;;33;75
2021;Nouvelle Aquitaine;Gironde;65 ans et plus;Hommes;54.0;38.6;;33;75
2021;Nouvelle Aquitaine;Gironde;45-64 ans;Femmes;22.0;10.1;;33;75
2021;Nouvelle Aquitaine;Gironde;Tous;Femmes;48.0;5.6;5.6;33;75
2021;Nouvelle Aquitaine;Gironde;00-17 ans;Hommes et Femmes;2.5;0.7;;33;75
2022;Nouvelle Aquitaine;Gironde;00-17 ans;Hommes;2.5;1.5;;33;75
2022;Nouvelle Aquitaine;Gironde;45-64 ans;Hommes;54.0;26.4;;33;75
2022;Nouvelle Aquitaine;Gironde;65 ans et plus;Hommes;43.0;30.2;;33;75
2022;Nouvelle Aquitaine;Gironde;00-17 ans;Hommes et Femmes;2.5;0.7;;33;75
2023;Nouvelle Aquitaine;Gironde;18-24 ans;Hommes;2.5;3.3;;33;75
2023;Nouvelle Aquitaine;Gironde;25-44 ans;Hommes;38.0;17.8;;33;75
2023;Nouvelle Aquitaine;Gironde;65 ans et plus;Hommes;46.0;31.7;;33;75
2023;Nouvelle Aquitaine;Gironde;00-17 ans;Hommes et Femmes;2.5;0.7;;33;75
2019;Occitanie;Hérault;18-24 ans;Hommes;2.5;4.7;;34;76
2019;Occitanie;Hérault;25-44 ans;Hommes;20.0;14.7;;34;76
2019;Occitanie;Hérault;Tous;Hommes;102.0;18.2;18.2;34;76
2019;Occitanie;Hérault;18-24 ans;Femmes;2.5;4.6;;34;76
2019;Occitanie;Hérault;18-24 ans;Hommes et Femmes;2.5;2.3;;34;76
2020;Occitanie;Hérault;00-17 ans;Hommes;0.0;0.0;;34;76
2020;Occitanie;Hérault;18-24 ans;Hommes;9.0;16.6;;34;76
2020;Occitanie;Hérault;00-17 ans;Femmes;2.5;2.1;;34;76
2020;Occitanie;Hérault;65 ans et plus;Femmes;15.0;10.2;;34;76
2020;Occitanie;Hérault;18-24 ans;Hommes et Femmes;11.5;10.6;;34;76
2020;Occitanie;Hérault;25-44 ans;Hommes et Femmes;23.0;8.1;;34;76
2020;Occitanie;Hérault;45-64 ans;Hommes et Femmes;49.0;16.5;;34;76
2021;Occitanie;Hérault;00-17 ans;Hommes;0.0;0.0;;34;76
2021;Occitanie;Hérault;45-64 ans;Hommes;34.0;23.9;;34;76
2021;Occitanie;Hérault;00-17 ans;Femmes;2.5;2.1;;34;76
2021;Occitanie;Hérault;65 ans et plus;Femmes;16.0;10.6;;34;76
2021;Occitanie;Hérault;Tous;Femmes;43.5;6.9;6.6;34;76
2021;Occitanie;Hérault;00-17 ans;Hommes et Femmes;2.5;1.0;;34;76
2022;Occitanie;Hérault;00-17 ans;Hommes;2.5;2.0;;34;76
2022;Occitanie;Hérault;18-24 ans;Hommes;7.0;13.1;;34;76
2022;Occitanie;Hérault;Tous;Hommes;117.5;20.2;19.6;34;76
2022;Occitanie;Hérault;25-44 ans;Femmes;7.0;4.7;;34;76
2022;Occitanie;Hérault;65 ans et plus;Femmes;18.0;11.6;;34;76
2022;Occitanie;Hérault;Tous;Femmes;48.0;7.5;7.5;34;76
2022;Occitanie;Hérault;65 ans et plus;Hommes et Femmes;66.0;24.1;;34;76
2023;Occitanie;Hérault;25-44 ans;Hommes;26.0;18.1;;34;76
2023;Occitanie;Hérault;65 ans et plus;Hommes;46.0;38.2;;34;76
2023;Occitanie;Hérault;00-17 ans;Femmes;0.0;0.0;;34;76
2023;Occitanie;Hérault;25-44 ans;Hommes et Femmes;35.0;11.9;;34;76
2019;Bretagne;Ille-et-Vilaine;00-17 ans;Hommes;0.0;0.0;;35;53
2019;Bretagne;Ille-et-Vilaine;Tous;Hommes;156.0;29.6;31.3;35;53
2019;Bretagne;Ille-et-Vilaine;00-17 ans;Femmes;0.0;0.0;;35;53
2019;Bretagne;Ille-et-Vilaine;18-24 ans;Hommes et Femmes;9.5;9.2;;35;53
2019;Bretagne;Ille-et-Vilaine;25-44 ans;Hommes et Femmes;44.0;16.3;;35;53
2019;Bretagne;Ille-et-Vilaine;45-64 ans;Hommes et Femmes;84.0;31.3;;35;53
2020;Bretagne;Ille-et-Vilaine;45-64 ans;Hommes;50.0;37.2;;35;53
2020;Bretagne;Ille-et-Vilaine;00-17 ans;Femmes;2.5;2.1;;35;53
2020;Bretagne;Ille-et-Vilaine;Tous;Femmes;52.0;9.3;9.8;35;53
2020;Bretagne;Ille-et-Vilaine;00-17 ans;Hommes et Femmes;2.5;1.0;;35;53
2020;Bretagne;Ille-et-Vilaine;18-24 ans;Hommes et Femmes;2.5;2.4;;35;53
2020;Bretagne;Ille-et-Vilaine;25-44 ans;Hommes et Femmes;54.0;19.9;;35;53
2020;Bretagne;Ille-et-Vilaine;Tous;Hommes et Femmes;193.0;17.7;18.6;35;53
2021;Bretagne;Ille-et-Vilaine;45-64 ans;Hommes;66.0;48.9;;35;53
2021;Bretagne;Ille-et-Vilaine;00-17 ans;Femmes;0.0;0.0;;35;53
2021;Bretagne;Ille-et-Vilaine;00-17 ans;Hommes et Femmes;2.5;1.0;;35;53
2021;Bretagne;Ille-et-Vilaine;25-44 ans;Hommes et Femmes;46.0;16.7;;35;53
2021;Bretagne;Ille-et-Vilaine;Tous;Hommes et Femmes;200.0;18.2;18.8;35;53
2022;Bretagne;Ille-et-Vilaine;00-17 ans;Femmes;2.5;2.1;;35;53
2022;Bretagne;Ille-et-Vilaine;25-44 ans;Femmes;9.0;6.4;;35;53
2022;Bretagne;Ille-et-Vilaine;18-24 ans;Hommes et Femmes;7.0;6.7;;35;53
2023;Bretagne;Ille-et-Vilaine;Tous;Hommes;148.5;27.2;28.4;35;53
2023;Bretagne;Ille-et-Vilaine;00-17 ans;Femmes;0.0;0.0;;35;53
2023;Bretagne;Ille-et-Vilaine;Tous;Femmes;34.5;6.0;6.1;35;53
2023;Bretagne;Ille-et-Vilaine;65 ans et plus;Hommes et Femmes;57.0;27.2;;35;53
2019;Centre-Val de Loire;Indre;18-24 ans;Hommes;0.0;0.0;;36;24
2019;Centre-Val de Loire;Indre;25-44 ans;Femmes;2.5;11.8;;36;24
2019;Centre-Val de Loire;Indre;45-64 ans;Femmes;2.5;8.0;;36;24
2019;Centre-Val de Loire;Indre;Tous;Femmes;13.0;11.5;10.1;36;24
2019;Centre-Val de Loire;Indre;00-17 ans;Hommes et Femmes;0.0;0.0;;36;24
2019;Centre-Val de Loire;Indre;45-64 ans;Hommes et Femmes;15.5;25.0;;36;24
2020;Centre-Val de Loire;Indre;45-64 ans;Hommes;5.0;16.4;;36;24
2020;Centre-Val de Loire;Indre;Tous;Hommes;33.0;31.2;27.1;36;24
2020;Centre-Val de Loire;Indre;18-24 ans;Femmes;0.0;0.0;;36;24
2020;Centre-Val de Loire;Indre;45-64 ans;Femmes;2.5;8.0;;36;24
2020;Centre-Val de Loire;Indre;Tous;Femmes;8.5;7.5;4.8;36;24
2020;Centre-Val de Loire;Indre;25-44 ans;Hommes et Femmes;7.0;16.9;;36;24
2020;Centre-Val de Loire;Indre;45-64 ans;Hommes et Femmes;7.5;12.1;;36;24
2021;Centre-Val de Loire;Indre;18-24 ans;Hommes;0.0;0.0;;36;24
2021;Centre-Val de Loire;Indre;45-64 ans;Hommes;5.0;16.6;;36;24
2021;Centre-Val de Loire;Indre;65 ans et plus;Hommes;13.0;47.4;;36;24
2021;Centre-Val de Loire;Indre;65 ans et plus;Femmes;2.5;7.1;;36;24
2021;Centre-Val de Loire;Indre;18-24 ans;Hommes et Femmes;0.0;0.0;;36;24
2022;Centre-Val de Loire;Indre;18-24 ans;Femmes;0.0;0.0;;36;24
2022;Centre-Val de Loire;Indre;25-44 ans;Femmes;0.0;0.0;;36;24
2022;Centre-Val de Loire;Indre;Tous;Femmes;2.5;2.2;2.8;36;24
2023;Centre-Val de Loire;Indre;65 ans et plus;Hommes;18.0;64.7;;36;24
2023;Centre-Val de Loire;Indre;Tous;Hommes;39.5;37.9;34.3;36;24
2023;Centre-Val de Loire;Indre;25-44 ans;Hommes et Femmes;11.5;27.9;;36;24
2023;Centre-Val de Loire;Indre;Tous;Hommes et Femmes;52.0;24.1;22.1;36;24
2019;Centre-Val de Loire;Indre-et-Loire;00-17 ans;Hommes;2.5;3.9;;37;24
2019;Centre-Val de Loire;Indre-et-Loire;45-64 ans;Hommes;25.0;32.3;;37;24
2019;Centre-Val de Loire;Indre-et-Loire;65 ans et plus;Hommes;28.0;49.5;;37;24
2019;Centre-Val de Loire;Indre-et-Loire;45-64 ans;Femmes;5.0;6.2;;37;24
2019;Centre-Val de Loire;Indre-et-Loire;Tous;Hommes et Femmes;96.0;15.7;15.6;37;24
2020;Centre-Val de Loire;Indre-et-Loire;18-24 ans;Hommes;2.5;9.5;;37;24
2020;Centre-Val de Loire;Indre-et-Loire;45-64 ans;Hommes;25.0;32.4;;37;24
2020;Centre-Val de Loire;Indre-et-Loire;18-24 ans;Femmes;0.0;0.0;;37;24
2020;Centre-Val de Loire;Indre-et-Loire;Tous;Femmes;20.0;6.3;6.6;37;24
2020;Centre-Val de Loire;Indre-et-Loire;00-17 ans;Hommes et Femmes;2.5;2.0;;37;24
2020;Centre-Val de Loire;Indre-et-Loire;18-24 ans;Hommes et Femmes;2.5;4.7;;37;24
2021;Centre-Val de Loire;Indre-et-Loire;25-44 ans;Hommes;18.0;26.1;;37;24
2021;Centre-Val de Loire;Indre-et-Loire;45-64 ans;Hommes;27.0;35.4;;37;24
2021;Centre-Val de Loire;Indre-et-Loire;Tous;Hommes;82.0;27.9;27.4;37;24
2021;Centre-Val de Loire;Indre-et-Loire;65 ans et plus;Hommes et Femmes;41.0;29.8;;37;24
2022;Centre-Val de Loire;Indre-et-Loire;00-17 ans;Hommes;0.0;0.0;;37;24
2022;Centre-Val de Loire;Indre-et-Loire;45-64 ans;Hommes;16.0;21.1;;37;24
2022;Centre-Val de Loire;Indre-et-Loire;65 ans et plus;Hommes;34.0;56.5;;37;24
2022;Centre-Val de Loire;Indre-et-Loire;Tous;Hommes;76.0;25.7;25.1;37;24
2022;Centre-Val de Loire;Indre-et-Loire;25-44 ans;Femmes;2.5;3.5;;37;24
2022;Centre-Val de Loire;Indre-et-Loire;Tous;Femmes;18.0;5.6;5.5;37;24
2022;Centre-Val de Loire;Indre-et-Loire;45-64 ans;Hommes et Femmes;24.0;15.4;;37;24
2022;Centre-Val de Loire;Indre-et-Loire;65 ans et plus;Hommes et Femmes;39.0;27.9;;37;24
2023;Centre-Val de Loire;Indre-et-Loire;00-17 ans;Hommes;2.5;4.0;;37;24
2023;Centre-Val de Loire;Indre-et-Loire;18-24 ans;Hommes;2.5;9.6;;37;24
2023;Centre-Val de Loire;Indre-et-Loire;Tous;Femmes;17.0;5.3;5.1;37;24
2023;Centre-Val de Loire;Indre-et-Loire;18-24 ans;Hommes et Femmes;2.5;4.7;;37;24
2023;Centre-Val de Loire;Indre-et-Loire;45-64 ans;Hommes et Femmes;27.5;17.7;;37;24
2023;Centre-Val de Loire;Indre-et-Loire;Tous;Hommes et Femmes;75.0;12.1;12.0;37;24
2019;Auvergne et Rhône-Alpes;Isère;00-17 ans;Hommes;0.0;0.0;;38;84
2019;Auvergne et Rhône-Alpes;Isère;18-24 ans;Hommes;5.0;8.7;;38;84
2019;Auvergne et Rhône-Alpes;Isère;45-64 ans;Hommes;30.0;18.5;;38;84
2019;Auvergne et Rhône-Alpes;Isère;00-17 ans;Femmes;0.0;0.0;;38;84
2019;Auvergne et Rhône-Alpes;Isère;25-44 ans;Femmes;5.0;3.2;;38;84
2019;Auvergne et Rhône-Alpes;Isère;45-64 ans;Femmes;15.0;9.0;;38;84
2019;Auvergne et Rhône-Alpes;Isère;Tous;Femmes;37.5;5.8;6.0;38;84
2019;Auvergne et Rhône-Alpes;Isère;45-64 ans;Hommes et Femmes;45.0;13.7;;38;84
2019;Auvergne et Rhône-Alpes;Isère;65 ans et plus;Hommes et Femmes;44.0;18.7;;38;84
2020;Auvergne et Rhône-Alpes;Isère;18-24 ans;Hommes;8.0;13.8;;38;84
2020;Auvergne et Rhône-Alpes;Isère;25-44 ans;Hommes;31.0;20.4;;38;84
2020;Auvergne et Rhône-Alpes;Isère;45-64 ans;Hommes;41.0;25.2;;38;84
2020;Auvergne et Rhône-Alpes;Isère;18-24 ans;Femmes;0.0;0.0;;38;84
2020;Auvergne et Rhône-Alpes;Isère;25-44 ans;Femmes;8.0;5.1;;38;84
2020;Auvergne et Rhône-Alpes;Isère;45-64 ans;Femmes;12.0;7.2;;38;84
2020;Auvergne et Rhône-Alpes;Isère;Tous;Femmes;39.5;6.1;6.1;38;84
2020;Auvergne et Rhône-Alpes;Isère;25-44 ans;Hommes et Femmes;39.0;12.7;;38;84
2021;Auvergne et Rhône-Alpes;Isère;18-24 ans;Femmes;2.5;4.8;;38;84
2021;Auvergne et Rhône-Alpes;Isère;45-64 ans;Femmes;17.0;10.2;;38;84
2021;Auvergne et Rhône-Alpes;Isère;65 ans et plus;Hommes et Femmes;35.0;14.3;;38;84
2021;Auvergne et Rhône-Alpes;Isère;Tous;Hommes et Femmes;139.0;10.8;11.0;38;84
2022;Auvergne et Rhône-Alpes;Isère;18-24 ans;Hommes;2.5;4.3;;38;84
2022;Auvergne et Rhône-Alpes;Isère;25-44 ans;Hommes;36.0;23.0;;38;84
2022;Auvergne et Rhône-Alpes;Isère;45-64 ans;Hommes;41.0;25.1;;38;84
2022;Auvergne et Rhône-Alpes;Isère;00-17 ans;Femmes;2.5;1.8;;38;84
2022;Auvergne et Rhône-Alpes;Isère;25-44 ans;Femmes;6.0;3.8;;38;84
2022;Auvergne et Rhône-Alpes;Isère;65 ans et plus;Femmes;19.0;13.6;;38;84
2022;Auvergne et Rhône-Alpes;Isère;00-17 ans;Hommes et Femmes;2.5;0.9;;38;84
2022;Auvergne et Rhône-Alpes;Isère;45-64 ans;Hommes et Femmes;65.0;19.7;;38;84
2023;Auvergne et Rhône-Alpes;Isère;Tous;Hommes;121.0;19.0;19.6;38;84
2023;Auvergne et Rhône-Alpes;Isère;00-17 ans;Femmes;2.5;1.8;;38;84
2023;Auvergne et Rhône-Alpes;Isère;45-64 ans;Femmes;21.0;12.6;;38;84
2023;Auvergne et Rhône-Alpes;Isère;65 ans et plus;Femmes;12.0;8.5;;38;84
2023;Auvergne et Rhône-Alpes;Isère;Tous;Femmes;48.0;7.3;7.4;38;84
2023;Auvergne et Rhône-Alpes;Isère;00-17 ans;Hommes et Femmes;6.0;2.1;;38;84
2023;Auvergne et Rhône-Alpes;Isère;45-64 ans;Hommes et Femmes;64.0;19.4;;38;84
2019;Bourgogne et Franche-Comté;Jura;00-17 ans;Hommes;0.0;0.0;;39;27
2019;Bourgogne et Franche-Comté;Jura;Tous;Hommes;26.0;20.6;19.9;39;27
2019;Bourgogne et Franche-Comté;Jura;18-24 ans;Femmes;0.0;0.0;;39;27
2019;Bourgogne et Franche-Comté;Jura;25-44 ans;Femmes;2.5;8.9;;39;27
2019;Bourgogne et Franche-Comté;Jura;45-64 ans;Femmes;0.0;0.0;;39;27
2019;Bourgogne et Franche-Comté;Jura;Tous;Femmes;2.5;1.9;3.6;39;27
2020;Bourgogne et Franche-Comté;Jura;00-17 ans;Hommes;0.0;0.0;;39;27
2020;Bourgogne et Franche-Comté;Jura;45-64 ans;Hommes;9.0;25.5;;39;27
2020;Bourgogne et Franche-Comté;Jura;65 ans et plus;Hommes;7.0;25.5;;39;27
2020;Bourgogne et Franche-Comté;Jura;Tous;Hommes;23.5;18.6;16.8;39;27
2020;Bourgogne et Franche-Comté;Jura;00-17 ans;Femmes;0.0;0.0;;39;27
2020;Bourgogne et Franche-Comté;Jura;25-44 ans;Femmes;2.5;9.0;;39;27
2020;Bourgogne et Franche-Comté;Jura;45-64 ans;Femmes;0.0;0.0;;39;27
2020;Bourgogne et Franche-Comté;Jura;00-17 ans;Hommes et Femmes;0.0;0.0;;39;27
2020;Bourgogne et Franche-Comté;Jura;65 ans et plus;Hommes et Femmes;12.0;19.2;;39;27
2021;Bourgogne et Franche-Comté;Jura;00-17 ans;Hommes;0.0;0.0;;39;27
2021;Bourgogne et Franche-Comté;Jura;25-44 ans;Hommes;6.0;21.7;;39;27
2021;Bourgogne et Franche-Comté;Jura;45-64 ans;Hommes;18.0;51.2;;39;27
2021;Bourgogne et Franche-Comté;Jura;65 ans et plus;Hommes;11.0;39.9;;39;27
2021;Bourgogne et Franche-Comté;Jura;18-24 ans;Femmes;0.0;0.0;;39;27
2021;Bourgogne et Franche-Comté;Jura;25-44 ans;Femmes;2.5;9.0;;39;27
2021;Bourgogne et Franche-Comté;Jura;Tous;Femmes;11.0;8.3;8.0;39;27
2021;Bourgogne et Franche-Comté;Jura;25-44 ans;Hommes et Femmes;8.5;15.4;;39;27
2021;Bourgogne et Franche-Comté;Jura;65 ans et plus;Hommes et Femmes;13.5;21.6;;39;27
2022;Bourgogne et Franche-Comté;Jura;18-24 ans;Hommes;2.5;27.1;;39;27
2022;Bourgogne et Franche-Comté;Jura;18-24 ans;Femmes;0.0;0.0;;39;27
2022;Bourgogne et Franche-Comté;Jura;25-44 ans;Femmes;0.0;0.0;;39;27
2022;Bourgogne et Franche-Comté;Jura;45-64 ans;Femmes;2.5;7.0;;39;27
2022;Bourgogne et Franche-Comté;Jura;25-44 ans;Hommes et Femmes;8.0;14.3;;39;27
2023;Bourgogne et Franche-Comté;Jura;00-17 ans;Hommes;0.0;0.0;;39;27
2023;Bourgogne et Franche-Comté;Jura;18-24 ans;Hommes;0.0;0.0;;39;27
2023;Bourgogne et Franche-Comté;Jura;65 ans et plus;Hommes;8.0;28.2;;39;27
2023;Bourgogne et Franche-Comté;Jura;Tous;Hommes;34.0;26.9;26.4;39;27
2023;Bourgogne et Franche-Comté;Jura;65 ans et plus;Femmes;2.5;7.0;;39;27
2023;Bourgogne et Franche-Comté;Jura;18-24 ans;Hommes et Femmes;0.0;0.0;;39;27
2023;Bourgogne et Franche-Comté;Jura;45-64 ans;Hommes et Femmes;15.5;22.2;;39;27
2023;Bourgogne et Franche-Comté;Jura;65 ans et plus;Hommes et Femmes;10.5;16.4;;39;27
2019;Nouvelle Aquitaine;Landes;25-44 ans;Hommes;2.5;5.8;;40;75
2019;Nouvelle Aquitaine;Landes;Tous;Hommes;41.0;20.4;18.6;40;75
2019;Nouvelle Aquitaine;Landes;45-64 ans;Femmes;2.5;4.2;;40;75
2019;Nouvelle Aquitaine;Landes;65 ans et plus;Femmes;5.0;8.5;;40;75
2019;Nouvelle Aquitaine;Landes;25-44 ans;Hommes et Femmes;5.0;5.7;;40;75
2020;Nouvelle Aquitaine;Landes;Tous;Hommes;51.0;25.1;22.7;40;75
2020;Nouvelle Aquitaine;Landes;Tous;Femmes;12.0;5.6;5.8;40;75
2021;Nouvelle Aquitaine;Landes;00-17 ans;Hommes;0.0;0.0;;40;75
2021;Nouvelle Aquitaine;Landes;18-24 ans;Hommes;2.5;18.8;;40;75
2021;Nouvelle Aquitaine;Landes;25-44 ans;Hommes;8.0;18.1;;40;75
2021;Nouvelle Aquitaine;Landes;Tous;Femmes;8.0;3.7;3.3;40;75
2022;Nouvelle Aquitaine;Landes;18-24 ans;Hommes;2.5;18.8;;40;75
2022;Nouvelle Aquitaine;Landes;45-64 ans;Hommes;21.0;35.6;;40;75
2022;Nouvelle Aquitaine;Landes;65 ans et plus;Hommes;19.0;38.1;;40;75
2022;Nouvelle Aquitaine;Landes;00-17 ans;Femmes;0.0;0.0;;40;75
2022;Nouvelle Aquitaine;Landes;18-24 ans;Femmes;0.0;0.0;;40;75
2022;Nouvelle Aquitaine;Landes;65 ans et plus;Femmes;5.0;7.9;;40;75
2022;Nouvelle Aquitaine;Landes;00-17 ans;Hommes et Femmes;0.0;0.0;;40;75
2022;Nouvelle Aquitaine;Landes;65 ans et plus;Hommes et Femmes;24.0;21.2;;40;75
2023;Nouvelle Aquitaine;Landes;00-17 ans;Hommes;0.0;0.0;;40;75
2023;Nouvelle Aquitaine;Landes;Tous;Hommes;37.0;17.6;17.2;40;75
2023;Nouvelle Aquitaine;Landes;45-64 ans;Femmes;5.0;8.1;;40;75
2023;Nouvelle Aquitaine;Landes;Tous;Femmes;12.5;5.6;5.0;40;75
2023;Nouvelle Aquitaine;Landes;Tous;Hommes et Femmes;49.5;11.4;10.9;40;75
2019;Centre-Val de Loire;Loir-et-Cher;18-24 ans;Hommes;2.5;22.6;;41;24
2019;Centre-Val de Loire;Loir-et-Cher;65 ans et plus;Hommes;17.0;47.2;;41;24
2019;Centre-Val de Loire;Loir-et-Cher;00-17 ans;Femmes;0.0;0.0;;41;24
2019;Centre-Val de Loire;Loir-et-Cher;65 ans et plus;Femmes;7.0;15.2;;41;24
2019;Centre-Val de Loire;Loir-et-Cher;Tous;Femmes;14.5;8.6;7.6;41;24
2019;Centre-Val de Loire;Loir-et-Cher;18-24 ans;Hommes et Femmes;2.5;12.1;;41;24
2019;Centre-Val de Loire;Loir-et-Cher;25-44 ans;Hommes et Femmes;7.5;10.9;;41;24
2019;Centre-Val de Loire;Loir-et-Cher;65 ans et plus;Hommes et Femmes;24.0;29.2;;41;24
2020;Centre-Val de Loire;Loir-et-Cher;00-17 ans;Hommes;0.0;0.0;;41;24
2020;Centre-Val de Loire;Loir-et-Cher;18-24 ans;Hommes;2.5;22.2;;41;24
2020;Centre-Val de Loire;Loir-et-Cher;25-44 ans;Hommes;11.0;32.8;;41;24
2020;Centre-Val de Loire;Loir-et-Cher;45-64 ans;Hommes;15.0;33.8;;41;24
2020;Centre-Val de Loire;Loir-et-Cher;Tous;Hommes;47.5;29.7;28.1;41;24
2020;Centre-Val de Loire;Loir-et-Cher;00-17 ans;Femmes;0.0;0.0;;41;24
2020;Centre-Val de Loire;Loir-et-Cher;18-24 ans;Femmes;0.0;0.0;;41;24
2020;Centre-Val de Loire;Loir-et-Cher;Tous;Hommes et Femmes;53.5;16.2;15.3;41;24
2021;Centre-Val de Loire;Loir-et-Cher;45-64 ans;Hommes;25.0;57.1;;41;24
2021;Centre-Val de Loire;Loir-et-Cher;Tous;Hommes;49.5;31.0;29.8;41;24
2021;Centre-Val de Loire;Loir-et-Cher;00-17 ans;Femmes;0.0;0.0;;41;24
2021;Centre-Val de Loire;Loir-et-Cher;18-24 ans;Femmes;0.0;0.0;;41;24
2021;Centre-Val de Loire;Loir-et-Cher;25-44 ans;Femmes;0.0;0.0;;41;24
2021;Centre-Val de Loire;Loir-et-Cher;00-17 ans;Hommes et Femmes;0.0;0.0;;41;24
2021;Centre-Val de Loire;Loir-et-Cher;45-64 ans;Hommes et Femmes;34.0;38.1;;41;24
2022;Centre-Val de Loire;Loir-et-Cher;18-24 ans;Hommes;2.5;22.2;;41;24
2022;Centre-Val de Loire;Loir-et-Cher;65 ans et plus;Hommes;25.0;66.4;;41;24
2022;Centre-Val de Loire;Loir-et-Cher;45-64 ans;Femmes;2.5;5.5;;41;24
2022;Centre-Val de Loire;Loir-et-Cher;18-24 ans;Hommes et Femmes;2.5;11.9;;41;24
2022;Centre-Val de Loire;Loir-et-Cher;25-44 ans;Hommes et Femmes;9.5;14.0;;41;24
2023;Centre-Val de Loire;Loir-et-Cher;45-64 ans;Hommes;13.0;30.0;;41;24
2023;Centre-Val de Loire;Loir-et-Cher;Tous;Hommes;44.5;27.9;26.0;41;24
2023;Centre-Val de Loire;Loir-et-Cher;45-64 ans;Femmes;2.5;5.6;;41;24
2019;Auvergne et Rhône-Alpes;Loire;00-17 ans;Hommes;0.0;0.0;;42;84
2019;Auvergne et Rhône-Alpes;Loire;25-44 ans;Hommes;12.0;14.2;;42;84
2019;Auvergne et Rhône-Alpes;Loire;45-64 ans;Hommes;25.0;26.4;;42;84
2019;Auvergne et Rhône-Alpes;Loire;18-24 ans;Femmes;2.5;8.3;;42;84
2019;Auvergne et Rhône-Alpes;Loire;25-44 ans;Femmes;2.5;2.9;;42;84
2019;Auvergne et Rhône-Alpes;Loire;45-64 ans;Hommes et Femmes;38.0;19.6;;42;84
2019;Auvergne et Rhône-Alpes;Loire;Tous;Hommes et Femmes;99.5;13.0;13.1;42;84
2020;Auvergne et Rhône-Alpes;Loire;45-64 ans;Hommes;34.0;35.9;;42;84
2020;Auvergne et Rhône-Alpes;Loire;65 ans et plus;Hommes;31.0;41.5;;42;84
2020;Auvergne et Rhône-Alpes;Loire;18-24 ans;Femmes;0.0;0.0;;42;84
2020;Auvergne et Rhône-Alpes;Loire;45-64 ans;Femmes;14.0;14.1;;42;84
2020;Auvergne et Rhône-Alpes;Loire;65 ans et plus;Femmes;11.0;11.0;;42;84
2020;Auvergne et Rhône-Alpes;Loire;25-44 ans;Hommes et Femmes;24.0;14.1;;42;84
2020;Auvergne et Rhône-Alpes;Loire;45-64 ans;Hommes et Femmes;48.0;24.8;;42;84
2021;Auvergne et Rhône-Alpes;Loire;65 ans et plus;Hommes;30.0;40.0;;42;84
2021;Auvergne et Rhône-Alpes;Loire;00-17 ans;Femmes;0.0;0.0;;42;84
2021;Auvergne et Rhône-Alpes;Loire;45-64 ans;Femmes;7.0;7.1;;42;84
2021;Auvergne et Rhône-Alpes;Loire;Tous;Femmes;30.0;7.6;7.3;42;84
2021;Auvergne et Rhône-Alpes;Loire;00-17 ans;Hommes et Femmes;0.0;0.0;;42;84
2021;Auvergne et Rhône-Alpes;Loire;18-24 ans;Hommes et Femmes;2.5;4.0;;42;84
2021;Auvergne et Rhône-Alpes;Loire;45-64 ans;Hommes et Femmes;40.0;20.7;;42;84
2022;Auvergne et Rhône-Alpes;Loire;00-17 ans;Hommes;2.5;2.9;;42;84
2022;Auvergne et Rhône-Alpes;Loire;18-24 ans;Hommes;2.5;7.7;;42;84
2022;Auvergne et Rhône-Alpes;Loire;Tous;Hommes;86.0;23.0;23.0;42;84
2022;Auvergne et Rhône-Alpes;Loire;18-24 ans;Femmes;0.0;0.0;;42;84
2022;Auvergne et Rhône-Alpes;Loire;45-64 ans;Femmes;18.0;18.5;;42;84
2022;Auvergne et Rhône-Alpes;Loire;Tous;Femmes;33.0;8.3;8.4;42;84
2022;Auvergne et Rhône-Alpes;Loire;25-44 ans;Hommes et Femmes;24.0;13.9;;42;84
2023;Auvergne et Rhône-Alpes;Loire;18-24 ans;Hommes;2.5;7.6;;42;84
2023;Auvergne et Rhône-Alpes;Loire;45-64 ans;Hommes;20.0;21.1;;42;84
2023;Auvergne et Rhône-Alpes;Loire;65 ans et plus;Hommes;23.0;29.8;;42;84
2023;Auvergne et Rhône-Alpes;Loire;18-24 ans;Femmes;2.5;8.2;;42;84
2023;Auvergne et Rhône-Alpes;Loire;18-24 ans;Hommes et Femmes;5.0;7.9;;42;84
2023;Auvergne et Rhône-Alpes;Loire;65 ans et plus;Hommes et Femmes;36.0;20.1;;42;84
2019;Auvergne et Rhône-Alpes;Haute-Loire;18-24 ans;Hommes;0.0;0.0;;43;84
2019;Auvergne et Rhône-Alpes;Haute-Loire;25-44 ans;Hommes;13.0;54.6;;43;84
2019;Auvergne et Rhône-Alpes;Haute-Loire;Tous;Hommes;30.0;26.8;27.9;43;84
2019;Auvergne et Rhône-Alpes;Haute-Loire;18-24 ans;Femmes;0.0;0.0;;43;84
2019;Auvergne et Rhône-Alpes;Haute-Loire;25-44 ans;Femmes;2.5;10.6;;43;84
2019;Auvergne et Rhône-Alpes;Haute-Loire;65 ans et plus;Hommes et Femmes;13.5;24.5;;43;84
2020;Auvergne et Rhône-Alpes;Haute-Loire;45-64 ans;Hommes;8.0;24.9;;43;84
2020;Auvergne et Rhône-Alpes;Haute-Loire;Tous;Hommes;27.0;24.1;23.4;43;84
2020;Auvergne et Rhône-Alpes;Haute-Loire;18-24 ans;Femmes;0.0;0.0;;43;84
2020;Auvergne et Rhône-Alpes;Haute-Loire;45-64 ans;Femmes;8.0;25.1;;43;84
2020;Auvergne et Rhône-Alpes;Haute-Loire;25-44 ans;Hommes et Femmes;11.5;24.6;;43;84
2020;Auvergne et Rhône-Alpes;Haute-Loire;45-64 ans;Hommes et Femmes;16.0;25.0;;43;84
2020;Auvergne et Rhône-Alpes;Haute-Loire;65 ans et plus;Hommes et Femmes;12.5;22.2;;43;84
2020;Auvergne et Rhône-Alpes;Haute-Loire;Tous;Hommes et Femmes;41.0;18.0;17.9;43;84
2021;Auvergne et Rhône-Alpes;Haute-Loire;18-24 ans;Hommes;2.5;30.5;;43;84
2021;Auvergne et Rhône-Alpes;Haute-Loire;65 ans et plus;Hommes;12.0;47.2;;43;84
2021;Auvergne et Rhône-Alpes;Haute-Loire;18-24 ans;Femmes;0.0;0.0;;43;84
2021;Auvergne et Rhône-Alpes;Haute-Loire;18-24 ans;Hommes et Femmes;2.5;16.5;;43;84
2021;Auvergne et Rhône-Alpes;Haute-Loire;65 ans et plus;Hommes et Femmes;14.5;25.3;;43;84
2021;Auvergne et Rhône-Alpes;Haute-Loire;Tous;Hommes et Femmes;48.5;21.3;20.2;43;84
2022;Auvergne et Rhône-Alpes;Haute-Loire;00-17 ans;Hommes;0.0;0.0;;43;84
2022;Auvergne et Rhône-Alpes;Haute-Loire;18-24 ans;Hommes;2.5;31.1;;43;84
2022;Auvergne et Rhône-Alpes;Haute-Loire;Tous;Hommes;43.0;38.2;37.7;43;84
2022;Auvergne et Rhône-Alpes;Haute-Loire;18-24 ans;Femmes;0.0;0.0;;43;84
2022;Auvergne et Rhône-Alpes;Haute-Loire;45-64 ans;Femmes;6.0;19.0;;43;84
2022;Auvergne et Rhône-Alpes;Haute-Loire;25-44 ans;Hommes et Femmes;18.0;38.2;;43;84
2022;Auvergne et Rhône-Alpes;Haute-Loire;65 ans et plus;Hommes et Femmes;16.0;27.7;;43;84
2023;Auvergne et Rhône-Alpes;Haute-Loire;00-17 ans;Hommes;0.0;0.0;;43;84
2023;Auvergne et Rhône-Alpes;Haute-Loire;65 ans et plus;Femmes;2.5;7.7;;43;84
2023;Auvergne et Rhône-Alpes;Haute-Loire;Tous;Femmes;6.0;5.2;4.5;43;84
2023;Auvergne et Rhône-Alpes;Haute-Loire;18-24 ans;Hommes et Femmes;0.0;0.0;;43;84
2019;Pays de la Loire;Loire-Atlantique;18-24 ans;Hommes;5.0;8.0;;44;52
2019;Pays de la Loire;Loire-Atlantique;65 ans et plus;Hommes;48.0;43.5;;44;52
2019;Pays de la Loire;Loire-Atlantique;Tous;Hommes;166.5;24.0;24.9;44;52
2019;Pays de la Loire;Loire-Atlantique;00-17 ans;Femmes;2.5;1.6;;44;52
2019;Pays de la Loire;Loire-Atlantique;65 ans et plus;Hommes et Femmes;67.0;25.5;;44;52
2020;Pays de la Loire;Loire-Atlantique;00-17 ans;Hommes;2.5;1.5;;44;52
2020;Pays de la Loire;Loire-Atlantique;45-64 ans;Hommes;65.0;36.8;;44;52
2020;Pays de la Loire;Loire-Atlantique;45-64 ans;Femmes;19.0;10.3;;44;52
2020;Pays de la Loire;Loire-Atlantique;00-17 ans;Hommes et Femmes;2.5;0.8;;44;52
2020;Pays de la Loire;Loire-Atlantique;18-24 ans;Hommes et Femmes;7.5;6.0;;44;52
2020;Pays de la Loire;Loire-Atlantique;45-64 ans;Hommes et Femmes;84.0;23.3;;44;52
2020;Pays de la Loire;Loire-Atlantique;Tous;Hommes et Femmes;212.0;14.7;15.3;44;52
2021;Pays de la Loire;Loire-Atlantique;18-24 ans;Hommes;2.5;3.9;;44;52
2021;Pays de la Loire;Loire-Atlantique;45-64 ans;Hommes;59.0;33.3;;44;52
2021;Pays de la Loire;Loire-Atlantique;18-24 ans;Femmes;2.5;4.1;;44;52
2021;Pays de la Loire;Loire-Atlantique;45-64 ans;Femmes;16.0;8.7;;44;52
2021;Pays de la Loire;Loire-Atlantique;25-44 ans;Hommes et Femmes;44.0;11.9;;44;52
2022;Pays de la Loire;Loire-Atlantique;Tous;Hommes;143.5;20.0;20.7;44;52
2022;Pays de la Loire;Loire-Atlantique;00-17 ans;Femmes;0.0;0.0;;44;52
2022;Pays de la Loire;Loire-Atlantique;18-24 ans;Femmes;2.5;4.1;;44;52
2022;Pays de la Loire;Loire-Atlantique;Tous;Femmes;61.5;8.1;8.3;44;52
2022;Pays de la Loire;Loire-Atlantique;00-17 ans;Hommes et Femmes;0.0;0.0;;44;52
2022;Pays de la Loire;Loire-Atlantique;45-64 ans;Hommes et Femmes;90.0;24.8;;44;52
2022;Pays de la Loire;Loire-Atlantique;65 ans et plus;Hommes et Femmes;53.0;18.8;;44;52
2022;Pays de la Loire;Loire-Atlantique;Tous;Hommes et Femmes;205.0;13.9;14.3;44;52
2023;Pays de la Loire;Loire-Atlantique;00-17 ans;Hommes;2.5;1.5;;44;52
2023;Pays de la Loire;Loire-Atlantique;Tous;Hommes;155.5;21.4;21.7;44;52
2023;Pays de la Loire;Loire-Atlantique;45-64 ans;Femmes;19.0;10.3;;44;52
2023;Pays de la Loire;Loire-Atlantique;Tous;Femmes;49.5;6.5;6.6;44;52
2023;Pays de la Loire;Loire-Atlantique;00-17 ans;Hommes et Femmes;2.5;0.8;;44;52
2023;Pays de la Loire;Loire-Atlantique;25-44 ans;Hommes et Femmes;53.0;13.9;;44;52
2023;Pays de la Loire;Loire-Atlantique;45-64 ans;Hommes et Femmes;89.0;24.4;;44;52
2019;Centre-Val de Loire;Loiret;65 ans et plus;Hommes;27.0;45.3;;45;24
2019;Centre-Val de Loire;Loiret;25-44 ans;Femmes;2.5;3.1;;45;24
2019;Centre-Val de Loire;Loiret;18-24 ans;Hommes et Femmes;2.5;4.8;;45;24
2019;Centre-Val de Loire;Loiret;45-64 ans;Hommes et Femmes;33.0;18.9;;45;24
2020;Centre-Val de Loire;Loiret;18-24 ans;Hommes;2.5;8.9;;45;24
2020;Centre-Val de Loire;Loiret;45-64 ans;Hommes;29.0;34.0;;45;24
2020;Centre-Val de Loire;Loiret;00-17 ans;Femmes;0.0;0.0;;45;24
2020;Centre-Val de Loire;Loiret;18-24 ans;Femmes;2.5;9.8;;45;24
2020;Centre-Val de Loire;Loiret;Tous;Femmes;25.0;7.1;7.3;45;24
2020;Centre-Val de Loire;Loiret;00-17 ans;Hommes et Femmes;0.0;0.0;;45;24
2020;Centre-Val de Loire;Loiret;18-24 ans;Hommes et Femmes;2.5;4.7;;45;24
2021;Centre-Val de Loire;Loiret;18-24 ans;Hommes;2.5;8.7;;45;24
2021;Centre-Val de Loire;Loiret;45-64 ans;Hommes;18.0;21.0;;45;24
2021;Centre-Val de Loire;Loiret;Tous;Hommes;67.0;20.1;20.4;45;24
2021;Centre-Val de Loire;Loiret;00-17 ans;Femmes;2.5;3.3;;45;24
2021;Centre-Val de Loire;Loiret;00-17 ans;Hommes et Femmes;2.5;1.6;;45;24
2021;Centre-Val de Loire;Loiret;25-44 ans;Hommes et Femmes;20.5;12.9;;45;24
2021;Centre-Val de Loire;Loiret;Tous;Hommes et Femmes;83.0;12.1;12.4;45;24
2022;Centre-Val de Loire;Loiret;00-17 ans;Hommes;0.0;0.0;;45;24
2022;Centre-Val de Loire;Loiret;18-24 ans;Hommes;2.5;8.8;;45;24
2022;Centre-Val de Loire;Loiret;Tous;Hommes;72.5;21.6;21.5;45;24
2022;Centre-Val de Loire;Loiret;25-44 ans;Femmes;6.0;7.3;;45;24
2022;Centre-Val de Loire;Loiret;65 ans et plus;Femmes;9.0;11.1;;45;24
2022;Centre-Val de Loire;Loiret;00-17 ans;Hommes et Femmes;0.0;0.0;;45;24
2022;Centre-Val de Loire;Loiret;18-24 ans;Hommes et Femmes;2.5;4.6;;45;24
2022;Centre-Val de Loire;Loiret;45-64 ans;Hommes et Femmes;41.0;23.6;;45;24
2023;Centre-Val de Loire;Loiret;65 ans et plus;Hommes;35.0;54.6;;45;24
2023;Centre-Val de Loire;Loiret;Tous;Hommes;78.0;23.2;23.4;45;24
2023;Centre-Val de Loire;Loiret;18-24 ans;Femmes;0.0;0.0;;45;24
2023;Centre-Val de Loire;Loiret;65 ans et plus;Femmes;6.0;7.3;;45;24
2023;Centre-Val de Loire;Loiret;25-44 ans;Hommes et Femmes;19.0;11.8;;45;24
2019;Occitanie;Lot;00-17 ans;Hommes;0.0;0.0;;46;76
2019;Occitanie;Lot;18-24 ans;Femmes;0.0;0.0;;46;76
2019;Occitanie;Lot;25-44 ans;Femmes;0.0;0.0;;46;76
2019;Occitanie;Lot;Tous;Femmes;7.5;8.4;5.0;46;76
2019;Occitanie;Lot;65 ans et plus;Hommes et Femmes;16.0;30.8;;46;76
2020;Occitanie;Lot;00-17 ans;Hommes;0.0;0.0;;46;76
2020;Occitanie;Lot;18-24 ans;Hommes;0.0;0.0;;46;76
2020;Occitanie;Lot;25-44 ans;Hommes;2.5;15.4;;46;76
2020;Occitanie;Lot;00-17 ans;Femmes;0.0;0.0;;46;76
2020;Occitanie;Lot;18-24 ans;Femmes;0.0;0.0;;46;76
2020;Occitanie;Lot;00-17 ans;Hommes et Femmes;0.0;0.0;;46;76
2020;Occitanie;Lot;65 ans et plus;Hommes et Femmes;17.5;33.3;;46;76
2021;Occitanie;Lot;18-24 ans;Hommes;0.0;0.0;;46;76
2021;Occitanie;Lot;25-44 ans;Hommes;2.5;15.5;;46;76
2021;Occitanie;Lot;65 ans et plus;Hommes;8.0;33.0;;46;76
2021;Occitanie;Lot;Tous;Hommes;16.5;19.4;17.1;46;76
2021;Occitanie;Lot;65 ans et plus;Femmes;2.5;8.4;;46;76
2021;Occitanie;Lot;45-64 ans;Hommes et Femmes;8.5;17.0;;46;76
2021;Occitanie;Lot;65 ans et plus;Hommes et Femmes;10.5;19.5;;46;76
2022;Occitanie;Lot;25-44 ans;Hommes;2.5;15.5;;46;76
2022;Occitanie;Lot;45-64 ans;Hommes;8.0;33.0;;46;76
2022;Occitanie;Lot;65 ans et plus;Hommes;14.0;56.1;;46;76
2022;Occitanie;Lot;65 ans et plus;Femmes;2.5;8.3;;46;76
2022;Occitanie;Lot;Tous;Femmes;2.5;2.8;2.3;46;76
2022;Occitanie;Lot;00-17 ans;Hommes et Femmes;0.0;0.0;;46;76
2022;Occitanie;Lot;65 ans et plus;Hommes et Femmes;16.5;29.9;;46;76
2023;Occitanie;Lot;45-64 ans;Femmes;2.5;9.9;;46;76
2023;Occitanie;Lot;Tous;Femmes;7.0;7.7;6.7;46;76
2023;Occitanie;Lot;00-17 ans;Hommes et Femmes;0.0;0.0;;46;76
2023;Occitanie;Lot;25-44 ans;Hommes et Femmes;8.5;26.1;;46;76
2023;Occitanie;Lot;45-64 ans;Hommes et Femmes;16.5;33.5;;46;76
2019;Nouvelle Aquitaine;Lot-et-Garonne;25-44 ans;Hommes;7.0;21.2;;47;75
2019;Nouvelle Aquitaine;Lot-et-Garonne;18-24 ans;Femmes;0.0;0.0;;47;75
2019;Nouvelle Aquitaine;Lot-et-Garonne;25-44 ans;Femmes;0.0;0.0;;47;75
2019;Nouvelle Aquitaine;Lot-et-Garonne;18-24 ans;Hommes et Femmes;2.5;11.7;;47;75
2020;Nouvelle Aquitaine;Lot-et-Garonne;18-24 ans;Hommes;0.0;0.0;;47;75
2020;Nouvelle Aquitaine;Lot-et-Garonne;25-44 ans;Hommes;6.0;18.4;;47;75
2020;Nouvelle Aquitaine;Lot-et-Garonne;45-64 ans;Hommes;14.0;32.2;;47;75
2020;Nouvelle Aquitaine;Lot-et-Garonne;25-44 ans;Femmes;0.0;0.0;;47;75
2020;Nouvelle Aquitaine;Lot-et-Garonne;45-64 ans;Hommes et Femmes;16.5;18.3;;47;75
2021;Nouvelle Aquitaine;Lot-et-Garonne;00-17 ans;Hommes;0.0;0.0;;47;75
2021;Nouvelle Aquitaine;Lot-et-Garonne;45-64 ans;Hommes;10.0;23.2;;47;75
2021;Nouvelle Aquitaine;Lot-et-Garonne;18-24 ans;Femmes;0.0;0.0;;47;75
2021;Nouvelle Aquitaine;Lot-et-Garonne;25-44 ans;Femmes;2.5;7.3;;47;75
2021;Nouvelle Aquitaine;Lot-et-Garonne;65 ans et plus;Femmes;2.5;5.0;;47;75
2021;Nouvelle Aquitaine;Lot-et-Garonne;18-24 ans;Hommes et Femmes;0.0;0.0;;47;75
2021;Nouvelle Aquitaine;Lot-et-Garonne;25-44 ans;Hommes et Femmes;17.5;26.0;;47;75
2021;Nouvelle Aquitaine;Lot-et-Garonne;45-64 ans;Hommes et Femmes;12.5;14.0;;47;75
2021;Nouvelle Aquitaine;Lot-et-Garonne;65 ans et plus;Hommes et Femmes;21.5;23.9;;47;75
2022;Nouvelle Aquitaine;Lot-et-Garonne;45-64 ans;Hommes;18.0;41.8;;47;75
2022;Nouvelle Aquitaine;Lot-et-Garonne;00-17 ans;Femmes;2.5;8.1;;47;75
2022;Nouvelle Aquitaine;Lot-et-Garonne;18-24 ans;Femmes;0.0;0.0;;47;75
2022;Nouvelle Aquitaine;Lot-et-Garonne;Tous;Femmes;15.5;9.0;8.7;47;75
2022;Nouvelle Aquitaine;Lot-et-Garonne;00-17 ans;Hommes et Femmes;2.5;3.9;;47;75
2022;Nouvelle Aquitaine;Lot-et-Garonne;45-64 ans;Hommes et Femmes;24.0;27.0;;47;75
2022;Nouvelle Aquitaine;Lot-et-Garonne;65 ans et plus;Hommes et Femmes;27.0;29.8;;47;75
2023;Nouvelle Aquitaine;Lot-et-Garonne;18-24 ans;Hommes;0.0;0.0;;47;75
2023;Nouvelle Aquitaine;Lot-et-Garonne;Tous;Hommes;45.0;28.1;26.4;47;75
2023;Nouvelle Aquitaine;Lot-et-Garonne;18-24 ans;Femmes;0.0;0.0;;47;75
2023;Nouvelle Aquitaine;Lot-et-Garonne;Tous;Femmes;10.0;5.8;5.3;47;75
2023;Nouvelle Aquitaine;Lot-et-Garonne;18-24 ans;Hommes et Femmes;0.0;0.0;;47;75
2023;Nouvelle Aquitaine;Lot-et-Garonne;Tous;Hommes et Femmes;55.0;16.6;15.5;47;75
2019;Occitanie;Lozère;18-24 ans;Hommes;0.0;0.0;;48;76
2019;Occitanie;Lozère;65 ans et plus;Femmes;2.5;23.4;;48;76
2019;Occitanie;Lozère;45-64 ans;Hommes et Femmes;6.0;27.6;;48;76
2020;Occitanie;Lozère;00-17 ans;Hommes;0.0;0.0;;48;76
2020;Occitanie;Lozère;45-64 ans;Hommes;2.5;22.5;;48;76
2020;Occitanie;Lozère;65 ans et plus;Hommes;5.0;55.9;;48;76
2020;Occitanie;Lozère;Tous;Hommes;13.0;34.0;35.3;48;76
2020;Occitanie;Lozère;18-24 ans;Femmes;0.0;0.0;;48;76
2020;Occitanie;Lozère;25-44 ans;Femmes;0.0;0.0;;48;76
2020;Occitanie;Lozère;00-17 ans;Hommes et Femmes;0.0;0.0;;48;76
2020;Occitanie;Lozère;25-44 ans;Hommes et Femmes;2.5;15.8;;48;76
2021;Occitanie;Lozère;18-24 ans;Hommes;0.0;0.0;;48;76
2021;Occitanie;Lozère;25-44 ans;Hommes;2.5;31.9;;48;76
2021;Occitanie;Lozère;65 ans et plus;Hommes;2.5;27.1;;48;76
2021;Occitanie;Lozère;Tous;Hommes;9.0;23.6;23.6;48;76
2021;Occitanie;Lozère;18-24 ans;Femmes;0.0;0.0;;48;76
2021;Occitanie;Lozère;25-44 ans;Femmes;2.5;32.2;;48;76
2021;Occitanie;Lozère;45-64 ans;Femmes;2.5;23.7;;48;76
2021;Occitanie;Lozère;00-17 ans;Hommes et Femmes;0.0;0.0;;48;76
2021;Occitanie;Lozère;18-24 ans;Hommes et Femmes;0.0;0.0;;48;76
2021;Occitanie;Lozère;25-44 ans;Hommes et Femmes;5.0;32.1;;48;76
2021;Occitanie;Lozère;65 ans et plus;Hommes et Femmes;2.5;12.4;;48;76
2022;Occitanie;Lozère;18-24 ans;Hommes;0.0;0.0;;48;76
2022;Occitanie;Lozère;45-64 ans;Hommes;2.5;22.8;;48;76
2022;Occitanie;Lozère;65 ans et plus;Hommes;2.5;26.6;;48;76
2022;Occitanie;Lozère;Tous;Hommes;8.0;20.9;20.4;48;76
2022;Occitanie;Lozère;25-44 ans;Femmes;0.0;0.0;;48;76
2022;Occitanie;Lozère;18-24 ans;Hommes et Femmes;0.0;0.0;;48;76
2022;Occitanie;Lozère;25-44 ans;Hommes et Femmes;2.5;16.0;;48;76
2023;Occitanie;Lozère;18-24 ans;Hommes;0.0;0.0;;48;76
2023;Occitanie;Lozère;65 ans et plus;Hommes;2.5;26.1;;48;76
2023;Occitanie;Lozère;Tous;Hommes;8.0;20.9;20.1;48;76
2023;Occitanie;Lozère;45-64 ans;Femmes;2.5;24.1;;48;76
2019;Pays de la Loire;Maine-et-Loire;65 ans et plus;Hommes;23.0;32.1;;49;52
2019;Pays de la Loire;Maine-et-Loire;25-44 ans;Femmes;2.5;2.6;;49;52
2019;Pays de la Loire;Maine-et-Loire;Tous;Femmes;28.0;6.7;6.8;49;52
2019;Pays de la Loire;Maine-et-Loire;25-44 ans;Hommes et Femmes;28.5;15.2;;49;52
2019;Pays de la Loire;Maine-et-Loire;Tous;Hommes et Femmes;118.0;14.4;14.7;49;52
2020;Pays de la Loire;Maine-et-Loire;25-44 ans;Hommes;23.0;24.7;;49;52
2020;Pays de la Loire;Maine-et-Loire;65 ans et plus;Hommes;30.0;41.3;;49;52
2020;Pays de la Loire;Maine-et-Loire;45-64 ans;Femmes;14.0;13.4;;49;52
2020;Pays de la Loire;Maine-et-Loire;Tous;Femmes;30.0;7.1;7.2;49;52
2020;Pays de la Loire;Maine-et-Loire;00-17 ans;Hommes et Femmes;2.5;1.4;;49;52
2020;Pays de la Loire;Maine-et-Loire;65 ans et plus;Hommes et Femmes;43.0;25.6;;49;52
2020;Pays de la Loire;Maine-et-Loire;Tous;Hommes et Femmes;131.0;16.0;16.3;49;52
2021;Pays de la Loire;Maine-et-Loire;45-64 ans;Hommes;38.0;37.3;;49;52
2021;Pays de la Loire;Maine-et-Loire;65 ans et plus;Hommes;43.0;58.2;;49;52
2021;Pays de la Loire;Maine-et-Loire;25-44 ans;Femmes;11.0;11.5;;49;52
2021;Pays de la Loire;Maine-et-Loire;65 ans et plus;Femmes;13.0;13.4;;49;52
2021;Pays de la Loire;Maine-et-Loire;45-64 ans;Hommes et Femmes;45.0;21.8;;49;52
2021;Pays de la Loire;Maine-et-Loire;65 ans et plus;Hommes et Femmes;56.0;32.8;;49;52
2021;Pays de la Loire;Maine-et-Loire;Tous;Hommes et Femmes;144.0;17.5;17.8;49;52
2022;Pays de la Loire;Maine-et-Loire;00-17 ans;Hommes;2.5;2.7;;49;52
2022;Pays de la Loire;Maine-et-Loire;25-44 ans;Hommes;29.0;30.6;;49;52
2022;Pays de la Loire;Maine-et-Loire;45-64 ans;Hommes;47.0;46.3;;49;52
2022;Pays de la Loire;Maine-et-Loire;Tous;Hommes;113.0;28.1;28.6;49;52
2022;Pays de la Loire;Maine-et-Loire;18-24 ans;Femmes;2.5;6.8;;49;52
2022;Pays de la Loire;Maine-et-Loire;25-44 ans;Femmes;7.0;7.3;;49;52
2022;Pays de la Loire;Maine-et-Loire;65 ans et plus;Femmes;10.0;10.2;;49;52
2022;Pays de la Loire;Maine-et-Loire;Tous;Femmes;28.0;6.6;6.7;49;52
2022;Pays de la Loire;Maine-et-Loire;25-44 ans;Hommes et Femmes;36.0;18.8;;49;52
2023;Pays de la Loire;Maine-et-Loire;45-64 ans;Hommes;39.0;38.4;;49;52
2023;Pays de la Loire;Maine-et-Loire;Tous;Hommes;105.5;26.1;26.2;49;52
2023;Pays de la Loire;Maine-et-Loire;00-17 ans;Femmes;2.5;2.8;;49;52
2023;Pays de la Loire;Maine-et-Loire;25-44 ans;Femmes;2.5;2.6;;49;52
2023;Pays de la Loire;Maine-et-Loire;45-64 ans;Femmes;15.0;14.4;;49;52
2023;Pays de la Loire;Maine-et-Loire;25-44 ans;Hommes et Femmes;26.5;13.8;;49;52
2023;Pays de la Loire;Maine-et-Loire;45-64 ans;Hommes et Femmes;54.0;26.3;;49;52
2019;Normandie;Manche;00-17 ans;Hommes;2.5;5.0;;50;28
2019;Normandie;Manche;00-17 ans;Femmes;0.0;0.0;;50;28
2019;Normandie;Manche;Tous;Femmes;18.5;7.3;7.0;50;28
2019;Normandie;Manche;45-64 ans;Hommes et Femmes;53.0;38.6;;50;28
2019;Normandie;Manche;65 ans et plus;Hommes et Femmes;41.0;33.2;;50;28
2020;Normandie;Manche;00-17 ans;Hommes;0.0;0.0;;50;28
2020;Normandie;Manche;25-44 ans;Hommes;23.0;43.6;;50;28
2020;Normandie;Manche;45-64 ans;Hommes;39.0;57.4;;50;28
2020;Normandie;Manche;65 ans et plus;Hommes;32.0;59.2;;50;28
2020;Normandie;Manche;25-44 ans;Femmes;2.5;4.9;;50;28
2020;Normandie;Manche;65 ans et plus;Femmes;15.0;21.3;;50;28
2020;Normandie;Manche;18-24 ans;Hommes et Femmes;5.5;17.2;;50;28
2020;Normandie;Manche;25-44 ans;Hommes et Femmes;25.5;24.5;;50;28
2021;Normandie;Manche;00-17 ans;Hommes;0.0;0.0;;50;28
2021;Normandie;Manche;45-64 ans;Hommes;30.0;44.4;;50;28
2021;Normandie;Manche;Tous;Hommes;89.5;37.0;35.7;50;28
2021;Normandie;Manche;00-17 ans;Femmes;2.5;5.3;;50;28
2021;Normandie;Manche;00-17 ans;Hommes et Femmes;2.5;2.6;;50;28
2021;Normandie;Manche;18-24 ans;Hommes et Femmes;2.5;7.8;;50;28
2021;Normandie;Manche;Tous;Hommes et Femmes;115.0;23.2;22.2;50;28
2022;Normandie;Manche;25-44 ans;Hommes;20.0;37.7;;50;28
2022;Normandie;Manche;65 ans et plus;Hommes;40.0;70.8;;50;28
2023;Normandie;Manche;00-17 ans;Hommes;0.0;0.0;;50;28
2023;Normandie;Manche;25-44 ans;Hommes;14.0;26.2;;50;28
2023;Normandie;Manche;65 ans et plus;Hommes;36.0;62.8;;50;28
2023;Normandie;Manche;18-24 ans;Femmes;0.0;0.0;;50;28
2023;Normandie;Manche;45-64 ans;Femmes;7.0;10.4;;50;28
2023;Normandie;Manche;65 ans et plus;Femmes;12.0;16.3;;50;28
2023;Normandie;Manche;18-24 ans;Hommes et Femmes;2.5;7.8;;50;28
2023;Normandie;Manche;25-44 ans;Hommes et Femmes;16.5;15.7;;50;28
2023;Normandie;Manche;45-64 ans;Hommes et Femmes;47.0;35.3;;50;28
2019;Grand Est;Marne;00-17 ans;Hommes;0.0;0.0;;51;44
2019;Grand Est;Marne;Tous;Hommes;49.5;18.0;18.9;51;44
2019;Grand Est;Marne;00-17 ans;Femmes;0.0;0.0;;51;44
2019;Grand Est;Marne;25-44 ans;Femmes;2.5;3.6;;51;44
2019;Grand Est;Marne;Tous;Femmes;21.5;7.3;8.0;51;44
2019;Grand Est;Marne;18-24 ans;Hommes et Femmes;2.5;4.8;;51;44
2019;Grand Est;Marne;25-44 ans;Hommes et Femmes;14.5;10.6;;51;44
2019;Grand Est;Marne;45-64 ans;Hommes et Femmes;33.0;22.7;;51;44
2019;Grand Est;Marne;Tous;Hommes et Femmes;74.0;13.1;13.3;51;44
2020;Grand Est;Marne;25-44 ans;Hommes;15.0;22.2;;51;44
2020;Grand Est;Marne;25-44 ans;Femmes;11.0;16.2;;51;44
2020;Grand Est;Marne;65 ans et plus;Femmes;2.5;3.8;;51;44
2020;Grand Est;Marne;Tous;Femmes;27.0;9.2;9.3;51;44
2020;Grand Est;Marne;00-17 ans;Hommes et Femmes;2.5;2.1;;51;44
2020;Grand Est;Marne;18-24 ans;Hommes et Femmes;2.5;4.7;;51;44
2020;Grand Est;Marne;65 ans et plus;Hommes et Femmes;19.5;17.3;;51;44
2021;Grand Est;Marne;25-44 ans;Hommes;14.0;20.8;;51;44
2021;Grand Est;Marne;45-64 ans;Hommes;14.0;20.1;;51;44
2021;Grand Est;Marne;Tous;Hommes;50.0;18.3;18.6;51;44
2021;Grand Est;Marne;25-44 ans;Femmes;6.0;8.8;;51;44
2021;Grand Est;Marne;45-64 ans;Femmes;7.0;9.5;;51;44
2021;Grand Est;Marne;65 ans et plus;Femmes;2.5;3.8;;51;44
2021;Grand Est;Marne;Tous;Femmes;18.0;6.2;6.2;51;44
2022;Grand Est;Marne;18-24 ans;Hommes;2.5;9.6;;51;44
2022;Grand Est;Marne;Tous;Hommes;50.5;18.6;18.2;51;44
2022;Grand Est;Marne;65 ans et plus;Femmes;2.5;3.7;;51;44
2022;Grand Est;Marne;00-17 ans;Hommes et Femmes;2.5;2.1;;51;44
2022;Grand Est;Marne;65 ans et plus;Hommes et Femmes;24.5;20.8;;51;44
2023;Grand Est;Marne;45-64 ans;Hommes;14.0;20.4;;51;44
2023;Grand Est;Marne;Tous;Hommes;57.0;21.0;20.9;51;44
2023;Grand Est;Marne;45-64 ans;Femmes;6.0;8.4;;51;44
2023;Grand Est;Marne;Tous;Femmes;15.5;5.3;5.2;51;44
2023;Grand Est;Marne;18-24 ans;Hommes et Femmes;5.0;9.7;;51;44
2023;Grand Est;Marne;25-44 ans;Hommes et Femmes;25.5;18.8;;51;44
2019;Grand Est;Haute-Marne;00-17 ans;Femmes;0.0;0.0;;52;44
2019;Grand Est;Haute-Marne;45-64 ans;Femmes;2.5;10.2;;52;44
2019;Grand Est;Haute-Marne;Tous;Femmes;2.5;2.8;5.7;52;44
2019;Grand Est;Haute-Marne;18-24 ans;Hommes et Femmes;0.0;0.0;;52;44
2019;Grand Est;Haute-Marne;25-44 ans;Hommes et Femmes;2.5;6.8;;52;44
2020;Grand Est;Haute-Marne;00-17 ans;Hommes;0.0;0.0;;52;44
2020;Grand Est;Haute-Marne;00-17 ans;Femmes;0.0;0.0;;52;44
2020;Grand Est;Haute-Marne;18-24 ans;Femmes;0.0;0.0;;52;44
2020;Grand Est;Haute-Marne;45-64 ans;Femmes;2.5;10.3;;52;44
2020;Grand Est;Haute-Marne;65 ans et plus;Femmes;6.0;24.3;;52;44
2020;Grand Est;Haute-Marne;Tous;Femmes;10.0;11.4;10.8;52;44
2020;Grand Est;Haute-Marne;25-44 ans;Hommes et Femmes;5.0;13.8;;52;44
2021;Grand Est;Haute-Marne;25-44 ans;Hommes;2.5;13.7;;52;44
2021;Grand Est;Haute-Marne;00-17 ans;Femmes;0.0;0.0;;52;44
2021;Grand Est;Haute-Marne;65 ans et plus;Femmes;2.5;10.1;;52;44
2021;Grand Est;Haute-Marne;Tous;Femmes;2.5;2.9;3.4;52;44
2021;Grand Est;Haute-Marne;18-24 ans;Hommes et Femmes;0.0;0.0;;52;44
2021;Grand Est;Haute-Marne;25-44 ans;Hommes et Femmes;5.0;14.0;;52;44
2021;Grand Est;Haute-Marne;45-64 ans;Hommes et Femmes;8.5;18.1;;52;44
2021;Grand Est;Haute-Marne;65 ans et plus;Hommes et Femmes;7.5;17.0;;52;44
2021;Grand Est;Haute-Marne;Tous;Hommes et Femmes;18.0;10.5;9.9;52;44
2022;Grand Est;Haute-Marne;00-17 ans;Hommes;0.0;0.0;;52;44
2022;Grand Est;Haute-Marne;45-64 ans;Hommes;6.0;26.5;;52;44
2022;Grand Est;Haute-Marne;00-17 ans;Femmes;0.0;0.0;;52;44
2022;Grand Est;Haute-Marne;25-44 ans;Femmes;2.5;14.4;;52;44
2022;Grand Est;Haute-Marne;00-17 ans;Hommes et Femmes;0.0;0.0;;52;44
2022;Grand Est;Haute-Marne;18-24 ans;Hommes et Femmes;0.0;0.0;;52;44
2022;Grand Est;Haute-Marne;45-64 ans;Hommes et Femmes;8.5;18.6;;52;44
2023;Grand Est;Haute-Marne;65 ans et plus;Hommes;9.0;45.3;;52;44
2023;Grand Est;Haute-Marne;Tous;Hommes;28.5;34.3;30.6;52;44
2023;Grand Est;Haute-Marne;65 ans et plus;Hommes et Femmes;11.5;25.5;;52;44
2023;Grand Est;Haute-Marne;Tous;Hommes et Femmes;31.0;18.4;17.0;52;44
2019;Pays de la Loire;Mayenne;00-17 ans;Hommes;0.0;0.0;;53;52
2019;Pays de la Loire;Mayenne;00-17 ans;Femmes;0.0;0.0;;53;52
2019;Pays de la Loire;Mayenne;25-44 ans;Femmes;2.5;7.5;;53;52
2019;Pays de la Loire;Mayenne;65 ans et plus;Femmes;2.5;6.6;;53;52
2019;Pays de la Loire;Mayenne;Tous;Femmes;8.0;5.1;5.9;53;52
2019;Pays de la Loire;Mayenne;18-24 ans;Hommes et Femmes;2.5;11.2;;53;52
2019;Pays de la Loire;Mayenne;65 ans et plus;Hommes et Femmes;12.5;18.4;;53;52
2020;Pays de la Loire;Mayenne;00-17 ans;Hommes;0.0;0.0;;53;52
2020;Pays de la Loire;Mayenne;45-64 ans;Hommes;19.0;46.7;;53;52
2020;Pays de la Loire;Mayenne;Tous;Hommes;49.5;32.7;34.0;53;52
2020;Pays de la Loire;Mayenne;45-64 ans;Femmes;2.5;6.2;;53;52
2020;Pays de la Loire;Mayenne;18-24 ans;Hommes et Femmes;2.5;11.1;;53;52
2020;Pays de la Loire;Mayenne;45-64 ans;Hommes et Femmes;21.5;26.6;;53;52
2020;Pays de la Loire;Mayenne;65 ans et plus;Hommes et Femmes;21.5;31.4;;53;52
2020;Pays de la Loire;Mayenne;Tous;Hommes et Femmes;57.0;18.6;18.7;53;52
2021;Pays de la Loire;Mayenne;00-17 ans;Hommes;0.0;0.0;;53;52
2021;Pays de la Loire;Mayenne;00-17 ans;Femmes;0.0;0.0;;53;52
2021;Pays de la Loire;Mayenne;18-24 ans;Femmes;0.0;0.0;;53;52
2021;Pays de la Loire;Mayenne;25-44 ans;Femmes;2.5;7.6;;53;52
2021;Pays de la Loire;Mayenne;45-64 ans;Femmes;7.0;17.6;;53;52
2021;Pays de la Loire;Mayenne;18-24 ans;Hommes et Femmes;2.5;11.2;;53;52
2021;Pays de la Loire;Mayenne;65 ans et plus;Hommes et Femmes;21.5;31.2;;53;52
2022;Pays de la Loire;Mayenne;00-17 ans;Hommes;0.0;0.0;;53;52
2022;Pays de la Loire;Mayenne;18-24 ans;Hommes;2.5;20.6;;53;52
2022;Pays de la Loire;Mayenne;45-64 ans;Hommes;15.0;37.2;;53;52
2022;Pays de la Loire;Mayenne;65 ans et plus;Hommes;21.0;67.4;;53;52
2022;Pays de la Loire;Mayenne;00-17 ans;Hommes et Femmes;0.0;0.0;;53;52
2022;Pays de la Loire;Mayenne;45-64 ans;Hommes et Femmes;17.5;21.9;;53;52
2022;Pays de la Loire;Mayenne;65 ans et plus;Hommes et Femmes;28.0;39.7;;53;52
2023;Pays de la Loire;Mayenne;18-24 ans;Hommes;2.5;20.3;;53;52
2023;Pays de la Loire;Mayenne;25-44 ans;Hommes;5.0;15.1;;53;52
2023;Pays de la Loire;Mayenne;Tous;Hommes;36.0;23.9;23.2;53;52
2023;Pays de la Loire;Mayenne;00-17 ans;Femmes;0.0;0.0;;53;52
2023;Pays de la Loire;Mayenne;25-44 ans;Femmes;0.0;0.0;;53;52
2023;Pays de la Loire;Mayenne;00-17 ans;Hommes et Femmes;2.5;3.8;;53;52
2023;Pays de la Loire;Mayenne;18-24 ans;Hommes et Femmes;2.5;11.0;;53;52
2023;Pays de la Loire;Mayenne;45-64 ans;Hommes et Femmes;19.5;24.6;;53;52
2019;Grand Est;Meurthe-et-Moselle;00-17 ans;Femmes;0.0;0.0;;54;44
2019;Grand Est;Meurthe-et-Moselle;18-24 ans;Femmes;2.5;6.9;;54;44
2019;Grand Est;Meurthe-et-Moselle;18-24 ans;Hommes et Femmes;6.0;8.2;;54;44
2019;Grand Est;Meurthe-et-Moselle;45-64 ans;Hommes et Femmes;43.0;22.9;;54;44
2020;Grand Est;Meurthe-et-Moselle;00-17 ans;Hommes;2.5;3.3;;54;44
2020;Grand Est;Meurthe-et-Moselle;18-24 ans;Hommes;5.0;13.6;;54;44
2020;Grand Est;Meurthe-et-Moselle;65 ans et plus;Hommes;22.0;35.5;;54;44
2020;Grand Est;Meurthe-et-Moselle;Tous;Hommes;81.5;22.9;23.3;54;44
2020;Grand Est;Meurthe-et-Moselle;25-44 ans;Femmes;6.0;6.7;;54;44
2020;Grand Est;Meurthe-et-Moselle;Tous;Femmes;19.5;5.2;5.1;54;44
2020;Grand Est;Meurthe-et-Moselle;00-17 ans;Hommes et Femmes;2.5;1.7;;54;44
2020;Grand Est;Meurthe-et-Moselle;65 ans et plus;Hommes et Femmes;24.5;16.8;;54;44
2020;Grand Est;Meurthe-et-Moselle;Tous;Hommes et Femmes;101.0;13.8;13.9;54;44
2021;Grand Est;Meurthe-et-Moselle;00-17 ans;Hommes;2.5;3.3;;54;44
2021;Grand Est;Meurthe-et-Moselle;18-24 ans;Hommes;2.5;7.0;;54;44
2021;Grand Est;Meurthe-et-Moselle;00-17 ans;Femmes;2.5;3.4;;54;44
2021;Grand Est;Meurthe-et-Moselle;25-44 ans;Femmes;11.0;12.2;;54;44
2021;Grand Est;Meurthe-et-Moselle;65 ans et plus;Femmes;10.0;11.8;;54;44
2021;Grand Est;Meurthe-et-Moselle;18-24 ans;Hommes et Femmes;2.5;3.5;;54;44
2022;Grand Est;Meurthe-et-Moselle;00-17 ans;Hommes;0.0;0.0;;54;44
2022;Grand Est;Meurthe-et-Moselle;25-44 ans;Femmes;6.0;6.7;;54;44
2022;Grand Est;Meurthe-et-Moselle;18-24 ans;Hommes et Femmes;7.5;10.6;;54;44
2022;Grand Est;Meurthe-et-Moselle;25-44 ans;Hommes et Femmes;33.0;18.3;;54;44
2023;Grand Est;Meurthe-et-Moselle;18-24 ans;Hommes;2.5;7.0;;54;44
2023;Grand Est;Meurthe-et-Moselle;45-64 ans;Hommes;18.0;20.1;;54;44
2023;Grand Est;Meurthe-et-Moselle;Tous;Hommes;65.5;18.4;18.3;54;44
2023;Grand Est;Meurthe-et-Moselle;Tous;Femmes;19.0;5.1;5.1;54;44
2019;Grand Est;Meuse;45-64 ans;Hommes;12.0;47.1;;55;44
2019;Grand Est;Meuse;Tous;Hommes;26.0;28.5;28.6;55;44
2019;Grand Est;Meuse;00-17 ans;Femmes;0.0;0.0;;55;44
2019;Grand Est;Meuse;18-24 ans;Femmes;0.0;0.0;;55;44
2019;Grand Est;Meuse;Tous;Femmes;5.0;5.4;4.9;55;44
2020;Grand Est;Meuse;25-44 ans;Hommes;10.0;48.7;;55;44
2020;Grand Est;Meuse;45-64 ans;Hommes;12.0;47.5;;55;44
2020;Grand Est;Meuse;Tous;Hommes;37.0;40.9;40.3;55;44
2020;Grand Est;Meuse;00-17 ans;Femmes;0.0;0.0;;55;44
2020;Grand Est;Meuse;25-44 ans;Femmes;2.5;12.8;;55;44
2020;Grand Est;Meuse;45-64 ans;Femmes;2.5;9.9;;55;44
2020;Grand Est;Meuse;18-24 ans;Hommes et Femmes;0.0;0.0;;55;44
2020;Grand Est;Meuse;Tous;Hommes et Femmes;44.5;24.3;21.8;55;44
2021;Grand Est;Meuse;00-17 ans;Hommes;0.0;0.0;;55;44
2021;Grand Est;Meuse;18-24 ans;Hommes;2.5;35.3;;55;44
2021;Grand Est;Meuse;25-44 ans;Hommes;5.0;24.7;;55;44
2021;Grand Est;Meuse;Tous;Hommes;22.5;25.0;24.7;55;44
2021;Grand Est;Meuse;18-24 ans;Femmes;0.0;0.0;;55;44
2021;Grand Est;Meuse;25-44 ans;Femmes;0.0;0.0;;55;44
2021;Grand Est;Meuse;25-44 ans;Hommes et Femmes;5.0;12.7;;55;44
2021;Grand Est;Meuse;45-64 ans;Hommes et Femmes;9.5;19.0;;55;44
2022;Grand Est;Meuse;00-17 ans;Hommes;0.0;0.0;;55;44
2022;Grand Est;Meuse;25-44 ans;Hommes;6.0;30.2;;55;44
2022;Grand Est;Meuse;Tous;Hommes;33.0;36.8;35.8;55;44
2022;Grand Est;Meuse;00-17 ans;Femmes;0.0;0.0;;55;44
2022;Grand Est;Meuse;25-44 ans;Femmes;2.5;13.1;;55;44
2022;Grand Est;Meuse;Tous;Femmes;8.0;8.8;9.6;55;44
2022;Grand Est;Meuse;18-24 ans;Hommes et Femmes;0.0;0.0;;55;44
2022;Grand Est;Meuse;65 ans et plus;Hommes et Femmes;15.5;35.1;;55;44
2023;Grand Est;Meuse;45-64 ans;Hommes;10.0;41.4;;55;44
2023;Grand Est;Meuse;65 ans et plus;Hommes;7.0;35.1;;55;44
2023;Grand Est;Meuse;Tous;Hommes;29.5;33.1;30.9;55;44
2023;Grand Est;Meuse;00-17 ans;Femmes;0.0;0.0;;55;44
2023;Grand Est;Meuse;Tous;Femmes;5.0;5.5;5.1;55;44
2023;Grand Est;Meuse;00-17 ans;Hommes et Femmes;0.0;0.0;;55;44
2023;Grand Est;Meuse;18-24 ans;Hommes et Femmes;2.5;20.4;;55;44
2023;Grand Est;Meuse;65 ans et plus;Hommes et Femmes;9.5;21.2;;55;44
2019;Bretagne;Morbihan;65 ans et plus;Hommes;41.0;51.2;;56;53
2019;Bretagne;Morbihan;Tous;Hommes;131.0;35.6;34.9;56;53
2019;Bretagne;Morbihan;00-17 ans;Hommes et Femmes;2.5;1.6;;56;53
2019;Bretagne;Morbihan;25-44 ans;Hommes et Femmes;48.0;30.3;;56;53
2019;Bretagne;Morbihan;65 ans et plus;Hommes et Femmes;55.0;29.4;;56;53
2020;Bretagne;Morbihan;25-44 ans;Hommes;23.0;29.3;;56;53
2020;Bretagne;Morbihan;45-64 ans;Hommes;60.0;58.0;;56;53
2020;Bretagne;Morbihan;65 ans et plus;Hommes;40.0;48.7;;56;53
2020;Bretagne;Morbihan;00-17 ans;Femmes;0.0;0.0;;56;53
2020;Bretagne;Morbihan;25-44 ans;Femmes;6.0;7.6;;56;53
2020;Bretagne;Morbihan;25-44 ans;Hommes et Femmes;29.0;18.4;;56;53
2021;Bretagne;Morbihan;00-17 ans;Hommes;2.5;3.2;;56;53
2021;Bretagne;Morbihan;18-24 ans;Hommes;2.5;9.1;;56;53
2021;Bretagne;Morbihan;25-44 ans;Femmes;7.0;8.8;;56;53
2021;Bretagne;Morbihan;65 ans et plus;Femmes;13.0;11.7;;56;53
2021;Bretagne;Morbihan;Tous;Femmes;39.5;10.0;9.6;56;53
2022;Bretagne;Morbihan;18-24 ans;Hommes;5.0;17.9;;56;53
2022;Bretagne;Morbihan;00-17 ans;Femmes;0.0;0.0;;56;53
2022;Bretagne;Morbihan;18-24 ans;Femmes;2.5;10.5;;56;53
2022;Bretagne;Morbihan;18-24 ans;Hommes et Femmes;7.5;14.5;;56;53
2022;Bretagne;Morbihan;65 ans et plus;Hommes et Femmes;51.0;25.3;;56;53
2023;Bretagne;Morbihan;45-64 ans;Hommes;49.0;47.4;;56;53
2023;Bretagne;Morbihan;25-44 ans;Femmes;7.0;8.7;;56;53
2023;Bretagne;Morbihan;Tous;Femmes;49.5;12.3;11.4;56;53
2023;Bretagne;Morbihan;18-24 ans;Hommes et Femmes;2.5;4.8;;56;53
2023;Bretagne;Morbihan;25-44 ans;Hommes et Femmes;45.0;27.9;;56;53
2019;Grand Est;Moselle;00-17 ans;Hommes;0.0;0.0;;57;44
2019;Grand Est;Moselle;Tous;Hommes;95.0;18.6;18.5;57;44
2019;Grand Est;Moselle;00-17 ans;Femmes;2.5;2.4;;57;44
2019;Grand Est;Moselle;18-24 ans;Femmes;0.0;0.0;;57;44
2019;Grand Est;Moselle;25-44 ans;Femmes;9.0;7.0;;57;44
2019;Grand Est;Moselle;Tous;Femmes;29.0;5.4;5.2;57;44
2019;Grand Est;Moselle;18-24 ans;Hommes et Femmes;0.0;0.0;;57;44
2019;Grand Est;Moselle;65 ans et plus;Hommes et Femmes;38.5;18.6;;57;44
2020;Grand Est;Moselle;00-17 ans;Hommes;0.0;0.0;;57;44
2020;Grand Est;Moselle;25-44 ans;Hommes;23.0;17.8;;57;44
2020;Grand Est;Moselle;45-64 ans;Hommes;44.0;31.0;;57;44
2020;Grand Est;Moselle;25-44 ans;Femmes;7.0;5.5;;57;44
2020;Grand Est;Moselle;Tous;Femmes;29.0;5.4;5.3;57;44
2020;Grand Est;Moselle;00-17 ans;Hommes et Femmes;0.0;0.0;;57;44
2020;Grand Est;Moselle;25-44 ans;Hommes et Femmes;30.0;11.7;;57;44
2020;Grand Est;Moselle;65 ans et plus;Hommes et Femmes;43.0;20.2;;57;44
2020;Grand Est;Moselle;Tous;Hommes et Femmes;129.5;12.3;12.1;57;44
2021;Grand Est;Moselle;18-24 ans;Hommes;5.0;12.1;;57;44
2021;Grand Est;Moselle;18-24 ans;Femmes;0.0;0.0;;57;44
2021;Grand Est;Moselle;45-64 ans;Femmes;17.0;11.6;;57;44
2021;Grand Est;Moselle;Tous;Femmes;34.5;6.4;6.2;57;44
2021;Grand Est;Moselle;65 ans et plus;Hommes et Femmes;41.0;19.1;;57;44
2022;Grand Est;Moselle;65 ans et plus;Hommes;31.0;32.6;;57;44
2022;Grand Est;Moselle;18-24 ans;Femmes;2.5;6.8;;57;44
2022;Grand Est;Moselle;25-44 ans;Femmes;6.0;4.6;;57;44
2022;Grand Est;Moselle;65 ans et plus;Femmes;8.0;6.5;;57;44
2022;Grand Est;Moselle;00-17 ans;Hommes et Femmes;2.5;1.2;;57;44
2023;Grand Est;Moselle;18-24 ans;Hommes;6.0;14.6;;57;44
2023;Grand Est;Moselle;45-64 ans;Hommes;31.0;22.4;;57;44
2023;Grand Est;Moselle;45-64 ans;Femmes;15.0;10.5;;57;44
2023;Grand Est;Moselle;Tous;Femmes;33.5;6.2;6.2;57;44
2023;Grand Est;Moselle;00-17 ans;Hommes et Femmes;2.5;1.2;;57;44
2023;Grand Est;Moselle;45-64 ans;Hommes et Femmes;46.0;16.4;;57;44
2023;Grand Est;Moselle;Tous;Hommes et Femmes;120.0;11.4;11.2;57;44
2019;Bourgogne et Franche-Comté;Nièvre;25-44 ans;Hommes;2.5;13.0;;58;27
2019;Bourgogne et Franche-Comté;Nièvre;65 ans et plus;Hommes;17.0;65.7;;58;27
2019;Bourgogne et Franche-Comté;Nièvre;18-24 ans;Femmes;0.0;0.0;;58;27
2019;Bourgogne et Franche-Comté;Nièvre;25-44 ans;Femmes;2.5;12.9;;58;27
2019;Bourgogne et Franche-Comté;Nièvre;65 ans et plus;Femmes;2.5;7.3;;58;27
2019;Bourgogne et Franche-Comté;Nièvre;00-17 ans;Hommes et Femmes;0.0;0.0;;58;27
2019;Bourgogne et Franche-Comté;Nièvre;18-24 ans;Hommes et Femmes;2.5;19.9;;58;27
2019;Bourgogne et Franche-Comté;Nièvre;45-64 ans;Hommes et Femmes;17.5;30.7;;58;27
2019;Bourgogne et Franche-Comté;Nièvre;65 ans et plus;Hommes et Femmes;19.5;32.3;;58;27
2019;Bourgogne et Franche-Comté;Nièvre;Tous;Hommes et Femmes;44.0;21.5;19.8;58;27
2020;Bourgogne et Franche-Comté;Nièvre;18-24 ans;Hommes;0.0;0.0;;58;27
2020;Bourgogne et Franche-Comté;Nièvre;25-44 ans;Hommes;5.0;26.3;;58;27
2020;Bourgogne et Franche-Comté;Nièvre;45-64 ans;Hommes;13.0;47.2;;58;27
2020;Bourgogne et Franche-Comté;Nièvre;65 ans et plus;Hommes;9.0;34.3;;58;27
2020;Bourgogne et Franche-Comté;Nièvre;18-24 ans;Femmes;0.0;0.0;;58;27
2020;Bourgogne et Franche-Comté;Nièvre;45-64 ans;Femmes;2.5;8.7;;58;27
2020;Bourgogne et Franche-Comté;Nièvre;00-17 ans;Hommes et Femmes;0.0;0.0;;58;27
2020;Bourgogne et Franche-Comté;Nièvre;45-64 ans;Hommes et Femmes;15.5;27.6;;58;27
2020;Bourgogne et Franche-Comté;Nièvre;Tous;Hommes et Femmes;36.0;17.8;17.2;58;27
2021;Bourgogne et Franche-Comté;Nièvre;00-17 ans;Hommes;0.0;0.0;;58;27
2021;Bourgogne et Franche-Comté;Nièvre;25-44 ans;Hommes;6.0;31.8;;58;27
2021;Bourgogne et Franche-Comté;Nièvre;Tous;Femmes;8.0;7.6;7.1;58;27
2021;Bourgogne et Franche-Comté;Nièvre;18-24 ans;Hommes et Femmes;2.5;19.7;;58;27
2021;Bourgogne et Franche-Comté;Nièvre;25-44 ans;Hommes et Femmes;8.5;22.4;;58;27
2022;Bourgogne et Franche-Comté;Nièvre;00-17 ans;Femmes;0.0;0.0;;58;27
2022;Bourgogne et Franche-Comté;Nièvre;18-24 ans;Femmes;0.0;0.0;;58;27
2022;Bourgogne et Franche-Comté;Nièvre;25-44 ans;Femmes;0.0;0.0;;58;27
2022;Bourgogne et Franche-Comté;Nièvre;45-64 ans;Femmes;2.5;9.0;;58;27
2022;Bourgogne et Franche-Comté;Nièvre;Tous;Hommes et Femmes;40.5;20.0;17.2;58;27
2023;Bourgogne et Franche-Comté;Nièvre;25-44 ans;Hommes;6.0;31.5;;58;27
2023;Bourgogne et Franche-Comté;Nièvre;45-64 ans;Hommes;6.0;22.5;;58;27
2023;Bourgogne et Franche-Comté;Nièvre;65 ans et plus;Hommes;9.0;33.5;;58;27
2023;Bourgogne et Franche-Comté;Nièvre;Tous;Hommes;21.0;21.6;23.6;58;27
2023;Bourgogne et Franche-Comté;Nièvre;18-24 ans;Femmes;0.0;0.0;;58;27
2023;Bourgogne et Franche-Comté;Nièvre;45-64 ans;Femmes;2.5;9.1;;58;27
2023;Bourgogne et Franche-Comté;Nièvre;65 ans et plus;Femmes;2.5;7.1;;58;27
2023;Bourgogne et Franche-Comté;Nièvre;25-44 ans;Hommes et Femmes;8.5;22.2;;58;27
2023;Bourgogne et Franche-Comté;Nièvre;45-64 ans;Hommes et Femmes;8.5;15.7;;58;27
2019;Hauts-de-France;Nord;45-64 ans;Hommes;102.0;32.7;;59;32
2019;Hauts-de-France;Nord;00-17 ans;Femmes;2.5;0.8;;59;32
2019;Hauts-de-France;Nord;65 ans et plus;Femmes;18.0;6.8;;59;32
2019;Hauts-de-France;Nord;Tous;Femmes;84.0;6.2;6.5;59;32
2019;Hauts-de-France;Nord;45-64 ans;Hommes et Femmes;144.0;22.4;;59;32
2019;Hauts-de-France;Nord;Tous;Hommes et Femmes;328.5;12.6;13.2;59;32
2020;Hauts-de-France;Nord;45-64 ans;Hommes;110.0;35.3;;59;32
2020;Hauts-de-France;Nord;65 ans et plus;Hommes;77.0;40.9;;59;32
2020;Hauts-de-France;Nord;18-24 ans;Femmes;2.5;2.0;;59;32
2020;Hauts-de-France;Nord;65 ans et plus;Femmes;26.0;9.7;;59;32
2020;Hauts-de-France;Nord;18-24 ans;Hommes et Femmes;10.5;4.2;;59;32
2020;Hauts-de-France;Nord;65 ans et plus;Hommes et Femmes;103.0;22.6;;59;32
2020;Hauts-de-France;Nord;Tous;Hommes et Femmes;362.5;13.9;14.9;59;32
2021;Hauts-de-France;Nord;Tous;Hommes;257.0;20.4;21.4;59;32
2021;Hauts-de-France;Nord;18-24 ans;Femmes;7.0;5.7;;59;32
2021;Hauts-de-France;Nord;Tous;Femmes;88.5;6.6;6.7;59;32
2021;Hauts-de-France;Nord;00-17 ans;Hommes et Femmes;7.5;1.2;;59;32
2021;Hauts-de-France;Nord;18-24 ans;Hommes et Femmes;23.0;9.2;;59;32
2022;Hauts-de-France;Nord;18-24 ans;Femmes;2.5;2.0;;59;32
2022;Hauts-de-France;Nord;18-24 ans;Hommes et Femmes;19.5;7.8;;59;32
2023;Hauts-de-France;Nord;00-17 ans;Femmes;2.5;0.9;;59;32
2023;Hauts-de-France;Nord;65 ans et plus;Femmes;19.0;6.7;;59;32
2023;Hauts-de-France;Nord;00-17 ans;Hommes et Femmes;6.0;1.0;;59;32
2023;Hauts-de-France;Nord;25-44 ans;Hommes et Femmes;88.0;13.3;;59;32
2023;Hauts-de-France;Nord;65 ans et plus;Hommes et Femmes;97.0;20.2;;59;32
2019;Hauts-de-France;Oise;18-24 ans;Hommes;2.5;7.6;;60;32
2019;Hauts-de-France;Oise;45-64 ans;Hommes;36.0;33.2;;60;32
2019;Hauts-de-France;Oise;Tous;Hommes;72.5;17.9;18.7;60;32
2019;Hauts-de-France;Oise;45-64 ans;Femmes;2.5;2.3;;60;32
2019;Hauts-de-France;Oise;00-17 ans;Hommes et Femmes;2.5;1.3;;60;32
2019;Hauts-de-France;Oise;45-64 ans;Hommes et Femmes;38.5;17.5;;60;32
2020;Hauts-de-France;Oise;45-64 ans;Hommes;37.0;34.2;;60;32
2020;Hauts-de-France;Oise;25-44 ans;Femmes;2.5;2.4;;60;32
2020;Hauts-de-France;Oise;65 ans et plus;Hommes et Femmes;38.0;26.2;;60;32
2021;Hauts-de-France;Oise;18-24 ans;Hommes;2.5;7.5;;60;32
2021;Hauts-de-France;Oise;25-44 ans;Hommes;19.0;19.1;;60;32
2021;Hauts-de-France;Oise;45-64 ans;Hommes;22.0;20.3;;60;32
2021;Hauts-de-France;Oise;00-17 ans;Femmes;2.5;2.6;;60;32
2021;Hauts-de-France;Oise;18-24 ans;Femmes;0.0;0.0;;60;32
2021;Hauts-de-France;Oise;Tous;Femmes;18.0;4.3;4.4;60;32
2021;Hauts-de-France;Oise;00-17 ans;Hommes et Femmes;2.5;1.3;;60;32
2021;Hauts-de-France;Oise;18-24 ans;Hommes et Femmes;2.5;3.9;;60;32
2021;Hauts-de-France;Oise;25-44 ans;Hommes et Femmes;21.5;10.6;;60;32
2021;Hauts-de-France;Oise;65 ans et plus;Hommes et Femmes;37.0;25.1;;60;32
2022;Hauts-de-France;Oise;00-17 ans;Femmes;0.0;0.0;;60;32
2022;Hauts-de-France;Oise;18-24 ans;Femmes;0.0;0.0;;60;32
2022;Hauts-de-France;Oise;25-44 ans;Femmes;6.0;5.8;;60;32
2022;Hauts-de-France;Oise;45-64 ans;Femmes;13.0;11.9;;60;32
2022;Hauts-de-France;Oise;65 ans et plus;Femmes;5.0;6.0;;60;32
2022;Hauts-de-France;Oise;00-17 ans;Hommes et Femmes;2.5;1.3;;60;32
2022;Hauts-de-France;Oise;18-24 ans;Hommes et Femmes;2.5;3.9;;60;32
2023;Hauts-de-France;Oise;00-17 ans;Femmes;0.0;0.0;;60;32
2023;Hauts-de-France;Oise;65 ans et plus;Hommes et Femmes;30.0;19.8;;60;32
2023;Hauts-de-France;Oise;Tous;Hommes et Femmes;86.0;10.4;10.9;60;32
2019;Normandie;Orne;00-17 ans;Hommes;2.5;8.7;;61;28
2019;Normandie;Orne;25-44 ans;Hommes;11.0;39.7;;61;28
2019;Normandie;Orne;00-17 ans;Femmes;0.0;0.0;;61;28
2019;Normandie;Orne;65 ans et plus;Femmes;2.5;6.1;;61;28
2019;Normandie;Orne;18-24 ans;Hommes et Femmes;0.0;0.0;;61;28
2019;Normandie;Orne;45-64 ans;Hommes et Femmes;29.0;37.6;;61;28
2020;Normandie;Orne;25-44 ans;Hommes;7.0;25.5;;61;28
2020;Normandie;Orne;45-64 ans;Hommes;17.0;44.8;;61;28
2020;Normandie;Orne;45-64 ans;Femmes;6.0;15.6;;61;28
2020;Normandie;Orne;Tous;Femmes;18.5;13.0;10.4;61;28
2020;Normandie;Orne;00-17 ans;Hommes et Femmes;2.5;4.6;;61;28
2021;Normandie;Orne;25-44 ans;Hommes;13.0;47.5;;61;28
2021;Normandie;Orne;45-64 ans;Hommes;27.0;72.1;;61;28
2021;Normandie;Orne;18-24 ans;Femmes;0.0;0.0;;61;28
2021;Normandie;Orne;65 ans et plus;Femmes;5.0;11.9;;61;28
2021;Normandie;Orne;Tous;Femmes;10.0;7.1;6.3;61;28
2021;Normandie;Orne;25-44 ans;Hommes et Femmes;15.5;28.5;;61;28
2022;Normandie;Orne;25-44 ans;Hommes;8.0;29.0;;61;28
2022;Normandie;Orne;45-64 ans;Hommes;18.0;48.7;;61;28
2022;Normandie;Orne;Tous;Femmes;16.0;11.3;11.2;61;28
2022;Normandie;Orne;00-17 ans;Hommes et Femmes;0.0;0.0;;61;28
2022;Normandie;Orne;25-44 ans;Hommes et Femmes;13.0;23.7;;61;28
2022;Normandie;Orne;45-64 ans;Hommes et Femmes;24.0;32.2;;61;28
2022;Normandie;Orne;65 ans et plus;Hommes et Femmes;24.0;31.9;;61;28
2023;Normandie;Orne;00-17 ans;Hommes;0.0;0.0;;61;28
2023;Normandie;Orne;25-44 ans;Hommes;9.0;32.6;;61;28
2023;Normandie;Orne;65 ans et plus;Hommes;11.0;33.0;;61;28
2023;Normandie;Orne;Tous;Femmes;14.0;10.0;8.9;61;28
2023;Normandie;Orne;Tous;Hommes et Femmes;49.5;18.0;16.8;61;28
2019;Hauts-de-France;Pas-de-Calais;00-17 ans;Femmes;2.5;1.5;;62;32
2019;Hauts-de-France;Pas-de-Calais;Tous;Femmes;62.0;8.2;8.3;62;32
2019;Hauts-de-France;Pas-de-Calais;Tous;Hommes et Femmes;265.0;18.1;18.5;62;32
2020;Hauts-de-France;Pas-de-Calais;18-24 ans;Hommes;6.0;9.8;;62;32
2020;Hauts-de-France;Pas-de-Calais;25-44 ans;Hommes;55.0;32.2;;62;32
2020;Hauts-de-France;Pas-de-Calais;18-24 ans;Femmes;5.0;8.8;;62;32
2021;Hauts-de-France;Pas-de-Calais;25-44 ans;Femmes;6.0;3.5;;62;32
2021;Hauts-de-France;Pas-de-Calais;45-64 ans;Femmes;25.0;13.0;;62;32
2021;Hauts-de-France;Pas-de-Calais;Tous;Femmes;53.5;7.1;7.1;62;32
2022;Hauts-de-France;Pas-de-Calais;00-17 ans;Hommes;2.5;1.5;;62;32
2022;Hauts-de-France;Pas-de-Calais;18-24 ans;Femmes;2.5;4.4;;62;32
2022;Hauts-de-France;Pas-de-Calais;25-44 ans;Femmes;10.0;5.8;;62;32
2022;Hauts-de-France;Pas-de-Calais;45-64 ans;Femmes;27.0;14.1;;62;32
2022;Hauts-de-France;Pas-de-Calais;45-64 ans;Hommes et Femmes;110.0;29.2;;62;32
2023;Hauts-de-France;Pas-de-Calais;45-64 ans;Femmes;25.0;13.2;;62;32
2023;Hauts-de-France;Pas-de-Calais;Tous;Femmes;56.0;7.5;7.5;62;32
2023;Hauts-de-France;Pas-de-Calais;45-64 ans;Hommes et Femmes;105.0;28.1;;62;32
2023;Hauts-de-France;Pas-de-Calais;Tous;Hommes et Femmes;251.5;17.3;17.4;62;32
2019;Auvergne et Rhône-Alpes;Puy-de-Dôme;25-44 ans;Hommes;13.0;16.7;;63;84
2019;Auvergne et Rhône-Alpes;Puy-de-Dôme;45-64 ans;Hommes;29.0;33.8;;63;84
2019;Auvergne et Rhône-Alpes;Puy-de-Dôme;18-24 ans;Femmes;2.5;8.7;;63;84
2019;Auvergne et Rhône-Alpes;Puy-de-Dôme;45-64 ans;Femmes;9.0;10.1;;63;84
2019;Auvergne et Rhône-Alpes;Puy-de-Dôme;65 ans et plus;Femmes;10.0;12.1;;63;84
2019;Auvergne et Rhône-Alpes;Puy-de-Dôme;65 ans et plus;Hommes et Femmes;32.0;22.2;;63;84
2019;Auvergne et Rhône-Alpes;Puy-de-Dôme;Tous;Hommes et Femmes;96.0;14.5;14.2;63;84
2020;Auvergne et Rhône-Alpes;Puy-de-Dôme;45-64 ans;Hommes;34.0;39.8;;63;84
2020;Auvergne et Rhône-Alpes;Puy-de-Dôme;00-17 ans;Femmes;0.0;0.0;;63;84
2020;Auvergne et Rhône-Alpes;Puy-de-Dôme;18-24 ans;Femmes;0.0;0.0;;63;84
2020;Auvergne et Rhône-Alpes;Puy-de-Dôme;25-44 ans;Femmes;0.0;0.0;;63;84
2020;Auvergne et Rhône-Alpes;Puy-de-Dôme;00-17 ans;Hommes et Femmes;0.0;0.0;;63;84
2020;Auvergne et Rhône-Alpes;Puy-de-Dôme;25-44 ans;Hommes et Femmes;16.0;10.5;;63;84
2020;Auvergne et Rhône-Alpes;Puy-de-Dôme;65 ans et plus;Hommes et Femmes;22.0;15.0;;63;84
2021;Auvergne et Rhône-Alpes;Puy-de-Dôme;25-44 ans;Hommes;16.0;20.9;;63;84
2021;Auvergne et Rhône-Alpes;Puy-de-Dôme;45-64 ans;Hommes;31.0;36.5;;63;84
2021;Auvergne et Rhône-Alpes;Puy-de-Dôme;65 ans et plus;Hommes;32.0;50.4;;63;84
2021;Auvergne et Rhône-Alpes;Puy-de-Dôme;Tous;Hommes;81.5;25.4;25.2;63;84
2021;Auvergne et Rhône-Alpes;Puy-de-Dôme;00-17 ans;Hommes et Femmes;0.0;0.0;;63;84
2021;Auvergne et Rhône-Alpes;Puy-de-Dôme;65 ans et plus;Hommes et Femmes;43.0;29.1;;63;84
2022;Auvergne et Rhône-Alpes;Puy-de-Dôme;Tous;Hommes;89.5;27.8;26.5;63;84
2022;Auvergne et Rhône-Alpes;Puy-de-Dôme;Tous;Femmes;26.0;7.6;7.6;63;84
2022;Auvergne et Rhône-Alpes;Puy-de-Dôme;00-17 ans;Hommes et Femmes;2.5;1.9;;63;84
2022;Auvergne et Rhône-Alpes;Puy-de-Dôme;25-44 ans;Hommes et Femmes;19.5;12.6;;63;84
2022;Auvergne et Rhône-Alpes;Puy-de-Dôme;45-64 ans;Hommes et Femmes;40.0;23.4;;63;84
2023;Auvergne et Rhône-Alpes;Puy-de-Dôme;Tous;Hommes;71.5;22.2;22.0;63;84
2023;Auvergne et Rhône-Alpes;Puy-de-Dôme;25-44 ans;Femmes;2.5;3.2;;63;84
2023;Auvergne et Rhône-Alpes;Puy-de-Dôme;65 ans et plus;Femmes;6.0;7.0;;63;84
2023;Auvergne et Rhône-Alpes;Puy-de-Dôme;Tous;Femmes;20.0;5.8;5.7;63;84
2023;Auvergne et Rhône-Alpes;Puy-de-Dôme;00-17 ans;Hommes et Femmes;2.5;1.9;;63;84
2023;Auvergne et Rhône-Alpes;Puy-de-Dôme;18-24 ans;Hommes et Femmes;6.0;10.2;;63;84
2023;Auvergne et Rhône-Alpes;Puy-de-Dôme;25-44 ans;Hommes et Femmes;22.5;14.5;;63;84
2019;Nouvelle Aquitaine;Pyrénées-Atlantiques;45-64 ans;Hommes;22.0;24.1;;64;75
2019;Nouvelle Aquitaine;Pyrénées-Atlantiques;65 ans et plus;Hommes;20.0;28.6;;64;75
2019;Nouvelle Aquitaine;Pyrénées-Atlantiques;18-24 ans;Femmes;0.0;0.0;;64;75
2019;Nouvelle Aquitaine;Pyrénées-Atlantiques;18-24 ans;Hommes et Femmes;2.5;5.3;;64;75
2019;Nouvelle Aquitaine;Pyrénées-Atlantiques;65 ans et plus;Hommes et Femmes;29.0;17.6;;64;75
2019;Nouvelle Aquitaine;Pyrénées-Atlantiques;Tous;Hommes et Femmes;76.5;11.2;10.1;64;75
2020;Nouvelle Aquitaine;Pyrénées-Atlantiques;18-24 ans;Hommes;2.5;9.9;;64;75
2020;Nouvelle Aquitaine;Pyrénées-Atlantiques;25-44 ans;Femmes;2.5;3.2;;64;75
2020;Nouvelle Aquitaine;Pyrénées-Atlantiques;Tous;Femmes;19.5;5.5;4.9;64;75
2020;Nouvelle Aquitaine;Pyrénées-Atlantiques;00-17 ans;Hommes et Femmes;0.0;0.0;;64;75
2020;Nouvelle Aquitaine;Pyrénées-Atlantiques;25-44 ans;Hommes et Femmes;15.5;10.2;;64;75
2020;Nouvelle Aquitaine;Pyrénées-Atlantiques;45-64 ans;Hommes et Femmes;21.0;11.1;;64;75
2021;Nouvelle Aquitaine;Pyrénées-Atlantiques;18-24 ans;Hommes;2.5;9.9;;64;75
2021;Nouvelle Aquitaine;Pyrénées-Atlantiques;65 ans et plus;Hommes;23.0;31.5;;64;75
2021;Nouvelle Aquitaine;Pyrénées-Atlantiques;Tous;Hommes;49.5;14.9;13.4;64;75
2021;Nouvelle Aquitaine;Pyrénées-Atlantiques;18-24 ans;Femmes;2.5;10.9;;64;75
2021;Nouvelle Aquitaine;Pyrénées-Atlantiques;65 ans et plus;Femmes;9.0;9.1;;64;75
2021;Nouvelle Aquitaine;Pyrénées-Atlantiques;25-44 ans;Hommes et Femmes;11.5;7.4;;64;75
2021;Nouvelle Aquitaine;Pyrénées-Atlantiques;Tous;Hommes et Femmes;69.5;10.0;9.2;64;75
2022;Nouvelle Aquitaine;Pyrénées-Atlantiques;18-24 ans;Hommes et Femmes;2.5;5.2;;64;75
2022;Nouvelle Aquitaine;Pyrénées-Atlantiques;25-44 ans;Hommes et Femmes;11.5;7.3;;64;75
2022;Nouvelle Aquitaine;Pyrénées-Atlantiques;45-64 ans;Hommes et Femmes;27.0;14.2;;64;75
2022;Nouvelle Aquitaine;Pyrénées-Atlantiques;Tous;Hommes et Femmes;69.5;9.9;9.1;64;75
2023;Nouvelle Aquitaine;Pyrénées-Atlantiques;18-24 ans;Femmes;2.5;10.7;;64;75
2023;Nouvelle Aquitaine;Pyrénées-Atlantiques;Tous;Femmes;23.5;6.4;6.1;64;75
2023;Nouvelle Aquitaine;Pyrénées-Atlantiques;18-24 ans;Hommes et Femmes;2.5;5.1;;64;75
2023;Nouvelle Aquitaine;Pyrénées-Atlantiques;25-44 ans;Hommes et Femmes;16.0;10.1;;64;75
2023;Nouvelle Aquitaine;Pyrénées-Atlantiques;45-64 ans;Hommes et Femmes;30.0;15.8;;64;75
2019;Occitanie;Hautes-Pyrénées;25-44 ans;Hommes;6.0;26.8;;65;76
2019;Occitanie;Hautes-Pyrénées;65 ans et plus;Hommes;14.0;52.5;;65;76
2019;Occitanie;Hautes-Pyrénées;Tous;Hommes;35.0;31.7;28.9;65;76
2019;Occitanie;Hautes-Pyrénées;18-24 ans;Hommes et Femmes;0.0;0.0;;65;76
2020;Occitanie;Hautes-Pyrénées;18-24 ans;Femmes;0.0;0.0;;65;76
2020;Occitanie;Hautes-Pyrénées;25-44 ans;Femmes;2.5;10.8;;65;76
2020;Occitanie;Hautes-Pyrénées;65 ans et plus;Femmes;2.5;7.0;;65;76
2020;Occitanie;Hautes-Pyrénées;Tous;Femmes;6.0;5.0;4.8;65;76
2020;Occitanie;Hautes-Pyrénées;00-17 ans;Hommes et Femmes;0.0;0.0;;65;76
2020;Occitanie;Hautes-Pyrénées;65 ans et plus;Hommes et Femmes;10.5;16.7;;65;76
2020;Occitanie;Hautes-Pyrénées;Tous;Hommes et Femmes;23.0;10.0;9.4;65;76
2021;Occitanie;Hautes-Pyrénées;65 ans et plus;Hommes;14.0;50.7;;65;76
2021;Occitanie;Hautes-Pyrénées;65 ans et plus;Femmes;2.5;6.9;;65;76
2021;Occitanie;Hautes-Pyrénées;00-17 ans;Hommes et Femmes;0.0;0.0;;65;76
2021;Occitanie;Hautes-Pyrénées;Tous;Hommes et Femmes;34.0;14.7;12.9;65;76
2022;Occitanie;Hautes-Pyrénées;45-64 ans;Hommes;10.0;32.5;;65;76
2022;Occitanie;Hautes-Pyrénées;Tous;Hommes;31.5;28.2;25.4;65;76
2022;Occitanie;Hautes-Pyrénées;65 ans et plus;Femmes;0.0;0.0;;65;76
2022;Occitanie;Hautes-Pyrénées;00-17 ans;Hommes et Femmes;0.0;0.0;;65;76
2022;Occitanie;Hautes-Pyrénées;18-24 ans;Hommes et Femmes;2.5;15.6;;65;76
2022;Occitanie;Hautes-Pyrénées;25-44 ans;Hommes et Femmes;8.5;18.0;;65;76
2022;Occitanie;Hautes-Pyrénées;45-64 ans;Hommes et Femmes;12.5;19.6;;65;76
2022;Occitanie;Hautes-Pyrénées;65 ans et plus;Hommes et Femmes;13.0;20.3;;65;76
2022;Occitanie;Hautes-Pyrénées;Tous;Hommes et Femmes;39.5;17.1;16.2;65;76
2023;Occitanie;Hautes-Pyrénées;00-17 ans;Hommes;0.0;0.0;;65;76
2023;Occitanie;Hautes-Pyrénées;18-24 ans;Hommes;0.0;0.0;;65;76
2023;Occitanie;Hautes-Pyrénées;25-44 ans;Hommes;6.0;25.1;;65;76
2023;Occitanie;Hautes-Pyrénées;45-64 ans;Femmes;2.5;7.7;;65;76
2023;Occitanie;Hautes-Pyrénées;65 ans et plus;Femmes;2.5;6.9;;65;76
2023;Occitanie;Hautes-Pyrénées;Tous;Femmes;7.0;5.9;5.0;65;76
2023;Occitanie;Hautes-Pyrénées;18-24 ans;Hommes et Femmes;0.0;0.0;;65;76
2023;Occitanie;Hautes-Pyrénées;45-64 ans;Hommes et Femmes;12.5;19.8;;65;76
2023;Occitanie;Hautes-Pyrénées;Tous;Hommes et Femmes;29.0;12.5;11.6;65;76
2019;Occitanie;Pyrénées-Orientales;00-17 ans;Hommes;0.0;0.0;;66;76
2019;Occitanie;Pyrénées-Orientales;18-24 ans;Hommes;2.5;15.0;;66;76
2019;Occitanie;Pyrénées-Orientales;Tous;Hommes;56.5;24.8;23.8;66;76
2019;Occitanie;Pyrénées-Orientales;00-17 ans;Femmes;0.0;0.0;;66;76
2019;Occitanie;Pyrénées-Orientales;18-24 ans;Femmes;0.0;0.0;;66;76
2019;Occitanie;Pyrénées-Orientales;45-64 ans;Femmes;6.0;9.0;;66;76
2019;Occitanie;Pyrénées-Orientales;00-17 ans;Hommes et Femmes;0.0;0.0;;66;76
2019;Occitanie;Pyrénées-Orientales;25-44 ans;Hommes et Femmes;21.5;21.5;;66;76
2019;Occitanie;Pyrénées-Orientales;65 ans et plus;Hommes et Femmes;18.5;14.7;;66;76
2019;Occitanie;Pyrénées-Orientales;Tous;Hommes et Femmes;67.5;14.1;13.6;66;76
2020;Occitanie;Pyrénées-Orientales;65 ans et plus;Hommes;24.0;43.6;;66;76
2020;Occitanie;Pyrénées-Orientales;00-17 ans;Femmes;0.0;0.0;;66;76
2020;Occitanie;Pyrénées-Orientales;18-24 ans;Femmes;2.5;15.8;;66;76
2020;Occitanie;Pyrénées-Orientales;25-44 ans;Femmes;2.5;4.8;;66;76
2020;Occitanie;Pyrénées-Orientales;45-64 ans;Femmes;8.0;11.8;;66;76
2020;Occitanie;Pyrénées-Orientales;65 ans et plus;Femmes;6.0;8.3;;66;76
2020;Occitanie;Pyrénées-Orientales;Tous;Femmes;16.0;6.3;5.9;66;76
2020;Occitanie;Pyrénées-Orientales;45-64 ans;Hommes et Femmes;26.0;20.2;;66;76
2020;Occitanie;Pyrénées-Orientales;65 ans et plus;Hommes et Femmes;30.0;23.6;;66;76
2021;Occitanie;Pyrénées-Orientales;Tous;Hommes;63.5;27.4;26.3;66;76
2021;Occitanie;Pyrénées-Orientales;25-44 ans;Femmes;2.5;4.8;;66;76
2021;Occitanie;Pyrénées-Orientales;Tous;Femmes;15.0;5.9;6.2;66;76
2021;Occitanie;Pyrénées-Orientales;Tous;Hommes et Femmes;78.5;16.1;15.9;66;76
2022;Occitanie;Pyrénées-Orientales;00-17 ans;Hommes;0.0;0.0;;66;76
2022;Occitanie;Pyrénées-Orientales;18-24 ans;Hommes;2.5;14.7;;66;76
2022;Occitanie;Pyrénées-Orientales;45-64 ans;Hommes;22.0;35.3;;66;76
2022;Occitanie;Pyrénées-Orientales;00-17 ans;Femmes;2.5;5.4;;66;76
2022;Occitanie;Pyrénées-Orientales;25-44 ans;Femmes;2.5;4.7;;66;76
2022;Occitanie;Pyrénées-Orientales;25-44 ans;Hommes et Femmes;17.5;17.1;;66;76
2023;Occitanie;Pyrénées-Orientales;18-24 ans;Hommes;2.5;14.4;;66;76
2023;Occitanie;Pyrénées-Orientales;45-64 ans;Hommes;15.0;23.9;;66;76
2023;Occitanie;Pyrénées-Orientales;00-17 ans;Femmes;0.0;0.0;;66;76
2023;Occitanie;Pyrénées-Orientales;65 ans et plus;Hommes et Femmes;35.0;26.1;;66;76
2019;Grand Est;Bas-Rhin;00-17 ans;Hommes;2.5;2.1;;67;44
2019;Grand Est;Bas-Rhin;45-64 ans;Hommes;34.0;22.5;;67;44
2019;Grand Est;Bas-Rhin;Tous;Hommes;98.0;17.7;17.8;67;44
2019;Grand Est;Bas-Rhin;25-44 ans;Femmes;10.0;6.9;;67;44
2019;Grand Est;Bas-Rhin;45-64 ans;Femmes;12.0;7.7;;67;44
2019;Grand Est;Bas-Rhin;65 ans et plus;Femmes;14.0;11.8;;67;44
2019;Grand Est;Bas-Rhin;25-44 ans;Hommes et Femmes;40.0;14.0;;67;44
2019;Grand Est;Bas-Rhin;Tous;Hommes et Femmes;137.0;12.0;12.1;67;44
2020;Grand Est;Bas-Rhin;00-17 ans;Hommes;0.0;0.0;;67;44
2020;Grand Est;Bas-Rhin;25-44 ans;Hommes;21.0;14.9;;67;44
2020;Grand Est;Bas-Rhin;18-24 ans;Femmes;0.0;0.0;;67;44
2020;Grand Est;Bas-Rhin;25-44 ans;Femmes;15.0;10.2;;67;44
2020;Grand Est;Bas-Rhin;65 ans et plus;Femmes;12.0;9.9;;67;44
2021;Grand Est;Bas-Rhin;18-24 ans;Hommes;2.5;4.9;;67;44
2021;Grand Est;Bas-Rhin;65 ans et plus;Hommes;38.0;39.0;;67;44
2021;Grand Est;Bas-Rhin;18-24 ans;Femmes;2.5;4.8;;67;44
2021;Grand Est;Bas-Rhin;25-44 ans;Femmes;2.5;1.7;;67;44
2021;Grand Est;Bas-Rhin;65 ans et plus;Hommes et Femmes;49.0;22.2;;67;44
2021;Grand Est;Bas-Rhin;Tous;Hommes et Femmes;143.0;12.4;12.5;67;44
2022;Grand Est;Bas-Rhin;18-24 ans;Femmes;2.5;4.8;;67;44
2022;Grand Est;Bas-Rhin;00-17 ans;Hommes et Femmes;2.5;1.1;;67;44
2023;Grand Est;Bas-Rhin;00-17 ans;Hommes;2.5;2.1;;67;44
2023;Grand Est;Bas-Rhin;45-64 ans;Hommes;38.0;25.5;;67;44
2023;Grand Est;Bas-Rhin;Tous;Hommes;103.5;18.3;18.0;67;44
2023;Grand Est;Bas-Rhin;00-17 ans;Femmes;2.5;2.2;;67;44
2023;Grand Est;Bas-Rhin;18-24 ans;Femmes;2.5;4.8;;67;44
2023;Grand Est;Bas-Rhin;65 ans et plus;Femmes;12.0;9.4;;67;44
2023;Grand Est;Bas-Rhin;00-17 ans;Hommes et Femmes;2.5;1.1;;67;44
2023;Grand Est;Bas-Rhin;18-24 ans;Hommes et Femmes;10.5;10.2;;67;44
2023;Grand Est;Bas-Rhin;45-64 ans;Hommes et Femmes;50.0;16.5;;67;44
2023;Grand Est;Bas-Rhin;65 ans et plus;Hommes et Femmes;48.0;20.9;;67;44
2023;Grand Est;Bas-Rhin;Tous;Hommes et Femmes;132.5;11.4;11.3;67;44
2019;Grand Est;Haut-Rhin;00-17 ans;Hommes;0.0;0.0;;68;44
2019;Grand Est;Haut-Rhin;25-44 ans;Hommes;19.0;21.1;;68;44
2019;Grand Est;Haut-Rhin;45-64 ans;Hommes;28.0;26.5;;68;44
2019;Grand Est;Haut-Rhin;Tous;Hommes;74.5;19.8;19.3;68;44
2019;Grand Est;Haut-Rhin;65 ans et plus;Femmes;6.0;7.1;;68;44
2019;Grand Est;Haut-Rhin;00-17 ans;Hommes et Femmes;0.0;0.0;;68;44
2019;Grand Est;Haut-Rhin;25-44 ans;Hommes et Femmes;21.5;11.7;;68;44
2019;Grand Est;Haut-Rhin;65 ans et plus;Hommes et Femmes;31.0;20.3;;68;44
2020;Grand Est;Haut-Rhin;45-64 ans;Hommes;30.0;28.4;;68;44
2020;Grand Est;Haut-Rhin;00-17 ans;Femmes;0.0;0.0;;68;44
2020;Grand Est;Haut-Rhin;45-64 ans;Femmes;8.0;7.4;;68;44
2020;Grand Est;Haut-Rhin;18-24 ans;Hommes et Femmes;5.0;8.9;;68;44
2020;Grand Est;Haut-Rhin;65 ans et plus;Hommes et Femmes;32.0;20.5;;68;44
2021;Grand Est;Haut-Rhin;00-17 ans;Hommes;2.5;3.0;;68;44
2021;Grand Est;Haut-Rhin;65 ans et plus;Hommes;18.0;25.4;;68;44
2021;Grand Est;Haut-Rhin;00-17 ans;Femmes;2.5;3.3;;68;44
2021;Grand Est;Haut-Rhin;18-24 ans;Femmes;0.0;0.0;;68;44
2021;Grand Est;Haut-Rhin;18-24 ans;Hommes et Femmes;2.5;4.5;;68;44
2021;Grand Est;Haut-Rhin;25-44 ans;Hommes et Femmes;21.5;11.8;;68;44
2022;Grand Est;Haut-Rhin;45-64 ans;Hommes;32.0;30.6;;68;44
2022;Grand Est;Haut-Rhin;65 ans et plus;Femmes;9.0;10.0;;68;44
2022;Grand Est;Haut-Rhin;Tous;Femmes;21.5;5.5;6.0;68;44
2022;Grand Est;Haut-Rhin;00-17 ans;Hommes et Femmes;0.0;0.0;;68;44
2022;Grand Est;Haut-Rhin;25-44 ans;Hommes et Femmes;21.5;11.8;;68;44
2023;Grand Est;Haut-Rhin;00-17 ans;Hommes;0.0;0.0;;68;44
2023;Grand Est;Haut-Rhin;18-24 ans;Femmes;0.0;0.0;;68;44
2023;Grand Est;Haut-Rhin;18-24 ans;Hommes et Femmes;2.5;4.5;;68;44
2019;Auvergne et Rhône-Alpes;Rhône;18-24 ans;Hommes;2.5;2.7;;69;84
2019;Auvergne et Rhône-Alpes;Rhône;00-17 ans;Femmes;2.5;1.2;;69;84
2019;Auvergne et Rhône-Alpes;Rhône;65 ans et plus;Femmes;8.0;4.3;;69;84
2019;Auvergne et Rhône-Alpes;Rhône;00-17 ans;Hommes et Femmes;2.5;0.6;;69;84
2019;Auvergne et Rhône-Alpes;Rhône;65 ans et plus;Hommes et Femmes;23.0;7.2;;69;84
2020;Auvergne et Rhône-Alpes;Rhône;45-64 ans;Hommes;27.0;12.7;;69;84
2020;Auvergne et Rhône-Alpes;Rhône;65 ans et plus;Hommes;35.0;25.6;;69;84
2020;Auvergne et Rhône-Alpes;Rhône;Tous;Hommes;87.0;9.6;10.5;69;84
2020;Auvergne et Rhône-Alpes;Rhône;25-44 ans;Femmes;2.5;1.0;;69;84
2020;Auvergne et Rhône-Alpes;Rhône;18-24 ans;Hommes et Femmes;10.5;5.5;;69;84
2021;Auvergne et Rhône-Alpes;Rhône;18-24 ans;Hommes;2.5;2.7;;69;84
2021;Auvergne et Rhône-Alpes;Rhône;65 ans et plus;Hommes;28.0;20.3;;69;84
2021;Auvergne et Rhône-Alpes;Rhône;18-24 ans;Femmes;2.5;2.5;;69;84
2021;Auvergne et Rhône-Alpes;Rhône;45-64 ans;Femmes;15.0;6.7;;69;84
2022;Auvergne et Rhône-Alpes;Rhône;45-64 ans;Hommes;30.0;13.9;;69;84
2022;Auvergne et Rhône-Alpes;Rhône;Tous;Hommes;94.0;10.2;10.9;69;84
2022;Auvergne et Rhône-Alpes;Rhône;00-17 ans;Femmes;2.5;1.2;;69;84
2022;Auvergne et Rhône-Alpes;Rhône;25-44 ans;Femmes;2.5;0.9;;69;84
2022;Auvergne et Rhône-Alpes;Rhône;65 ans et plus;Femmes;12.0;6.2;;69;84
2022;Auvergne et Rhône-Alpes;Rhône;25-44 ans;Hommes et Femmes;27.5;5.3;;69;84
2023;Auvergne et Rhône-Alpes;Rhône;00-17 ans;Hommes;0.0;0.0;;69;84
2023;Auvergne et Rhône-Alpes;Rhône;45-64 ans;Hommes;29.0;13.4;;69;84
2023;Auvergne et Rhône-Alpes;Rhône;Tous;Hommes;72.0;7.8;8.4;69;84
2023;Auvergne et Rhône-Alpes;Rhône;18-24 ans;Femmes;2.5;2.5;;69;84
2023;Auvergne et Rhône-Alpes;Rhône;45-64 ans;Femmes;10.0;4.4;;69;84
2023;Auvergne et Rhône-Alpes;Rhône;65 ans et plus;Femmes;6.0;3.1;;69;84
2023;Auvergne et Rhône-Alpes;Rhône;45-64 ans;Hommes et Femmes;39.0;8.8;;69;84
2023;Auvergne et Rhône-Alpes;Rhône;Tous;Hommes et Femmes;96.5;5.0;5.3;69;84
2019;Bourgogne et Franche-Comté;Haute-Saône;18-24 ans;Hommes;2.5;30.8;;70;27
2019;Bourgogne et Franche-Comté;Haute-Saône;25-44 ans;Hommes;16.0;64.0;;70;27
2019;Bourgogne et Franche-Comté;Haute-Saône;18-24 ans;Femmes;0.0;0.0;;70;27
2019;Bourgogne et Franche-Comté;Haute-Saône;Tous;Femmes;6.0;5.0;4.8;70;27
2019;Bourgogne et Franche-Comté;Haute-Saône;18-24 ans;Hommes et Femmes;2.5;16.5;;70;27
2020;Bourgogne et Franche-Comté;Haute-Saône;Tous;Hommes;32.0;27.7;27.2;70;27
2020;Bourgogne et Franche-Comté;Haute-Saône;18-24 ans;Femmes;0.0;0.0;;70;27
2020;Bourgogne et Franche-Comté;Haute-Saône;45-64 ans;Femmes;2.5;7.5;;70;27
2020;Bourgogne et Franche-Comté;Haute-Saône;65 ans et plus;Femmes;6.0;19.9;;70;27
2020;Bourgogne et Franche-Comté;Haute-Saône;00-17 ans;Hommes et Femmes;0.0;0.0;;70;27
2020;Bourgogne et Franche-Comté;Haute-Saône;45-64 ans;Hommes et Femmes;15.5;23.4;;70;27
2021;Bourgogne et Franche-Comté;Haute-Saône;00-17 ans;Hommes;0.0;0.0;;70;27
2021;Bourgogne et Franche-Comté;Haute-Saône;18-24 ans;Hommes;2.5;30.2;;70;27
2021;Bourgogne et Franche-Comté;Haute-Saône;Tous;Hommes;33.5;29.0;28.0;70;27
2021;Bourgogne et Franche-Comté;Haute-Saône;18-24 ans;Femmes;0.0;0.0;;70;27
2021;Bourgogne et Franche-Comté;Haute-Saône;00-17 ans;Hommes et Femmes;0.0;0.0;;70;27
2022;Bourgogne et Franche-Comté;Haute-Saône;00-17 ans;Hommes;0.0;0.0;;70;27
2022;Bourgogne et Franche-Comté;Haute-Saône;18-24 ans;Hommes;2.5;30.9;;70;27
2022;Bourgogne et Franche-Comté;Haute-Saône;25-44 ans;Hommes;11.0;44.4;;70;27
2022;Bourgogne et Franche-Comté;Haute-Saône;Tous;Hommes;43.5;37.7;37.2;70;27
2022;Bourgogne et Franche-Comté;Haute-Saône;18-24 ans;Femmes;0.0;0.0;;70;27
2022;Bourgogne et Franche-Comté;Haute-Saône;45-64 ans;Femmes;2.5;7.6;;70;27
2022;Bourgogne et Franche-Comté;Haute-Saône;25-44 ans;Hommes et Femmes;11.0;22.2;;70;27
2023;Bourgogne et Franche-Comté;Haute-Saône;00-17 ans;Hommes;0.0;0.0;;70;27
2023;Bourgogne et Franche-Comté;Haute-Saône;Tous;Femmes;12.0;10.1;10.1;70;27
2023;Bourgogne et Franche-Comté;Haute-Saône;Tous;Hommes et Femmes;39.0;16.7;16.1;70;27
2019;Bourgogne et Franche-Comté;Saône-et-Loire;45-64 ans;Hommes;31.0;41.4;;71;27
2019;Bourgogne et Franche-Comté;Saône-et-Loire;65 ans et plus;Hommes;28.0;45.3;;71;27
2019;Bourgogne et Franche-Comté;Saône-et-Loire;00-17 ans;Femmes;2.5;4.7;;71;27
2019;Bourgogne et Franche-Comté;Saône-et-Loire;18-24 ans;Femmes;0.0;0.0;;71;27
2019;Bourgogne et Franche-Comté;Saône-et-Loire;45-64 ans;Femmes;8.0;10.3;;71;27
2019;Bourgogne et Franche-Comté;Saône-et-Loire;65 ans et plus;Femmes;12.0;14.9;;71;27
2019;Bourgogne et Franche-Comté;Saône-et-Loire;Tous;Femmes;24.0;8.5;7.7;71;27
2019;Bourgogne et Franche-Comté;Saône-et-Loire;00-17 ans;Hommes et Femmes;2.5;2.3;;71;27
2019;Bourgogne et Franche-Comté;Saône-et-Loire;65 ans et plus;Hommes et Femmes;40.0;28.1;;71;27
2020;Bourgogne et Franche-Comté;Saône-et-Loire;25-44 ans;Hommes;14.0;25.1;;71;27
2020;Bourgogne et Franche-Comté;Saône-et-Loire;45-64 ans;Hommes;22.0;29.6;;71;27
2020;Bourgogne et Franche-Comté;Saône-et-Loire;65 ans et plus;Hommes;37.0;58.5;;71;27
2020;Bourgogne et Franche-Comté;Saône-et-Loire;00-17 ans;Femmes;0.0;0.0;;71;27
2020;Bourgogne et Franche-Comté;Saône-et-Loire;18-24 ans;Hommes et Femmes;2.5;7.1;;71;27
2020;Bourgogne et Franche-Comté;Saône-et-Loire;45-64 ans;Hommes et Femmes;34.0;22.4;;71;27
2020;Bourgogne et Franche-Comté;Saône-et-Loire;Tous;Hommes et Femmes;101.0;18.3;16.8;71;27
2021;Bourgogne et Franche-Comté;Saône-et-Loire;18-24 ans;Hommes;2.5;13.0;;71;27
2021;Bourgogne et Franche-Comté;Saône-et-Loire;45-64 ans;Hommes;33.0;44.7;;71;27
2021;Bourgogne et Franche-Comté;Saône-et-Loire;00-17 ans;Femmes;0.0;0.0;;71;27
2021;Bourgogne et Franche-Comté;Saône-et-Loire;25-44 ans;Femmes;2.5;4.5;;71;27
2021;Bourgogne et Franche-Comté;Saône-et-Loire;25-44 ans;Hommes et Femmes;18.5;16.6;;71;27
2021;Bourgogne et Franche-Comté;Saône-et-Loire;65 ans et plus;Hommes et Femmes;41.0;27.9;;71;27
2021;Bourgogne et Franche-Comté;Saône-et-Loire;Tous;Hommes et Femmes;103.0;18.8;17.6;71;27
2022;Bourgogne et Franche-Comté;Saône-et-Loire;00-17 ans;Hommes;0.0;0.0;;71;27
2022;Bourgogne et Franche-Comté;Saône-et-Loire;Tous;Hommes;86.5;32.3;30.0;71;27
2022;Bourgogne et Franche-Comté;Saône-et-Loire;00-17 ans;Femmes;0.0;0.0;;71;27
2022;Bourgogne et Franche-Comté;Saône-et-Loire;Tous;Femmes;19.5;6.9;5.6;71;27
2022;Bourgogne et Franche-Comté;Saône-et-Loire;65 ans et plus;Hommes et Femmes;44.0;29.8;;71;27
2023;Bourgogne et Franche-Comté;Saône-et-Loire;65 ans et plus;Hommes;33.0;50.5;;71;27
2023;Bourgogne et Franche-Comté;Saône-et-Loire;Tous;Hommes;82.5;30.9;28.2;71;27
2023;Bourgogne et Franche-Comté;Saône-et-Loire;25-44 ans;Femmes;5.0;9.0;;71;27
2023;Bourgogne et Franche-Comté;Saône-et-Loire;65 ans et plus;Femmes;6.0;7.2;;71;27
2023;Bourgogne et Franche-Comté;Saône-et-Loire;45-64 ans;Hommes et Femmes;41.0;27.8;;71;27
2023;Bourgogne et Franche-Comté;Saône-et-Loire;Tous;Hommes et Femmes;101.5;18.5;17.0;71;27
2019;Pays de la Loire;Sarthe;Tous;Hommes;81.5;29.6;29.3;72;52
2019;Pays de la Loire;Sarthe;25-44 ans;Femmes;2.5;4.0;;72;52
2019;Pays de la Loire;Sarthe;18-24 ans;Hommes et Femmes;2.5;5.7;;72;52
2020;Pays de la Loire;Sarthe;45-64 ans;Hommes;26.0;35.3;;72;52
2020;Pays de la Loire;Sarthe;65 ans et plus;Hommes;33.0;59.7;;72;52
2020;Pays de la Loire;Sarthe;00-17 ans;Femmes;0.0;0.0;;72;52
2020;Pays de la Loire;Sarthe;65 ans et plus;Femmes;17.0;23.6;;72;52
2020;Pays de la Loire;Sarthe;18-24 ans;Hommes et Femmes;2.5;5.7;;72;52
2020;Pays de la Loire;Sarthe;25-44 ans;Hommes et Femmes;30.0;24.4;;72;52
2020;Pays de la Loire;Sarthe;65 ans et plus;Hommes et Femmes;50.0;39.3;;72;52
2021;Pays de la Loire;Sarthe;00-17 ans;Hommes;2.5;4.0;;72;52
2021;Pays de la Loire;Sarthe;18-24 ans;Hommes;2.5;10.9;;72;52
2021;Pays de la Loire;Sarthe;25-44 ans;Hommes;24.0;39.7;;72;52
2021;Pays de la Loire;Sarthe;00-17 ans;Hommes et Femmes;2.5;2.0;;72;52
2021;Pays de la Loire;Sarthe;18-24 ans;Hommes et Femmes;2.5;5.7;;72;52
2021;Pays de la Loire;Sarthe;25-44 ans;Hommes et Femmes;26.5;21.6;;72;52
2022;Pays de la Loire;Sarthe;18-24 ans;Femmes;0.0;0.0;;72;52
2022;Pays de la Loire;Sarthe;25-44 ans;Femmes;2.5;4.0;;72;52
2022;Pays de la Loire;Sarthe;Tous;Femmes;26.5;9.1;9.8;72;52
2022;Pays de la Loire;Sarthe;25-44 ans;Hommes et Femmes;16.5;13.4;;72;52
2022;Pays de la Loire;Sarthe;Tous;Hommes et Femmes;111.0;19.6;19.3;72;52
2023;Pays de la Loire;Sarthe;00-17 ans;Hommes;0.0;0.0;;72;52
2023;Pays de la Loire;Sarthe;18-24 ans;Hommes;2.5;10.7;;72;52
2023;Pays de la Loire;Sarthe;65 ans et plus;Hommes;31.0;54.0;;72;52
2023;Pays de la Loire;Sarthe;00-17 ans;Femmes;0.0;0.0;;72;52
2023;Pays de la Loire;Sarthe;18-24 ans;Femmes;0.0;0.0;;72;52
2023;Pays de la Loire;Sarthe;65 ans et plus;Femmes;11.0;14.9;;72;52
2023;Pays de la Loire;Sarthe;00-17 ans;Hommes et Femmes;0.0;0.0;;72;52
2023;Pays de la Loire;Sarthe;18-24 ans;Hommes et Femmes;2.5;5.6;;72;52
2023;Pays de la Loire;Sarthe;25-44 ans;Hommes et Femmes;22.0;17.8;;72;52
2023;Pays de la Loire;Sarthe;45-64 ans;Hommes et Femmes;41.0;28.0;;72;52
2019;Auvergne et Rhône-Alpes;Savoie;18-24 ans;Femmes;0.0;0.0;;73;84
2019;Auvergne et Rhône-Alpes;Savoie;Tous;Femmes;10.0;4.5;5.4;73;84
2019;Auvergne et Rhône-Alpes;Savoie;45-64 ans;Hommes et Femmes;18.5;15.5;;73;84
2020;Auvergne et Rhône-Alpes;Savoie;45-64 ans;Hommes;15.0;25.3;;73;84
2020;Auvergne et Rhône-Alpes;Savoie;Tous;Femmes;11.0;4.9;5.3;73;84
2020;Auvergne et Rhône-Alpes;Savoie;18-24 ans;Hommes et Femmes;2.5;7.8;;73;84
2020;Auvergne et Rhône-Alpes;Savoie;65 ans et plus;Hommes et Femmes;21.5;23.4;;73;84
2021;Auvergne et Rhône-Alpes;Savoie;18-24 ans;Hommes;2.5;14.3;;73;84
2021;Auvergne et Rhône-Alpes;Savoie;Tous;Femmes;15.0;6.7;6.6;73;84
2021;Auvergne et Rhône-Alpes;Savoie;18-24 ans;Hommes et Femmes;2.5;7.6;;73;84
2021;Auvergne et Rhône-Alpes;Savoie;25-44 ans;Hommes et Femmes;8.5;8.1;;73;84
2021;Auvergne et Rhône-Alpes;Savoie;45-64 ans;Hommes et Femmes;19.5;16.3;;73;84
2021;Auvergne et Rhône-Alpes;Savoie;Tous;Hommes et Femmes;55.0;12.4;12.2;73;84
2022;Auvergne et Rhône-Alpes;Savoie;00-17 ans;Femmes;0.0;0.0;;73;84
2022;Auvergne et Rhône-Alpes;Savoie;00-17 ans;Hommes et Femmes;0.0;0.0;;73;84
2023;Auvergne et Rhône-Alpes;Savoie;25-44 ans;Hommes;10.0;18.6;;73;84
2023;Auvergne et Rhône-Alpes;Savoie;45-64 ans;Hommes;12.0;20.3;;73;84
2023;Auvergne et Rhône-Alpes;Savoie;00-17 ans;Femmes;0.0;0.0;;73;84
2023;Auvergne et Rhône-Alpes;Savoie;65 ans et plus;Femmes;5.0;9.1;;73;84
2023;Auvergne et Rhône-Alpes;Savoie;00-17 ans;Hommes et Femmes;2.5;2.8;;73;84
2023;Auvergne et Rhône-Alpes;Savoie;18-24 ans;Hommes et Femmes;2.5;7.6;;73;84
2023;Auvergne et Rhône-Alpes;Savoie;65 ans et plus;Hommes et Femmes;18.0;18.4;;73;84
2023;Auvergne et Rhône-Alpes;Savoie;Tous;Hommes et Femmes;47.0;10.5;10.5;73;84
2019;Auvergne et Rhône-Alpes;Haute-Savoie;00-17 ans;Hommes;0.0;0.0;;74;84
2019;Auvergne et Rhône-Alpes;Haute-Savoie;25-44 ans;Hommes;22.0;19.7;;74;84
2019;Auvergne et Rhône-Alpes;Haute-Savoie;Tous;Hommes;84.5;20.8;21.0;74;84
2019;Auvergne et Rhône-Alpes;Haute-Savoie;00-17 ans;Hommes et Femmes;0.0;0.0;;74;84
2019;Auvergne et Rhône-Alpes;Haute-Savoie;Tous;Hommes et Femmes;110.0;13.3;13.6;74;84
2020;Auvergne et Rhône-Alpes;Haute-Savoie;00-17 ans;Hommes;0.0;0.0;;74;84
2020;Auvergne et Rhône-Alpes;Haute-Savoie;45-64 ans;Hommes;30.0;28.0;;74;84
2020;Auvergne et Rhône-Alpes;Haute-Savoie;65 ans et plus;Hommes;24.0;38.1;;74;84
2020;Auvergne et Rhône-Alpes;Haute-Savoie;65 ans et plus;Femmes;8.0;9.8;;74;84
2020;Auvergne et Rhône-Alpes;Haute-Savoie;18-24 ans;Hommes et Femmes;2.5;4.4;;74;84
2020;Auvergne et Rhône-Alpes;Haute-Savoie;25-44 ans;Hommes et Femmes;29.0;12.7;;74;84
2020;Auvergne et Rhône-Alpes;Haute-Savoie;Tous;Hommes et Femmes;111.0;13.3;13.4;74;84
2021;Auvergne et Rhône-Alpes;Haute-Savoie;18-24 ans;Hommes;6.0;19.5;;74;84
2021;Auvergne et Rhône-Alpes;Haute-Savoie;Tous;Hommes;82.5;19.9;20.6;74;84
2021;Auvergne et Rhône-Alpes;Haute-Savoie;25-44 ans;Femmes;2.5;2.2;;74;84
2021;Auvergne et Rhône-Alpes;Haute-Savoie;45-64 ans;Femmes;17.0;15.3;;74;84
2021;Auvergne et Rhône-Alpes;Haute-Savoie;25-44 ans;Hommes et Femmes;23.5;10.2;;74;84
2022;Auvergne et Rhône-Alpes;Haute-Savoie;45-64 ans;Hommes;31.0;28.5;;74;84
2022;Auvergne et Rhône-Alpes;Haute-Savoie;Tous;Hommes;87.5;20.9;21.9;74;84
2022;Auvergne et Rhône-Alpes;Haute-Savoie;00-17 ans;Femmes;0.0;0.0;;74;84
2022;Auvergne et Rhône-Alpes;Haute-Savoie;65 ans et plus;Femmes;10.0;11.9;;74;84
2022;Auvergne et Rhône-Alpes;Haute-Savoie;Tous;Femmes;27.0;6.3;6.8;74;84
2022;Auvergne et Rhône-Alpes;Haute-Savoie;00-17 ans;Hommes et Femmes;2.5;1.3;;74;84
2022;Auvergne et Rhône-Alpes;Haute-Savoie;18-24 ans;Hommes et Femmes;5.0;8.7;;74;84
2023;Auvergne et Rhône-Alpes;Haute-Savoie;00-17 ans;Hommes;2.5;2.6;;74;84
2023;Auvergne et Rhône-Alpes;Haute-Savoie;25-44 ans;Hommes;22.0;18.7;;74;84
2023;Auvergne et Rhône-Alpes;Haute-Savoie;45-64 ans;Hommes;25.0;22.7;;74;84
2023;Auvergne et Rhône-Alpes;Haute-Savoie;65 ans et plus;Hommes;24.0;36.2;;74;84
2023;Auvergne et Rhône-Alpes;Haute-Savoie;00-17 ans;Femmes;0.0;0.0;;74;84
2023;Auvergne et Rhône-Alpes;Haute-Savoie;18-24 ans;Femmes;0.0;0.0;;74;84
2023;Auvergne et Rhône-Alpes;Haute-Savoie;65 ans et plus;Femmes;6.0;7.0;;74;84
2023;Auvergne et Rhône-Alpes;Haute-Savoie;18-24 ans;Hommes et Femmes;2.5;4.3;;74;84
2023;Auvergne et Rhône-Alpes;Haute-Savoie;45-64 ans;Hommes et Femmes;34.0;15.3;;74;84
2019;Île-de-France;Paris;00-17 ans;Hommes;5.0;2.7;;75;11
2019;Île-de-France;Paris;25-44 ans;Hommes;42.0;12.2;;75;11
2019;Île-de-France;Paris;Tous;Hommes;147.0;14.4;14.7;75;11
2019;Île-de-France;Paris;45-64 ans;Femmes;31.0;11.5;;75;11
2019;Île-de-France;Paris;45-64 ans;Hommes et Femmes;81.0;15.7;;75;11
2019;Île-de-France;Paris;65 ans et plus;Hommes et Femmes;58.0;15.7;;75;11
2020;Île-de-France;Paris;18-24 ans;Hommes;9.0;9.6;;75;11
2020;Île-de-France;Paris;25-44 ans;Hommes;48.0;14.3;;75;11
2020;Île-de-France;Paris;45-64 ans;Hommes;51.0;20.8;;75;11
2020;Île-de-France;Paris;25-44 ans;Femmes;11.0;3.1;;75;11
2020;Île-de-France;Paris;65 ans et plus;Hommes et Femmes;57.0;15.2;;75;11
2020;Île-de-France;Paris;Tous;Hommes et Femmes;221.5;10.3;10.5;75;11
2021;Île-de-France;Paris;00-17 ans;Femmes;2.5;1.5;;75;11
2021;Île-de-France;Paris;18-24 ans;Femmes;8.0;6.7;;75;11
2021;Île-de-France;Paris;45-64 ans;Femmes;22.0;8.3;;75;11
2022;Île-de-France;Paris;18-24 ans;Hommes;8.0;8.0;;75;11
2022;Île-de-France;Paris;25-44 ans;Hommes;31.0;9.5;;75;11
2022;Île-de-France;Paris;18-24 ans;Hommes et Femmes;16.0;7.2;;75;11
2022;Île-de-France;Paris;45-64 ans;Hommes et Femmes;63.0;12.5;;75;11
2022;Île-de-France;Paris;65 ans et plus;Hommes et Femmes;56.0;14.8;;75;11
2022;Île-de-France;Paris;Tous;Hommes et Femmes;183.0;8.7;8.9;75;11
2023;Île-de-France;Paris;00-17 ans;Hommes;2.5;1.5;;75;11
2023;Île-de-France;Paris;25-44 ans;Hommes;37.0;11.5;;75;11
2023;Île-de-France;Paris;45-64 ans;Hommes;44.0;18.3;;75;11
2023;Île-de-France;Paris;45-64 ans;Femmes;27.0;10.5;;75;11
2023;Île-de-France;Paris;65 ans et plus;Femmes;25.0;11.3;;75;11
2023;Île-de-France;Paris;18-24 ans;Hommes et Femmes;9.5;4.3;;75;11
2023;Île-de-France;Paris;25-44 ans;Hommes et Femmes;47.0;7.0;;75;11
2019;Normandie;Seine-Maritime;00-17 ans;Hommes;2.5;1.8;;76;28
2019;Normandie;Seine-Maritime;18-24 ans;Hommes;8.0;14.7;;76;28
2019;Normandie;Seine-Maritime;45-64 ans;Hommes;58.0;37.2;;76;28
2019;Normandie;Seine-Maritime;Tous;Hommes;150.5;24.9;25.3;76;28
2019;Normandie;Seine-Maritime;00-17 ans;Femmes;2.5;1.9;;76;28
2019;Normandie;Seine-Maritime;Tous;Femmes;48.0;7.4;7.4;76;28
2019;Normandie;Seine-Maritime;45-64 ans;Hommes et Femmes;81.0;25.1;;76;28
2019;Normandie;Seine-Maritime;65 ans et plus;Hommes et Femmes;68.0;27.0;;76;28
2020;Normandie;Seine-Maritime;00-17 ans;Hommes;2.5;1.8;;76;28
2020;Normandie;Seine-Maritime;Tous;Hommes;153.5;25.4;25.6;76;28
2020;Normandie;Seine-Maritime;00-17 ans;Femmes;2.5;1.9;;76;28
2020;Normandie;Seine-Maritime;25-44 ans;Femmes;10.0;6.7;;76;28
2020;Normandie;Seine-Maritime;65 ans et plus;Femmes;11.0;7.4;;76;28
2020;Normandie;Seine-Maritime;00-17 ans;Hommes et Femmes;2.5;0.9;;76;28
2021;Normandie;Seine-Maritime;00-17 ans;Hommes;2.5;1.8;;76;28
2021;Normandie;Seine-Maritime;18-24 ans;Hommes;8.0;14.4;;76;28
2021;Normandie;Seine-Maritime;65 ans et plus;Hommes;45.0;40.8;;76;28
2021;Normandie;Seine-Maritime;Tous;Hommes;153.5;25.4;25.5;76;28
2021;Normandie;Seine-Maritime;00-17 ans;Femmes;0.0;0.0;;76;28
2021;Normandie;Seine-Maritime;18-24 ans;Femmes;2.5;4.6;;76;28
2021;Normandie;Seine-Maritime;25-44 ans;Femmes;6.0;4.0;;76;28
2021;Normandie;Seine-Maritime;45-64 ans;Femmes;16.0;9.7;;76;28
2021;Normandie;Seine-Maritime;65 ans et plus;Femmes;21.0;13.9;;76;28
2021;Normandie;Seine-Maritime;00-17 ans;Hommes et Femmes;2.5;0.9;;76;28
2021;Normandie;Seine-Maritime;18-24 ans;Hommes et Femmes;10.5;9.6;;76;28
2021;Normandie;Seine-Maritime;45-64 ans;Hommes et Femmes;79.0;24.9;;76;28
2021;Normandie;Seine-Maritime;Tous;Hommes et Femmes;196.0;15.6;15.9;76;28
2022;Normandie;Seine-Maritime;45-64 ans;Hommes;58.0;38.0;;76;28
2022;Normandie;Seine-Maritime;00-17 ans;Femmes;2.5;1.9;;76;28
2022;Normandie;Seine-Maritime;25-44 ans;Hommes et Femmes;46.0;15.4;;76;28
2022;Normandie;Seine-Maritime;Tous;Hommes et Femmes;176.5;14.0;14.2;76;28
2023;Normandie;Seine-Maritime;00-17 ans;Hommes;2.5;1.8;;76;28
2023;Normandie;Seine-Maritime;25-44 ans;Hommes;26.0;17.6;;76;28
2023;Normandie;Seine-Maritime;00-17 ans;Femmes;2.5;1.9;;76;28
2023;Normandie;Seine-Maritime;45-64 ans;Femmes;19.0;11.8;;76;28
2023;Normandie;Seine-Maritime;65 ans et plus;Femmes;18.0;11.6;;76;28
2023;Normandie;Seine-Maritime;Tous;Femmes;52.0;8.0;8.0;76;28
2019;Île-de-France;Seine-et-Marne;00-17 ans;Hommes;2.5;1.4;;77;11
2019;Île-de-France;Seine-et-Marne;18-24 ans;Hommes;2.5;4.1;;77;11
2019;Île-de-France;Seine-et-Marne;25-44 ans;Hommes;33.0;18.5;;77;11
2019;Île-de-France;Seine-et-Marne;65 ans et plus;Hommes;25.0;27.1;;77;11
2019;Île-de-France;Seine-et-Marne;Tous;Hommes;104.0;15.0;16.2;77;11
2019;Île-de-France;Seine-et-Marne;45-64 ans;Femmes;20.0;10.7;;77;11
2019;Île-de-France;Seine-et-Marne;00-17 ans;Hommes et Femmes;2.5;0.7;;77;11
2019;Île-de-France;Seine-et-Marne;Tous;Hommes et Femmes;142.0;10.0;10.8;77;11
2020;Île-de-France;Seine-et-Marne;18-24 ans;Hommes;8.0;13.0;;77;11
2020;Île-de-France;Seine-et-Marne;45-64 ans;Hommes;37.0;20.6;;77;11
2020;Île-de-France;Seine-et-Marne;Tous;Hommes;96.5;13.9;14.7;77;11
2020;Île-de-France;Seine-et-Marne;Tous;Femmes;30.5;4.2;4.5;77;11
2020;Île-de-France;Seine-et-Marne;00-17 ans;Hommes et Femmes;2.5;0.7;;77;11
2020;Île-de-France;Seine-et-Marne;45-64 ans;Hommes et Femmes;50.0;13.6;;77;11
2021;Île-de-France;Seine-et-Marne;00-17 ans;Hommes;2.5;1.4;;77;11
2021;Île-de-France;Seine-et-Marne;18-24 ans;Hommes;6.0;9.5;;77;11
2021;Île-de-France;Seine-et-Marne;25-44 ans;Hommes;19.0;10.5;;77;11
2021;Île-de-France;Seine-et-Marne;65 ans et plus;Hommes;27.0;27.9;;77;11
2021;Île-de-France;Seine-et-Marne;Tous;Hommes;81.5;11.6;12.7;77;11
2021;Île-de-France;Seine-et-Marne;00-17 ans;Hommes et Femmes;2.5;0.7;;77;11
2021;Île-de-France;Seine-et-Marne;25-44 ans;Hommes et Femmes;21.5;5.7;;77;11
2022;Île-de-France;Seine-et-Marne;45-64 ans;Hommes;26.0;14.4;;77;11
2022;Île-de-France;Seine-et-Marne;25-44 ans;Femmes;6.0;3.0;;77;11
2022;Île-de-France;Seine-et-Marne;45-64 ans;Femmes;15.0;8.0;;77;11
2022;Île-de-France;Seine-et-Marne;Tous;Femmes;39.0;5.2;5.7;77;11
2022;Île-de-France;Seine-et-Marne;Tous;Hommes et Femmes;120.5;8.3;9.1;77;11
2023;Île-de-France;Seine-et-Marne;00-17 ans;Hommes;2.5;1.4;;77;11
2023;Île-de-France;Seine-et-Marne;25-44 ans;Hommes;18.0;9.8;;77;11
2023;Île-de-France;Seine-et-Marne;45-64 ans;Hommes;31.0;17.1;;77;11
2023;Île-de-France;Seine-et-Marne;65 ans et plus;Hommes;21.0;20.8;;77;11
2023;Île-de-France;Seine-et-Marne;18-24 ans;Hommes et Femmes;2.5;2.0;;77;11
2023;Île-de-France;Seine-et-Marne;25-44 ans;Hommes et Femmes;26.0;6.8;;77;11
2019;Île-de-France;Yvelines;00-17 ans;Hommes;2.5;1.4;;78;11
2019;Île-de-France;Yvelines;25-44 ans;Hommes;17.0;9.6;;78;11
2019;Île-de-France;Yvelines;65 ans et plus;Hommes;25.0;23.9;;78;11
2019;Île-de-France;Yvelines;18-24 ans;Femmes;2.5;4.4;;78;11
2019;Île-de-France;Yvelines;65 ans et plus;Femmes;5.0;3.7;;78;11
2019;Île-de-France;Yvelines;18-24 ans;Hommes et Femmes;2.5;2.1;;78;11
2019;Île-de-France;Yvelines;25-44 ans;Hommes et Femmes;24.0;6.6;;78;11
2019;Île-de-France;Yvelines;65 ans et plus;Hommes et Femmes;30.0;12.5;;78;11
2019;Île-de-France;Yvelines;Tous;Hommes et Femmes;108.5;7.5;7.9;78;11
2020;Île-de-France;Yvelines;18-24 ans;Hommes;10.0;16.7;;78;11
2020;Île-de-France;Yvelines;18-24 ans;Femmes;0.0;0.0;;78;11
2020;Île-de-France;Yvelines;Tous;Femmes;39.0;5.2;5.7;78;11
2020;Île-de-France;Yvelines;25-44 ans;Hommes et Femmes;18.5;5.1;;78;11
2021;Île-de-France;Yvelines;25-44 ans;Hommes;24.0;13.5;;78;11
2021;Île-de-France;Yvelines;00-17 ans;Femmes;2.5;1.5;;78;11
2021;Île-de-France;Yvelines;65 ans et plus;Femmes;14.0;10.0;;78;11
2021;Île-de-France;Yvelines;18-24 ans;Hommes et Femmes;7.0;5.9;;78;11
2021;Île-de-France;Yvelines;25-44 ans;Hommes et Femmes;31.0;8.5;;78;11
2021;Île-de-France;Yvelines;45-64 ans;Hommes et Femmes;40.0;10.6;;78;11
2022;Île-de-France;Yvelines;65 ans et plus;Hommes;24.0;22.2;;78;11
2022;Île-de-France;Yvelines;00-17 ans;Femmes;2.5;1.5;;78;11
2022;Île-de-France;Yvelines;25-44 ans;Femmes;8.0;4.2;;78;11
2022;Île-de-France;Yvelines;45-64 ans;Femmes;14.0;7.3;;78;11
2022;Île-de-France;Yvelines;65 ans et plus;Femmes;14.0;9.9;;78;11
2022;Île-de-France;Yvelines;Tous;Femmes;41.0;5.4;5.8;78;11
2022;Île-de-France;Yvelines;45-64 ans;Hommes et Femmes;46.0;12.1;;78;11
2022;Île-de-France;Yvelines;65 ans et plus;Hommes et Femmes;38.0;15.2;;78;11
2022;Île-de-France;Yvelines;Tous;Hommes et Femmes;121.5;8.3;8.8;78;11
2023;Île-de-France;Yvelines;18-24 ans;Hommes;5.0;7.9;;78;11
2023;Île-de-France;Yvelines;25-44 ans;Hommes;17.0;9.4;;78;11
2023;Île-de-France;Yvelines;00-17 ans;Femmes;2.5;1.5;;78;11
2023;Île-de-France;Yvelines;25-44 ans;Femmes;7.0;3.7;;78;11
2023;Île-de-France;Yvelines;65 ans et plus;Femmes;12.0;8.4;;78;11
2023;Île-de-France;Yvelines;Tous;Femmes;35.5;4.7;4.9;78;11
2023;Île-de-France;Yvelines;Tous;Hommes et Femmes;105.0;7.1;7.5;78;11
2019;Nouvelle Aquitaine;Deux-Sèvres;00-17 ans;Hommes;0.0;0.0;;79;75
2019;Nouvelle Aquitaine;Deux-Sèvres;18-24 ans;Hommes;0.0;0.0;;79;75
2019;Nouvelle Aquitaine;Deux-Sèvres;45-64 ans;Hommes;24.0;47.0;;79;75
2019;Nouvelle Aquitaine;Deux-Sèvres;18-24 ans;Hommes et Femmes;0.0;0.0;;79;75
2019;Nouvelle Aquitaine;Deux-Sèvres;Tous;Hommes et Femmes;68.0;18.1;17.3;79;75
2020;Nouvelle Aquitaine;Deux-Sèvres;18-24 ans;Hommes;2.5;19.1;;79;75
2020;Nouvelle Aquitaine;Deux-Sèvres;65 ans et plus;Hommes;11.0;28.0;;79;75
2020;Nouvelle Aquitaine;Deux-Sèvres;00-17 ans;Femmes;0.0;0.0;;79;75
2020;Nouvelle Aquitaine;Deux-Sèvres;25-44 ans;Femmes;2.5;6.2;;79;75
2020;Nouvelle Aquitaine;Deux-Sèvres;45-64 ans;Femmes;7.0;13.4;;79;75
2020;Nouvelle Aquitaine;Deux-Sèvres;18-24 ans;Hommes et Femmes;2.5;10.4;;79;75
2020;Nouvelle Aquitaine;Deux-Sèvres;45-64 ans;Hommes et Femmes;27.0;26.1;;79;75
2020;Nouvelle Aquitaine;Deux-Sèvres;Tous;Hommes et Femmes;70.0;18.7;19.9;79;75
2021;Nouvelle Aquitaine;Deux-Sèvres;45-64 ans;Hommes;27.0;52.9;;79;75
2021;Nouvelle Aquitaine;Deux-Sèvres;Tous;Hommes;75.5;41.1;40.4;79;75
2021;Nouvelle Aquitaine;Deux-Sèvres;45-64 ans;Femmes;7.0;13.4;;79;75
2021;Nouvelle Aquitaine;Deux-Sèvres;Tous;Femmes;16.5;8.6;9.0;79;75
2021;Nouvelle Aquitaine;Deux-Sèvres;45-64 ans;Hommes et Femmes;34.0;33.0;;79;75
2021;Nouvelle Aquitaine;Deux-Sèvres;Tous;Hommes et Femmes;95.0;25.4;24.2;79;75
2022;Nouvelle Aquitaine;Deux-Sèvres;00-17 ans;Hommes;2.5;6.3;;79;75
2022;Nouvelle Aquitaine;Deux-Sèvres;18-24 ans;Hommes;2.5;18.5;;79;75
2022;Nouvelle Aquitaine;Deux-Sèvres;45-64 ans;Hommes;27.0;53.2;;79;75
2022;Nouvelle Aquitaine;Deux-Sèvres;65 ans et plus;Hommes;11.0;27.2;;79;75
2022;Nouvelle Aquitaine;Deux-Sèvres;18-24 ans;Femmes;0.0;0.0;;79;75
2022;Nouvelle Aquitaine;Deux-Sèvres;45-64 ans;Femmes;5.0;9.7;;79;75
2023;Nouvelle Aquitaine;Deux-Sèvres;25-44 ans;Hommes;10.0;24.9;;79;75
2023;Nouvelle Aquitaine;Deux-Sèvres;45-64 ans;Hommes;22.0;43.5;;79;75
2023;Nouvelle Aquitaine;Deux-Sèvres;00-17 ans;Femmes;0.0;0.0;;79;75
2023;Nouvelle Aquitaine;Deux-Sèvres;25-44 ans;Femmes;0.0;0.0;;79;75
2023;Nouvelle Aquitaine;Deux-Sèvres;65 ans et plus;Femmes;9.0;17.6;;79;75
2023;Nouvelle Aquitaine;Deux-Sèvres;18-24 ans;Hommes et Femmes;0.0;0.0;;79;75
2023;Nouvelle Aquitaine;Deux-Sèvres;45-64 ans;Hommes et Femmes;29.0;28.5;;79;75
2023;Nouvelle Aquitaine;Deux-Sèvres;65 ans et plus;Hommes et Femmes;29.0;31.5;;79;75
2019;Hauts-de-France;Somme;25-44 ans;Hommes;21.0;31.7;;80;32
2019;Hauts-de-France;Somme;00-17 ans;Femmes;0.0;0.0;;80;32
2019;Hauts-de-France;Somme;18-24 ans;Femmes;2.5;9.5;;80;32
2019;Hauts-de-France;Somme;00-17 ans;Hommes et Femmes;0.0;0.0;;80;32
2019;Hauts-de-France;Somme;18-24 ans;Hommes et Femmes;2.5;4.8;;80;32
2019;Hauts-de-France;Somme;65 ans et plus;Hommes et Femmes;19.5;17.0;;80;32
2020;Hauts-de-France;Somme;Tous;Hommes;79.0;28.6;29.1;80;32
2020;Hauts-de-France;Somme;18-24 ans;Hommes et Femmes;5.0;9.6;;80;32
2020;Hauts-de-France;Somme;65 ans et plus;Hommes et Femmes;32.0;27.4;;80;32
2021;Hauts-de-France;Somme;00-17 ans;Hommes;2.5;4.1;;80;32
2021;Hauts-de-France;Somme;45-64 ans;Hommes;35.0;49.0;;80;32
2021;Hauts-de-France;Somme;Tous;Femmes;19.0;6.5;6.5;80;32
2021;Hauts-de-France;Somme;00-17 ans;Hommes et Femmes;2.5;2.1;;80;32
2021;Hauts-de-France;Somme;45-64 ans;Hommes et Femmes;40.0;27.5;;80;32
2021;Hauts-de-France;Somme;65 ans et plus;Hommes et Femmes;44.0;37.4;;80;32
2022;Hauts-de-France;Somme;18-24 ans;Hommes;2.5;9.6;;80;32
2022;Hauts-de-France;Somme;25-44 ans;Hommes;17.0;25.7;;80;32
2022;Hauts-de-France;Somme;45-64 ans;Hommes;28.0;39.4;;80;32
2022;Hauts-de-France;Somme;65 ans et plus;Femmes;13.0;19.1;;80;32
2022;Hauts-de-France;Somme;00-17 ans;Hommes et Femmes;2.5;2.1;;80;32
2022;Hauts-de-France;Somme;25-44 ans;Hommes et Femmes;23.0;17.4;;80;32
2023;Hauts-de-France;Somme;45-64 ans;Hommes;28.0;39.6;;80;32
2023;Hauts-de-France;Somme;65 ans et plus;Hommes;24.0;46.1;;80;32
2023;Hauts-de-France;Somme;00-17 ans;Hommes et Femmes;2.5;2.2;;80;32
2023;Hauts-de-France;Somme;25-44 ans;Hommes et Femmes;29.0;22.0;;80;32
2023;Hauts-de-France;Somme;65 ans et plus;Hommes et Femmes;36.0;29.8;;80;32
2019;Occitanie;Tarn;45-64 ans;Hommes;13.0;24.9;;81;76
2019;Occitanie;Tarn;00-17 ans;Femmes;0.0;0.0;;81;76
2019;Occitanie;Tarn;18-24 ans;Femmes;0.0;0.0;;81;76
2019;Occitanie;Tarn;25-44 ans;Femmes;2.5;6.1;;81;76
2019;Occitanie;Tarn;45-64 ans;Femmes;6.0;10.9;;81;76
2019;Occitanie;Tarn;Tous;Femmes;10.0;5.0;5.2;81;76
2019;Occitanie;Tarn;00-17 ans;Hommes et Femmes;0.0;0.0;;81;76
2019;Occitanie;Tarn;25-44 ans;Hommes et Femmes;7.5;9.3;;81;76
2020;Occitanie;Tarn;00-17 ans;Hommes;0.0;0.0;;81;76
2020;Occitanie;Tarn;18-24 ans;Hommes;0.0;0.0;;81;76
2020;Occitanie;Tarn;45-64 ans;Hommes;23.0;44.1;;81;76
2020;Occitanie;Tarn;65 ans et plus;Hommes;19.0;43.3;;81;76
2020;Occitanie;Tarn;00-17 ans;Hommes et Femmes;0.0;0.0;;81;76
2020;Occitanie;Tarn;Tous;Hommes et Femmes;54.0;13.8;13.7;81;76
2021;Occitanie;Tarn;18-24 ans;Hommes;2.5;17.6;;81;76
2021;Occitanie;Tarn;65 ans et plus;Hommes;22.0;49.1;;81;76
2021;Occitanie;Tarn;00-17 ans;Femmes;0.0;0.0;;81;76
2021;Occitanie;Tarn;25-44 ans;Femmes;2.5;6.1;;81;76
2021;Occitanie;Tarn;00-17 ans;Hommes et Femmes;0.0;0.0;;81;76
2021;Occitanie;Tarn;18-24 ans;Hommes et Femmes;2.5;9.3;;81;76
2021;Occitanie;Tarn;25-44 ans;Hommes et Femmes;10.5;13.0;;81;76
2021;Occitanie;Tarn;Tous;Hommes et Femmes;66.5;16.9;15.8;81;76
2022;Occitanie;Tarn;18-24 ans;Hommes;0.0;0.0;;81;76
2022;Occitanie;Tarn;Tous;Hommes;47.0;24.6;23.4;81;76
2022;Occitanie;Tarn;25-44 ans;Femmes;2.5;6.0;;81;76
2022;Occitanie;Tarn;65 ans et plus;Femmes;0.0;0.0;;81;76
2022;Occitanie;Tarn;18-24 ans;Hommes et Femmes;0.0;0.0;;81;76
2022;Occitanie;Tarn;65 ans et plus;Hommes et Femmes;15.0;14.4;;81;76
2022;Occitanie;Tarn;Tous;Hommes et Femmes;55.5;14.0;13.1;81;76
2023;Occitanie;Tarn;18-24 ans;Hommes;2.5;17.4;;81;76
2023;Occitanie;Tarn;45-64 ans;Hommes;14.0;26.8;;81;76
2023;Occitanie;Tarn;00-17 ans;Femmes;2.5;6.7;;81;76
2023;Occitanie;Tarn;25-44 ans;Femmes;2.5;6.0;;81;76
2023;Occitanie;Tarn;18-24 ans;Hommes et Femmes;2.5;9.3;;81;76
2023;Occitanie;Tarn;25-44 ans;Hommes et Femmes;8.0;9.7;;81;76
2023;Occitanie;Tarn;65 ans et plus;Hommes et Femmes;19.0;18.0;;81;76
2019;Occitanie;Tarn-et-Garonne;18-24 ans;Femmes;0.0;0.0;;82;76
2019;Occitanie;Tarn-et-Garonne;25-44 ans;Hommes et Femmes;6.0;10.3;;82;76
2019;Occitanie;Tarn-et-Garonne;45-64 ans;Hommes et Femmes;21.5;30.7;;82;76
2019;Occitanie;Tarn-et-Garonne;65 ans et plus;Hommes et Femmes;7.5;12.9;;82;76
2019;Occitanie;Tarn-et-Garonne;Tous;Hommes et Femmes;35.5;13.6;13.7;82;76
2020;Occitanie;Tarn-et-Garonne;18-24 ans;Hommes;2.5;27.4;;82;76
2020;Occitanie;Tarn-et-Garonne;45-64 ans;Hommes;12.0;34.7;;82;76
2020;Occitanie;Tarn-et-Garonne;45-64 ans;Femmes;2.5;7.0;;82;76
2020;Occitanie;Tarn-et-Garonne;00-17 ans;Hommes et Femmes;0.0;0.0;;82;76
2020;Occitanie;Tarn-et-Garonne;18-24 ans;Hommes et Femmes;2.5;14.5;;82;76
2020;Occitanie;Tarn-et-Garonne;25-44 ans;Hommes et Femmes;8.5;14.6;;82;76
2021;Occitanie;Tarn-et-Garonne;00-17 ans;Hommes;2.5;8.5;;82;76
2021;Occitanie;Tarn-et-Garonne;18-24 ans;Hommes;2.5;26.6;;82;76
2021;Occitanie;Tarn-et-Garonne;25-44 ans;Hommes;5.0;17.6;;82;76
2021;Occitanie;Tarn-et-Garonne;45-64 ans;Hommes;11.0;31.7;;82;76
2021;Occitanie;Tarn-et-Garonne;65 ans et plus;Hommes;8.0;29.8;;82;76
2021;Occitanie;Tarn-et-Garonne;Tous;Hommes;26.0;20.2;19.8;82;76
2021;Occitanie;Tarn-et-Garonne;18-24 ans;Femmes;0.0;0.0;;82;76
2021;Occitanie;Tarn-et-Garonne;25-44 ans;Femmes;2.5;8.5;;82;76
2021;Occitanie;Tarn-et-Garonne;45-64 ans;Femmes;5.0;14.0;;82;76
2021;Occitanie;Tarn-et-Garonne;65 ans et plus;Hommes et Femmes;8.0;13.3;;82;76
2022;Occitanie;Tarn-et-Garonne;18-24 ans;Hommes;0.0;0.0;;82;76
2022;Occitanie;Tarn-et-Garonne;25-44 ans;Femmes;2.5;8.4;;82;76
2022;Occitanie;Tarn-et-Garonne;45-64 ans;Femmes;2.5;7.0;;82;76
2022;Occitanie;Tarn-et-Garonne;65 ans et plus;Femmes;0.0;0.0;;82;76
2022;Occitanie;Tarn-et-Garonne;Tous;Femmes;2.5;1.8;1.5;82;76
2022;Occitanie;Tarn-et-Garonne;25-44 ans;Hommes et Femmes;2.5;4.3;;82;76
2022;Occitanie;Tarn-et-Garonne;65 ans et plus;Hommes et Femmes;12.0;19.7;;82;76
2023;Occitanie;Tarn-et-Garonne;00-17 ans;Hommes;0.0;0.0;;82;76
2023;Occitanie;Tarn-et-Garonne;65 ans et plus;Hommes;9.0;32.6;;82;76
2023;Occitanie;Tarn-et-Garonne;Tous;Hommes;29.5;22.7;20.9;82;76
2023;Occitanie;Tarn-et-Garonne;45-64 ans;Femmes;2.5;7.0;;82;76
2023;Occitanie;Tarn-et-Garonne;65 ans et plus;Femmes;2.5;7.3;;82;76
2023;Occitanie;Tarn-et-Garonne;18-24 ans;Hommes et Femmes;2.5;14.3;;82;76
2019;Provence-Alpes-Côte d'Azur;Var;00-17 ans;Hommes;2.5;2.4;;83;93
2019;Provence-Alpes-Côte d'Azur;Var;65 ans et plus;Hommes;54.0;44.0;;83;93
2019;Provence-Alpes-Côte d'Azur;Var;18-24 ans;Femmes;2.5;7.4;;83;93
2019;Provence-Alpes-Côte d'Azur;Var;45-64 ans;Femmes;23.0;15.2;;83;93
2019;Provence-Alpes-Côte d'Azur;Var;00-17 ans;Hommes et Femmes;2.5;1.2;;83;93
2020;Provence-Alpes-Côte d'Azur;Var;18-24 ans;Hommes;5.0;12.8;;83;93
2020;Provence-Alpes-Côte d'Azur;Var;Tous;Hommes;120.0;23.0;21.4;83;93
2020;Provence-Alpes-Côte d'Azur;Var;00-17 ans;Femmes;0.0;0.0;;83;93
2020;Provence-Alpes-Côte d'Azur;Var;45-64 ans;Femmes;24.0;15.8;;83;93
2020;Provence-Alpes-Côte d'Azur;Var;Tous;Femmes;54.0;9.6;9.0;83;93
2020;Provence-Alpes-Côte d'Azur;Var;00-17 ans;Hommes et Femmes;0.0;0.0;;83;93
2020;Provence-Alpes-Côte d'Azur;Var;18-24 ans;Hommes et Femmes;5.0;6.8;;83;93
2020;Provence-Alpes-Côte d'Azur;Var;45-64 ans;Hommes et Femmes;69.0;23.8;;83;93
2020;Provence-Alpes-Côte d'Azur;Var;Tous;Hommes et Femmes;174.0;16.0;15.0;83;93
2021;Provence-Alpes-Côte d'Azur;Var;Tous;Hommes;134.0;25.5;23.3;83;93
2021;Provence-Alpes-Côte d'Azur;Var;00-17 ans;Femmes;0.0;0.0;;83;93
2021;Provence-Alpes-Côte d'Azur;Var;18-24 ans;Hommes et Femmes;7.0;9.5;;83;93
2021;Provence-Alpes-Côte d'Azur;Var;45-64 ans;Hommes et Femmes;62.0;21.2;;83;93
2022;Provence-Alpes-Côte d'Azur;Var;00-17 ans;Hommes;2.5;2.4;;83;93
2022;Provence-Alpes-Côte d'Azur;Var;00-17 ans;Femmes;2.5;2.6;;83;93
2022;Provence-Alpes-Côte d'Azur;Var;65 ans et plus;Hommes et Femmes;74.0;24.6;;83;93
2022;Provence-Alpes-Côte d'Azur;Var;Tous;Hommes et Femmes;170.5;15.4;14.1;83;93
2023;Provence-Alpes-Côte d'Azur;Var;65 ans et plus;Hommes;63.0;47.2;;83;93
2023;Provence-Alpes-Côte d'Azur;Var;18-24 ans;Femmes;2.5;7.3;;83;93
2023;Provence-Alpes-Côte d'Azur;Var;65 ans et plus;Femmes;9.0;5.2;;83;93
2023;Provence-Alpes-Côte d'Azur;Var;18-24 ans;Hommes et Femmes;2.5;3.4;;83;93
2019;Provence-Alpes-Côte d'Azur;Vaucluse;00-17 ans;Hommes;0.0;0.0;;84;93
2019;Provence-Alpes-Côte d'Azur;Vaucluse;18-24 ans;Hommes;2.5;12.3;;84;93
2019;Provence-Alpes-Côte d'Azur;Vaucluse;25-44 ans;Hommes;8.0;13.2;;84;93
2019;Provence-Alpes-Côte d'Azur;Vaucluse;45-64 ans;Hommes;20.0;27.9;;84;93
2019;Provence-Alpes-Côte d'Azur;Vaucluse;65 ans et plus;Hommes;23.0;42.3;;84;93
2019;Provence-Alpes-Côte d'Azur;Vaucluse;00-17 ans;Femmes;2.5;4.2;;84;93
2019;Provence-Alpes-Côte d'Azur;Vaucluse;25-44 ans;Femmes;2.5;3.9;;84;93
2019;Provence-Alpes-Côte d'Azur;Vaucluse;45-64 ans;Femmes;7.0;8.9;;84;93
2019;Provence-Alpes-Côte d'Azur;Vaucluse;65 ans et plus;Femmes;7.0;9.9;;84;93
2019;Provence-Alpes-Côte d'Azur;Vaucluse;Tous;Femmes;21.0;7.2;7.0;84;93
2019;Provence-Alpes-Côte d'Azur;Vaucluse;25-44 ans;Hommes et Femmes;10.5;8.4;;84;93
2019;Provence-Alpes-Côte d'Azur;Vaucluse;65 ans et plus;Hommes et Femmes;30.0;24.0;;84;93
2020;Provence-Alpes-Côte d'Azur;Vaucluse;00-17 ans;Hommes;0.0;0.0;;84;93
2020;Provence-Alpes-Côte d'Azur;Vaucluse;00-17 ans;Hommes et Femmes;0.0;0.0;;84;93
2021;Provence-Alpes-Côte d'Azur;Vaucluse;00-17 ans;Hommes;0.0;0.0;;84;93
2021;Provence-Alpes-Côte d'Azur;Vaucluse;00-17 ans;Femmes;0.0;0.0;;84;93
2021;Provence-Alpes-Côte d'Azur;Vaucluse;18-24 ans;Femmes;0.0;0.0;;84;93
2021;Provence-Alpes-Côte d'Azur;Vaucluse;25-44 ans;Femmes;5.0;7.7;;84;93
2021;Provence-Alpes-Côte d'Azur;Vaucluse;45-64 ans;Femmes;5.0;6.4;;84;93
2021;Provence-Alpes-Côte d'Azur;Vaucluse;65 ans et plus;Femmes;2.5;3.4;;84;93
2021;Provence-Alpes-Côte d'Azur;Vaucluse;Tous;Femmes;12.5;4.3;4.8;84;93
2022;Provence-Alpes-Côte d'Azur;Vaucluse;18-24 ans;Hommes;2.5;12.4;;84;93
2022;Provence-Alpes-Côte d'Azur;Vaucluse;25-44 ans;Hommes;11.0;17.9;;84;93
2022;Provence-Alpes-Côte d'Azur;Vaucluse;Tous;Hommes;58.5;21.4;20.4;84;93
2022;Provence-Alpes-Côte d'Azur;Vaucluse;45-64 ans;Femmes;8.0;10.2;;84;93
2022;Provence-Alpes-Côte d'Azur;Vaucluse;Tous;Femmes;16.5;5.6;5.2;84;93
2022;Provence-Alpes-Côte d'Azur;Vaucluse;65 ans et plus;Hommes et Femmes;35.0;26.3;;84;93
2022;Provence-Alpes-Côte d'Azur;Vaucluse;Tous;Hommes et Femmes;74.0;13.0;12.6;84;93
2023;Provence-Alpes-Côte d'Azur;Vaucluse;65 ans et plus;Hommes;15.0;25.5;;84;93
2023;Provence-Alpes-Côte d'Azur;Vaucluse;18-24 ans;Femmes;0.0;0.0;;84;93
2023;Provence-Alpes-Côte d'Azur;Vaucluse;25-44 ans;Femmes;2.5;3.8;;84;93
2023;Provence-Alpes-Côte d'Azur;Vaucluse;45-64 ans;Femmes;9.0;11.6;;84;93
2023;Provence-Alpes-Côte d'Azur;Vaucluse;65 ans et plus;Femmes;2.5;3.3;;84;93
2023;Provence-Alpes-Côte d'Azur;Vaucluse;25-44 ans;Hommes et Femmes;14.5;11.4;;84;93
2019;Pays de la Loire;Vendée;00-17 ans;Hommes;2.5;3.4;;85;52
2019;Pays de la Loire;Vendée;25-44 ans;Hommes;28.0;37.8;;85;52
2019;Pays de la Loire;Vendée;45-64 ans;Hommes;33.0;36.9;;85;52
2019;Pays de la Loire;Vendée;65 ans et plus;Hommes;32.0;43.2;;85;52
2019;Pays de la Loire;Vendée;25-44 ans;Femmes;7.0;9.5;;85;52
2019;Pays de la Loire;Vendée;Tous;Femmes;33.0;9.4;9.3;85;52
2019;Pays de la Loire;Vendée;65 ans et plus;Hommes et Femmes;45.0;26.9;;85;52
2020;Pays de la Loire;Vendée;00-17 ans;Hommes;0.0;0.0;;85;52
2020;Pays de la Loire;Vendée;25-44 ans;Hommes;18.0;24.5;;85;52
2020;Pays de la Loire;Vendée;65 ans et plus;Hommes;20.0;26.0;;85;52
2020;Pays de la Loire;Vendée;00-17 ans;Femmes;0.0;0.0;;85;52
2020;Pays de la Loire;Vendée;45-64 ans;Femmes;10.0;10.7;;85;52
2021;Pays de la Loire;Vendée;45-64 ans;Hommes;34.0;37.0;;85;52
2021;Pays de la Loire;Vendée;65 ans et plus;Hommes;29.0;36.5;;85;52
2021;Pays de la Loire;Vendée;Tous;Hommes;94.5;27.6;26.6;85;52
2021;Pays de la Loire;Vendée;45-64 ans;Femmes;11.0;11.7;;85;52
2021;Pays de la Loire;Vendée;65 ans et plus;Femmes;9.0;9.1;;85;52
2021;Pays de la Loire;Vendée;25-44 ans;Hommes et Femmes;29.0;19.7;;85;52
2021;Pays de la Loire;Vendée;45-64 ans;Hommes et Femmes;45.0;24.2;;85;52
2021;Pays de la Loire;Vendée;Tous;Hommes et Femmes;122.0;17.4;16.7;85;52
2022;Pays de la Loire;Vendée;00-17 ans;Hommes;0.0;0.0;;85;52
2022;Pays de la Loire;Vendée;25-44 ans;Hommes;28.0;37.7;;85;52
2022;Pays de la Loire;Vendée;45-64 ans;Hommes;39.0;42.3;;85;52
2022;Pays de la Loire;Vendée;65 ans et plus;Hommes;49.0;60.0;;85;52
2022;Pays de la Loire;Vendée;00-17 ans;Femmes;0.0;0.0;;85;52
2022;Pays de la Loire;Vendée;25-44 ans;Femmes;7.0;9.4;;85;52
2022;Pays de la Loire;Vendée;18-24 ans;Hommes et Femmes;2.5;5.5;;85;52
2022;Pays de la Loire;Vendée;65 ans et plus;Hommes et Femmes;67.0;36.6;;85;52
2023;Pays de la Loire;Vendée;00-17 ans;Hommes;2.5;3.4;;85;52
2023;Pays de la Loire;Vendée;18-24 ans;Hommes;2.5;10.0;;85;52
2023;Pays de la Loire;Vendée;65 ans et plus;Hommes;35.0;41.7;;85;52
2023;Pays de la Loire;Vendée;Tous;Hommes;100.0;28.6;27.1;85;52
2023;Pays de la Loire;Vendée;00-17 ans;Femmes;0.0;0.0;;85;52
2023;Pays de la Loire;Vendée;18-24 ans;Femmes;0.0;0.0;;85;52
2023;Pays de la Loire;Vendée;65 ans et plus;Femmes;10.0;9.6;;85;52
2023;Pays de la Loire;Vendée;Tous;Femmes;29.0;8.0;8.7;85;52
2023;Pays de la Loire;Vendée;00-17 ans;Hommes et Femmes;2.5;1.8;;85;52
2023;Pays de la Loire;Vendée;18-24 ans;Hommes et Femmes;2.5;5.4;;85;52
2023;Pays de la Loire;Vendée;45-64 ans;Hommes et Femmes;56.0;29.9;;85;52
2023;Pays de la Loire;Vendée;65 ans et plus;Hommes et Femmes;45.0;24.0;;85;52
2019;Nouvelle Aquitaine;Vienne;00-17 ans;Hommes;2.5;5.5;;86;75
2019;Nouvelle Aquitaine;Vienne;18-24 ans;Hommes;2.5;12.1;;86;75
2019;Nouvelle Aquitaine;Vienne;45-64 ans;Hommes;14.0;25.4;;86;75
2019;Nouvelle Aquitaine;Vienne;65 ans et plus;Hommes;24.0;56.8;;86;75
2019;Nouvelle Aquitaine;Vienne;00-17 ans;Femmes;0.0;0.0;;86;75
2019;Nouvelle Aquitaine;Vienne;25-44 ans;Femmes;2.5;5.0;;86;75
2019;Nouvelle Aquitaine;Vienne;45-64 ans;Femmes;2.5;4.3;;86;75
2019;Nouvelle Aquitaine;Vienne;Tous;Femmes;17.0;7.5;7.5;86;75
2019;Nouvelle Aquitaine;Vienne;45-64 ans;Hommes et Femmes;16.5;14.7;;86;75
2019;Nouvelle Aquitaine;Vienne;65 ans et plus;Hommes et Femmes;34.0;35.1;;86;75
2019;Nouvelle Aquitaine;Vienne;Tous;Hommes et Femmes;71.0;16.2;16.0;86;75
2020;Nouvelle Aquitaine;Vienne;00-17 ans;Hommes;0.0;0.0;;86;75
2020;Nouvelle Aquitaine;Vienne;18-24 ans;Hommes;2.5;12.2;;86;75
2020;Nouvelle Aquitaine;Vienne;00-17 ans;Femmes;0.0;0.0;;86;75
2020;Nouvelle Aquitaine;Vienne;18-24 ans;Femmes;0.0;0.0;;86;75
2020;Nouvelle Aquitaine;Vienne;25-44 ans;Femmes;2.5;5.0;;86;75
2020;Nouvelle Aquitaine;Vienne;Tous;Femmes;11.0;4.8;5.3;86;75
2021;Nouvelle Aquitaine;Vienne;00-17 ans;Hommes;2.5;5.5;;86;75
2021;Nouvelle Aquitaine;Vienne;25-44 ans;Hommes;13.0;26.7;;86;75
2021;Nouvelle Aquitaine;Vienne;45-64 ans;Hommes;19.0;34.9;;86;75
2021;Nouvelle Aquitaine;Vienne;25-44 ans;Femmes;5.0;10.1;;86;75
2021;Nouvelle Aquitaine;Vienne;45-64 ans;Femmes;6.0;10.5;;86;75
2021;Nouvelle Aquitaine;Vienne;Tous;Femmes;18.5;8.1;7.6;86;75
2021;Nouvelle Aquitaine;Vienne;Tous;Hommes et Femmes;78.5;17.9;17.4;86;75
2022;Nouvelle Aquitaine;Vienne;00-17 ans;Hommes;2.5;5.5;;86;75
2022;Nouvelle Aquitaine;Vienne;25-44 ans;Hommes;21.0;43.4;;86;75
2022;Nouvelle Aquitaine;Vienne;45-64 ans;Hommes;19.0;35.1;;86;75
2022;Nouvelle Aquitaine;Vienne;Tous;Hommes;73.0;34.4;33.8;86;75
2022;Nouvelle Aquitaine;Vienne;65 ans et plus;Femmes;2.5;4.4;;86;75
2022;Nouvelle Aquitaine;Vienne;18-24 ans;Hommes et Femmes;2.5;6.0;;86;75
2022;Nouvelle Aquitaine;Vienne;45-64 ans;Hommes et Femmes;21.5;19.4;;86;75
2023;Nouvelle Aquitaine;Vienne;45-64 ans;Hommes;28.0;52.2;;86;75
2023;Nouvelle Aquitaine;Vienne;65 ans et plus;Hommes;24.0;53.7;;86;75
2023;Nouvelle Aquitaine;Vienne;65 ans et plus;Femmes;9.0;15.9;;86;75
2023;Nouvelle Aquitaine;Vienne;00-17 ans;Hommes et Femmes;0.0;0.0;;86;75
2023;Nouvelle Aquitaine;Vienne;65 ans et plus;Hommes et Femmes;33.0;32.5;;86;75
2019;Nouvelle Aquitaine;Haute-Vienne;00-17 ans;Hommes;2.5;7.0;;87;75
2019;Nouvelle Aquitaine;Haute-Vienne;25-44 ans;Hommes;15.0;38.4;;87;75
2019;Nouvelle Aquitaine;Haute-Vienne;65 ans et plus;Hommes;15.0;37.9;;87;75
2019;Nouvelle Aquitaine;Haute-Vienne;Tous;Hommes;47.0;26.5;25.8;87;75
2019;Nouvelle Aquitaine;Haute-Vienne;25-44 ans;Hommes et Femmes;21.0;26.4;;87;75
2019;Nouvelle Aquitaine;Haute-Vienne;45-64 ans;Hommes et Femmes;24.0;24.2;;87;75
2020;Nouvelle Aquitaine;Haute-Vienne;18-24 ans;Hommes;2.5;16.6;;87;75
2020;Nouvelle Aquitaine;Haute-Vienne;25-44 ans;Hommes;10.0;25.6;;87;75
2020;Nouvelle Aquitaine;Haute-Vienne;65 ans et plus;Hommes;10.0;25.0;;87;75
2020;Nouvelle Aquitaine;Haute-Vienne;Tous;Hommes;44.5;25.1;23.4;87;75
2020;Nouvelle Aquitaine;Haute-Vienne;25-44 ans;Femmes;2.5;6.2;;87;75
2020;Nouvelle Aquitaine;Haute-Vienne;45-64 ans;Femmes;5.0;9.9;;87;75
2020;Nouvelle Aquitaine;Haute-Vienne;65 ans et plus;Femmes;8.0;14.9;;87;75
2020;Nouvelle Aquitaine;Haute-Vienne;18-24 ans;Hommes et Femmes;2.5;8.0;;87;75
2020;Nouvelle Aquitaine;Haute-Vienne;45-64 ans;Hommes et Femmes;27.0;27.3;;87;75
2020;Nouvelle Aquitaine;Haute-Vienne;Tous;Hommes et Femmes;57.0;15.3;14.7;87;75
2021;Nouvelle Aquitaine;Haute-Vienne;25-44 ans;Hommes;13.0;33.4;;87;75
2021;Nouvelle Aquitaine;Haute-Vienne;65 ans et plus;Hommes;34.0;83.4;;87;75
2021;Nouvelle Aquitaine;Haute-Vienne;45-64 ans;Femmes;8.0;15.9;;87;75
2021;Nouvelle Aquitaine;Haute-Vienne;Tous;Femmes;16.5;8.5;8.3;87;75
2021;Nouvelle Aquitaine;Haute-Vienne;25-44 ans;Hommes et Femmes;15.5;19.6;;87;75
2021;Nouvelle Aquitaine;Haute-Vienne;Tous;Hommes et Femmes;84.5;22.7;21.5;87;75
2022;Nouvelle Aquitaine;Haute-Vienne;25-44 ans;Hommes;11.0;27.9;;87;75
2022;Nouvelle Aquitaine;Haute-Vienne;45-64 ans;Hommes;21.0;44.4;;87;75
2022;Nouvelle Aquitaine;Haute-Vienne;65 ans et plus;Hommes;16.0;38.6;;87;75
2022;Nouvelle Aquitaine;Haute-Vienne;45-64 ans;Femmes;7.0;14.0;;87;75
2022;Nouvelle Aquitaine;Haute-Vienne;65 ans et plus;Femmes;2.5;4.6;;87;75
2022;Nouvelle Aquitaine;Haute-Vienne;Tous;Femmes;14.0;7.2;7.7;87;75
2022;Nouvelle Aquitaine;Haute-Vienne;45-64 ans;Hommes et Femmes;28.0;28.8;;87;75
2022;Nouvelle Aquitaine;Haute-Vienne;65 ans et plus;Hommes et Femmes;18.5;19.2;;87;75
2023;Nouvelle Aquitaine;Haute-Vienne;65 ans et plus;Hommes;21.0;50.2;;87;75
2023;Nouvelle Aquitaine;Haute-Vienne;00-17 ans;Femmes;0.0;0.0;;87;75
2023;Nouvelle Aquitaine;Haute-Vienne;Tous;Femmes;15.0;7.7;7.5;87;75
2023;Nouvelle Aquitaine;Haute-Vienne;45-64 ans;Hommes et Femmes;32.0;33.2;;87;75
2023;Nouvelle Aquitaine;Haute-Vienne;65 ans et plus;Hommes et Femmes;23.5;24.2;;87;75
2019;Grand Est;Vosges;00-17 ans;Hommes;0.0;0.0;;88;44
2019;Grand Est;Vosges;45-64 ans;Hommes;25.0;49.1;;88;44
2019;Grand Est;Vosges;Tous;Hommes;59.0;33.2;31.5;88;44
2019;Grand Est;Vosges;65 ans et plus;Femmes;6.0;12.0;;88;44
2019;Grand Est;Vosges;00-17 ans;Hommes et Femmes;0.0;0.0;;88;44
2019;Grand Est;Vosges;25-44 ans;Hommes et Femmes;16.5;21.5;;88;44
2020;Grand Est;Vosges;00-17 ans;Hommes;0.0;0.0;;88;44
2020;Grand Est;Vosges;25-44 ans;Hommes;12.0;31.7;;88;44
2020;Grand Est;Vosges;18-24 ans;Femmes;0.0;0.0;;88;44
2020;Grand Est;Vosges;45-64 ans;Femmes;5.0;9.7;;88;44
2020;Grand Est;Vosges;65 ans et plus;Femmes;2.5;4.9;;88;44
2020;Grand Est;Vosges;65 ans et plus;Hommes et Femmes;26.5;29.6;;88;44
2021;Grand Est;Vosges;00-17 ans;Hommes;0.0;0.0;;88;44
2021;Grand Est;Vosges;00-17 ans;Femmes;0.0;0.0;;88;44
2021;Grand Est;Vosges;18-24 ans;Hommes et Femmes;2.5;10.0;;88;44
2021;Grand Est;Vosges;25-44 ans;Hommes et Femmes;21.5;28.7;;88;44
2021;Grand Est;Vosges;45-64 ans;Hommes et Femmes;29.5;29.4;;88;44
2021;Grand Est;Vosges;Tous;Hommes et Femmes;81.5;22.6;21.9;88;44
2022;Grand Est;Vosges;25-44 ans;Hommes;8.0;21.1;;88;44
2022;Grand Est;Vosges;65 ans et plus;Hommes;23.0;57.9;;88;44
2022;Grand Est;Vosges;00-17 ans;Femmes;0.0;0.0;;88;44
2022;Grand Est;Vosges;65 ans et plus;Femmes;2.5;4.8;;88;44
2022;Grand Est;Vosges;45-64 ans;Hommes et Femmes;21.0;21.2;;88;44
2022;Grand Est;Vosges;65 ans et plus;Hommes et Femmes;25.5;27.9;;88;44
2022;Grand Est;Vosges;Tous;Hommes et Femmes;61.0;17.0;16.0;88;44
2023;Grand Est;Vosges;45-64 ans;Hommes;29.0;60.0;;88;44
2023;Grand Est;Vosges;65 ans et plus;Hommes;21.0;52.2;;88;44
2023;Grand Est;Vosges;45-64 ans;Femmes;6.0;12.1;;88;44
2023;Grand Est;Vosges;Tous;Femmes;11.0;6.0;6.9;88;44
2023;Grand Est;Vosges;18-24 ans;Hommes et Femmes;2.5;10.3;;88;44
2023;Grand Est;Vosges;25-44 ans;Hommes et Femmes;12.5;16.7;;88;44
2023;Grand Est;Vosges;45-64 ans;Hommes et Femmes;35.0;35.8;;88;44
2023;Grand Est;Vosges;Tous;Hommes et Femmes;77.0;21.6;20.9;88;44
2019;Bourgogne et Franche-Comté;Yonne;18-24 ans;Hommes;2.5;22.5;;89;27
2019;Bourgogne et Franche-Comté;Yonne;25-44 ans;Hommes;5.0;14.1;;89;27
2019;Bourgogne et Franche-Comté;Yonne;65 ans et plus;Hommes;20.0;55.4;;89;27
2019;Bourgogne et Franche-Comté;Yonne;Tous;Hommes;46.5;28.4;25.6;89;27
2020;Bourgogne et Franche-Comté;Yonne;00-17 ans;Hommes;0.0;0.0;;89;27
2020;Bourgogne et Franche-Comté;Yonne;18-24 ans;Hommes;2.5;22.1;;89;27
2020;Bourgogne et Franche-Comté;Yonne;Tous;Hommes;39.5;24.3;24.4;89;27
2020;Bourgogne et Franche-Comté;Yonne;00-17 ans;Femmes;0.0;0.0;;89;27
2020;Bourgogne et Franche-Comté;Yonne;00-17 ans;Hommes et Femmes;0.0;0.0;;89;27
2020;Bourgogne et Franche-Comté;Yonne;18-24 ans;Hommes et Femmes;2.5;12.0;;89;27
2020;Bourgogne et Franche-Comté;Yonne;65 ans et plus;Hommes et Femmes;20.0;24.1;;89;27
2021;Bourgogne et Franche-Comté;Yonne;00-17 ans;Hommes;0.0;0.0;;89;27
2021;Bourgogne et Franche-Comté;Yonne;25-44 ans;Hommes;5.0;14.3;;89;27
2021;Bourgogne et Franche-Comté;Yonne;45-64 ans;Hommes;15.0;33.6;;89;27
2021;Bourgogne et Franche-Comté;Yonne;65 ans et plus;Hommes;15.0;41.2;;89;27
2021;Bourgogne et Franche-Comté;Yonne;Tous;Hommes;37.5;23.1;21.5;89;27
2021;Bourgogne et Franche-Comté;Yonne;00-17 ans;Femmes;0.0;0.0;;89;27
2021;Bourgogne et Franche-Comté;Yonne;18-24 ans;Femmes;0.0;0.0;;89;27
2021;Bourgogne et Franche-Comté;Yonne;65 ans et plus;Femmes;6.0;13.0;;89;27
2021;Bourgogne et Franche-Comté;Yonne;00-17 ans;Hommes et Femmes;0.0;0.0;;89;27
2021;Bourgogne et Franche-Comté;Yonne;45-64 ans;Hommes et Femmes;20.0;22.0;;89;27
2022;Bourgogne et Franche-Comté;Yonne;45-64 ans;Hommes;11.0;24.6;;89;27
2022;Bourgogne et Franche-Comté;Yonne;65 ans et plus;Hommes;20.0;53.5;;89;27
2022;Bourgogne et Franche-Comté;Yonne;Tous;Femmes;11.0;6.4;6.0;89;27
2022;Bourgogne et Franche-Comté;Yonne;Tous;Hommes et Femmes;55.0;16.5;14.5;89;27
2023;Bourgogne et Franche-Comté;Yonne;00-17 ans;Hommes;0.0;0.0;;89;27
2023;Bourgogne et Franche-Comté;Yonne;18-24 ans;Hommes;0.0;0.0;;89;27
2023;Bourgogne et Franche-Comté;Yonne;25-44 ans;Femmes;2.5;7.1;;89;27
2023;Bourgogne et Franche-Comté;Yonne;18-24 ans;Hommes et Femmes;0.0;0.0;;89;27
2023;Bourgogne et Franche-Comté;Yonne;65 ans et plus;Hommes et Femmes;25.0;29.3;;89;27
2019;Bourgogne et Franche-Comté;Territoire de Belfort;00-17 ans;Hommes;0.0;0.0;;90;27
2019;Bourgogne et Franche-Comté;Territoire de Belfort;18-24 ans;Hommes;0.0;0.0;;90;27
2019;Bourgogne et Franche-Comté;Territoire de Belfort;45-64 ans;Hommes;7.0;38.2;;90;27
2019;Bourgogne et Franche-Comté;Territoire de Belfort;65 ans et plus;Hommes;2.5;20.5;;90;27
2019;Bourgogne et Franche-Comté;Territoire de Belfort;00-17 ans;Hommes et Femmes;0.0;0.0;;90;27
2019;Bourgogne et Franche-Comté;Territoire de Belfort;18-24 ans;Hommes et Femmes;0.0;0.0;;90;27
2019;Bourgogne et Franche-Comté;Territoire de Belfort;45-64 ans;Hommes et Femmes;9.5;25.5;;90;27
2019;Bourgogne et Franche-Comté;Territoire de Belfort;Tous;Hommes et Femmes;19.5;13.8;14.1;90;27
2020;Bourgogne et Franche-Comté;Territoire de Belfort;18-24 ans;Hommes;0.0;0.0;;90;27
2020;Bourgogne et Franche-Comté;Territoire de Belfort;45-64 ans;Hommes;6.0;32.9;;90;27
2020;Bourgogne et Franche-Comté;Territoire de Belfort;00-17 ans;Femmes;0.0;0.0;;90;27
2020;Bourgogne et Franche-Comté;Territoire de Belfort;Tous;Femmes;2.5;3.5;4.2;90;27
2021;Bourgogne et Franche-Comté;Territoire de Belfort;18-24 ans;Hommes;0.0;0.0;;90;27
2021;Bourgogne et Franche-Comté;Territoire de Belfort;45-64 ans;Hommes;7.0;38.6;;90;27
2021;Bourgogne et Franche-Comté;Territoire de Belfort;Tous;Hommes;15.5;22.3;26.1;90;27
2021;Bourgogne et Franche-Comté;Territoire de Belfort;00-17 ans;Femmes;0.0;0.0;;90;27
2021;Bourgogne et Franche-Comté;Territoire de Belfort;65 ans et plus;Femmes;0.0;0.0;;90;27
2021;Bourgogne et Franche-Comté;Territoire de Belfort;Tous;Femmes;2.5;3.6;2.7;90;27
2021;Bourgogne et Franche-Comté;Territoire de Belfort;00-17 ans;Hommes et Femmes;0.0;0.0;;90;27
2021;Bourgogne et Franche-Comté;Territoire de Belfort;65 ans et plus;Hommes et Femmes;2.5;8.7;;90;27
2021;Bourgogne et Franche-Comté;Territoire de Belfort;Tous;Hommes et Femmes;19.0;13.6;14.1;90;27
2022;Bourgogne et Franche-Comté;Territoire de Belfort;18-24 ans;Hommes;0.0;0.0;;90;27
2022;Bourgogne et Franche-Comté;Territoire de Belfort;45-64 ans;Femmes;2.5;13.6;;90;27
2022;Bourgogne et Franche-Comté;Territoire de Belfort;25-44 ans;Hommes et Femmes;11.5;34.6;;90;27
2023;Bourgogne et Franche-Comté;Territoire de Belfort;00-17 ans;Hommes;0.0;0.0;;90;27
2023;Bourgogne et Franche-Comté;Territoire de Belfort;45-64 ans;Hommes;5.0;28.0;;90;27
2023;Bourgogne et Franche-Comté;Territoire de Belfort;65 ans et plus;Hommes;2.5;19.9;;90;27
2023;Bourgogne et Franche-Comté;Territoire de Belfort;00-17 ans;Femmes;0.0;0.0;;90;27
2023;Bourgogne et Franche-Comté;Territoire de Belfort;18-24 ans;Femmes;0.0;0.0;;90;27
2023;Bourgogne et Franche-Comté;Territoire de Belfort;25-44 ans;Femmes;2.5;15.4;;90;27
2023;Bourgogne et Franche-Comté;Territoire de Belfort;Tous;Femmes;2.5;3.6;5.9;90;27
2023;Bourgogne et Franche-Comté;Territoire de Belfort;65 ans et plus;Hommes et Femmes;2.5;8.6;;90;27
2019;Île-de-France;Essonne;25-44 ans;Hommes;19.0;11.5;;91;11
2019;Île-de-France;Essonne;45-64 ans;Hommes;29.0;17.9;;91;11
2019;Île-de-France;Essonne;Tous;Hommes;72.5;11.4;12.7;91;11
2019;Île-de-France;Essonne;18-24 ans;Femmes;2.5;4.6;;91;11
2019;Île-de-France;Essonne;45-64 ans;Femmes;13.0;7.8;;91;11
2019;Île-de-France;Essonne;18-24 ans;Hommes et Femmes;5.0;4.4;;91;11
2019;Île-de-France;Essonne;25-44 ans;Hommes et Femmes;24.0;7.1;;91;11
2019;Île-de-France;Essonne;65 ans et plus;Hommes et Femmes;29.0;14.6;;91;11
2019;Île-de-France;Essonne;Tous;Hommes et Femmes;102.5;7.9;8.5;91;11
2020;Île-de-France;Essonne;25-44 ans;Hommes;28.0;17.0;;91;11
2020;Île-de-France;Essonne;45-64 ans;Hommes;27.0;16.6;;91;11
2020;Île-de-France;Essonne;65 ans et plus;Hommes;24.0;27.2;;91;11
2020;Île-de-France;Essonne;25-44 ans;Femmes;5.0;2.9;;91;11
2020;Île-de-France;Essonne;45-64 ans;Femmes;13.0;7.8;;91;11
2020;Île-de-France;Essonne;65 ans et plus;Femmes;11.0;9.6;;91;11
2020;Île-de-France;Essonne;18-24 ans;Hommes et Femmes;12.5;10.8;;91;11
2021;Île-de-France;Essonne;65 ans et plus;Hommes;22.0;24.6;;91;11
2021;Île-de-France;Essonne;00-17 ans;Femmes;2.5;1.6;;91;11
2021;Île-de-France;Essonne;18-24 ans;Femmes;2.5;4.5;;91;11
2021;Île-de-France;Essonne;25-44 ans;Femmes;5.0;2.9;;91;11
2021;Île-de-France;Essonne;65 ans et plus;Femmes;6.0;5.2;;91;11
2021;Île-de-France;Essonne;18-24 ans;Hommes et Femmes;8.5;7.3;;91;11
2021;Île-de-France;Essonne;25-44 ans;Hommes et Femmes;28.0;8.2;;91;11
2021;Île-de-France;Essonne;45-64 ans;Hommes et Femmes;33.0;10.0;;91;11
2022;Île-de-France;Essonne;Tous;Hommes;70.5;10.8;12.1;91;11
2022;Île-de-France;Essonne;65 ans et plus;Femmes;6.0;5.1;;91;11
2022;Île-de-France;Essonne;18-24 ans;Hommes et Femmes;7.5;6.3;;91;11
2022;Île-de-France;Essonne;45-64 ans;Hommes et Femmes;31.0;9.4;;91;11
2022;Île-de-France;Essonne;65 ans et plus;Hommes et Femmes;28.0;13.4;;91;11
2023;Île-de-France;Essonne;Tous;Hommes;78.0;11.9;12.8;91;11
2023;Île-de-France;Essonne;00-17 ans;Femmes;0.0;0.0;;91;11
2023;Île-de-France;Essonne;18-24 ans;Femmes;2.5;4.4;;91;11
2023;Île-de-France;Essonne;45-64 ans;Femmes;15.0;9.0;;91;11
2023;Île-de-France;Essonne;00-17 ans;Hommes et Femmes;2.5;0.8;;91;11
2023;Île-de-France;Essonne;45-64 ans;Hommes et Femmes;41.0;12.4;;91;11
2023;Île-de-France;Essonne;65 ans et plus;Hommes et Femmes;31.0;14.6;;91;11
2019;Île-de-France;Hauts-de-Seine;00-17 ans;Hommes;2.5;1.3;;92;11
2019;Île-de-France;Hauts-de-Seine;18-24 ans;Hommes;10.0;15.1;;92;11
2019;Île-de-France;Hauts-de-Seine;45-64 ans;Hommes;29.0;15.5;;92;11
2019;Île-de-France;Hauts-de-Seine;Tous;Femmes;46.5;5.5;5.9;92;11
2019;Île-de-France;Hauts-de-Seine;00-17 ans;Hommes et Femmes;2.5;0.7;;92;11
2019;Île-de-France;Hauts-de-Seine;45-64 ans;Hommes et Femmes;44.0;11.1;;92;11
2020;Île-de-France;Hauts-de-Seine;18-24 ans;Hommes;2.5;3.6;;92;11
2020;Île-de-France;Hauts-de-Seine;45-64 ans;Hommes;34.0;18.0;;92;11
2020;Île-de-France;Hauts-de-Seine;65 ans et plus;Hommes;16.0;15.4;;92;11
2020;Île-de-France;Hauts-de-Seine;00-17 ans;Femmes;0.0;0.0;;92;11
2020;Île-de-France;Hauts-de-Seine;25-44 ans;Femmes;8.0;3.3;;92;11
2020;Île-de-France;Hauts-de-Seine;25-44 ans;Hommes et Femmes;28.0;5.9;;92;11
2020;Île-de-France;Hauts-de-Seine;45-64 ans;Hommes et Femmes;52.0;13.0;;92;11
2021;Île-de-France;Hauts-de-Seine;18-24 ans;Hommes;6.0;8.5;;92;11
2021;Île-de-France;Hauts-de-Seine;65 ans et plus;Femmes;15.0;10.1;;92;11
2021;Île-de-France;Hauts-de-Seine;00-17 ans;Hommes et Femmes;2.5;0.7;;92;11
2021;Île-de-France;Hauts-de-Seine;45-64 ans;Hommes et Femmes;43.0;10.6;;92;11
2021;Île-de-France;Hauts-de-Seine;65 ans et plus;Hommes et Femmes;31.0;12.2;;92;11
2022;Île-de-France;Hauts-de-Seine;18-24 ans;Hommes;9.0;12.4;;92;11
2022;Île-de-France;Hauts-de-Seine;25-44 ans;Hommes;22.0;9.5;;92;11
2023;Île-de-France;Hauts-de-Seine;00-17 ans;Hommes;2.5;1.4;;92;11
2023;Île-de-France;Hauts-de-Seine;18-24 ans;Femmes;2.5;3.3;;92;11
2023;Île-de-France;Hauts-de-Seine;65 ans et plus;Femmes;7.0;4.5;;92;11
2023;Île-de-France;Hauts-de-Seine;25-44 ans;Hommes et Femmes;28.0;5.8;;92;11
2023;Île-de-France;Hauts-de-Seine;65 ans et plus;Hommes et Femmes;29.0;11.1;;92;11
2019;Île-de-France;Seine-Saint-Denis;00-17 ans;Femmes;2.5;1.2;;93;11
2019;Île-de-France;Seine-Saint-Denis;18-24 ans;Hommes et Femmes;5.0;3.5;;93;11
2019;Île-de-France;Seine-Saint-Denis;45-64 ans;Hommes et Femmes;33.0;8.6;;93;11
2020;Île-de-France;Seine-Saint-Denis;18-24 ans;Hommes;8.0;10.6;;93;11
2020;Île-de-France;Seine-Saint-Denis;Tous;Hommes;82.5;10.1;10.9;93;11
2020;Île-de-France;Seine-Saint-Denis;00-17 ans;Hommes et Femmes;2.5;0.6;;93;11
2020;Île-de-France;Seine-Saint-Denis;45-64 ans;Hommes et Femmes;46.0;11.9;;93;11
2020;Île-de-France;Seine-Saint-Denis;Tous;Hommes et Femmes;119.0;7.2;8.2;93;11
2021;Île-de-France;Seine-Saint-Denis;45-64 ans;Hommes;19.0;9.8;;93;11
2021;Île-de-France;Seine-Saint-Denis;65 ans et plus;Hommes;14.0;14.8;;93;11
2021;Île-de-France;Seine-Saint-Denis;00-17 ans;Femmes;2.5;1.2;;93;11
2021;Île-de-France;Seine-Saint-Denis;65 ans et plus;Femmes;14.0;12.1;;93;11
2021;Île-de-France;Seine-Saint-Denis;Tous;Femmes;49.0;5.8;6.9;93;11
2021;Île-de-France;Seine-Saint-Denis;00-17 ans;Hommes et Femmes;2.5;0.6;;93;11
2021;Île-de-France;Seine-Saint-Denis;18-24 ans;Hommes et Femmes;9.5;6.2;;93;11
2021;Île-de-France;Seine-Saint-Denis;25-44 ans;Hommes et Femmes;43.0;8.9;;93;11
2021;Île-de-France;Seine-Saint-Denis;65 ans et plus;Hommes et Femmes;28.0;13.4;;93;11
2021;Île-de-France;Seine-Saint-Denis;Tous;Hommes et Femmes;122.0;7.3;8.2;93;11
2022;Île-de-France;Seine-Saint-Denis;45-64 ans;Hommes;14.0;7.2;;93;11
2022;Île-de-France;Seine-Saint-Denis;25-44 ans;Femmes;9.0;3.6;;93;11
2022;Île-de-France;Seine-Saint-Denis;18-24 ans;Hommes et Femmes;12.5;7.9;;93;11
2023;Île-de-France;Seine-Saint-Denis;00-17 ans;Hommes;0.0;0.0;;93;11
2023;Île-de-France;Seine-Saint-Denis;65 ans et plus;Hommes;22.0;21.9;;93;11
2023;Île-de-France;Seine-Saint-Denis;18-24 ans;Femmes;0.0;0.0;;93;11
2023;Île-de-France;Seine-Saint-Denis;65 ans et plus;Femmes;10.0;8.3;;93;11
2023;Île-de-France;Seine-Saint-Denis;18-24 ans;Hommes et Femmes;5.0;3.1;;93;11
2023;Île-de-France;Seine-Saint-Denis;65 ans et plus;Hommes et Femmes;32.0;14.5;;93;11
2019;Île-de-France;Val-de-Marne;25-44 ans;Hommes;25.0;13.1;;94;11
2019;Île-de-France;Val-de-Marne;65 ans et plus;Hommes;19.0;21.6;;94;11
2019;Île-de-France;Val-de-Marne;18-24 ans;Femmes;2.5;4.1;;94;11
2019;Île-de-France;Val-de-Marne;45-64 ans;Femmes;13.0;7.2;;94;11
2019;Île-de-France;Val-de-Marne;Tous;Hommes et Femmes;104.5;7.4;8.2;94;11
2020;Île-de-France;Val-de-Marne;00-17 ans;Hommes;0.0;0.0;;94;11
2020;Île-de-France;Val-de-Marne;25-44 ans;Hommes;20.0;10.5;;94;11
2020;Île-de-France;Val-de-Marne;65 ans et plus;Hommes;19.0;21.1;;94;11
2020;Île-de-France;Val-de-Marne;00-17 ans;Femmes;0.0;0.0;;94;11
2020;Île-de-France;Val-de-Marne;18-24 ans;Femmes;2.5;4.0;;94;11
2020;Île-de-France;Val-de-Marne;45-64 ans;Femmes;13.0;7.2;;94;11
2020;Île-de-France;Val-de-Marne;25-44 ans;Hommes et Femmes;26.0;6.6;;94;11
2020;Île-de-France;Val-de-Marne;45-64 ans;Hommes et Femmes;37.0;10.6;;94;11
2020;Île-de-France;Val-de-Marne;Tous;Hommes et Femmes;98.0;7.0;7.6;94;11
2021;Île-de-France;Val-de-Marne;18-24 ans;Hommes;2.5;3.8;;94;11
2021;Île-de-France;Val-de-Marne;25-44 ans;Hommes;21.0;11.0;;94;11
2021;Île-de-France;Val-de-Marne;65 ans et plus;Hommes;18.0;19.6;;94;11
2021;Île-de-France;Val-de-Marne;00-17 ans;Femmes;0.0;0.0;;94;11
2021;Île-de-France;Val-de-Marne;Tous;Femmes;36.0;4.9;5.6;94;11
2021;Île-de-France;Val-de-Marne;25-44 ans;Hommes et Femmes;29.0;7.3;;94;11
2021;Île-de-France;Val-de-Marne;45-64 ans;Hommes et Femmes;35.0;10.0;;94;11
2022;Île-de-France;Val-de-Marne;18-24 ans;Hommes;2.5;3.8;;94;11
2022;Île-de-France;Val-de-Marne;25-44 ans;Hommes;16.0;8.3;;94;11
2022;Île-de-France;Val-de-Marne;45-64 ans;Hommes;27.0;16.1;;94;11
2022;Île-de-France;Val-de-Marne;00-17 ans;Femmes;2.5;1.6;;94;11
2022;Île-de-France;Val-de-Marne;Tous;Femmes;32.0;4.3;4.9;94;11
2022;Île-de-France;Val-de-Marne;00-17 ans;Hommes et Femmes;2.5;0.8;;94;11
2022;Île-de-France;Val-de-Marne;18-24 ans;Hommes et Femmes;7.0;5.3;;94;11
2022;Île-de-France;Val-de-Marne;25-44 ans;Hommes et Femmes;18.5;4.6;;94;11
2022;Île-de-France;Val-de-Marne;45-64 ans;Hommes et Femmes;37.0;10.6;;94;11
2023;Île-de-France;Val-de-Marne;18-24 ans;Hommes;5.0;7.4;;94;11
2023;Île-de-France;Val-de-Marne;45-64 ans;Hommes;18.0;10.7;;94;11
2023;Île-de-France;Val-de-Marne;65 ans et plus;Hommes;16.0;16.8;;94;11
2023;Île-de-France;Val-de-Marne;18-24 ans;Femmes;2.5;3.7;;94;11
2023;Île-de-France;Val-de-Marne;25-44 ans;Femmes;6.0;2.9;;94;11
2023;Île-de-France;Val-de-Marne;Tous;Femmes;30.5;4.1;4.2;94;11
2023;Île-de-France;Val-de-Marne;65 ans et plus;Hommes et Femmes;25.0;11.1;;94;11
2019;Île-de-France;Val-d'Oise;18-24 ans;Hommes;0.0;0.0;;95;11
2019;Île-de-France;Val-d'Oise;18-24 ans;Femmes;0.0;0.0;;95;11
2019;Île-de-France;Val-d'Oise;25-44 ans;Femmes;8.0;4.6;;95;11
2019;Île-de-France;Val-d'Oise;45-64 ans;Femmes;11.0;6.9;;95;11
2019;Île-de-France;Val-d'Oise;65 ans et plus;Femmes;9.0;9.4;;95;11
2019;Île-de-France;Val-d'Oise;Tous;Femmes;30.5;4.7;5.3;95;11
2019;Île-de-France;Val-d'Oise;65 ans et plus;Hommes et Femmes;27.0;15.8;;95;11
2020;Île-de-France;Val-d'Oise;00-17 ans;Hommes;0.0;0.0;;95;11
2020;Île-de-France;Val-d'Oise;25-44 ans;Hommes;17.0;10.5;;95;11
2020;Île-de-France;Val-d'Oise;18-24 ans;Femmes;2.5;4.6;;95;11
2020;Île-de-France;Val-d'Oise;25-44 ans;Femmes;2.5;1.4;;95;11
2020;Île-de-France;Val-d'Oise;45-64 ans;Femmes;6.0;3.8;;95;11
2020;Île-de-France;Val-d'Oise;45-64 ans;Hommes et Femmes;25.0;8.1;;95;11
2020;Île-de-France;Val-d'Oise;Tous;Hommes et Femmes;77.5;6.2;7.1;95;11
2021;Île-de-France;Val-d'Oise;18-24 ans;Hommes;2.5;4.4;;95;11
2021;Île-de-France;Val-d'Oise;45-64 ans;Hommes;19.0;12.7;;95;11
2021;Île-de-France;Val-d'Oise;Tous;Hommes;59.0;9.6;10.6;95;11
2021;Île-de-France;Val-d'Oise;18-24 ans;Femmes;2.5;4.6;;95;11
2021;Île-de-France;Val-d'Oise;25-44 ans;Hommes et Femmes;28.0;8.3;;95;11
2022;Île-de-France;Val-d'Oise;18-24 ans;Hommes;2.5;4.3;;95;11
2022;Île-de-France;Val-d'Oise;25-44 ans;Hommes;18.0;10.9;;95;11
2022;Île-de-France;Val-d'Oise;65 ans et plus;Hommes;19.0;23.7;;95;11
2022;Île-de-France;Val-d'Oise;Tous;Hommes;69.0;11.2;12.5;95;11
2022;Île-de-France;Val-d'Oise;45-64 ans;Femmes;7.0;4.4;;95;11
2022;Île-de-France;Val-d'Oise;65 ans et plus;Femmes;9.0;8.7;;95;11
2022;Île-de-France;Val-d'Oise;Tous;Femmes;21.0;3.2;3.8;95;11
2022;Île-de-France;Val-d'Oise;25-44 ans;Hommes et Femmes;23.0;6.7;;95;11
2022;Île-de-France;Val-d'Oise;Tous;Hommes et Femmes;90.0;7.1;8.0;95;11
2023;Île-de-France;Val-d'Oise;45-64 ans;Femmes;6.0;3.8;;95;11
2023;Île-de-France;Val-d'Oise;Tous;Femmes;27.0;4.1;4.5;95;11
2023;Île-de-France;Val-d'Oise;00-17 ans;Hommes et Femmes;2.5;0.8;;95;11
2023;Île-de-France;Val-d'Oise;25-44 ans;Hommes et Femmes;24.0;7.0;;95;11
2019;Guadeloupe;Guadeloupe;00-17 ans;Hommes;0.0;0.0;;971;01
2019;Guadeloupe;Guadeloupe;00-17 ans;Femmes;0.0;0.0;;971;01
2019;Guadeloupe;Guadeloupe;45-64 ans;Femmes;0.0;0.0;;971;01
2019;Guadeloupe;Guadeloupe;45-64 ans;Hommes et Femmes;16.0;13.7;;971;01
2019;Guadeloupe;Guadeloupe;65 ans et plus;Hommes et Femmes;5.0;6.7;;971;01
2020;Guadeloupe;Guadeloupe;25-44 ans;Hommes;8.0;24.8;;971;01
2020;Guadeloupe;Guadeloupe;65 ans et plus;Hommes;11.0;32.8;;971;01
2020;Guadeloupe;Guadeloupe;00-17 ans;Femmes;0.0;0.0;;971;01
2020;Guadeloupe;Guadeloupe;25-44 ans;Femmes;2.5;5.6;;971;01
2021;Guadeloupe;Guadeloupe;45-64 ans;Hommes;15.0;28.3;;971;01
2021;Guadeloupe;Guadeloupe;18-24 ans;Femmes;2.5;17.7;;971;01
2021;Guadeloupe;Guadeloupe;25-44 ans;Femmes;0.0;0.0;;971;01
2021;Guadeloupe;Guadeloupe;65 ans et plus;Femmes;2.5;5.5;;971;01
2021;Guadeloupe;Guadeloupe;00-17 ans;Hommes et Femmes;0.0;0.0;;971;01
2021;Guadeloupe;Guadeloupe;45-64 ans;Hommes et Femmes;17.5;14.9;;971;01
2021;Guadeloupe;Guadeloupe;Tous;Hommes et Femmes;45.5;11.8;11.6;971;01
2022;Guadeloupe;Guadeloupe;65 ans et plus;Hommes;14.0;38.9;;971;01
2022;Guadeloupe;Guadeloupe;Tous;Hommes;26.0;14.8;15.3;971;01
2022;Guadeloupe;Guadeloupe;18-24 ans;Femmes;0.0;0.0;;971;01
2022;Guadeloupe;Guadeloupe;45-64 ans;Femmes;2.5;3.9;;971;01
2022;Guadeloupe;Guadeloupe;00-17 ans;Hommes et Femmes;0.0;0.0;;971;01
2022;Guadeloupe;Guadeloupe;65 ans et plus;Hommes et Femmes;16.5;19.9;;971;01
2022;Guadeloupe;Guadeloupe;Tous;Hommes et Femmes;36.0;9.4;9.8;971;01
2023;Guadeloupe;Guadeloupe;18-24 ans;Hommes;0.0;0.0;;971;01
2023;Guadeloupe;Guadeloupe;18-24 ans;Femmes;0.0;0.0;;971;01
2023;Guadeloupe;Guadeloupe;45-64 ans;Femmes;2.5;3.9;;971;01
2023;Guadeloupe;Guadeloupe;00-17 ans;Hommes et Femmes;0.0;0.0;;971;01
2023;Guadeloupe;Guadeloupe;25-44 ans;Hommes et Femmes;9.5;12.8;;971;01
2023;Guadeloupe;Guadeloupe;45-64 ans;Hommes et Femmes;12.5;10.7;;971;01
2023;Guadeloupe;Guadeloupe;65 ans et plus;Hommes et Femmes;7.5;8.8;;971;01
2019;Martinique;Martinique;65 ans et plus;Hommes;7.0;21.0;;972;02
2019;Martinique;Martinique;00-17 ans;Femmes;0.0;0.0;;972;02
2019;Martinique;Martinique;00-17 ans;Hommes et Femmes;0.0;0.0;;972;02
2019;Martinique;Martinique;Tous;Hommes et Femmes;28.5;7.8;7.3;972;02
2020;Martinique;Martinique;45-64 ans;Hommes;8.0;15.4;;972;02
2020;Martinique;Martinique;18-24 ans;Femmes;0.0;0.0;;972;02
2020;Martinique;Martinique;25-44 ans;Femmes;2.5;6.2;;972;02
2020;Martinique;Martinique;45-64 ans;Hommes et Femmes;10.5;9.1;;972;02
2021;Martinique;Martinique;00-17 ans;Hommes;0.0;0.0;;972;02
2021;Martinique;Martinique;25-44 ans;Hommes;5.0;16.7;;972;02
2021;Martinique;Martinique;25-44 ans;Femmes;0.0;0.0;;972;02
2021;Martinique;Martinique;Tous;Femmes;2.5;1.3;1.2;972;02
2021;Martinique;Martinique;18-24 ans;Hommes et Femmes;0.0;0.0;;972;02
2021;Martinique;Martinique;45-64 ans;Hommes et Femmes;9.5;8.3;;972;02
2021;Martinique;Martinique;Tous;Hommes et Femmes;21.5;6.0;6.1;972;02
2022;Martinique;Martinique;00-17 ans;Femmes;0.0;0.0;;972;02
2022;Martinique;Martinique;65 ans et plus;Femmes;2.5;5.2;;972;02
2022;Martinique;Martinique;Tous;Femmes;7.0;3.6;3.6;972;02
2022;Martinique;Martinique;18-24 ans;Hommes et Femmes;0.0;0.0;;972;02
2022;Martinique;Martinique;25-44 ans;Hommes et Femmes;7.0;10.0;;972;02
2023;Martinique;Martinique;Tous;Hommes;24.5;15.0;13.5;972;02
2023;Martinique;Martinique;Tous;Femmes;8.0;4.1;4.0;972;02
2023;Martinique;Martinique;00-17 ans;Hommes et Femmes;0.0;0.0;;972;02
2023;Martinique;Martinique;45-64 ans;Hommes et Femmes;12.5;11.2;;972;02
2023;Martinique;Martinique;65 ans et plus;Hommes et Femmes;9.5;11.0;;972;02
2023;Martinique;Martinique;Tous;Hommes et Femmes;32.5;9.0;8.6;972;02
2019;Guyane;Guyane;00-17 ans;Hommes;2.5;4.6;;973;03
2019;Guyane;Guyane;65 ans et plus;Hommes;2.5;32.5;;973;03
2019;Guyane;Guyane;45-64 ans;Femmes;2.5;9.5;;973;03
2019;Guyane;Guyane;Tous;Femmes;9.0;6.2;4.7;973;03
2019;Guyane;Guyane;00-17 ans;Hommes et Femmes;6.0;5.6;;973;03
2019;Guyane;Guyane;65 ans et plus;Hommes et Femmes;2.5;15.3;;973;03
2020;Guyane;Guyane;45-64 ans;Hommes;2.5;9.7;;973;03
2020;Guyane;Guyane;Tous;Hommes;9.0;6.5;8.0;973;03
2020;Guyane;Guyane;45-64 ans;Femmes;2.5;9.2;;973;03
2020;Guyane;Guyane;18-24 ans;Hommes et Femmes;2.5;8.3;;973;03
2020;Guyane;Guyane;65 ans et plus;Hommes et Femmes;2.5;14.4;;973;03
2021;Guyane;Guyane;18-24 ans;Hommes;2.5;17.1;;973;03
2021;Guyane;Guyane;65 ans et plus;Hommes;2.5;28.9;;973;03
2021;Guyane;Guyane;18-24 ans;Femmes;0.0;0.0;;973;03
2021;Guyane;Guyane;65 ans et plus;Femmes;0.0;0.0;;973;03
2021;Guyane;Guyane;Tous;Femmes;6.0;4.1;4.2;973;03
2022;Guyane;Guyane;00-17 ans;Hommes;0.0;0.0;;973;03
2022;Guyane;Guyane;25-44 ans;Hommes;6.0;17.0;;973;03
2022;Guyane;Guyane;Tous;Hommes;15.0;10.7;17.9;973;03
2022;Guyane;Guyane;18-24 ans;Femmes;0.0;0.0;;973;03
2022;Guyane;Guyane;Tous;Femmes;6.0;4.0;4.1;973;03
2022;Guyane;Guyane;Tous;Hommes et Femmes;21.0;7.3;10.8;973;03
2023;Guyane;Guyane;00-17 ans;Hommes;0.0;0.0;;973;03
2023;Guyane;Guyane;45-64 ans;Hommes;6.0;22.3;;973;03
2023;Guyane;Guyane;00-17 ans;Femmes;0.0;0.0;;973;03
2023;Guyane;Guyane;Tous;Femmes;5.0;3.3;2.8;973;03
2023;Guyane;Guyane;00-17 ans;Hommes et Femmes;0.0;0.0;;973;03
2023;Guyane;Guyane;Tous;Hommes et Femmes;26.0;9.0;10.4;973;03
2019;Réunion;Réunion;00-17 ans;Femmes;0.0;0.0;;974;04
2019;Réunion;Réunion;25-44 ans;Femmes;10.0;8.6;;974;04
2019;Réunion;Réunion;00-17 ans;Hommes et Femmes;2.5;1.1;;974;04
2019;Réunion;Réunion;25-44 ans;Hommes et Femmes;39.0;18.3;;974;04
2019;Réunion;Réunion;65 ans et plus;Hommes et Femmes;20.5;19.4;;974;04
2020;Réunion;Réunion;00-17 ans;Hommes;2.5;2.1;;974;04
2020;Réunion;Réunion;45-64 ans;Femmes;10.0;8.3;;974;04
2020;Réunion;Réunion;00-17 ans;Hommes et Femmes;2.5;1.1;;974;04
2020;Réunion;Réunion;25-44 ans;Hommes et Femmes;31.0;14.6;;974;04
2020;Réunion;Réunion;65 ans et plus;Hommes et Femmes;12.5;11.3;;974;04
2020;Réunion;Réunion;Tous;Hommes et Femmes;92.0;10.7;11.5;974;04
2021;Réunion;Réunion;65 ans et plus;Hommes;10.0;19.5;;974;04
2021;Réunion;Réunion;Tous;Hommes;59.5;14.3;15.1;974;04
2021;Réunion;Réunion;25-44 ans;Femmes;2.5;2.1;;974;04
2021;Réunion;Réunion;00-17 ans;Hommes et Femmes;2.5;1.1;;974;04
2022;Réunion;Réunion;00-17 ans;Hommes;2.5;2.1;;974;04
2022;Réunion;Réunion;25-44 ans;Hommes;11.0;11.5;;974;04
2022;Réunion;Réunion;65 ans et plus;Hommes;9.0;16.5;;974;04
2022;Réunion;Réunion;00-17 ans;Femmes;0.0;0.0;;974;04
2022;Réunion;Réunion;25-44 ans;Femmes;6.0;5.1;;974;04
2023;Réunion;Réunion;18-24 ans;Hommes;2.5;6.7;;974;04
2023;Réunion;Réunion;Tous;Hommes;70.5;16.7;17.7;974;04
2023;Réunion;Réunion;25-44 ans;Femmes;2.5;2.1;;974;04
2023;Réunion;Réunion;00-17 ans;Hommes et Femmes;0.0;0.0;;974;04
2023;Réunion;Réunion;18-24 ans;Hommes et Femmes;2.5;3.3;;974;04
2023;Réunion;Réunion;Tous;Hommes et Femmes;80.5;9.1;9.8;974;04
2019;Mayotte;Mayotte;18-24 ans;Hommes;2.5;21.9;;976;06
2019;Mayotte;Mayotte;25-44 ans;Hommes;2.5;8.4;;976;06
2019;Mayotte;Mayotte;65 ans et plus;Hommes;0.0;0.0;;976;06
2019;Mayotte;Mayotte;00-17 ans;Femmes;0.0;0.0;;976;06
2020;Mayotte;Mayotte;25-44 ans;Hommes;2.5;8.1;;976;06
2020;Mayotte;Mayotte;45-64 ans;Hommes;0.0;0.0;;976;06
2020;Mayotte;Mayotte;25-44 ans;Femmes;0.0;0.0;;976;06
2020;Mayotte;Mayotte;45-64 ans;Femmes;2.5;16.4;;976;06
2020;Mayotte;Mayotte;Tous;Femmes;2.5;1.7;1.7;976;06
2020;Mayotte;Mayotte;45-64 ans;Hommes et Femmes;2.5;7.8;;976;06
2021;Mayotte;Mayotte;00-17 ans;Hommes;0.0;0.0;;976;06
2021;Mayotte;Mayotte;25-44 ans;Hommes;2.5;7.8;;976;06
2021;Mayotte;Mayotte;45-64 ans;Hommes;2.5;14.5;;976;06
2021;Mayotte;Mayotte;Tous;Hommes;2.5;1.8;3.7;976;06
2021;Mayotte;Mayotte;00-17 ans;Femmes;0.0;0.0;;976;06
2021;Mayotte;Mayotte;Tous;Femmes;0.0;0.0;0.0;976;06
2021;Mayotte;Mayotte;18-24 ans;Hommes et Femmes;2.5;9.0;;976;06
2021;Mayotte;Mayotte;45-64 ans;Hommes et Femmes;2.5;7.6;;976;06
2021;Mayotte;Mayotte;65 ans et plus;Hommes et Femmes;0.0;0.0;;976;06
2022;Mayotte;Mayotte;18-24 ans;Hommes;0.0;0.0;;976;06
2022;Mayotte;Mayotte;25-44 ans;Hommes;2.5;7.5;;976;06
2022;Mayotte;Mayotte;45-64 ans;Hommes;0.0;0.0;;976;06
2022;Mayotte;Mayotte;Tous;Hommes;2.5;1.8;1.0;976;06
2022;Mayotte;Mayotte;45-64 ans;Femmes;2.5;15.3;;976;06
2022;Mayotte;Mayotte;Tous;Femmes;2.5;1.6;1.8;976;06
2022;Mayotte;Mayotte;00-17 ans;Hommes et Femmes;2.5;1.6;;976;06
2022;Mayotte;Mayotte;25-44 ans;Hommes et Femmes;2.5;3.2;;976;06
2022;Mayotte;Mayotte;Tous;Hommes et Femmes;2.5;0.8;1.4;976;06
2023;Mayotte;Mayotte;Tous;Hommes;2.5;1.7;3.5;976;06
2023;Mayotte;Mayotte;45-64 ans;Femmes;0.0;0.0;;976;06
2023;Mayotte;Mayotte;Tous;Femmes;2.5;1.5;0.5;976;06
2023;Mayotte;Mayotte;18-24 ans;Hommes et Femmes;0.0;0.0;;976;06
2023;Mayotte;Mayotte;65 ans et plus;Hommes et Femmes;0.0;0.0;;976;06
2023;Mayotte;Mayotte;Tous;Hommes et Femmes;2.5;0.8;2.0;976;06
2019;Saint-Barthélemy;Saint-Barthélemy;18-24 ans;Femmes;0.0;;;977;977
2019;Saint-Barthélemy;Saint-Barthélemy;45-64 ans;Femmes;0.0;;;977;977
2019;Saint-Barthélemy;Saint-Barthélemy;Tous;Femmes;0.0;;;977;977
2019;Saint-Barthélemy;Saint-Barthélemy;25-44 ans;Hommes et Femmes;0.0;;;977;977
2020;Saint-Barthélemy;Saint-Barthélemy;18-24 ans;Hommes;0.0;;;977;977
2020;Saint-Barthélemy;Saint-Barthélemy;65 ans et plus;Hommes;0.0;;;977;977
2020;Saint-Barthélemy;Saint-Barthélemy;Tous;Hommes;2.5;;;977;977
2020;Saint-Barthélemy;Saint-Barthélemy;00-17 ans;Hommes et Femmes;0.0;;;977;977
2020;Saint-Barthélemy;Saint-Barthélemy;65 ans et plus;Hommes et Femmes;0.0;;;977;977
2021;Saint-Barthélemy;Saint-Barthélemy;00-17 ans;Hommes;0.0;;;977;977
2021;Saint-Barthélemy;Saint-Barthélemy;18-24 ans;Hommes;0.0;;;977;977
2021;Saint-Barthélemy;Saint-Barthélemy;25-44 ans;Hommes;0.0;;;977;977
2021;Saint-Barthélemy;Saint-Barthélemy;65 ans et plus;Hommes;0.0;;;977;977
2021;Saint-Barthélemy;Saint-Barthélemy;00-17 ans;Femmes;0.0;;;977;977
2021;Saint-Barthélemy;Saint-Barthélemy;25-44 ans;Femmes;0.0;;;977;977
2021;Saint-Barthélemy;Saint-Barthélemy;65 ans et plus;Femmes;0.0;;;977;977
2021;Saint-Barthélemy;Saint-Barthélemy;Tous;Femmes;0.0;;;977;977
2021;Saint-Barthélemy;Saint-Barthélemy;18-24 ans;Hommes et Femmes;0.0;;;977;977
2021;Saint-Barthélemy;Saint-Barthélemy;Tous;Hommes et Femmes;2.5;;;977;977
2022;Saint-Barthélemy;Saint-Barthélemy;00-17 ans;Hommes;0.0;;;977;977
2022;Saint-Barthélemy;Saint-Barthélemy;25-44 ans;Hommes;0.0;;;977;977
2022;Saint-Barthélemy;Saint-Barthélemy;45-64 ans;Hommes;2.5;;;977;977
2022;Saint-Barthélemy;Saint-Barthélemy;65 ans et plus;Hommes;0.0;;;977;977
2022;Saint-Barthélemy;Saint-Barthélemy;25-44 ans;Hommes et Femmes;0.0;;;977;977
2023;Saint-Barthélemy;Saint-Barthélemy;00-17 ans;Hommes;0.0;;;977;977
2023;Saint-Barthélemy;Saint-Barthélemy;25-44 ans;Hommes;0.0;;;977;977
2023;Saint-Barthélemy;Saint-Barthélemy;65 ans et plus;Hommes;2.5;;;977;977
2023;Saint-Barthélemy;Saint-Barthélemy;25-44 ans;Femmes;0.0;;;977;977
2019;Saint-Martin;Saint-Martin;65 ans et plus;Hommes;2.5;;;978;978
2019;Saint-Martin;Saint-Martin;Tous;Hommes;2.5;;;978;978
2019;Saint-Martin;Saint-Martin;45-64 ans;Femmes;0.0;;;978;978
2019;Saint-Martin;Saint-Martin;Tous;Femmes;0.0;;;978;978
2020;Saint-Martin;Saint-Martin;00-17 ans;Hommes;0.0;;;978;978
2020;Saint-Martin;Saint-Martin;18-24 ans;Hommes;0.0;;;978;978
2020;Saint-Martin;Saint-Martin;45-64 ans;Hommes;2.5;;;978;978
2020;Saint-Martin;Saint-Martin;Tous;Femmes;0.0;;;978;978
2020;Saint-Martin;Saint-Martin;25-44 ans;Hommes et Femmes;2.5;;;978;978
2020;Saint-Martin;Saint-Martin;65 ans et plus;Hommes et Femmes;0.0;;;978;978
2021;Saint-Martin;Saint-Martin;45-64 ans;Hommes;2.5;;;978;978
2021;Saint-Martin;Saint-Martin;65 ans et plus;Hommes;0.0;;;978;978
2021;Saint-Martin;Saint-Martin;00-17 ans;Femmes;0.0;;;978;978
2021;Saint-Martin;Saint-Martin;45-64 ans;Femmes;0.0;;;978;978
2021;Saint-Martin;Saint-Martin;18-24 ans;Hommes et Femmes;0.0;;;978;978
2022;Saint-Martin;Saint-Martin;18-24 ans;Hommes et Femmes;0.0;;;978;978
2022;Saint-Martin;Saint-Martin;25-44 ans;Hommes et Femmes;0.0;;;978;978
2022;Saint-Martin;Saint-Martin;45-64 ans;Hommes et Femmes;0.0;;;978;978
2023;Saint-Martin;Saint-Martin;18-24 ans;Hommes;0.0;;;978;978
2023;Saint-Martin;Saint-Martin;25-44 ans;Hommes;0.0;;;978;978
2023;Saint-Martin;Saint-Martin;65 ans et plus;Hommes;0.0;;;978;978
2023;Saint-Martin;Saint-Martin;00-17 ans;Femmes;0.0;;;978;978
2023;Saint-Martin;Saint-Martin;18-24 ans;Femmes;0.0;;;978;978
2023;Saint-Martin;Saint-Martin;65 ans et plus;Femmes;0.0;;;978;978
2023;Saint-Martin;Saint-Martin;Tous;Femmes;0.0;;;978;978
