annee;champ;unite;sexe;age;nombre;population;taux
2012;mco;patient;F;7;8;393460;2.0
2012;mco;patient;F;11;89;410967;21.7
2012;mco;patient;F;12;372;391538;95.0
2012;mco;patient;F;14;1556;383270;406.0
2012;mco;patient;F;17;1379;377383;365.4
2012;mco;patient;F;23;779;398174;195.6
2012;mco;patient;F;25;718;400773;179.2
2012;mco;patient;F;29;646;418077;154.5
2012;mco;patient;F;34;674;403653;167.0
2012;mco;patient;F;35;663;394475;168.1
2012;mco;patient;F;37;836;430312;194.3
2012;mco;patient;F;38;912;457211;199.5
2012;mco;patient;F;42;1117;452872;246.6
2012;mco;patient;F;43;1179;452606;260.5
2012;mco;patient;F;47;1244;470242;264.5
2012;mco;patient;F;51;1025;449374;228.1
2012;mco;patient;F;52;982;447729;219.3
2012;mco;patient;F;54;856;437787;195.5
2012;mco;patient;F;55;777;435097;178.6
2012;mco;patient;F;57;708;431998;163.9
2012;mco;patient;F;63;411;426051;96.5
2012;mco;patient;F;68;252;289041;87.2
2012;mco;patient;F;71;199;253841;78.4
2012;mco;patient;F;73;197;265595;74.2
2012;mco;patient;F;74;190;262089;72.5
2012;mco;patient;F;75;167;263483;63.4
2012;mco;patient;F;79;178;259940;68.5
2012;mco;patient;F;82;181;224177;80.7
2012;mco;patient;F;88;104;144360;72.0
2012;mco;patient;F;90;82;114565;71.6
2012;mco;patient;F;92;51;50171;101.7
2012;mco;patient;M;8;17;410664;4.1
2012;mco;patient;M;9;22;415450;5.3
2012;mco;patient;M;13;145;409004;35.5
2012;mco;patient;M;21;613;408571;150.0
2012;mco;patient;M;22;577;401128;143.8
2012;mco;patient;M;24;553;393332;140.6
2012;mco;patient;M;29;654;405100;161.4
2012;mco;patient;M;32;630;394801;159.6
2012;mco;patient;M;39;811;462937;175.2
2012;mco;patient;M;45;808;449715;179.7
2012;mco;patient;M;53;515;416896;123.5
2012;mco;patient;M;56;441;405376;108.8
2012;mco;patient;M;58;376;397206;94.7
2012;mco;patient;M;61;259;409230;63.3
2012;mco;patient;M;70;105;211153;49.7
2012;mco;patient;M;72;89;223728;39.8
2012;mco;patient;M;73;101;217219;46.5
2012;mco;patient;M;74;84;209546;40.1
2012;mco;patient;M;78;93;179320;51.9
2012;mco;patient;M;83;83;126424;65.7
2012;mco;patient;M;85;86;100824;85.3
2012;mco;patient;M;86;76;88941;85.4
2012;mco;sejours;F;7;9;393460;2.3
2012;mco;sejours;F;8;12;392809;3.1
2012;mco;sejours;F;12;427;391538;109.1
2012;mco;sejours;F;14;1811;383270;472.5
2012;mco;sejours;F;15;2020;389041;519.2
2012;mco;sejours;F;18;1308;373245;350.4
2012;mco;sejours;F;31;774;429305;180.3
2012;mco;sejours;F;34;783;403653;194.0
2012;mco;sejours;F;35;804;394475;203.8
2012;mco;sejours;F;37;1012;430312;235.2
2012;mco;sejours;F;39;1249;468731;266.5
2012;mco;sejours;F;41;1338;458964;291.5
2012;mco;sejours;F;42;1320;452872;291.5
2012;mco;sejours;F;45;1384;461168;300.1
2012;mco;sejours;F;48;1426;464980;306.7
2012;mco;sejours;F;54;1023;437787;233.7
2012;mco;sejours;F;55;913;435097;209.8
2012;mco;sejours;F;57;795;431998;184.0
2012;mco;sejours;F;58;733;424256;172.8
2012;mco;sejours;F;60;598;420647;142.2
2012;mco;sejours;F;67;276;297611;92.7
2012;mco;sejours;F;68;279;289041;96.5
2012;mco;sejours;F;72;230;267447;86.0
2012;mco;sejours;F;73;208;265595;78.3
2012;mco;sejours;F;74;219;262089;83.6
2012;mco;sejours;F;75;187;263483;71.0
2012;mco;sejours;F;79;194;259940;74.6
2012;mco;sejours;F;80;195;248861;78.4
2012;mco;sejours;F;82;193;224177;86.1
2012;mco;sejours;F;85;133;189711;70.1
2012;mco;sejours;F;87;131;158558;82.6
2012;mco;sejours;F;88;107;144360;74.1
2012;mco;sejours;F;91;65;99094;65.6
2012;mco;sejours;F;92;54;50171;107.6
2012;mco;sejours;F;94;21;27232;77.1
2012;mco;sejours;M;9;24;415450;5.8
2012;mco;sejours;M;10;49;420746;11.6
2012;mco;sejours;M;12;128;411475;31.1
2012;mco;sejours;M;13;160;409004;39.1
2012;mco;sejours;M;16;528;405107;130.3
2012;mco;sejours;M;18;575;391303;146.9
2012;mco;sejours;M;20;667;405978;164.3
2012;mco;sejours;M;22;682;401128;170.0
2012;mco;sejours;M;27;764;384631;198.6
2012;mco;sejours;M;28;709;379737;186.7
2012;mco;sejours;M;33;718;389195;184.5
2012;mco;sejours;M;34;714;395513;180.5
2012;mco;sejours;M;38;940;449658;209.0
2012;mco;sejours;M;42;989;444233;222.6
2012;mco;sejours;M;43;945;440434;214.6
2012;mco;sejours;M;49;806;434784;185.4
2012;mco;sejours;M;51;726;431526;168.2
2012;mco;sejours;M;53;581;416896;139.4
2012;mco;sejours;M;54;578;415633;139.1
2012;mco;sejours;M;57;428;407089;105.1
2012;mco;sejours;M;58;422;397206;106.2
2012;mco;sejours;M;60;289;393444;73.5
2012;mco;sejours;M;61;289;409230;70.6
2012;mco;sejours;M;65;222;367626;60.4
2012;mco;sejours;M;67;148;267623;55.3
2012;mco;sejours;M;69;123;239507;51.4
2012;mco;sejours;M;70;116;211153;54.9
2012;mco;sejours;M;74;91;209546;43.4
2012;mco;sejours;M;75;113;205592;55.0
2012;mco;sejours;M;77;79;192909;41.0
2012;mco;sejours;M;78;102;179320;56.9
2012;mco;sejours;M;80;100;165413;60.5
2012;mco;sejours;M;84;100;112703;88.7
2012;mco;sejours;M;89;60;54694;109.7
2012;mco;sejours;M;91;43;38072;112.9
2012;mco;sejours;M;92;35;18108;193.3
2012;psy;patient;F;13;21;389501;5.4
2012;psy;patient;F;17;133;377383;35.2
2012;psy;patient;F;19;143;388910;36.8
2012;psy;patient;F;20;115;392481;29.3
2012;psy;patient;F;21;122;397249;30.7
2012;psy;patient;F;23;109;398174;27.4
2012;psy;patient;F;24;89;394466;22.6
2012;psy;patient;F;30;82;423443;19.4
2012;psy;patient;F;32;73;406816;17.9
2012;psy;patient;F;36;91;406592;22.4
2012;psy;patient;F;42;170;452872;37.5
2012;psy;patient;F;44;168;449108;37.4
2012;psy;patient;F;46;181;462235;39.2
2012;psy;patient;F;47;180;470242;38.3
2012;psy;patient;F;51;160;449374;35.6
2012;psy;patient;F;55;139;435097;31.9
2012;psy;patient;F;56;116;433061;26.8
2012;psy;patient;F;58;100;424256;23.6
2012;psy;patient;F;61;79;437064;18.1
2012;psy;patient;F;65;43;398565;10.8
2012;psy;patient;F;68;43;289041;14.9
2012;psy;patient;F;69;33;268207;12.3
2012;psy;patient;F;70;30;242046;12.4
2012;psy;patient;F;71;31;253841;12.2
2012;psy;patient;F;73;42;265595;15.8
2012;psy;patient;F;76;35;260446;13.4
2012;psy;patient;F;79;20;259940;7.7
2012;psy;patient;F;84;25;200632;12.5
2012;psy;patient;F;87;9;158558;5.7
2012;psy;patient;F;95;2;101051;2.0
2012;psy;patient;M;13;4;409004;1.0
2012;psy;patient;M;17;46;394247;11.7
2012;psy;patient;M;18;58;391303;14.8
2012;psy;patient;M;20;50;405978;12.3
2012;psy;patient;M;21;65;408571;15.9
2012;psy;patient;M;25;80;394040;20.3
2012;psy;patient;M;26;91;390574;23.3
2012;psy;patient;M;36;80;399551;20.0
2012;psy;patient;M;39;114;462937;24.6
2012;psy;patient;M;42;140;444233;31.5
2012;psy;patient;M;44;121;439319;27.5
2012;psy;patient;M;48;111;449733;24.7
2012;psy;patient;M;49;98;434784;22.5
2012;psy;patient;M;57;57;407089;14.0
2012;psy;patient;M;58;46;397206;11.6
2012;psy;patient;M;59;43;402762;10.7
2012;psy;patient;M;60;43;393444;10.9
2012;psy;patient;M;62;37;399024;9.3
2012;psy;patient;M;65;31;367626;8.4
2012;psy;patient;M;67;16;267623;6.0
2012;psy;patient;M;69;10;239507;4.2
2012;psy;patient;M;71;14;218216;6.4
2012;psy;patient;M;72;9;223728;4.0
2012;psy;patient;M;76;14;196306;7.1
2012;psy;patient;M;79;9;178373;5.0
2012;psy;patient;M;86;5;88941;5.6
2012;psy;patient;M;87;6;75763;7.9
2012;psy;patient;M;91;1;38072;2.6
2012;psy;patient;M;93;1;12047;8.3
2012;psy;sejours;F;13;27;389501;6.9
2012;psy;sejours;F;14;74;383270;19.3
2012;psy;sejours;F;17;248;377383;65.7
2012;psy;sejours;F;21;212;397249;53.4
2012;psy;sejours;F;22;189;396284;47.7
2012;psy;sejours;F;24;147;394466;37.3
2012;psy;sejours;F;25;173;400773;43.2
2012;psy;sejours;F;27;119;398857;29.8
2012;psy;sejours;F;32;137;406816;33.7
2012;psy;sejours;F;33;141;399124;35.3
2012;psy;sejours;F;35;123;394475;31.2
2012;psy;sejours;F;36;139;406592;34.2
2012;psy;sejours;F;38;208;457211;45.5
2012;psy;sejours;F;39;196;468731;41.8
2012;psy;sejours;F;49;209;450596;46.4
2012;psy;sejours;F;55;217;435097;49.9
2012;psy;sejours;F;58;151;424256;35.6
2012;psy;sejours;F;59;134;432710;31.0
2012;psy;sejours;F;61;111;437064;25.4
2012;psy;sejours;F;63;80;426051;18.8
2012;psy;sejours;F;64;72;418044;17.2
2012;psy;sejours;F;67;59;297611;19.8
2012;psy;sejours;F;68;56;289041;19.4
2012;psy;sejours;F;70;45;242046;18.6
2012;psy;sejours;F;72;47;267447;17.6
2012;psy;sejours;F;74;32;262089;12.2
2012;psy;sejours;F;76;47;260446;18.0
2012;psy;sejours;F;78;32;253647;12.6
2012;psy;sejours;F;80;36;248861;14.5
2012;psy;sejours;F;82;17;224177;7.6
2012;psy;sejours;F;83;22;213941;10.3
2012;psy;sejours;F;84;32;200632;15.9
2012;psy;sejours;F;85;16;189711;8.4
2012;psy;sejours;F;86;14;176959;7.9
2012;psy;sejours;F;89;11;129129;8.5
2012;psy;sejours;F;90;3;114565;2.6
2012;psy;sejours;F;95;2;101051;2.0
2012;psy;sejours;M;14;26;403842;6.4
2012;psy;sejours;M;17;71;394247;18.0
2012;psy;sejours;M;21;95;408571;23.3
2012;psy;sejours;M;22;120;401128;29.9
2012;psy;sejours;M;24;165;393332;41.9
2012;psy;sejours;M;27;122;384631;31.7
2012;psy;sejours;M;29;135;405100;33.3
2012;psy;sejours;M;34;168;395513;42.5
2012;psy;sejours;M;38;168;449658;37.4
2012;psy;sejours;M;41;226;453084;49.9
2012;psy;sejours;M;42;222;444233;50.0
2012;psy;sejours;M;43;172;440434;39.1
2012;psy;sejours;M;50;138;432791;31.9
2012;psy;sejours;M;51;208;431526;48.2
2012;psy;sejours;M;52;117;427560;27.4
2012;psy;sejours;M;53;97;416896;23.3
2012;psy;sejours;M;55;135;411138;32.8
2012;psy;sejours;M;56;109;405376;26.9
2012;psy;sejours;M;59;69;402762;17.1
2012;psy;sejours;M;66;39;276479;14.1
2012;psy;sejours;M;68;18;259471;6.9
2012;psy;sejours;M;70;17;211153;8.1
2012;psy;sejours;M;71;20;218216;9.2
2012;psy;sejours;M;74;14;209546;6.7
2012;psy;sejours;M;82;16;138278;11.6
2012;psy;sejours;M;83;9;126424;7.1
2012;psy;sejours;M;85;9;100824;8.9
2012;psy;sejours;M;86;7;88941;7.9
2012;psy;sejours;M;87;8;75763;10.6
2012;psy;sejours;M;88;3;64932;4.6
2012;psy;sejours;M;94;2;7800;25.6
2013;mco;patient;F;7;9;397438;2.3
2013;mco;patient;F;8;6;396059;1.5
2013;mco;patient;F;9;23;394244;5.8
2013;mco;patient;F;10;18;396794;4.5
2013;mco;patient;F;13;874;392457;222.7
2013;mco;patient;F;15;1687;384849;438.4
2013;mco;patient;F;17;1257;387391;324.5
2013;mco;patient;F;21;815;389503;209.2
2013;mco;patient;F;24;694;396877;174.9
2013;mco;patient;F;29;590;394676;149.5
2013;mco;patient;F;32;630;432099;145.8
2013;mco;patient;F;35;621;404763;153.4
2013;mco;patient;F;36;634;396451;159.9
2013;mco;patient;F;39;917;458435;200.0
2013;mco;patient;F;40;953;469270;203.1
2013;mco;patient;F;41;1030;466699;220.7
2013;mco;patient;F;43;1099;453061;242.6
2013;mco;patient;F;49;1113;464847;239.4
2013;mco;patient;F;50;1067;449372;237.4
2013;mco;patient;F;51;976;450599;216.6
2013;mco;patient;F;58;620;431358;143.7
2013;mco;patient;F;62;426;434657;98.0
2013;mco;patient;F;65;337;416139;81.0
2013;mco;patient;F;68;236;295179;80.0
2013;mco;patient;F;69;245;286901;85.4
2013;mco;patient;F;71;169;239663;70.5
2013;mco;patient;F;73;186;264288;70.4
2013;mco;patient;F;74;195;261781;74.5
2013;mco;patient;F;81;153;240901;63.5
2013;mco;patient;F;82;148;235995;62.7
2013;mco;patient;F;84;143;202908;70.5
2013;mco;patient;F;87;105;163094;64.4
2013;mco;patient;F;94;21;29530;71.1
2013;mco;patient;F;95;49;94252;52.0
2013;mco;patient;M;12;91;432101;21.1
2013;mco;patient;M;13;160;413950;38.7
2013;mco;patient;M;14;263;410737;64.0
2013;mco;patient;M;16;435;409545;106.2
2013;mco;patient;M;17;451;404570;111.5
2013;mco;patient;M;18;436;392616;111.0
2013;mco;patient;M;20;456;403531;113.0
2013;mco;patient;M;22;519;402477;129.0
2013;mco;patient;M;29;552;381304;144.8
2013;mco;patient;M;30;588;406769;144.6
2013;mco;patient;M;32;571;418912;136.3
2013;mco;patient;M;33;571;396757;143.9
2013;mco;patient;M;35;559;397936;140.5
2013;mco;patient;M;36;591;388764;152.0
2013;mco;patient;M;40;812;464313;174.9
2013;mco;patient;M;44;800;440748;181.5
2013;mco;patient;M;45;761;437932;173.8
2013;mco;patient;M;47;693;450270;153.9
2013;mco;patient;M;52;576;430462;133.8
2013;mco;patient;M;54;507;416148;121.8
2013;mco;patient;M;56;436;409365;106.5
2013;mco;patient;M;62;262;404614;64.8
2013;mco;patient;M;67;138;272471;50.6
2013;mco;patient;M;71;98;207130;47.3
2013;mco;patient;M;72;85;212984;39.9
2013;mco;patient;M;76;91;199612;45.6
2013;mco;patient;M;79;89;171393;51.9
2013;mco;patient;M;80;71;169632;41.9
2013;mco;patient;M;82;75;146609;51.2
2013;mco;patient;M;88;73;66065;110.5
2013;mco;patient;M;89;62;55670;111.4
2013;mco;patient;M;95;34;21215;160.3
2013;mco;sejours;F;6;8;405288;2.0
2013;mco;sejours;F;16;1719;389992;440.8
2013;mco;sejours;F;17;1461;387391;377.1
2013;mco;sejours;F;21;931;389503;239.0
2013;mco;sejours;F;32;746;432099;172.6
2013;mco;sejours;F;34;647;402329;160.8
2013;mco;sejours;F;36;769;396451;194.0
2013;mco;sejours;F;37;818;409357;199.8
2013;mco;sejours;F;41;1224;466699;262.3
2013;mco;sejours;F;46;1292;460737;280.4
2013;mco;sejours;F;49;1271;464847;273.4
2013;mco;sejours;F;55;947;436986;216.7
2013;mco;sejours;F;60;562;430628;130.5
2013;mco;sejours;F;61;526;419152;125.5
2013;mco;sejours;F;62;479;434657;110.2
2013;mco;sejours;F;63;469;428112;109.6
2013;mco;sejours;F;65;363;416139;87.2
2013;mco;sejours;F;66;370;396683;93.3
2013;mco;sejours;F;67;298;300735;99.1
2013;mco;sejours;F;68;261;295179;88.4
2013;mco;sejours;F;69;268;286901;93.4
2013;mco;sejours;F;72;185;251523;73.6
2013;mco;sejours;F;74;214;261781;81.7
2013;mco;sejours;F;77;171;255560;66.9
2013;mco;sejours;F;78;199;258410;77.0
2013;mco;sejours;F;79;174;247670;70.3
2013;mco;sejours;F;80;162;252499;64.2
2013;mco;sejours;F;83;162;214552;75.5
2013;mco;sejours;F;92;57;84286;67.6
2013;mco;sejours;F;93;38;41955;90.6
2013;mco;sejours;F;94;22;29530;74.5
2013;mco;sejours;F;95;51;94252;54.1
2013;mco;sejours;M;8;13;414640;3.1
2013;mco;sejours;M;10;38;417006;9.1
2013;mco;sejours;M;11;57;423131;13.5
2013;mco;sejours;M;12;98;432101;22.7
2013;mco;sejours;M;17;495;404570;122.4
2013;mco;sejours;M;19;592;387999;152.6
2013;mco;sejours;M;24;680;393072;173.0
2013;mco;sejours;M;32;694;418912;165.7
2013;mco;sejours;M;34;679;391322;173.5
2013;mco;sejours;M;37;730;401611;181.8
2013;mco;sejours;M;38;786;427545;183.8
2013;mco;sejours;M;44;971;440748;220.3
2013;mco;sejours;M;45;911;437932;208.0
2013;mco;sejours;M;47;806;450270;179.0
2013;mco;sejours;M;53;648;425505;152.3
2013;mco;sejours;M;59;379;393966;96.2
2013;mco;sejours;M;60;331;400065;82.7
2013;mco;sejours;M;62;290;404614;71.7
2013;mco;sejours;M;67;152;272471;55.8
2013;mco;sejours;M;76;99;199612;49.6
2013;mco;sejours;M;80;72;169632;42.4
2013;mco;sejours;M;81;84;157059;53.5
2013;mco;sejours;M;82;82;146609;55.9
2013;mco;sejours;M;85;84;102448;82.0
2013;mco;sejours;M;94;11;9160;120.1
2013;psy;patient;F;12;12;1213040;2.9
2013;psy;patient;F;16;139;389992;35.6
2013;psy;patient;F;19;140;371281;37.7
2013;psy;patient;F;21;92;389503;23.6
2013;psy;patient;F;22;101;394625;25.6
2013;psy;patient;F;25;83;394402;21.0
2013;psy;patient;F;26;84;402054;20.9
2013;psy;patient;F;28;81;400829;20.2
2013;psy;patient;F;34;74;402329;18.4
2013;psy;patient;F;35;88;404763;21.7
2013;psy;patient;F;41;156;466699;33.4
2013;psy;patient;F;46;173;460737;37.5
2013;psy;patient;F;50;140;449372;31.2
2013;psy;patient;F;52;139;448123;31.0
2013;psy;patient;F;59;93;423067;22.0
2013;psy;patient;F;66;49;396683;12.4
2013;psy;patient;F;68;39;295179;13.2
2013;psy;patient;F;70;34;266700;12.7
2013;psy;patient;F;72;24;251523;9.5
2013;psy;patient;F;74;37;261781;14.1
2013;psy;patient;F;75;30;258346;11.6
2013;psy;patient;F;76;23;258967;8.9
2013;psy;patient;F;79;20;247670;8.1
2013;psy;patient;F;80;16;252499;6.3
2013;psy;patient;F;83;14;214552;6.5
2013;psy;patient;F;86;19;176578;10.8
2013;psy;patient;F;91;5;99670;5.0
2013;psy;patient;F;94;1;29530;3.4
2013;psy;patient;F;95;3;94252;3.2
2013;psy;patient;M;12;8;1272238;1.9
2013;psy;patient;M;15;31;405586;7.6
2013;psy;patient;M;19;66;387999;17.0
2013;psy;patient;M;22;68;402477;16.9
2013;psy;patient;M;29;79;381304;20.7
2013;psy;patient;M;30;85;406769;20.9
2013;psy;patient;M;31;95;410423;23.1
2013;psy;patient;M;35;78;397936;19.6
2013;psy;patient;M;37;80;401611;19.9
2013;psy;patient;M;43;108;444983;24.3
2013;psy;patient;M;46;97;448523;21.6
2013;psy;patient;M;50;95;433446;21.9
2013;psy;patient;M;55;80;413730;19.3
2013;psy;patient;M;57;58;403225;14.4
2013;psy;patient;M;62;43;404614;10.6
2013;psy;patient;M;63;34;394208;8.6
2013;psy;patient;M;64;35;393791;8.9
2013;psy;patient;M;67;17;272471;6.2
2013;psy;patient;M;72;15;212984;7.0
2013;psy;patient;M;77;18;189185;9.5
2013;psy;patient;M;78;7;185618;3.8
2013;psy;patient;M;80;9;169632;5.3
2013;psy;patient;M;83;3;128448;2.3
2013;psy;patient;M;86;9;90544;9.9
2013;psy;patient;M;89;4;55670;7.2
2013;psy;patient;M;90;6;46374;12.9
2013;psy;patient;M;91;3;38564;7.8
2013;psy;sejours;F;16;210;389992;53.8
2013;psy;sejours;F;17;208;387391;53.7
2013;psy;sejours;F;19;234;371281;63.0
2013;psy;sejours;F;22;154;394625;39.0
2013;psy;sejours;F;23;135;393740;34.3
2013;psy;sejours;F;25;119;394402;30.2
2013;psy;sejours;F;28;108;400829;26.9
2013;psy;sejours;F;33;137;410072;33.4
2013;psy;sejours;F;40;170;469270;36.2
2013;psy;sejours;F;44;224;452937;49.5
2013;psy;sejours;F;45;229;449107;51.0
2013;psy;sejours;F;46;238;460737;51.7
2013;psy;sejours;F;51;214;450599;47.5
2013;psy;sejours;F;53;200;446836;44.8
2013;psy;sejours;F;56;163;434403;37.5
2013;psy;sejours;F;58;135;431358;31.3
2013;psy;sejours;F;62;80;434657;18.4
2013;psy;sejours;F;63;108;428112;25.2
2013;psy;sejours;F;65;79;416139;19.0
2013;psy;sejours;F;70;36;266700;13.5
2013;psy;sejours;F;74;45;261781;17.2
2013;psy;sejours;F;76;27;258967;10.4
2013;psy;sejours;F;77;36;255560;14.1
2013;psy;sejours;F;78;31;258410;12.0
2013;psy;sejours;F;79;29;247670;11.7
2013;psy;sejours;F;81;30;240901;12.5
2013;psy;sejours;F;88;11;144606;7.6
2013;psy;sejours;M;14;22;410737;5.4
2013;psy;sejours;M;15;50;405586;12.3
2013;psy;sejours;M;21;92;401141;22.9
2013;psy;sejours;M;22;104;402477;25.8
2013;psy;sejours;M;25;90;390055;23.1
2013;psy;sejours;M;26;92;391815;23.5
2013;psy;sejours;M;37;141;401611;35.1
2013;psy;sejours;M;38;143;427545;33.4
2013;psy;sejours;M;44;202;440748;45.8
2013;psy;sejours;M;47;164;450270;36.4
2013;psy;sejours;M;48;187;453737;41.2
2013;psy;sejours;M;49;127;449300;28.3
2013;psy;sejours;M;51;127;432206;29.4
2013;psy;sejours;M;52;116;430462;26.9
2013;psy;sejours;M;53;115;425505;27.0
2013;psy;sejours;M;58;104;404764;25.7
2013;psy;sejours;M;59;67;393966;17.0
2013;psy;sejours;M;62;53;404614;13.1
2013;psy;sejours;M;63;41;394208;10.4
2013;psy;sejours;M;64;47;393791;11.9
2013;psy;sejours;M;65;24;384029;6.2
2013;psy;sejours;M;67;25;272471;9.2
2013;psy;sejours;M;69;25;254725;9.8
2013;psy;sejours;M;70;22;235736;9.3
2013;psy;sejours;M;71;15;207130;7.2
2013;psy;sejours;M;72;18;212984;8.5
2013;psy;sejours;M;74;12;212158;5.7
2013;psy;sejours;M;75;15;203833;7.4
2013;psy;sejours;M;77;25;189185;13.2
2013;psy;sejours;M;78;7;185618;3.8
2013;psy;sejours;M;86;12;90544;13.3
2013;psy;sejours;M;89;10;55670;18.0
2013;psy;sejours;M;90;7;46374;15.1
2013;psy;sejours;M;92;5;30499;16.4
2014;mco;patient;F;13;1094;416765;262.5
2014;mco;patient;F;16;1500;388690;385.9
2014;mco;patient;F;17;1293;392123;329.7
2014;mco;patient;F;26;651;397598;163.7
2014;mco;patient;F;30;591;400316;147.6
2014;mco;patient;F;31;625;425927;146.7
2014;mco;patient;F;34;614;414479;148.1
2014;mco;patient;F;35;564;406542;138.7
2014;mco;patient;F;37;661;400753;164.9
2014;mco;patient;F;38;681;412324;165.2
2014;mco;patient;F;39;771;434372;177.5
2014;mco;patient;F;46;1119;450353;248.5
2014;mco;patient;F;47;1076;461847;233.0
2014;mco;patient;F;52;901;450433;200.0
2014;mco;patient;F;55;812;437617;185.6
2014;mco;patient;F;59;590;430899;136.9
2014;mco;patient;F;64;401;426382;94.0
2014;mco;patient;F;68;292;299167;97.6
2014;mco;patient;F;69;224;293015;76.4
2014;mco;patient;F;70;251;285169;88.0
2014;mco;patient;F;75;195;258281;75.5
2014;mco;patient;F;80;151;240511;62.8
2014;mco;patient;F;86;114;176556;64.6
2014;mco;patient;F;88;98;149730;65.5
2014;mco;patient;F;89;87;130345;66.7
2014;mco;patient;F;94;24;34421;69.7
2014;mco;patient;M;7;10;430602;2.3
2014;mco;patient;M;8;14;421823;3.3
2014;mco;patient;M;11;66;421269;15.7
2014;mco;patient;M;14;283;419016;67.5
2014;mco;patient;M;15;401;416210;96.3
2014;mco;patient;M;20;509;384540;132.4
2014;mco;patient;M;21;530;399578;132.6
2014;mco;patient;M;22;491;396362;123.9
2014;mco;patient;M;28;531;391806;135.5
2014;mco;patient;M;31;565;409636;137.9
2014;mco;patient;M;42;807;461877;174.7
2014;mco;patient;M;43;835;454935;183.5
2014;mco;patient;M;48;710;450450;157.6
2014;mco;patient;M;49;686;453658;151.2
2014;mco;patient;M;50;639;449299;142.2
2014;mco;patient;M;58;364;401064;90.8
2014;mco;patient;M;59;350;401578;87.2
2014;mco;patient;M;60;318;391724;81.2
2014;mco;patient;M;62;247;386947;63.8
2014;mco;patient;M;68;148;268619;55.1
2014;mco;patient;M;77;95;192740;49.3
2014;mco;patient;M;79;90;178357;50.5
2014;mco;patient;M;80;99;163508;60.5
2014;mco;patient;M;83;83;136434;60.8
2014;mco;patient;M;87;76;80525;94.4
2014;mco;patient;M;88;73;69451;105.1
2014;mco;patient;M;89;55;57157;96.2
2014;mco;patient;M;90;49;47482;103.2
2014;mco;patient;M;91;45;38400;117.2
2014;mco;patient;M;92;32;31010;103.2
2014;mco;sejours;F;12;539;409557;131.6
2014;mco;sejours;F;16;1760;388690;452.8
2014;mco;sejours;F;19;984;375918;261.8
2014;mco;sejours;F;29;723;405511;178.3
2014;mco;sejours;F;31;732;425927;171.9
2014;mco;sejours;F;32;799;431136;185.3
2014;mco;sejours;F;43;1288;459081;280.6
2014;mco;sejours;F;44;1279;454335;281.5
2014;mco;sejours;F;52;1053;450433;233.8
2014;mco;sejours;F;56;899;437548;205.5
2014;mco;sejours;F;59;680;430899;157.8
2014;mco;sejours;F;61;601;428783;140.2
2014;mco;sejours;F;67;364;395516;92.0
2014;mco;sejours;F;69;252;293015;86.0
2014;mco;sejours;F;70;271;285169;95.0
2014;mco;sejours;F;75;212;258281;82.1
2014;mco;sejours;F;80;158;240511;65.7
2014;mco;sejours;F;82;167;232728;71.8
2014;mco;sejours;F;83;159;226425;70.2
2014;mco;sejours;F;84;142;204298;69.5
2014;mco;sejours;F;88;105;149730;70.1
2014;mco;sejours;F;89;93;130345;71.3
2014;mco;sejours;F;93;51;70971;71.9
2014;mco;sejours;F;95;50;91622;54.6
2014;mco;sejours;M;9;26;420439;6.2
2014;mco;sejours;M;10;35;418356;8.4
2014;mco;sejours;M;16;515;409530;125.8
2014;mco;sejours;M;18;521;404678;128.7
2014;mco;sejours;M;19;517;390841;132.3
2014;mco;sejours;M;20;601;384540;156.3
2014;mco;sejours;M;21;616;399578;154.2
2014;mco;sejours;M;25;601;391736;153.4
2014;mco;sejours;M;26;577;389647;148.1
2014;mco;sejours;M;27;707;392564;180.1
2014;mco;sejours;M;31;686;409636;167.5
2014;mco;sejours;M;35;689;394799;174.5
2014;mco;sejours;M;40;931;452643;205.7
2014;mco;sejours;M;41;933;465006;200.6
2014;mco;sejours;M;45;918;440963;208.2
2014;mco;sejours;M;46;869;439499;197.7
2014;mco;sejours;M;53;628;429845;146.1
2014;mco;sejours;M;54;587;424807;138.2
2014;mco;sejours;M;55;531;415481;127.8
2014;mco;sejours;M;62;272;386947;70.3
2014;mco;sejours;M;63;251;400453;62.7
2014;mco;sejours;M;64;276;390294;70.7
2014;mco;sejours;M;67;199;358067;55.6
2014;mco;sejours;M;72;120;203668;58.9
2014;mco;sejours;M;73;97;208001;46.6
2014;mco;sejours;M;74;107;213544;50.1
2014;mco;sejours;M;76;106;197667;53.6
2014;mco;sejours;M;81;85;160493;53.0
2014;mco;sejours;M;88;75;69451;108.0
2014;mco;sejours;M;89;60;57157;105.0
2014;mco;sejours;M;90;54;47482;113.7
2014;mco;sejours;M;91;49;38400;127.6
2014;mco;sejours;M;92;33;31010;106.4
2014;mco;sejours;M;93;31;24096;128.7
2014;psy;patient;F;17;147;392123;37.5
2014;psy;patient;F;18;140;387348;36.1
2014;psy;patient;F;26;89;397598;22.4
2014;psy;patient;F;27;79;406505;19.4
2014;psy;patient;F;28;89;405035;22.0
2014;psy;patient;F;29;95;405511;23.4
2014;psy;patient;F;32;97;431136;22.5
2014;psy;patient;F;36;84;408564;20.6
2014;psy;patient;F;37;83;400753;20.7
2014;psy;patient;F;45;162;454167;35.7
2014;psy;patient;F;47;154;461847;33.3
2014;psy;patient;F;48;165;462970;35.6
2014;psy;patient;F;49;190;470422;40.4
2014;psy;patient;F;60;86;422365;20.4
2014;psy;patient;F;63;72;433734;16.6
2014;psy;patient;F;71;36;264029;13.6
2014;psy;patient;F;73;44;248621;17.7
2014;psy;patient;F;76;25;254903;9.8
2014;psy;patient;F;78;27;250723;10.8
2014;psy;patient;F;82;21;232728;9.0
2014;psy;patient;F;84;16;204298;7.8
2014;psy;patient;F;85;11;192369;5.7
2014;psy;patient;F;87;9;163919;5.5
2014;psy;patient;F;89;10;130345;7.7
2014;psy;patient;M;13;7;437131;1.6
2014;psy;patient;M;17;53;412193;12.9
2014;psy;patient;M;26;61;389647;15.7
2014;psy;patient;M;28;68;391806;17.4
2014;psy;patient;M;29;79;387700;20.4
2014;psy;patient;M;34;85;400410;21.2
2014;psy;patient;M;39;105;429801;24.4
2014;psy;patient;M;42;124;461877;26.8
2014;psy;patient;M;47;111;449056;24.7
2014;psy;patient;M;54;93;424807;21.9
2014;psy;patient;M;56;76;412433;18.4
2014;psy;patient;M;57;66;407920;16.2
2014;psy;patient;M;59;43;401578;10.7
2014;psy;patient;M;62;50;386947;12.9
2014;psy;patient;M;66;25;380040;6.6
2014;psy;patient;M;68;23;268619;8.6
2014;psy;patient;M;69;19;259493;7.3
2014;psy;patient;M;74;8;213544;3.7
2014;psy;patient;M;75;11;206656;5.3
2014;psy;patient;M;79;14;178357;7.8
2014;psy;patient;M;81;8;160493;5.0
2014;psy;patient;M;82;8;147612;5.4
2014;psy;patient;M;83;8;136434;5.9
2014;psy;patient;M;84;10;118609;8.4
2014;psy;patient;M;88;5;69451;7.2
2014;psy;patient;M;90;2;47482;4.2
2014;psy;patient;M;92;6;31010;19.3
2014;psy;patient;M;94;1;11102;9.0
2014;psy;patient;M;95;2;21416;9.3
2014;psy;sejours;F;19;154;375918;41.0
2014;psy;sejours;F;30;111;400316;27.7
2014;psy;sejours;F;34;101;414479;24.4
2014;psy;sejours;F;35;109;406542;26.8
2014;psy;sejours;F;39;160;434372;36.8
2014;psy;sejours;F;40;174;461703;37.7
2014;psy;sejours;F;42;187;467538;40.0
2014;psy;sejours;F;44;225;454335;49.5
2014;psy;sejours;F;49;277;470422;58.9
2014;psy;sejours;F;51;192;449186;42.7
2014;psy;sejours;F;52;198;450433;44.0
2014;psy;sejours;F;56;178;437548;40.7
2014;psy;sejours;F;58;131;431516;30.4
2014;psy;sejours;F;60;110;422365;26.0
2014;psy;sejours;F;64;82;426382;19.2
2014;psy;sejours;F;69;59;293015;20.1
2014;psy;sejours;F;70;38;285169;13.3
2014;psy;sejours;F;71;39;264029;14.8
2014;psy;sejours;F;73;55;248621;22.1
2014;psy;sejours;F;74;30;260994;11.5
2014;psy;sejours;F;77;29;255361;11.4
2014;psy;sejours;F;82;24;232728;10.3
2014;psy;sejours;F;83;22;226425;9.7
2014;psy;sejours;F;85;13;192369;6.8
2014;psy;sejours;F;91;7;100099;7.0
2014;psy;sejours;F;94;1;34421;2.9
2014;psy;sejours;M;15;77;416210;18.5
2014;psy;sejours;M;17;70;412193;17.0
2014;psy;sejours;M;19;75;390841;19.2
2014;psy;sejours;M;26;79;389647;20.3
2014;psy;sejours;M;27;110;392564;28.0
2014;psy;sejours;M;30;116;384480;30.2
2014;psy;sejours;M;34;117;400410;29.2
2014;psy;sejours;M;36;102;401993;25.4
2014;psy;sejours;M;37;147;391532;37.5
2014;psy;sejours;M;38;161;404467;39.8
2014;psy;sejours;M;40;165;452643;36.5
2014;psy;sejours;M;41;226;465006;48.6
2014;psy;sejours;M;42;165;461877;35.7
2014;psy;sejours;M;43;180;454935;39.6
2014;psy;sejours;M;44;157;446336;35.2
2014;psy;sejours;M;46;147;439499;33.4
2014;psy;sejours;M;47;144;449056;32.1
2014;psy;sejours;M;49;164;453658;36.2
2014;psy;sejours;M;54;133;424807;31.3
2014;psy;sejours;M;58;71;401064;17.7
2014;psy;sejours;M;60;65;391724;16.6
2014;psy;sejours;M;67;30;358067;8.4
2014;psy;sejours;M;68;33;268619;12.3
2014;psy;sejours;M;77;16;192740;8.3
2014;psy;sejours;M;78;28;182178;15.4
2014;psy;sejours;M;80;8;163508;4.9
2014;psy;sejours;M;84;12;118609;10.1
2014;psy;sejours;M;85;10;106290;9.4
2014;psy;sejours;M;87;5;80525;6.2
2014;psy;sejours;M;88;5;69451;7.2
2014;psy;sejours;M;91;3;38400;7.8
2014;psy;sejours;M;93;2;24096;8.3
2014;psy;sejours;M;95;3;21416;14.0
2015;mco;patient;F;12;407;403340;100.9
2015;mco;patient;F;14;1790;418494;427.7
2015;mco;patient;F;23;654;385590;169.6
2015;mco;patient;F;25;668;395120;169.1
2015;mco;patient;F;30;624;408429;152.8
2015;mco;patient;F;42;954;470417;202.8
2015;mco;patient;F;45;1036;454129;228.1
2015;mco;patient;F;46;1030;453623;227.1
2015;mco;patient;F;51;965;463725;208.1
2015;mco;patient;F;53;857;448127;191.2
2015;mco;patient;F;56;728;436862;166.6
2015;mco;patient;F;59;591;431090;137.1
2015;mco;patient;F;60;504;429620;117.3
2015;mco;patient;F;63;394;416219;94.7
2015;mco;patient;F;74;152;245949;61.8
2015;mco;patient;F;75;189;256724;73.6
2015;mco;patient;F;77;179;250029;71.6
2015;mco;patient;F;83;201;223132;90.1
2015;mco;patient;F;89;93;135378;68.7
2015;mco;patient;F;92;41;86599;47.3
2015;mco;patient;F;95;63;95620;65.9
2015;mco;patient;M;6;9;427969;2.1
2015;mco;patient;M;8;18;433100;4.2
2015;mco;patient;M;14;354;439387;80.6
2015;mco;patient;M;15;416;421680;98.7
2015;mco;patient;M;16;434;417792;103.9
2015;mco;patient;M;18;505;408530;123.6
2015;mco;patient;M;25;486;388490;125.1
2015;mco;patient;M;26;492;389607;126.3
2015;mco;patient;M;27;492;388521;126.6
2015;mco;patient;M;31;523;386048;135.5
2015;mco;patient;M;35;587;401635;146.2
2015;mco;patient;M;40;653;428714;152.3
2015;mco;patient;M;46;719;440209;163.3
2015;mco;patient;M;53;556;430092;129.3
2015;mco;patient;M;54;558;427276;130.6
2015;mco;patient;M;56;445;412620;107.8
2015;mco;patient;M;59;358;398236;89.9
2015;mco;patient;M;60;323;397787;81.2
2015;mco;patient;M;68;174;352219;49.4
2015;mco;patient;M;71;122;246585;49.5
2015;mco;patient;M;77;87;191115;45.5
2015;mco;patient;M;78;115;185949;61.8
2015;mco;patient;M;79;94;174525;53.9
2015;mco;patient;M;83;97;137910;70.3
2015;mco;patient;M;86;69;96105;71.8
2015;mco;patient;M;89;78;60378;129.2
2015;mco;sejours;F;10;26;404464;6.4
2015;mco;sejours;F;12;471;403340;116.8
2015;mco;sejours;F;14;2272;418494;542.9
2015;mco;sejours;F;15;2179;399406;545.6
2015;mco;sejours;F;16;1884;398794;472.4
2015;mco;sejours;F;17;1374;388539;353.6
2015;mco;sejours;F;20;914;371799;245.8
2015;mco;sejours;F;21;802;366518;218.8
2015;mco;sejours;F;22;772;381321;202.5
2015;mco;sejours;F;24;775;392849;197.3
2015;mco;sejours;F;29;723;409258;176.7
2015;mco;sejours;F;30;729;408429;178.5
2015;mco;sejours;F;32;682;429306;158.9
2015;mco;sejours;F;35;771;417271;184.8
2015;mco;sejours;F;45;1230;454129;270.8
2015;mco;sejours;F;50;1192;468663;254.3
2015;mco;sejours;F;51;1101;463725;237.4
2015;mco;sejours;F;52;1047;447742;233.8
2015;mco;sejours;F;56;826;436862;189.1
2015;mco;sejours;F;57;753;436192;172.6
2015;mco;sejours;F;59;657;431090;152.4
2015;mco;sejours;F;62;541;426427;126.9
2015;mco;sejours;F;63;423;416219;101.6
2015;mco;sejours;F;64;448;431959;103.7
2015;mco;sejours;F;68;327;391820;83.5
2015;mco;sejours;F;70;246;290537;84.7
2015;mco;sejours;F;83;212;223132;95.0
2015;mco;sejours;F;89;96;135378;70.9
2015;mco;sejours;F;94;35;58747;59.6
2015;mco;sejours;F;95;69;95620;72.2
2015;mco;sejours;M;8;19;433100;4.4
2015;mco;sejours;M;12;118;422381;27.9
2015;mco;sejours;M;13;219;430816;50.8
2015;mco;sejours;M;14;423;439387;96.3
2015;mco;sejours;M;16;498;417792;119.2
2015;mco;sejours;M;17;537;409379;131.2
2015;mco;sejours;M;18;580;408530;142.0
2015;mco;sejours;M;22;527;392573;134.2
2015;mco;sejours;M;23;526;389415;135.1
2015;mco;sejours;M;25;572;388490;147.2
2015;mco;sejours;M;29;693;393837;176.0
2015;mco;sejours;M;33;657;416331;157.8
2015;mco;sejours;M;35;742;401635;184.7
2015;mco;sejours;M;36;654;395516;165.4
2015;mco;sejours;M;40;785;428714;183.1
2015;mco;sejours;M;44;968;454084;213.2
2015;mco;sejours;M;50;861;452286;190.4
2015;mco;sejours;M;51;721;447255;161.2
2015;mco;sejours;M;52;628;430483;145.9
2015;mco;sejours;M;53;640;430092;148.8
2015;mco;sejours;M;54;632;427276;147.9
2015;mco;sejours;M;56;502;412620;121.7
2015;mco;sejours;M;57;516;409012;126.2
2015;mco;sejours;M;61;292;387983;75.3
2015;mco;sejours;M;63;274;382367;71.7
2015;mco;sejours;M;65;233;386834;60.2
2015;mco;sejours;M;76;104;200782;51.8
2015;mco;sejours;M;78;123;185949;66.1
2015;mco;sejours;M;79;104;174525;59.6
2015;mco;sejours;M;80;91;170196;53.5
2015;mco;sejours;M;81;91;155332;58.6
2015;mco;sejours;M;83;109;137910;79.0
2015;mco;sejours;M;91;45;39496;113.9
2015;mco;sejours;M;92;33;31287;105.5
2015;mco;sejours;M;93;28;24936;112.3
2015;psy;patient;F;15;106;399406;26.5
2015;psy;patient;F;17;138;388539;35.5
2015;psy;patient;F;18;144;390993;36.8
2015;psy;patient;F;19;121;383398;31.6
2015;psy;patient;F;20;126;371799;33.9
2015;psy;patient;F;26;76;398936;19.1
2015;psy;patient;F;34;85;440156;19.3
2015;psy;patient;F;36;75;408408;18.4
2015;psy;patient;F;39;98;413684;23.7
2015;psy;patient;F;40;102;435632;23.4
2015;psy;patient;F;42;157;470417;33.4
2015;psy;patient;F;44;153;459374;33.3
2015;psy;patient;F;52;151;447742;33.7
2015;psy;patient;F;53;125;448127;27.9
2015;psy;patient;F;58;113;433893;26.0
2015;psy;patient;F;63;80;416219;19.2
2015;psy;patient;F;68;53;391820;13.5
2015;psy;patient;F;72;36;261726;13.8
2015;psy;patient;F;86;11;180833;6.1
2015;psy;patient;F;87;10;163640;6.1
2015;psy;patient;F;88;4;150214;2.7
2015;psy;patient;F;90;7;116742;6.0
2015;psy;patient;F;94;2;58747;3.4
2015;psy;patient;M;18;61;408530;14.9
2015;psy;patient;M;29;58;393837;14.7
2015;psy;patient;M;32;84;411807;20.4
2015;psy;patient;M;33;88;416331;21.1
2015;psy;patient;M;34;96;423494;22.7
2015;psy;patient;M;35;91;401635;22.7
2015;psy;patient;M;39;90;405307;22.2
2015;psy;patient;M;40;85;428714;19.8
2015;psy;patient;M;41;107;452890;23.6
2015;psy;patient;M;42;127;463487;27.4
2015;psy;patient;M;45;103;445663;23.1
2015;psy;patient;M;46;98;440209;22.3
2015;psy;patient;M;47;121;439032;27.6
2015;psy;patient;M;51;98;447255;21.9
2015;psy;patient;M;52;87;430483;20.2
2015;psy;patient;M;54;80;427276;18.7
2015;psy;patient;M;57;59;409012;14.4
2015;psy;patient;M;58;56;404732;13.8
2015;psy;patient;M;62;30;392589;7.6
2015;psy;patient;M;63;31;382367;8.1
2015;psy;patient;M;68;22;352219;6.2
2015;psy;patient;M;69;14;263777;5.3
2015;psy;patient;M;70;15;255393;5.9
2015;psy;patient;M;75;12;208465;5.8
2015;psy;patient;M;77;9;191115;4.7
2015;psy;patient;M;79;13;174525;7.4
2015;psy;patient;M;80;11;170196;6.5
2015;psy;patient;M;81;6;155332;3.9
2015;psy;patient;M;90;3;49027;6.1
2015;psy;patient;M;91;1;39496;2.5
2015;psy;sejours;F;14;99;418494;23.7
2015;psy;sejours;F;17;209;388539;53.8
2015;psy;sejours;F;19;169;383398;44.1
2015;psy;sejours;F;20;183;371799;49.2
2015;psy;sejours;F;24;133;392849;33.9
2015;psy;sejours;F;27;82;401029;20.4
2015;psy;sejours;F;30;120;408429;29.4
2015;psy;sejours;F;34;107;440156;24.3
2015;psy;sejours;F;37;131;410441;31.9
2015;psy;sejours;F;39;123;413684;29.7
2015;psy;sejours;F;41;197;461929;42.6
2015;psy;sejours;F;50;236;468663;50.4
2015;psy;sejours;F;54;133;448196;29.7
2015;psy;sejours;F;56;186;436862;42.6
2015;psy;sejours;F;58;171;433893;39.4
2015;psy;sejours;F;60;107;429620;24.9
2015;psy;sejours;F;66;68;419885;16.2
2015;psy;sejours;F;68;81;391820;20.7
2015;psy;sejours;F;69;52;297298;17.5
2015;psy;sejours;F;70;49;290537;16.9
2015;psy;sejours;F;71;49;282877;17.3
2015;psy;sejours;F;72;52;261726;19.9
2015;psy;sejours;F;73;37;234695;15.8
2015;psy;sejours;F;74;25;245949;10.2
2015;psy;sejours;F;77;30;250029;12.0
2015;psy;sejours;F;78;33;250525;13.2
2015;psy;sejours;F;79;22;244743;9.0
2015;psy;sejours;F;81;22;233356;9.4
2015;psy;sejours;F;83;22;223132;9.9
2015;psy;sejours;F;91;9;101385;8.9
2015;psy;sejours;F;95;3;95620;3.1
2015;psy;sejours;M;12;13;1264440;3.1
2015;psy;sejours;M;18;99;408530;24.2
2015;psy;sejours;M;19;92;401062;22.9
2015;psy;sejours;M;21;84;378691;22.2
2015;psy;sejours;M;22;84;392573;21.4
2015;psy;sejours;M;28;92;392093;23.5
2015;psy;sejours;M;30;102;390255;26.1
2015;psy;sejours;M;31;104;386048;26.9
2015;psy;sejours;M;34;122;423494;28.8
2015;psy;sejours;M;35;132;401635;32.9
2015;psy;sejours;M;37;134;403947;33.2
2015;psy;sejours;M;38;103;392515;26.2
2015;psy;sejours;M;40;115;428714;26.8
2015;psy;sejours;M;47;150;439032;34.2
2015;psy;sejours;M;50;111;452286;24.5
2015;psy;sejours;M;53;105;430092;24.4
2015;psy;sejours;M;60;63;397787;15.8
2015;psy;sejours;M;62;34;392589;8.7
2015;psy;sejours;M;63;41;382367;10.7
2015;psy;sejours;M;64;55;395457;13.9
2015;psy;sejours;M;71;13;246585;5.3
2015;psy;sejours;M;72;26;226809;11.5
2015;psy;sejours;M;73;25;198882;12.6
2015;psy;sejours;M;76;16;200782;8.0
2015;psy;sejours;M;83;13;137910;9.4
2015;psy;sejours;M;84;13;126457;10.3
2015;psy;sejours;M;85;6;108324;5.5
2015;psy;sejours;M;86;7;96105;7.3
2015;psy;sejours;M;87;8;83034;9.6
2015;psy;sejours;M;88;4;70775;5.7
2015;psy;sejours;M;93;2;24936;8.0
2015;psy;sejours;M;95;4;23728;16.9
2016;mco;patient;F;7;10;409699;2.4
2016;mco;patient;F;11;114;404748;28.2
2016;mco;patient;F;13;944;404042;233.6
2016;mco;patient;F;14;1643;411395;399.4
2016;mco;patient;F;24;626;383188;163.4
2016;mco;patient;F;26;585;396431;147.6
2016;mco;patient;F;28;559;404148;138.3
2016;mco;patient;F;29;579;413297;140.1
2016;mco;patient;F;32;603;406664;148.3
2016;mco;patient;F;33;569;431352;131.9
2016;mco;patient;F;37;563;410746;137.1
2016;mco;patient;F;40;661;414346;159.5
2016;mco;patient;F;42;850;460940;184.4
2016;mco;patient;F;43;992;470126;211.0
2016;mco;patient;F;44;981;467109;210.0
2016;mco;patient;F;50;1008;462751;217.8
2016;mco;patient;F;51;989;467029;211.8
2016;mco;patient;F;58;655;435113;150.5
2016;mco;patient;F;62;417;419425;99.4
2016;mco;patient;F;67;359;418357;85.8
2016;mco;patient;F;75;172;242657;70.9
2016;mco;patient;F;79;182;244900;74.3
2016;mco;patient;F;81;172;238080;72.2
2016;mco;patient;F;84;168;212561;79.0
2016;mco;patient;F;86;128;180450;70.9
2016;mco;patient;F;87;113;167796;67.3
2016;mco;patient;M;8;13;427114;3.0
2016;mco;patient;M;9;19;433917;4.4
2016;mco;patient;M;19;469;403266;116.3
2016;mco;patient;M;20;471;393014;119.8
2016;mco;patient;M;21;448;377201;118.8
2016;mco;patient;M;26;493;384992;128.1
2016;mco;patient;M;27;528;388231;136.0
2016;mco;patient;M;31;567;391365;144.9
2016;mco;patient;M;32;533;387000;137.7
2016;mco;patient;M;33;598;412805;144.9
2016;mco;patient;M;34;550;417318;131.8
2016;mco;patient;M;35;564;423480;133.2
2016;mco;patient;M;36;590;402614;146.5
2016;mco;patient;M;49;650;446930;145.4
2016;mco;patient;M;54;501;428444;116.9
2016;mco;patient;M;55;512;424066;120.7
2016;mco;patient;M;61;273;393898;69.3
2016;mco;patient;M;62;281;384326;73.1
2016;mco;patient;M;69;160;346077;46.2
2016;mco;patient;M;70;152;258510;58.8
2016;mco;patient;M;71;95;250311;38.0
2016;mco;patient;M;73;100;221399;45.2
2016;mco;patient;M;75;79;197656;40.0
2016;mco;patient;M;76;100;202632;49.4
2016;mco;patient;M;78;97;184478;52.6
2016;mco;patient;M;87;66;85602;77.1
2016;mco;patient;M;88;82;72839;112.6
2016;mco;patient;M;94;26;19231;135.2
2016;mco;patient;M;95;39;30617;127.4
2016;mco;sejours;F;10;28;405921;6.9
2016;mco;sejours;F;11;126;404748;31.1
2016;mco;sejours;F;13;1224;404042;302.9
2016;mco;sejours;F;20;940;378992;248.0
2016;mco;sejours;F;27;750;400254;187.4
2016;mco;sejours;F;29;687;413297;166.2
2016;mco;sejours;F;37;644;410746;156.8
2016;mco;sejours;F;38;709;411482;172.3
2016;mco;sejours;F;42;1018;460940;220.9
2016;mco;sejours;F;49;1148;460880;249.1
2016;mco;sejours;F;59;649;432961;149.9
2016;mco;sejours;F;60;613;429895;142.6
2016;mco;sejours;F;67;400;418357;95.6
2016;mco;sejours;F;69;343;388888;88.2
2016;mco;sejours;F;70;274;295115;92.8
2016;mco;sejours;F;72;222;279933;79.3
2016;mco;sejours;F;73;198;258945;76.5
2016;mco;sejours;F;74;190;231870;81.9
2016;mco;sejours;F;78;230;245435;93.7
2016;mco;sejours;F;79;196;244900;80.0
2016;mco;sejours;F;82;196;224966;87.1
2016;mco;sejours;F;83;208;226132;92.0
2016;mco;sejours;F;85;164;204796;80.1
2016;mco;sejours;F;86;147;180450;81.5
2016;mco;sejours;F;89;100;135763;73.7
2016;mco;sejours;F;90;103;120018;85.8
2016;mco;sejours;F;91;87;102004;85.3
2016;mco;sejours;F;94;39;59776;65.2
2016;mco;sejours;M;11;66;422680;15.6
2016;mco;sejours;M;13;162;423271;38.3
2016;mco;sejours;M;15;496;440607;112.6
2016;mco;sejours;M;17;577;416974;138.4
2016;mco;sejours;M;19;536;403266;132.9
2016;mco;sejours;M;20;547;393014;139.2
2016;mco;sejours;M;21;528;377201;140.0
2016;mco;sejours;M;22;540;372015;145.2
2016;mco;sejours;M;24;519;385260;134.7
2016;mco;sejours;M;33;736;412805;178.3
2016;mco;sejours;M;34;676;417318;162.0
2016;mco;sejours;M;36;705;402614;175.1
2016;mco;sejours;M;38;679;404401;167.9
2016;mco;sejours;M;39;631;391925;161.0
2016;mco;sejours;M;42;889;450451;197.4
2016;mco;sejours;M;43;936;462215;202.5
2016;mco;sejours;M;44;936;460460;203.3
2016;mco;sejours;M;47;842;438525;192.0
2016;mco;sejours;M;48;790;436805;180.9
2016;mco;sejours;M;49;799;446930;178.8
2016;mco;sejours;M;50;691;448464;154.1
2016;mco;sejours;M;51;731;450433;162.3
2016;mco;sejours;M;59;391;401132;97.5
2016;mco;sejours;M;60;328;394608;83.1
2016;mco;sejours;M;65;224;390617;57.3
2016;mco;sejours;M;66;235;381752;61.6
2016;mco;sejours;M;69;176;346077;50.9
2016;mco;sejours;M;73;114;221399;51.5
2016;mco;sejours;M;74;103;193972;53.1
2016;mco;sejours;M;76;110;202632;54.3
2016;mco;sejours;M;80;94;165784;56.7
2016;mco;sejours;M;81;103;161334;63.8
2016;mco;sejours;M;83;82;140581;58.3
2016;mco;sejours;M;85;94;115688;81.3
2016;mco;sejours;M;86;107;97855;109.3
2016;mco;sejours;M;91;39;40619;96.0
2016;mco;sejours;M;93;32;24635;129.9
2016;psy;patient;F;19;141;386619;36.5
2016;psy;patient;F;20;117;378992;30.9
2016;psy;patient;F;21;115;367075;31.3
2016;psy;patient;F;26;88;396431;22.2
2016;psy;patient;F;32;79;406664;19.4
2016;psy;patient;F;36;86;419865;20.5
2016;psy;patient;F;45;176;458858;38.4
2016;psy;patient;F;47;162;452396;35.8
2016;psy;patient;F;48;172;449873;38.2
2016;psy;patient;F;50;150;462751;32.4
2016;psy;patient;F;53;125;447040;28.0
2016;psy;patient;F;66;61;422096;14.5
2016;psy;patient;F;68;51;410662;12.4
2016;psy;patient;F;69;61;388888;15.7
2016;psy;patient;F;73;31;258945;12.0
2016;psy;patient;F;74;20;231870;8.6
2016;psy;patient;F;78;32;245435;13.0
2016;psy;patient;F;79;17;244900;6.9
2016;psy;patient;F;85;17;204796;8.3
2016;psy;patient;F;86;22;180450;12.2
2016;psy;patient;F;87;13;167796;7.7
2016;psy;patient;F;89;5;135763;3.7
2016;psy;patient;F;92;4;86955;4.6
2016;psy;patient;M;13;10;423271;2.4
2016;psy;patient;M;17;65;416974;15.6
2016;psy;patient;M;19;72;403266;17.9
2016;psy;patient;M;21;58;377201;15.4
2016;psy;patient;M;22;71;372015;19.1
2016;psy;patient;M;27;79;388231;20.3
2016;psy;patient;M;29;71;393216;18.1
2016;psy;patient;M;30;76;393926;19.3
2016;psy;patient;M;32;73;387000;18.9
2016;psy;patient;M;35;70;423480;16.5
2016;psy;patient;M;36;80;402614;19.9
2016;psy;patient;M;38;93;404401;23.0
2016;psy;patient;M;39;75;391925;19.1
2016;psy;patient;M;42;101;450451;22.4
2016;psy;patient;M;43;138;462215;29.9
2016;psy;patient;M;44;115;460460;25.0
2016;psy;patient;M;48;122;436805;27.9
2016;psy;patient;M;49;112;446930;25.1
2016;psy;patient;M;54;87;428444;20.3
2016;psy;patient;M;55;100;424066;23.6
2016;psy;patient;M;56;91;419543;21.7
2016;psy;patient;M;57;64;409613;15.6
2016;psy;patient;M;60;46;394608;11.7
2016;psy;patient;M;61;49;393898;12.4
2016;psy;patient;M;63;34;388055;8.8
2016;psy;patient;M;64;36;378394;9.5
2016;psy;patient;M;65;26;390617;6.7
2016;psy;patient;M;66;28;381752;7.3
2016;psy;patient;M;71;14;250311;5.6
2016;psy;patient;M;75;15;197656;7.6
2016;psy;patient;M;80;16;165784;9.7
2016;psy;patient;M;86;6;97855;6.1
2016;psy;patient;M;89;8;60888;13.1
2016;psy;patient;M;90;3;50971;5.9
2016;psy;patient;M;91;1;40619;2.5
2016;psy;patient;M;93;6;24635;24.4
2016;psy;patient;M;95;2;30617;6.5
2016;psy;sejours;F;13;78;404042;19.3
2016;psy;sejours;F;15;221;418878;52.8
2016;psy;sejours;F;16;237;400654;59.2
2016;psy;sejours;F;20;189;378992;49.9
2016;psy;sejours;F;24;143;383188;37.3
2016;psy;sejours;F;27;130;400254;32.5
2016;psy;sejours;F;28;92;404148;22.8
2016;psy;sejours;F;31;120;410242;29.3
2016;psy;sejours;F;32;98;406664;24.1
2016;psy;sejours;F;38;126;411482;30.6
2016;psy;sejours;F;43;190;470126;40.4
2016;psy;sejours;F;45;256;458858;55.8
2016;psy;sejours;F;48;223;449873;49.6
2016;psy;sejours;F;56;206;444914;46.3
2016;psy;sejours;F;59;148;432961;34.2
2016;psy;sejours;F;60;114;429895;26.5
2016;psy;sejours;F;62;85;419425;20.3
2016;psy;sejours;F;63;98;424510;23.1
2016;psy;sejours;F;66;94;422096;22.3
2016;psy;sejours;F;72;38;279933;13.6
2016;psy;sejours;F;76;39;254277;15.3
2016;psy;sejours;F;82;13;224966;5.8
2016;psy;sejours;F;87;14;167796;8.3
2016;psy;sejours;F;95;6;115498;5.2
2016;psy;sejours;M;14;28;432544;6.5
2016;psy;sejours;M;15;62;440607;14.1
2016;psy;sejours;M;20;95;393014;24.2
2016;psy;sejours;M;21;97;377201;25.7
2016;psy;sejours;M;23;95;384827;24.7
2016;psy;sejours;M;25;83;388804;21.3
2016;psy;sejours;M;26;88;384992;22.9
2016;psy;sejours;M;28;110;388725;28.3
2016;psy;sejours;M;31;124;391365;31.7
2016;psy;sejours;M;34;143;417318;34.3
2016;psy;sejours;M;45;154;451335;34.1
2016;psy;sejours;M;46;184;444787;41.4
2016;psy;sejours;M;48;180;436805;41.2
2016;psy;sejours;M;51;131;450433;29.1
2016;psy;sejours;M;53;118;428292;27.6
2016;psy;sejours;M;56;113;419543;26.9
2016;psy;sejours;M;58;78;406051;19.2
2016;psy;sejours;M;61;65;393898;16.5
2016;psy;sejours;M;62;54;384326;14.1
2016;psy;sejours;M;64;42;378394;11.1
2016;psy;sejours;M;66;41;381752;10.7
2016;psy;sejours;M;69;30;346077;8.7
2016;psy;sejours;M;70;28;258510;10.8
2016;psy;sejours;M;72;17;241481;7.0
2016;psy;sejours;M;73;24;221399;10.8
2016;psy;sejours;M;79;12;178449;6.7
2016;psy;sejours;M;82;12;146628;8.2
2016;psy;sejours;M;88;6;72839;8.2
2016;psy;sejours;M;93;8;24635;32.5
2016;psy;sejours;M;95;2;30617;6.5
2017;mco;patient;F;11;133;405600;32.8
2017;mco;patient;F;15;1923;412586;466.1
2017;mco;patient;F;19;924;378074;244.4
2017;mco;patient;F;20;773;379879;203.5
2017;mco;patient;F;23;605;361311;167.4
2017;mco;patient;F;24;616;377791;163.1
2017;mco;patient;F;25;589;381492;154.4
2017;mco;patient;F;34;526;434299;121.1
2017;mco;patient;F;36;613;444324;138.0
2017;mco;patient;F;41;706;415488;169.9
2017;mco;patient;F;46;989;457586;216.1
2017;mco;patient;F;47;967;453275;213.3
2017;mco;patient;F;49;986;447936;220.1
2017;mco;patient;F;50;984;459175;214.3
2017;mco;patient;F;51;918;460150;199.5
2017;mco;patient;F;52;888;466084;190.5
2017;mco;patient;F;55;725;445079;162.9
2017;mco;patient;F;56;776;444552;174.6
2017;mco;patient;F;57;655;442594;148.0
2017;mco;patient;F;60;522;431070;121.1
2017;mco;patient;F;63;441;416792;105.8
2017;mco;patient;F;67;348;419001;83.1
2017;mco;patient;F;68;325;415856;78.2
2017;mco;patient;F;71;276;292275;94.4
2017;mco;patient;F;72;208;284766;73.0
2017;mco;patient;F;75;207;228704;90.5
2017;mco;patient;F;77;181;250903;72.1
2017;mco;patient;F;81;152;231347;65.7
2017;mco;patient;F;83;164;217063;75.6
2017;mco;patient;F;86;147;193412;76.0
2017;mco;patient;F;87;119;169201;70.3
2017;mco;patient;F;88;110;155876;70.6
2017;mco;patient;F;89;108;137632;78.5
2017;mco;patient;F;92;59;89996;65.6
2017;mco;patient;F;93;44;75313;58.4
2017;mco;patient;M;8;9;431945;2.1
2017;mco;patient;M;14;267;424892;62.8
2017;mco;patient;M;15;408;435265;93.7
2017;mco;patient;M;20;508;394691;128.7
2017;mco;patient;M;21;482;386454;124.7
2017;mco;patient;M;23;474;365034;129.9
2017;mco;patient;M;26;469;385067;121.8
2017;mco;patient;M;27;507;383493;132.2
2017;mco;patient;M;28;487;388531;125.3
2017;mco;patient;M;29;526;388507;135.4
2017;mco;patient;M;36;629;425642;147.8
2017;mco;patient;M;40;593;393157;150.8
2017;mco;patient;M;42;648;427150;151.7
2017;mco;patient;M;44;748;461441;162.1
2017;mco;patient;M;46;737;449902;163.8
2017;mco;patient;M;48;679;436830;155.4
2017;mco;patient;M;50;638;444913;143.4
2017;mco;patient;M;51;575;445301;129.1
2017;mco;patient;M;52;657;447731;146.7
2017;mco;patient;M;56;444;420504;105.6
2017;mco;patient;M;57;421;417257;100.9
2017;mco;patient;M;64;232;383977;60.4
2017;mco;patient;M;75;109;188914;57.7
2017;mco;patient;M;78;114;186459;61.1
2017;mco;patient;M;79;81;177091;45.7
2017;mco;patient;M;82;102;152739;66.8
2017;mco;patient;M;84;86;130849;65.7
2017;mco;patient;M;86;91;105275;86.4
2017;mco;patient;M;90;44;52219;84.3
2017;mco;patient;M;95;52;36716;141.6
2017;mco;sejours;F;9;29;408403;7.1
2017;mco;sejours;F;13;1328;403930;328.8
2017;mco;sejours;F;20;897;379879;236.1
2017;mco;sejours;F;21;866;374369;231.3
2017;mco;sejours;F;22;811;363080;223.4
2017;mco;sejours;F;23;714;361311;197.6
2017;mco;sejours;F;24;726;377791;192.2
2017;mco;sejours;F;30;672;417278;161.0
2017;mco;sejours;F;32;693;413477;167.6
2017;mco;sejours;F;33;709;409445;173.2
2017;mco;sejours;F;34;610;434299;140.5
2017;mco;sejours;F;39;679;412123;164.8
2017;mco;sejours;F;43;1003;460524;217.8
2017;mco;sejours;F;44;1134;469587;241.5
2017;mco;sejours;F;46;1176;457586;257.0
2017;mco;sejours;F;48;1155;450479;256.4
2017;mco;sejours;F;50;1163;459175;253.3
2017;mco;sejours;F;51;1089;460150;236.7
2017;mco;sejours;F;54;964;444957;216.7
2017;mco;sejours;F;57;754;442594;170.4
2017;mco;sejours;F;64;458;422550;108.4
2017;mco;sejours;F;65;387;411884;94.0
2017;mco;sejours;F;67;382;419001;91.2
2017;mco;sejours;F;70;342;385005;88.8
2017;mco;sejours;F;73;216;276635;78.1
2017;mco;sejours;F;74;215;256148;83.9
2017;mco;sejours;F;77;204;250903;81.3
2017;mco;sejours;F;78;242;244958;98.8
2017;mco;sejours;F;79;178;239890;74.2
2017;mco;sejours;F;86;167;193412;86.3
2017;mco;sejours;F;89;113;137632;82.1
2017;mco;sejours;F;90;80;123506;64.8
2017;mco;sejours;F;91;81;107111;75.6
2017;mco;sejours;M;6;6;428950;1.4
2017;mco;sejours;M;9;29;427334;6.8
2017;mco;sejours;M;10;35;433764;8.1
2017;mco;sejours;M;12;138;423214;32.6
2017;mco;sejours;M;16;562;442221;127.1
2017;mco;sejours;M;17;550;418889;131.3
2017;mco;sejours;M;18;500;412197;121.3
2017;mco;sejours;M;23;571;365034;156.4
2017;mco;sejours;M;25;556;381490;145.7
2017;mco;sejours;M;29;643;388507;165.5
2017;mco;sejours;M;34;701;414174;169.3
2017;mco;sejours;M;51;689;445301;154.7
2017;mco;sejours;M;52;765;447731;170.9
2017;mco;sejours;M;54;572;425304;134.5
2017;mco;sejours;M;58;448;406391;110.2
2017;mco;sejours;M;67;217;376280;57.7
2017;mco;sejours;M;68;200;373675;53.5
2017;mco;sejours;M;69;198;363928;54.4
2017;mco;sejours;M;71;131;252839;51.8
2017;mco;sejours;M;73;122;235390;51.8
2017;mco;sejours;M;75;114;188914;60.3
2017;mco;sejours;M;78;120;186459;64.4
2017;mco;sejours;M;79;84;177091;47.4
2017;mco;sejours;M;82;107;152739;70.1
2017;mco;sejours;M;83;85;137562;61.8
2017;mco;sejours;M;88;95;75628;125.6
2017;mco;sejours;M;89;73;63399;115.1
2017;mco;sejours;M;90;49;52219;93.8
2017;mco;sejours;M;91;43;43138;99.7
2017;mco;sejours;M;92;41;33402;122.7
2017;mco;sejours;M;94;31;19385;159.9
2017;psy;patient;F;14;98;405241;24.2
2017;psy;patient;F;18;195;392026;49.7
2017;psy;patient;F;20;141;379879;37.1
2017;psy;patient;F;28;103;403572;25.5
2017;psy;patient;F;30;100;417278;24.0
2017;psy;patient;F;31;95;416955;22.8
2017;psy;patient;F;32;83;413477;20.1
2017;psy;patient;F;34;85;434299;19.6
2017;psy;patient;F;41;110;415488;26.5
2017;psy;patient;F;45;143;466811;30.6
2017;psy;patient;F;46;146;457586;31.9
2017;psy;patient;F;47;136;453275;30.0
2017;psy;patient;F;50;135;459175;29.4
2017;psy;patient;F;53;146;460670;31.7
2017;psy;patient;F;55;122;445079;27.4
2017;psy;patient;F;56;108;444552;24.3
2017;psy;patient;F;57;111;442594;25.1
2017;psy;patient;F;62;76;425755;17.9
2017;psy;patient;F;66;55;425344;12.9
2017;psy;patient;F;69;40;406701;9.8
2017;psy;patient;F;73;33;276635;11.9
2017;psy;patient;F;78;30;244958;12.2
2017;psy;patient;F;80;26;239713;10.8
2017;psy;patient;F;82;20;231248;8.6
2017;psy;patient;F;83;23;217063;10.6
2017;psy;patient;F;85;18;202685;8.9
2017;psy;patient;F;88;16;155876;10.3
2017;psy;patient;F;95;3;140092;2.1
2017;psy;patient;M;13;9;421249;2.1
2017;psy;patient;M;14;18;424892;4.2
2017;psy;patient;M;19;68;396444;17.2
2017;psy;patient;M;21;62;386454;16.0
2017;psy;patient;M;22;54;369907;14.6
2017;psy;patient;M;23;71;365034;19.5
2017;psy;patient;M;24;58;377720;15.4
2017;psy;patient;M;25;50;381490;13.1
2017;psy;patient;M;30;69;394782;17.5
2017;psy;patient;M;33;95;388519;24.5
2017;psy;patient;M;37;89;404692;22.0
2017;psy;patient;M;38;75;398341;18.8
2017;psy;patient;M;42;105;427150;24.6
2017;psy;patient;M;46;117;449902;26.0
2017;psy;patient;M;49;85;435551;19.5
2017;psy;patient;M;57;69;417257;16.5
2017;psy;patient;M;58;65;406391;16.0
2017;psy;patient;M;72;20;245460;8.1
2017;psy;patient;M;73;14;235390;5.9
2017;psy;patient;M;75;23;188914;12.2
2017;psy;patient;M;76;12;191841;6.3
2017;psy;patient;M;80;9;170971;5.3
2017;psy;patient;M;81;7;157573;4.4
2017;psy;patient;M;83;14;137562;10.2
2017;psy;patient;M;84;7;130849;5.3
2017;psy;patient;M;86;5;105275;4.7
2017;psy;patient;M;87;6;87686;6.8
2017;psy;patient;M;91;5;43138;11.6
2017;psy;patient;M;94;2;19385;10.3
2017;psy;sejours;F;14;220;405241;54.3
2017;psy;sejours;F;15;272;412586;65.9
2017;psy;sejours;F;16;310;417805;74.2
2017;psy;sejours;F;17;306;395463;77.4
2017;psy;sejours;F;18;260;392026;66.3
2017;psy;sejours;F;23;135;361311;37.4
2017;psy;sejours;F;30;146;417278;35.0
2017;psy;sejours;F;33;101;409445;24.7
2017;psy;sejours;F;34;114;434299;26.2
2017;psy;sejours;F;36;118;444324;26.6
2017;psy;sejours;F;39;122;412123;29.6
2017;psy;sejours;F;56;132;444552;29.7
2017;psy;sejours;F;57;170;442594;38.4
2017;psy;sejours;F;60;98;431070;22.7
2017;psy;sejours;F;64;92;422550;21.8
2017;psy;sejours;F;66;60;425344;14.1
2017;psy;sejours;F;68;67;415856;16.1
2017;psy;sejours;F;75;36;228704;15.7
2017;psy;sejours;F;76;40;238856;16.7
2017;psy;sejours;F;77;44;250903;17.5
2017;psy;sejours;F;79;30;239890;12.5
2017;psy;sejours;F;80;35;239713;14.6
2017;psy;sejours;F;81;36;231347;15.6
2017;psy;sejours;F;82;21;231248;9.1
2017;psy;sejours;F;85;22;202685;10.9
2017;psy;sejours;F;88;18;155876;11.5
2017;psy;sejours;F;92;4;89996;4.4
2017;psy;sejours;M;12;8;1281713;1.9
2017;psy;sejours;M;16;68;442221;15.4
2017;psy;sejours;M;17;69;418889;16.5
2017;psy;sejours;M;19;93;396444;23.5
2017;psy;sejours;M;24;86;377720;22.8
2017;psy;sejours;M;25;66;381490;17.3
2017;psy;sejours;M;35;102;420196;24.3
2017;psy;sejours;M;36;112;425642;26.3
2017;psy;sejours;M;39;122;403460;30.2
2017;psy;sejours;M;40;93;393157;23.7
2017;psy;sejours;M;41;117;407208;28.7
2017;psy;sejours;M;45;136;460999;29.5
2017;psy;sejours;M;48;161;436830;36.9
2017;psy;sejours;M;51;156;445301;35.0
2017;psy;sejours;M;52;98;447731;21.9
2017;psy;sejours;M;54;115;425304;27.0
2017;psy;sejours;M;55;119;425622;28.0
2017;psy;sejours;M;60;84;396547;21.2
2017;psy;sejours;M;61;70;390545;17.9
2017;psy;sejours;M;62;64;388823;16.5
2017;psy;sejours;M;63;55;379921;14.5
2017;psy;sejours;M;64;50;383977;13.0
2017;psy;sejours;M;69;31;363928;8.5
2017;psy;sejours;M;74;22;216078;10.2
2017;psy;sejours;M;78;21;186459;11.3
2017;psy;sejours;M;79;10;177091;5.6
2017;psy;sejours;M;89;4;63399;6.3
2017;psy;sejours;M;93;5;25834;19.4
2017;psy;sejours;M;94;2;19385;10.3
2017;psy;sejours;M;95;6;36716;16.3
2018;mco;patient;F;9;16;413186;3.9
2018;mco;patient;F;10;35;409857;8.5
2018;mco;patient;F;14;1787;405138;441.1
2018;mco;patient;F;18;1159;391394;296.1
2018;mco;patient;F;21;812;375178;216.4
2018;mco;patient;F;22;718;370699;193.7
2018;mco;patient;F;23;663;362289;183.0
2018;mco;patient;F;25;598;377725;158.3
2018;mco;patient;F;29;575;408673;140.7
2018;mco;patient;F;30;511;412206;124.0
2018;mco;patient;F;32;557;421340;132.2
2018;mco;patient;F;34;543;412646;131.6
2018;mco;patient;F;35;585;437494;133.7
2018;mco;patient;F;38;648;423429;153.0
2018;mco;patient;F;42;670;415511;161.2
2018;mco;patient;F;52;910;459443;198.1
2018;mco;patient;F;54;836;459394;182.0
2018;mco;patient;F;58;644;442149;145.7
2018;mco;patient;F;60;484;431630;112.1
2018;mco;patient;F;62;411;426927;96.3
2018;mco;patient;F;70;305;403341;75.6
2018;mco;patient;F;74;201;273282;73.6
2018;mco;patient;F;75;178;252247;70.6
2018;mco;patient;F;76;165;225451;73.2
2018;mco;patient;F;79;155;239644;64.7
2018;mco;patient;F;83;166;222138;74.7
2018;mco;patient;F;84;143;207113;69.0
2018;mco;patient;F;85;183;205599;89.0
2018;mco;patient;F;90;68;122544;55.5
2018;mco;patient;F;91;75;108092;69.4
2018;mco;patient;M;6;14;419968;3.3
2018;mco;patient;M;11;84;434252;19.3
2018;mco;patient;M;12;131;426800;30.7
2018;mco;patient;M;13;207;424703;48.7
2018;mco;patient;M;14;306;423151;72.3
2018;mco;patient;M;20;486;389581;124.7
2018;mco;patient;M;21;496;387824;127.9
2018;mco;patient;M;23;455;364434;124.9
2018;mco;patient;M;26;446;379499;117.5
2018;mco;patient;M;27;503;387167;129.9
2018;mco;patient;M;32;577;397406;145.2
2018;mco;patient;M;39;536;399922;134.0
2018;mco;patient;M;43;628;428251;146.6
2018;mco;patient;M;44;707;449030;157.5
2018;mco;patient;M;45;726;461426;157.3
2018;mco;patient;M;57;410;417628;98.2
2018;mco;patient;M;62;268;386120;69.4
2018;mco;patient;M;63;240;384108;62.5
2018;mco;patient;M;65;204;378730;53.9
2018;mco;patient;M;66;231;367985;62.8
2018;mco;patient;M;67;213;379860;56.1
2018;mco;patient;M;70;154;357655;43.1
2018;mco;patient;M;71;128;333065;38.4
2018;mco;patient;M;76;90;183310;49.1
2018;mco;patient;M;77;90;185848;48.4
2018;mco;patient;M;82;128;149013;85.9
2018;mco;patient;M;83;92;142378;64.6
2018;mco;patient;M;86;88;106265;82.8
2018;mco;patient;M;88;72;76825;93.7
2018;mco;patient;M;90;56;53892;103.9
2018;mco;patient;M;91;45;43456;103.6
2018;mco;patient;M;92;48;34951;137.3
2018;mco;sejours;F;9;16;413186;3.9
2018;mco;sejours;F;11;204;416423;49.0
2018;mco;sejours;F;13;1514;405215;373.6
2018;mco;sejours;F;16;2133;412326;517.3
2018;mco;sejours;F;20;1048;373011;281.0
2018;mco;sejours;F;21;957;375178;255.1
2018;mco;sejours;F;25;743;377725;196.7
2018;mco;sejours;F;27;757;393894;192.2
2018;mco;sejours;F;29;705;408673;172.5
2018;mco;sejours;F;30;624;412206;151.4
2018;mco;sejours;F;35;674;437494;154.1
2018;mco;sejours;F;37;716;448474;159.7
2018;mco;sejours;F;42;823;415511;198.1
2018;mco;sejours;F;49;1139;449466;253.4
2018;mco;sejours;F;50;1110;447103;248.3
2018;mco;sejours;F;52;1046;459443;227.7
2018;mco;sejours;F;53;1048;465434;225.2
2018;mco;sejours;F;56;815;444813;183.2
2018;mco;sejours;F;57;833;444035;187.6
2018;mco;sejours;F;58;739;442149;167.1
2018;mco;sejours;F;62;457;426927;107.0
2018;mco;sejours;F;63;488;423511;115.2
2018;mco;sejours;F;66;379;409535;92.5
2018;mco;sejours;F;67;359;422872;84.9
2018;mco;sejours;F;68;396;415300;95.4
2018;mco;sejours;F;69;328;412455;79.5
2018;mco;sejours;F;70;340;403341;84.3
2018;mco;sejours;F;75;196;252247;77.7
2018;mco;sejours;F;76;186;225451;82.5
2018;mco;sejours;F;80;210;234600;89.5
2018;mco;sejours;F;82;174;223687;77.8
2018;mco;sejours;F;83;183;222138;82.4
2018;mco;sejours;F;93;52;75515;68.9
2018;mco;sejours;F;95;104;153890;67.6
2018;mco;sejours;M;7;12;432825;2.8
2018;mco;sejours;M;8;16;429276;3.7
2018;mco;sejours;M;13;253;424703;59.6
2018;mco;sejours;M;14;364;423151;86.0
2018;mco;sejours;M;15;586;427699;137.0
2018;mco;sejours;M;17;686;442390;155.1
2018;mco;sejours;M;19;623;406173;153.4
2018;mco;sejours;M;21;578;387824;149.0
2018;mco;sejours;M;22;570;379967;150.0
2018;mco;sejours;M;24;582;362149;160.7
2018;mco;sejours;M;25;584;375143;155.7
2018;mco;sejours;M;34;612;390567;156.7
2018;mco;sejours;M;35;678;416441;162.8
2018;mco;sejours;M;39;673;399922;168.3
2018;mco;sejours;M;41;662;393027;168.4
2018;mco;sejours;M;42;807;407150;198.2
2018;mco;sejours;M;44;867;449030;193.1
2018;mco;sejours;M;47;885;449142;197.0
2018;mco;sejours;M;54;674;438502;153.7
2018;mco;sejours;M;55;557;423357;131.6
2018;mco;sejours;M;64;273;375604;72.7
2018;mco;sejours;M;66;274;367985;74.5
2018;mco;sejours;M;69;221;367703;60.1
2018;mco;sejours;M;70;173;357655;48.4
2018;mco;sejours;M;74;109;229858;47.4
2018;mco;sejours;M;81;104;162654;63.9
2018;mco;sejours;M;83;95;142378;66.7
2018;mco;sejours;M;87;70;94154;74.3
2018;mco;sejours;M;91;52;43456;119.7
2018;mco;sejours;M;95;58;39962;145.1
2018;psy;patient;F;13;57;405215;14.1
2018;psy;patient;F;15;162;407475;39.8
2018;psy;patient;F;17;210;415912;50.5
2018;psy;patient;F;19;167;386468;43.2
2018;psy;patient;F;20;154;373011;41.3
2018;psy;patient;F;21;125;375178;33.3
2018;psy;patient;F;23;103;362289;28.4
2018;psy;patient;F;25;85;377725;22.5
2018;psy;patient;F;26;92;383792;24.0
2018;psy;patient;F;28;71;401160;17.7
2018;psy;patient;F;29;76;408673;18.6
2018;psy;patient;F;30;81;412206;19.7
2018;psy;patient;F;35;82;437494;18.7
2018;psy;patient;F;39;93;412767;22.5
2018;psy;patient;F;40;91;413828;22.0
2018;psy;patient;F;45;150;468983;32.0
2018;psy;patient;F;46;113;467036;24.2
2018;psy;patient;F;48;122;452857;26.9
2018;psy;patient;F;49;159;449466;35.4
2018;psy;patient;F;51;151;458009;33.0
2018;psy;patient;F;52;137;459443;29.8
2018;psy;patient;F;54;127;459394;27.6
2018;psy;patient;F;64;72;415475;17.3
2018;psy;patient;F;73;28;281443;9.9
2018;psy;patient;F;78;25;246400;10.1
2018;psy;patient;F;79;20;239644;8.3
2018;psy;patient;F;85;20;205599;9.7
2018;psy;patient;F;86;14;190620;7.3
2018;psy;patient;F;87;15;179939;8.3
2018;psy;patient;F;88;8;154892;5.2
2018;psy;patient;F;92;7;91986;7.6
2018;psy;patient;F;93;4;75515;5.3
2018;psy;patient;F;94;2;61870;3.2
2018;psy;patient;F;95;3;153890;1.9
2018;psy;patient;M;13;9;424703;2.1
2018;psy;patient;M;19;84;406173;20.7
2018;psy;patient;M;21;79;387824;20.4
2018;psy;patient;M;25;71;375143;18.9
2018;psy;patient;M;28;82;385444;21.3
2018;psy;patient;M;31;72;397851;18.1
2018;psy;patient;M;33;69;395309;17.5
2018;psy;patient;M;34;73;390567;18.7
2018;psy;patient;M;36;88;422048;20.9
2018;psy;patient;M;42;98;407150;24.1
2018;psy;patient;M;49;103;434843;23.7
2018;psy;patient;M;50;82;434330;18.9
2018;psy;patient;M;53;98;445784;22.0
2018;psy;patient;M;54;90;438502;20.5
2018;psy;patient;M;58;71;414729;17.1
2018;psy;patient;M;61;49;392540;12.5
2018;psy;patient;M;63;36;384108;9.4
2018;psy;patient;M;64;43;375604;11.4
2018;psy;patient;M;66;34;367985;9.2
2018;psy;patient;M;68;34;370388;9.2
2018;psy;patient;M;69;24;367703;6.5
2018;psy;patient;M;71;21;333065;6.3
2018;psy;patient;M;72;17;247242;6.9
2018;psy;patient;M;73;20;239548;8.3
2018;psy;patient;M;74;16;229858;7.0
2018;psy;patient;M;76;19;183310;10.4
2018;psy;patient;M;77;13;185848;7.0
2018;psy;patient;M;83;13;142378;9.1
2018;psy;patient;M;90;9;53892;16.7
2018;psy;patient;M;94;3;19968;15.0
2018;psy;sejours;F;12;42;1233455;10.3
2018;psy;sejours;F;16;346;412326;83.9
2018;psy;sejours;F;20;227;373011;60.9
2018;psy;sejours;F;25;114;377725;30.2
2018;psy;sejours;F;28;93;401160;23.2
2018;psy;sejours;F;32;147;421340;34.9
2018;psy;sejours;F;33;121;417484;29.0
2018;psy;sejours;F;34;107;412646;25.9
2018;psy;sejours;F;35;113;437494;25.8
2018;psy;sejours;F;37;139;448474;31.0
2018;psy;sejours;F;38;129;423429;30.5
2018;psy;sejours;F;40;112;413828;27.1
2018;psy;sejours;F;45;228;468983;48.6
2018;psy;sejours;F;47;211;458258;46.0
2018;psy;sejours;F;59;132;434309;30.4
2018;psy;sejours;F;61;121;429906;28.1
2018;psy;sejours;F;64;94;415475;22.6
2018;psy;sejours;F;65;74;421369;17.6
2018;psy;sejours;F;67;83;422872;19.6
2018;psy;sejours;F;68;74;415300;17.8
2018;psy;sejours;F;80;31;234600;13.2
2018;psy;sejours;F;83;21;222138;9.5
2018;psy;sejours;F;88;10;154892;6.5
2018;psy;sejours;F;89;14;141272;9.9
2018;psy;sejours;F;92;7;91986;7.6
2018;psy;sejours;F;93;5;75515;6.6
2018;psy;sejours;F;94;2;61870;3.2
2018;psy;sejours;M;16;94;435812;21.6
2018;psy;sejours;M;20;110;389581;28.2
2018;psy;sejours;M;21;111;387824;28.6
2018;psy;sejours;M;25;100;375143;26.7
2018;psy;sejours;M;27;102;387167;26.3
2018;psy;sejours;M;30;102;391428;26.1
2018;psy;sejours;M;32;131;397406;33.0
2018;psy;sejours;M;33;100;395309;25.3
2018;psy;sejours;M;34;105;390567;26.9
2018;psy;sejours;M;38;121;406565;29.8
2018;psy;sejours;M;40;147;403214;36.5
2018;psy;sejours;M;41;95;393027;24.2
2018;psy;sejours;M;50;111;434330;25.6
2018;psy;sejours;M;51;182;443691;41.0
2018;psy;sejours;M;57;96;417628;23.0
2018;psy;sejours;M;59;62;402335;15.4
2018;psy;sejours;M;73;21;239548;8.8
2018;psy;sejours;M;77;16;185848;8.6
2018;psy;sejours;M;82;8;149013;5.4
2018;psy;sejours;M;85;12;120419;10.0
2018;psy;sejours;M;92;6;34951;17.2
2019;mco;patient;F;7;8;406206;2.0
2019;mco;patient;F;8;9;416481;2.2
2019;mco;patient;F;9;9;411935;2.2
2019;mco;patient;F;11;176;411410;42.8
2019;mco;patient;F;17;1520;412587;368.4
2019;mco;patient;F;19;1180;389599;302.9
2019;mco;patient;F;21;803;371061;216.4
2019;mco;patient;F;23;713;369273;193.1
2019;mco;patient;F;28;576;395671;145.6
2019;mco;patient;F;37;649;444641;146.0
2019;mco;patient;F;40;630;414696;151.9
2019;mco;patient;F;43;647;416548;155.3
2019;mco;patient;F;44;747;437494;170.7
2019;mco;patient;F;47;906;466954;194.0
2019;mco;patient;F;66;344;420310;81.8
2019;mco;patient;F;68;348;420197;82.8
2019;mco;patient;F;71;287;400719;71.6
2019;mco;patient;F;72;295;378192;78.0
2019;mco;patient;F;74;199;278204;71.5
2019;mco;patient;F;76;166;249261;66.6
2019;mco;patient;F;77;152;222164;68.4
2019;mco;patient;F;81;141;228740;61.6
2019;mco;patient;F;83;157;215750;72.8
2019;mco;patient;F;85;140;197638;70.8
2019;mco;patient;F;87;134;178029;75.3
2019;mco;patient;F;95;88;164205;53.6
2019;mco;patient;M;9;24;430662;5.6
2019;mco;patient;M;11;80;430428;18.6
2019;mco;patient;M;15;464;425023;109.2
2019;mco;patient;M;18;556;443190;125.5
2019;mco;patient;M;27;518;379370;136.5
2019;mco;patient;M;28;500;388556;128.7
2019;mco;patient;M;29;526;386046;136.3
2019;mco;patient;M;30;502;392800;127.8
2019;mco;patient;M;40;571;401303;142.3
2019;mco;patient;M;43;537;407414;131.8
2019;mco;patient;M;52;560;442935;126.4
2019;mco;patient;M;54;511;444504;115.0
2019;mco;patient;M;56;462;422490;109.4
2019;mco;patient;M;58;425;415568;102.3
2019;mco;patient;M;59;360;412029;87.4
2019;mco;patient;M;60;330;399797;82.5
2019;mco;patient;M;65;229;370878;61.7
2019;mco;patient;M;68;161;374451;43.0
2019;mco;patient;M;69;160;364943;43.8
2019;mco;patient;M;72;157;326329;48.1
2019;mco;patient;M;78;92;179667;51.2
2019;mco;patient;M;80;86;172087;50.0
2019;mco;patient;M;84;77;132195;58.2
2019;mco;patient;M;86;73;109566;66.6
2019;mco;patient;M;90;51;55436;92.0
2019;mco;patient;M;93;26;27586;94.3
2019;mco;sejours;F;6;13;400537;3.2
2019;mco;sejours;F;7;8;406206;2.0
2019;mco;sejours;F;8;9;416481;2.2
2019;mco;sejours;F;11;213;411410;51.8
2019;mco;sejours;F;14;2318;406194;570.7
2019;mco;sejours;F;17;1821;412587;441.4
2019;mco;sejours;F;18;1423;415418;342.5
2019;mco;sejours;F;24;726;361730;200.7
2019;mco;sejours;F;26;689;378540;182.0
2019;mco;sejours;F;30;749;411660;181.9
2019;mco;sejours;F;31;621;414792;149.7
2019;mco;sejours;F;33;684;423954;161.3
2019;mco;sejours;F;35;624;415060;150.3
2019;mco;sejours;F;36;681;440031;154.8
2019;mco;sejours;F;37;759;444641;170.7
2019;mco;sejours;F;41;746;415154;179.7
2019;mco;sejours;F;42;723;404971;178.5
2019;mco;sejours;F;46;1067;469836;227.1
2019;mco;sejours;F;50;992;448709;221.1
2019;mco;sejours;F;52;999;457768;218.2
2019;mco;sejours;F;54;873;464459;188.0
2019;mco;sejours;F;56;740;443682;166.8
2019;mco;sejours;F;57;730;444733;164.1
2019;mco;sejours;F;59;617;442628;139.4
2019;mco;sejours;F;63;456;425325;107.2
2019;mco;sejours;F;66;389;420310;92.6
2019;mco;sejours;F;70;284;410042;69.3
2019;mco;sejours;F;81;157;228740;68.6
2019;mco;sejours;F;84;135;212780;63.4
2019;mco;sejours;F;85;153;197638;77.4
2019;mco;sejours;F;86;126;194778;64.7
2019;mco;sejours;F;88;122;165642;73.7
2019;mco;sejours;F;93;66;77588;85.1
2019;mco;sejours;F;94;43;62449;68.9
2019;mco;sejours;M;8;24;435617;5.5
2019;mco;sejours;M;11;88;430428;20.4
2019;mco;sejours;M;17;673;437451;153.8
2019;mco;sejours;M;18;657;443190;148.2
2019;mco;sejours;M;19;620;412849;150.2
2019;mco;sejours;M;20;653;402482;162.2
2019;mco;sejours;M;23;582;375947;154.8
2019;mco;sejours;M;25;584;360790;161.9
2019;mco;sejours;M;26;598;373346;160.2
2019;mco;sejours;M;30;614;392800;156.3
2019;mco;sejours;M;32;674;399831;168.6
2019;mco;sejours;M;37;794;423315;187.6
2019;mco;sejours;M;38;737;429682;171.5
2019;mco;sejours;M;42;690;393072;175.5
2019;mco;sejours;M;43;652;407414;160.0
2019;mco;sejours;M;45;854;449455;190.0
2019;mco;sejours;M;46;846;462151;183.1
2019;mco;sejours;M;47;837;460669;181.7
2019;mco;sejours;M;48;782;448247;174.5
2019;mco;sejours;M;50;746;434549;171.7
2019;mco;sejours;M;52;678;442935;153.1
2019;mco;sejours;M;55;554;436842;126.8
2019;mco;sejours;M;60;376;399797;94.0
2019;mco;sejours;M;62;326;389422;83.7
2019;mco;sejours;M;68;183;374451;48.9
2019;mco;sejours;M;75;115;224452;51.2
2019;mco;sejours;M;80;94;172087;54.6
2019;mco;sejours;M;83;104;140205;74.2
2019;mco;sejours;M;84;82;132195;62.0
2019;mco;sejours;M;85;96;118253;81.2
2019;mco;sejours;M;87;106;95776;110.7
2019;mco;sejours;M;93;26;27586;94.3
2019;mco;sejours;M;95;63;42839;147.1
2019;psy;patient;F;16;237;408331;58.0
2019;psy;patient;F;18;237;415418;57.1
2019;psy;patient;F;19;200;389599;51.3
2019;psy;patient;F;20;188;383145;49.1
2019;psy;patient;F;21;170;371061;45.8
2019;psy;patient;F;24;122;361730;33.7
2019;psy;patient;F;30;78;411660;18.9
2019;psy;patient;F;33;88;423954;20.8
2019;psy;patient;F;41;85;415154;20.5
2019;psy;patient;F;48;140;458610;30.5
2019;psy;patient;F;50;150;448709;33.4
2019;psy;patient;F;51;147;446738;32.9
2019;psy;patient;F;54;123;464459;26.5
2019;psy;patient;F;56;125;443682;28.2
2019;psy;patient;F;57;120;444733;27.0
2019;psy;patient;F;60;100;433190;23.1
2019;psy;patient;F;64;88;422207;20.8
2019;psy;patient;F;68;43;420197;10.2
2019;psy;patient;F;69;59;412400;14.3
2019;psy;patient;F;71;53;400719;13.2
2019;psy;patient;F;74;31;278204;11.1
2019;psy;patient;F;77;23;222164;10.4
2019;psy;patient;F;83;23;215750;10.7
2019;psy;patient;F;85;15;197638;7.6
2019;psy;patient;F;95;4;164205;2.4
2019;psy;patient;M;12;9;1301710;2.1
2019;psy;patient;M;14;22;425944;5.2
2019;psy;patient;M;16;54;429964;12.6
2019;psy;patient;M;17;60;437451;13.7
2019;psy;patient;M;24;74;361574;20.5
2019;psy;patient;M;26;62;373346;16.6
2019;psy;patient;M;27;74;379370;19.5
2019;psy;patient;M;30;73;392800;18.6
2019;psy;patient;M;34;91;398076;22.9
2019;psy;patient;M;40;80;401303;19.9
2019;psy;patient;M;45;112;449455;24.9
2019;psy;patient;M;46;106;462151;22.9
2019;psy;patient;M;47;100;460669;21.7
2019;psy;patient;M;48;110;448247;24.5
2019;psy;patient;M;50;77;434549;17.7
2019;psy;patient;M;61;50;396662;12.6
2019;psy;patient;M;62;54;389422;13.9
2019;psy;patient;M;65;43;370878;11.6
2019;psy;patient;M;72;25;326329;7.7
2019;psy;patient;M;73;11;242055;4.5
2019;psy;patient;M;74;7;233689;3.0
2019;psy;patient;M;75;14;224452;6.2
2019;psy;patient;M;76;18;204988;8.8
2019;psy;patient;M;77;13;177491;7.3
2019;psy;patient;M;82;13;154940;8.4
2019;psy;patient;M;84;15;132195;11.3
2019;psy;patient;M;86;8;109566;7.3
2019;psy;patient;M;88;7;83630;8.4
2019;psy;patient;M;94;2;20552;9.7
2019;psy;patient;M;95;2;42839;4.7
2019;psy;sejours;F;12;38;1241754;9.1
2019;psy;sejours;F;14;167;406194;41.1
2019;psy;sejours;F;15;332;405804;81.8
2019;psy;sejours;F;16;434;408331;106.3
2019;psy;sejours;F;19;278;389599;71.4
2019;psy;sejours;F;20;285;383145;74.4
2019;psy;sejours;F;22;151;373304;40.4
2019;psy;sejours;F;25;156;361479;43.2
2019;psy;sejours;F;30;118;411660;28.7
2019;psy;sejours;F;31;103;414792;24.8
2019;psy;sejours;F;32;148;423917;34.9
2019;psy;sejours;F;34;125;420716;29.7
2019;psy;sejours;F;35;86;415060;20.7
2019;psy;sejours;F;38;114;450776;25.3
2019;psy;sejours;F;40;92;414696;22.2
2019;psy;sejours;F;45;217;460625;47.1
2019;psy;sejours;F;48;183;458610;39.9
2019;psy;sejours;F;49;191;454173;42.1
2019;psy;sejours;F;52;181;457768;39.5
2019;psy;sejours;F;55;179;459627;38.9
2019;psy;sejours;F;57;145;444733;32.6
2019;psy;sejours;F;63;92;425325;21.6
2019;psy;sejours;F;69;72;412400;17.5
2019;psy;sejours;F;71;68;400719;17.0
2019;psy;sejours;F;73;43;286767;15.0
2019;psy;sejours;F;74;36;278204;12.9
2019;psy;sejours;F;78;30;230041;13.0
2019;psy;sejours;F;82;26;224648;11.6
2019;psy;sejours;F;83;25;215750;11.6
2019;psy;sejours;F;88;15;165642;9.1
2019;psy;sejours;F;93;2;77588;2.6
2019;psy;sejours;F;95;4;164205;2.4
2019;psy;sejours;M;13;20;427658;4.7
2019;psy;sejours;M;18;113;443190;25.5
2019;psy;sejours;M;19;121;412849;29.3
2019;psy;sejours;M;20;96;402482;23.9
2019;psy;sejours;M;21;110;387223;28.4
2019;psy;sejours;M;22;91;384862;23.6
2019;psy;sejours;M;24;102;361574;28.2
2019;psy;sejours;M;25;86;360790;23.8
2019;psy;sejours;M;29;85;386046;22.0
2019;psy;sejours;M;31;123;393112;31.3
2019;psy;sejours;M;32;103;399831;25.8
2019;psy;sejours;M;36;130;418555;31.1
2019;psy;sejours;M;38;147;429682;34.2
2019;psy;sejours;M;45;146;449455;32.5
2019;psy;sejours;M;52;121;442935;27.3
2019;psy;sejours;M;53;124;442131;28.0
2019;psy;sejours;M;54;138;444504;31.0
2019;psy;sejours;M;57;87;420998;20.7
2019;psy;sejours;M;58;231;415568;55.6
2019;psy;sejours;M;64;38;380323;10.0
2019;psy;sejours;M;65;68;370878;18.3
2019;psy;sejours;M;68;19;374451;5.1
2019;psy;sejours;M;70;19;361994;5.2
2019;psy;sejours;M;72;29;326329;8.9
2019;psy;sejours;M;74;7;233689;3.0
2019;psy;sejours;M;77;15;177491;8.5
2019;psy;sejours;M;87;11;95776;11.5
2019;psy;sejours;M;90;3;55436;5.4
2019;psy;sejours;M;95;4;42839;9.3
2020;mco;patient;F;6;3;396119;0.8
2020;mco;patient;F;8;14;406329;3.4
2020;mco;patient;F;11;136;413379;32.9
2020;mco;patient;F;13;955;416365;229.4
2020;mco;patient;F;14;1500;408916;366.8
2020;mco;patient;F;19;1014;407871;248.6
2020;mco;patient;F;23;649;370575;175.1
2020;mco;patient;F;26;496;364007;136.3
2020;mco;patient;F;27;475;383001;124.0
2020;mco;patient;F;28;500;389549;128.4
2020;mco;patient;F;29;490;400683;122.3
2020;mco;patient;F;30;461;407791;113.0
2020;mco;patient;F;35;496;422984;117.3
2020;mco;patient;F;36;484;416794;116.1
2020;mco;patient;F;37;530;442627;119.7
2020;mco;patient;F;40;516;426357;121.0
2020;mco;patient;F;42;560;415460;134.8
2020;mco;patient;F;44;601;417037;144.1
2020;mco;patient;F;47;845;469277;180.1
2020;mco;patient;F;48;793;466714;169.9
2020;mco;patient;F;51;749;448036;167.2
2020;mco;patient;F;61;444;431526;102.9
2020;mco;patient;F;63;343;427312;80.3
2020;mco;patient;F;72;266;396742;67.0
2020;mco;patient;F;73;219;375251;58.4
2020;mco;patient;F;76;179;266843;67.1
2020;mco;patient;F;77;160;245300;65.2
2020;mco;patient;F;79;132;224792;58.7
2020;mco;patient;F;90;98;127194;77.0
2020;mco;patient;F;91;79;111087;71.1
2020;mco;patient;F;93;46;79522;57.8
2020;mco;patient;F;95;93;173022;53.8
2020;mco;patient;M;12;114;430844;26.5
2020;mco;patient;M;13;163;437147;37.3
2020;mco;patient;M;14;260;428760;60.6
2020;mco;patient;M;20;512;402819;127.1
2020;mco;patient;M;21;507;393219;128.9
2020;mco;patient;M;27;499;375318;133.0
2020;mco;patient;M;30;480;391740;122.5
2020;mco;patient;M;34;515;401643;128.2
2020;mco;patient;M;37;578;421460;137.1
2020;mco;patient;M;41;524;402203;130.3
2020;mco;patient;M;44;534;406489;131.4
2020;mco;patient;M;46;638;448597;142.2
2020;mco;patient;M;49;637;446342;142.7
2020;mco;patient;M;50;578;439257;131.6
2020;mco;patient;M;54;475;440275;107.9
2020;mco;patient;M;55;499;443501;112.5
2020;mco;patient;M;56;437;435533;100.3
2020;mco;patient;M;58;392;418556;93.7
2020;mco;patient;M;59;330;413752;79.8
2020;mco;patient;M;61;277;396772;69.8
2020;mco;patient;M;62;258;393499;65.6
2020;mco;patient;M;65;222;376737;58.9
2020;mco;patient;M;67;189;369515;51.1
2020;mco;patient;M;71;137;355216;38.6
2020;mco;patient;M;73;130;320056;40.6
2020;mco;patient;M;74;101;237066;42.6
2020;mco;patient;M;78;100;171664;58.3
2020;mco;patient;M;80;87;173267;50.2
2020;mco;patient;M;81;86;163784;52.5
2020;mco;patient;M;83;105;145782;72.0
2020;mco;patient;M;89;50;72543;68.9
2020;mco;patient;M;94;26;21062;123.4
2020;mco;patient;M;95;63;45118;139.6
2020;mco;sejours;F;7;12;403128;3.0
2020;mco;sejours;F;9;26;417389;6.2
2020;mco;sejours;F;15;2108;406608;518.4
2020;mco;sejours;F;22;799;368907;216.6
2020;mco;sejours;F;26;582;364007;159.9
2020;mco;sejours;F;28;622;389549;159.7
2020;mco;sejours;F;29;607;400683;151.5
2020;mco;sejours;F;30;536;407791;131.4
2020;mco;sejours;F;43;640;404433;158.2
2020;mco;sejours;F;45;822;436381;188.4
2020;mco;sejours;F;46;879;459095;191.5
2020;mco;sejours;F;49;932;457249;203.8
2020;mco;sejours;F;50;897;452362;198.3
2020;mco;sejours;F;51;904;448036;201.8
2020;mco;sejours;F;52;912;444426;205.2
2020;mco;sejours;F;53;788;457348;172.3
2020;mco;sejours;F;54;859;458447;187.4
2020;mco;sejours;F;55;771;464464;166.0
2020;mco;sejours;F;63;380;427312;88.9
2020;mco;sejours;F;64;448;424054;105.6
2020;mco;sejours;F;65;410;420042;97.6
2020;mco;sejours;F;69;321;417056;77.0
2020;mco;sejours;F;71;259;407094;63.6
2020;mco;sejours;F;73;253;375251;67.4
2020;mco;sejours;F;77;180;245300;73.4
2020;mco;sejours;F;80;184;236738;77.7
2020;mco;sejours;F;81;165;227159;72.6
2020;mco;sejours;F;82;179;220741;81.1
2020;mco;sejours;F;85;162;202513;80.0
2020;mco;sejours;F;87;138;182008;75.8
2020;mco;sejours;F;88;130;164569;79.0
2020;mco;sejours;F;89;99;150380;65.8
2020;mco;sejours;F;91;81;111087;72.9
2020;mco;sejours;F;93;52;79522;65.4
2020;mco;sejours;F;95;102;173022;59.0
2020;mco;sejours;M;10;47;432491;10.9
2020;mco;sejours;M;20;608;402819;150.9
2020;mco;sejours;M;23;581;378889;153.3
2020;mco;sejours;M;24;571;372585;153.3
2020;mco;sejours;M;25;570;360199;158.2
2020;mco;sejours;M;28;569;380864;149.4
2020;mco;sejours;M;33;626;403148;155.3
2020;mco;sejours;M;43;630;392926;160.3
2020;mco;sejours;M;44;678;406489;166.8
2020;mco;sejours;M;54;564;440275;128.1
2020;mco;sejours;M;56;522;435533;119.9
2020;mco;sejours;M;59;369;413752;89.2
2020;mco;sejours;M;60;340;409794;83.0
2020;mco;sejours;M;63;260;386096;67.3
2020;mco;sejours;M;65;254;376737;67.4
2020;mco;sejours;M;66;210;366429;57.3
2020;mco;sejours;M;70;186;357703;52.0
2020;mco;sejours;M;72;174;343730;50.6
2020;mco;sejours;M;74;115;237066;48.5
2020;mco;sejours;M;75;101;227771;44.3
2020;mco;sejours;M;79;109;173265;62.9
2020;mco;sejours;M;86;91;107308;84.8
2020;mco;sejours;M;91;66;46539;141.8
2020;mco;sejours;M;93;24;28230;85.0
2020;psy;patient;F;12;32;1238648;7.7
2020;psy;patient;F;13;50;416365;12.0
2020;psy;patient;F;14;121;408916;29.6
2020;psy;patient;F;15;163;406608;40.1
2020;psy;patient;F;20;223;381619;58.4
2020;psy;patient;F;22;168;368907;45.5
2020;psy;patient;F;26;87;364007;23.9
2020;psy;patient;F;27;101;383001;26.4
2020;psy;patient;F;28;93;389549;23.9
2020;psy;patient;F;36;75;416794;18.0
2020;psy;patient;F;38;83;444549;18.7
2020;psy;patient;F;39;97;452285;21.4
2020;psy;patient;F;44;109;417037;26.1
2020;psy;patient;F;49;167;457249;36.5
2020;psy;patient;F;53;123;457348;26.9
2020;psy;patient;F;56;134;459110;29.2
2020;psy;patient;F;57;115;443768;25.9
2020;psy;patient;F;58;114;443787;25.7
2020;psy;patient;F;59;107;443053;24.2
2020;psy;patient;F;60;87;441589;19.7
2020;psy;patient;F;61;85;431526;19.7
2020;psy;patient;F;62;87;430460;20.2
2020;psy;patient;F;65;72;420042;17.1
2020;psy;patient;F;69;67;417056;16.1
2020;psy;patient;F;72;52;396742;13.1
2020;psy;patient;F;74;35;283320;12.4
2020;psy;patient;F;75;30;274764;10.9
2020;psy;patient;F;82;35;220741;15.9
2020;psy;patient;F;84;19;207096;9.2
2020;psy;patient;F;87;13;182008;7.1
2020;psy;patient;F;90;10;127194;7.9
2020;psy;patient;F;92;4;93748;4.3
2020;psy;patient;M;13;11;437147;2.5
2020;psy;patient;M;14;14;428760;3.3
2020;psy;patient;M;15;42;428918;9.8
2020;psy;patient;M;28;69;380864;18.1
2020;psy;patient;M;30;81;391740;20.7
2020;psy;patient;M;31;98;397450;24.7
2020;psy;patient;M;32;74;396573;18.7
2020;psy;patient;M;33;92;403148;22.8
2020;psy;patient;M;36;91;393796;23.1
2020;psy;patient;M;42;93;403556;23.0
2020;psy;patient;M;43;87;392926;22.1
2020;psy;patient;M;44;92;406489;22.6
2020;psy;patient;M;45;113;429105;26.3
2020;psy;patient;M;48;82;458821;17.9
2020;psy;patient;M;55;83;443501;18.7
2020;psy;patient;M;56;78;435533;17.9
2020;psy;patient;M;60;54;409794;13.2
2020;psy;patient;M;61;47;396772;11.8
2020;psy;patient;M;62;63;393499;16.0
2020;psy;patient;M;64;41;379201;10.8
2020;psy;patient;M;66;51;366429;13.9
2020;psy;patient;M;71;26;355216;7.3
2020;psy;patient;M;78;11;171664;6.4
2020;psy;patient;M;82;12;153647;7.8
2020;psy;patient;M;84;9;130131;6.9
2020;psy;patient;M;87;10;98369;10.2
2020;psy;patient;M;95;2;45118;4.4
2020;psy;sejours;F;14;188;408916;46.0
2020;psy;sejours;F;20;293;381619;76.8
2020;psy;sejours;F;22;258;368907;69.9
2020;psy;sejours;F;24;141;369391;38.2
2020;psy;sejours;F;25;145;363264;39.9
2020;psy;sejours;F;27;142;383001;37.1
2020;psy;sejours;F;29;166;400683;41.4
2020;psy;sejours;F;30;116;407791;28.4
2020;psy;sejours;F;34;124;427645;29.0
2020;psy;sejours;F;37;114;442627;25.8
2020;psy;sejours;F;44;133;417037;31.9
2020;psy;sejours;F;46;181;459095;39.4
2020;psy;sejours;F;47;201;469277;42.8
2020;psy;sejours;F;51;189;448036;42.2
2020;psy;sejours;F;53;160;457348;35.0
2020;psy;sejours;F;55;151;464464;32.5
2020;psy;sejours;F;57;133;443768;30.0
2020;psy;sejours;F;58;156;443787;35.2
2020;psy;sejours;F;59;145;443053;32.7
2020;psy;sejours;F;62;127;430460;29.5
2020;psy;sejours;F;67;87;418567;20.8
2020;psy;sejours;F;68;63;404819;15.6
2020;psy;sejours;F;73;48;375251;12.8
2020;psy;sejours;F;74;40;283320;14.1
2020;psy;sejours;F;75;39;274764;14.2
2020;psy;sejours;F;76;48;266843;18.0
2020;psy;sejours;F;84;20;207096;9.7
2020;psy;sejours;F;85;28;202513;13.8
2020;psy;sejours;M;19;113;435363;26.0
2020;psy;sejours;M;20;95;402819;23.6
2020;psy;sejours;M;22;117;382623;30.6
2020;psy;sejours;M;25;91;360199;25.3
2020;psy;sejours;M;28;113;380864;29.7
2020;psy;sejours;M;29;127;392352;32.4
2020;psy;sejours;M;34;99;401643;24.6
2020;psy;sejours;M;35;105;399031;26.3
2020;psy;sejours;M;39;127;431574;29.4
2020;psy;sejours;M;45;153;429105;35.7
2020;psy;sejours;M;46;136;448597;30.3
2020;psy;sejours;M;47;122;461833;26.4
2020;psy;sejours;M;52;133;431320;30.8
2020;psy;sejours;M;54;124;440275;28.2
2020;psy;sejours;M;55;113;443501;25.5
2020;psy;sejours;M;59;170;413752;41.1
2020;psy;sejours;M;60;65;409794;15.9
2020;psy;sejours;M;61;58;396772;14.6
2020;psy;sejours;M;65;50;376737;13.3
2020;psy;sejours;M;66;60;366429;16.4
2020;psy;sejours;M;67;40;369515;10.8
2020;psy;sejours;M;68;38;358011;10.6
2020;psy;sejours;M;69;38;369182;10.3
2020;psy;sejours;M;72;34;343730;9.9
2020;psy;sejours;M;75;11;227771;4.8
2020;psy;sejours;M;77;24;198041;12.1
2020;psy;sejours;M;80;12;173267;6.9
2020;psy;sejours;M;84;12;130131;9.2
2020;psy;sejours;M;89;12;72543;16.5
2020;psy;sejours;M;92;1;36150;2.8
2020;psy;sejours;M;95;3;45118;6.6
2021;mco;patient;F;6;3;396046;0.8
2021;mco;patient;F;8;8;405843;2.0
2021;mco;patient;F;10;44;419704;10.5
2021;mco;patient;F;12;863;416075;207.4
2021;mco;patient;F;15;2740;412447;664.3
2021;mco;patient;F;18;1440;400344;359.7
2021;mco;patient;F;19;1231;397866;309.4
2021;mco;patient;F;20;1176;401503;292.9
2021;mco;patient;F;21;971;378866;256.3
2021;mco;patient;F;22;872;376708;231.5
2021;mco;patient;F;23;712;369300;192.8
2021;mco;patient;F;24;670;372849;179.7
2021;mco;patient;F;28;495;389467;127.1
2021;mco;patient;F;34;489;430983;113.5
2021;mco;patient;F;36;534;426271;125.3
2021;mco;patient;F;44;582;404860;143.8
2021;mco;patient;F;47;726;459660;157.9
2021;mco;patient;F;56;578;463825;124.6
2021;mco;patient;F;59;447;443997;100.7
2021;mco;patient;F;60;446;442669;100.8
2021;mco;patient;F;62;416;430203;96.7
2021;mco;patient;F;66;353;417806;84.5
2021;mco;patient;F;68;286;415889;68.8
2021;mco;patient;F;69;293;401838;72.9
2021;mco;patient;F;70;279;414072;67.4
2021;mco;patient;F;71;277;407694;67.9
2021;mco;patient;F;73;245;393028;62.3
2021;mco;patient;F;74;206;370838;55.5
2021;mco;patient;F;75;225;278606;80.8
2021;mco;patient;F;76;191;269881;70.8
2021;mco;patient;F;78;167;240342;69.5
2021;mco;patient;F;84;161;206990;77.8
2021;mco;patient;F;88;108;166494;64.9
2021;mco;patient;F;89;112;149253;75.0
2021;mco;patient;F;90;84;132778;63.3
2021;mco;patient;M;6;3;411469;0.7
2021;mco;patient;M;7;13;416357;3.1
2021;mco;patient;M;9;26;427715;6.1
2021;mco;patient;M;10;35;438643;8.0
2021;mco;patient;M;14;335;441542;75.9
2021;mco;patient;M;15;503;435134;115.6
2021;mco;patient;M;18;491;424193;115.7
2021;mco;patient;M;25;470;374747;125.4
2021;mco;patient;M;27;421;364118;115.6
2021;mco;patient;M;28;435;378884;114.8
2021;mco;patient;M;32;507;404266;125.4
2021;mco;patient;M;34;523;407876;128.2
2021;mco;patient;M;36;494;402541;122.7
2021;mco;patient;M;37;536;399156;134.3
2021;mco;patient;M;41;532;410524;129.6
2021;mco;patient;M;45;511;407154;125.5
2021;mco;patient;M;53;480;430566;111.5
2021;mco;patient;M;56;434;442155;98.2
2021;mco;patient;M;57;398;434708;91.6
2021;mco;patient;M;60;330;411784;80.1
2021;mco;patient;M;61;288;406128;70.9
2021;mco;patient;M;65;213;374917;56.8
2021;mco;patient;M;66;224;370750;60.4
2021;mco;patient;M;68;196;363089;54.0
2021;mco;patient;M;69;187;352088;53.1
2021;mco;patient;M;77;101;210752;47.9
2021;mco;patient;M;82;96;153765;62.4
2021;mco;patient;M;86;67;110177;60.8
2021;mco;patient;M;89;82;72814;112.6
2021;mco;patient;M;93;25;28137;88.9
2021;mco;patient;M;95;63;45320;139.0
2021;mco;sejours;F;14;3559;418858;849.7
2021;mco;sejours;F;15;3425;412447;830.4
2021;mco;sejours;F;16;2983;406902;733.1
2021;mco;sejours;F;18;1801;400344;449.9
2021;mco;sejours;F;21;1227;378866;323.9
2021;mco;sejours;F;22;1102;376708;292.5
2021;mco;sejours;F;23;895;369300;242.4
2021;mco;sejours;F;24;819;372849;219.7
2021;mco;sejours;F;30;594;408259;145.5
2021;mco;sejours;F;31;543;412430;131.7
2021;mco;sejours;F;32;588;423847;138.7
2021;mco;sejours;F;42;606;417619;145.1
2021;mco;sejours;F;44;695;404860;171.7
2021;mco;sejours;F;47;859;459660;186.9
2021;mco;sejours;F;52;830;447418;185.5
2021;mco;sejours;F;54;750;456323;164.4
2021;mco;sejours;F;61;542;440522;123.0
2021;mco;sejours;F;66;391;417806;93.6
2021;mco;sejours;F;67;344;410013;83.9
2021;mco;sejours;F;73;270;393028;68.7
2021;mco;sejours;F;77;193;260877;74.0
2021;mco;sejours;F;79;170;212727;79.9
2021;mco;sejours;F;80;168;218244;77.0
2021;mco;sejours;F;81;177;227927;77.7
2021;mco;sejours;F;82;175;218853;80.0
2021;mco;sejours;F;86;129;189437;68.1
2021;mco;sejours;F;88;114;166494;68.5
2021;mco;sejours;F;90;92;132778;69.3
2021;mco;sejours;F;92;67;95190;70.4
2021;mco;sejours;M;11;102;435367;23.4
2021;mco;sejours;M;12;160;438699;36.5
2021;mco;sejours;M;14;427;441542;96.7
2021;mco;sejours;M;17;676;424907;159.1
2021;mco;sejours;M;29;625;385167;162.3
2021;mco;sejours;M;31;549;396925;138.3
2021;mco;sejours;M;35;568;407271;139.5
2021;mco;sejours;M;43;524;404935;129.4
2021;mco;sejours;M;52;565;431258;131.0
2021;mco;sejours;M;57;474;434708;109.0
2021;mco;sejours;M;60;390;411784;94.7
2021;mco;sejours;M;61;336;406128;82.7
2021;mco;sejours;M;68;218;363089;60.0
2021;mco;sejours;M;71;168;351394;47.8
2021;mco;sejours;M;74;148;312627;47.3
2021;mco;sejours;M;78;97;190879;50.8
2021;mco;sejours;M;79;88;164198;53.6
2021;mco;sejours;M;80;100;164787;60.7
2021;mco;sejours;M;84;98;134491;72.9
2021;mco;sejours;M;92;42;37527;111.9
2021;mco;sejours;M;95;72;45320;158.9
2021;psy;patient;F;12;73;1249869;17.5
2021;psy;patient;F;13;148;414640;35.7
2021;psy;patient;F;18;335;400344;83.7
2021;psy;patient;F;21;226;378866;59.7
2021;psy;patient;F;22;184;376708;48.8
2021;psy;patient;F;23;156;369300;42.2
2021;psy;patient;F;25;127;371001;34.2
2021;psy;patient;F;27;91;369920;24.6
2021;psy;patient;F;30;93;408259;22.8
2021;psy;patient;F;33;74;424861;17.4
2021;psy;patient;F;39;85;447025;19.0
2021;psy;patient;F;40;105;455234;23.1
2021;psy;patient;F;43;94;416549;22.6
2021;psy;patient;F;44;105;404860;25.9
2021;psy;patient;F;54;127;456323;27.8
2021;psy;patient;F;63;90;427564;21.0
2021;psy;patient;F;64;62;425116;14.6
2021;psy;patient;F;66;60;417806;14.4
2021;psy;patient;F;69;57;401838;14.2
2021;psy;patient;F;73;56;393028;14.2
2021;psy;patient;F;74;47;370838;12.7
2021;psy;patient;F;76;25;269881;9.3
2021;psy;patient;F;79;31;212727;14.6
2021;psy;patient;F;83;19;211352;9.0
2021;psy;patient;F;86;18;189437;9.5
2021;psy;patient;F;87;16;173751;9.2
2021;psy;patient;F;90;11;132778;8.3
2021;psy;patient;F;91;8;110237;7.3
2021;psy;patient;F;95;4;177879;2.2
2021;psy;patient;M;16;69;431464;16.0
2021;psy;patient;M;19;96;424103;22.6
2021;psy;patient;M;22;90;389278;23.1
2021;psy;patient;M;23;62;379099;16.4
2021;psy;patient;M;25;78;374747;20.8
2021;psy;patient;M;26;60;361950;16.6
2021;psy;patient;M;35;66;407271;16.2
2021;psy;patient;M;36;96;402541;23.8
2021;psy;patient;M;39;88;427970;20.6
2021;psy;patient;M;42;76;402511;18.9
2021;psy;patient;M;43;90;404935;22.2
2021;psy;patient;M;52;84;431258;19.5
2021;psy;patient;M;54;89;439834;20.2
2021;psy;patient;M;65;37;374917;9.9
2021;psy;patient;M;72;27;347852;7.8
2021;psy;patient;M;74;17;312627;5.4
2021;psy;patient;M;76;17;220603;7.7
2021;psy;patient;M;80;12;164787;7.3
2021;psy;patient;M;81;13;163601;7.9
2021;psy;patient;M;82;12;153765;7.8
2021;psy;patient;M;84;14;134491;10.4
2021;psy;patient;M;86;14;110177;12.7
2021;psy;patient;M;92;2;37527;5.3
2021;psy;sejours;F;14;401;418858;95.7
2021;psy;sejours;F;16;695;406902;170.8
2021;psy;sejours;F;22;277;376708;73.5
2021;psy;sejours;F;28;150;389467;38.5
2021;psy;sejours;F;36;124;426271;29.1
2021;psy;sejours;F;38;94;445289;21.1
2021;psy;sejours;F;39;123;447025;27.5
2021;psy;sejours;F;41;130;428973;30.3
2021;psy;sejours;F;43;127;416549;30.5
2021;psy;sejours;F;46;162;437919;37.0
2021;psy;sejours;F;47;182;459660;39.6
2021;psy;sejours;F;51;160;451754;35.4
2021;psy;sejours;F;56;152;463825;32.8
2021;psy;sejours;F;58;152;443057;34.3
2021;psy;sejours;F;61;98;440522;22.2
2021;psy;sejours;F;62;102;430203;23.7
2021;psy;sejours;F;64;100;425116;23.5
2021;psy;sejours;F;65;87;421941;20.6
2021;psy;sejours;F;67;62;410013;15.1
2021;psy;sejours;F;70;83;414072;20.0
2021;psy;sejours;F;72;49;402810;12.2
2021;psy;sejours;F;74;58;370838;15.6
2021;psy;sejours;F;86;23;189437;12.1
2021;psy;sejours;F;87;18;173751;10.4
2021;psy;sejours;F;88;15;166494;9.0
2021;psy;sejours;F;89;9;149253;6.0
2021;psy;sejours;F;93;2;78496;2.5
2021;psy;sejours;M;14;24;441542;5.4
2021;psy;sejours;M;15;56;435134;12.9
2021;psy;sejours;M;24;106;376995;28.1
2021;psy;sejours;M;25;99;374747;26.4
2021;psy;sejours;M;27;97;364118;26.6
2021;psy;sejours;M;29;114;385167;29.6
2021;psy;sejours;M;30;95;398269;23.9
2021;psy;sejours;M;31;105;396925;26.5
2021;psy;sejours;M;43;128;404935;31.6
2021;psy;sejours;M;44;98;394800;24.8
2021;psy;sejours;M;45;105;407154;25.8
2021;psy;sejours;M;50;101;447143;22.6
2021;psy;sejours;M;52;108;431258;25.0
2021;psy;sejours;M;53;105;430566;24.4
2021;psy;sejours;M;55;88;438178;20.1
2021;psy;sejours;M;56;121;442155;27.4
2021;psy;sejours;M;57;102;434708;23.5
2021;psy;sejours;M;62;64;393699;16.3
2021;psy;sejours;M;70;27;362643;7.4
2021;psy;sejours;M;73;29;335199;8.7
2021;psy;sejours;M;74;24;312627;7.7
2021;psy;sejours;M;77;18;210752;8.5
2021;psy;sejours;M;79;5;164198;3.0
2021;psy;sejours;M;83;19;142762;13.3
2021;psy;sejours;M;84;15;134491;11.2
2021;psy;sejours;M;86;16;110177;14.5
2021;psy;sejours;M;88;13;86127;15.1
2021;psy;sejours;M;89;8;72814;11.0
2021;psy;sejours;M;95;5;45320;11.0
2022;mco;patient;F;7;4;397685;1.0
2022;mco;patient;F;8;3;400575;0.7
2022;mco;patient;F;10;47;410836;11.4
2022;mco;patient;F;11;195;422112;46.2
2022;mco;patient;F;12;743;417180;178.1
2022;mco;patient;F;13;1837;418337;439.1
2022;mco;patient;F;18;1548;394527;392.4
2022;mco;patient;F;27;510;374742;136.1
2022;mco;patient;F;30;477;404627;117.9
2022;mco;patient;F;31;444;417262;106.4
2022;mco;patient;F;32;458;420816;108.8
2022;mco;patient;F;34;501;431370;116.1
2022;mco;patient;F;38;482;426661;113.0
2022;mco;patient;F;40;524;450559;116.3
2022;mco;patient;F;43;499;420203;118.8
2022;mco;patient;F;44;553;419671;131.8
2022;mco;patient;F;48;717;459844;155.9
2022;mco;patient;F;49;781;469442;166.4
2022;mco;patient;F;53;675;448552;150.5
2022;mco;patient;F;57;534;463417;115.2
2022;mco;patient;F;69;277;412265;67.2
2022;mco;patient;F;71;278;410859;67.7
2022;mco;patient;F;78;180;254591;70.7
2022;mco;patient;F;79;154;234543;65.7
2022;mco;patient;F;86;127;183307;69.3
2022;mco;patient;F;87;132;175986;75.0
2022;mco;patient;F;94;31;64022;48.4
2022;mco;patient;M;6;7;404155;1.7
2022;mco;patient;M;8;20;419898;4.8
2022;mco;patient;M;11;70;442270;15.8
2022;mco;patient;M;12;97;436665;22.2
2022;mco;patient;M;15;464;446608;103.9
2022;mco;patient;M;16;532;436078;122.0
2022;mco;patient;M;18;528;420507;125.6
2022;mco;patient;M;19;547;418319;130.8
2022;mco;patient;M;26;466;377523;123.4
2022;mco;patient;M;27;416;368107;113.0
2022;mco;patient;M;31;462;405208;114.0
2022;mco;patient;M;32;458;404401;113.3
2022;mco;patient;M;33;479;410062;116.8
2022;mco;patient;M;36;524;412719;127.0
2022;mco;patient;M;40;524;430094;121.8
2022;mco;patient;M;41;498;438153;113.7
2022;mco;patient;M;43;464;406388;114.2
2022;mco;patient;M;45;488;397278;122.8
2022;mco;patient;M;46;488;409912;119.0
2022;mco;patient;M;51;528;447712;117.9
2022;mco;patient;M;56;419;439496;95.3
2022;mco;patient;M;58;397;432010;91.9
2022;mco;patient;M;59;340;416564;81.6
2022;mco;patient;M;65;236;377862;62.5
2022;mco;patient;M;66;196;369837;53.0
2022;mco;patient;M;68;181;355140;51.0
2022;mco;patient;M;71;140;355450;39.4
2022;mco;patient;M;78;89;203057;43.8
2022;mco;patient;M;81;94;156272;60.2
2022;mco;patient;M;83;93;143986;64.6
2022;mco;patient;M;86;85;108123;78.6
2022;mco;patient;M;92;37;37892;97.6
2022;mco;patient;M;95;46;46935;98.0
2022;mco;sejours;F;9;18;408424;4.4
2022;mco;sejours;F;10;62;410836;15.1
2022;mco;sejours;F;11;259;422112;61.4
2022;mco;sejours;F;16;3309;411761;803.6
2022;mco;sejours;F;18;1912;394527;484.6
2022;mco;sejours;F;20;1647;393791;418.2
2022;mco;sejours;F;21;1404;398972;351.9
2022;mco;sejours;F;29;557;397798;140.0
2022;mco;sejours;F;31;567;417262;135.9
2022;mco;sejours;F;36;595;436130;136.4
2022;mco;sejours;F;40;613;450559;136.1
2022;mco;sejours;F;43;602;420203;143.3
2022;mco;sejours;F;44;655;419671;156.1
2022;mco;sejours;F;49;926;469442;197.3
2022;mco;sejours;F;50;865;467421;185.1
2022;mco;sejours;F;62;444;437446;101.5
2022;mco;sejours;F;63;474;428362;110.7
2022;mco;sejours;F;66;348;419203;83.0
2022;mco;sejours;F;67;323;414728;77.9
2022;mco;sejours;F;68;360;406612;88.5
2022;mco;sejours;F;69;315;412265;76.4
2022;mco;sejours;F;72;302;407494;74.1
2022;mco;sejours;F;75;253;365301;69.3
2022;mco;sejours;F;76;241;273534;88.1
2022;mco;sejours;F;78;200;254591;78.6
2022;mco;sejours;F;82;170;220018;77.3
2022;mco;sejours;F;86;139;183307;75.8
2022;mco;sejours;F;88;121;159123;76.0
2022;mco;sejours;F;95;131;143674;91.2
2022;mco;sejours;M;6;7;404155;1.7
2022;mco;sejours;M;8;22;419898;5.2
2022;mco;sejours;M;13;256;441185;58.0
2022;mco;sejours;M;18;624;420507;148.4
2022;mco;sejours;M;19;645;418319;154.2
2022;mco;sejours;M;21;636;418773;151.9
2022;mco;sejours;M;22;661;394872;167.4
2022;mco;sejours;M;23;578;387358;149.2
2022;mco;sejours;M;24;563;380540;147.9
2022;mco;sejours;M;28;568;370240;153.4
2022;mco;sejours;M;29;555;386841;143.5
2022;mco;sejours;M;33;593;410062;144.6
2022;mco;sejours;M;41;613;438153;139.9
2022;mco;sejours;M;44;548;407919;134.3
2022;mco;sejours;M;49;679;462652;146.8
2022;mco;sejours;M;50;615;457168;134.5
2022;mco;sejours;M;51;624;447712;139.4
2022;mco;sejours;M;54;515;429988;119.8
2022;mco;sejours;M;55;538;439542;122.4
2022;mco;sejours;M;58;450;432010;104.2
2022;mco;sejours;M;62;311;404030;77.0
2022;mco;sejours;M;64;260;385676;67.4
2022;mco;sejours;M;69;198;357272;55.4
2022;mco;sejours;M;70;182;345745;52.6
2022;mco;sejours;M;71;153;355450;43.0
2022;mco;sejours;M;72;154;345398;44.6
2022;mco;sejours;M;73;139;340228;40.9
2022;mco;sejours;M;74;171;327305;52.2
2022;mco;sejours;M;79;100;182743;54.7
2022;mco;sejours;M;81;102;156272;65.3
2022;mco;sejours;M;85;97;122796;79.0
2022;mco;sejours;M;89;86;74331;115.7
2022;mco;sejours;M;91;64;50027;127.9
2022;mco;sejours;M;92;40;37892;105.6
2022;mco;sejours;M;93;32;29395;108.9
2022;psy;patient;F;12;54;1250128;12.9
2022;psy;patient;F;17;488;404378;120.7
2022;psy;patient;F;20;336;393791;85.3
2022;psy;patient;F;24;184;373456;49.3
2022;psy;patient;F;27;118;374742;31.5
2022;psy;patient;F;29;98;397798;24.6
2022;psy;patient;F;30;117;404627;28.9
2022;psy;patient;F;31;97;417262;23.2
2022;psy;patient;F;33;97;429448;22.6
2022;psy;patient;F;34;126;431370;29.2
2022;psy;patient;F;38;105;426661;24.6
2022;psy;patient;F;40;131;450559;29.1
2022;psy;patient;F;46;133;418147;31.8
2022;psy;patient;F;47;115;438414;26.2
2022;psy;patient;F;49;175;469442;37.3
2022;psy;patient;F;50;169;467421;36.2
2022;psy;patient;F;52;145;451711;32.1
2022;psy;patient;F;64;86;425764;20.2
2022;psy;patient;F;65;65;423281;15.4
2022;psy;patient;F;68;67;406612;16.5
2022;psy;patient;F;70;57;399310;14.3
2022;psy;patient;F;71;60;410859;14.6
2022;psy;patient;F;72;56;407494;13.7
2022;psy;patient;F;74;38;389317;9.8
2022;psy;patient;F;81;27;211575;12.8
2022;psy;patient;F;85;23;195497;11.8
2022;psy;patient;F;86;22;183307;12.0
2022;psy;patient;F;90;13;133697;9.7
2022;psy;patient;F;92;8;94463;8.5
2022;psy;patient;F;95;4;143674;2.8
2022;psy;patient;M;12;12;1308685;2.7
2022;psy;patient;M;13;16;441185;3.6
2022;psy;patient;M;15;40;446608;9.0
2022;psy;patient;M;16;96;436078;22.0
2022;psy;patient;M;21;124;418773;29.6
2022;psy;patient;M;22;101;394872;25.6
2022;psy;patient;M;24;70;380540;18.4
2022;psy;patient;M;28;71;370240;19.2
2022;psy;patient;M;29;104;386841;26.9
2022;psy;patient;M;30;99;391496;25.3
2022;psy;patient;M;40;102;430094;23.7
2022;psy;patient;M;41;102;438153;23.3
2022;psy;patient;M;51;118;447712;26.4
2022;psy;patient;M;52;107;438063;24.4
2022;psy;patient;M;60;83;414496;20.0
2022;psy;patient;M;62;51;404030;12.6
2022;psy;patient;M;73;32;340228;9.4
2022;psy;patient;M;78;14;203057;6.9
2022;psy;patient;M;84;8;132736;6.0
2022;psy;patient;M;87;10;98884;10.1
2022;psy;patient;M;93;3;29395;10.2
2022;psy;patient;M;95;4;46935;8.5
2022;psy;sejours;F;12;94;1250128;22.5
2022;psy;sejours;F;14;428;415742;102.9
2022;psy;sejours;F;19;606;394020;153.8
2022;psy;sejours;F;23;293;380008;77.1
2022;psy;sejours;F;28;160;376745;42.5
2022;psy;sejours;F;30;166;404627;41.0
2022;psy;sejours;F;33;147;429448;34.2
2022;psy;sejours;F;37;161;432858;37.2
2022;psy;sejours;F;38;129;426661;30.2
2022;psy;sejours;F;39;123;448391;27.4
2022;psy;sejours;F;41;187;459318;40.7
2022;psy;sejours;F;45;171;406919;42.0
2022;psy;sejours;F;46;176;418147;42.1
2022;psy;sejours;F;48;191;459844;41.5
2022;psy;sejours;F;50;219;467421;46.9
2022;psy;sejours;F;51;248;457624;54.2
2022;psy;sejours;F;53;182;448552;40.6
2022;psy;sejours;F;55;168;456484;36.8
2022;psy;sejours;F;66;106;419203;25.3
2022;psy;sejours;F;67;84;414728;20.3
2022;psy;sejours;F;71;72;410859;17.5
2022;psy;sejours;F;72;72;407494;17.7
2022;psy;sejours;F;74;41;389317;10.5
2022;psy;sejours;F;76;50;273534;18.3
2022;psy;sejours;F;80;36;206484;17.4
2022;psy;sejours;F;81;27;211575;12.8
2022;psy;sejours;F;82;33;220018;15.0
2022;psy;sejours;F;83;33;210443;15.7
2022;psy;sejours;F;85;24;195497;12.3
2022;psy;sejours;F;86;24;183307;13.1
2022;psy;sejours;F;87;22;175986;12.5
2022;psy;sejours;F;90;14;133697;10.5
2022;psy;sejours;F;91;8;116540;6.9
2022;psy;sejours;F;93;3;80049;3.7
2022;psy;sejours;M;18;171;420507;40.7
2022;psy;sejours;M;20;161;417963;38.5
2022;psy;sejours;M;21;159;418773;38.0
2022;psy;sejours;M;22;121;394872;30.6
2022;psy;sejours;M;28;88;370240;23.8
2022;psy;sejours;M;29;128;386841;33.1
2022;psy;sejours;M;32;134;404401;33.1
2022;psy;sejours;M;35;108;413771;26.1
2022;psy;sejours;M;36;95;412719;23.0
2022;psy;sejours;M;37;123;407231;30.2
2022;psy;sejours;M;39;107;428653;25.0
2022;psy;sejours;M;41;139;438153;31.7
2022;psy;sejours;M;50;131;457168;28.7
2022;psy;sejours;M;55;132;439542;30.0
2022;psy;sejours;M;61;88;409498;21.5
2022;psy;sejours;M;62;62;404030;15.3
2022;psy;sejours;M;66;77;369837;20.8
2022;psy;sejours;M;68;43;355140;12.1
2022;psy;sejours;M;72;35;345398;10.1
2022;psy;sejours;M;75;33;303905;10.9
2022;psy;sejours;M;78;17;203057;8.4
2022;psy;sejours;M;81;12;156272;7.7
2022;psy;sejours;M;88;5;83764;6.0
2022;psy;sejours;M;90;5;61857;8.1
2023;mco;patient;F;10;39;410771;9.5
2023;mco;patient;F;18;1693;397907;425.5
2023;mco;patient;F;20;1400;387123;361.6
2023;mco;patient;F;25;698;377817;184.7
2023;mco;patient;F;38;528;436401;121.0
2023;mco;patient;F;40;489;451583;108.3
2023;mco;patient;F;44;541;421978;128.2
2023;mco;patient;F;50;754;469369;160.6
2023;mco;patient;F;51;749;466783;160.5
2023;mco;patient;F;52;673;458354;146.8
2023;mco;patient;F;53;676;451345;149.8
2023;mco;patient;F;54;667;447751;149.0
2023;mco;patient;F;55;599;447086;134.0
2023;mco;patient;F;56;566;456496;124.0
2023;mco;patient;F;57;550;457440;120.2
2023;mco;patient;F;62;399;439580;90.8
2023;mco;patient;F;66;322;420818;76.5
2023;mco;patient;F;68;286;411975;69.4
2023;mco;patient;F;69;286;403118;70.9
2023;mco;patient;F;72;258;405800;63.6
2023;mco;patient;F;73;251;403304;62.2
2023;mco;patient;F;74;199;393009;50.6
2023;mco;patient;F;76;211;358657;58.8
2023;mco;patient;F;77;215;269599;79.7
2023;mco;patient;F;81;180;201559;89.3
2023;mco;patient;F;82;133;205053;64.9
2023;mco;patient;F;83;160;211455;75.7
2023;mco;patient;F;85;156;191569;81.4
2023;mco;patient;F;89;102;147051;69.4
2023;mco;patient;F;92;64;101907;62.8
2023;mco;patient;F;94;38;67271;56.5
2023;mco;patient;M;7;10;406694;2.5
2023;mco;patient;M;11;86;431420;19.9
2023;mco;patient;M;12;140;444215;31.5
2023;mco;patient;M;13;188;438624;42.9
2023;mco;patient;M;14;320;444230;72.0
2023;mco;patient;M;17;493;432799;113.9
2023;mco;patient;M;18;462;426778;108.3
2023;mco;patient;M;19;546;415553;131.4
2023;mco;patient;M;22;536;414862;129.2
2023;mco;patient;M;28;426;373517;114.1
2023;mco;patient;M;29;455;376425;120.9
2023;mco;patient;M;31;485;398142;121.8
2023;mco;patient;M;38;552;411326;134.2
2023;mco;patient;M;42;523;440511;118.7
2023;mco;patient;M;47;490;410534;119.4
2023;mco;patient;M;49;540;450766;119.8
2023;mco;patient;M;57;408;439276;92.9
2023;mco;patient;M;59;338;432491;78.2
2023;mco;patient;M;69;153;350869;43.6
2023;mco;patient;M;71;144;339540;42.4
2023;mco;patient;M;74;167;333433;50.1
2023;mco;patient;M;78;95;206632;46.0
2023;mco;patient;M;84;83;134702;61.6
2023;mco;patient;M;89;82;73492;111.6
2023;mco;sejours;F;8;12;399721;3.0
2023;mco;sejours;F;12;1142;422698;270.2
2023;mco;sejours;F;13;2624;418520;627.0
2023;mco;sejours;F;14;3567;420279;848.7
2023;mco;sejours;F;16;3062;419144;730.5
2023;mco;sejours;F;19;1970;388082;507.6
2023;mco;sejours;F;24;1031;384448;268.2
2023;mco;sejours;F;27;775;384304;201.7
2023;mco;sejours;F;28;600;381040;157.5
2023;mco;sejours;F;31;632;410533;153.9
2023;mco;sejours;F;36;604;439888;137.3
2023;mco;sejours;F;37;625;440681;141.8
2023;mco;sejours;F;39;614;430673;142.6
2023;mco;sejours;F;40;572;451583;126.7
2023;mco;sejours;F;41;700;452368;154.7
2023;mco;sejours;F;47;697;419616;166.1
2023;mco;sejours;F;52;821;458354;179.1
2023;mco;sejours;F;54;785;447751;175.3
2023;mco;sejours;F;56;673;456496;147.4
2023;mco;sejours;F;60;530;441692;120.0
2023;mco;sejours;F;63;405;435062;93.1
2023;mco;sejours;F;67;336;415952;80.8
2023;mco;sejours;F;68;318;411975;77.2
2023;mco;sejours;F;71;294;395368;74.4
2023;mco;sejours;F;73;287;403304;71.2
2023;mco;sejours;F;76;235;358657;65.5
2023;mco;sejours;F;83;173;211455;81.8
2023;mco;sejours;F;90;129;137119;94.1
2023;mco;sejours;F;92;71;101907;69.7
2023;mco;sejours;F;94;43;67271;63.9
2023;mco;sejours;F;95;103;188106;54.8
2023;mco;sejours;M;6;10;394979;2.5
2023;mco;sejours;M;8;21;417959;5.0
2023;mco;sejours;M;10;31;429677;7.2
2023;mco;sejours;M;22;630;414862;151.9
2023;mco;sejours;M;23;648;394374;164.3
2023;mco;sejours;M;24;645;389371;165.7
2023;mco;sejours;M;25;646;382668;168.8
2023;mco;sejours;M;26;568;382781;148.4
2023;mco;sejours;M;33;614;410220;149.7
2023;mco;sejours;M;34;665;414927;160.3
2023;mco;sejours;M;36;703;417920;168.2
2023;mco;sejours;M;42;664;440511;150.7
2023;mco;sejours;M;45;548;410515;133.5
2023;mco;sejours;M;49;660;450766;146.4
2023;mco;sejours;M;51;617;456250;135.2
2023;mco;sejours;M;56;526;439214;119.8
2023;mco;sejours;M;57;451;439276;102.7
2023;mco;sejours;M;58;431;441560;97.6
2023;mco;sejours;M;59;387;432491;89.5
2023;mco;sejours;M;60;394;415490;94.8
2023;mco;sejours;M;63;319;401909;79.4
2023;mco;sejours;M;69;177;350869;50.4
2023;mco;sejours;M;73;165;339199;48.6
2023;mco;sejours;M;76;161;295720;54.4
2023;mco;sejours;M;78;107;206632;51.8
2023;mco;sejours;M;80;101;175312;57.6
2023;mco;sejours;M;81;100;149665;66.8
2023;mco;sejours;M;90;47;64640;72.7
2023;mco;sejours;M;94;27;23012;117.3
2023;psy;patient;F;13;198;418520;47.3
2023;psy;patient;F;16;538;419144;128.4
2023;psy;patient;F;17;494;407612;121.2
2023;psy;patient;F;18;632;397907;158.8
2023;psy;patient;F;20;439;387123;113.4
2023;psy;patient;F;22;320;398633;80.3
2023;psy;patient;F;28;138;381040;36.2
2023;psy;patient;F;39;130;430673;30.2
2023;psy;patient;F;40;130;451583;28.8
2023;psy;patient;F;45;140;421215;33.2
2023;psy;patient;F;48;152;438757;34.6
2023;psy;patient;F;52;193;458354;42.1
2023;psy;patient;F;53;190;451345;42.1
2023;psy;patient;F;54;160;447751;35.7
2023;psy;patient;F;55;149;447086;33.3
2023;psy;patient;F;57;146;457440;31.9
2023;psy;patient;F;64;109;425938;25.6
2023;psy;patient;F;65;84;423752;19.8
2023;psy;patient;F;69;68;403118;16.9
2023;psy;patient;F;72;64;405800;15.8
2023;psy;patient;F;73;57;403304;14.1
2023;psy;patient;F;76;45;358657;12.5
2023;psy;patient;F;77;45;269599;16.7
2023;psy;patient;F;81;38;201559;18.9
2023;psy;patient;F;84;27;201820;13.4
2023;psy;patient;F;91;9;119356;7.5
2023;psy;patient;F;92;8;101907;7.9
2023;psy;patient;M;12;13;1305312;2.9
2023;psy;patient;M;16;92;447086;20.6
2023;psy;patient;M;24;121;389371;31.1
2023;psy;patient;M;27;93;382393;24.3
2023;psy;patient;M;32;90;411705;21.9
2023;psy;patient;M;33;124;410220;30.2
2023;psy;patient;M;35;105;414730;25.3
2023;psy;patient;M;37;99;417869;23.7
2023;psy;patient;M;39;113;406414;27.8
2023;psy;patient;M;41;105;432342;24.3
2023;psy;patient;M;43;93;414889;22.4
2023;psy;patient;M;44;90;407757;22.1
2023;psy;patient;M;50;120;461831;26.0
2023;psy;patient;M;53;119;438330;27.1
2023;psy;patient;M;60;81;415490;19.5
2023;psy;patient;M;64;52;388020;13.4
2023;psy;patient;M;65;54;382195;14.1
2023;psy;patient;M;72;26;349064;7.4
2023;psy;patient;M;73;24;339199;7.1
2023;psy;patient;M;75;26;318982;8.2
2023;psy;patient;M;76;26;295720;8.8
2023;psy;patient;M;90;3;64640;4.6
2023;psy;patient;M;92;4;41304;9.7
2023;psy;sejours;F;13;329;418520;78.6
2023;psy;sejours;F;15;714;417410;171.1
2023;psy;sejours;F;17;809;407612;198.5
2023;psy;sejours;F;18;956;397907;240.3
2023;psy;sejours;F;19;722;388082;186.0
2023;psy;sejours;F;22;440;398633;110.4
2023;psy;sejours;F;25;275;377817;72.8
2023;psy;sejours;F;27;236;384304;61.4
2023;psy;sejours;F;28;199;381040;52.2
2023;psy;sejours;F;30;198;405008;48.9
2023;psy;sejours;F;32;176;425029;41.4
2023;psy;sejours;F;33;184;427891;43.0
2023;psy;sejours;F;38;175;436401;40.1
2023;psy;sejours;F;41;201;452368;44.4
2023;psy;sejours;F;44;135;421978;32.0
2023;psy;sejours;F;46;178;408289;43.6
2023;psy;sejours;F;49;203;461707;44.0
2023;psy;sejours;F;50;213;469369;45.4
2023;psy;sejours;F;52;267;458354;58.3
2023;psy;sejours;F;55;235;447086;52.6
2023;psy;sejours;F;56;215;456496;47.1
2023;psy;sejours;F;60;139;441692;31.5
2023;psy;sejours;F;63;87;435062;20.0
2023;psy;sejours;F;64;133;425938;31.2
2023;psy;sejours;F;65;109;423752;25.7
2023;psy;sejours;F;68;93;411975;22.6
2023;psy;sejours;F;70;94;408192;23.0
2023;psy;sejours;F;72;87;405800;21.4
2023;psy;sejours;F;73;77;403304;19.1
2023;psy;sejours;F;77;52;269599;19.3
2023;psy;sejours;F;83;32;211455;15.1
2023;psy;sejours;F;84;33;201820;16.4
2023;psy;sejours;F;87;24;172606;13.9
2023;psy;sejours;F;93;5;81157;6.2
2023;psy;sejours;M;12;16;1305312;3.6
2023;psy;sejours;M;18;196;426778;45.9
2023;psy;sejours;M;19;134;415553;32.2
2023;psy;sejours;M;20;192;410453;46.8
2023;psy;sejours;M;23;146;394374;37.0
2023;psy;sejours;M;24;149;389371;38.3
2023;psy;sejours;M;25;135;382668;35.3
2023;psy;sejours;M;31;147;398142;36.9
2023;psy;sejours;M;33;150;410220;36.6
2023;psy;sejours;M;34;125;414927;30.1
2023;psy;sejours;M;35;125;414730;30.1
2023;psy;sejours;M;37;128;417869;30.6
2023;psy;sejours;M;42;149;440511;33.8
2023;psy;sejours;M;44;108;407757;26.5
2023;psy;sejours;M;47;136;410534;33.1
2023;psy;sejours;M;48;170;432091;39.3
2023;psy;sejours;M;52;161;448013;35.9
2023;psy;sejours;M;56;148;439214;33.7
2023;psy;sejours;M;57;131;439276;29.8
2023;psy;sejours;M;58;133;441560;30.1
2023;psy;sejours;M;59;118;432491;27.3
2023;psy;sejours;M;60;104;415490;25.0
2023;psy;sejours;M;63;62;401909;15.4
2023;psy;sejours;M;71;36;339540;10.6
2023;psy;sejours;M;72;32;349064;9.2
2023;psy;sejours;M;76;26;295720;8.8
2023;psy;sejours;M;79;17;196377;8.7
2023;psy;sejours;M;81;14;149665;9.4
2023;psy;sejours;M;82;13;148728;8.7
2023;psy;sejours;M;84;17;134702;12.6
2023;psy;sejours;M;85;14;122631;11.4
2023;psy;sejours;M;86;18;112685;16.0
2023;psy;sejours;M;88;7;89093;7.9
2023;psy;sejours;M;92;4;41304;9.7
2023;psy;sejours;M;95;3;48213;6.2
2024;mco;patient;F;6;4;366920;1.1
2024;mco;patient;F;8;6;390281;1.5
2024;mco;patient;F;10;30;405876;7.4
2024;mco;patient;F;15;3495;422962;826.3
2024;mco;patient;F;16;2900;416557;696.2
2024;mco;patient;F;21;1316;383653;343.0
2024;mco;patient;F;23;1036;400244;258.8
2024;mco;patient;F;24;875;384477;227.6
2024;mco;patient;F;29;588;388135;151.5
2024;mco;patient;F;33;483;430191;112.3
2024;mco;patient;F;35;517;437575;118.2
2024;mco;patient;F;37;569;444762;127.9
2024;mco;patient;F;43;559;462310;120.9
2024;mco;patient;F;44;566;433921;130.4
2024;mco;patient;F;46;584;421985;138.4
2024;mco;patient;F;48;553;419103;131.9
2024;mco;patient;F;49;643;439418;146.3
2024;mco;patient;F;53;711;458583;155.0
2024;mco;patient;F;55;591;447612;132.0
2024;mco;patient;F;58;500;456672;109.5
2024;mco;patient;F;59;465;462595;100.5
2024;mco;patient;F;61;438;440329;99.5
2024;mco;patient;F;66;308;421047;73.2
2024;mco;patient;F;72;238;392062;60.7
2024;mco;patient;F;74;246;398806;61.7
2024;mco;patient;F;75;281;387633;72.5
2024;mco;patient;F;77;231;352037;65.6
2024;mco;patient;F;80;172;243245;70.7
2024;mco;patient;F;82;170;195086;87.1
2024;mco;patient;F;85;136;191323;71.1
2024;mco;patient;F;91;71;122192;58.1
2024;mco;patient;F;92;66;104595;63.1
2024;mco;patient;F;95;93;195195;47.6
2024;mco;patient;M;9;33;420399;7.8
2024;mco;patient;M;11;76;432658;17.6
2024;mco;patient;M;13;223;446651;49.9
2024;mco;patient;M;14;327;442437;73.9
2024;mco;patient;M;21;585;404024;144.8
2024;mco;patient;M;22;590;407593;144.8
2024;mco;patient;M;24;594;394494;150.6
2024;mco;patient;M;26;525;384876;136.4
2024;mco;patient;M;29;479;379007;126.4
2024;mco;patient;M;32;477;404362;118.0
2024;mco;patient;M;33;521;416578;125.1
2024;mco;patient;M;36;521;418584;124.5
2024;mco;patient;M;39;557;414138;134.5
2024;mco;patient;M;43;553;442512;125.0
2024;mco;patient;M;45;496;409295;121.2
2024;mco;patient;M;47;492;399395;123.2
2024;mco;patient;M;51;529;461220;114.7
2024;mco;patient;M;55;446;430240;103.7
2024;mco;patient;M;56;412;430295;95.7
2024;mco;patient;M;57;431;438748;98.2
2024;mco;patient;M;59;339;440290;77.0
2024;mco;patient;M;60;354;430426;82.2
2024;mco;patient;M;61;298;412892;72.2
2024;mco;patient;M;63;231;404277;57.1
2024;mco;patient;M;66;210;377054;55.7
2024;mco;patient;M;67;213;369095;57.7
2024;mco;patient;M;68;177;360848;49.1
2024;mco;patient;M;70;160;344918;46.4
2024;mco;patient;M;73;149;341740;43.6
2024;mco;patient;M;74;135;332040;40.7
2024;mco;patient;M;75;142;324927;43.7
2024;mco;patient;M;78;113;210435;53.7
2024;mco;patient;M;82;77;142111;54.2
2024;mco;patient;M;84;58;136267;42.6
2024;mco;patient;M;85;85;124531;68.3
2024;mco;patient;M;86;70;112528;62.2
2024;mco;patient;M;91;47;55089;85.3
2024;mco;patient;M;92;40;43937;91.0
2024;mco;patient;M;94;25;24029;104.0
2024;mco;sejours;F;7;4;378663;1.1
2024;mco;sejours;F;8;6;390281;1.5
2024;mco;sejours;F;12;1376;414845;331.7
2024;mco;sejours;F;14;4568;420505;1086.3
2024;mco;sejours;F;15;4611;422962;1090.2
2024;mco;sejours;F;21;1685;383653;439.2
2024;mco;sejours;F;26;797;382862;208.2
2024;mco;sejours;F;29;732;388135;188.6
2024;mco;sejours;F;31;650;410812;158.2
2024;mco;sejours;F;33;578;430191;134.4
2024;mco;sejours;F;34;580;432209;134.2
2024;mco;sejours;F;35;623;437575;142.4
2024;mco;sejours;F;41;627;453882;138.1
2024;mco;sejours;F;43;698;462310;151.0
2024;mco;sejours;F;44;669;433921;154.2
2024;mco;sejours;F;46;708;421985;167.8
2024;mco;sejours;F;48;654;419103;156.0
2024;mco;sejours;F;50;787;461512;170.5
2024;mco;sejours;F;51;848;468745;180.9
2024;mco;sejours;F;55;690;447612;154.2
2024;mco;sejours;F;57;627;455759;137.6
2024;mco;sejours;F;60;493;457581;107.7
2024;mco;sejours;F;62;446;438666;101.7
2024;mco;sejours;F;69;317;408154;77.7
2024;mco;sejours;F;70;302;399567;75.6
2024;mco;sejours;F;73;322;401168;80.3
2024;mco;sejours;F;74;286;398806;71.7
2024;mco;sejours;F;75;312;387633;80.5
2024;mco;sejours;F;84;164;202532;81.0
2024;mco;sejours;F;86;139;180849;76.9
2024;mco;sejours;F;92;73;104595;69.8
2024;mco;sejours;F;93;77;87219;88.3
2024;mco;sejours;F;94;43;67833;63.4
2024;mco;sejours;M;6;10;388010;2.6
2024;mco;sejours;M;8;12;409601;2.9
2024;mco;sejours;M;11;86;432658;19.9
2024;mco;sejours;M;16;722;442077;163.3
2024;mco;sejours;M;17;778;445666;174.6
2024;mco;sejours;M;18;661;427376;154.7
2024;mco;sejours;M;19;731;419578;174.2
2024;mco;sejours;M;21;736;404024;182.2
2024;mco;sejours;M;25;626;391082;160.1
2024;mco;sejours;M;27;642;386994;165.9
2024;mco;sejours;M;28;594;386787;153.6
2024;mco;sejours;M;29;588;379007;155.1
2024;mco;sejours;M;35;651;420091;155.0
2024;mco;sejours;M;36;657;418584;157.0
2024;mco;sejours;M;37;676;422363;160.1
2024;mco;sejours;M;39;679;414138;164.0
2024;mco;sejours;M;44;645;416473;154.9
2024;mco;sejours;M;45;620;409295;151.5
2024;mco;sejours;M;49;556;431663;128.8
2024;mco;sejours;M;52;621;455510;136.3
2024;mco;sejours;M;58;460;437507;105.1
2024;mco;sejours;M;64;313;398428;78.6
2024;mco;sejours;M;66;234;377054;62.1
2024;mco;sejours;M;68;208;360848;57.6
2024;mco;sejours;M;71;170;345430;49.2
2024;mco;sejours;M;77;160;286812;55.8
2024;mco;sejours;M;78;126;210435;59.9
2024;mco;sejours;M;79;88;199043;44.2
2024;mco;sejours;M;85;91;124531;73.1
2024;mco;sejours;M;87;88;102382;86.0
2024;mco;sejours;M;92;44;43937;100.1
2024;psy;patient;F;12;108;1233763;26.0
2024;psy;patient;F;16;597;416557;143.3
2024;psy;patient;F;20;408;381409;107.0
2024;psy;patient;F;22;306;389490;78.6
2024;psy;patient;F;24;229;384477;59.6
2024;psy;patient;F;26;206;382862;53.8
2024;psy;patient;F;28;135;390110;34.6
2024;psy;patient;F;29;146;388135;37.6
2024;psy;patient;F;30;109;391708;27.8
2024;psy;patient;F;31;110;410812;26.8
2024;psy;patient;F;34;114;432209;26.4
2024;psy;patient;F;39;141;439011;32.1
2024;psy;patient;F;44;138;433921;31.8
2024;psy;patient;F;46;145;421985;34.4
2024;psy;patient;F;48;145;419103;34.6
2024;psy;patient;F;51;187;468745;39.9
2024;psy;patient;F;56;163;446176;36.5
2024;psy;patient;F;58;152;456672;33.3
2024;psy;patient;F;59;122;462595;26.4
2024;psy;patient;F;61;121;440329;27.5
2024;psy;patient;F;62;98;438666;22.3
2024;psy;patient;F;63;109;436809;25.0
2024;psy;patient;F;69;66;408154;16.2
2024;psy;patient;F;71;80;404927;19.8
2024;psy;patient;F;73;59;401168;14.7
2024;psy;patient;F;74;62;398806;15.5
2024;psy;patient;F;78;46;264086;17.4
2024;psy;patient;F;80;27;243245;11.1
2024;psy;patient;F;81;35;222520;15.7
2024;psy;patient;F;82;33;195086;16.9
2024;psy;patient;F;83;27;197137;13.7
2024;psy;patient;F;84;18;202532;8.9
2024;psy;patient;F;86;13;180849;7.2
2024;psy;patient;F;87;24;174783;13.7
2024;psy;patient;M;13;25;446651;5.6
2024;psy;patient;M;15;63;449253;14.0
2024;psy;patient;M;17;111;445666;24.9
2024;psy;patient;M;24;125;394494;31.7
2024;psy;patient;M;26;90;384876;23.4
2024;psy;patient;M;27;100;386994;25.8
2024;psy;patient;M;32;96;404362;23.7
2024;psy;patient;M;33;100;416578;24.0
2024;psy;patient;M;34;120;415199;28.9
2024;psy;patient;M;51;132;461220;28.6
2024;psy;patient;M;55;123;430240;28.6
2024;psy;patient;M;56;87;430295;20.2
2024;psy;patient;M;64;56;398428;14.1
2024;psy;patient;M;71;31;345430;9.0
2024;psy;patient;M;74;31;332040;9.3
2024;psy;patient;M;75;31;324927;9.5
2024;psy;patient;M;81;12;167088;7.2
2024;psy;patient;M;83;10;140044;7.1
2024;psy;patient;M;85;13;124531;10.4
2024;psy;patient;M;92;2;43937;4.6
2024;psy;patient;M;94;3;24029;12.5
2024;psy;sejours;F;12;201;1233763;48.5
2024;psy;sejours;F;14;639;420505;152.0
2024;psy;sejours;F;18;972;400059;243.0
2024;psy;sejours;F;19;837;390290;214.5
2024;psy;sejours;F;20;627;381409;164.4
2024;psy;sejours;F;26;330;382862;86.2
2024;psy;sejours;F;27;265;388810;68.2
2024;psy;sejours;F;28;187;390110;47.9
2024;psy;sejours;F;30;167;391708;42.6
2024;psy;sejours;F;32;158;417443;37.8
2024;psy;sejours;F;33;192;430191;44.6
2024;psy;sejours;F;36;169;439085;38.5
2024;psy;sejours;F;38;184;443600;41.5
2024;psy;sejours;F;49;206;439418;46.9
2024;psy;sejours;F;51;245;468745;52.3
2024;psy;sejours;F;54;249;450605;55.3
2024;psy;sejours;F;56;212;446176;47.5
2024;psy;sejours;F;57;181;455759;39.7
2024;psy;sejours;F;63;144;436809;33.0
2024;psy;sejours;F;66;117;421047;27.8
2024;psy;sejours;F;69;95;408154;23.3
2024;psy;sejours;F;70;82;399567;20.5
2024;psy;sejours;F;72;84;392062;21.4
2024;psy;sejours;F;73;78;401168;19.4
2024;psy;sejours;F;74;77;398806;19.3
2024;psy;sejours;F;76;62;377867;16.4
2024;psy;sejours;F;78;52;264086;19.7
2024;psy;sejours;F;81;41;222520;18.4
2024;psy;sejours;F;87;26;174783;14.9
2024;psy;sejours;F;93;6;87219;6.9
2024;psy;sejours;M;17;166;445666;37.2
2024;psy;sejours;M;18;230;427376;53.8
2024;psy;sejours;M;20;171;406151;42.1
2024;psy;sejours;M;22;157;407593;38.5
2024;psy;sejours;M;28;150;386787;38.8
2024;psy;sejours;M;31;170;398692;42.6
2024;psy;sejours;M;34;151;415199;36.4
2024;psy;sejours;M;36;119;418584;28.4
2024;psy;sejours;M;39;147;414138;35.5
2024;psy;sejours;M;40;125;408351;30.6
2024;psy;sejours;M;45;128;409295;31.3
2024;psy;sejours;M;48;143;411029;34.8
2024;psy;sejours;M;50;145;450074;32.2
2024;psy;sejours;M;51;171;461220;37.1
2024;psy;sejours;M;52;142;455510;31.2
2024;psy;sejours;M;54;141;437715;32.2
2024;psy;sejours;M;57;109;438748;24.8
2024;psy;sejours;M;58;106;437507;24.2
2024;psy;sejours;M;59;106;440290;24.1
2024;psy;sejours;M;61;79;412892;19.1
2024;psy;sejours;M;62;98;410340;23.9
2024;psy;sejours;M;63;68;404277;16.8
2024;psy;sejours;M;64;69;398428;17.3
2024;psy;sejours;M;65;68;383770;17.7
2024;psy;sejours;M;67;108;369095;29.3
2024;psy;sejours;M;76;43;310123;13.9
2024;psy;sejours;M;77;33;286812;11.5
2024;psy;sejours;M;79;20;199043;10.0
2024;psy;sejours;M;81;14;167088;8.4
2024;psy;sejours;M;82;12;142111;8.4
2024;psy;sejours;M;84;15;136267;11.0
2024;psy;sejours;M;85;14;124531;11.2
2024;psy;sejours;M;86;17;112528;15.1
2024;psy;sejours;M;89;12;78574;15.3
2024;psy;sejours;M;91;6;55089;10.9
2025;mco;patient;F;7;7;369733;1.9
2025;mco;patient;F;8;8;381201;2.1
2025;mco;patient;F;13;2364;416809;567.2
2025;mco;patient;F;14;3515;426632;823.9
2025;mco;patient;F;18;1883;408032;461.5
2025;mco;patient;F;20;1598;383575;416.6
2025;mco;patient;F;22;1217;382414;318.2
2025;mco;patient;F;24;1002;403341;248.4
2025;mco;patient;F;26;782;392319;199.3
2025;mco;patient;F;28;622;394634;157.6
2025;mco;patient;F;29;570;397174;143.5
2025;mco;patient;F;30;543;395007;137.5
2025;mco;patient;F;31;515;397521;129.6
2025;mco;patient;F;32;481;417745;115.1
2025;mco;patient;F;35;531;435815;121.8
2025;mco;patient;F;42;580;454784;127.5
2025;mco;patient;F;43;612;454820;134.6
2025;mco;patient;F;45;574;434851;132.0
2025;mco;patient;F;51;720;460892;156.2
2025;mco;patient;F;56;545;446847;122.0
2025;mco;patient;F;57;533;445430;119.7
2025;mco;patient;F;59;488;456558;106.9
2025;mco;patient;F;60;429;460835;93.1
2025;mco;patient;F;69;292;408908;71.4
2025;mco;patient;F;72;254;401502;63.3
2025;mco;patient;F;83;162;187712;86.3
2025;mco;patient;F;84;146;189050;77.2
2025;mco;patient;F;85;133;192127;69.2
2025;mco;patient;F;86;138;180824;76.3
2025;mco;patient;F;87;131;169985;77.1
2025;mco;patient;F;88;129;162082;79.6
2025;mco;patient;F;91;77;118237;65.1
2025;mco;patient;M;16;651;450530;144.5
2025;mco;patient;M;17;650;440676;147.5
2025;mco;patient;M;18;625;440175;142.0
2025;mco;patient;M;20;617;410170;150.4
2025;mco;patient;M;21;614;399716;153.6
2025;mco;patient;M;22;602;399695;150.6
2025;mco;patient;M;23;643;405078;158.7
2025;mco;patient;M;29;536;392236;136.7
2025;mco;patient;M;33;487;409280;119.0
2025;mco;patient;M;36;551;423913;130.0
2025;mco;patient;M;42;527;434761;121.2
2025;mco;patient;M;44;542;444050;122.1
2025;mco;patient;M;46;468;410450;114.0
2025;mco;patient;M;48;490;399847;122.5
2025;mco;patient;M;49;461;410710;112.2
2025;mco;patient;M;50;473;431020;109.7
2025;mco;patient;M;53;504;454901;110.8
2025;mco;patient;M;55;455;436848;104.2
2025;mco;patient;M;57;423;429819;98.4
2025;mco;patient;M;58;393;436986;89.9
2025;mco;patient;M;61;321;427827;75.0
2025;mco;patient;M;64;242;400828;60.4
2025;mco;patient;M;65;226;394088;57.3
2025;mco;patient;M;70;174;351367;49.5
2025;mco;patient;M;73;162;326398;49.6
2025;mco;patient;M;78;125;277676;45.0
2025;mco;patient;M;82;98;158633;61.8
2025;mco;patient;M;83;96;134144;71.6
2025;mco;patient;M;84;77;131028;58.8
2025;mco;patient;M;89;56;77950;71.8
2025;mco;patient;M;90;68;68366;99.5
2025;mco;patient;M;92;49;46126;106.2
2025;mco;patient;M;93;35;36097;97.0
2025;mco;patient;M;94;27;26622;101.4
2025;mco;patient;M;95;65;54360;119.6
2025;mco;sejours;F;11;346;408141;84.8
2025;mco;sejours;F;17;3231;412999;782.3
2025;mco;sejours;F;22;1660;382414;434.1
2025;mco;sejours;F;23;1430;391106;365.6
2025;mco;sejours;F;24;1299;403341;322.1
2025;mco;sejours;F;25;1077;387294;278.1
2025;mco;sejours;F;27;859;388745;221.0
2025;mco;sejours;F;34;631;434488;145.2
2025;mco;sejours;F;35;658;435815;151.0
2025;mco;sejours;F;38;649;447707;145.0
2025;mco;sejours;F;40;686;441706;155.3
2025;mco;sejours;F;42;713;454784;156.8
2025;mco;sejours;F;50;713;439307;162.3
2025;mco;sejours;F;52;813;468364;173.6
2025;mco;sejours;F;53;809;466761;173.3
2025;mco;sejours;F;55;696;450495;154.5
2025;mco;sejours;F;58;563;454971;123.7
2025;mco;sejours;F;61;538;456131;117.9
2025;mco;sejours;F;65;405;430264;94.1
2025;mco;sejours;F;67;356;418273;85.1
2025;mco;sejours;F;69;341;408908;83.4
2025;mco;sejours;F;73;250;387584;64.5
2025;mco;sejours;F;74;264;396634;66.6
2025;mco;sejours;F;79;217;258708;83.9
2025;mco;sejours;F;80;169;247391;68.3
2025;mco;sejours;F;84;160;189050;84.6
2025;mco;sejours;F;86;153;180824;84.6
2025;mco;sejours;F;93;72;90108;79.9
2025;mco;sejours;M;11;117;426334;27.4
2025;mco;sejours;M;12;204;434966;46.9
2025;mco;sejours;M;18;784;440175;178.1
2025;mco;sejours;M;19;798;420144;189.9
2025;mco;sejours;M;21;742;399716;185.6
2025;mco;sejours;M;26;746;393276;189.7
2025;mco;sejours;M;27;615;389075;158.1
2025;mco;sejours;M;28;695;391363;177.6
2025;mco;sejours;M;32;667;404937;164.7
2025;mco;sejours;M;36;680;423913;160.4
2025;mco;sejours;M;38;662;425807;155.5
2025;mco;sejours;M;40;708;416093;170.2
2025;mco;sejours;M;43;725;435557;166.5
2025;mco;sejours;M;44;672;444050;151.3
2025;mco;sejours;M;51;549;449567;122.1
2025;mco;sejours;M;54;616;446803;137.9
2025;mco;sejours;M;58;472;436986;108.0
2025;mco;sejours;M;59;458;436280;105.0
2025;mco;sejours;M;61;368;427827;86.0
2025;mco;sejours;M;63;297;407401;72.9
2025;mco;sejours;M;68;220;363605;60.5
2025;mco;sejours;M;79;129;203032;63.5
2025;mco;sejours;M;80;109;190928;57.1
2025;mco;sejours;M;82;106;158633;66.8
2025;psy;patient;F;16;552;422094;130.8
2025;psy;patient;F;24;290;403341;71.9
2025;psy;patient;F;25;231;387294;59.6
2025;psy;patient;F;28;148;394634;37.5
2025;psy;patient;F;29;144;397174;36.3
2025;psy;patient;F;31;122;397521;30.7
2025;psy;patient;F;35;124;435815;28.5
2025;psy;patient;F;36;127;441124;28.8
2025;psy;patient;F;37;139;443960;31.3
2025;psy;patient;F;42;120;454784;26.4
2025;psy;patient;F;43;127;454820;27.9
2025;psy;patient;F;45;118;434851;27.1
2025;psy;patient;F;46;113;423676;26.7
2025;psy;patient;F;48;125;408246;30.6
2025;psy;patient;F;50;134;439307;30.5
2025;psy;patient;F;59;123;456558;26.9
2025;psy;patient;F;60;122;460835;26.5
2025;psy;patient;F;61;103;456131;22.6
2025;psy;patient;F;64;71;434269;16.3
2025;psy;patient;F;66;67;420998;15.9
2025;psy;patient;F;67;72;418273;17.2
2025;psy;patient;F;71;71;396415;17.9
2025;psy;patient;F;73;62;387584;16.0
2025;psy;patient;F;76;50;381031;13.1
2025;psy;patient;F;79;43;258708;16.6
2025;psy;patient;F;84;22;189050;11.6
2025;psy;patient;F;88;14;162082;8.6
2025;psy;patient;F;90;12;135948;8.8
2025;psy;patient;F;92;5;107286;4.7
2025;psy;patient;F;93;7;90108;7.8
2025;psy;patient;M;12;29;1283913;6.7
2025;psy;patient;M;14;39;450445;8.7
2025;psy;patient;M;19;134;420144;31.9
2025;psy;patient;M;21;112;399716;28.0
2025;psy;patient;M;24;108;412465;26.2
2025;psy;patient;M;27;114;389075;29.3
2025;psy;patient;M;29;97;392236;24.7
2025;psy;patient;M;31;116;387523;29.9
2025;psy;patient;M;36;99;423913;23.4
2025;psy;patient;M;39;100;424167;23.6
2025;psy;patient;M;42;84;434761;19.3
2025;psy;patient;M;51;112;449567;24.9
2025;psy;patient;M;52;105;460442;22.8
2025;psy;patient;M;53;94;454901;20.7
2025;psy;patient;M;61;73;427827;17.1
2025;psy;patient;M;64;63;400828;15.7
2025;psy;patient;M;65;41;394088;10.4
2025;psy;patient;M;66;40;378773;10.6
2025;psy;patient;M;68;33;363605;9.1
2025;psy;patient;M;71;30;338730;8.9
2025;psy;patient;M;73;29;326398;8.9
2025;psy;patient;M;78;25;277676;9.0
2025;psy;patient;M;79;13;203032;6.4
2025;psy;patient;M;83;15;134144;11.2
2025;psy;patient;M;84;3;131028;2.3
2025;psy;patient;M;87;8;102620;7.8
2025;psy;patient;M;89;4;77950;5.1
2025;psy;patient;M;90;3;68366;4.4
2025;psy;patient;M;91;10;54354;18.4
2025;psy;patient;M;94;3;26622;11.3
2025;psy;sejours;F;12;156;1228783;37.6
2025;psy;sejours;F;13;408;416809;97.9
2025;psy;sejours;F;14;596;426632;139.7
2025;psy;sejours;F;15;783;423150;185.0
2025;psy;sejours;F;21;500;377934;132.3
2025;psy;sejours;F;26;280;392319;71.4
2025;psy;sejours;F;27;287;388745;73.8
2025;psy;sejours;F;28;214;394634;54.2
2025;psy;sejours;F;31;190;397521;47.8
2025;psy;sejours;F;40;168;441706;38.0
2025;psy;sejours;F;42;180;454784;39.6
2025;psy;sejours;F;45;159;434851;36.6
2025;psy;sejours;F;47;162;422437;38.3
2025;psy;sejours;F;48;164;408246;40.2
2025;psy;sejours;F;55;225;450495;49.9
2025;psy;sejours;F;58;176;454971;38.7
2025;psy;sejours;F;60;157;460835;34.1
2025;psy;sejours;F;61;129;456131;28.3
2025;psy;sejours;F;64;81;434269;18.7
2025;psy;sejours;F;69;86;408908;21.0
2025;psy;sejours;F;70;85;404659;21.0
2025;psy;sejours;F;71;87;396415;21.9
2025;psy;sejours;F;73;76;387584;19.6
2025;psy;sejours;F;76;63;381031;16.5
2025;psy;sejours;F;79;48;258708;18.6
2025;psy;sejours;F;88;14;162082;8.6
2025;psy;sejours;F;89;18;146979;12.2
2025;psy;sejours;M;16;163;450530;36.2
2025;psy;sejours;M;17;190;440676;43.1
2025;psy;sejours;M;18;214;440175;48.6
2025;psy;sejours;M;23;163;405078;40.2
2025;psy;sejours;M;24;154;412465;37.3
2025;psy;sejours;M;26;126;393276;32.0
2025;psy;sejours;M;27;131;389075;33.7
2025;psy;sejours;M;28;139;391363;35.5
2025;psy;sejours;M;30;121;384550;31.5
2025;psy;sejours;M;41;114;410614;27.8
2025;psy;sejours;M;44;163;444050;36.7
2025;psy;sejours;M;47;125;412391;30.3
2025;psy;sejours;M;48;141;399847;35.3
2025;psy;sejours;M;51;142;449567;31.6
2025;psy;sejours;M;63;91;407401;22.3
2025;psy;sejours;M;65;51;394088;12.9
2025;psy;sejours;M;66;52;378773;13.7
2025;psy;sejours;M;67;59;372827;15.8
2025;psy;sejours;M;72;40;339248;11.8
2025;psy;sejours;M;74;37;334388;11.1
2025;psy;sejours;M;76;37;316117;11.7
2025;psy;sejours;M;81;20;179527;11.1
2025;psy;sejours;M;85;10;126042;7.9
2025;psy;sejours;M;87;10;102620;9.7
2025;psy;sejours;M;89;5;77950;6.4
2025;psy;sejours;M;91;11;54354;20.2
2025;psy;sejours;M;92;6;46126;13.0
2012;mco;patient;F;8;12;392809;3.1
2012;mco;patient;F;9;15;394996;3.8
2012;mco;patient;F;13;902;389501;231.6
2012;mco;patient;F;16;1578;387435;407.3
2012;mco;patient;F;19;1049;388910;269.7
2012;mco;patient;F;22;848;396284;214.0
2012;mco;patient;F;24;772;394466;195.7
2012;mco;patient;F;27;670;398857;168.0
2012;mco;patient;F;30;686;423443;162.0
2012;mco;patient;F;31;655;429305;152.6
2012;mco;patient;F;32;630;406816;154.9
2012;mco;patient;F;33;625;399124;156.6
2012;mco;patient;F;40;1080;465501;232.0
2012;mco;patient;F;44;1200;449108;267.2
2012;mco;patient;F;46;1177;462235;254.6
2012;mco;patient;F;48;1212;464980;260.7
2012;mco;patient;F;49;1168;450596;259.2
2012;mco;patient;F;53;933;437611;213.2
2012;mco;patient;F;64;403;418044;96.4
2012;mco;patient;F;67;247;297611;83.0
2012;mco;patient;F;69;245;268207;91.3
2012;mco;patient;F;70;218;242046;90.1
2012;mco;patient;F;72;212;267447;79.3
2012;mco;patient;F;76;196;260446;75.3
2012;mco;patient;F;77;202;263239;76.7
2012;mco;patient;F;83;141;213941;65.9
2012;mco;patient;F;86;133;176959;75.2
2012;mco;patient;F;89;75;129129;58.1
2012;mco;patient;F;94;20;27232;73.4
2012;mco;patient;F;95;59;101051;58.4
2012;mco;patient;M;6;6;413727;1.5
2012;mco;patient;M;12;119;411475;28.9
2012;mco;patient;M;14;305;403842;75.5
2012;mco;patient;M;16;478;405107;118.0
2012;mco;patient;M;34;584;395513;147.7
2012;mco;patient;M;40;868;460633;188.4
2012;mco;patient;M;42;799;444233;179.9
2012;mco;patient;M;43;772;440434;175.3
2012;mco;patient;M;44;774;439319;176.2
2012;mco;patient;M;47;742;454308;163.3
2012;mco;patient;M;48;722;449733;160.5
2012;mco;patient;M;49;689;434784;158.5
2012;mco;patient;M;52;609;427560;142.4
2012;mco;patient;M;57;382;407089;93.8
2012;mco;patient;M;59;307;402762;76.2
2012;mco;patient;M;63;238;399951;59.5
2012;mco;patient;M;64;181;388364;46.6
2012;mco;patient;M;67;125;267623;46.7
2012;mco;patient;M;68;123;259471;47.4
2012;mco;patient;M;75;101;205592;49.1
2012;mco;patient;M;76;85;196306;43.3
2012;mco;patient;M;80;93;165413;56.2
2012;mco;patient;M;82;86;138278;62.2
2012;mco;patient;M;84;96;112703;85.2
2012;mco;patient;M;89;58;54694;106.0
2012;mco;patient;M;90;49;46691;104.9
2012;mco;patient;M;95;23;22714;101.3
2012;mco;sejours;F;9;17;394996;4.3
2012;mco;sejours;F;10;32;401910;8.0
2012;mco;sejours;F;19;1191;388910;306.2
2012;mco;sejours;F;20;1108;392481;282.3
2012;mco;sejours;F;23;906;398174;227.5
2012;mco;sejours;F;26;808;398609;202.7
2012;mco;sejours;F;28;744;391242;190.2
2012;mco;sejours;F;30;810;423443;191.3
2012;mco;sejours;F;36;874;406592;215.0
2012;mco;sejours;F;38;1055;457211;230.7
2012;mco;sejours;F;40;1297;465501;278.6
2012;mco;sejours;F;43;1409;452606;311.3
2012;mco;sejours;F;44;1425;449108;317.3
2012;mco;sejours;F;47;1442;470242;306.7
2012;mco;sejours;F;52;1119;447729;249.9
2012;mco;sejours;F;53;1094;437611;250.0
2012;mco;sejours;F;64;446;418044;106.7
2012;mco;sejours;F;70;238;242046;98.3
2012;mco;sejours;F;71;221;253841;87.1
2012;mco;sejours;F;76;210;260446;80.6
2012;mco;sejours;F;81;191;245542;77.8
2012;mco;sejours;F;83;150;213941;70.1
2012;mco;sejours;F;86;139;176959;78.5
2012;mco;sejours;F;93;26;36765;70.7
2012;mco;sejours;F;95;61;101051;60.4
2012;mco;sejours;M;7;9;411850;2.2
2012;mco;sejours;M;8;19;410664;4.6
2012;mco;sejours;M;17;568;394247;144.1
2012;mco;sejours;M;23;711;397426;178.9
2012;mco;sejours;M;24;654;393332;166.3
2012;mco;sejours;M;26;667;390574;170.8
2012;mco;sejours;M;30;780;408361;191.0
2012;mco;sejours;M;32;775;394801;196.3
2012;mco;sejours;M;35;761;386783;196.8
2012;mco;sejours;M;40;1040;460633;225.8
2012;mco;sejours;M;41;1082;453084;238.8
2012;mco;sejours;M;44;915;439319;208.3
2012;mco;sejours;M;45;947;449715;210.6
2012;mco;sejours;M;46;911;451383;201.8
2012;mco;sejours;M;47;919;454308;202.3
2012;mco;sejours;M;50;790;432791;182.5
2012;mco;sejours;M;52;704;427560;164.7
2012;mco;sejours;M;55;544;411138;132.3
2012;mco;sejours;M;62;264;399024;66.2
2012;mco;sejours;M;63;275;399951;68.8
2012;mco;sejours;M;71;90;218216;41.2
2012;mco;sejours;M;72;102;223728;45.6
2012;mco;sejours;M;73;112;217219;51.6
2012;mco;sejours;M;76;97;196306;49.4
2012;mco;sejours;M;79;100;178373;56.1
2012;mco;sejours;M;82;94;138278;68.0
2012;mco;sejours;M;85;91;100824;90.3
2012;mco;sejours;M;87;80;75763;105.6
2012;mco;sejours;M;90;52;46691;111.4
2012;mco;sejours;M;93;17;12047;141.1
2012;mco;sejours;M;94;7;7800;89.7
2012;mco;sejours;M;95;26;22714;114.5
2012;psy;patient;F;25;95;400773;23.7
2012;psy;patient;F;26;87;398609;21.8
2012;psy;patient;F;27;86;398857;21.6
2012;psy;patient;F;28;90;391242;23.0
2012;psy;patient;F;29;90;418077;21.5
2012;psy;patient;F;31;96;429305;22.4
2012;psy;patient;F;34;88;403653;21.8
2012;psy;patient;F;43;174;452606;38.4
2012;psy;patient;F;45;179;461168;38.8
2012;psy;patient;F;52;148;447729;33.1
2012;psy;patient;F;53;151;437611;34.5
2012;psy;patient;F;57;105;431998;24.3
2012;psy;patient;F;60;73;420647;17.4
2012;psy;patient;F;67;42;297611;14.1
2012;psy;patient;F;75;37;263483;14.0
2012;psy;patient;F;78;26;253647;10.3
2012;psy;patient;F;80;28;248861;11.3
2012;psy;patient;F;83;19;213941;8.9
2012;psy;patient;F;89;11;129129;8.5
2012;psy;patient;F;93;2;36765;5.4
2012;psy;patient;F;94;2;27232;7.3
2012;psy;patient;M;12;12;1262619;2.9
2012;psy;patient;M;14;11;403842;2.7
2012;psy;patient;M;22;82;401128;20.4
2012;psy;patient;M;23;71;397426;17.9
2012;psy;patient;M;24;78;393332;19.8
2012;psy;patient;M;32;93;394801;23.6
2012;psy;patient;M;38;106;449658;23.6
2012;psy;patient;M;40;130;460633;28.2
2012;psy;patient;M;41;139;453084;30.7
2012;psy;patient;M;43;111;440434;25.2
2012;psy;patient;M;46;124;451383;27.5
2012;psy;patient;M;47;122;454308;26.9
2012;psy;patient;M;50;104;432791;24.0
2012;psy;patient;M;51;119;431526;27.6
2012;psy;patient;M;54;84;415633;20.2
2012;psy;patient;M;56;81;405376;20.0
2012;psy;patient;M;66;21;276479;7.6
2012;psy;patient;M;70;13;211153;6.2
2012;psy;patient;M;75;9;205592;4.4
2012;psy;patient;M;77;14;192909;7.3
2012;psy;patient;M;82;14;138278;10.1
2012;psy;patient;M;83;8;126424;6.3
2012;psy;patient;M;85;9;100824;8.9
2012;psy;patient;M;88;3;64932;4.6
2012;psy;patient;M;89;4;54694;7.3
2012;psy;patient;M;90;4;46691;8.6
2012;psy;sejours;F;15;137;389041;35.2
2012;psy;sejours;F;18;271;373245;72.6
2012;psy;sejours;F;19;218;388910;56.1
2012;psy;sejours;F;23;183;398174;46.0
2012;psy;sejours;F;28;152;391242;38.9
2012;psy;sejours;F;29;191;418077;45.7
2012;psy;sejours;F;30;122;423443;28.8
2012;psy;sejours;F;31;166;429305;38.7
2012;psy;sejours;F;37;180;430312;41.8
2012;psy;sejours;F;43;257;452606;56.8
2012;psy;sejours;F;46;243;462235;52.6
2012;psy;sejours;F;50;200;451429;44.3
2012;psy;sejours;F;52;210;447729;46.9
2012;psy;sejours;F;57;138;431998;31.9
2012;psy;sejours;F;60;141;420647;33.5
2012;psy;sejours;F;62;120;429324;28.0
2012;psy;sejours;F;66;69;302567;22.8
2012;psy;sejours;F;69;39;268207;14.5
2012;psy;sejours;F;75;49;263483;18.6
2012;psy;sejours;F;81;35;245542;14.3
2012;psy;sejours;F;87;11;158558;6.9
2012;psy;sejours;F;88;12;144360;8.3
2012;psy;sejours;F;93;2;36765;5.4
2012;psy;sejours;F;94;2;27232;7.3
2012;psy;sejours;M;13;15;409004;3.7
2012;psy;sejours;M;15;44;408679;10.8
2012;psy;sejours;M;18;128;391303;32.7
2012;psy;sejours;M;19;114;408049;27.9
2012;psy;sejours;M;20;66;405978;16.3
2012;psy;sejours;M;23;125;397426;31.5
2012;psy;sejours;M;31;120;416135;28.8
2012;psy;sejours;M;33;128;389195;32.9
2012;psy;sejours;M;37;120;426827;28.1
2012;psy;sejours;M;44;185;439319;42.1
2012;psy;sejours;M;46;192;451383;42.5
2012;psy;sejours;M;54;103;415633;24.8
2012;psy;sejours;M;57;68;407089;16.7
2012;psy;sejours;M;62;46;399024;11.5
2012;psy;sejours;M;63;41;399951;10.3
2012;psy;sejours;M;73;19;217219;8.7
2012;psy;sejours;M;76;18;196306;9.2
2012;psy;sejours;M;79;10;178373;5.6
2012;psy;sejours;M;81;13;156922;8.3
2012;psy;sejours;M;89;4;54694;7.3
2012;psy;sejours;M;93;1;12047;8.3
2013;mco;patient;F;6;8;405288;2.0
2013;mco;patient;F;12;304;412168;73.8
2013;mco;patient;F;14;1441;392246;367.4
2013;mco;patient;F;16;1506;389992;386.2
2013;mco;patient;F;18;1042;375563;277.5
2013;mco;patient;F;22;777;394625;196.9
2013;mco;patient;F;23;757;393740;192.3
2013;mco;patient;F;27;666;399729;166.6
2013;mco;patient;F;28;594;400829;148.2
2013;mco;patient;F;30;580;420693;137.9
2013;mco;patient;F;34;557;402329;138.4
2013;mco;patient;F;37;674;409357;164.6
2013;mco;patient;F;38;792;431823;183.4
2013;mco;patient;F;45;1116;449107;248.5
2013;mco;patient;F;46;1096;460737;237.9
2013;mco;patient;F;48;1116;469620;237.6
2013;mco;patient;F;53;858;446836;192.0
2013;mco;patient;F;54;865;436894;198.0
2013;mco;patient;F;55;808;436986;184.9
2013;mco;patient;F;56;741;434403;170.6
2013;mco;patient;F;57;685;431595;158.7
2013;mco;patient;F;59;569;423067;134.5
2013;mco;patient;F;63;424;428112;99.0
2013;mco;patient;F;67;274;300735;91.1
2013;mco;patient;F;70;205;266700;76.9
2013;mco;patient;F;72;163;251523;64.8
2013;mco;patient;F;75;161;258346;62.3
2013;mco;patient;F;77;158;255560;61.8
2013;mco;patient;F;78;183;258410;70.8
2013;mco;patient;F;80;147;252499;58.2
2013;mco;patient;F;85;118;188898;62.5
2013;mco;patient;F;88;100;144606;69.2
2013;mco;patient;M;6;9;424765;2.1
2013;mco;patient;M;9;19;413351;4.6
2013;mco;patient;M;15;387;405586;95.4
2013;mco;patient;M;19;529;387999;136.3
2013;mco;patient;M;21;493;401141;122.9
2013;mco;patient;M;23;489;394409;124.0
2013;mco;patient;M;24;551;393072;140.2
2013;mco;patient;M;27;533;389806;136.7
2013;mco;patient;M;31;595;410423;145.0
2013;mco;patient;M;37;598;401611;148.9
2013;mco;patient;M;39;729;450795;161.7
2013;mco;patient;M;41;771;461623;167.0
2013;mco;patient;M;46;701;448523;156.3
2013;mco;patient;M;48;699;453737;154.1
2013;mco;patient;M;53;568;425505;133.5
2013;mco;patient;M;55;482;413730;116.5
2013;mco;patient;M;57;393;403225;97.5
2013;mco;patient;M;58;373;404764;92.2
2013;mco;patient;M;61;264;389730;67.7
2013;mco;patient;M;65;198;384029;51.6
2013;mco;patient;M;66;195;362388;53.8
2013;mco;patient;M;69;118;254725;46.3
2013;mco;patient;M;73;94;218674;43.0
2013;mco;patient;M;74;90;212158;42.4
2013;mco;patient;M;77;107;189185;56.6
2013;mco;patient;M;78;98;185618;52.8
2013;mco;patient;M;81;81;157059;51.6
2013;mco;patient;M;85;78;102448;76.1
2013;mco;patient;M;86;73;90544;80.6
2013;mco;patient;M;90;46;46374;99.2
2013;mco;patient;M;92;32;30499;104.9
2013;mco;sejours;F;7;9;397438;2.3
2013;mco;sejours;F;8;7;396059;1.8
2013;mco;sejours;F;9;25;394244;6.3
2013;mco;sejours;F;12;340;412168;82.5
2013;mco;sejours;F;15;2008;384849;521.8
2013;mco;sejours;F;18;1169;375563;311.3
2013;mco;sejours;F;19;1065;371281;286.8
2013;mco;sejours;F;22;919;394625;232.9
2013;mco;sejours;F;23;886;393740;225.0
2013;mco;sejours;F;27;783;399729;195.9
2013;mco;sejours;F;28;677;400829;168.9
2013;mco;sejours;F;29;675;394676;171.0
2013;mco;sejours;F;30;693;420693;164.7
2013;mco;sejours;F;31;741;426869;173.6
2013;mco;sejours;F;35;736;404763;181.8
2013;mco;sejours;F;38;947;431823;219.3
2013;mco;sejours;F;40;1114;469270;237.4
2013;mco;sejours;F;42;1238;457909;270.4
2013;mco;sejours;F;43;1313;453061;289.8
2013;mco;sejours;F;51;1100;450599;244.1
2013;mco;sejours;F;57;793;431595;183.7
2013;mco;sejours;F;58;679;431358;157.4
2013;mco;sejours;F;59;627;423067;148.2
2013;mco;sejours;F;64;468;424589;110.2
2013;mco;sejours;F;70;228;266700;85.5
2013;mco;sejours;F;71;191;239663;79.7
2013;mco;sejours;F;73;202;264288;76.4
2013;mco;sejours;F;75;178;258346;68.9
2013;mco;sejours;F;76;207;258967;79.9
2013;mco;sejours;F;86;112;176578;63.4
2013;mco;sejours;F;87;113;163094;69.3
2013;mco;sejours;F;88;104;144606;71.9
2013;mco;sejours;F;89;100;129980;76.9
2013;mco;sejours;F;90;61;114508;53.3
2013;mco;sejours;M;9;20;413351;4.8
2013;mco;sejours;M;14;304;410737;74.0
2013;mco;sejours;M;15;430;405586;106.0
2013;mco;sejours;M;16;514;409545;125.5
2013;mco;sejours;M;21;585;401141;145.8
2013;mco;sejours;M;22;603;402477;149.8
2013;mco;sejours;M;23;590;394409;149.6
2013;mco;sejours;M;39;906;450795;201.0
2013;mco;sejours;M;42;952;452974;210.2
2013;mco;sejours;M;49;801;449300;178.3
2013;mco;sejours;M;54;573;416148;137.7
2013;mco;sejours;M;65;209;384029;54.4
2013;mco;sejours;M;69;132;254725;51.8
2013;mco;sejours;M;75;100;203833;49.1
2013;mco;sejours;M;77;114;189185;60.3
2013;mco;sejours;M;83;108;128448;84.1
2013;mco;sejours;M;90;46;46374;99.2
2013;mco;sejours;M;92;34;30499;111.5
2013;mco;sejours;M;93;28;14300;195.8
2013;psy;patient;F;13;33;392457;8.4
2013;psy;patient;F;24;75;396877;18.9
2013;psy;patient;F;29;91;394676;23.1
2013;psy;patient;F;30;87;420693;20.7
2013;psy;patient;F;36;84;396451;21.2
2013;psy;patient;F;37;110;409357;26.9
2013;psy;patient;F;40;127;469270;27.1
2013;psy;patient;F;42;169;457909;36.9
2013;psy;patient;F;44;174;452937;38.4
2013;psy;patient;F;51;160;450599;35.5
2013;psy;patient;F;53;148;446836;33.1
2013;psy;patient;F;54;133;436894;30.4
2013;psy;patient;F;55;119;436986;27.2
2013;psy;patient;F;57;102;431595;23.6
2013;psy;patient;F;58;113;431358;26.2
2013;psy;patient;F;60;75;430628;17.4
2013;psy;patient;F;62;67;434657;15.4
2013;psy;patient;F;63;79;428112;18.5
2013;psy;patient;F;65;73;416139;17.5
2013;psy;patient;F;67;53;300735;17.6
2013;psy;patient;F;69;45;286901;15.7
2013;psy;patient;F;71;39;239663;16.3
2013;psy;patient;F;77;27;255560;10.6
2013;psy;patient;F;81;27;240901;11.2
2013;psy;patient;F;84;19;202908;9.4
2013;psy;patient;F;87;6;163094;3.7
2013;psy;patient;F;90;2;114508;1.7
2013;psy;patient;M;14;14;410737;3.4
2013;psy;patient;M;18;64;392616;16.3
2013;psy;patient;M;20;70;403531;17.3
2013;psy;patient;M;21;68;401141;17.0
2013;psy;patient;M;25;70;390055;17.9
2013;psy;patient;M;26;69;391815;17.6
2013;psy;patient;M;27;88;389806;22.6
2013;psy;patient;M;28;67;384998;17.4
2013;psy;patient;M;32;84;418912;20.1
2013;psy;patient;M;34;85;391322;21.7
2013;psy;patient;M;36;87;388764;22.4
2013;psy;patient;M;41;129;461623;27.9
2013;psy;patient;M;42;118;452974;26.1
2013;psy;patient;M;44;120;440748;27.2
2013;psy;patient;M;49;92;449300;20.5
2013;psy;patient;M;54;67;416148;16.1
2013;psy;patient;M;56;67;409365;16.4
2013;psy;patient;M;59;48;393966;12.2
2013;psy;patient;M;61;26;389730;6.7
2013;psy;patient;M;65;22;384029;5.7
2013;psy;patient;M;66;28;362388;7.7
2013;psy;patient;M;69;19;254725;7.5
2013;psy;patient;M;70;17;235736;7.2
2013;psy;patient;M;73;15;218674;6.9
2013;psy;patient;M;74;12;212158;5.7
2013;psy;patient;M;79;17;171393;9.9
2013;psy;patient;M;82;8;146609;5.5
2013;psy;patient;M;84;8;116332;6.9
2013;psy;patient;M;85;10;102448;9.8
2013;psy;patient;M;88;6;66065;9.1
2013;psy;patient;M;92;5;30499;16.4
2013;psy;patient;M;93;3;14300;21.0
2013;psy;patient;M;95;2;21215;9.4
2013;psy;sejours;F;12;16;1213040;3.9
2013;psy;sejours;F;18;158;375563;42.1
2013;psy;sejours;F;20;154;385884;39.9
2013;psy;sejours;F;27;169;399729;42.3
2013;psy;sejours;F;29;121;394676;30.7
2013;psy;sejours;F;31;130;426869;30.5
2013;psy;sejours;F;32;117;432099;27.1
2013;psy;sejours;F;34;101;402329;25.1
2013;psy;sejours;F;35;133;404763;32.9
2013;psy;sejours;F;41;234;466699;50.1
2013;psy;sejours;F;43;209;453061;46.1
2013;psy;sejours;F;47;236;461685;51.1
2013;psy;sejours;F;57;136;431595;31.5
2013;psy;sejours;F;71;47;239663;19.6
2013;psy;sejours;F;72;28;251523;11.1
2013;psy;sejours;F;75;33;258346;12.8
2013;psy;sejours;F;80;22;252499;8.7
2013;psy;sejours;F;83;16;214552;7.5
2013;psy;sejours;F;84;23;202908;11.3
2013;psy;sejours;F;85;18;188898;9.5
2013;psy;sejours;F;86;25;176578;14.2
2013;psy;sejours;F;87;6;163094;3.7
2013;psy;sejours;F;89;12;129980;9.2
2013;psy;sejours;F;90;3;114508;2.6
2013;psy;sejours;F;91;5;99670;5.0
2013;psy;sejours;F;92;7;84286;8.3
2013;psy;sejours;F;93;2;41955;4.8
2013;psy;sejours;F;94;1;29530;3.4
2013;psy;sejours;F;95;3;94252;3.2
2013;psy;sejours;M;13;9;413950;2.2
2013;psy;sejours;M;18;80;392616;20.4
2013;psy;sejours;M;19;95;387999;24.5
2013;psy;sejours;M;20;93;403531;23.0
2013;psy;sejours;M;28;93;384998;24.2
2013;psy;sejours;M;29;128;381304;33.6
2013;psy;sejours;M;34;129;391322;33.0
2013;psy;sejours;M;35;122;397936;30.7
2013;psy;sejours;M;39;192;450795;42.6
2013;psy;sejours;M;43;155;444983;34.8
2013;psy;sejours;M;54;111;416148;26.7
2013;psy;sejours;M;56;80;409365;19.5
2013;psy;sejours;M;60;63;400065;15.7
2013;psy;sejours;M;61;30;389730;7.7
2013;psy;sejours;M;66;36;362388;9.9
2013;psy;sejours;M;79;23;171393;13.4
2013;psy;sejours;M;82;8;146609;5.5
2013;psy;sejours;M;83;4;128448;3.1
2013;psy;sejours;M;85;11;102448;10.7
2013;psy;sejours;M;88;7;66065;10.6
2013;psy;sejours;M;94;2;9160;21.8
2013;psy;sejours;M;95;2;21215;9.4
2014;mco;patient;F;8;12;403033;3.0
2014;mco;patient;F;10;30;399721;7.5
2014;mco;patient;F;14;1763;397154;443.9
2014;mco;patient;F;20;773;369717;209.1
2014;mco;patient;F;21;741;384023;193.0
2014;mco;patient;F;24;642;394751;162.6
2014;mco;patient;F;27;603;406505;148.3
2014;mco;patient;F;33;622;437281;142.2
2014;mco;patient;F;40;865;461703;187.3
2014;mco;patient;F;41;989;470242;210.3
2014;mco;patient;F;43;1099;459081;239.4
2014;mco;patient;F;44;1102;454335;242.6
2014;mco;patient;F;45;1125;454167;247.7
2014;mco;patient;F;53;921;448575;205.3
2014;mco;patient;F;54;835;447198;186.7
2014;mco;patient;F;60;540;422365;127.9
2014;mco;patient;F;61;518;428783;120.8
2014;mco;patient;F;65;364;422603;86.1
2014;mco;patient;F;77;169;255361;66.2
2014;mco;patient;F;79;153;252563;60.6
2014;mco;patient;F;81;166;244435;67.9
2014;mco;patient;F;83;148;226425;65.4
2014;mco;patient;F;87;128;163919;78.1
2014;mco;patient;F;90;68;115186;59.0
2014;mco;patient;F;92;55;85240;64.5
2014;mco;patient;F;95;46;91622;50.2
2014;mco;patient;M;9;24;420439;5.7
2014;mco;patient;M;10;34;418356;8.1
2014;mco;patient;M;12;119;428686;27.8
2014;mco;patient;M;13;182;437131;41.6
2014;mco;patient;M;16;446;409530;108.9
2014;mco;patient;M;17;479;412193;116.2
2014;mco;patient;M;18;463;404678;114.4
2014;mco;patient;M;19;456;390841;116.7
2014;mco;patient;M;23;530;397635;133.3
2014;mco;patient;M;24;552;391753;140.9
2014;mco;patient;M;26;491;389647;126.0
2014;mco;patient;M;29;589;387700;151.9
2014;mco;patient;M;32;635;414697;153.1
2014;mco;patient;M;35;580;394799;146.9
2014;mco;patient;M;36;560;401993;139.3
2014;mco;patient;M;39;648;429801;150.8
2014;mco;patient;M;40;759;452643;167.7
2014;mco;patient;M;46;752;439499;171.1
2014;mco;patient;M;47;745;449056;165.9
2014;mco;patient;M;52;575;432433;133.0
2014;mco;patient;M;56;461;412433;111.8
2014;mco;patient;M;57;438;407920;107.4
2014;mco;patient;M;63;228;400453;56.9
2014;mco;patient;M;65;199;389349;51.1
2014;mco;patient;M;67;173;358067;48.3
2014;mco;patient;M;69;132;259493;50.9
2014;mco;patient;M;70;96;251093;38.2
2014;mco;patient;M;71;120;231282;51.9
2014;mco;patient;M;75;100;206656;48.4
2014;mco;patient;M;76;102;197667;51.6
2014;mco;patient;M;78;99;182178;54.3
2014;mco;patient;M;85;86;106290;80.9
2014;mco;patient;M;86;62;92298;67.2
2014;mco;patient;M;93;28;24096;116.2
2014;mco;sejours;F;7;8;411332;1.9
2014;mco;sejours;F;11;97;401837;24.1
2014;mco;sejours;F;14;2134;397154;537.3
2014;mco;sejours;F;20;904;369717;244.5
2014;mco;sejours;F;21;861;384023;224.2
2014;mco;sejours;F;26;788;397598;198.2
2014;mco;sejours;F;30;706;400316;176.4
2014;mco;sejours;F;33;752;437281;172.0
2014;mco;sejours;F;35;660;406542;162.3
2014;mco;sejours;F;38;831;412324;201.5
2014;mco;sejours;F;45;1337;454167;294.4
2014;mco;sejours;F;47;1235;461847;267.4
2014;mco;sejours;F;48;1310;462970;283.0
2014;mco;sejours;F;49;1280;470422;272.1
2014;mco;sejours;F;50;1266;464846;272.3
2014;mco;sejours;F;54;940;447198;210.2
2014;mco;sejours;F;57;780;434489;179.5
2014;mco;sejours;F;63;463;433734;106.7
2014;mco;sejours;F;64;459;426382;107.6
2014;mco;sejours;F;66;374;415641;90.0
2014;mco;sejours;F;71;215;264029;81.4
2014;mco;sejours;F;74;196;260994;75.1
2014;mco;sejours;F;76;208;254903;81.6
2014;mco;sejours;F;78;184;250723;73.4
2014;mco;sejours;F;81;175;244435;71.6
2014;mco;sejours;F;86;119;176556;67.4
2014;mco;sejours;F;87;137;163919;83.6
2014;mco;sejours;F;94;24;34421;69.7
2014;mco;sejours;M;11;71;421269;16.9
2014;mco;sejours;M;14;324;419016;77.3
2014;mco;sejours;M;17;530;412193;128.6
2014;mco;sejours;M;22;557;396362;140.5
2014;mco;sejours;M;32;793;414697;191.2
2014;mco;sejours;M;42;999;461877;216.3
2014;mco;sejours;M;43;1013;454935;222.7
2014;mco;sejours;M;51;659;432333;152.4
2014;mco;sejours;M;52;679;432433;157.0
2014;mco;sejours;M;56;522;412433;126.6
2014;mco;sejours;M;60;354;391724;90.4
2014;mco;sejours;M;65;228;389349;58.6
2014;mco;sejours;M;66;202;380040;53.2
2014;mco;sejours;M;71;131;231282;56.6
2014;mco;sejours;M;77;103;192740;53.4
2014;mco;sejours;M;84;73;118609;61.5
2014;mco;sejours;M;85;93;106290;87.5
2014;psy;patient;F;12;12;1211115;2.9
2014;psy;patient;F;16;183;388690;47.1
2014;psy;patient;F;19;120;375918;31.9
2014;psy;patient;F;20;112;369717;30.3
2014;psy;patient;F;22;88;388634;22.6
2014;psy;patient;F;23;94;394035;23.9
2014;psy;patient;F;24;96;394751;24.3
2014;psy;patient;F;25;88;399262;22.0
2014;psy;patient;F;31;90;425927;21.1
2014;psy;patient;F;38;87;412324;21.1
2014;psy;patient;F;41;157;470242;33.4
2014;psy;patient;F;42;130;467538;27.8
2014;psy;patient;F;43;168;459081;36.6
2014;psy;patient;F;50;178;464846;38.3
2014;psy;patient;F;52;148;450433;32.9
2014;psy;patient;F;53;139;448575;31.0
2014;psy;patient;F;55;134;437617;30.6
2014;psy;patient;F;57;126;434489;29.0
2014;psy;patient;F;58;92;431516;21.3
2014;psy;patient;F;62;69;418512;16.5
2014;psy;patient;F;66;62;415641;14.9
2014;psy;patient;F;67;53;395516;13.4
2014;psy;patient;F;72;28;236999;11.8
2014;psy;patient;F;75;36;258281;13.9
2014;psy;patient;F;77;27;255361;10.6
2014;psy;patient;F;79;21;252563;8.3
2014;psy;patient;F;81;18;244435;7.4
2014;psy;patient;F;86;17;176556;9.6
2014;psy;patient;F;91;4;100099;4.0
2014;psy;patient;F;93;4;70971;5.6
2014;psy;patient;F;95;1;91622;1.1
2014;psy;patient;M;12;4;1268311;0.9
2014;psy;patient;M;15;19;416210;4.6
2014;psy;patient;M;16;52;409530;12.7
2014;psy;patient;M;18;82;404678;20.3
2014;psy;patient;M;19;55;390841;14.1
2014;psy;patient;M;21;62;399578;15.5
2014;psy;patient;M;24;70;391753;17.9
2014;psy;patient;M;25;60;391736;15.3
2014;psy;patient;M;27;80;392564;20.4
2014;psy;patient;M;31;77;409636;18.8
2014;psy;patient;M;35;63;394799;16.0
2014;psy;patient;M;37;86;391532;22.0
2014;psy;patient;M;38;97;404467;24.0
2014;psy;patient;M;40;126;452643;27.8
2014;psy;patient;M;43;119;454935;26.2
2014;psy;patient;M;44;117;446336;26.2
2014;psy;patient;M;50;77;449299;17.1
2014;psy;patient;M;52;90;432433;20.8
2014;psy;patient;M;53;91;429845;21.2
2014;psy;patient;M;55;87;415481;20.9
2014;psy;patient;M;58;59;401064;14.7
2014;psy;patient;M;60;53;391724;13.5
2014;psy;patient;M;65;23;389349;5.9
2014;psy;patient;M;67;27;358067;7.5
2014;psy;patient;M;70;17;251093;6.8
2014;psy;patient;M;72;7;203668;3.4
2014;psy;patient;M;76;12;197667;6.1
2014;psy;patient;M;77;12;192740;6.2
2014;psy;patient;M;78;21;182178;11.5
2014;psy;patient;M;80;8;163508;4.9
2014;psy;patient;M;86;3;92298;3.3
2014;psy;patient;M;91;3;38400;7.8
2014;psy;patient;M;93;2;24096;8.3
2014;psy;sejours;F;12;14;1211115;3.4
2014;psy;sejours;F;13;90;416765;21.6
2014;psy;sejours;F;17;192;392123;49.0
2014;psy;sejours;F;18;196;387348;50.6
2014;psy;sejours;F;20;164;369717;44.4
2014;psy;sejours;F;21;119;384023;31.0
2014;psy;sejours;F;23;176;394035;44.7
2014;psy;sejours;F;24;122;394751;30.9
2014;psy;sejours;F;28;131;405035;32.3
2014;psy;sejours;F;29;123;405511;30.3
2014;psy;sejours;F;32;123;431136;28.5
2014;psy;sejours;F;33;129;437281;29.5
2014;psy;sejours;F;36;125;408564;30.6
2014;psy;sejours;F;45;236;454167;52.0
2014;psy;sejours;F;54;164;447198;36.7
2014;psy;sejours;F;55;196;437617;44.8
2014;psy;sejours;F;62;89;418512;21.3
2014;psy;sejours;F;63;96;433734;22.1
2014;psy;sejours;F;80;30;240511;12.5
2014;psy;sejours;F;84;20;204298;9.8
2014;psy;sejours;F;86;21;176556;11.9
2014;psy;sejours;F;87;12;163919;7.3
2014;psy;sejours;F;88;5;149730;3.3
2014;psy;sejours;F;89;11;130345;8.4
2014;psy;sejours;F;90;5;115186;4.3
2014;psy;sejours;M;12;4;1268311;0.9
2014;psy;sejours;M;13;16;437131;3.7
2014;psy;sejours;M;14;15;419016;3.6
2014;psy;sejours;M;21;76;399578;19.0
2014;psy;sejours;M;23;85;397635;21.4
2014;psy;sejours;M;24;96;391753;24.5
2014;psy;sejours;M;25;94;391736;24.0
2014;psy;sejours;M;29;113;387700;29.1
2014;psy;sejours;M;31;121;409636;29.5
2014;psy;sejours;M;45;146;440963;33.1
2014;psy;sejours;M;50;105;449299;23.4
2014;psy;sejours;M;51;116;432333;26.8
2014;psy;sejours;M;52;122;432433;28.2
2014;psy;sejours;M;56;98;412433;23.8
2014;psy;sejours;M;57;82;407920;20.1
2014;psy;sejours;M;59;55;401578;13.7
2014;psy;sejours;M;63;54;400453;13.5
2014;psy;sejours;M;64;28;390294;7.2
2014;psy;sejours;M;69;26;259493;10.0
2014;psy;sejours;M;70;21;251093;8.4
2014;psy;sejours;M;75;11;206656;5.3
2014;psy;sejours;M;76;14;197667;7.1
2014;psy;sejours;M;79;19;178357;10.7
2014;psy;sejours;M;83;13;136434;9.5
2014;psy;sejours;M;92;7;31010;22.6
2015;mco;patient;F;10;25;404464;6.2
2015;mco;patient;F;11;101;402355;25.1
2015;mco;patient;F;15;1817;399406;454.9
2015;mco;patient;F;17;1205;388539;310.1
2015;mco;patient;F;18;1010;390993;258.3
2015;mco;patient;F;19;886;383398;231.1
2015;mco;patient;F;22;682;381321;178.9
2015;mco;patient;F;27;585;401029;145.9
2015;mco;patient;F;28;570;409565;139.2
2015;mco;patient;F;29;631;409258;154.2
2015;mco;patient;F;32;576;429306;134.2
2015;mco;patient;F;35;625;417271;149.8
2015;mco;patient;F;37;656;410441;159.8
2015;mco;patient;F;38;673;402839;167.1
2015;mco;patient;F;39;689;413684;166.6
2015;mco;patient;F;40;772;435632;177.2
2015;mco;patient;F;52;905;447742;202.1
2015;mco;patient;F;54;877;448196;195.7
2015;mco;patient;F;57;671;436192;153.8
2015;mco;patient;F;58;616;433893;142.0
2015;mco;patient;F;61;503;421320;119.4
2015;mco;patient;F;64;403;431959;93.3
2015;mco;patient;F;65;354;424602;83.4
2015;mco;patient;F;66;340;419885;81.0
2015;mco;patient;F;73;170;234695;72.4
2015;mco;patient;F;76;209;254018;82.3
2015;mco;patient;F;78;182;250525;72.6
2015;mco;patient;F;81;178;233356;76.3
2015;mco;patient;F;82;171;235403;72.6
2015;mco;patient;F;84;157;216145;72.6
2015;mco;patient;F;85;165;192774;85.6
2015;mco;patient;F;93;36;72559;49.6
2015;mco;patient;M;17;476;409379;116.3
2015;mco;patient;M;21;463;378691;122.3
2015;mco;patient;M;24;497;392655;126.6
2015;mco;patient;M;30;519;390255;133.0
2015;mco;patient;M;33;571;416331;137.2
2015;mco;patient;M;36;549;395516;138.8
2015;mco;patient;M;37;575;403947;142.3
2015;mco;patient;M;38;568;392515;144.7
2015;mco;patient;M;43;783;461490;169.7
2015;mco;patient;M;44;815;454084;179.5
2015;mco;patient;M;47;694;439032;158.1
2015;mco;patient;M;48;737;448336;164.4
2015;mco;patient;M;51;631;447255;141.1
2015;mco;patient;M;52;547;430483;127.1
2015;mco;patient;M;58;380;404732;93.9
2015;mco;patient;M;61;261;387983;67.3
2015;mco;patient;M;62;272;392589;69.3
2015;mco;patient;M;64;231;395457;58.4
2015;mco;patient;M;65;214;386834;55.3
2015;mco;patient;M;67;148;375033;39.5
2015;mco;patient;M;72;101;226809;44.5
2015;mco;patient;M;75;88;208465;42.2
2015;mco;patient;M;81;82;155332;52.8
2015;mco;patient;M;82;84;150873;55.7
2015;mco;patient;M;85;81;108324;74.8
2015;mco;patient;M;93;27;24936;108.3
2015;mco;sejours;F;11;106;402355;26.3
2015;mco;sejours;F;19;1029;383398;268.4
2015;mco;sejours;F;28;661;409565;161.4
2015;mco;sejours;F;34;688;440156;156.3
2015;mco;sejours;F;36;713;408408;174.6
2015;mco;sejours;F;38;796;402839;197.6
2015;mco;sejours;F;40;906;435632;208.0
2015;mco;sejours;F;43;1247;467660;266.6
2015;mco;sejours;F;47;1219;451414;270.0
2015;mco;sejours;F;48;1232;461582;266.9
2015;mco;sejours;F;49;1146;462481;247.8
2015;mco;sejours;F;54;1008;448196;224.9
2015;mco;sejours;F;60;561;429620;130.6
2015;mco;sejours;F;61;546;421320;129.6
2015;mco;sejours;F;65;394;424602;92.8
2015;mco;sejours;F;66;382;419885;91.0
2015;mco;sejours;F;67;362;413140;87.6
2015;mco;sejours;F;69;265;297298;89.1
2015;mco;sejours;F;71;257;282877;90.9
2015;mco;sejours;F;72;227;261726;86.7
2015;mco;sejours;F;78;194;250525;77.4
2015;mco;sejours;F;79;204;244743;83.4
2015;mco;sejours;F;81;191;233356;81.8
2015;mco;sejours;F;85;177;192774;91.8
2015;mco;sejours;F;88;122;150214;81.2
2015;mco;sejours;M;6;9;427969;2.1
2015;mco;sejours;M;10;36;421996;8.5
2015;mco;sejours;M;11;64;420063;15.2
2015;mco;sejours;M;24;589;392655;150.0
2015;mco;sejours;M;26;591;389607;151.7
2015;mco;sejours;M;31;625;386048;161.9
2015;mco;sejours;M;32;672;411807;163.2
2015;mco;sejours;M;34;727;423494;171.7
2015;mco;sejours;M;38;702;392515;178.8
2015;mco;sejours;M;41;800;452890;176.6
2015;mco;sejours;M;47;818;439032;186.3
2015;mco;sejours;M;58;436;404732;107.7
2015;mco;sejours;M;59;411;398236;103.2
2015;mco;sejours;M;62;304;392589;77.4
2015;mco;sejours;M;66;224;384765;58.2
2015;mco;sejours;M;67;163;375033;43.5
2015;mco;sejours;M;69;172;263777;65.2
2015;mco;sejours;M;71;126;246585;51.1
2015;mco;sejours;M;73;101;198882;50.8
2015;mco;sejours;M;74;96;203029;47.3
2015;mco;sejours;M;75;98;208465;47.0
2015;mco;sejours;M;77;94;191115;49.2
2015;mco;sejours;M;84;96;126457;75.9
2015;mco;sejours;M;85;86;108324;79.4
2015;mco;sejours;M;86;72;96105;74.9
2015;mco;sejours;M;87;89;83034;107.2
2015;mco;sejours;M;88;68;70775;96.1
2015;mco;sejours;M;90;66;49027;134.6
2015;mco;sejours;M;94;21;18820;111.6
2015;mco;sejours;M;95;38;23728;160.1
2015;psy;patient;F;12;15;1210159;3.7
2015;psy;patient;F;13;37;410838;9.0
2015;psy;patient;F;21;107;366518;29.2
2015;psy;patient;F;27;61;401029;15.2
2015;psy;patient;F;29;86;409258;21.0
2015;psy;patient;F;30;101;408429;24.7
2015;psy;patient;F;31;66;404624;16.3
2015;psy;patient;F;38;97;402839;24.1
2015;psy;patient;F;41;151;461929;32.7
2015;psy;patient;F;43;139;467660;29.7
2015;psy;patient;F;47;176;451414;39.0
2015;psy;patient;F;49;164;462481;35.5
2015;psy;patient;F;50;162;468663;34.6
2015;psy;patient;F;51;154;463725;33.2
2015;psy;patient;F;54;108;448196;24.1
2015;psy;patient;F;57;129;436192;29.6
2015;psy;patient;F;60;82;429620;19.1
2015;psy;patient;F;61;79;421320;18.8
2015;psy;patient;F;64;60;431959;13.9
2015;psy;patient;F;65;56;424602;13.2
2015;psy;patient;F;67;52;413140;12.6
2015;psy;patient;F;69;40;297298;13.5
2015;psy;patient;F;70;39;290537;13.4
2015;psy;patient;F;73;28;234695;11.9
2015;psy;patient;F;77;28;250029;11.2
2015;psy;patient;F;79;19;244743;7.8
2015;psy;patient;F;82;16;235403;6.8
2015;psy;patient;F;84;18;216145;8.3
2015;psy;patient;F;89;7;135378;5.2
2015;psy;patient;F;92;2;86599;2.3
2015;psy;patient;F;95;2;95620;2.1
2015;psy;patient;M;12;10;1264440;2.4
2015;psy;patient;M;15;30;421680;7.1
2015;psy;patient;M;16;41;417792;9.8
2015;psy;patient;M;17;59;409379;14.4
2015;psy;patient;M;20;71;384032;18.5
2015;psy;patient;M;22;62;392573;15.8
2015;psy;patient;M;23;66;389415;16.9
2015;psy;patient;M;24;74;392655;18.8
2015;psy;patient;M;25;64;388490;16.5
2015;psy;patient;M;27;72;388521;18.5
2015;psy;patient;M;28;72;392093;18.4
2015;psy;patient;M;30;71;390255;18.2
2015;psy;patient;M;38;85;392515;21.7
2015;psy;patient;M;48;108;448336;24.1
2015;psy;patient;M;49;109;449657;24.2
2015;psy;patient;M;59;52;398236;13.1
2015;psy;patient;M;64;40;395457;10.1
2015;psy;patient;M;66;28;384765;7.3
2015;psy;patient;M;67;24;375033;6.4
2015;psy;patient;M;78;12;185949;6.5
2015;psy;patient;M;83;13;137910;9.4
2015;psy;patient;M;86;6;96105;6.2
2015;psy;patient;M;87;7;83034;8.4
2015;psy;patient;M;88;4;70775;5.7
2015;psy;patient;M;89;6;60378;9.9
2015;psy;sejours;F;13;59;410838;14.4
2015;psy;sejours;F;15;150;399406;37.6
2015;psy;sejours;F;18;199;390993;50.9
2015;psy;sejours;F;21;153;366518;41.7
2015;psy;sejours;F;22;114;381321;29.9
2015;psy;sejours;F;23;154;385590;39.9
2015;psy;sejours;F;25;146;395120;37.0
2015;psy;sejours;F;29;140;409258;34.2
2015;psy;sejours;F;31;84;404624;20.8
2015;psy;sejours;F;38;136;402839;33.8
2015;psy;sejours;F;40;127;435632;29.2
2015;psy;sejours;F;44;221;459374;48.1
2015;psy;sejours;F;45;233;454129;51.3
2015;psy;sejours;F;48;179;461582;38.8
2015;psy;sejours;F;49;206;462481;44.5
2015;psy;sejours;F;51;194;463725;41.8
2015;psy;sejours;F;62;92;426427;21.6
2015;psy;sejours;F;63;103;416219;24.7
2015;psy;sejours;F;76;32;254018;12.6
2015;psy;sejours;F;80;33;245734;13.4
2015;psy;sejours;F;84;18;216145;8.3
2015;psy;sejours;F;85;14;192774;7.3
2015;psy;sejours;F;86;12;180833;6.6
2015;psy;sejours;F;93;1;72559;1.4
2015;psy;sejours;F;94;2;58747;3.4
2015;psy;sejours;M;15;51;421680;12.1
2015;psy;sejours;M;23;125;389415;32.1
2015;psy;sejours;M;24;108;392655;27.5
2015;psy;sejours;M;25;77;388490;19.8
2015;psy;sejours;M;33;144;416331;34.6
2015;psy;sejours;M;36;109;395516;27.6
2015;psy;sejours;M;39;130;405307;32.1
2015;psy;sejours;M;41;154;452890;34.0
2015;psy;sejours;M;42;169;463487;36.5
2015;psy;sejours;M;43;172;461490;37.3
2015;psy;sejours;M;44;168;454084;37.0
2015;psy;sejours;M;45;149;445663;33.4
2015;psy;sejours;M;51;128;447255;28.6
2015;psy;sejours;M;52;113;430483;26.2
2015;psy;sejours;M;57;81;409012;19.8
2015;psy;sejours;M;67;31;375033;8.3
2015;psy;sejours;M;70;20;255393;7.8
2015;psy;sejours;M;74;10;203029;4.9
2015;psy;sejours;M;77;11;191115;5.8
2015;psy;sejours;M;78;14;185949;7.5
2015;psy;sejours;M;92;2;31287;6.4
2016;mco;patient;F;9;15;415288;3.6
2016;mco;patient;F;10;27;405921;6.7
2016;mco;patient;F;12;417;403433;103.4
2016;mco;patient;F;15;1924;418878;459.3
2016;mco;patient;F;16;1594;400654;397.8
2016;mco;patient;F;17;1367;397800;343.6
2016;mco;patient;F;20;800;378992;211.1
2016;mco;patient;F;21;715;367075;194.8
2016;mco;patient;F;23;635;378314;167.8
2016;mco;patient;F;25;587;391439;150.0
2016;mco;patient;F;30;557;412605;135.0
2016;mco;patient;F;31;555;410242;135.3
2016;mco;patient;F;34;567;435557;130.2
2016;mco;patient;F;36;634;419865;151.0
2016;mco;patient;F;39;661;403599;163.8
2016;mco;patient;F;41;793;435831;182.0
2016;mco;patient;F;45;1056;458858;230.1
2016;mco;patient;F;46;996;453971;219.4
2016;mco;patient;F;47;1024;452396;226.4
2016;mco;patient;F;49;975;460880;211.6
2016;mco;patient;F;52;939;462826;202.9
2016;mco;patient;F;55;769;447057;172.0
2016;mco;patient;F;57;652;436844;149.3
2016;mco;patient;F;59;587;432961;135.6
2016;mco;patient;F;60;551;429895;128.2
2016;mco;patient;F;63;400;424510;94.2
2016;mco;patient;F;64;440;414601;106.1
2016;mco;patient;F;68;299;410662;72.8
2016;mco;patient;F;69;311;388888;80.0
2016;mco;patient;F;71;192;288538;66.5
2016;mco;patient;F;73;181;258945;69.9
2016;mco;patient;F;77;174;249810;69.7
2016;mco;patient;F;78;208;245435;84.7
2016;mco;patient;F;80;173;237826;72.7
2016;mco;patient;F;82;177;224966;78.7
2016;mco;patient;F;85;152;204796;74.2
2016;mco;patient;F;88;122;150035;81.3
2016;mco;patient;F;89;92;135763;67.8
2016;mco;patient;F;92;68;86955;78.2
2016;mco;patient;F;93;44;73117;60.2
2016;mco;patient;M;11;57;422680;13.5
2016;mco;patient;M;12;116;421074;27.5
2016;mco;patient;M;15;420;440607;95.3
2016;mco;patient;M;16;478;422734;113.1
2016;mco;patient;M;17;511;416974;122.5
2016;mco;patient;M;18;466;403819;115.4
2016;mco;patient;M;23;443;384827;115.1
2016;mco;patient;M;25;496;388804;127.6
2016;mco;patient;M;39;557;391925;142.1
2016;mco;patient;M;41;620;428623;144.6
2016;mco;patient;M;43;778;462215;168.3
2016;mco;patient;M;44;732;460460;159.0
2016;mco;patient;M;45;776;451335;171.9
2016;mco;patient;M;46;784;444787;176.3
2016;mco;patient;M;47;725;438525;165.3
2016;mco;patient;M;50;592;448464;132.0
2016;mco;patient;M;53;551;428292;128.7
2016;mco;patient;M;56;457;419543;108.9
2016;mco;patient;M;59;339;401132;84.5
2016;mco;patient;M;60;283;394608;71.7
2016;mco;patient;M;64;221;378394;58.4
2016;mco;patient;M;66;203;381752;53.2
2016;mco;patient;M;68;168;369428;45.5
2016;mco;patient;M;74;85;193972;43.8
2016;mco;patient;M;81;98;161334;60.7
2016;mco;patient;M;83;78;140581;55.5
2016;mco;patient;M;84;107;127238;84.1
2016;mco;patient;M;89;58;60888;95.3
2016;mco;patient;M;90;50;50971;98.1
2016;mco;patient;M;92;38;31906;119.1
2016;mco;patient;M;93;29;24635;117.7
2016;mco;sejours;F;6;8;406535;2.0
2016;mco;sejours;F;8;11;407577;2.7
2016;mco;sejours;F;15;2322;418878;554.3
2016;mco;sejours;F;16;1910;400654;476.7
2016;mco;sejours;F;18;1169;383901;304.5
2016;mco;sejours;F;23;729;378314;192.7
2016;mco;sejours;F;26;722;396431;182.1
2016;mco;sejours;F;28;651;404148;161.1
2016;mco;sejours;F;30;666;412605;161.4
2016;mco;sejours;F;41;929;435831;213.2
2016;mco;sejours;F;43;1186;470126;252.3
2016;mco;sejours;F;44;1146;467109;245.3
2016;mco;sejours;F;45;1233;458858;268.7
2016;mco;sejours;F;46;1178;453971;259.5
2016;mco;sejours;F;47;1232;452396;272.3
2016;mco;sejours;F;51;1160;467029;248.4
2016;mco;sejours;F;53;1030;447040;230.4
2016;mco;sejours;F;54;940;447123;210.2
2016;mco;sejours;F;56;871;444914;195.8
2016;mco;sejours;F;57;744;436844;170.3
2016;mco;sejours;F;63;451;424510;106.2
2016;mco;sejours;F;66;387;422096;91.7
2016;mco;sejours;F;77;190;249810;76.1
2016;mco;sejours;F;84;185;212561;87.0
2016;mco;sejours;F;87;119;167796;70.9
2016;mco;sejours;F;88;130;150035;86.6
2016;mco;sejours;M;16;555;422734;131.3
2016;mco;sejours;M;25;587;388804;151.0
2016;mco;sejours;M;28;646;388725;166.2
2016;mco;sejours;M;30;631;393926;160.2
2016;mco;sejours;M;31;711;391365;181.7
2016;mco;sejours;M;32;631;387000;163.0
2016;mco;sejours;M;40;741;406231;182.4
2016;mco;sejours;M;41;772;428623;180.1
2016;mco;sejours;M;45;947;451335;209.8
2016;mco;sejours;M;52;710;444223;159.8
2016;mco;sejours;M;53;608;428292;142.0
2016;mco;sejours;M;54;575;428444;134.2
2016;mco;sejours;M;55;598;424066;141.0
2016;mco;sejours;M;57;479;409613;116.9
2016;mco;sejours;M;58;436;406051;107.4
2016;mco;sejours;M;61;299;393898;75.9
2016;mco;sejours;M;63;238;388055;61.3
2016;mco;sejours;M;64;243;378394;64.2
2016;mco;sejours;M;67;225;379868;59.2
2016;mco;sejours;M;68;185;369428;50.1
2016;mco;sejours;M;70;164;258510;63.4
2016;mco;sejours;M;71;101;250311;40.3
2016;mco;sejours;M;72;115;241481;47.6
2016;mco;sejours;M;75;86;197656;43.5
2016;mco;sejours;M;77;94;194127;48.4
2016;mco;sejours;M;78;102;184478;55.3
2016;mco;sejours;M;79;89;178449;49.9
2016;mco;sejours;M;82;106;146628;72.3
2016;mco;sejours;M;88;87;72839;119.4
2016;mco;sejours;M;89;63;60888;103.5
2016;mco;sejours;M;90;53;50971;104.0
2016;mco;sejours;M;92;39;31906;122.2
2016;mco;sejours;M;94;28;19231;145.6
2016;psy;patient;F;12;33;1214102;8.2
2016;psy;patient;F;13;44;404042;10.9
2016;psy;patient;F;14;81;411395;19.7
2016;psy;patient;F;16;169;400654;42.2
2016;psy;patient;F;18;155;383901;40.4
2016;psy;patient;F;22;110;363768;30.2
2016;psy;patient;F;23;90;378314;23.8
2016;psy;patient;F;24;92;383188;24.0
2016;psy;patient;F;25;91;391439;23.2
2016;psy;patient;F;27;93;400254;23.2
2016;psy;patient;F;29;91;413297;22.0
2016;psy;patient;F;30;95;412605;23.0
2016;psy;patient;F;33;86;431352;19.9
2016;psy;patient;F;34;101;435557;23.2
2016;psy;patient;F;39;92;403599;22.8
2016;psy;patient;F;41;126;435831;28.9
2016;psy;patient;F;43;147;470126;31.3
2016;psy;patient;F;51;149;467029;31.9
2016;psy;patient;F;52;174;462826;37.6
2016;psy;patient;F;54;140;447123;31.3
2016;psy;patient;F;55;122;447057;27.3
2016;psy;patient;F;57;110;436844;25.2
2016;psy;patient;F;58;108;435113;24.8
2016;psy;patient;F;62;75;419425;17.9
2016;psy;patient;F;65;60;429565;14.0
2016;psy;patient;F;67;60;418357;14.3
2016;psy;patient;F;72;31;279933;11.1
2016;psy;patient;F;81;38;238080;16.0
2016;psy;patient;F;90;7;120018;5.8
2016;psy;patient;F;91;6;102004;5.9
2016;psy;patient;M;14;15;432544;3.5
2016;psy;patient;M;23;64;384827;16.6
2016;psy;patient;M;26;74;384992;19.2
2016;psy;patient;M;33;62;412805;15.0
2016;psy;patient;M;37;78;397844;19.6
2016;psy;patient;M;41;107;428623;25.0
2016;psy;patient;M;46;122;444787;27.4
2016;psy;patient;M;47;130;438525;29.6
2016;psy;patient;M;52;87;444223;19.6
2016;psy;patient;M;68;27;369428;7.3
2016;psy;patient;M;70;22;258510;8.5
2016;psy;patient;M;74;9;193972;4.6
2016;psy;patient;M;77;9;194127;4.6
2016;psy;patient;M;78;9;184478;4.9
2016;psy;patient;M;79;12;178449;6.7
2016;psy;patient;M;81;11;161334;6.8
2016;psy;patient;M;87;8;85602;9.3
2016;psy;patient;M;94;2;19231;10.4
2016;psy;sejours;F;12;51;1214102;12.6
2016;psy;sejours;F;14;124;411395;30.1
2016;psy;sejours;F;18;244;383901;63.6
2016;psy;sejours;F;19;201;386619;52.0
2016;psy;sejours;F;21;180;367075;49.0
2016;psy;sejours;F;22;147;363768;40.4
2016;psy;sejours;F;23;132;378314;34.9
2016;psy;sejours;F;25;146;391439;37.3
2016;psy;sejours;F;29;151;413297;36.5
2016;psy;sejours;F;30;131;412605;31.7
2016;psy;sejours;F;33;107;431352;24.8
2016;psy;sejours;F;35;119;442538;26.9
2016;psy;sejours;F;37;122;410746;29.7
2016;psy;sejours;F;39;117;403599;29.0
2016;psy;sejours;F;41;191;435831;43.8
2016;psy;sejours;F;44;208;467109;44.5
2016;psy;sejours;F;47;228;452396;50.4
2016;psy;sejours;F;53;171;447040;38.3
2016;psy;sejours;F;54;182;447123;40.7
2016;psy;sejours;F;57;146;436844;33.4
2016;psy;sejours;F;61;125;427678;29.2
2016;psy;sejours;F;64;90;414601;21.7
2016;psy;sejours;F;65;77;429565;17.9
2016;psy;sejours;F;70;60;295115;20.3
2016;psy;sejours;F;73;40;258945;15.4
2016;psy;sejours;F;79;19;244900;7.8
2016;psy;sejours;F;83;19;226132;8.4
2016;psy;sejours;F;84;24;212561;11.3
2016;psy;sejours;F;86;26;180450;14.4
2016;psy;sejours;F;89;7;135763;5.2
2016;psy;sejours;F;91;7;102004;6.9
2016;psy;sejours;F;92;6;86955;6.9
2016;psy;sejours;M;13;20;423271;4.7
2016;psy;sejours;M;35;91;423480;21.5
2016;psy;sejours;M;36;98;402614;24.3
2016;psy;sejours;M;37;118;397844;29.7
2016;psy;sejours;M;39;106;391925;27.0
2016;psy;sejours;M;40;141;406231;34.7
2016;psy;sejours;M;42;140;450451;31.1
2016;psy;sejours;M;44;170;460460;36.9
2016;psy;sejours;M;47;174;438525;39.7
2016;psy;sejours;M;50;181;448464;40.4
2016;psy;sejours;M;55;126;424066;29.7
2016;psy;sejours;M;63;45;388055;11.6
2016;psy;sejours;M;65;58;390617;14.8
2016;psy;sejours;M;67;37;379868;9.7
2016;psy;sejours;M;68;34;369428;9.2
2016;psy;sejours;M;71;15;250311;6.0
2016;psy;sejours;M;76;6;202632;3.0
2016;psy;sejours;M;77;13;194127;6.7
2016;psy;sejours;M;80;19;165784;11.5
2016;psy;sejours;M;81;15;161334;9.3
2016;psy;sejours;M;83;10;140581;7.1
2016;psy;sejours;M;84;18;127238;14.1
2016;psy;sejours;M;85;14;115688;12.1
2016;psy;sejours;M;87;9;85602;10.5
2017;mco;patient;F;9;26;408403;6.4
2017;mco;patient;F;14;1640;405241;404.7
2017;mco;patient;F;17;1421;395463;359.3
2017;mco;patient;F;21;753;374369;201.1
2017;mco;patient;F;28;598;403572;148.2
2017;mco;patient;F;29;529;407634;129.8
2017;mco;patient;F;30;573;417278;137.3
2017;mco;patient;F;31;568;416955;136.2
2017;mco;patient;F;38;608;411754;147.7
2017;mco;patient;F;42;788;435969;180.7
2017;mco;patient;F;43;853;460524;185.2
2017;mco;patient;F;44;965;469587;205.5
2017;mco;patient;F;45;919;466811;196.9
2017;mco;patient;F;48;977;450479;216.9
2017;mco;patient;F;58;678;435904;155.5
2017;mco;patient;F;59;571;432999;131.9
2017;mco;patient;F;61;511;428429;119.3
2017;mco;patient;F;62;437;425755;102.6
2017;mco;patient;F;65;360;411884;87.4
2017;mco;patient;F;66;348;425344;81.8
2017;mco;patient;F;69;314;406701;77.2
2017;mco;patient;F;73;196;276635;70.9
2017;mco;patient;F;78;217;244958;88.6
2017;mco;patient;F;79;161;239890;67.1
2017;mco;patient;F;80;188;239713;78.4
2017;mco;patient;F;94;44;62104;70.8
2017;mco;patient;F;95;83;140092;59.2
2017;mco;patient;M;12;117;423214;27.6
2017;mco;patient;M;13;179;421249;42.5
2017;mco;patient;M;17;500;418889;119.4
2017;mco;patient;M;18;455;412197;110.4
2017;mco;patient;M;22;409;369907;110.6
2017;mco;patient;M;31;567;394696;143.7
2017;mco;patient;M;33;552;388519;142.1
2017;mco;patient;M;34;578;414174;139.6
2017;mco;patient;M;37;650;404692;160.6
2017;mco;patient;M;41;607;407208;149.1
2017;mco;patient;M;49;653;435551;149.9
2017;mco;patient;M;53;521;441087;118.1
2017;mco;patient;M;61;322;390545;82.4
2017;mco;patient;M;62;262;388823;67.4
2017;mco;patient;M;63;255;379921;67.1
2017;mco;patient;M;65;225;373757;60.2
2017;mco;patient;M;66;203;384914;52.7
2017;mco;patient;M;69;177;363928;48.6
2017;mco;patient;M;70;152;339734;44.7
2017;mco;patient;M;72;114;245460;46.4
2017;mco;patient;M;74;111;216078;51.4
2017;mco;patient;M;76;77;191841;40.1
2017;mco;patient;M;77;99;195530;50.6
2017;mco;patient;M;80;80;170971;46.8
2017;mco;patient;M;85;101;117096;86.3
2017;mco;patient;M;87;86;87686;98.1
2017;mco;patient;M;93;29;25834;112.3
2017;mco;sejours;F;6;4;412310;1.0
2017;mco;sejours;F;8;18;411267;4.4
2017;mco;sejours;F;10;26;416166;6.2
2017;mco;sejours;F;12;549;404844;135.6
2017;mco;sejours;F;14;2130;405241;525.6
2017;mco;sejours;F;17;1617;395463;408.9
2017;mco;sejours;F;25;706;381492;185.1
2017;mco;sejours;F;26;733;390251;187.8
2017;mco;sejours;F;27;714;398152;179.3
2017;mco;sejours;F;31;682;416955;163.6
2017;mco;sejours;F;40;807;404012;199.7
2017;mco;sejours;F;41;837;415488;201.4
2017;mco;sejours;F;42;920;435969;211.0
2017;mco;sejours;F;45;1066;466811;228.4
2017;mco;sejours;F;52;1060;466084;227.4
2017;mco;sejours;F;55;813;445079;182.7
2017;mco;sejours;F;56;905;444552;203.6
2017;mco;sejours;F;58;768;435904;176.2
2017;mco;sejours;F;59;661;432999;152.7
2017;mco;sejours;F;61;569;428429;132.8
2017;mco;sejours;F;62;490;425755;115.1
2017;mco;sejours;F;63;502;416792;120.4
2017;mco;sejours;F;71;297;292275;101.6
2017;mco;sejours;F;80;214;239713;89.3
2017;mco;sejours;F;83;175;217063;80.6
2017;mco;sejours;F;87;133;169201;78.6
2017;mco;sejours;F;92;61;89996;67.8
2017;mco;sejours;F;93;46;75313;61.1
2017;mco;sejours;F;94;48;62104;77.3
2017;mco;sejours;M;8;10;431945;2.3
2017;mco;sejours;M;11;92;424735;21.7
2017;mco;sejours;M;14;314;424892;73.9
2017;mco;sejours;M;15;474;435265;108.9
2017;mco;sejours;M;19;514;396444;129.7
2017;mco;sejours;M;22;461;369907;124.6
2017;mco;sejours;M;24;557;377720;147.5
2017;mco;sejours;M;26;578;385067;150.1
2017;mco;sejours;M;27;615;383493;160.4
2017;mco;sejours;M;28;590;388531;151.9
2017;mco;sejours;M;32;704;392662;179.3
2017;mco;sejours;M;36;746;425642;175.3
2017;mco;sejours;M;37;788;404692;194.7
2017;mco;sejours;M;38;637;398341;159.9
2017;mco;sejours;M;39;673;403460;166.8
2017;mco;sejours;M;44;883;461441;191.4
2017;mco;sejours;M;45;930;460999;201.7
2017;mco;sejours;M;46;871;449902;193.6
2017;mco;sejours;M;49;778;435551;178.6
2017;mco;sejours;M;50;780;444913;175.3
2017;mco;sejours;M;64;257;383977;66.9
2017;mco;sejours;M;65;264;373757;70.6
2017;mco;sejours;M;66;223;384914;57.9
2017;mco;sejours;M;77;104;195530;53.2
2017;mco;sejours;M;84;90;130849;68.8
2017;mco;sejours;M;85;109;117096;93.1
2017;mco;sejours;M;86;103;105275;97.8
2017;mco;sejours;M;87;92;87686;104.9
2017;mco;sejours;M;93;33;25834;127.7
2017;mco;sejours;M;95;63;36716;171.6
2017;psy;patient;F;12;27;1226610;6.7
2017;psy;patient;F;15;142;412586;34.4
2017;psy;patient;F;16;194;417805;46.4
2017;psy;patient;F;23;99;361311;27.4
2017;psy;patient;F;24;77;377791;20.4
2017;psy;patient;F;25;77;381492;20.2
2017;psy;patient;F;27;81;398152;20.3
2017;psy;patient;F;35;84;439141;19.1
2017;psy;patient;F;36;95;444324;21.4
2017;psy;patient;F;37;87;422575;20.6
2017;psy;patient;F;39;92;412123;22.3
2017;psy;patient;F;42;122;435969;28.0
2017;psy;patient;F;44;121;469587;25.8
2017;psy;patient;F;48;162;450479;36.0
2017;psy;patient;F;49;151;447936;33.7
2017;psy;patient;F;52;149;466084;32.0
2017;psy;patient;F;54;137;444957;30.8
2017;psy;patient;F;58;100;435904;22.9
2017;psy;patient;F;60;80;431070;18.6
2017;psy;patient;F;64;73;422550;17.3
2017;psy;patient;F;68;53;415856;12.7
2017;psy;patient;F;70;47;385005;12.2
2017;psy;patient;F;72;42;284766;14.7
2017;psy;patient;F;75;31;228704;13.6
2017;psy;patient;F;76;32;238856;13.4
2017;psy;patient;F;77;29;250903;11.6
2017;psy;patient;F;79;30;239890;12.5
2017;psy;patient;F;84;19;216363;8.8
2017;psy;patient;F;86;12;193412;6.2
2017;psy;patient;F;90;2;123506;1.6
2017;psy;patient;F;91;11;107111;10.3
2017;psy;patient;F;92;4;89996;4.4
2017;psy;patient;F;93;4;75313;5.3
2017;psy;patient;M;15;26;435265;6.0
2017;psy;patient;M;16;56;442221;12.7
2017;psy;patient;M;20;75;394691;19.0
2017;psy;patient;M;27;79;383493;20.6
2017;psy;patient;M;28;66;388531;17.0
2017;psy;patient;M;29;82;388507;21.1
2017;psy;patient;M;31;72;394696;18.2
2017;psy;patient;M;32;92;392662;23.4
2017;psy;patient;M;35;75;420196;17.8
2017;psy;patient;M;39;75;403460;18.6
2017;psy;patient;M;45;100;460999;21.7
2017;psy;patient;M;47;106;443738;23.9
2017;psy;patient;M;50;113;444913;25.4
2017;psy;patient;M;51;103;445301;23.1
2017;psy;patient;M;52;76;447731;17.0
2017;psy;patient;M;55;103;425622;24.2
2017;psy;patient;M;60;57;396547;14.4
2017;psy;patient;M;61;54;390545;13.8
2017;psy;patient;M;64;41;383977;10.7
2017;psy;patient;M;65;32;373757;8.6
2017;psy;patient;M;66;32;384914;8.3
2017;psy;patient;M;68;30;373675;8.0
2017;psy;patient;M;69;28;363928;7.7
2017;psy;patient;M;71;17;252839;6.7
2017;psy;patient;M;74;20;216078;9.3
2017;psy;patient;M;77;9;195530;4.6
2017;psy;patient;M;78;13;186459;7.0
2017;psy;patient;M;79;10;177091;5.6
2017;psy;patient;M;82;13;152739;8.5
2017;psy;patient;M;85;9;117096;7.7
2017;psy;patient;M;93;5;25834;19.4
2017;psy;sejours;F;19;209;378074;55.3
2017;psy;sejours;F;20;204;379879;53.7
2017;psy;sejours;F;22;118;363080;32.5
2017;psy;sejours;F;25;121;381492;31.7
2017;psy;sejours;F;26;147;390251;37.7
2017;psy;sejours;F;29;106;407634;26.0
2017;psy;sejours;F;35;115;439141;26.2
2017;psy;sejours;F;38;128;411754;31.1
2017;psy;sejours;F;41;148;415488;35.6
2017;psy;sejours;F;45;185;466811;39.6
2017;psy;sejours;F;46;205;457586;44.8
2017;psy;sejours;F;47;190;453275;41.9
2017;psy;sejours;F;48;212;450479;47.1
2017;psy;sejours;F;50;169;459175;36.8
2017;psy;sejours;F;53;197;460670;42.8
2017;psy;sejours;F;54;164;444957;36.9
2017;psy;sejours;F;58;146;435904;33.5
2017;psy;sejours;F;59;137;432999;31.6
2017;psy;sejours;F;63;86;416792;20.6
2017;psy;sejours;F;69;55;406701;13.5
2017;psy;sejours;F;71;57;292275;19.5
2017;psy;sejours;F;74;46;256148;18.0
2017;psy;sejours;F;83;28;217063;12.9
2017;psy;sejours;F;86;13;193412;6.7
2017;psy;sejours;F;87;13;169201;7.7
2017;psy;sejours;F;89;9;137632;6.5
2017;psy;sejours;F;90;2;123506;1.6
2017;psy;sejours;F;91;11;107111;10.3
2017;psy;sejours;F;93;4;75313;5.3
2017;psy;sejours;F;94;5;62104;8.1
2017;psy;sejours;F;95;3;140092;2.1
2017;psy;sejours;M;18;71;412197;17.2
2017;psy;sejours;M;21;80;386454;20.7
2017;psy;sejours;M;22;68;369907;18.4
2017;psy;sejours;M;27;124;383493;32.3
2017;psy;sejours;M;30;110;394782;27.9
2017;psy;sejours;M;46;152;449902;33.8
2017;psy;sejours;M;47;147;443738;33.1
2017;psy;sejours;M;50;158;444913;35.5
2017;psy;sejours;M;53;117;441087;26.5
2017;psy;sejours;M;57;93;417257;22.3
2017;psy;sejours;M;58;76;406391;18.7
2017;psy;sejours;M;67;39;376280;10.4
2017;psy;sejours;M;68;36;373675;9.6
2017;psy;sejours;M;70;22;339734;6.5
2017;psy;sejours;M;71;18;252839;7.1
2017;psy;sejours;M;72;24;245460;9.8
2017;psy;sejours;M;73;16;235390;6.8
2017;psy;sejours;M;82;16;152739;10.5
2017;psy;sejours;M;83;16;137562;11.6
2017;psy;sejours;M;85;11;117096;9.4
2017;psy;sejours;M;86;6;105275;5.7
2017;psy;sejours;M;87;11;87686;12.5
2017;psy;sejours;M;90;10;52219;19.2
2017;psy;sejours;M;91;6;43138;13.9
2017;psy;sejours;M;92;2;33402;6.0
2018;mco;patient;F;7;9;415228;2.2
2018;mco;patient;F;11;177;416423;42.5
2018;mco;patient;F;12;466;407175;114.4
2018;mco;patient;F;13;1177;405215;290.5
2018;mco;patient;F;16;1747;412326;423.7
2018;mco;patient;F;17;1576;415912;378.9
2018;mco;patient;F;19;1079;386468;279.2
2018;mco;patient;F;24;578;361677;159.8
2018;mco;patient;F;31;580;421233;137.7
2018;mco;patient;F;36;603;441820;136.5
2018;mco;patient;F;40;618;413828;149.3
2018;mco;patient;F;48;934;452857;206.2
2018;mco;patient;F;53;881;465434;189.3
2018;mco;patient;F;55;753;444000;169.6
2018;mco;patient;F;59;556;434309;128.0
2018;mco;patient;F;64;413;415475;99.4
2018;mco;patient;F;65;356;421369;84.5
2018;mco;patient;F;66;340;409535;83.0
2018;mco;patient;F;69;298;412455;72.3
2018;mco;patient;F;78;172;246400;69.8
2018;mco;patient;F;80;190;234600;81.0
2018;mco;patient;F;82;165;223687;73.8
2018;mco;patient;F;88;110;154892;71.0
2018;mco;patient;F;92;48;91986;52.2
2018;mco;patient;F;94;32;61870;51.7
2018;mco;patient;F;95;96;153890;62.4
2018;mco;patient;M;7;11;432825;2.5
2018;mco;patient;M;9;18;433803;4.1
2018;mco;patient;M;10;36;428243;8.4
2018;mco;patient;M;15;497;427699;116.2
2018;mco;patient;M;16;578;435812;132.6
2018;mco;patient;M;17;610;442390;137.9
2018;mco;patient;M;18;537;414836;129.4
2018;mco;patient;M;19;548;406173;134.9
2018;mco;patient;M;24;481;362149;132.8
2018;mco;patient;M;31;568;397851;142.8
2018;mco;patient;M;33;541;395309;136.9
2018;mco;patient;M;34;512;390567;131.1
2018;mco;patient;M;35;559;416441;134.2
2018;mco;patient;M;36;625;422048;148.1
2018;mco;patient;M;40;572;403214;141.9
2018;mco;patient;M;41;546;393027;138.9
2018;mco;patient;M;49;652;434843;149.9
2018;mco;patient;M;50;648;434330;149.2
2018;mco;patient;M;58;415;414729;100.1
2018;mco;patient;M;59;388;402335;96.4
2018;mco;patient;M;68;158;370388;42.7
2018;mco;patient;M;69;200;367703;54.4
2018;mco;patient;M;75;101;210376;48.0
2018;mco;patient;M;80;109;169770;64.2
2018;mco;patient;M;89;67;65293;102.6
2018;mco;patient;M;94;21;19968;105.2
2018;mco;sejours;F;8;7;409998;1.7
2018;mco;sejours;F;10;36;409857;8.8
2018;mco;sejours;F;12;605;407175;148.6
2018;mco;sejours;F;18;1343;391394;343.1
2018;mco;sejours;F;19;1265;386468;327.3
2018;mco;sejours;F;22;836;370699;225.5
2018;mco;sejours;F;23;790;362289;218.1
2018;mco;sejours;F;26;747;383792;194.6
2018;mco;sejours;F;28;659;401160;164.3
2018;mco;sejours;F;31;697;421233;165.5
2018;mco;sejours;F;32;674;421340;160.0
2018;mco;sejours;F;33;665;417484;159.3
2018;mco;sejours;F;34;641;412646;155.3
2018;mco;sejours;F;38;775;423429;183.0
2018;mco;sejours;F;39;717;412767;173.7
2018;mco;sejours;F;41;752;404551;185.9
2018;mco;sejours;F;47;1164;458258;254.0
2018;mco;sejours;F;48;1086;452857;239.8
2018;mco;sejours;F;51;1053;458009;229.9
2018;mco;sejours;F;54;975;459394;212.2
2018;mco;sejours;F;55;839;444000;189.0
2018;mco;sejours;F;61;518;429906;120.5
2018;mco;sejours;F;64;476;415475;114.6
2018;mco;sejours;F;65;396;421369;94.0
2018;mco;sejours;F;71;309;381591;81.0
2018;mco;sejours;F;74;224;273282;82.0
2018;mco;sejours;F;81;208;232289;89.5
2018;mco;sejours;F;84;155;207113;74.8
2018;mco;sejours;F;87;135;179939;75.0
2018;mco;sejours;F;88;121;154892;78.1
2018;mco;sejours;F;89;115;141272;81.4
2018;mco;sejours;F;90;70;122544;57.1
2018;mco;sejours;F;92;54;91986;58.7
2018;mco;sejours;M;10;36;428243;8.4
2018;mco;sejours;M;11;93;434252;21.4
2018;mco;sejours;M;12;162;426800;38.0
2018;mco;sejours;M;20;572;389581;146.8
2018;mco;sejours;M;32;685;397406;172.4
2018;mco;sejours;M;37;750;428325;175.1
2018;mco;sejours;M;40;710;403214;176.1
2018;mco;sejours;M;43;756;428251;176.5
2018;mco;sejours;M;45;871;461426;188.8
2018;mco;sejours;M;46;862;460116;187.3
2018;mco;sejours;M;49;792;434843;182.1
2018;mco;sejours;M;51;765;443691;172.4
2018;mco;sejours;M;52;697;443902;157.0
2018;mco;sejours;M;53;698;445784;156.6
2018;mco;sejours;M;56;543;422918;128.4
2018;mco;sejours;M;58;486;414729;117.2
2018;mco;sejours;M;59;444;402335;110.4
2018;mco;sejours;M;61;359;392540;91.5
2018;mco;sejours;M;62;293;386120;75.9
2018;mco;sejours;M;63;268;384108;69.8
2018;mco;sejours;M;68;172;370388;46.4
2018;mco;sejours;M;72;129;247242;52.2
2018;mco;sejours;M;73;128;239548;53.4
2018;mco;sejours;M;75;110;210376;52.3
2018;mco;sejours;M;78;113;188327;60.0
2018;mco;sejours;M;80;119;169770;70.1
2018;mco;sejours;M;82;137;149013;91.9
2018;mco;sejours;M;85;120;120419;99.7
2018;mco;sejours;M;90;61;53892;113.2
2018;psy;patient;F;14;90;405138;22.2
2018;psy;patient;F;16;209;412326;50.7
2018;psy;patient;F;18;226;391394;57.7
2018;psy;patient;F;27;104;393894;26.4
2018;psy;patient;F;31;81;421233;19.2
2018;psy;patient;F;32;99;421340;23.5
2018;psy;patient;F;33;90;417484;21.6
2018;psy;patient;F;34;82;412646;19.9
2018;psy;patient;F;38;98;423429;23.1
2018;psy;patient;F;41;101;404551;25.0
2018;psy;patient;F;43;131;436447;30.0
2018;psy;patient;F;53;145;465434;31.2
2018;psy;patient;F;56;118;444813;26.5
2018;psy;patient;F;58;105;442149;23.7
2018;psy;patient;F;60;85;431630;19.7
2018;psy;patient;F;61;84;429906;19.5
2018;psy;patient;F;66;61;409535;14.9
2018;psy;patient;F;67;65;422872;15.4
2018;psy;patient;F;68;58;415300;14.0
2018;psy;patient;F;69;57;412455;13.8
2018;psy;patient;F;71;60;381591;15.7
2018;psy;patient;F;75;27;252247;10.7
2018;psy;patient;F;76;38;225451;16.9
2018;psy;patient;F;80;26;234600;11.1
2018;psy;patient;F;82;15;223687;6.7
2018;psy;patient;F;83;18;222138;8.1
2018;psy;patient;F;89;12;141272;8.5
2018;psy;patient;F;90;7;122544;5.7
2018;psy;patient;F;91;8;108092;7.4
2018;psy;patient;M;12;14;1289295;3.3
2018;psy;patient;M;16;69;435812;15.8
2018;psy;patient;M;17;86;442390;19.4
2018;psy;patient;M;18;81;414836;19.5
2018;psy;patient;M;24;70;362149;19.3
2018;psy;patient;M;27;80;387167;20.7
2018;psy;patient;M;35;101;416441;24.3
2018;psy;patient;M;37;99;428325;23.1
2018;psy;patient;M;39;82;399922;20.5
2018;psy;patient;M;40;75;403214;18.6
2018;psy;patient;M;43;90;428251;21.0
2018;psy;patient;M;44;110;449030;24.5
2018;psy;patient;M;46;100;460116;21.7
2018;psy;patient;M;47;97;449142;21.6
2018;psy;patient;M;48;125;441950;28.3
2018;psy;patient;M;51;114;443691;25.7
2018;psy;patient;M;52;106;443902;23.9
2018;psy;patient;M;55;78;423357;18.4
2018;psy;patient;M;56;77;422918;18.2
2018;psy;patient;M;57;78;417628;18.7
2018;psy;patient;M;59;55;402335;13.7
2018;psy;patient;M;60;57;399143;14.3
2018;psy;patient;M;67;34;379860;9.0
2018;psy;patient;M;70;25;357655;7.0
2018;psy;patient;M;79;12;179227;6.7
2018;psy;patient;M;81;16;162654;9.8
2018;psy;patient;M;82;7;149013;4.7
2018;psy;patient;M;84;12;127680;9.4
2018;psy;patient;M;85;11;120419;9.1
2018;psy;patient;M;86;5;106265;4.7
2018;psy;patient;M;88;10;76825;13.0
2018;psy;patient;M;91;5;43456;11.5
2018;psy;patient;M;92;6;34951;17.2
2018;psy;patient;M;93;2;26374;7.6
2018;psy;patient;M;95;2;39962;5.0
2018;psy;sejours;F;14;208;405138;51.3
2018;psy;sejours;F;18;322;391394;82.3
2018;psy;sejours;F;19;250;386468;64.7
2018;psy;sejours;F;21;183;375178;48.8
2018;psy;sejours;F;22;143;370699;38.6
2018;psy;sejours;F;23;162;362289;44.7
2018;psy;sejours;F;24;118;361677;32.6
2018;psy;sejours;F;26;135;383792;35.2
2018;psy;sejours;F;27;181;393894;46.0
2018;psy;sejours;F;30;123;412206;29.8
2018;psy;sejours;F;39;125;412767;30.3
2018;psy;sejours;F;42;115;415511;27.7
2018;psy;sejours;F;46;140;467036;30.0
2018;psy;sejours;F;48;166;452857;36.7
2018;psy;sejours;F;51;221;458009;48.3
2018;psy;sejours;F;53;191;465434;41.0
2018;psy;sejours;F;54;172;459394;37.4
2018;psy;sejours;F;55;155;444000;34.9
2018;psy;sejours;F;57;145;444035;32.7
2018;psy;sejours;F;60;121;431630;28.0
2018;psy;sejours;F;63;102;423511;24.1
2018;psy;sejours;F;66;72;409535;17.6
2018;psy;sejours;F;75;32;252247;12.7
2018;psy;sejours;F;76;53;225451;23.5
2018;psy;sejours;F;77;34;234466;14.5
2018;psy;sejours;F;81;23;232289;9.9
2018;psy;sejours;F;82;21;223687;9.4
2018;psy;sejours;F;84;21;207113;10.1
2018;psy;sejours;F;85;25;205599;12.2
2018;psy;sejours;F;86;15;190620;7.9
2018;psy;sejours;F;90;8;122544;6.5
2018;psy;sejours;M;13;12;424703;2.8
2018;psy;sejours;M;14;27;423151;6.4
2018;psy;sejours;M;22;88;379967;23.2
2018;psy;sejours;M;28;122;385444;31.7
2018;psy;sejours;M;31;93;397851;23.4
2018;psy;sejours;M;35;133;416441;31.9
2018;psy;sejours;M;36;117;422048;27.7
2018;psy;sejours;M;37;158;428325;36.9
2018;psy;sejours;M;43;128;428251;29.9
2018;psy;sejours;M;44;154;449030;34.3
2018;psy;sejours;M;46;143;460116;31.1
2018;psy;sejours;M;48;149;441950;33.7
2018;psy;sejours;M;49;144;434843;33.1
2018;psy;sejours;M;52;135;443902;30.4
2018;psy;sejours;M;53;158;445784;35.4
2018;psy;sejours;M;54;104;438502;23.7
2018;psy;sejours;M;60;71;399143;17.8
2018;psy;sejours;M;62;68;386120;17.6
2018;psy;sejours;M;65;55;378730;14.5
2018;psy;sejours;M;66;37;367985;10.1
2018;psy;sejours;M;67;53;379860;14.0
2018;psy;sejours;M;68;38;370388;10.3
2018;psy;sejours;M;69;29;367703;7.9
2018;psy;sejours;M;76;22;183310;12.0
2018;psy;sejours;M;79;13;179227;7.3
2018;psy;sejours;M;80;10;169770;5.9
2018;psy;sejours;M;81;20;162654;12.3
2018;psy;sejours;M;86;8;106265;7.5
2018;psy;sejours;M;87;6;94154;6.4
2018;psy;sejours;M;88;11;76825;14.3
2018;psy;sejours;M;94;3;19968;15.0
2018;psy;sejours;M;95;3;39962;7.5
2019;mco;patient;F;6;13;400537;3.2
2019;mco;patient;F;10;41;412983;9.9
2019;mco;patient;F;13;1093;407636;268.1
2019;mco;patient;F;18;1200;415418;288.9
2019;mco;patient;F;20;974;383145;254.2
2019;mco;patient;F;24;610;361730;168.6
2019;mco;patient;F;26;565;378540;149.3
2019;mco;patient;F;31;533;414792;128.5
2019;mco;patient;F;35;537;415060;129.4
2019;mco;patient;F;36;572;440031;130.0
2019;mco;patient;F;38;646;450776;143.3
2019;mco;patient;F;39;635;425699;149.2
2019;mco;patient;F;42;619;404971;152.9
2019;mco;patient;F;50;851;448709;189.7
2019;mco;patient;F;52;858;457768;187.4
2019;mco;patient;F;53;835;458873;182.0
2019;mco;patient;F;60;508;433190;117.3
2019;mco;patient;F;61;454;430423;105.5
2019;mco;patient;F;62;450;429475;104.8
2019;mco;patient;F;63;414;425325;97.3
2019;mco;patient;F;64;402;422207;95.2
2019;mco;patient;F;65;383;413993;92.5
2019;mco;patient;F;70;255;410042;62.2
2019;mco;patient;F;73;221;286767;77.1
2019;mco;patient;F;79;179;242314;73.9
2019;mco;patient;F;84;123;212780;57.8
2019;mco;patient;F;88;109;165642;65.8
2019;mco;patient;F;89;77;141097;54.6
2019;mco;patient;F;90;75;126348;59.4
2019;mco;patient;F;91;71;107933;65.8
2019;mco;patient;F;92;59;93415;63.2
2019;mco;patient;F;93;59;77588;76.0
2019;mco;patient;M;7;19;423243;4.5
2019;mco;patient;M;8;24;435617;5.5
2019;mco;patient;M;16;515;429964;119.8
2019;mco;patient;M;19;537;412849;130.1
2019;mco;patient;M;21;487;387223;125.8
2019;mco;patient;M;25;465;360790;128.9
2019;mco;patient;M;26;479;373346;128.3
2019;mco;patient;M;31;565;393112;143.7
2019;mco;patient;M;38;599;429682;139.4
2019;mco;patient;M;39;583;407903;142.9
2019;mco;patient;M;46;704;462151;152.3
2019;mco;patient;M;49;638;441001;144.7
2019;mco;patient;M;51;607;433663;140.0
2019;mco;patient;M;53;587;442131;132.8
2019;mco;patient;M;55;486;436842;111.3
2019;mco;patient;M;61;310;396662;78.2
2019;mco;patient;M;62;289;389422;74.2
2019;mco;patient;M;64;223;380323;58.6
2019;mco;patient;M;66;201;374438;53.7
2019;mco;patient;M;70;168;361994;46.4
2019;mco;patient;M;71;142;351816;40.4
2019;mco;patient;M;74;112;233689;47.9
2019;mco;patient;M;75;108;224452;48.1
2019;mco;patient;M;76;110;204988;53.7
2019;mco;patient;M;77;97;177491;54.7
2019;mco;patient;M;79;91;181370;50.2
2019;mco;patient;M;82;94;154940;60.7
2019;mco;patient;M;83;93;140205;66.3
2019;mco;patient;M;88;75;83630;89.7
2019;mco;patient;M;89;70;66862;104.7
2019;mco;patient;M;94;27;20552;131.4
2019;mco;sejours;F;9;12;411935;2.9
2019;mco;sejours;F;10;43;412983;10.4
2019;mco;sejours;F;15;2360;405804;581.6
2019;mco;sejours;F;16;2020;408331;494.7
2019;mco;sejours;F;19;1391;389599;357.0
2019;mco;sejours;F;21;942;371061;253.9
2019;mco;sejours;F;22;902;373304;241.6
2019;mco;sejours;F;23;852;369273;230.7
2019;mco;sejours;F;25;736;361479;203.6
2019;mco;sejours;F;29;644;403205;159.7
2019;mco;sejours;F;32;656;423917;154.7
2019;mco;sejours;F;43;740;416548;177.7
2019;mco;sejours;F;44;882;437494;201.6
2019;mco;sejours;F;45;1021;460625;221.7
2019;mco;sejours;F;60;578;433190;133.4
2019;mco;sejours;F;64;456;422207;108.0
2019;mco;sejours;F;65;432;413993;104.3
2019;mco;sejours;F;71;315;400719;78.6
2019;mco;sejours;F;73;243;286767;84.7
2019;mco;sejours;F;75;208;270315;76.9
2019;mco;sejours;F;76;177;249261;71.0
2019;mco;sejours;F;77;165;222164;74.3
2019;mco;sejours;F;80;200;233991;85.5
2019;mco;sejours;F;82;163;224648;72.6
2019;mco;sejours;F;83;167;215750;77.4
2019;mco;sejours;F;89;82;141097;58.1
2019;mco;sejours;F;91;75;107933;69.5
2019;mco;sejours;F;92;64;93415;68.5
2019;mco;sejours;M;12;145;435916;33.3
2019;mco;sejours;M;13;202;427658;47.2
2019;mco;sejours;M;14;381;425944;89.4
2019;mco;sejours;M;15;539;425023;126.8
2019;mco;sejours;M;16;597;429964;138.8
2019;mco;sejours;M;21;572;387223;147.7
2019;mco;sejours;M;27;625;379370;164.7
2019;mco;sejours;M;35;646;392237;164.7
2019;mco;sejours;M;36;749;418555;178.9
2019;mco;sejours;M;39;723;407903;177.2
2019;mco;sejours;M;40;701;401303;174.7
2019;mco;sejours;M;44;727;428887;169.5
2019;mco;sejours;M;53;703;442131;159.0
2019;mco;sejours;M;56;536;422490;126.9
2019;mco;sejours;M;57;507;420998;120.4
2019;mco;sejours;M;58;516;415568;124.2
2019;mco;sejours;M;59;428;412029;103.9
2019;mco;sejours;M;61;352;396662;88.7
2019;mco;sejours;M;64;259;380323;68.1
2019;mco;sejours;M;66;227;374438;60.6
2019;mco;sejours;M;69;171;364943;46.9
2019;mco;sejours;M;78;103;179667;57.3
2019;mco;sejours;M;79;97;181370;53.5
2019;mco;sejours;M;81;100;162169;61.7
2019;mco;sejours;M;82;99;154940;63.9
2019;mco;sejours;M;86;81;109566;73.9
2019;mco;sejours;M;88;84;83630;100.4
2019;mco;sejours;M;90;56;55436;101.0
2019;mco;sejours;M;92;48;35332;135.9
2019;psy;patient;F;12;32;1241754;7.7
2019;psy;patient;F;14;96;406194;23.6
2019;psy;patient;F;15;166;405804;40.9
2019;psy;patient;F;22;119;373304;31.9
2019;psy;patient;F;23;123;369273;33.3
2019;psy;patient;F;25;107;361479;29.6
2019;psy;patient;F;26;99;378540;26.2
2019;psy;patient;F;28;92;395671;23.3
2019;psy;patient;F;29;88;403205;21.8
2019;psy;patient;F;31;72;414792;17.4
2019;psy;patient;F;35;68;415060;16.4
2019;psy;patient;F;36;94;440031;21.4
2019;psy;patient;F;39;92;425699;21.6
2019;psy;patient;F;42;91;404971;22.5
2019;psy;patient;F;46;167;469836;35.5
2019;psy;patient;F;47;141;466954;30.2
2019;psy;patient;F;52;142;457768;31.0
2019;psy;patient;F;53;169;458873;36.8
2019;psy;patient;F;61;81;430423;18.8
2019;psy;patient;F;62;101;429475;23.5
2019;psy;patient;F;63;72;425325;16.9
2019;psy;patient;F;65;60;413993;14.5
2019;psy;patient;F;66;64;420310;15.2
2019;psy;patient;F;67;62;407605;15.2
2019;psy;patient;F;70;57;410042;13.9
2019;psy;patient;F;72;51;378192;13.5
2019;psy;patient;F;73;36;286767;12.6
2019;psy;patient;F;75;47;270315;17.4
2019;psy;patient;F;76;34;249261;13.6
2019;psy;patient;F;80;25;233991;10.7
2019;psy;patient;F;81;23;228740;10.1
2019;psy;patient;F;84;17;212780;8.0
2019;psy;patient;F;86;9;194778;4.6
2019;psy;patient;F;87;13;178029;7.3
2019;psy;patient;F;91;9;107933;8.3
2019;psy;patient;M;13;8;427658;1.9
2019;psy;patient;M;15;39;425023;9.2
2019;psy;patient;M;18;87;443190;19.6
2019;psy;patient;M;19;89;412849;21.6
2019;psy;patient;M;20;71;402482;17.6
2019;psy;patient;M;23;82;375947;21.8
2019;psy;patient;M;25;74;360790;20.5
2019;psy;patient;M;29;63;386046;16.3
2019;psy;patient;M;31;91;393112;23.1
2019;psy;patient;M;33;88;398898;22.1
2019;psy;patient;M;35;74;392237;18.9
2019;psy;patient;M;37;106;423315;25.0
2019;psy;patient;M;38;100;429682;23.3
2019;psy;patient;M;39;78;407903;19.1
2019;psy;patient;M;43;89;407414;21.8
2019;psy;patient;M;44;94;428887;21.9
2019;psy;patient;M;49;84;441001;19.0
2019;psy;patient;M;53;95;442131;21.5
2019;psy;patient;M;55;78;436842;17.9
2019;psy;patient;M;56;74;422490;17.5
2019;psy;patient;M;59;57;412029;13.8
2019;psy;patient;M;68;19;374451;5.1
2019;psy;patient;M;78;12;179667;6.7
2019;psy;patient;M;79;13;181370;7.2
2019;psy;patient;M;81;15;162169;9.2
2019;psy;patient;M;91;2;45100;4.4
2019;psy;patient;M;92;2;35332;5.7
2019;psy;patient;M;93;3;27586;10.9
2019;psy;sejours;F;13;121;407636;29.7
2019;psy;sejours;F;17;294;412587;71.3
2019;psy;sejours;F;18;334;415418;80.4
2019;psy;sejours;F;24;172;361730;47.5
2019;psy;sejours;F;26;128;378540;33.8
2019;psy;sejours;F;27;137;384645;35.6
2019;psy;sejours;F;28;146;395671;36.9
2019;psy;sejours;F;41;103;415154;24.8
2019;psy;sejours;F;43;160;416548;38.4
2019;psy;sejours;F;51;200;446738;44.8
2019;psy;sejours;F;53;230;458873;50.1
2019;psy;sejours;F;54;156;464459;33.6
2019;psy;sejours;F;58;145;443877;32.7
2019;psy;sejours;F;61;110;430423;25.6
2019;psy;sejours;F;62;124;429475;28.9
2019;psy;sejours;F;64;136;422207;32.2
2019;psy;sejours;F;66;77;420310;18.3
2019;psy;sejours;F;70;75;410042;18.3
2019;psy;sejours;F;72;61;378192;16.1
2019;psy;sejours;F;77;27;222164;12.2
2019;psy;sejours;F;81;31;228740;13.6
2019;psy;sejours;F;85;16;197638;8.1
2019;psy;sejours;F;86;10;194778;5.1
2019;psy;sejours;F;87;15;178029;8.4
2019;psy;sejours;F;89;11;141097;7.8
2019;psy;sejours;F;90;7;126348;5.5
2019;psy;sejours;F;94;2;62449;3.2
2019;psy;sejours;M;12;11;1301710;2.5
2019;psy;sejours;M;14;38;425944;8.9
2019;psy;sejours;M;15;61;425023;14.4
2019;psy;sejours;M;17;78;437451;17.8
2019;psy;sejours;M;23;98;375947;26.1
2019;psy;sejours;M;26;83;373346;22.2
2019;psy;sejours;M;28;96;388556;24.7
2019;psy;sejours;M;30;97;392800;24.7
2019;psy;sejours;M;33;122;398898;30.6
2019;psy;sejours;M;34;124;398076;31.1
2019;psy;sejours;M;37;144;423315;34.0
2019;psy;sejours;M;39;100;407903;24.5
2019;psy;sejours;M;40;117;401303;29.2
2019;psy;sejours;M;41;120;404098;29.7
2019;psy;sejours;M;44;136;428887;31.7
2019;psy;sejours;M;46;140;462151;30.3
2019;psy;sejours;M;49;116;441001;26.3
2019;psy;sejours;M;51;146;433663;33.7
2019;psy;sejours;M;55;120;436842;27.5
2019;psy;sejours;M;59;77;412029;18.7
2019;psy;sejours;M;60;54;399797;13.5
2019;psy;sejours;M;61;65;396662;16.4
2019;psy;sejours;M;69;39;364943;10.7
2019;psy;sejours;M;76;22;204988;10.7
2019;psy;sejours;M;78;15;179667;8.3
2019;psy;sejours;M;79;14;181370;7.7
2019;psy;sejours;M;80;17;172087;9.9
2019;psy;sejours;M;81;16;162169;9.9
2019;psy;sejours;M;88;9;83630;10.8
2019;psy;sejours;M;89;10;66862;15.0
2020;mco;patient;F;10;31;412283;7.5
2020;mco;patient;F;12;497;412986;120.3
2020;mco;patient;F;16;1418;404230;350.8
2020;mco;patient;F;17;1351;406444;332.4
2020;mco;patient;F;18;1086;405551;267.8
2020;mco;patient;F;22;668;368907;181.1
2020;mco;patient;F;32;486;420009;115.7
2020;mco;patient;F;33;492;427324;115.1
2020;mco;patient;F;34;484;427645;113.2
2020;mco;patient;F;38;544;444549;122.4
2020;mco;patient;F;39;567;452285;125.4
2020;mco;patient;F;41;493;416502;118.4
2020;mco;patient;F;43;545;404433;134.8
2020;mco;patient;F;46;758;459095;165.1
2020;mco;patient;F;49;788;457249;172.3
2020;mco;patient;F;54;723;458447;157.7
2020;mco;patient;F;58;550;443787;123.9
2020;mco;patient;F;60;466;441589;105.5
2020;mco;patient;F;64;396;424054;93.4
2020;mco;patient;F;66;328;411476;79.7
2020;mco;patient;F;67;325;418567;77.6
2020;mco;patient;F;68;308;404819;76.1
2020;mco;patient;F;70;275;409625;67.1
2020;mco;patient;F;71;231;407094;56.7
2020;mco;patient;F;74;188;283320;66.4
2020;mco;patient;F;75;164;274764;59.7
2020;mco;patient;F;88;123;164569;74.7
2020;mco;patient;M;6;12;412562;2.9
2020;mco;patient;M;7;9;423638;2.1
2020;mco;patient;M;9;25;437138;5.7
2020;mco;patient;M;10;36;432491;8.3
2020;mco;patient;M;11;65;435640;14.9
2020;mco;patient;M;15;388;428918;90.5
2020;mco;patient;M;22;434;382623;113.4
2020;mco;patient;M;23;467;378889;123.3
2020;mco;patient;M;24;466;372585;125.1
2020;mco;patient;M;25;475;360199;131.9
2020;mco;patient;M;35;508;399031;127.3
2020;mco;patient;M;36;525;393796;133.3
2020;mco;patient;M;38;507;424129;119.5
2020;mco;patient;M;39;573;431574;132.8
2020;mco;patient;M;42;538;403556;133.3
2020;mco;patient;M;48;606;458821;132.1
2020;mco;patient;M;57;380;419277;90.6
2020;mco;patient;M;69;194;369182;52.5
2020;mco;patient;M;70;170;357703;47.5
2020;mco;patient;M;72;160;343730;46.5
2020;mco;patient;M;76;106;217547;48.7
2020;mco;patient;M;77;101;198041;51.0
2020;mco;patient;M;85;93;122191;76.1
2020;mco;patient;M;90;62;57294;108.2
2020;mco;patient;M;91;64;46539;137.5
2020;mco;patient;M;92;41;36150;113.4
2020;mco;patient;M;93;24;28230;85.0
2020;mco;sejours;F;6;3;396119;0.8
2020;mco;sejours;F;10;38;412283;9.2
2020;mco;sejours;F;13;1202;416365;288.7
2020;mco;sejours;F;16;1764;404230;436.4
2020;mco;sejours;F;18;1309;405551;322.8
2020;mco;sejours;F;20;1174;381619;307.6
2020;mco;sejours;F;24;701;369391;189.8
2020;mco;sejours;F;31;588;416970;141.0
2020;mco;sejours;F;34;570;427645;133.3
2020;mco;sejours;F;39;685;452285;151.5
2020;mco;sejours;F;40;627;426357;147.1
2020;mco;sejours;F;41;578;416502;138.8
2020;mco;sejours;F;42;640;415460;154.0
2020;mco;sejours;F;44;707;417037;169.5
2020;mco;sejours;F;47;978;469277;208.4
2020;mco;sejours;F;48;912;466714;195.4
2020;mco;sejours;F;57;649;443768;146.2
2020;mco;sejours;F;58;629;443787;141.7
2020;mco;sejours;F;59;561;443053;126.6
2020;mco;sejours;F;61;506;431526;117.3
2020;mco;sejours;F;62;458;430460;106.4
2020;mco;sejours;F;66;377;411476;91.6
2020;mco;sejours;F;67;375;418567;89.6
2020;mco;sejours;F;68;339;404819;83.7
2020;mco;sejours;F;70;295;409625;72.0
2020;mco;sejours;F;75;183;274764;66.6
2020;mco;sejours;F;78;168;217290;77.3
2020;mco;sejours;F;79;147;224792;65.4
2020;mco;sejours;F;86;163;185956;87.7
2020;mco;sejours;F;90;102;127194;80.2
2020;mco;sejours;M;7;9;423638;2.1
2020;mco;sejours;M;8;14;425072;3.3
2020;mco;sejours;M;12;128;430844;29.7
2020;mco;sejours;M;14;344;428760;80.2
2020;mco;sejours;M;15;473;428918;110.3
2020;mco;sejours;M;17;587;428726;136.9
2020;mco;sejours;M;18;505;432408;116.8
2020;mco;sejours;M;22;503;382623;131.5
2020;mco;sejours;M;26;491;360781;136.1
2020;mco;sejours;M;27;596;375318;158.8
2020;mco;sejours;M;29;612;392352;156.0
2020;mco;sejours;M;30;603;391740;153.9
2020;mco;sejours;M;35;623;399031;156.1
2020;mco;sejours;M;36;664;393796;168.6
2020;mco;sejours;M;37;699;421460;165.9
2020;mco;sejours;M;39;714;431574;165.4
2020;mco;sejours;M;41;628;402203;156.1
2020;mco;sejours;M;45;735;429105;171.3
2020;mco;sejours;M;46;763;448597;170.1
2020;mco;sejours;M;52;586;431320;135.9
2020;mco;sejours;M;58;455;418556;108.7
2020;mco;sejours;M;64;262;379201;69.1
2020;mco;sejours;M;67;212;369515;57.4
2020;mco;sejours;M;71;153;355216;43.1
2020;mco;sejours;M;76;123;217547;56.5
2020;mco;sejours;M;77;112;198041;56.6
2020;mco;sejours;M;78;111;171664;64.7
2020;mco;sejours;M;82;111;153647;72.2
2020;mco;sejours;M;84;91;130131;69.9
2020;mco;sejours;M;85;105;122191;85.9
2020;mco;sejours;M;87;108;98369;109.8
2020;mco;sejours;M;94;28;21062;132.9
2020;mco;sejours;M;95;70;45118;155.1
2020;psy;patient;F;17;235;406444;57.8
2020;psy;patient;F;18;250;405551;61.6
2020;psy;patient;F;19;217;407871;53.2
2020;psy;patient;F;24;101;369391;27.3
2020;psy;patient;F;25;103;363264;28.4
2020;psy;patient;F;31;104;416970;24.9
2020;psy;patient;F;32;97;420009;23.1
2020;psy;patient;F;33;99;427324;23.2
2020;psy;patient;F;41;88;416502;21.1
2020;psy;patient;F;43;109;404433;27.0
2020;psy;patient;F;46;132;459095;28.8
2020;psy;patient;F;47;141;469277;30.0
2020;psy;patient;F;48;145;466714;31.1
2020;psy;patient;F;50;163;452362;36.0
2020;psy;patient;F;51;145;448036;32.4
2020;psy;patient;F;54;122;458447;26.6
2020;psy;patient;F;63;79;427312;18.5
2020;psy;patient;F;70;58;409625;14.2
2020;psy;patient;F;76;36;266843;13.5
2020;psy;patient;F;79;27;224792;12.0
2020;psy;patient;F;81;36;227159;15.8
2020;psy;patient;F;89;8;150380;5.3
2020;psy;patient;F;91;11;111087;9.9
2020;psy;patient;F;95;4;173022;2.3
2020;psy;patient;M;12;6;1298975;1.4
2020;psy;patient;M;19;91;435363;20.9
2020;psy;patient;M;20;76;402819;18.9
2020;psy;patient;M;21;85;393219;21.6
2020;psy;patient;M;26;66;360781;18.3
2020;psy;patient;M;27;65;375318;17.3
2020;psy;patient;M;29;96;392352;24.5
2020;psy;patient;M;34;79;401643;19.7
2020;psy;patient;M;37;83;421460;19.7
2020;psy;patient;M;38;87;424129;20.5
2020;psy;patient;M;39;91;431574;21.1
2020;psy;patient;M;41;88;402203;21.9
2020;psy;patient;M;46;104;448597;23.2
2020;psy;patient;M;47;103;461833;22.3
2020;psy;patient;M;49;104;446342;23.3
2020;psy;patient;M;50;97;439257;22.1
2020;psy;patient;M;51;84;432053;19.4
2020;psy;patient;M;52;97;431320;22.5
2020;psy;patient;M;53;98;440176;22.3
2020;psy;patient;M;58;80;418556;19.1
2020;psy;patient;M;63;38;386096;9.8
2020;psy;patient;M;67;34;369515;9.2
2020;psy;patient;M;69;31;369182;8.4
2020;psy;patient;M;72;32;343730;9.3
2020;psy;patient;M;76;15;217547;6.9
2020;psy;patient;M;77;19;198041;9.6
2020;psy;patient;M;79;11;173265;6.3
2020;psy;patient;M;80;12;173267;6.9
2020;psy;patient;M;81;14;163784;8.5
2020;psy;patient;M;83;25;145782;17.1
2020;psy;patient;M;85;10;122191;8.2
2020;psy;patient;M;88;13;84756;15.3
2020;psy;patient;M;89;9;72543;12.4
2020;psy;patient;M;91;4;46539;8.6
2020;psy;patient;M;93;1;28230;3.5
2020;psy;sejours;F;12;68;1238648;16.5
2020;psy;sejours;F;21;272;378615;71.8
2020;psy;sejours;F;26;119;364007;32.7
2020;psy;sejours;F;28;126;389549;32.3
2020;psy;sejours;F;35;121;422984;28.6
2020;psy;sejours;F;36;104;416794;25.0
2020;psy;sejours;F;39;125;452285;27.6
2020;psy;sejours;F;40;114;426357;26.7
2020;psy;sejours;F;41;107;416502;25.7
2020;psy;sejours;F;49;201;457249;44.0
2020;psy;sejours;F;52;179;444426;40.3
2020;psy;sejours;F;56;182;459110;39.6
2020;psy;sejours;F;60;109;441589;24.7
2020;psy;sejours;F;61;102;431526;23.6
2020;psy;sejours;F;66;80;411476;19.4
2020;psy;sejours;F;69;90;417056;21.6
2020;psy;sejours;F;71;66;407094;16.2
2020;psy;sejours;F;72;69;396742;17.4
2020;psy;sejours;F;77;43;245300;17.5
2020;psy;sejours;F;82;37;220741;16.8
2020;psy;sejours;F;83;26;216522;12.0
2020;psy;sejours;F;87;14;182008;7.7
2020;psy;sejours;F;88;16;164569;9.7
2020;psy;sejours;F;89;8;150380;5.3
2020;psy;sejours;F;91;13;111087;11.7
2020;psy;sejours;F;93;1;79522;1.3
2020;psy;sejours;F;94;2;64452;3.1
2020;psy;sejours;F;95;11;173022;6.4
2020;psy;sejours;M;13;16;437147;3.7
2020;psy;sejours;M;15;59;428918;13.8
2020;psy;sejours;M;18;95;432408;22.0
2020;psy;sejours;M;21;104;393219;26.4
2020;psy;sejours;M;24;101;372585;27.1
2020;psy;sejours;M;27;88;375318;23.4
2020;psy;sejours;M;30;108;391740;27.6
2020;psy;sejours;M;31;118;397450;29.7
2020;psy;sejours;M;32;98;396573;24.7
2020;psy;sejours;M;36;120;393796;30.5
2020;psy;sejours;M;38;113;424129;26.6
2020;psy;sejours;M;41;125;402203;31.1
2020;psy;sejours;M;42;119;403556;29.5
2020;psy;sejours;M;43;112;392926;28.5
2020;psy;sejours;M;48;114;458821;24.8
2020;psy;sejours;M;53;133;440176;30.2
2020;psy;sejours;M;57;78;419277;18.6
2020;psy;sejours;M;62;80;393499;20.3
2020;psy;sejours;M;70;42;357703;11.7
2020;psy;sejours;M;73;26;320056;8.1
2020;psy;sejours;M;74;23;237066;9.7
2020;psy;sejours;M;78;12;171664;7.0
2020;psy;sejours;M;81;16;163784;9.8
2020;psy;sejours;M;82;12;153647;7.8
2020;psy;sejours;M;83;28;145782;19.2
2020;psy;sejours;M;93;2;28230;7.1
2021;mco;patient;F;7;4;398906;1.0
2021;mco;patient;F;11;252;414090;60.9
2021;mco;patient;F;17;1850;400997;461.4
2021;mco;patient;F;25;627;371001;169.0
2021;mco;patient;F;29;478;396627;120.5
2021;mco;patient;F;32;478;423847;112.8
2021;mco;patient;F;33;443;424861;104.3
2021;mco;patient;F;37;506;422123;119.9
2021;mco;patient;F;38;485;445289;108.9
2021;mco;patient;F;39;525;447025;117.4
2021;mco;patient;F;41;559;428973;130.3
2021;mco;patient;F;43;523;416549;125.6
2021;mco;patient;F;45;614;417521;147.1
2021;mco;patient;F;46;662;437919;151.2
2021;mco;patient;F;48;749;468216;160.0
2021;mco;patient;F;53;682;445661;153.0
2021;mco;patient;F;54;657;456323;144.0
2021;mco;patient;F;57;596;458299;130.0
2021;mco;patient;F;58;502;443057;113.3
2021;mco;patient;F;61;470;440522;106.7
2021;mco;patient;F;64;363;425116;85.4
2021;mco;patient;F;67;307;410013;74.9
2021;mco;patient;F;80;153;218244;70.1
2021;mco;patient;F;83;134;211352;63.4
2021;mco;patient;F;92;62;95190;65.1
2021;mco;patient;F;93;43;78496;54.8
2021;mco;patient;M;11;96;435367;22.1
2021;mco;patient;M;13;205;433207;47.3
2021;mco;patient;M;16;509;431464;118.0
2021;mco;patient;M;17;576;424907;135.6
2021;mco;patient;M;20;536;424448;126.3
2021;mco;patient;M;21;530;397904;133.2
2021;mco;patient;M;22;550;389278;141.3
2021;mco;patient;M;23;480;379099;126.6
2021;mco;patient;M;24;456;376995;121.0
2021;mco;patient;M;26;438;361950;121.0
2021;mco;patient;M;30;473;398269;118.8
2021;mco;patient;M;33;492;401569;122.5
2021;mco;patient;M;38;538;424615;126.7
2021;mco;patient;M;40;555;433880;127.9
2021;mco;patient;M;43;443;404935;109.4
2021;mco;patient;M;44;503;394800;127.4
2021;mco;patient;M;46;538;429559;125.2
2021;mco;patient;M;47;583;449296;129.8
2021;mco;patient;M;48;565;462660;122.1
2021;mco;patient;M;50;569;447143;127.3
2021;mco;patient;M;52;495;431258;114.8
2021;mco;patient;M;54;467;439834;106.2
2021;mco;patient;M;63;272;389783;69.8
2021;mco;patient;M;67;171;360635;47.4
2021;mco;patient;M;73;143;335199;42.7
2021;mco;patient;M;75;126;230816;54.6
2021;mco;patient;M;76;101;220603;45.8
2021;mco;patient;M;78;90;190879;47.2
2021;mco;patient;M;83;97;142762;67.9
2021;mco;patient;M;84;92;134491;68.4
2021;mco;patient;M;87;70;95157;73.6
2021;mco;patient;M;88;77;86127;89.4
2021;mco;patient;M;91;46;47118;97.6
2021;mco;patient;M;94;17;21500;79.1
2021;mco;sejours;F;6;3;396046;0.8
2021;mco;sejours;F;8;11;405843;2.7
2021;mco;sejours;F;10;55;419704;13.1
2021;mco;sejours;F;11;326;414090;78.7
2021;mco;sejours;F;12;1085;416075;260.8
2021;mco;sejours;F;17;2176;400997;542.6
2021;mco;sejours;F;28;581;389467;149.2
2021;mco;sejours;F;33;496;424861;116.7
2021;mco;sejours;F;34;581;430983;134.8
2021;mco;sejours;F;35;555;430947;128.8
2021;mco;sejours;F;37;616;422123;145.9
2021;mco;sejours;F;39;640;447025;143.2
2021;mco;sejours;F;40;636;455234;139.7
2021;mco;sejours;F;41;674;428973;157.1
2021;mco;sejours;F;43;612;416549;146.9
2021;mco;sejours;F;46;834;437919;190.4
2021;mco;sejours;F;49;904;466815;193.7
2021;mco;sejours;F;50;885;457332;193.5
2021;mco;sejours;F;53;797;445661;178.8
2021;mco;sejours;F;62;465;430203;108.1
2021;mco;sejours;F;68;330;415889;79.3
2021;mco;sejours;F;70;310;414072;74.9
2021;mco;sejours;F;72;245;402810;60.8
2021;mco;sejours;F;74;233;370838;62.8
2021;mco;sejours;F;75;246;278606;88.3
2021;mco;sejours;F;76;208;269881;77.1
2021;mco;sejours;F;78;182;240342;75.7
2021;mco;sejours;F;83;143;211352;67.7
2021;mco;sejours;F;85;153;195249;78.4
2021;mco;sejours;F;87;140;173751;80.6
2021;mco;sejours;F;89;116;149253;77.7
2021;mco;sejours;F;93;47;78496;59.9
2021;mco;sejours;F;95;108;177879;60.7
2021;mco;sejours;M;6;3;411469;0.7
2021;mco;sejours;M;8;16;425507;3.8
2021;mco;sejours;M;10;37;438643;8.4
2021;mco;sejours;M;13;248;433207;57.2
2021;mco;sejours;M;15;633;435134;145.5
2021;mco;sejours;M;16;633;431464;146.7
2021;mco;sejours;M;18;578;424193;136.3
2021;mco;sejours;M;21;615;397904;154.6
2021;mco;sejours;M;22;664;389278;170.6
2021;mco;sejours;M;24;625;376995;165.8
2021;mco;sejours;M;25;556;374747;148.4
2021;mco;sejours;M;26;536;361950;148.1
2021;mco;sejours;M;28;556;378884;146.7
2021;mco;sejours;M;30;582;398269;146.1
2021;mco;sejours;M;33;611;401569;152.2
2021;mco;sejours;M;34;641;407876;157.2
2021;mco;sejours;M;38;644;424615;151.7
2021;mco;sejours;M;41;653;410524;159.1
2021;mco;sejours;M;42;608;402511;151.1
2021;mco;sejours;M;44;605;394800;153.2
2021;mco;sejours;M;47;709;449296;157.8
2021;mco;sejours;M;49;715;458281;156.0
2021;mco;sejours;M;50;654;447143;146.3
2021;mco;sejours;M;51;593;438760;135.2
2021;mco;sejours;M;54;571;439834;129.8
2021;mco;sejours;M;56;505;442155;114.2
2021;mco;sejours;M;64;262;382773;68.4
2021;mco;sejours;M;65;245;374917;65.3
2021;mco;sejours;M;67;193;360635;53.5
2021;mco;sejours;M;70;174;362643;48.0
2021;mco;sejours;M;72;155;347852;44.6
2021;mco;sejours;M;73;160;335199;47.7
2021;mco;sejours;M;75;144;230816;62.4
2021;mco;sejours;M;76;110;220603;49.9
2021;mco;sejours;M;86;74;110177;67.2
2021;mco;sejours;M;89;88;72814;120.9
2021;mco;sejours;M;90;71;60515;117.3
2021;mco;sejours;M;91;49;47118;104.0
2021;mco;sejours;M;93;30;28137;106.6
2021;psy;patient;F;14;247;418858;59.0
2021;psy;patient;F;15;287;412447;69.6
2021;psy;patient;F;16;390;406902;95.8
2021;psy;patient;F;19;298;397866;74.9
2021;psy;patient;F;20;258;401503;64.3
2021;psy;patient;F;26;102;368493;27.7
2021;psy;patient;F;28;96;389467;24.6
2021;psy;patient;F;29;88;396627;22.2
2021;psy;patient;F;31;97;412430;23.5
2021;psy;patient;F;32;91;423847;21.5
2021;psy;patient;F;36;93;426271;21.8
2021;psy;patient;F;37;81;422123;19.2
2021;psy;patient;F;41;103;428973;24.0
2021;psy;patient;F;42;77;417619;18.4
2021;psy;patient;F;48;153;468216;32.7
2021;psy;patient;F;49;148;466815;31.7
2021;psy;patient;F;50;148;457332;32.4
2021;psy;patient;F;51;125;451754;27.7
2021;psy;patient;F;52;146;447418;32.6
2021;psy;patient;F;56;113;463825;24.4
2021;psy;patient;F;57;123;458299;26.8
2021;psy;patient;F;62;81;430203;18.8
2021;psy;patient;F;65;53;421941;12.6
2021;psy;patient;F;67;54;410013;13.2
2021;psy;patient;F;68;55;415889;13.2
2021;psy;patient;F;70;62;414072;15.0
2021;psy;patient;F;72;41;402810;10.2
2021;psy;patient;F;77;42;260877;16.1
2021;psy;patient;F;80;35;218244;16.0
2021;psy;patient;F;82;17;218853;7.8
2021;psy;patient;F;84;23;206990;11.1
2021;psy;patient;F;85;23;195249;11.8
2021;psy;patient;F;93;2;78496;2.5
2021;psy;patient;F;94;1;65323;1.5
2021;psy;patient;M;13;12;433207;2.8
2021;psy;patient;M;15;33;435134;7.6
2021;psy;patient;M;21;85;397904;21.4
2021;psy;patient;M;24;77;376995;20.4
2021;psy;patient;M;28;70;378884;18.5
2021;psy;patient;M;31;81;396925;20.4
2021;psy;patient;M;32;82;404266;20.3
2021;psy;patient;M;33;75;401569;18.7
2021;psy;patient;M;40;82;433880;18.9
2021;psy;patient;M;44;80;394800;20.3
2021;psy;patient;M;46;94;429559;21.9
2021;psy;patient;M;47;94;449296;20.9
2021;psy;patient;M;48;101;462660;21.8
2021;psy;patient;M;49;115;458281;25.1
2021;psy;patient;M;50;82;447143;18.3
2021;psy;patient;M;55;74;438178;16.9
2021;psy;patient;M;58;65;418321;15.5
2021;psy;patient;M;59;54;417076;12.9
2021;psy;patient;M;60;66;411784;16.0
2021;psy;patient;M;61;46;406128;11.3
2021;psy;patient;M;63;52;389783;13.3
2021;psy;patient;M;66;43;370750;11.6
2021;psy;patient;M;67;24;360635;6.7
2021;psy;patient;M;68;30;363089;8.3
2021;psy;patient;M;70;21;362643;5.8
2021;psy;patient;M;71;27;351394;7.7
2021;psy;patient;M;73;24;335199;7.2
2021;psy;patient;M;77;14;210752;6.6
2021;psy;patient;M;78;16;190879;8.4
2021;psy;patient;M;79;4;164198;2.4
2021;psy;patient;M;85;10;118879;8.4
2021;psy;patient;M;88;13;86127;15.1
2021;psy;patient;M;93;3;28137;10.7
2021;psy;sejours;F;13;225;414640;54.3
2021;psy;sejours;F;15;447;412447;108.4
2021;psy;sejours;F;19;439;397866;110.3
2021;psy;sejours;F;21;309;378866;81.6
2021;psy;sejours;F;26;137;368493;37.2
2021;psy;sejours;F;27;119;369920;32.2
2021;psy;sejours;F;30;149;408259;36.5
2021;psy;sejours;F;34;131;430983;30.4
2021;psy;sejours;F;37;112;422123;26.5
2021;psy;sejours;F;44;144;404860;35.6
2021;psy;sejours;F;45;150;417521;35.9
2021;psy;sejours;F;48;205;468216;43.8
2021;psy;sejours;F;49;210;466815;45.0
2021;psy;sejours;F;52;180;447418;40.2
2021;psy;sejours;F;53;143;445661;32.1
2021;psy;sejours;F;54;162;456323;35.5
2021;psy;sejours;F;57;152;458299;33.2
2021;psy;sejours;F;63;108;427564;25.3
2021;psy;sejours;F;66;73;417806;17.5
2021;psy;sejours;F;71;60;407694;14.7
2021;psy;sejours;F;73;64;393028;16.3
2021;psy;sejours;F;84;25;206990;12.1
2021;psy;sejours;F;85;34;195249;17.4
2021;psy;sejours;F;91;8;110237;7.3
2021;psy;sejours;F;92;4;95190;4.2
2021;psy;sejours;M;16;106;431464;24.6
2021;psy;sejours;M;17;112;424907;26.4
2021;psy;sejours;M;18;152;424193;35.8
2021;psy;sejours;M;19;138;424103;32.5
2021;psy;sejours;M;20;146;424448;34.4
2021;psy;sejours;M;22;114;389278;29.3
2021;psy;sejours;M;28;103;378884;27.2
2021;psy;sejours;M;33;96;401569;23.9
2021;psy;sejours;M;37;92;399156;23.0
2021;psy;sejours;M;39;131;427970;30.6
2021;psy;sejours;M;42;103;402511;25.6
2021;psy;sejours;M;48;146;462660;31.6
2021;psy;sejours;M;51;137;438760;31.2
2021;psy;sejours;M;58;78;418321;18.6
2021;psy;sejours;M;59;69;417076;16.5
2021;psy;sejours;M;61;55;406128;13.5
2021;psy;sejours;M;64;49;382773;12.8
2021;psy;sejours;M;65;48;374917;12.8
2021;psy;sejours;M;66;54;370750;14.6
2021;psy;sejours;M;68;37;363089;10.2
2021;psy;sejours;M;71;33;351394;9.4
2021;psy;sejours;M;72;29;347852;8.3
2021;psy;sejours;M;76;17;220603;7.7
2021;psy;sejours;M;78;19;190879;10.0
2021;psy;sejours;M;85;11;118879;9.3
2021;psy;sejours;M;91;5;47118;10.6
2021;psy;sejours;M;93;3;28137;10.7
2022;mco;patient;F;6;4;385182;1.0
2022;mco;patient;F;9;17;408424;4.2
2022;mco;patient;F;14;2699;415742;649.2
2022;mco;patient;F;17;2156;404378;533.2
2022;mco;patient;F;20;1306;393791;331.6
2022;mco;patient;F;21;1102;398972;276.2
2022;mco;patient;F;22;1035;378829;273.2
2022;mco;patient;F;26;558;376812;148.1
2022;mco;patient;F;29;460;397798;115.6
2022;mco;patient;F;33;435;429448;101.3
2022;mco;patient;F;35;501;436013;114.9
2022;mco;patient;F;36;493;436130;113.0
2022;mco;patient;F;41;536;459318;116.7
2022;mco;patient;F;45;549;406919;134.9
2022;mco;patient;F;51;693;457624;151.4
2022;mco;patient;F;52;688;451711;152.3
2022;mco;patient;F;55;609;456484;133.4
2022;mco;patient;F;56;584;457318;127.7
2022;mco;patient;F;59;453;443032;102.2
2022;mco;patient;F;60;449;441537;101.7
2022;mco;patient;F;62;394;437446;90.1
2022;mco;patient;F;64;378;425764;88.8
2022;mco;patient;F;67;291;414728;70.2
2022;mco;patient;F;70;281;399310;70.4
2022;mco;patient;F;73;241;397747;60.6
2022;mco;patient;F;74;257;389317;66.0
2022;mco;patient;F;75;235;365301;64.3
2022;mco;patient;F;76;222;273534;81.2
2022;mco;patient;F;77;156;263931;59.1
2022;mco;patient;F;81;159;211575;75.2
2022;mco;patient;F;82;161;220018;73.2
2022;mco;patient;F;83;157;210443;74.6
2022;mco;patient;F;85;160;195497;81.8
2022;mco;patient;F;88;117;159123;73.5
2022;mco;patient;F;89;110;151045;72.8
2022;mco;patient;F;90;77;133697;57.6
2022;mco;patient;F;93;48;80049;60.0
2022;mco;patient;F;95;123;143674;85.6
2022;mco;patient;M;10;38;429750;8.8
2022;mco;patient;M;13;202;441185;45.8
2022;mco;patient;M;17;544;431634;126.0
2022;mco;patient;M;21;546;418773;130.4
2022;mco;patient;M;22;530;394872;134.2
2022;mco;patient;M;23;496;387358;128.0
2022;mco;patient;M;29;453;386841;117.1
2022;mco;patient;M;30;476;391496;121.6
2022;mco;patient;M;35;512;413771;123.7
2022;mco;patient;M;37;493;407231;121.1
2022;mco;patient;M;39;484;428653;112.9
2022;mco;patient;M;44;452;407919;110.8
2022;mco;patient;M;47;537;431985;124.3
2022;mco;patient;M;48;559;450730;124.0
2022;mco;patient;M;50;519;457168;113.5
2022;mco;patient;M;52;506;438063;115.5
2022;mco;patient;M;53;483;431158;112.0
2022;mco;patient;M;54;429;429988;99.8
2022;mco;patient;M;57;388;442545;87.7
2022;mco;patient;M;62;257;404030;63.6
2022;mco;patient;M;63;281;390648;71.9
2022;mco;patient;M;69;185;357272;51.8
2022;mco;patient;M;70;160;345745;46.3
2022;mco;patient;M;72;143;345398;41.4
2022;mco;patient;M;74;157;327305;48.0
2022;mco;patient;M;75;151;303905;49.7
2022;mco;patient;M;76;115;223618;51.4
2022;mco;patient;M;79;87;182743;47.6
2022;mco;patient;M;80;96;156779;61.2
2022;mco;patient;M;84;108;132736;81.4
2022;mco;patient;M;87;92;98884;93.0
2022;mco;patient;M;88;81;83764;96.7
2022;mco;patient;M;91;58;50027;115.9
2022;mco;patient;M;93;30;29395;102.1
2022;mco;sejours;F;6;6;385182;1.6
2022;mco;sejours;F;7;4;397685;1.0
2022;mco;sejours;F;8;3;400575;0.7
2022;mco;sejours;F;12;978;417180;234.4
2022;mco;sejours;F;14;3622;415742;871.2
2022;mco;sejours;F;15;3668;421418;870.4
2022;mco;sejours;F;17;2599;404378;642.7
2022;mco;sejours;F;19;1875;394020;475.9
2022;mco;sejours;F;22;1314;378829;346.9
2022;mco;sejours;F;23;1087;380008;286.0
2022;mco;sejours;F;25;784;376974;208.0
2022;mco;sejours;F;32;567;420816;134.7
2022;mco;sejours;F;33;553;429448;128.8
2022;mco;sejours;F;34;578;431370;134.0
2022;mco;sejours;F;37;558;432858;128.9
2022;mco;sejours;F;42;642;430387;149.2
2022;mco;sejours;F;45;686;406919;168.6
2022;mco;sejours;F;46;674;418147;161.2
2022;mco;sejours;F;52;817;451711;180.9
2022;mco;sejours;F;54;705;446251;158.0
2022;mco;sejours;F;55;693;456484;151.8
2022;mco;sejours;F;56;686;457318;150.0
2022;mco;sejours;F;58;618;458614;134.8
2022;mco;sejours;F;59;522;443032;117.8
2022;mco;sejours;F;60;509;441537;115.3
2022;mco;sejours;F;64;432;425764;101.5
2022;mco;sejours;F;73;267;397747;67.1
2022;mco;sejours;F;83;172;210443;81.7
2022;mco;sejours;F;84;182;201450;90.3
2022;mco;sejours;F;92;61;94463;64.6
2022;mco;sejours;M;9;32;427591;7.5
2022;mco;sejours;M;14;370;437123;84.6
2022;mco;sejours;M;15;568;446608;127.2
2022;mco;sejours;M;16;653;436078;149.7
2022;mco;sejours;M;17;643;431634;149.0
2022;mco;sejours;M;20;695;417963;166.3
2022;mco;sejours;M;25;556;379294;146.6
2022;mco;sejours;M;30;569;391496;145.3
2022;mco;sejours;M;31;601;405208;148.3
2022;mco;sejours;M;34;602;408827;147.3
2022;mco;sejours;M;37;585;407231;143.7
2022;mco;sejours;M;38;653;404080;161.6
2022;mco;sejours;M;43;547;406388;134.6
2022;mco;sejours;M;45;582;397278;146.5
2022;mco;sejours;M;47;638;431985;147.7
2022;mco;sejours;M;48;697;450730;154.6
2022;mco;sejours;M;52;594;438063;135.6
2022;mco;sejours;M;57;450;442545;101.7
2022;mco;sejours;M;60;362;414496;87.3
2022;mco;sejours;M;75;163;303905;53.6
2022;mco;sejours;M;84;115;132736;86.6
2022;mco;sejours;M;86;93;108123;86.0
2022;mco;sejours;M;88;90;83764;107.4
2022;mco;sejours;M;90;65;61857;105.1
2022;mco;sejours;M;94;33;21630;152.6
2022;psy;patient;F;14;289;415742;69.5
2022;psy;patient;F;15;421;421418;99.9
2022;psy;patient;F;21;307;398972;76.9
2022;psy;patient;F;22;273;378829;72.1
2022;psy;patient;F;23;212;380008;55.8
2022;psy;patient;F;25;175;376974;46.4
2022;psy;patient;F;26;150;376812;39.8
2022;psy;patient;F;28;106;376745;28.1
2022;psy;patient;F;35;105;436013;24.1
2022;psy;patient;F;37;115;432858;26.6
2022;psy;patient;F;39;95;448391;21.2
2022;psy;patient;F;41;139;459318;30.3
2022;psy;patient;F;42;98;430387;22.8
2022;psy;patient;F;43;103;420203;24.5
2022;psy;patient;F;48;138;459844;30.0
2022;psy;patient;F;54;122;446251;27.3
2022;psy;patient;F;56;133;457318;29.1
2022;psy;patient;F;57;127;463417;27.4
2022;psy;patient;F;61;92;441196;20.9
2022;psy;patient;F;63;93;428362;21.7
2022;psy;patient;F;66;84;419203;20.0
2022;psy;patient;F;67;68;414728;16.4
2022;psy;patient;F;69;66;412265;16.0
2022;psy;patient;F;73;49;397747;12.3
2022;psy;patient;F;75;41;365301;11.2
2022;psy;patient;F;76;45;273534;16.5
2022;psy;patient;F;78;37;254591;14.5
2022;psy;patient;F;82;30;220018;13.6
2022;psy;patient;F;83;31;210443;14.7
2022;psy;patient;F;87;19;175986;10.8
2022;psy;patient;F;89;13;151045;8.6
2022;psy;patient;F;91;7;116540;6.0
2022;psy;patient;F;94;5;64022;7.8
2022;psy;patient;M;17;107;431634;24.8
2022;psy;patient;M;18;123;420507;29.3
2022;psy;patient;M;19;115;418319;27.5
2022;psy;patient;M;20;126;417963;30.1
2022;psy;patient;M;23;88;387358;22.7
2022;psy;patient;M;26;105;377523;27.8
2022;psy;patient;M;32;102;404401;25.2
2022;psy;patient;M;33;75;410062;18.3
2022;psy;patient;M;34;93;408827;22.7
2022;psy;patient;M;35;85;413771;20.5
2022;psy;patient;M;36;78;412719;18.9
2022;psy;patient;M;38;95;404080;23.5
2022;psy;patient;M;39;82;428653;19.1
2022;psy;patient;M;43;85;406388;20.9
2022;psy;patient;M;45;91;397278;22.9
2022;psy;patient;M;46;81;409912;19.8
2022;psy;patient;M;48;111;450730;24.6
2022;psy;patient;M;49;101;462652;21.8
2022;psy;patient;M;53;104;431158;24.1
2022;psy;patient;M;55;95;439542;21.6
2022;psy;patient;M;56;67;439496;15.2
2022;psy;patient;M;57;86;442545;19.4
2022;psy;patient;M;58;79;432010;18.3
2022;psy;patient;M;59;77;416564;18.5
2022;psy;patient;M;61;68;409498;16.6
2022;psy;patient;M;65;47;377862;12.4
2022;psy;patient;M;66;52;369837;14.1
2022;psy;patient;M;71;18;355450;5.1
2022;psy;patient;M;72;28;345398;8.1
2022;psy;patient;M;74;33;327305;10.1
2022;psy;patient;M;76;24;223618;10.7
2022;psy;patient;M;79;19;182743;10.4
2022;psy;patient;M;80;13;156779;8.3
2022;psy;patient;M;88;5;83764;6.0
2022;psy;patient;M;89;4;74331;5.4
2022;psy;patient;M;92;5;37892;13.2
2022;psy;patient;M;94;3;21630;13.9
2022;psy;sejours;F;13;247;418337;59.0
2022;psy;sejours;F;16;898;411761;218.1
2022;psy;sejours;F;18;729;394527;184.8
2022;psy;sejours;F;20;460;393791;116.8
2022;psy;sejours;F;21;438;398972;109.8
2022;psy;sejours;F;24;253;373456;67.7
2022;psy;sejours;F;29;125;397798;31.4
2022;psy;sejours;F;32;163;420816;38.7
2022;psy;sejours;F;34;154;431370;35.7
2022;psy;sejours;F;35;135;436013;31.0
2022;psy;sejours;F;47;185;438414;42.2
2022;psy;sejours;F;54;160;446251;35.9
2022;psy;sejours;F;58;208;458614;45.4
2022;psy;sejours;F;59;127;443032;28.7
2022;psy;sejours;F;61;123;441196;27.9
2022;psy;sejours;F;62;118;437446;27.0
2022;psy;sejours;F;63;116;428362;27.1
2022;psy;sejours;F;64;107;425764;25.1
2022;psy;sejours;F;69;84;412265;20.4
2022;psy;sejours;F;70;64;399310;16.0
2022;psy;sejours;F;79;44;234543;18.8
2022;psy;sejours;F;84;36;201450;17.9
2022;psy;sejours;F;94;5;64022;7.8
2022;psy;sejours;F;95;4;143674;2.8
2022;psy;sejours;M;16;177;436078;40.6
2022;psy;sejours;M;17;168;431634;38.9
2022;psy;sejours;M;19;142;418319;33.9
2022;psy;sejours;M;23;116;387358;29.9
2022;psy;sejours;M;24;100;380540;26.3
2022;psy;sejours;M;26;124;377523;32.8
2022;psy;sejours;M;27;106;368107;28.8
2022;psy;sejours;M;30;141;391496;36.0
2022;psy;sejours;M;31;93;405208;23.0
2022;psy;sejours;M;34;117;408827;28.6
2022;psy;sejours;M;38;113;404080;28.0
2022;psy;sejours;M;42;170;412666;41.2
2022;psy;sejours;M;43;98;406388;24.1
2022;psy;sejours;M;45;111;397278;27.9
2022;psy;sejours;M;46;110;409912;26.8
2022;psy;sejours;M;47;129;431985;29.9
2022;psy;sejours;M;48;140;450730;31.1
2022;psy;sejours;M;51;141;447712;31.5
2022;psy;sejours;M;52;123;438063;28.1
2022;psy;sejours;M;53;124;431158;28.8
2022;psy;sejours;M;54;110;429988;25.6
2022;psy;sejours;M;56;83;439496;18.9
2022;psy;sejours;M;57;113;442545;25.5
2022;psy;sejours;M;63;67;390648;17.2
2022;psy;sejours;M;69;39;357272;10.9
2022;psy;sejours;M;70;34;345745;9.8
2022;psy;sejours;M;71;23;355450;6.5
2022;psy;sejours;M;77;9;212899;4.2
2022;psy;sejours;M;80;20;156779;12.8
2022;psy;sejours;M;82;10;154180;6.5
2022;psy;sejours;M;84;10;132736;7.5
2022;psy;sejours;M;86;12;108123;11.1
2022;psy;sejours;M;87;12;98884;12.1
2022;psy;sejours;M;89;4;74331;5.4
2022;psy;sejours;M;91;13;50027;26.0
2022;psy;sejours;M;93;4;29395;13.6
2022;psy;sejours;M;94;4;21630;18.5
2023;mco;patient;F;11;242;412488;58.7
2023;mco;patient;F;12;873;422698;206.5
2023;mco;patient;F;14;2672;420279;635.8
2023;mco;patient;F;15;2856;417410;684.2
2023;mco;patient;F;16;2409;419144;574.7
2023;mco;patient;F;17;2189;407612;537.0
2023;mco;patient;F;22;1140;398633;286.0
2023;mco;patient;F;23;971;381381;254.6
2023;mco;patient;F;28;512;381040;134.4
2023;mco;patient;F;29;526;384820;136.7
2023;mco;patient;F;32;481;425029;113.2
2023;mco;patient;F;37;503;440681;114.1
2023;mco;patient;F;43;560;432511;129.5
2023;mco;patient;F;46;549;408289;134.5
2023;mco;patient;F;49;711;461707;154.0
2023;mco;patient;F;58;488;462754;105.5
2023;mco;patient;F;59;502;459329;109.3
2023;mco;patient;F;61;439;441058;99.5
2023;mco;patient;F;63;372;435062;85.5
2023;mco;patient;F;70;258;408192;63.2
2023;mco;patient;F;71;263;395368;66.5
2023;mco;patient;F;79;181;249830;72.4
2023;mco;patient;F;86;132;185797;71.0
2023;mco;patient;F;87;109;172606;63.1
2023;mco;patient;F;88;135;163650;82.5
2023;mco;patient;F;93;54;81157;66.5
2023;mco;patient;M;6;10;394979;2.5
2023;mco;patient;M;10;29;429677;6.7
2023;mco;patient;M;15;462;440792;104.8
2023;mco;patient;M;16;509;447086;113.8
2023;mco;patient;M;20;546;410453;133.0
2023;mco;patient;M;21;600;411909;145.7
2023;mco;patient;M;23;520;394374;131.9
2023;mco;patient;M;25;500;382668;130.7
2023;mco;patient;M;35;495;414730;119.4
2023;mco;patient;M;40;479;431388;111.0
2023;mco;patient;M;43;516;414889;124.4
2023;mco;patient;M;51;526;456250;115.3
2023;mco;patient;M;62;276;407344;67.8
2023;mco;patient;M;63;280;401909;69.7
2023;mco;patient;M;64;219;388020;56.4
2023;mco;patient;M;67;199;366343;54.3
2023;mco;patient;M;70;139;351940;39.5
2023;mco;patient;M;72;165;349064;47.3
2023;mco;patient;M;75;114;318982;35.7
2023;mco;patient;M;76;143;295720;48.4
2023;mco;patient;M;77;107;217335;49.2
2023;mco;patient;M;80;93;175312;53.0
2023;mco;patient;M;81;89;149665;59.5
2023;mco;patient;M;85;87;122631;70.9
2023;mco;patient;M;87;86;98112;87.7
2023;mco;patient;M;88;81;89093;90.9
2023;mco;patient;M;90;42;64640;65.0
2023;mco;patient;M;91;51;52513;97.1
2023;mco;patient;M;94;23;23012;99.9
2023;mco;patient;M;95;46;48213;95.4
2023;mco;sejours;F;6;5;375834;1.3
2023;mco;sejours;F;9;20;403370;5.0
2023;mco;sejours;F;15;3741;417410;896.2
2023;mco;sejours;F;17;2638;407612;647.2
2023;mco;sejours;F;18;2209;397907;555.2
2023;mco;sejours;F;20;1816;387123;469.1
2023;mco;sejours;F;21;1584;390720;405.4
2023;mco;sejours;F;25;878;377817;232.4
2023;mco;sejours;F;26;757;382917;197.7
2023;mco;sejours;F;29;662;384820;172.0
2023;mco;sejours;F;30;592;405008;146.2
2023;mco;sejours;F;32;608;425029;143.0
2023;mco;sejours;F;42;745;460819;161.7
2023;mco;sejours;F;43;666;432511;154.0
2023;mco;sejours;F;49;823;461707;178.3
2023;mco;sejours;F;50;926;469369;197.3
2023;mco;sejours;F;51;899;466783;192.6
2023;mco;sejours;F;53;802;451345;177.7
2023;mco;sejours;F;57;630;457440;137.7
2023;mco;sejours;F;58;547;462754;118.2
2023;mco;sejours;F;59;567;459329;123.4
2023;mco;sejours;F;62;445;439580;101.2
2023;mco;sejours;F;65;393;423752;92.7
2023;mco;sejours;F;66;364;420818;86.5
2023;mco;sejours;F;70;289;408192;70.8
2023;mco;sejours;F;72;293;405800;72.2
2023;mco;sejours;F;78;203;259422;78.3
2023;mco;sejours;F;85;167;191569;87.2
2023;mco;sejours;F;86;140;185797;75.4
2023;mco;sejours;F;87;117;172606;67.8
2023;mco;sejours;F;88;147;163650;89.8
2023;mco;sejours;F;89;112;147051;76.2
2023;mco;sejours;F;93;59;81157;72.7
2023;mco;sejours;M;12;163;444215;36.7
2023;mco;sejours;M;13;218;438624;49.7
2023;mco;sejours;M;14;434;444230;97.7
2023;mco;sejours;M;15;561;440792;127.3
2023;mco;sejours;M;20;669;410453;163.0
2023;mco;sejours;M;29;592;376425;157.3
2023;mco;sejours;M;30;556;393126;141.4
2023;mco;sejours;M;31;581;398142;145.9
2023;mco;sejours;M;32;587;411705;142.6
2023;mco;sejours;M;35;580;414730;139.9
2023;mco;sejours;M;38;698;411326;169.7
2023;mco;sejours;M;39;648;406414;159.4
2023;mco;sejours;M;40;593;431388;137.5
2023;mco;sejours;M;41;640;432342;148.0
2023;mco;sejours;M;43;660;414889;159.1
2023;mco;sejours;M;44;610;407757;149.6
2023;mco;sejours;M;48;589;432091;136.3
2023;mco;sejours;M;53;617;438330;140.8
2023;mco;sejours;M;65;224;382195;58.6
2023;mco;sejours;M;67;217;366343;59.2
2023;mco;sejours;M;68;203;362594;56.0
2023;mco;sejours;M;71;152;339540;44.8
2023;mco;sejours;M;72;178;349064;51.0
2023;mco;sejours;M;74;189;333433;56.7
2023;mco;sejours;M;77;118;217335;54.3
2023;mco;sejours;M;83;84;145741;57.6
2023;mco;sejours;M;84;93;134702;69.0
2023;mco;sejours;M;88;87;89093;97.7
2023;mco;sejours;M;89;85;73492;115.7
2023;mco;sejours;M;92;48;41304;116.2
2023;mco;sejours;M;95;56;48213;116.2
2023;psy;patient;F;12;103;1245957;24.4
2023;psy;patient;F;15;472;417410;113.1
2023;psy;patient;F;19;491;388082;126.5
2023;psy;patient;F;21;382;390720;97.8
2023;psy;patient;F;23;279;381381;73.2
2023;psy;patient;F;25;200;377817;52.9
2023;psy;patient;F;27;166;384304;43.2
2023;psy;patient;F;29;119;384820;30.9
2023;psy;patient;F;30;125;405008;30.9
2023;psy;patient;F;31;126;410533;30.7
2023;psy;patient;F;32;113;425029;26.6
2023;psy;patient;F;33;114;427891;26.6
2023;psy;patient;F;35;109;435540;25.0
2023;psy;patient;F;41;149;452368;32.9
2023;psy;patient;F;42;127;460819;27.6
2023;psy;patient;F;43;106;432511;24.5
2023;psy;patient;F;46;136;408289;33.3
2023;psy;patient;F;47;154;419616;36.7
2023;psy;patient;F;56;170;456496;37.2
2023;psy;patient;F;58;140;462754;30.3
2023;psy;patient;F;62;107;439580;24.3
2023;psy;patient;F;63;77;435062;17.7
2023;psy;patient;F;66;93;420818;22.1
2023;psy;patient;F;70;79;408192;19.4
2023;psy;patient;F;71;60;395368;15.2
2023;psy;patient;F;85;23;191569;12.0
2023;psy;patient;F;87;21;172606;12.2
2023;psy;patient;F;88;16;163650;9.8
2023;psy;patient;F;90;11;137119;8.0
2023;psy;patient;F;93;5;81157;6.2
2023;psy;patient;F;94;7;67271;10.4
2023;psy;patient;M;13;24;438624;5.5
2023;psy;patient;M;19;113;415553;27.2
2023;psy;patient;M;21;132;411909;32.0
2023;psy;patient;M;23;111;394374;28.1
2023;psy;patient;M;26;99;382781;25.9
2023;psy;patient;M;28;76;373517;20.3
2023;psy;patient;M;30;91;393126;23.1
2023;psy;patient;M;34;102;414927;24.6
2023;psy;patient;M;38;114;411326;27.7
2023;psy;patient;M;40;86;431388;19.9
2023;psy;patient;M;51;106;456250;23.2
2023;psy;patient;M;52;130;448013;29.0
2023;psy;patient;M;55;94;430656;21.8
2023;psy;patient;M;61;75;412970;18.2
2023;psy;patient;M;63;49;401909;12.2
2023;psy;patient;M;66;47;373466;12.6
2023;psy;patient;M;67;43;366343;11.7
2023;psy;patient;M;68;40;362594;11.0
2023;psy;patient;M;70;42;351940;11.9
2023;psy;patient;M;71;29;339540;8.5
2023;psy;patient;M;78;14;206632;6.8
2023;psy;patient;M;79;15;196377;7.6
2023;psy;patient;M;80;15;175312;8.6
2023;psy;patient;M;85;12;122631;9.8
2023;psy;patient;M;87;10;98112;10.2
2023;psy;patient;M;89;4;73492;5.4
2023;psy;patient;M;91;10;52513;19.0
2023;psy;patient;M;93;3;30474;9.8
2023;psy;patient;M;94;3;23012;13.0
2023;psy;patient;M;95;2;48213;4.1
2023;psy;sejours;F;14;513;420279;122.1
2023;psy;sejours;F;20;661;387123;170.7
2023;psy;sejours;F;21;538;390720;137.7
2023;psy;sejours;F;23;389;381381;102.0
2023;psy;sejours;F;29;159;384820;41.3
2023;psy;sejours;F;39;171;430673;39.7
2023;psy;sejours;F;40;156;451583;34.5
2023;psy;sejours;F;42;167;460819;36.2
2023;psy;sejours;F;45;200;421215;47.5
2023;psy;sejours;F;47;208;419616;49.6
2023;psy;sejours;F;48;195;438757;44.4
2023;psy;sejours;F;57;179;457440;39.1
2023;psy;sejours;F;58;177;462754;38.2
2023;psy;sejours;F;61;149;441058;33.8
2023;psy;sejours;F;66;107;420818;25.4
2023;psy;sejours;F;75;56;384559;14.6
2023;psy;sejours;F;76;51;358657;14.2
2023;psy;sejours;F;79;36;249830;14.4
2023;psy;sejours;F;81;44;201559;21.8
2023;psy;sejours;F;89;13;147051;8.8
2023;psy;sejours;F;94;8;67271;11.9
2023;psy;sejours;F;95;7;188106;3.7
2023;psy;sejours;M;13;37;438624;8.4
2023;psy;sejours;M;14;106;444230;23.9
2023;psy;sejours;M;15;83;440792;18.8
2023;psy;sejours;M;17;137;432799;31.7
2023;psy;sejours;M;22;149;414862;35.9
2023;psy;sejours;M;27;115;382393;30.1
2023;psy;sejours;M;30;115;393126;29.3
2023;psy;sejours;M;36;156;417920;37.3
2023;psy;sejours;M;38;164;411326;39.9
2023;psy;sejours;M;39;141;406414;34.7
2023;psy;sejours;M;43;163;414889;39.3
2023;psy;sejours;M;45;151;410515;36.8
2023;psy;sejours;M;49;174;450766;38.6
2023;psy;sejours;M;50;180;461831;39.0
2023;psy;sejours;M;51;138;456250;30.2
2023;psy;sejours;M;53;149;438330;34.0
2023;psy;sejours;M;55;120;430656;27.9
2023;psy;sejours;M;62;92;407344;22.6
2023;psy;sejours;M;65;69;382195;18.1
2023;psy;sejours;M;66;141;373466;37.8
2023;psy;sejours;M;67;51;366343;13.9
2023;psy;sejours;M;68;48;362594;13.2
2023;psy;sejours;M;70;53;351940;15.1
2023;psy;sejours;M;74;35;333433;10.5
2023;psy;sejours;M;75;29;318982;9.1
2023;psy;sejours;M;78;17;206632;8.2
2023;psy;sejours;M;80;19;175312;10.8
2023;psy;sejours;M;83;11;145741;7.5
2023;psy;sejours;M;87;11;98112;11.2
2023;psy;sejours;M;89;4;73492;5.4
2023;psy;sejours;M;90;3;64640;4.6
2023;psy;sejours;M;93;4;30474;13.1
2024;mco;patient;F;7;4;378663;1.1
2024;mco;patient;F;9;17;402789;4.2
2024;mco;patient;F;11;242;413042;58.6
2024;mco;patient;F;13;2412;424681;568.0
2024;mco;patient;F;14;3361;420505;799.3
2024;mco;patient;F;19;1656;390290;424.3
2024;mco;patient;F;20;1414;381409;370.7
2024;mco;patient;F;27;624;388810;160.5
2024;mco;patient;F;28;566;390110;145.1
2024;mco;patient;F;30;491;391708;125.3
2024;mco;patient;F;32;511;417443;122.4
2024;mco;patient;F;34;451;432209;104.3
2024;mco;patient;F;39;595;439011;135.5
2024;mco;patient;F;40;524;433359;120.9
2024;mco;patient;F;42;544;453320;120.0
2024;mco;patient;F;45;567;422923;134.1
2024;mco;patient;F;47;600;408764;146.8
2024;mco;patient;F;56;540;446176;121.0
2024;mco;patient;F;57;555;455759;121.8
2024;mco;patient;F;60;447;457581;97.7
2024;mco;patient;F;62;380;438666;86.6
2024;mco;patient;F;64;367;432556;84.8
2024;mco;patient;F;68;278;412603;67.4
2024;mco;patient;F;70;265;399567;66.3
2024;mco;patient;F;76;220;377867;58.2
2024;mco;patient;F;87;135;174783;77.2
2024;mco;patient;F;88;122;159927;76.3
2024;mco;patient;F;89;112;150421;74.5
2024;mco;patient;F;93;67;87219;76.8
2024;mco;patient;M;8;10;409601;2.4
2024;mco;patient;M;10;32;423381;7.6
2024;mco;patient;M;16;618;442077;139.8
2024;mco;patient;M;17;610;445666;136.9
2024;mco;patient;M;18;535;427376;125.2
2024;mco;patient;M;20;589;406151;145.0
2024;mco;patient;M;23;585;412326;141.9
2024;mco;patient;M;27;480;386994;124.0
2024;mco;patient;M;28;479;386787;123.8
2024;mco;patient;M;30;504;381982;131.9
2024;mco;patient;M;37;541;422363;128.1
2024;mco;patient;M;38;542;421325;128.6
2024;mco;patient;M;40;548;408351;134.2
2024;mco;patient;M;42;603;433492;139.1
2024;mco;patient;M;44;532;416473;127.7
2024;mco;patient;M;52;548;455510;120.3
2024;mco;patient;M;53;553;447431;123.6
2024;mco;patient;M;54;511;437715;116.7
2024;mco;patient;M;58;395;437507;90.3
2024;mco;patient;M;64;271;398428;68.0
2024;mco;patient;M;69;192;357216;53.7
2024;mco;patient;M;76;138;310123;44.5
2024;mco;patient;M;77;144;286812;50.2
2024;mco;patient;M;79;79;199043;39.7
2024;mco;patient;M;83;68;140044;48.6
2024;mco;patient;M;87;79;102382;77.2
2024;mco;patient;M;88;86;88053;97.7
2024;mco;patient;M;89;60;78574;76.4
2024;mco;sejours;F;6;4;366920;1.1
2024;mco;sejours;F;10;39;405876;9.6
2024;mco;sejours;F;17;2986;415608;718.5
2024;mco;sejours;F;18;2184;400059;545.9
2024;mco;sejours;F;23;1404;400244;350.8
2024;mco;sejours;F;24;1177;384477;306.1
2024;mco;sejours;F;25;1009;387283;260.5
2024;mco;sejours;F;27;787;388810;202.4
2024;mco;sejours;F;28;687;390110;176.1
2024;mco;sejours;F;30;631;391708;161.1
2024;mco;sejours;F;38;588;443600;132.6
2024;mco;sejours;F;39;758;439011;172.7
2024;mco;sejours;F;40;647;433359;149.3
2024;mco;sejours;F;42;663;453320;146.3
2024;mco;sejours;F;45;687;422923;162.4
2024;mco;sejours;F;47;700;408764;171.2
2024;mco;sejours;F;52;830;466411;178.0
2024;mco;sejours;F;53;815;458583;177.7
2024;mco;sejours;F;56;623;446176;139.6
2024;mco;sejours;F;58;577;456672;126.3
2024;mco;sejours;F;63;469;436809;107.4
2024;mco;sejours;F;64;398;432556;92.0
2024;mco;sejours;F;68;323;412603;78.3
2024;mco;sejours;F;71;291;404927;71.9
2024;mco;sejours;F;78;236;264086;89.4
2024;mco;sejours;F;79;200;254020;78.7
2024;mco;sejours;F;80;189;243245;77.7
2024;mco;sejours;F;82;186;195086;95.3
2024;mco;sejours;F;83;150;197137;76.1
2024;mco;sejours;F;87;146;174783;83.5
2024;mco;sejours;F;90;109;133005;82.0
2024;mco;sejours;M;7;15;398974;3.8
2024;mco;sejours;M;9;39;420399;9.3
2024;mco;sejours;M;12;171;433740;39.4
2024;mco;sejours;M;20;693;406151;170.6
2024;mco;sejours;M;22;736;407593;180.6
2024;mco;sejours;M;23;732;412326;177.5
2024;mco;sejours;M;33;680;416578;163.2
2024;mco;sejours;M;38;685;421325;162.6
2024;mco;sejours;M;40;701;408351;171.7
2024;mco;sejours;M;41;655;433608;151.1
2024;mco;sejours;M;42;720;433492;166.1
2024;mco;sejours;M;47;596;399395;149.2
2024;mco;sejours;M;50;671;450074;149.1
2024;mco;sejours;M;51;669;461220;145.1
2024;mco;sejours;M;55;517;430240;120.2
2024;mco;sejours;M;59;405;440290;92.0
2024;mco;sejours;M;61;337;412892;81.6
2024;mco;sejours;M;63;258;404277;63.8
2024;mco;sejours;M;65;263;383770;68.5
2024;mco;sejours;M;67;241;369095;65.3
2024;mco;sejours;M;69;210;357216;58.8
2024;mco;sejours;M;70;180;344918;52.2
2024;mco;sejours;M;75;152;324927;46.8
2024;mco;sejours;M;80;111;188250;59.0
2024;mco;sejours;M;81;108;167088;64.6
2024;mco;sejours;M;82;85;142111;59.8
2024;mco;sejours;M;83;76;140044;54.3
2024;mco;sejours;M;84;62;136267;45.5
2024;mco;sejours;M;86;77;112528;68.4
2024;mco;sejours;M;89;63;78574;80.2
2024;mco;sejours;M;90;50;63745;78.4
2024;mco;sejours;M;91;50;55089;90.8
2024;psy;patient;F;13;220;424681;51.8
2024;psy;patient;F;14;390;420505;92.7
2024;psy;patient;F;15;509;422962;120.3
2024;psy;patient;F;17;535;415608;128.7
2024;psy;patient;F;18;588;400059;147.0
2024;psy;patient;F;19;535;390290;137.1
2024;psy;patient;F;23;283;400244;70.7
2024;psy;patient;F;25;201;387283;51.9
2024;psy;patient;F;36;126;439085;28.7
2024;psy;patient;F;40;131;433359;30.2
2024;psy;patient;F;42;138;453320;30.4
2024;psy;patient;F;49;158;439418;36.0
2024;psy;patient;F;53;177;458583;38.6
2024;psy;patient;F;60;132;457581;28.8
2024;psy;patient;F;64;85;432556;19.7
2024;psy;patient;F;65;92;423686;21.7
2024;psy;patient;F;72;70;392062;17.9
2024;psy;patient;F;75;60;387633;15.5
2024;psy;patient;F;77;47;352037;13.4
2024;psy;patient;F;79;37;254020;14.6
2024;psy;patient;F;90;10;133005;7.5
2024;psy;patient;F;92;4;104595;3.8
2024;psy;patient;F;93;6;87219;6.9
2024;psy;patient;F;94;5;67833;7.4
2024;psy;patient;F;95;4;195195;2.0
2024;psy;patient;M;12;21;1289779;4.8
2024;psy;patient;M;16;101;442077;22.8
2024;psy;patient;M;20;135;406151;33.2
2024;psy;patient;M;21;114;404024;28.2
2024;psy;patient;M;22;122;407593;29.9
2024;psy;patient;M;23;134;412326;32.5
2024;psy;patient;M;28;109;386787;28.2
2024;psy;patient;M;30;86;381982;22.5
2024;psy;patient;M;35;109;420091;25.9
2024;psy;patient;M;36;92;418584;22.0
2024;psy;patient;M;38;124;421325;29.4
2024;psy;patient;M;41;100;433608;23.1
2024;psy;patient;M;42;107;433492;24.7
2024;psy;patient;M;45;96;409295;23.5
2024;psy;patient;M;46;89;411564;21.6
2024;psy;patient;M;47;95;399395;23.8
2024;psy;patient;M;48;102;411029;24.8
2024;psy;patient;M;50;111;450074;24.7
2024;psy;patient;M;52;114;455510;25.0
2024;psy;patient;M;53;107;447431;23.9
2024;psy;patient;M;57;87;438748;19.8
2024;psy;patient;M;60;94;430426;21.8
2024;psy;patient;M;61;62;412892;15.0
2024;psy;patient;M;67;52;369095;14.1
2024;psy;patient;M;68;32;360848;8.9
2024;psy;patient;M;69;40;357216;11.2
2024;psy;patient;M;73;27;341740;7.9
2024;psy;patient;M;77;27;286812;9.4
2024;psy;patient;M;79;17;199043;8.5
2024;psy;patient;M;82;10;142111;7.0
2024;psy;patient;M;86;15;112528;13.3
2024;psy;patient;M;93;3;33591;8.9
2024;psy;sejours;F;15;817;422962;193.2
2024;psy;sejours;F;24;319;384477;83.0
2024;psy;sejours;F;29;206;388135;53.1
2024;psy;sejours;F;31;150;410812;36.5
2024;psy;sejours;F;34;179;432209;41.4
2024;psy;sejours;F;37;133;444762;29.9
2024;psy;sejours;F;39;179;439011;40.8
2024;psy;sejours;F;41;152;453882;33.5
2024;psy;sejours;F;43;214;462310;46.3
2024;psy;sejours;F;44;175;433921;40.3
2024;psy;sejours;F;46;201;421985;47.6
2024;psy;sejours;F;47;207;408764;50.6
2024;psy;sejours;F;53;234;458583;51.0
2024;psy;sejours;F;55;180;447612;40.2
2024;psy;sejours;F;58;179;456672;39.2
2024;psy;sejours;F;62;122;438666;27.8
2024;psy;sejours;F;64;104;432556;24.0
2024;psy;sejours;F;65;112;423686;26.4
2024;psy;sejours;F;75;76;387633;19.6
2024;psy;sejours;F;80;41;243245;16.9
2024;psy;sejours;F;83;34;197137;17.2
2024;psy;sejours;F;85;18;191323;9.4
2024;psy;sejours;F;91;12;122192;9.8
2024;psy;sejours;F;92;5;104595;4.8
2024;psy;sejours;F;94;5;67833;7.4
2024;psy;sejours;F;95;4;195195;2.0
2024;psy;sejours;M;15;110;449253;24.5
2024;psy;sejours;M;23;173;412326;42.0
2024;psy;sejours;M;26;124;384876;32.2
2024;psy;sejours;M;32;111;404362;27.5
2024;psy;sejours;M;35;141;420091;33.6
2024;psy;sejours;M;37;177;422363;41.9
2024;psy;sejours;M;46;112;411564;27.2
2024;psy;sejours;M;47;125;399395;31.3
2024;psy;sejours;M;49;138;431663;32.0
2024;psy;sejours;M;56;114;430295;26.5
2024;psy;sejours;M;60;118;430426;27.4
2024;psy;sejours;M;73;29;341740;8.5
2024;psy;sejours;M;75;34;324927;10.5
2024;psy;sejours;M;83;13;140044;9.3
2024;psy;sejours;M;93;3;33591;8.9
2024;psy;sejours;M;94;3;24029;12.5
2024;psy;sejours;M;95;2;51295;3.9
2025;mco;patient;F;9;13;393332;3.3
2025;mco;patient;F;11;257;408141;63.0
2025;mco;patient;F;12;999;415378;240.5
2025;mco;patient;F;15;3623;423150;856.2
2025;mco;patient;F;16;2975;422094;704.8
2025;mco;patient;F;17;2526;412999;611.6
2025;mco;patient;F;19;1706;392406;434.8
2025;mco;patient;F;25;831;387294;214.6
2025;mco;patient;F;27;680;388745;174.9
2025;mco;patient;F;34;500;434488;115.1
2025;mco;patient;F;36;542;441124;122.9
2025;mco;patient;F;38;542;447707;121.1
2025;mco;patient;F;39;522;446236;117.0
2025;mco;patient;F;40;544;441706;123.2
2025;mco;patient;F;46;573;423676;135.2
2025;mco;patient;F;48;551;408246;135.0
2025;mco;patient;F;49;606;419871;144.3
2025;mco;patient;F;50;601;439307;136.8
2025;mco;patient;F;52;689;468364;147.1
2025;mco;patient;F;63;354;435868;81.2
2025;mco;patient;F;65;346;430264;80.4
2025;mco;patient;F;73;219;387584;56.5
2025;mco;patient;F;75;243;393295;61.8
2025;mco;patient;F;76;222;381031;58.3
2025;mco;patient;F;77;229;371099;61.7
2025;mco;patient;F;79;194;258708;75.0
2025;mco;patient;F;80;153;247391;61.8
2025;mco;patient;F;81;159;236274;67.3
2025;mco;patient;F;92;69;107286;64.3
2025;mco;patient;F;93;68;90108;75.5
2025;mco;patient;M;6;11;382298;2.9
2025;mco;patient;M;7;17;391990;4.3
2025;mco;patient;M;8;25;401866;6.2
2025;mco;patient;M;11;100;426334;23.5
2025;mco;patient;M;12;163;434966;37.5
2025;mco;patient;M;14;388;450445;86.1
2025;mco;patient;M;24;577;412465;139.9
2025;mco;patient;M;26;592;393276;150.5
2025;mco;patient;M;28;532;391363;135.9
2025;mco;patient;M;31;472;387523;121.8
2025;mco;patient;M;32;510;404937;125.9
2025;mco;patient;M;34;521;421580;123.6
2025;mco;patient;M;35;540;420349;128.5
2025;mco;patient;M;37;575;423037;135.9
2025;mco;patient;M;38;534;425807;125.4
2025;mco;patient;M;39;557;424167;131.3
2025;mco;patient;M;40;549;416093;131.9
2025;mco;patient;M;41;546;410614;133.0
2025;mco;patient;M;45;548;417920;131.1
2025;mco;patient;M;54;484;446803;108.3
2025;mco;patient;M;56;440;429834;102.4
2025;mco;patient;M;62;306;410515;74.5
2025;mco;patient;M;63;246;407401;60.4
2025;mco;patient;M;66;213;378773;56.2
2025;mco;patient;M;68;189;363605;52.0
2025;mco;patient;M;69;174;355553;48.9
2025;mco;patient;M;71;155;338730;45.8
2025;mco;patient;M;72;148;339248;43.6
2025;mco;patient;M;75;143;323748;44.2
2025;mco;patient;M;77;143;301098;47.5
2025;mco;patient;M;79;115;203032;56.6
2025;mco;patient;M;81;93;179527;51.8
2025;mco;patient;M;85;82;126042;65.1
2025;mco;patient;M;86;82;114422;71.7
2025;mco;patient;M;87;73;102620;71.1
2025;mco;patient;M;91;65;54354;119.6
2025;mco;sejours;F;6;9;364604;2.5
2025;mco;sejours;F;8;12;381201;3.1
2025;mco;sejours;F;9;14;393332;3.6
2025;mco;sejours;F;10;76;405264;18.8
2025;mco;sejours;F;12;1354;415378;326.0
2025;mco;sejours;F;13;3325;416809;797.7
2025;mco;sejours;F;14;4796;426632;1124.2
2025;mco;sejours;F;19;2213;392406;564.0
2025;mco;sejours;F;20;2070;383575;539.7
2025;mco;sejours;F;26;1039;392319;264.8
2025;mco;sejours;F;28;802;394634;203.2
2025;mco;sejours;F;29;732;397174;184.3
2025;mco;sejours;F;30;698;395007;176.7
2025;mco;sejours;F;32;628;417745;150.3
2025;mco;sejours;F;33;681;422598;161.1
2025;mco;sejours;F;36;651;441124;147.6
2025;mco;sejours;F;39;637;446236;142.7
2025;mco;sejours;F;41;639;435720;146.7
2025;mco;sejours;F;43;776;454820;170.6
2025;mco;sejours;F;45;685;434851;157.5
2025;mco;sejours;F;46;685;423676;161.7
2025;mco;sejours;F;54;822;457859;179.5
2025;mco;sejours;F;56;628;446847;140.5
2025;mco;sejours;F;59;543;456558;118.9
2025;mco;sejours;F;62;410;437983;93.6
2025;mco;sejours;F;64;362;434269;83.4
2025;mco;sejours;F;66;350;420998;83.1
2025;mco;sejours;F;82;163;215234;75.7
2025;mco;sejours;F;83;174;187712;92.7
2025;mco;sejours;F;85;147;192127;76.5
2025;mco;sejours;F;87;143;169985;84.1
2025;mco;sejours;F;88;147;162082;90.7
2025;mco;sejours;F;91;87;118237;73.6
2025;mco;sejours;M;7;18;391990;4.6
2025;mco;sejours;M;9;39;412018;9.5
2025;mco;sejours;M;10;48;422613;11.4
2025;mco;sejours;M;14;506;450445;112.3
2025;mco;sejours;M;16;789;450530;175.1
2025;mco;sejours;M;17;730;440676;165.7
2025;mco;sejours;M;24;720;412465;174.6
2025;mco;sejours;M;29;676;392236;172.3
2025;mco;sejours;M;30;593;384550;154.2
2025;mco;sejours;M;31;590;387523;152.2
2025;mco;sejours;M;33;618;409280;151.0
2025;mco;sejours;M;34;690;421580;163.7
2025;mco;sejours;M;37;702;423037;165.9
2025;mco;sejours;M;39;687;424167;162.0
2025;mco;sejours;M;45;665;417920;159.1
2025;mco;sejours;M;49;579;410710;141.0
2025;mco;sejours;M;50;576;431020;133.6
2025;mco;sejours;M;52;608;460442;132.0
2025;mco;sejours;M;55;536;436848;122.7
2025;mco;sejours;M;56;516;429834;120.0
2025;mco;sejours;M;60;406;438200;92.7
2025;mco;sejours;M;64;274;400828;68.4
2025;mco;sejours;M;71;172;338730;50.8
2025;mco;sejours;M;73;179;326398;54.8
2025;mco;sejours;M;75;155;323748;47.9
2025;mco;sejours;M;76;156;316117;49.3
2025;mco;sejours;M;77;155;301098;51.5
2025;mco;sejours;M;83;103;134144;76.8
2025;mco;sejours;M;86;92;114422;80.4
2025;mco;sejours;M;87;82;102620;79.9
2025;mco;sejours;M;88;81;92243;87.8
2025;mco;sejours;M;89;62;77950;79.5
2025;mco;sejours;M;90;79;68366;115.6
2025;mco;sejours;M;92;53;46126;114.9
2025;psy;patient;F;12;109;1228783;26.2
2025;psy;patient;F;14;377;426632;88.4
2025;psy;patient;F;15;478;423150;113.0
2025;psy;patient;F;17;492;412999;119.1
2025;psy;patient;F;19;484;392406;123.3
2025;psy;patient;F;20;463;383575;120.7
2025;psy;patient;F;21;352;377934;93.1
2025;psy;patient;F;30;131;395007;33.2
2025;psy;patient;F;32;118;417745;28.2
2025;psy;patient;F;34;112;434488;25.8
2025;psy;patient;F;51;144;460892;31.2
2025;psy;patient;F;52;170;468364;36.3
2025;psy;patient;F;55;176;450495;39.1
2025;psy;patient;F;57;130;445430;29.2
2025;psy;patient;F;65;76;430264;17.7
2025;psy;patient;F;68;88;414737;21.2
2025;psy;patient;F;69;73;408908;17.9
2025;psy;patient;F;72;60;401502;14.9
2025;psy;patient;F;77;51;371099;13.7
2025;psy;patient;F;78;45;345127;13.0
2025;psy;patient;F;81;33;236274;14.0
2025;psy;patient;F;82;31;215234;14.4
2025;psy;patient;F;94;2;73476;2.7
2025;psy;patient;M;13;27;436152;6.2
2025;psy;patient;M;15;60;447444;13.4
2025;psy;patient;M;18;151;440175;34.3
2025;psy;patient;M;22;128;399695;32.0
2025;psy;patient;M;26;96;393276;24.4
2025;psy;patient;M;30;94;384550;24.4
2025;psy;patient;M;34;106;421580;25.1
2025;psy;patient;M;40;111;416093;26.7
2025;psy;patient;M;43;116;435557;26.6
2025;psy;patient;M;47;103;412391;25.0
2025;psy;patient;M;49;114;410710;27.8
2025;psy;patient;M;56;101;429834;23.5
2025;psy;patient;M;58;78;436986;17.8
2025;psy;patient;M;59;93;436280;21.3
2025;psy;patient;M;67;52;372827;13.9
2025;psy;patient;M;69;45;355553;12.7
2025;psy;patient;M;70;28;351367;8.0
2025;psy;patient;M;80;14;190928;7.3
2025;psy;patient;M;82;12;158633;7.6
2025;psy;patient;M;88;14;92243;15.2
2025;psy;patient;M;92;4;46126;8.7
2025;psy;patient;M;93;2;36097;5.5
2025;psy;sejours;F;16;927;422094;219.6
2025;psy;sejours;F;18;918;408032;225.0
2025;psy;sejours;F;19;831;392406;211.8
2025;psy;sejours;F;20;674;383575;175.7
2025;psy;sejours;F;22;431;382414;112.7
2025;psy;sejours;F;24;409;403341;101.4
2025;psy;sejours;F;25;324;387294;83.7
2025;psy;sejours;F;30;196;395007;49.6
2025;psy;sejours;F;33;131;422598;31.0
2025;psy;sejours;F;35;207;435815;47.5
2025;psy;sejours;F;38;159;447707;35.5
2025;psy;sejours;F;43;158;454820;34.7
2025;psy;sejours;F;44;174;463672;37.5
2025;psy;sejours;F;46;159;423676;37.5
2025;psy;sejours;F;49;174;419871;41.4
2025;psy;sejours;F;50;175;439307;39.8
2025;psy;sejours;F;52;227;468364;48.5
2025;psy;sejours;F;54;249;457859;54.4
2025;psy;sejours;F;59;152;456558;33.3
2025;psy;sejours;F;62;112;437983;25.6
2025;psy;sejours;F;63;129;435868;29.6
2025;psy;sejours;F;66;83;420998;19.7
2025;psy;sejours;F;67;101;418273;24.1
2025;psy;sejours;F;74;67;396634;16.9
2025;psy;sejours;F;78;54;345127;15.6
2025;psy;sejours;F;80;47;247391;19.0
2025;psy;sejours;F;82;36;215234;16.7
2025;psy;sejours;F;84;26;189050;13.8
2025;psy;sejours;F;85;15;192127;7.8
2025;psy;sejours;F;86;25;180824;13.8
2025;psy;sejours;F;90;12;135948;8.8
2025;psy;sejours;F;93;8;90108;8.9
2025;psy;sejours;F;95;5;201957;2.5
2025;psy;sejours;M;20;201;410170;49.0
2025;psy;sejours;M;21;133;399716;33.3
2025;psy;sejours;M;25;147;396203;37.1
2025;psy;sejours;M;29;113;392236;28.8
2025;psy;sejours;M;31;139;387523;35.9
2025;psy;sejours;M;38;137;425807;32.2
2025;psy;sejours;M;39;135;424167;31.8
2025;psy;sejours;M;40;144;416093;34.6
2025;psy;sejours;M;42;105;434761;24.2
2025;psy;sejours;M;43;145;435557;33.3
2025;psy;sejours;M;46;92;410450;22.4
2025;psy;sejours;M;49;153;410710;37.3
2025;psy;sejours;M;54;115;446803;25.7
2025;psy;sejours;M;55;140;436848;32.0
2025;psy;sejours;M;60;93;438200;21.2
2025;psy;sejours;M;61;91;427827;21.3
2025;psy;sejours;M;64;74;400828;18.5
2025;psy;sejours;M;68;87;363605;23.9
2025;psy;sejours;M;71;39;338730;11.5
2025;psy;sejours;M;75;26;323748;8.0
2025;psy;sejours;M;77;42;301098;13.9
2025;psy;sejours;M;78;28;277676;10.1
2025;psy;sejours;M;79;14;203032;6.9
2025;psy;sejours;M;84;3;131028;2.3
2025;psy;sejours;M;88;16;92243;17.3
2025;psy;sejours;M;94;3;26622;11.3
2012;mco;patient;F;6;4;395492;1.0
2012;mco;patient;F;10;29;401910;7.2
2012;mco;patient;F;15;1753;389041;450.6
2012;mco;patient;F;18;1180;373245;316.1
2012;mco;patient;F;20;952;392481;242.6
2012;mco;patient;F;21;884;397249;222.5
2012;mco;patient;F;26;692;398609;173.6
2012;mco;patient;F;28;615;391242;157.2
2012;mco;patient;F;36;732;406592;180.0
2012;mco;patient;F;39;1019;468731;217.4
2012;mco;patient;F;41;1126;458964;245.3
2012;mco;patient;F;45;1174;461168;254.6
2012;mco;patient;F;50;1020;451429;225.9
2012;mco;patient;F;56;769;433061;177.6
2012;mco;patient;F;58;650;424256;153.2
2012;mco;patient;F;59;614;432710;141.9
2012;mco;patient;F;60;541;420647;128.6
2012;mco;patient;F;61;493;437064;112.8
2012;mco;patient;F;62;481;429324;112.0
2012;mco;patient;F;65;352;398565;88.3
2012;mco;patient;F;66;311;302567;102.8
2012;mco;patient;F;78;173;253647;68.2
2012;mco;patient;F;80;180;248861;72.3
2012;mco;patient;F;81;177;245542;72.1
2012;mco;patient;F;84;141;200632;70.3
2012;mco;patient;F;85;123;189711;64.8
2012;mco;patient;F;87;120;158558;75.7
2012;mco;patient;F;91;63;99094;63.6
2012;mco;patient;F;93;24;36765;65.3
2012;mco;patient;M;7;9;411850;2.2
2012;mco;patient;M;10;44;420746;10.5
2012;mco;patient;M;11;67;430398;15.6
2012;mco;patient;M;15;403;408679;98.6
2012;mco;patient;M;17;531;394247;134.7
2012;mco;patient;M;18;512;391303;130.8
2012;mco;patient;M;19;559;408049;137.0
2012;mco;patient;M;20;592;405978;145.8
2012;mco;patient;M;23;598;397426;150.5
2012;mco;patient;M;25;592;394040;150.2
2012;mco;patient;M;26;564;390574;144.4
2012;mco;patient;M;27;631;384631;164.1
2012;mco;patient;M;28;610;379737;160.6
2012;mco;patient;M;30;636;408361;155.7
2012;mco;patient;M;31;597;416135;143.5
2012;mco;patient;M;33;586;389195;150.6
2012;mco;patient;M;35;614;386783;158.7
2012;mco;patient;M;36;670;399551;167.7
2012;mco;patient;M;37;729;426827;170.8
2012;mco;patient;M;38;794;449658;176.6
2012;mco;patient;M;41;901;453084;198.9
2012;mco;patient;M;46;755;451383;167.3
2012;mco;patient;M;50;659;432791;152.3
2012;mco;patient;M;51;623;431526;144.4
2012;mco;patient;M;54;481;415633;115.7
2012;mco;patient;M;55;458;411138;111.4
2012;mco;patient;M;60;255;393444;64.8
2012;mco;patient;M;62;230;399024;57.6
2012;mco;patient;M;65;199;367626;54.1
2012;mco;patient;M;66;149;276479;53.9
2012;mco;patient;M;69;113;239507;47.2
2012;mco;patient;M;71;83;218216;38.0
2012;mco;patient;M;77;73;192909;37.8
2012;mco;patient;M;79;90;178373;50.5
2012;mco;patient;M;81;103;156922;65.6
2012;mco;patient;M;87;77;75763;101.6
2012;mco;patient;M;88;58;64932;89.3
2012;mco;patient;M;91;40;38072;105.1
2012;mco;patient;M;92;32;18108;176.7
2012;mco;patient;M;93;16;12047;132.8
2012;mco;patient;M;94;7;7800;89.7
2012;mco;sejours;F;6;4;395492;1.0
2012;mco;sejours;F;11;97;410967;23.6
2012;mco;sejours;F;13;1021;389501;262.1
2012;mco;sejours;F;16;1823;387435;470.5
2012;mco;sejours;F;17;1538;377383;407.5
2012;mco;sejours;F;21;1024;397249;257.8
2012;mco;sejours;F;22;985;396284;248.6
2012;mco;sejours;F;24;874;394466;221.6
2012;mco;sejours;F;25;840;400773;209.6
2012;mco;sejours;F;27;798;398857;200.1
2012;mco;sejours;F;29;747;418077;178.7
2012;mco;sejours;F;32;748;406816;183.9
2012;mco;sejours;F;33;762;399124;190.9
2012;mco;sejours;F;46;1367;462235;295.7
2012;mco;sejours;F;49;1385;450596;307.4
2012;mco;sejours;F;50;1147;451429;254.1
2012;mco;sejours;F;51;1181;449374;262.8
2012;mco;sejours;F;56;865;433061;199.7
2012;mco;sejours;F;59;693;432710;160.2
2012;mco;sejours;F;61;568;437064;130.0
2012;mco;sejours;F;62;537;429324;125.1
2012;mco;sejours;F;63;454;426051;106.6
2012;mco;sejours;F;65;396;398565;99.4
2012;mco;sejours;F;66;342;302567;113.0
2012;mco;sejours;F;69;262;268207;97.7
2012;mco;sejours;F;77;220;263239;83.6
2012;mco;sejours;F;78;187;253647;73.7
2012;mco;sejours;F;84;154;200632;76.8
2012;mco;sejours;F;89;82;129129;63.5
2012;mco;sejours;F;90;83;114565;72.4
2012;mco;sejours;M;6;6;413727;1.5
2012;mco;sejours;M;11;75;430398;17.4
2012;mco;sejours;M;14;336;403842;83.2
2012;mco;sejours;M;15;460;408679;112.6
2012;mco;sejours;M;19;626;408049;153.4
2012;mco;sejours;M;21;705;408571;172.6
2012;mco;sejours;M;25;707;394040;179.4
2012;mco;sejours;M;29;767;405100;189.3
2012;mco;sejours;M;31;722;416135;173.5
2012;mco;sejours;M;36;823;399551;206.0
2012;mco;sejours;M;37;897;426827;210.2
2012;mco;sejours;M;39;990;462937;213.9
2012;mco;sejours;M;48;841;449733;187.0
2012;mco;sejours;M;56;501;405376;123.6
2012;mco;sejours;M;59;342;402762;84.9
2012;mco;sejours;M;64;210;388364;54.1
2012;mco;sejours;M;66;167;276479;60.4
2012;mco;sejours;M;68;130;259471;50.1
2012;mco;sejours;M;81;113;156922;72.0
2012;mco;sejours;M;83;87;126424;68.8
2012;mco;sejours;M;86;84;88941;94.4
2012;mco;sejours;M;88;61;64932;93.9
2012;psy;patient;F;12;3;1204415;0.8
2012;psy;patient;F;14;40;383270;10.4
2012;psy;patient;F;15;86;389041;22.1
2012;psy;patient;F;16;104;387435;26.8
2012;psy;patient;F;18;120;373245;32.2
2012;psy;patient;F;22;107;396284;27.0
2012;psy;patient;F;33;93;399124;23.3
2012;psy;patient;F;35;84;394475;21.3
2012;psy;patient;F;37;117;430312;27.2
2012;psy;patient;F;38;129;457211;28.2
2012;psy;patient;F;39;145;468731;30.9
2012;psy;patient;F;40;145;465501;31.1
2012;psy;patient;F;41;172;458964;37.5
2012;psy;patient;F;48;174;464980;37.4
2012;psy;patient;F;49;160;450596;35.5
2012;psy;patient;F;50;145;451429;32.1
2012;psy;patient;F;54;132;437787;30.2
2012;psy;patient;F;59;97;432710;22.4
2012;psy;patient;F;62;77;429324;17.9
2012;psy;patient;F;63;68;426051;16.0
2012;psy;patient;F;64;60;418044;14.4
2012;psy;patient;F;66;57;302567;18.8
2012;psy;patient;F;72;33;267447;12.3
2012;psy;patient;F;74;27;262089;10.3
2012;psy;patient;F;77;23;263239;8.7
2012;psy;patient;F;81;28;245542;11.4
2012;psy;patient;F;82;14;224177;6.2
2012;psy;patient;F;85;13;189711;6.9
2012;psy;patient;F;86;12;176959;6.8
2012;psy;patient;F;88;11;144360;7.6
2012;psy;patient;F;90;3;114565;2.6
2012;psy;patient;F;91;2;99094;2.0
2012;psy;patient;M;15;20;408679;4.9
2012;psy;patient;M;16;38;405107;9.4
2012;psy;patient;M;19;78;408049;19.1
2012;psy;patient;M;27;81;384631;21.1
2012;psy;patient;M;28;69;379737;18.2
2012;psy;patient;M;29;89;405100;22.0
2012;psy;patient;M;30;91;408361;22.3
2012;psy;patient;M;31;79;416135;19.0
2012;psy;patient;M;33;83;389195;21.3
2012;psy;patient;M;34;86;395513;21.7
2012;psy;patient;M;35;85;386783;22.0
2012;psy;patient;M;37;88;426827;20.6
2012;psy;patient;M;45;115;449715;25.6
2012;psy;patient;M;52;87;427560;20.3
2012;psy;patient;M;53;74;416896;17.8
2012;psy;patient;M;55;89;411138;21.6
2012;psy;patient;M;61;34;409230;8.3
2012;psy;patient;M;63;30;399951;7.5
2012;psy;patient;M;64;29;388364;7.5
2012;psy;patient;M;68;15;259471;5.8
2012;psy;patient;M;73;16;217219;7.4
2012;psy;patient;M;74;11;209546;5.2
2012;psy;patient;M;78;10;179320;5.6
2012;psy;patient;M;80;17;165413;10.3
2012;psy;patient;M;81;10;156922;6.4
2012;psy;patient;M;84;3;112703;2.7
2012;psy;patient;M;92;2;18108;11.0
2012;psy;patient;M;94;2;7800;25.6
2012;psy;sejours;F;12;11;1204415;2.8
2012;psy;sejours;F;16;254;387435;65.6
2012;psy;sejours;F;20;172;392481;43.8
2012;psy;sejours;F;26;143;398609;35.9
2012;psy;sejours;F;34;120;403653;29.7
2012;psy;sejours;F;40;200;465501;43.0
2012;psy;sejours;F;41;265;458964;57.7
2012;psy;sejours;F;42;246;452872;54.3
2012;psy;sejours;F;44;287;449108;63.9
2012;psy;sejours;F;45;277;461168;60.1
2012;psy;sejours;F;47;268;470242;57.0
2012;psy;sejours;F;48;250;464980;53.8
2012;psy;sejours;F;51;223;449374;49.6
2012;psy;sejours;F;53;208;437611;47.5
2012;psy;sejours;F;54;179;437787;40.9
2012;psy;sejours;F;56;186;433061;43.0
2012;psy;sejours;F;65;53;398565;13.3
2012;psy;sejours;F;71;38;253841;15.0
2012;psy;sejours;F;73;54;265595;20.3
2012;psy;sejours;F;77;31;263239;11.8
2012;psy;sejours;F;79;26;259940;10.0
2012;psy;sejours;F;91;2;99094;2.0
2012;psy;sejours;M;12;21;1262619;5.1
2012;psy;sejours;M;16;59;405107;14.6
2012;psy;sejours;M;25;119;394040;30.2
2012;psy;sejours;M;26;157;390574;40.2
2012;psy;sejours;M;28;115;379737;30.3
2012;psy;sejours;M;30;135;408361;33.1
2012;psy;sejours;M;32;124;394801;31.4
2012;psy;sejours;M;35;129;386783;33.4
2012;psy;sejours;M;36;106;399551;26.5
2012;psy;sejours;M;39;173;462937;37.4
2012;psy;sejours;M;40;191;460633;41.5
2012;psy;sejours;M;45;183;449715;40.7
2012;psy;sejours;M;47;177;454308;39.0
2012;psy;sejours;M;48;174;449733;38.7
2012;psy;sejours;M;49;138;434784;31.7
2012;psy;sejours;M;58;77;397206;19.4
2012;psy;sejours;M;60;59;393444;15.0
2012;psy;sejours;M;61;42;409230;10.3
2012;psy;sejours;M;64;44;388364;11.3
2012;psy;sejours;M;65;45;367626;12.2
2012;psy;sejours;M;67;16;267623;6.0
2012;psy;sejours;M;69;11;239507;4.6
2012;psy;sejours;M;72;13;223728;5.8
2012;psy;sejours;M;75;12;205592;5.8
2012;psy;sejours;M;77;19;192909;9.8
2012;psy;sejours;M;78;13;179320;7.2
2012;psy;sejours;M;80;19;165413;11.5
2012;psy;sejours;M;84;4;112703;3.5
2012;psy;sejours;M;90;4;46691;8.6
2012;psy;sejours;M;91;1;38072;2.6
2012;psy;sejours;M;92;2;18108;11.0
2013;mco;patient;F;11;100;404078;24.7
2013;mco;patient;F;19;935;371281;251.8
2013;mco;patient;F;20;787;385884;203.9
2013;mco;patient;F;25;618;394402;156.7
2013;mco;patient;F;26;609;402054;151.5
2013;mco;patient;F;31;633;426869;148.3
2013;mco;patient;F;33;622;410072;151.7
2013;mco;patient;F;42;1017;457909;222.1
2013;mco;patient;F;44;1048;452937;231.4
2013;mco;patient;F;47;1127;461685;244.1
2013;mco;patient;F;52;941;448123;210.0
2013;mco;patient;F;60;506;430628;117.5
2013;mco;patient;F;61;470;419152;112.1
2013;mco;patient;F;64;406;424589;95.6
2013;mco;patient;F;66;328;396683;82.7
2013;mco;patient;F;76;195;258967;75.3
2013;mco;patient;F;79;157;247670;63.4
2013;mco;patient;F;83;152;214552;70.8
2013;mco;patient;F;86;106;176578;60.0
2013;mco;patient;F;89;96;129980;73.9
2013;mco;patient;F;90;56;114508;48.9
2013;mco;patient;F;91;59;99670;59.2
2013;mco;patient;F;92;57;84286;67.6
2013;mco;patient;F;93;36;41955;85.8
2013;mco;patient;M;7;12;416369;2.9
2013;mco;patient;M;8;13;414640;3.1
2013;mco;patient;M;10;36;417006;8.6
2013;mco;patient;M;11;56;423131;13.2
2013;mco;patient;M;25;522;390055;133.8
2013;mco;patient;M;26;583;391815;148.8
2013;mco;patient;M;28;564;384998;146.5
2013;mco;patient;M;34;551;391322;140.8
2013;mco;patient;M;38;656;427545;153.4
2013;mco;patient;M;42;815;452974;179.9
2013;mco;patient;M;43;824;444983;185.2
2013;mco;patient;M;49;666;449300;148.2
2013;mco;patient;M;50;594;433446;137.0
2013;mco;patient;M;51;610;432206;141.1
2013;mco;patient;M;59;335;393966;85.0
2013;mco;patient;M;60;310;400065;77.5
2013;mco;patient;M;63;246;394208;62.4
2013;mco;patient;M;64;207;393791;52.6
2013;mco;patient;M;68;134;263523;50.8
2013;mco;patient;M;70;117;235736;49.6
2013;mco;patient;M;75;95;203833;46.6
2013;mco;patient;M;83;98;128448;76.3
2013;mco;patient;M;84;99;116332;85.1
2013;mco;patient;M;87;64;79017;81.0
2013;mco;patient;M;91;45;38564;116.7
2013;mco;patient;M;93;27;14300;188.8
2013;mco;patient;M;94;11;9160;120.1
2013;mco;sejours;F;10;18;396794;4.5
2013;mco;sejours;F;11;108;404078;26.7
2013;mco;sejours;F;13;1031;392457;262.7
2013;mco;sejours;F;14;1717;392246;437.7
2013;mco;sejours;F;20;911;385884;236.1
2013;mco;sejours;F;24;823;396877;207.4
2013;mco;sejours;F;25;729;394402;184.8
2013;mco;sejours;F;26;706;402054;175.6
2013;mco;sejours;F;33;766;410072;186.8
2013;mco;sejours;F;39;1096;458435;239.1
2013;mco;sejours;F;44;1240;452937;273.8
2013;mco;sejours;F;45;1299;449107;289.2
2013;mco;sejours;F;47;1286;461685;278.5
2013;mco;sejours;F;48;1331;469620;283.4
2013;mco;sejours;F;50;1256;449372;279.5
2013;mco;sejours;F;52;1084;448123;241.9
2013;mco;sejours;F;53;1001;446836;224.0
2013;mco;sejours;F;54;992;436894;227.1
2013;mco;sejours;F;56;842;434403;193.8
2013;mco;sejours;F;81;170;240901;70.6
2013;mco;sejours;F;82;162;235995;68.6
2013;mco;sejours;F;84;154;202908;75.9
2013;mco;sejours;F;85;126;188898;66.7
2013;mco;sejours;F;91;62;99670;62.2
2013;mco;sejours;M;6;9;424765;2.1
2013;mco;sejours;M;7;12;416369;2.9
2013;mco;sejours;M;13;176;413950;42.5
2013;mco;sejours;M;18;483;392616;123.0
2013;mco;sejours;M;20;532;403531;131.8
2013;mco;sejours;M;25;610;390055;156.4
2013;mco;sejours;M;26;672;391815;171.5
2013;mco;sejours;M;27;650;389806;166.7
2013;mco;sejours;M;28;673;384998;174.8
2013;mco;sejours;M;29;656;381304;172.0
2013;mco;sejours;M;30;717;406769;176.3
2013;mco;sejours;M;31;710;410423;173.0
2013;mco;sejours;M;33;700;396757;176.4
2013;mco;sejours;M;35;674;397936;169.4
2013;mco;sejours;M;36;734;388764;188.8
2013;mco;sejours;M;40;960;464313;206.8
2013;mco;sejours;M;41;939;461623;203.4
2013;mco;sejours;M;43;973;444983;218.7
2013;mco;sejours;M;46;824;448523;183.7
2013;mco;sejours;M;48;833;453737;183.6
2013;mco;sejours;M;50;691;433446;159.4
2013;mco;sejours;M;51;709;432206;164.0
2013;mco;sejours;M;52;668;430462;155.2
2013;mco;sejours;M;55;561;413730;135.6
2013;mco;sejours;M;56;494;409365;120.7
2013;mco;sejours;M;57;438;403225;108.6
2013;mco;sejours;M;58;403;404764;99.6
2013;mco;sejours;M;61;291;389730;74.7
2013;mco;sejours;M;63;271;394208;68.7
2013;mco;sejours;M;64;228;393791;57.9
2013;mco;sejours;M;66;216;362388;59.6
2013;mco;sejours;M;68;148;263523;56.2
2013;mco;sejours;M;70;130;235736;55.1
2013;mco;sejours;M;71;109;207130;52.6
2013;mco;sejours;M;72;97;212984;45.5
2013;mco;sejours;M;73;100;218674;45.7
2013;mco;sejours;M;74;100;212158;47.1
2013;mco;sejours;M;78;109;185618;58.7
2013;mco;sejours;M;79;91;171393;53.1
2013;mco;sejours;M;84;104;116332;89.4
2013;mco;sejours;M;86;85;90544;93.9
2013;mco;sejours;M;87;69;79017;87.3
2013;mco;sejours;M;88;76;66065;115.0
2013;mco;sejours;M;89;70;55670;125.7
2013;mco;sejours;M;91;50;38564;129.7
2013;mco;sejours;M;95;36;21215;169.7
2013;psy;patient;F;14;53;392246;13.5
2013;psy;patient;F;15;101;384849;26.2
2013;psy;patient;F;17;140;387391;36.1
2013;psy;patient;F;18;124;375563;33.0
2013;psy;patient;F;20;115;385884;29.8
2013;psy;patient;F;23;90;393740;22.9
2013;psy;patient;F;27;96;399729;24.0
2013;psy;patient;F;31;90;426869;21.1
2013;psy;patient;F;32;84;432099;19.4
2013;psy;patient;F;33;97;410072;23.7
2013;psy;patient;F;38;118;431823;27.3
2013;psy;patient;F;39;136;458435;29.7
2013;psy;patient;F;43;147;453061;32.4
2013;psy;patient;F;45;173;449107;38.5
2013;psy;patient;F;47;176;461685;38.1
2013;psy;patient;F;48;159;469620;33.9
2013;psy;patient;F;49;188;464847;40.4
2013;psy;patient;F;56;121;434403;27.9
2013;psy;patient;F;61;74;419152;17.7
2013;psy;patient;F;64;69;424589;16.3
2013;psy;patient;F;73;46;264288;17.4
2013;psy;patient;F;78;28;258410;10.8
2013;psy;patient;F;82;19;235995;8.1
2013;psy;patient;F;85;14;188898;7.4
2013;psy;patient;F;88;8;144606;5.5
2013;psy;patient;F;89;12;129980;9.2
2013;psy;patient;F;92;7;84286;8.3
2013;psy;patient;F;93;1;41955;2.4
2013;psy;patient;M;13;8;413950;1.9
2013;psy;patient;M;16;51;409545;12.5
2013;psy;patient;M;17;72;404570;17.8
2013;psy;patient;M;23;74;394409;18.8
2013;psy;patient;M;24;89;393072;22.6
2013;psy;patient;M;33;87;396757;21.9
2013;psy;patient;M;38;106;427545;24.8
2013;psy;patient;M;39;127;450795;28.2
2013;psy;patient;M;40;115;464313;24.8
2013;psy;patient;M;45;116;437932;26.5
2013;psy;patient;M;47;107;450270;23.8
2013;psy;patient;M;48;119;453737;26.2
2013;psy;patient;M;51;93;432206;21.5
2013;psy;patient;M;52;80;430462;18.6
2013;psy;patient;M;53;95;425505;22.3
2013;psy;patient;M;58;57;404764;14.1
2013;psy;patient;M;60;50;400065;12.5
2013;psy;patient;M;68;10;263523;3.8
2013;psy;patient;M;71;13;207130;6.3
2013;psy;patient;M;75;14;203833;6.9
2013;psy;patient;M;76;16;199612;8.0
2013;psy;patient;M;81;5;157059;3.2
2013;psy;patient;M;87;2;79017;2.5
2013;psy;patient;M;94;1;9160;10.9
2013;psy;sejours;F;13;36;392457;9.2
2013;psy;sejours;F;14;123;392246;31.4
2013;psy;sejours;F;15;189;384849;49.1
2013;psy;sejours;F;21;138;389503;35.4
2013;psy;sejours;F;24;100;396877;25.2
2013;psy;sejours;F;26;127;402054;31.6
2013;psy;sejours;F;30;118;420693;28.0
2013;psy;sejours;F;36;108;396451;27.2
2013;psy;sejours;F;37;172;409357;42.0
2013;psy;sejours;F;38;139;431823;32.2
2013;psy;sejours;F;39;209;458435;45.6
2013;psy;sejours;F;42;245;457909;53.5
2013;psy;sejours;F;48;265;469620;56.4
2013;psy;sejours;F;49;273;464847;58.7
2013;psy;sejours;F;50;215;449372;47.8
2013;psy;sejours;F;52;194;448123;43.3
2013;psy;sejours;F;54;168;436894;38.5
2013;psy;sejours;F;55;172;436986;39.4
2013;psy;sejours;F;59;112;423067;26.5
2013;psy;sejours;F;60;97;430628;22.5
2013;psy;sejours;F;61;84;419152;20.0
2013;psy;sejours;F;64;87;424589;20.5
2013;psy;sejours;F;66;60;396683;15.1
2013;psy;sejours;F;67;66;300735;21.9
2013;psy;sejours;F;68;47;295179;15.9
2013;psy;sejours;F;69;67;286901;23.4
2013;psy;sejours;F;73;59;264288;22.3
2013;psy;sejours;F;82;22;235995;9.3
2013;psy;sejours;M;12;9;1272238;2.1
2013;psy;sejours;M;16;71;409545;17.3
2013;psy;sejours;M;17;90;404570;22.2
2013;psy;sejours;M;23;113;394409;28.7
2013;psy;sejours;M;24;135;393072;34.3
2013;psy;sejours;M;27;132;389806;33.9
2013;psy;sejours;M;30;149;406769;36.6
2013;psy;sejours;M;31;131;410423;31.9
2013;psy;sejours;M;32;128;418912;30.6
2013;psy;sejours;M;33;131;396757;33.0
2013;psy;sejours;M;36;134;388764;34.5
2013;psy;sejours;M;40;148;464313;31.9
2013;psy;sejours;M;41;215;461623;46.6
2013;psy;sejours;M;42;179;452974;39.5
2013;psy;sejours;M;45;155;437932;35.4
2013;psy;sejours;M;46;144;448523;32.1
2013;psy;sejours;M;50;132;433446;30.5
2013;psy;sejours;M;55;105;413730;25.4
2013;psy;sejours;M;57;71;403225;17.6
2013;psy;sejours;M;68;12;263523;4.6
2013;psy;sejours;M;73;21;218674;9.6
2013;psy;sejours;M;76;19;199612;9.5
2013;psy;sejours;M;80;11;169632;6.5
2013;psy;sejours;M;81;7;157059;4.5
2013;psy;sejours;M;84;8;116332;6.9
2013;psy;sejours;M;87;2;79017;2.5
2013;psy;sejours;M;91;3;38564;7.8
2013;psy;sejours;M;93;3;14300;21.0
2014;mco;patient;F;6;4;403624;1.0
2014;mco;patient;F;7;8;411332;1.9
2014;mco;patient;F;9;19;401782;4.7
2014;mco;patient;F;11;88;401837;21.9
2014;mco;patient;F;12;465;409557;113.5
2014;mco;patient;F;15;1834;397018;461.9
2014;mco;patient;F;18;992;387348;256.1
2014;mco;patient;F;19;854;375918;227.2
2014;mco;patient;F;22;698;388634;179.6
2014;mco;patient;F;23;698;394035;177.1
2014;mco;patient;F;25;637;399262;159.5
2014;mco;patient;F;28;603;405035;148.9
2014;mco;patient;F;29;619;405511;152.6
2014;mco;patient;F;32;642;431136;148.9
2014;mco;patient;F;36;633;408564;154.9
2014;mco;patient;F;42;1049;467538;224.4
2014;mco;patient;F;48;1118;462970;241.5
2014;mco;patient;F;49;1092;470422;232.1
2014;mco;patient;F;50;1065;464846;229.1
2014;mco;patient;F;51;1000;449186;222.6
2014;mco;patient;F;56;768;437548;175.5
2014;mco;patient;F;57;658;434489;151.4
2014;mco;patient;F;58;632;431516;146.5
2014;mco;patient;F;62;438;418512;104.7
2014;mco;patient;F;63;431;433734;99.4
2014;mco;patient;F;66;343;415641;82.5
2014;mco;patient;F;67;326;395516;82.4
2014;mco;patient;F;71;200;264029;75.7
2014;mco;patient;F;72;205;236999;86.5
2014;mco;patient;F;73;183;248621;73.6
2014;mco;patient;F;74;179;260994;68.6
2014;mco;patient;F;76;190;254903;74.5
2014;mco;patient;F;78;173;250723;69.0
2014;mco;patient;F;82;160;232728;68.7
2014;mco;patient;F;84;134;204298;65.6
2014;mco;patient;F;85;144;192369;74.9
2014;mco;patient;F;91;72;100099;71.9
2014;mco;patient;F;93;51;70971;71.9
2014;mco;patient;M;6;9;422707;2.1
2014;mco;patient;M;25;514;391736;131.2
2014;mco;patient;M;27;570;392564;145.2
2014;mco;patient;M;30;559;384480;145.4
2014;mco;patient;M;33;578;422508;136.8
2014;mco;patient;M;34;610;400410;152.3
2014;mco;patient;M;37;559;391532;142.8
2014;mco;patient;M;38;628;404467;155.3
2014;mco;patient;M;41;777;465006;167.1
2014;mco;patient;M;44;746;446336;167.1
2014;mco;patient;M;45;773;440963;175.3
2014;mco;patient;M;51;564;432333;130.5
2014;mco;patient;M;53;551;429845;128.2
2014;mco;patient;M;54;512;424807;120.5
2014;mco;patient;M;55;465;415481;111.9
2014;mco;patient;M;61;248;396887;62.5
2014;mco;patient;M;64;243;390294;62.3
2014;mco;patient;M;66;188;380040;49.5
2014;mco;patient;M;72;108;203668;53.0
2014;mco;patient;M;73;88;208001;42.3
2014;mco;patient;M;74;96;213544;45.0
2014;mco;patient;M;81;82;160493;51.1
2014;mco;patient;M;82;107;147612;72.5
2014;mco;patient;M;84;69;118609;58.2
2014;mco;patient;M;94;17;11102;153.1
2014;mco;patient;M;95;22;21416;102.7
2014;mco;sejours;F;6;4;403624;1.0
2014;mco;sejours;F;8;12;403033;3.0
2014;mco;sejours;F;9;20;401782;5.0
2014;mco;sejours;F;10;32;399721;8.0
2014;mco;sejours;F;13;1340;416765;321.5
2014;mco;sejours;F;15;2173;397018;547.3
2014;mco;sejours;F;17;1542;392123;393.2
2014;mco;sejours;F;18;1127;387348;291.0
2014;mco;sejours;F;22;809;388634;208.2
2014;mco;sejours;F;23;810;394035;205.6
2014;mco;sejours;F;24;805;394751;203.9
2014;mco;sejours;F;25;789;399262;197.6
2014;mco;sejours;F;27;722;406505;177.6
2014;mco;sejours;F;28;724;405035;178.7
2014;mco;sejours;F;34;763;414479;184.1
2014;mco;sejours;F;36;744;408564;182.1
2014;mco;sejours;F;37;795;400753;198.4
2014;mco;sejours;F;39;933;434372;214.8
2014;mco;sejours;F;40;1017;461703;220.3
2014;mco;sejours;F;41;1148;470242;244.1
2014;mco;sejours;F;42;1231;467538;263.3
2014;mco;sejours;F;46;1324;450353;294.0
2014;mco;sejours;F;51;1151;449186;256.2
2014;mco;sejours;F;53;1062;448575;236.7
2014;mco;sejours;F;55;945;437617;215.9
2014;mco;sejours;F;58;697;431516;161.5
2014;mco;sejours;F;60;619;422365;146.6
2014;mco;sejours;F;62;496;418512;118.5
2014;mco;sejours;F;65;393;422603;93.0
2014;mco;sejours;F;68;312;299167;104.3
2014;mco;sejours;F;72;221;236999;93.2
2014;mco;sejours;F;73;203;248621;81.7
2014;mco;sejours;F;77;186;255361;72.8
2014;mco;sejours;F;79;162;252563;64.1
2014;mco;sejours;F;85;154;192369;80.1
2014;mco;sejours;F;90;70;115186;60.8
2014;mco;sejours;F;91;73;100099;72.9
2014;mco;sejours;F;92;61;85240;71.6
2014;mco;sejours;M;6;9;422707;2.1
2014;mco;sejours;M;7;10;430602;2.3
2014;mco;sejours;M;8;14;421823;3.3
2014;mco;sejours;M;12;130;428686;30.3
2014;mco;sejours;M;13;206;437131;47.1
2014;mco;sejours;M;15;470;416210;112.9
2014;mco;sejours;M;23;616;397635;154.9
2014;mco;sejours;M;24;656;391753;167.5
2014;mco;sejours;M;28;634;391806;161.8
2014;mco;sejours;M;29;726;387700;187.3
2014;mco;sejours;M;30;666;384480;173.2
2014;mco;sejours;M;33;712;422508;168.5
2014;mco;sejours;M;34;732;400410;182.8
2014;mco;sejours;M;36;678;401993;168.7
2014;mco;sejours;M;37;681;391532;173.9
2014;mco;sejours;M;38;772;404467;190.9
2014;mco;sejours;M;39;783;429801;182.2
2014;mco;sejours;M;44;891;446336;199.6
2014;mco;sejours;M;47;878;449056;195.5
2014;mco;sejours;M;48;855;450450;189.8
2014;mco;sejours;M;49;829;453658;182.7
2014;mco;sejours;M;50;770;449299;171.4
2014;mco;sejours;M;57;508;407920;124.5
2014;mco;sejours;M;58;396;401064;98.7
2014;mco;sejours;M;59;392;401578;97.6
2014;mco;sejours;M;61;287;396887;72.3
2014;mco;sejours;M;68;160;268619;59.6
2014;mco;sejours;M;69;149;259493;57.4
2014;mco;sejours;M;70;103;251093;41.0
2014;mco;sejours;M;75;109;206656;52.7
2014;mco;sejours;M;78;111;182178;60.9
2014;mco;sejours;M;79;99;178357;55.5
2014;mco;sejours;M;80;107;163508;65.4
2014;mco;sejours;M;82;115;147612;77.9
2014;mco;sejours;M;83;91;136434;66.7
2014;mco;sejours;M;86;64;92298;69.3
2014;mco;sejours;M;87;80;80525;99.3
2014;mco;sejours;M;94;21;11102;189.2
2014;mco;sejours;M;95;29;21416;135.4
2014;psy;patient;F;13;52;416765;12.5
2014;psy;patient;F;14;82;397154;20.6
2014;psy;patient;F;15;111;397018;28.0
2014;psy;patient;F;21;88;384023;22.9
2014;psy;patient;F;30;84;400316;21.0
2014;psy;patient;F;33;93;437281;21.3
2014;psy;patient;F;34;83;414479;20.0
2014;psy;patient;F;35;81;406542;19.9
2014;psy;patient;F;39;114;434372;26.2
2014;psy;patient;F;40;131;461703;28.4
2014;psy;patient;F;44;166;454335;36.5
2014;psy;patient;F;46;159;450353;35.3
2014;psy;patient;F;51;149;449186;33.2
2014;psy;patient;F;54;124;447198;27.7
2014;psy;patient;F;56;135;437548;30.9
2014;psy;patient;F;59;90;430899;20.9
2014;psy;patient;F;61;83;428783;19.4
2014;psy;patient;F;64;58;426382;13.6
2014;psy;patient;F;65;51;422603;12.1
2014;psy;patient;F;68;47;299167;15.7
2014;psy;patient;F;69;38;293015;13.0
2014;psy;patient;F;70;34;285169;11.9
2014;psy;patient;F;74;25;260994;9.6
2014;psy;patient;F;80;28;240511;11.6
2014;psy;patient;F;83;16;226425;7.1
2014;psy;patient;F;88;5;149730;3.3
2014;psy;patient;F;90;5;115186;4.3
2014;psy;patient;F;92;1;85240;1.2
2014;psy;patient;F;94;1;34421;2.9
2014;psy;patient;M;14;14;419016;3.3
2014;psy;patient;M;20;62;384540;16.1
2014;psy;patient;M;22;71;396362;17.9
2014;psy;patient;M;23;70;397635;17.6
2014;psy;patient;M;30;85;384480;22.1
2014;psy;patient;M;32;104;414697;25.1
2014;psy;patient;M;33;73;422508;17.3
2014;psy;patient;M;36;71;401993;17.7
2014;psy;patient;M;41;131;465006;28.2
2014;psy;patient;M;45;112;440963;25.4
2014;psy;patient;M;46;103;439499;23.4
2014;psy;patient;M;48;127;450450;28.2
2014;psy;patient;M;49;118;453658;26.0
2014;psy;patient;M;51;95;432333;22.0
2014;psy;patient;M;61;47;396887;11.8
2014;psy;patient;M;63;41;400453;10.2
2014;psy;patient;M;64;25;390294;6.4
2014;psy;patient;M;71;17;231282;7.4
2014;psy;patient;M;73;6;208001;2.9
2014;psy;patient;M;85;8;106290;7.5
2014;psy;patient;M;87;5;80525;6.2
2014;psy;patient;M;89;1;57157;1.7
2014;psy;sejours;F;14;120;397154;30.2
2014;psy;sejours;F;15;187;397018;47.1
2014;psy;sejours;F;16;263;388690;67.7
2014;psy;sejours;F;22;180;388634;46.3
2014;psy;sejours;F;25;110;399262;27.6
2014;psy;sejours;F;26;134;397598;33.7
2014;psy;sejours;F;27;106;406505;26.1
2014;psy;sejours;F;31;120;425927;28.2
2014;psy;sejours;F;37;124;400753;30.9
2014;psy;sejours;F;38;118;412324;28.6
2014;psy;sejours;F;41;226;470242;48.1
2014;psy;sejours;F;43;260;459081;56.6
2014;psy;sejours;F;46;211;450353;46.9
2014;psy;sejours;F;47;199;461847;43.1
2014;psy;sejours;F;48;207;462970;44.7
2014;psy;sejours;F;50;217;464846;46.7
2014;psy;sejours;F;53;177;448575;39.5
2014;psy;sejours;F;57;163;434489;37.5
2014;psy;sejours;F;59;111;430899;25.8
2014;psy;sejours;F;61;113;428783;26.4
2014;psy;sejours;F;65;71;422603;16.8
2014;psy;sejours;F;66;76;415641;18.3
2014;psy;sejours;F;67;69;395516;17.4
2014;psy;sejours;F;68;60;299167;20.1
2014;psy;sejours;F;72;37;236999;15.6
2014;psy;sejours;F;75;41;258281;15.9
2014;psy;sejours;F;76;30;254903;11.8
2014;psy;sejours;F;78;33;250723;13.2
2014;psy;sejours;F;79;24;252563;9.5
2014;psy;sejours;F;81;22;244435;9.0
2014;psy;sejours;F;92;1;85240;1.2
2014;psy;sejours;F;93;5;70971;7.0
2014;psy;sejours;F;95;2;91622;2.2
2014;psy;sejours;M;16;63;409530;15.4
2014;psy;sejours;M;18;98;404678;24.2
2014;psy;sejours;M;20;81;384540;21.1
2014;psy;sejours;M;22;97;396362;24.5
2014;psy;sejours;M;28;101;391806;25.8
2014;psy;sejours;M;32;162;414697;39.1
2014;psy;sejours;M;33;91;422508;21.5
2014;psy;sejours;M;35;95;394799;24.1
2014;psy;sejours;M;39;134;429801;31.2
2014;psy;sejours;M;48;178;450450;39.5
2014;psy;sejours;M;53;112;429845;26.1
2014;psy;sejours;M;55;120;415481;28.9
2014;psy;sejours;M;61;58;396887;14.6
2014;psy;sejours;M;62;61;386947;15.8
2014;psy;sejours;M;65;38;389349;9.8
2014;psy;sejours;M;66;27;380040;7.1
2014;psy;sejours;M;71;23;231282;9.9
2014;psy;sejours;M;72;8;203668;3.9
2014;psy;sejours;M;73;6;208001;2.9
2014;psy;sejours;M;74;10;213544;4.7
2014;psy;sejours;M;81;10;160493;6.2
2014;psy;sejours;M;82;10;147612;6.8
2014;psy;sejours;M;86;4;92298;4.3
2014;psy;sejours;M;89;1;57157;1.7
2014;psy;sejours;M;90;2;47482;4.2
2014;psy;sejours;M;94;1;11102;9.0
2015;mco;patient;F;6;4;408464;1.0
2015;mco;patient;F;7;8;406434;2.0
2015;mco;patient;F;8;10;414100;2.4
2015;mco;patient;F;9;9;405017;2.2
2015;mco;patient;F;13;1040;410838;253.1
2015;mco;patient;F;16;1605;398794;402.5
2015;mco;patient;F;20;769;371799;206.8
2015;mco;patient;F;21;697;366518;190.2
2015;mco;patient;F;24;662;392849;168.5
2015;mco;patient;F;26;604;398936;151.4
2015;mco;patient;F;31;573;404624;141.6
2015;mco;patient;F;33;555;433595;128.0
2015;mco;patient;F;34;610;440156;138.6
2015;mco;patient;F;36;619;408408;151.6
2015;mco;patient;F;41;893;461929;193.3
2015;mco;patient;F;43;1018;467660;217.7
2015;mco;patient;F;44;1016;459374;221.2
2015;mco;patient;F;47;1038;451414;229.9
2015;mco;patient;F;48;1051;461582;227.7
2015;mco;patient;F;49;1020;462481;220.5
2015;mco;patient;F;50;1018;468663;217.2
2015;mco;patient;F;55;800;446374;179.2
2015;mco;patient;F;62;490;426427;114.9
2015;mco;patient;F;67;331;413140;80.1
2015;mco;patient;F;68;297;391820;75.8
2015;mco;patient;F;69;229;297298;77.0
2015;mco;patient;F;70;210;290537;72.3
2015;mco;patient;F;71;219;282877;77.4
2015;mco;patient;F;72;210;261726;80.2
2015;mco;patient;F;79;183;244743;74.8
2015;mco;patient;F;80;173;245734;70.4
2015;mco;patient;F;86;127;180833;70.2
2015;mco;patient;F;87;113;163640;69.1
2015;mco;patient;F;88;116;150214;77.2
2015;mco;patient;F;90;77;116742;66.0
2015;mco;patient;F;91;64;101385;63.1
2015;mco;patient;F;94;35;58747;59.6
2015;mco;patient;M;7;9;425475;2.1
2015;mco;patient;M;9;24;423711;5.7
2015;mco;patient;M;10;36;421996;8.5
2015;mco;patient;M;11;62;420063;14.8
2015;mco;patient;M;12;92;422381;21.8
2015;mco;patient;M;13;187;430816;43.4
2015;mco;patient;M;19;486;401062;121.2
2015;mco;patient;M;20;507;384032;132.0
2015;mco;patient;M;22;447;392573;113.9
2015;mco;patient;M;23;460;389415;118.1
2015;mco;patient;M;28;505;392093;128.8
2015;mco;patient;M;29;581;393837;147.5
2015;mco;patient;M;32;550;411807;133.6
2015;mco;patient;M;34;604;423494;142.6
2015;mco;patient;M;39;559;405307;137.9
2015;mco;patient;M;41;684;452890;151.0
2015;mco;patient;M;42;773;463487;166.8
2015;mco;patient;M;45;729;445663;163.6
2015;mco;patient;M;49;619;449657;137.7
2015;mco;patient;M;50;714;452286;157.9
2015;mco;patient;M;55;498;421892;118.0
2015;mco;patient;M;57;446;409012;109.0
2015;mco;patient;M;63;243;382367;63.6
2015;mco;patient;M;66;197;384765;51.2
2015;mco;patient;M;69;156;263777;59.1
2015;mco;patient;M;70;111;255393;43.5
2015;mco;patient;M;73;93;198882;46.8
2015;mco;patient;M;74;89;203029;43.8
2015;mco;patient;M;76;95;200782;47.3
2015;mco;patient;M;80;87;170196;51.1
2015;mco;patient;M;84;90;126457;71.2
2015;mco;patient;M;87;85;83034;102.4
2015;mco;patient;M;88;66;70775;93.3
2015;mco;patient;M;90;64;49027;130.5
2015;mco;patient;M;91;41;39496;103.8
2015;mco;patient;M;92;32;31287;102.3
2015;mco;patient;M;94;18;18820;95.6
2015;mco;patient;M;95;33;23728;139.1
2015;mco;sejours;F;6;4;408464;1.0
2015;mco;sejours;F;7;8;406434;2.0
2015;mco;sejours;F;8;10;414100;2.4
2015;mco;sejours;F;9;10;405017;2.5
2015;mco;sejours;F;13;1262;410838;307.2
2015;mco;sejours;F;18;1154;390993;295.1
2015;mco;sejours;F;23;782;385590;202.8
2015;mco;sejours;F;25;798;395120;202.0
2015;mco;sejours;F;26;709;398936;177.7
2015;mco;sejours;F;27;713;401029;177.8
2015;mco;sejours;F;31;664;404624;164.1
2015;mco;sejours;F;33;661;433595;152.4
2015;mco;sejours;F;37;766;410441;186.6
2015;mco;sejours;F;39;823;413684;198.9
2015;mco;sejours;F;41;1059;461929;229.3
2015;mco;sejours;F;42;1110;470417;236.0
2015;mco;sejours;F;44;1198;459374;260.8
2015;mco;sejours;F;46;1173;453623;258.6
2015;mco;sejours;F;53;988;448127;220.5
2015;mco;sejours;F;55;905;446374;202.7
2015;mco;sejours;F;58;714;433893;164.6
2015;mco;sejours;F;73;181;234695;77.1
2015;mco;sejours;F;74;161;245949;65.5
2015;mco;sejours;F;75;210;256724;81.8
2015;mco;sejours;F;76;237;254018;93.3
2015;mco;sejours;F;77;190;250029;76.0
2015;mco;sejours;F;80;185;245734;75.3
2015;mco;sejours;F;82;182;235403;77.3
2015;mco;sejours;F;84;169;216145;78.2
2015;mco;sejours;F;86;133;180833;73.5
2015;mco;sejours;F;87;121;163640;73.9
2015;mco;sejours;F;90;81;116742;69.4
2015;mco;sejours;F;91;69;101385;68.1
2015;mco;sejours;F;92;44;86599;50.8
2015;mco;sejours;F;93;37;72559;51.0
2015;mco;sejours;M;7;10;425475;2.4
2015;mco;sejours;M;9;25;423711;5.9
2015;mco;sejours;M;15;460;421680;109.1
2015;mco;sejours;M;19;544;401062;135.6
2015;mco;sejours;M;20;585;384032;152.3
2015;mco;sejours;M;21;554;378691;146.3
2015;mco;sejours;M;27;579;388521;149.0
2015;mco;sejours;M;28;591;392093;150.7
2015;mco;sejours;M;30;641;390255;164.3
2015;mco;sejours;M;37;694;403947;171.8
2015;mco;sejours;M;39;688;405307;169.7
2015;mco;sejours;M;42;891;463487;192.2
2015;mco;sejours;M;43;957;461490;207.4
2015;mco;sejours;M;45;879;445663;197.2
2015;mco;sejours;M;46;849;440209;192.9
2015;mco;sejours;M;48;869;448336;193.8
2015;mco;sejours;M;49;745;449657;165.7
2015;mco;sejours;M;55;589;421892;139.6
2015;mco;sejours;M;60;362;397787;91.0
2015;mco;sejours;M;64;257;395457;65.0
2015;mco;sejours;M;68;190;352219;53.9
2015;mco;sejours;M;70;122;255393;47.8
2015;mco;sejours;M;72;110;226809;48.5
2015;mco;sejours;M;82;87;150873;57.7
2015;mco;sejours;M;89;85;60378;140.8
2015;psy;patient;F;14;78;418494;18.6
2015;psy;patient;F;16;156;398794;39.1
2015;psy;patient;F;22;87;381321;22.8
2015;psy;patient;F;23;102;385590;26.5
2015;psy;patient;F;24;88;392849;22.4
2015;psy;patient;F;25;99;395120;25.1
2015;psy;patient;F;28;82;409565;20.0
2015;psy;patient;F;32;80;429306;18.6
2015;psy;patient;F;33;100;433595;23.1
2015;psy;patient;F;35;78;417271;18.7
2015;psy;patient;F;37;95;410441;23.1
2015;psy;patient;F;45;169;454129;37.2
2015;psy;patient;F;46;151;453623;33.3
2015;psy;patient;F;48;143;461582;31.0
2015;psy;patient;F;55;129;446374;28.9
2015;psy;patient;F;56;131;436862;30.0
2015;psy;patient;F;59;91;431090;21.1
2015;psy;patient;F;62;71;426427;16.6
2015;psy;patient;F;66;57;419885;13.6
2015;psy;patient;F;71;41;282877;14.5
2015;psy;patient;F;74;21;245949;8.5
2015;psy;patient;F;75;26;256724;10.1
2015;psy;patient;F;76;26;254018;10.2
2015;psy;patient;F;78;26;250525;10.4
2015;psy;patient;F;80;30;245734;12.2
2015;psy;patient;F;81;21;233356;9.0
2015;psy;patient;F;83;21;223132;9.4
2015;psy;patient;F;85;14;192774;7.3
2015;psy;patient;F;91;9;101385;8.9
2015;psy;patient;F;93;1;72559;1.4
2015;psy;patient;M;13;7;430816;1.6
2015;psy;patient;M;14;11;439387;2.5
2015;psy;patient;M;19;74;401062;18.5
2015;psy;patient;M;21;70;378691;18.5
2015;psy;patient;M;26;68;389607;17.5
2015;psy;patient;M;31;84;386048;21.8
2015;psy;patient;M;36;82;395516;20.7
2015;psy;patient;M;37;84;403947;20.8
2015;psy;patient;M;43;118;461490;25.6
2015;psy;patient;M;44;120;454084;26.4
2015;psy;patient;M;50;89;452286;19.7
2015;psy;patient;M;53;82;430092;19.1
2015;psy;patient;M;55;79;421892;18.7
2015;psy;patient;M;56;66;412620;16.0
2015;psy;patient;M;60;48;397787;12.1
2015;psy;patient;M;61;39;387983;10.1
2015;psy;patient;M;65;27;386834;7.0
2015;psy;patient;M;71;12;246585;4.9
2015;psy;patient;M;72;21;226809;9.3
2015;psy;patient;M;73;18;198882;9.1
2015;psy;patient;M;74;10;203029;4.9
2015;psy;patient;M;76;13;200782;6.5
2015;psy;patient;M;82;15;150873;9.9
2015;psy;patient;M;84;11;126457;8.7
2015;psy;patient;M;85;6;108324;5.5
2015;psy;patient;M;92;2;31287;6.4
2015;psy;patient;M;93;2;24936;8.0
2015;psy;patient;M;95;4;23728;16.9
2015;psy;sejours;F;12;37;1210159;9.2
2015;psy;sejours;F;16;222;398794;55.7
2015;psy;sejours;F;26;104;398936;26.1
2015;psy;sejours;F;28;111;409565;27.1
2015;psy;sejours;F;32;106;429306;24.7
2015;psy;sejours;F;33;117;433595;27.0
2015;psy;sejours;F;35;130;417271;31.2
2015;psy;sejours;F;36;90;408408;22.0
2015;psy;sejours;F;42;224;470417;47.6
2015;psy;sejours;F;43;201;467660;43.0
2015;psy;sejours;F;46;193;453623;42.5
2015;psy;sejours;F;47;200;451414;44.3
2015;psy;sejours;F;52;186;447742;41.5
2015;psy;sejours;F;53;169;448127;37.7
2015;psy;sejours;F;55;177;446374;39.7
2015;psy;sejours;F;57;176;436192;40.3
2015;psy;sejours;F;59;113;431090;26.2
2015;psy;sejours;F;61;101;421320;24.0
2015;psy;sejours;F;64;69;431959;16.0
2015;psy;sejours;F;65;82;424602;19.3
2015;psy;sejours;F;67;60;413140;14.5
2015;psy;sejours;F;75;36;256724;14.0
2015;psy;sejours;F;82;19;235403;8.1
2015;psy;sejours;F;87;10;163640;6.1
2015;psy;sejours;F;88;5;150214;3.3
2015;psy;sejours;F;89;7;135378;5.2
2015;psy;sejours;F;90;7;116742;6.0
2015;psy;sejours;F;92;2;86599;2.3
2015;psy;sejours;M;13;10;430816;2.3
2015;psy;sejours;M;14;22;439387;5.0
2015;psy;sejours;M;16;56;417792;13.4
2015;psy;sejours;M;17;76;409379;18.6
2015;psy;sejours;M;20;87;384032;22.7
2015;psy;sejours;M;26;85;389607;21.8
2015;psy;sejours;M;27;91;388521;23.4
2015;psy;sejours;M;29;82;393837;20.8
2015;psy;sejours;M;32;119;411807;28.9
2015;psy;sejours;M;46;117;440209;26.6
2015;psy;sejours;M;48;142;448336;31.7
2015;psy;sejours;M;49;142;449657;31.6
2015;psy;sejours;M;54;121;427276;28.3
2015;psy;sejours;M;55;111;421892;26.3
2015;psy;sejours;M;56;96;412620;23.3
2015;psy;sejours;M;58;74;404732;18.3
2015;psy;sejours;M;59;63;398236;15.8
2015;psy;sejours;M;61;55;387983;14.2
2015;psy;sejours;M;65;29;386834;7.5
2015;psy;sejours;M;66;36;384765;9.4
2015;psy;sejours;M;68;27;352219;7.7
2015;psy;sejours;M;69;19;263777;7.2
2015;psy;sejours;M;75;12;208465;5.8
2015;psy;sejours;M;79;15;174525;8.6
2015;psy;sejours;M;80;12;170196;7.1
2015;psy;sejours;M;81;11;155332;7.1
2015;psy;sejours;M;82;18;150873;11.9
2015;psy;sejours;M;89;6;60378;9.9
2015;psy;sejours;M;90;4;49027;8.2
2015;psy;sejours;M;91;2;39496;5.1
2016;mco;patient;F;6;7;406535;1.7
2016;mco;patient;F;8;9;407577;2.2
2016;mco;patient;F;18;1026;383901;267.3
2016;mco;patient;F;19;917;386619;237.2
2016;mco;patient;F;22;615;363768;169.1
2016;mco;patient;F;27;611;400254;152.7
2016;mco;patient;F;35;632;442538;142.8
2016;mco;patient;F;38;601;411482;146.1
2016;mco;patient;F;48;1042;449873;231.6
2016;mco;patient;F;53;896;447040;200.4
2016;mco;patient;F;54;829;447123;185.4
2016;mco;patient;F;56;742;444914;166.8
2016;mco;patient;F;61;485;427678;113.4
2016;mco;patient;F;65;407;429565;94.7
2016;mco;patient;F;66;350;422096;82.9
2016;mco;patient;F;70;253;295115;85.7
2016;mco;patient;F;72;203;279933;72.5
2016;mco;patient;F;74;171;231870;73.7
2016;mco;patient;F;76;193;254277;75.9
2016;mco;patient;F;83;179;226132;79.2
2016;mco;patient;F;90;94;120018;78.3
2016;mco;patient;F;91;82;102004;80.4
2016;mco;patient;F;94;36;59776;60.2
2016;mco;patient;F;95;80;115498;69.3
2016;mco;patient;M;6;9;426026;2.1
2016;mco;patient;M;7;8;430360;1.9
2016;mco;patient;M;10;35;424797;8.2
2016;mco;patient;M;13;141;423271;33.3
2016;mco;patient;M;14;273;432544;63.1
2016;mco;patient;M;22;456;372015;122.6
2016;mco;patient;M;24;432;385260;112.1
2016;mco;patient;M;28;547;388725;140.7
2016;mco;patient;M;29;531;393216;135.0
2016;mco;patient;M;30;527;393926;133.8
2016;mco;patient;M;37;561;397844;141.0
2016;mco;patient;M;38;557;404401;137.7
2016;mco;patient;M;40;622;406231;153.1
2016;mco;patient;M;42;723;450451;160.5
2016;mco;patient;M;48;670;436805;153.4
2016;mco;patient;M;51;625;450433;138.8
2016;mco;patient;M;52;581;444223;130.8
2016;mco;patient;M;57;413;409613;100.8
2016;mco;patient;M;58;370;406051;91.1
2016;mco;patient;M;63;211;388055;54.4
2016;mco;patient;M;65;203;390617;52.0
2016;mco;patient;M;67;201;379868;52.9
2016;mco;patient;M;72;103;241481;42.7
2016;mco;patient;M;77;88;194127;45.3
2016;mco;patient;M;79;85;178449;47.6
2016;mco;patient;M;80;84;165784;50.7
2016;mco;patient;M;82;101;146628;68.9
2016;mco;patient;M;85;90;115688;77.8
2016;mco;patient;M;86;95;97855;97.1
2016;mco;patient;M;91;37;40619;91.1
2016;mco;sejours;F;7;10;409699;2.4
2016;mco;sejours;F;9;16;415288;3.9
2016;mco;sejours;F;12;508;403433;125.9
2016;mco;sejours;F;14;2109;411395;512.6
2016;mco;sejours;F;17;1610;397800;404.7
2016;mco;sejours;F;19;1091;386619;282.2
2016;mco;sejours;F;21;842;367075;229.4
2016;mco;sejours;F;22;734;363768;201.8
2016;mco;sejours;F;24;771;383188;201.2
2016;mco;sejours;F;25;708;391439;180.9
2016;mco;sejours;F;31;657;410242;160.1
2016;mco;sejours;F;32;698;406664;171.6
2016;mco;sejours;F;33;666;431352;154.4
2016;mco;sejours;F;34;679;435557;155.9
2016;mco;sejours;F;35;740;442538;167.2
2016;mco;sejours;F;36;761;419865;181.2
2016;mco;sejours;F;39;777;403599;192.5
2016;mco;sejours;F;40;771;414346;186.1
2016;mco;sejours;F;48;1222;449873;271.6
2016;mco;sejours;F;50;1160;462751;250.7
2016;mco;sejours;F;52;1067;462826;230.5
2016;mco;sejours;F;55;903;447057;202.0
2016;mco;sejours;F;58;745;435113;171.2
2016;mco;sejours;F;61;551;427678;128.8
2016;mco;sejours;F;62;482;419425;114.9
2016;mco;sejours;F;64;491;414601;118.4
2016;mco;sejours;F;65;441;429565;102.7
2016;mco;sejours;F;68;329;410662;80.1
2016;mco;sejours;F;71;204;288538;70.7
2016;mco;sejours;F;75;190;242657;78.3
2016;mco;sejours;F;76;215;254277;84.6
2016;mco;sejours;F;80;196;237826;82.4
2016;mco;sejours;F;81;189;238080;79.4
2016;mco;sejours;F;92;74;86955;85.1
2016;mco;sejours;F;93;47;73117;64.3
2016;mco;sejours;F;95;86;115498;74.5
2016;mco;sejours;M;6;9;426026;2.1
2016;mco;sejours;M;7;9;430360;2.1
2016;mco;sejours;M;8;14;427114;3.3
2016;mco;sejours;M;9;20;433917;4.6
2016;mco;sejours;M;10;39;424797;9.2
2016;mco;sejours;M;12;150;421074;35.6
2016;mco;sejours;M;14;310;432544;71.7
2016;mco;sejours;M;18;513;403819;127.0
2016;mco;sejours;M;23;499;384827;129.7
2016;mco;sejours;M;26;606;384992;157.4
2016;mco;sejours;M;27;631;388231;162.5
2016;mco;sejours;M;29;629;393216;160.0
2016;mco;sejours;M;35;678;423480;160.1
2016;mco;sejours;M;37;673;397844;169.2
2016;mco;sejours;M;46;932;444787;209.5
2016;mco;sejours;M;56;543;419543;129.4
2016;mco;sejours;M;62;317;384326;82.5
2016;mco;sejours;M;84;113;127238;88.8
2016;mco;sejours;M;87;71;85602;82.9
2016;mco;sejours;M;95;43;30617;140.4
2016;psy;patient;F;15;124;418878;29.6
2016;psy;patient;F;17;177;397800;44.5
2016;psy;patient;F;28;70;404148;17.3
2016;psy;patient;F;31;89;410242;21.7
2016;psy;patient;F;35;91;442538;20.6
2016;psy;patient;F;37;96;410746;23.4
2016;psy;patient;F;38;86;411482;20.9
2016;psy;patient;F;40;106;414346;25.6
2016;psy;patient;F;42;128;460940;27.8
2016;psy;patient;F;44;152;467109;32.5
2016;psy;patient;F;46;147;453971;32.4
2016;psy;patient;F;49;157;460880;34.1
2016;psy;patient;F;56;119;444914;26.7
2016;psy;patient;F;59;96;432961;22.2
2016;psy;patient;F;60;79;429895;18.4
2016;psy;patient;F;61;98;427678;22.9
2016;psy;patient;F;63;75;424510;17.7
2016;psy;patient;F;64;60;414601;14.5
2016;psy;patient;F;70;48;295115;16.3
2016;psy;patient;F;71;36;288538;12.5
2016;psy;patient;F;75;25;242657;10.3
2016;psy;patient;F;76;28;254277;11.0
2016;psy;patient;F;77;32;249810;12.8
2016;psy;patient;F;80;27;237826;11.4
2016;psy;patient;F;82;11;224966;4.9
2016;psy;patient;F;83;16;226132;7.1
2016;psy;patient;F;84;21;212561;9.9
2016;psy;patient;F;88;11;150035;7.3
2016;psy;patient;F;93;4;73117;5.5
2016;psy;patient;F;95;5;115498;4.3
2016;psy;patient;M;12;7;1268551;1.7
2016;psy;patient;M;15;35;440607;7.9
2016;psy;patient;M;16;61;422734;14.4
2016;psy;patient;M;18;62;403819;15.4
2016;psy;patient;M;20;80;393014;20.4
2016;psy;patient;M;24;62;385260;16.1
2016;psy;patient;M;25;61;388804;15.7
2016;psy;patient;M;28;75;388725;19.3
2016;psy;patient;M;31;89;391365;22.7
2016;psy;patient;M;34;94;417318;22.5
2016;psy;patient;M;40;95;406231;23.4
2016;psy;patient;M;45;111;451335;24.6
2016;psy;patient;M;50;105;448464;23.4
2016;psy;patient;M;51;110;450433;24.4
2016;psy;patient;M;53;86;428292;20.1
2016;psy;patient;M;58;49;406051;12.1
2016;psy;patient;M;59;60;401132;15.0
2016;psy;patient;M;62;46;384326;12.0
2016;psy;patient;M;67;30;379868;7.9
2016;psy;patient;M;69;29;346077;8.4
2016;psy;patient;M;72;10;241481;4.1
2016;psy;patient;M;73;18;221399;8.1
2016;psy;patient;M;76;6;202632;3.0
2016;psy;patient;M;82;12;146628;8.2
2016;psy;patient;M;83;10;140581;7.1
2016;psy;patient;M;84;16;127238;12.6
2016;psy;patient;M;85;10;115688;8.6
2016;psy;patient;M;88;6;72839;8.2
2016;psy;sejours;F;17;284;397800;71.4
2016;psy;sejours;F;26;121;396431;30.5
2016;psy;sejours;F;34;130;435557;29.8
2016;psy;sejours;F;36;133;419865;31.7
2016;psy;sejours;F;40;136;414346;32.8
2016;psy;sejours;F;42;226;460940;49.0
2016;psy;sejours;F;46;216;453971;47.6
2016;psy;sejours;F;49;249;460880;54.0
2016;psy;sejours;F;50;185;462751;40.0
2016;psy;sejours;F;51;196;467029;42.0
2016;psy;sejours;F;52;230;462826;49.7
2016;psy;sejours;F;55;157;447057;35.1
2016;psy;sejours;F;58;138;435113;31.7
2016;psy;sejours;F;67;83;418357;19.8
2016;psy;sejours;F;68;58;410662;14.1
2016;psy;sejours;F;69;74;388888;19.0
2016;psy;sejours;F;71;40;288538;13.9
2016;psy;sejours;F;74;22;231870;9.5
2016;psy;sejours;F;75;32;242657;13.2
2016;psy;sejours;F;77;36;249810;14.4
2016;psy;sejours;F;78;36;245435;14.7
2016;psy;sejours;F;80;33;237826;13.9
2016;psy;sejours;F;81;44;238080;18.5
2016;psy;sejours;F;85;20;204796;9.8
2016;psy;sejours;F;88;13;150035;8.7
2016;psy;sejours;F;90;7;120018;5.8
2016;psy;sejours;F;93;4;73117;5.5
2016;psy;sejours;M;12;8;1268551;1.9
2016;psy;sejours;M;16;84;422734;19.9
2016;psy;sejours;M;17;98;416974;23.5
2016;psy;sejours;M;18;86;403819;21.3
2016;psy;sejours;M;19;111;403266;27.5
2016;psy;sejours;M;22;113;372015;30.4
2016;psy;sejours;M;24;85;385260;22.1
2016;psy;sejours;M;27;96;388231;24.7
2016;psy;sejours;M;29;92;393216;23.4
2016;psy;sejours;M;30;106;393926;26.9
2016;psy;sejours;M;32;98;387000;25.3
2016;psy;sejours;M;33;118;412805;28.6
2016;psy;sejours;M;38;155;404401;38.3
2016;psy;sejours;M;41;139;428623;32.4
2016;psy;sejours;M;43;198;462215;42.8
2016;psy;sejours;M;49;131;446930;29.3
2016;psy;sejours;M;52;116;444223;26.1
2016;psy;sejours;M;54;123;428444;28.7
2016;psy;sejours;M;57;82;409613;20.0
2016;psy;sejours;M;59;81;401132;20.2
2016;psy;sejours;M;60;53;394608;13.4
2016;psy;sejours;M;74;13;193972;6.7
2016;psy;sejours;M;75;20;197656;10.1
2016;psy;sejours;M;78;10;184478;5.4
2016;psy;sejours;M;86;8;97855;8.2
2016;psy;sejours;M;89;9;60888;14.8
2016;psy;sejours;M;90;3;50971;5.9
2016;psy;sejours;M;91;1;40619;2.5
2016;psy;sejours;M;94;2;19231;10.4
2017;mco;patient;F;6;4;412310;1.0
2017;mco;patient;F;7;9;407602;2.2
2017;mco;patient;F;8;14;411267;3.4
2017;mco;patient;F;10;25;416166;6.0
2017;mco;patient;F;12;441;404844;108.9
2017;mco;patient;F;13;1088;403930;269.4
2017;mco;patient;F;16;1678;417805;401.6
2017;mco;patient;F;18;1083;392026;276.3
2017;mco;patient;F;22;675;363080;185.9
2017;mco;patient;F;26;562;390251;144.0
2017;mco;patient;F;27;584;398152;146.7
2017;mco;patient;F;32;561;413477;135.7
2017;mco;patient;F;33;604;409445;147.5
2017;mco;patient;F;35;604;439141;137.5
2017;mco;patient;F;37;627;422575;148.4
2017;mco;patient;F;39;571;412123;138.6
2017;mco;patient;F;40;681;404012;168.6
2017;mco;patient;F;53;849;460670;184.3
2017;mco;patient;F;54;851;444957;191.3
2017;mco;patient;F;64;403;422550;95.4
2017;mco;patient;F;70;302;385005;78.4
2017;mco;patient;F;74;196;256148;76.5
2017;mco;patient;F;76;150;238856;62.8
2017;mco;patient;F;82;170;231248;73.5
2017;mco;patient;F;84;155;216363;71.6
2017;mco;patient;F;85;156;202685;77.0
2017;mco;patient;F;90;75;123506;60.7
2017;mco;patient;F;91;72;107111;67.2
2017;mco;patient;M;6;6;428950;1.4
2017;mco;patient;M;7;9;428265;2.1
2017;mco;patient;M;9;27;427334;6.3
2017;mco;patient;M;10;33;433764;7.6
2017;mco;patient;M;11;82;424735;19.3
2017;mco;patient;M;16;491;442221;111.0
2017;mco;patient;M;19;458;396444;115.5
2017;mco;patient;M;24;458;377720;121.3
2017;mco;patient;M;25;482;381490;126.3
2017;mco;patient;M;30;544;394782;137.8
2017;mco;patient;M;32;566;392662;144.1
2017;mco;patient;M;35;610;420196;145.2
2017;mco;patient;M;38;529;398341;132.8
2017;mco;patient;M;39;545;403460;135.1
2017;mco;patient;M;43;681;449620;151.5
2017;mco;patient;M;45;754;460999;163.6
2017;mco;patient;M;47;707;443738;159.3
2017;mco;patient;M;54;485;425304;114.0
2017;mco;patient;M;55;501;425622;117.7
2017;mco;patient;M;58;384;406391;94.5
2017;mco;patient;M;59;375;402278;93.2
2017;mco;patient;M;60;350;396547;88.3
2017;mco;patient;M;67;205;376280;54.5
2017;mco;patient;M;68;181;373675;48.4
2017;mco;patient;M;71;125;252839;49.4
2017;mco;patient;M;73;107;235390;45.5
2017;mco;patient;M;81;109;157573;69.2
2017;mco;patient;M;83;78;137562;56.7
2017;mco;patient;M;88;89;75628;117.7
2017;mco;patient;M;89;62;63399;97.8
2017;mco;patient;M;91;39;43138;90.4
2017;mco;patient;M;92;37;33402;110.8
2017;mco;patient;M;94;29;19385;149.6
2017;mco;sejours;F;7;9;407602;2.2
2017;mco;sejours;F;11;149;405600;36.7
2017;mco;sejours;F;15;2350;412586;569.6
2017;mco;sejours;F;16;2027;417805;485.2
2017;mco;sejours;F;18;1239;392026;316.1
2017;mco;sejours;F;19;1066;378074;282.0
2017;mco;sejours;F;28;736;403572;182.4
2017;mco;sejours;F;29;618;407634;151.6
2017;mco;sejours;F;35;709;439141;161.5
2017;mco;sejours;F;36;720;444324;162.0
2017;mco;sejours;F;37;762;422575;180.3
2017;mco;sejours;F;38;714;411754;173.4
2017;mco;sejours;F;47;1120;453275;247.1
2017;mco;sejours;F;49;1136;447936;253.6
2017;mco;sejours;F;53;996;460670;216.2
2017;mco;sejours;F;60;588;431070;136.4
2017;mco;sejours;F;66;388;425344;91.2
2017;mco;sejours;F;68;348;415856;83.7
2017;mco;sejours;F;69;344;406701;84.6
2017;mco;sejours;F;72;228;284766;80.1
2017;mco;sejours;F;75;227;228704;99.3
2017;mco;sejours;F;76;162;238856;67.8
2017;mco;sejours;F;81;169;231347;73.1
2017;mco;sejours;F;82;185;231248;80.0
2017;mco;sejours;F;84;174;216363;80.4
2017;mco;sejours;F;85;172;202685;84.9
2017;mco;sejours;F;88;115;155876;73.8
2017;mco;sejours;F;95;86;140092;61.4
2017;mco;sejours;M;7;9;428265;2.1
2017;mco;sejours;M;13;219;421249;52.0
2017;mco;sejours;M;20;575;394691;145.7
2017;mco;sejours;M;21;544;386454;140.8
2017;mco;sejours;M;30;652;394782;165.2
2017;mco;sejours;M;31;665;394696;168.5
2017;mco;sejours;M;33;655;388519;168.6
2017;mco;sejours;M;35;714;420196;169.9
2017;mco;sejours;M;40;704;393157;179.1
2017;mco;sejours;M;41;733;407208;180.0
2017;mco;sejours;M;42;784;427150;183.5
2017;mco;sejours;M;43;809;449620;179.9
2017;mco;sejours;M;47;875;443738;197.2
2017;mco;sejours;M;48;816;436830;186.8
2017;mco;sejours;M;53;614;441087;139.2
2017;mco;sejours;M;55;594;425622;139.6
2017;mco;sejours;M;56;506;420504;120.3
2017;mco;sejours;M;57;488;417257;117.0
2017;mco;sejours;M;59;412;402278;102.4
2017;mco;sejours;M;60;406;396547;102.4
2017;mco;sejours;M;61;366;390545;93.7
2017;mco;sejours;M;62;303;388823;77.9
2017;mco;sejours;M;63;288;379921;75.8
2017;mco;sejours;M;70;167;339734;49.2
2017;mco;sejours;M;72;123;245460;50.1
2017;mco;sejours;M;74;121;216078;56.0
2017;mco;sejours;M;76;83;191841;43.3
2017;mco;sejours;M;80;85;170971;49.7
2017;mco;sejours;M;81;118;157573;74.9
2017;psy;patient;F;13;63;403930;15.6
2017;psy;patient;F;17;190;395463;48.0
2017;psy;patient;F;19;141;378074;37.3
2017;psy;patient;F;21;106;374369;28.3
2017;psy;patient;F;22;96;363080;26.4
2017;psy;patient;F;26;92;390251;23.6
2017;psy;patient;F;29;81;407634;19.9
2017;psy;patient;F;33;74;409445;18.1
2017;psy;patient;F;38;101;411754;24.5
2017;psy;patient;F;40;82;404012;20.3
2017;psy;patient;F;43;117;460524;25.4
2017;psy;patient;F;51;160;460150;34.8
2017;psy;patient;F;59;100;432999;23.1
2017;psy;patient;F;61;78;428429;18.2
2017;psy;patient;F;63;76;416792;18.2
2017;psy;patient;F;65;63;411884;15.3
2017;psy;patient;F;67;51;419001;12.2
2017;psy;patient;F;71;51;292275;17.4
2017;psy;patient;F;74;39;256148;15.2
2017;psy;patient;F;81;33;231347;14.3
2017;psy;patient;F;87;11;169201;6.5
2017;psy;patient;F;89;8;137632;5.8
2017;psy;patient;F;94;4;62104;6.4
2017;psy;patient;M;12;6;1281713;1.4
2017;psy;patient;M;17;53;418889;12.7
2017;psy;patient;M;18;53;412197;12.9
2017;psy;patient;M;26;52;385067;13.5
2017;psy;patient;M;34;86;414174;20.8
2017;psy;patient;M;36;79;425642;18.6
2017;psy;patient;M;40;78;393157;19.8
2017;psy;patient;M;41;84;407208;20.6
2017;psy;patient;M;43;90;449620;20.0
2017;psy;patient;M;44;118;461441;25.6
2017;psy;patient;M;48;121;436830;27.7
2017;psy;patient;M;53;93;441087;21.1
2017;psy;patient;M;54;87;425304;20.5
2017;psy;patient;M;56;67;420504;15.9
2017;psy;patient;M;59;40;402278;9.9
2017;psy;patient;M;62;48;388823;12.3
2017;psy;patient;M;63;38;379921;10.0
2017;psy;patient;M;67;33;376280;8.8
2017;psy;patient;M;70;18;339734;5.3
2017;psy;patient;M;88;9;75628;11.9
2017;psy;patient;M;89;4;63399;6.3
2017;psy;patient;M;90;7;52219;13.4
2017;psy;patient;M;92;2;33402;6.0
2017;psy;patient;M;95;6;36716;16.3
2017;psy;sejours;F;12;65;1226610;16.1
2017;psy;sejours;F;13;141;403930;34.9
2017;psy;sejours;F;21;159;374369;42.5
2017;psy;sejours;F;24;105;377791;27.8
2017;psy;sejours;F;27;110;398152;27.6
2017;psy;sejours;F;28;156;403572;38.7
2017;psy;sejours;F;31;142;416955;34.1
2017;psy;sejours;F;32;108;413477;26.1
2017;psy;sejours;F;37;114;422575;27.0
2017;psy;sejours;F;40;110;404012;27.2
2017;psy;sejours;F;42;180;435969;41.3
2017;psy;sejours;F;43;154;460524;33.4
2017;psy;sejours;F;44;173;469587;36.8
2017;psy;sejours;F;49;218;447936;48.7
2017;psy;sejours;F;51;213;460150;46.3
2017;psy;sejours;F;52;206;466084;44.2
2017;psy;sejours;F;55;167;445079;37.5
2017;psy;sejours;F;61;100;428429;23.3
2017;psy;sejours;F;62;104;425755;24.4
2017;psy;sejours;F;65;85;411884;20.6
2017;psy;sejours;F;67;62;419001;14.8
2017;psy;sejours;F;70;56;385005;14.5
2017;psy;sejours;F;72;50;284766;17.6
2017;psy;sejours;F;73;47;276635;17.0
2017;psy;sejours;F;78;37;244958;15.1
2017;psy;sejours;F;84;21;216363;9.7
2017;psy;sejours;M;13;10;421249;2.4
2017;psy;sejours;M;14;34;424892;8.0
2017;psy;sejours;M;15;41;435265;9.4
2017;psy;sejours;M;20;115;394691;29.1
2017;psy;sejours;M;23;85;365034;23.3
2017;psy;sejours;M;26;60;385067;15.6
2017;psy;sejours;M;28;92;388531;23.7
2017;psy;sejours;M;29;109;388507;28.1
2017;psy;sejours;M;31;103;394696;26.1
2017;psy;sejours;M;32;129;392662;32.9
2017;psy;sejours;M;33;129;388519;33.2
2017;psy;sejours;M;34;118;414174;28.5
2017;psy;sejours;M;37;107;404692;26.4
2017;psy;sejours;M;38;109;398341;27.4
2017;psy;sejours;M;42;136;427150;31.8
2017;psy;sejours;M;43;121;449620;26.9
2017;psy;sejours;M;44;156;461441;33.8
2017;psy;sejours;M;49;110;435551;25.3
2017;psy;sejours;M;56;107;420504;25.4
2017;psy;sejours;M;59;63;402278;15.7
2017;psy;sejours;M;65;39;373757;10.4
2017;psy;sejours;M;66;46;384914;12.0
2017;psy;sejours;M;75;28;188914;14.8
2017;psy;sejours;M;76;14;191841;7.3
2017;psy;sejours;M;77;14;195530;7.2
2017;psy;sejours;M;80;10;170971;5.8
2017;psy;sejours;M;81;8;157573;5.1
2017;psy;sejours;M;84;9;130849;6.9
2017;psy;sejours;M;88;9;75628;11.9
2018;mco;patient;F;6;7;404426;1.7
2018;mco;patient;F;8;7;409998;1.7
2018;mco;patient;F;15;2015;407475;494.5
2018;mco;patient;F;20;877;373011;235.1
2018;mco;patient;F;26;615;383792;160.2
2018;mco;patient;F;27;607;393894;154.1
2018;mco;patient;F;28;555;401160;138.3
2018;mco;patient;F;33;552;417484;132.2
2018;mco;patient;F;37;596;448474;132.9
2018;mco;patient;F;39;612;412767;148.3
2018;mco;patient;F;41;645;404551;159.4
2018;mco;patient;F;43;760;436447;174.1
2018;mco;patient;F;44;892;460958;193.5
2018;mco;patient;F;45;916;468983;195.3
2018;mco;patient;F;46;892;467036;191.0
2018;mco;patient;F;47;976;458258;213.0
2018;mco;patient;F;49;962;449466;214.0
2018;mco;patient;F;50;929;447103;207.8
2018;mco;patient;F;51;943;458009;205.9
2018;mco;patient;F;56;712;444813;160.1
2018;mco;patient;F;57;716;444035;161.2
2018;mco;patient;F;61;460;429906;107.0
2018;mco;patient;F;63;435;423511;102.7
2018;mco;patient;F;67;325;422872;76.9
2018;mco;patient;F;68;353;415300;85.0
2018;mco;patient;F;71;270;381591;70.8
2018;mco;patient;F;72;257;289180;88.9
2018;mco;patient;F;73;181;281443;64.3
2018;mco;patient;F;77;166;234466;70.8
2018;mco;patient;F;81;177;232289;76.2
2018;mco;patient;F;86;124;190620;65.1
2018;mco;patient;F;87;123;179939;68.4
2018;mco;patient;F;89;107;141272;75.7
2018;mco;patient;F;93;48;75515;63.6
2018;mco;patient;M;8;15;429276;3.5
2018;mco;patient;M;22;469;379967;123.4
2018;mco;patient;M;25;473;375143;126.1
2018;mco;patient;M;28;524;385444;135.9
2018;mco;patient;M;29;541;391376;138.2
2018;mco;patient;M;30;563;391428;143.8
2018;mco;patient;M;37;597;428325;139.4
2018;mco;patient;M;38;579;406565;142.4
2018;mco;patient;M;42;632;407150;155.2
2018;mco;patient;M;46;725;460116;157.6
2018;mco;patient;M;47;733;449142;163.2
2018;mco;patient;M;48;688;441950;155.7
2018;mco;patient;M;51;637;443691;143.6
2018;mco;patient;M;52;585;443902;131.8
2018;mco;patient;M;53;605;445784;135.7
2018;mco;patient;M;54;562;438502;128.2
2018;mco;patient;M;55;486;423357;114.8
2018;mco;patient;M;56;477;422918;112.8
2018;mco;patient;M;60;372;399143;93.2
2018;mco;patient;M;61;319;392540;81.3
2018;mco;patient;M;64;250;375604;66.6
2018;mco;patient;M;72;119;247242;48.1
2018;mco;patient;M;73;120;239548;50.1
2018;mco;patient;M;74;98;229858;42.6
2018;mco;patient;M;78;107;188327;56.8
2018;mco;patient;M;79;108;179227;60.3
2018;mco;patient;M;81;86;162654;52.9
2018;mco;patient;M;84;99;127680;77.5
2018;mco;patient;M;85;107;120419;88.9
2018;mco;patient;M;87;64;94154;68.0
2018;mco;patient;M;93;47;26374;178.2
2018;mco;patient;M;95;52;39962;130.1
2018;mco;sejours;F;6;7;404426;1.7
2018;mco;sejours;F;7;9;415228;2.2
2018;mco;sejours;F;14;2273;405138;561.0
2018;mco;sejours;F;15;2540;407475;623.4
2018;mco;sejours;F;17;1895;415912;455.6
2018;mco;sejours;F;24;671;361677;185.5
2018;mco;sejours;F;36;730;441820;165.2
2018;mco;sejours;F;40;725;413828;175.2
2018;mco;sejours;F;43;914;436447;209.4
2018;mco;sejours;F;44;1049;460958;227.6
2018;mco;sejours;F;45;1066;468983;227.3
2018;mco;sejours;F;46;1043;467036;223.3
2018;mco;sejours;F;59;637;434309;146.7
2018;mco;sejours;F;60;549;431630;127.2
2018;mco;sejours;F;72;281;289180;97.2
2018;mco;sejours;F;73;202;281443;71.8
2018;mco;sejours;F;77;181;234466;77.2
2018;mco;sejours;F;78;185;246400;75.1
2018;mco;sejours;F;79;174;239644;72.6
2018;mco;sejours;F;85;198;205599;96.3
2018;mco;sejours;F;86;140;190620;73.4
2018;mco;sejours;F;91;76;108092;70.3
2018;mco;sejours;F;94;36;61870;58.2
2018;mco;sejours;M;6;14;419968;3.3
2018;mco;sejours;M;9;20;433803;4.6
2018;mco;sejours;M;16;663;435812;152.1
2018;mco;sejours;M;18;610;414836;147.0
2018;mco;sejours;M;23;538;364434;147.6
2018;mco;sejours;M;26;546;379499;143.9
2018;mco;sejours;M;27;622;387167;160.7
2018;mco;sejours;M;28;642;385444;166.6
2018;mco;sejours;M;29;664;391376;169.7
2018;mco;sejours;M;30;664;391428;169.6
2018;mco;sejours;M;31;695;397851;174.7
2018;mco;sejours;M;33;666;395309;168.5
2018;mco;sejours;M;36;758;422048;179.6
2018;mco;sejours;M;38;714;406565;175.6
2018;mco;sejours;M;48;814;441950;184.2
2018;mco;sejours;M;50;733;434330;168.8
2018;mco;sejours;M;57;470;417628;112.5
2018;mco;sejours;M;60;416;399143;104.2
2018;mco;sejours;M;65;224;378730;59.1
2018;mco;sejours;M;67;230;379860;60.5
2018;mco;sejours;M;71;144;333065;43.2
2018;mco;sejours;M;76;106;183310;57.8
2018;mco;sejours;M;77;96;185848;51.7
2018;mco;sejours;M;79;121;179227;67.5
2018;mco;sejours;M;84;108;127680;84.6
2018;mco;sejours;M;86;99;106265;93.2
2018;mco;sejours;M;88;80;76825;104.1
2018;mco;sejours;M;89;69;65293;105.7
2018;mco;sejours;M;92;48;34951;137.3
2018;mco;sejours;M;93;52;26374;197.2
2018;mco;sejours;M;94;23;19968;115.2
2018;psy;patient;F;12;23;1233455;5.6
2018;psy;patient;F;22;111;370699;29.9
2018;psy;patient;F;24;94;361677;26.0
2018;psy;patient;F;36;90;441820;20.4
2018;psy;patient;F;37;111;448474;24.8
2018;psy;patient;F;42;90;415511;21.7
2018;psy;patient;F;44;149;460958;32.3
2018;psy;patient;F;47;155;458258;33.8
2018;psy;patient;F;50;142;447103;31.8
2018;psy;patient;F;55;126;444000;28.4
2018;psy;patient;F;57;113;444035;25.4
2018;psy;patient;F;59;98;434309;22.6
2018;psy;patient;F;62;70;426927;16.4
2018;psy;patient;F;63;75;423511;17.7
2018;psy;patient;F;65;56;421369;13.3
2018;psy;patient;F;70;45;403341;11.2
2018;psy;patient;F;72;41;289180;14.2
2018;psy;patient;F;74;36;273282;13.2
2018;psy;patient;F;77;25;234466;10.7
2018;psy;patient;F;81;19;232289;8.2
2018;psy;patient;F;84;18;207113;8.7
2018;psy;patient;M;14;18;423151;4.3
2018;psy;patient;M;15;23;427699;5.4
2018;psy;patient;M;20;88;389581;22.6
2018;psy;patient;M;22;66;379967;17.4
2018;psy;patient;M;23;75;364434;20.6
2018;psy;patient;M;26;68;379499;17.9
2018;psy;patient;M;29;70;391376;17.9
2018;psy;patient;M;30;71;391428;18.1
2018;psy;patient;M;32;94;397406;23.7
2018;psy;patient;M;38;98;406565;24.1
2018;psy;patient;M;41;72;393027;18.3
2018;psy;patient;M;45;140;461426;30.3
2018;psy;patient;M;62;55;386120;14.2
2018;psy;patient;M;65;48;378730;12.7
2018;psy;patient;M;75;21;210376;10.0
2018;psy;patient;M;78;13;188327;6.9
2018;psy;patient;M;80;10;169770;5.9
2018;psy;patient;M;87;6;94154;6.4
2018;psy;patient;M;89;10;65293;15.3
2018;psy;sejours;F;13;91;405215;22.5
2018;psy;sejours;F;15;284;407475;69.7
2018;psy;sejours;F;17;287;415912;69.0
2018;psy;sejours;F;29;106;408673;25.9
2018;psy;sejours;F;31;118;421233;28.0
2018;psy;sejours;F;36;108;441820;24.4
2018;psy;sejours;F;41;119;404551;29.4
2018;psy;sejours;F;43;213;436447;48.8
2018;psy;sejours;F;44;195;460958;42.3
2018;psy;sejours;F;49;208;449466;46.3
2018;psy;sejours;F;50;177;447103;39.6
2018;psy;sejours;F;52;206;459443;44.8
2018;psy;sejours;F;56;150;444813;33.7
2018;psy;sejours;F;58;142;442149;32.1
2018;psy;sejours;F;62;92;426927;21.5
2018;psy;sejours;F;69;71;412455;17.2
2018;psy;sejours;F;70;56;403341;13.9
2018;psy;sejours;F;71;76;381591;19.9
2018;psy;sejours;F;72;52;289180;18.0
2018;psy;sejours;F;73;42;281443;14.9
2018;psy;sejours;F;74;56;273282;20.5
2018;psy;sejours;F;78;36;246400;14.6
2018;psy;sejours;F;79;27;239644;11.3
2018;psy;sejours;F;87;15;179939;8.3
2018;psy;sejours;F;91;8;108092;7.4
2018;psy;sejours;F;95;3;153890;1.9
2018;psy;sejours;M;12;21;1289295;4.9
2018;psy;sejours;M;15;61;427699;14.3
2018;psy;sejours;M;17;113;442390;25.5
2018;psy;sejours;M;18;110;414836;26.5
2018;psy;sejours;M;19;102;406173;25.1
2018;psy;sejours;M;23;81;364434;22.2
2018;psy;sejours;M;24;87;362149;24.0
2018;psy;sejours;M;26;87;379499;22.9
2018;psy;sejours;M;29;97;391376;24.8
2018;psy;sejours;M;39;107;399922;26.8
2018;psy;sejours;M;42;133;407150;32.7
2018;psy;sejours;M;45;204;461426;44.2
2018;psy;sejours;M;47;131;449142;29.2
2018;psy;sejours;M;55;111;423357;26.2
2018;psy;sejours;M;56;97;422918;22.9
2018;psy;sejours;M;58;88;414729;21.2
2018;psy;sejours;M;61;66;392540;16.8
2018;psy;sejours;M;63;40;384108;10.4
2018;psy;sejours;M;64;51;375604;13.6
2018;psy;sejours;M;70;28;357655;7.8
2018;psy;sejours;M;71;21;333065;6.3
2018;psy;sejours;M;72;20;247242;8.1
2018;psy;sejours;M;74;18;229858;7.8
2018;psy;sejours;M;75;29;210376;13.8
2018;psy;sejours;M;78;13;188327;6.9
2018;psy;sejours;M;83;15;142378;10.5
2018;psy;sejours;M;84;12;127680;9.4
2018;psy;sejours;M;89;13;65293;19.9
2018;psy;sejours;M;90;9;53892;16.7
2018;psy;sejours;M;91;6;43456;13.8
2018;psy;sejours;M;93;2;26374;7.6
2019;mco;patient;F;12;525;417361;125.8
2019;mco;patient;F;14;1742;406194;428.9
2019;mco;patient;F;15;1915;405804;471.9
2019;mco;patient;F;16;1705;408331;417.6
2019;mco;patient;F;22;765;373304;204.9
2019;mco;patient;F;25;620;361479;171.5
2019;mco;patient;F;27;561;384645;145.8
2019;mco;patient;F;29;546;403205;135.4
2019;mco;patient;F;30;602;411660;146.2
2019;mco;patient;F;32;556;423917;131.2
2019;mco;patient;F;33;566;423954;133.5
2019;mco;patient;F;34;548;420716;130.3
2019;mco;patient;F;41;650;415154;156.6
2019;mco;patient;F;45;846;460625;183.7
2019;mco;patient;F;46;896;469836;190.7
2019;mco;patient;F;48;921;458610;200.8
2019;mco;patient;F;49;902;454173;198.6
2019;mco;patient;F;51;881;446738;197.2
2019;mco;patient;F;54;722;464459;155.4
2019;mco;patient;F;55;667;459627;145.1
2019;mco;patient;F;56;651;443682;146.7
2019;mco;patient;F;57;634;444733;142.6
2019;mco;patient;F;58;569;443877;128.2
2019;mco;patient;F;59;543;442628;122.7
2019;mco;patient;F;67;319;407605;78.3
2019;mco;patient;F;69;310;412400;75.2
2019;mco;patient;F;75;194;270315;71.8
2019;mco;patient;F;78;137;230041;59.6
2019;mco;patient;F;80;177;233991;75.6
2019;mco;patient;F;82;147;224648;65.4
2019;mco;patient;F;86;123;194778;63.1
2019;mco;patient;F;94;42;62449;67.3
2019;mco;patient;M;6;10;420732;2.4
2019;mco;patient;M;10;50;435366;11.5
2019;mco;patient;M;12;126;435916;28.9
2019;mco;patient;M;13;179;427658;41.9
2019;mco;patient;M;14;317;425944;74.4
2019;mco;patient;M;17;579;437451;132.4
2019;mco;patient;M;20;557;402482;138.4
2019;mco;patient;M;22;474;384862;123.2
2019;mco;patient;M;23;504;375947;134.1
2019;mco;patient;M;24;489;361574;135.2
2019;mco;patient;M;32;562;399831;140.6
2019;mco;patient;M;33;551;398898;138.1
2019;mco;patient;M;34;555;398076;139.4
2019;mco;patient;M;35;540;392237;137.7
2019;mco;patient;M;36;623;418555;148.8
2019;mco;patient;M;37;635;423315;150.0
2019;mco;patient;M;41;551;404098;136.4
2019;mco;patient;M;42;545;393072;138.7
2019;mco;patient;M;44;593;428887;138.3
2019;mco;patient;M;45;696;449455;154.9
2019;mco;patient;M;47;730;460669;158.5
2019;mco;patient;M;48;674;448247;150.4
2019;mco;patient;M;50;640;434549;147.3
2019;mco;patient;M;57;438;420998;104.0
2019;mco;patient;M;63;258;382436;67.5
2019;mco;patient;M;67;205;363198;56.4
2019;mco;patient;M;73;115;242055;47.5
2019;mco;patient;M;81;94;162169;58.0
2019;mco;patient;M;85;88;118253;74.4
2019;mco;patient;M;87;101;95776;105.5
2019;mco;patient;M;91;56;45100;124.2
2019;mco;patient;M;92;44;35332;124.5
2019;mco;patient;M;95;58;42839;135.4
2019;mco;sejours;F;12;658;417361;157.7
2019;mco;sejours;F;13;1441;407636;353.5
2019;mco;sejours;F;20;1153;383145;300.9
2019;mco;sejours;F;27;683;384645;177.6
2019;mco;sejours;F;28;702;395671;177.4
2019;mco;sejours;F;34;654;420716;155.4
2019;mco;sejours;F;38;788;450776;174.8
2019;mco;sejours;F;39;771;425699;181.1
2019;mco;sejours;F;40;733;414696;176.8
2019;mco;sejours;F;47;1070;466954;229.1
2019;mco;sejours;F;48;1092;458610;238.1
2019;mco;sejours;F;49;1038;454173;228.5
2019;mco;sejours;F;51;1013;446738;226.8
2019;mco;sejours;F;53;977;458873;212.9
2019;mco;sejours;F;55;773;459627;168.2
2019;mco;sejours;F;58;634;443877;142.8
2019;mco;sejours;F;61;507;430423;117.8
2019;mco;sejours;F;62;511;429475;119.0
2019;mco;sejours;F;67;355;407605;87.1
2019;mco;sejours;F;68;392;420197;93.3
2019;mco;sejours;F;69;335;412400;81.2
2019;mco;sejours;F;72;322;378192;85.1
2019;mco;sejours;F;74;217;278204;78.0
2019;mco;sejours;F;78;154;230041;66.9
2019;mco;sejours;F;79;195;242314;80.5
2019;mco;sejours;F;87;150;178029;84.3
2019;mco;sejours;F;90;81;126348;64.1
2019;mco;sejours;F;95;99;164205;60.3
2019;mco;sejours;M;6;10;420732;2.4
2019;mco;sejours;M;7;20;423243;4.7
2019;mco;sejours;M;9;24;430662;5.6
2019;mco;sejours;M;10;53;435366;12.2
2019;mco;sejours;M;22;591;384862;153.6
2019;mco;sejours;M;24;585;361574;161.8
2019;mco;sejours;M;28;594;388556;152.9
2019;mco;sejours;M;29;657;386046;170.2
2019;mco;sejours;M;31;685;393112;174.3
2019;mco;sejours;M;33;678;398898;170.0
2019;mco;sejours;M;34;706;398076;177.4
2019;mco;sejours;M;41;641;404098;158.6
2019;mco;sejours;M;49;732;441001;166.0
2019;mco;sejours;M;51;721;433663;166.3
2019;mco;sejours;M;54;610;444504;137.2
2019;mco;sejours;M;63;287;382436;75.0
2019;mco;sejours;M;65;259;370878;69.8
2019;mco;sejours;M;67;239;363198;65.8
2019;mco;sejours;M;70;185;361994;51.1
2019;mco;sejours;M;71;158;351816;44.9
2019;mco;sejours;M;72;184;326329;56.4
2019;mco;sejours;M;73;126;242055;52.1
2019;mco;sejours;M;74;123;233689;52.6
2019;mco;sejours;M;76;119;204988;58.1
2019;mco;sejours;M;77;106;177491;59.7
2019;mco;sejours;M;89;80;66862;119.6
2019;mco;sejours;M;91;63;45100;139.7
2019;mco;sejours;M;94;28;20552;136.2
2019;psy;patient;F;13;63;407636;15.5
2019;psy;patient;F;17;197;412587;47.7
2019;psy;patient;F;27;88;384645;22.9
2019;psy;patient;F;32;95;423917;22.4
2019;psy;patient;F;34;85;420716;20.2
2019;psy;patient;F;37;85;444641;19.1
2019;psy;patient;F;38;88;450776;19.5
2019;psy;patient;F;40;78;414696;18.8
2019;psy;patient;F;43;122;416548;29.3
2019;psy;patient;F;44;111;437494;25.4
2019;psy;patient;F;45;151;460625;32.8
2019;psy;patient;F;49;146;454173;32.1
2019;psy;patient;F;55;126;459627;27.4
2019;psy;patient;F;58;113;443877;25.5
2019;psy;patient;F;59;84;442628;19.0
2019;psy;patient;F;78;24;230041;10.4
2019;psy;patient;F;79;25;242314;10.3
2019;psy;patient;F;82;23;224648;10.2
2019;psy;patient;F;88;15;165642;9.1
2019;psy;patient;F;89;10;141097;7.1
2019;psy;patient;F;90;7;126348;5.5
2019;psy;patient;F;92;3;93415;3.2
2019;psy;patient;F;93;2;77588;2.6
2019;psy;patient;F;94;2;62449;3.2
2019;psy;patient;M;21;81;387223;20.9
2019;psy;patient;M;22;73;384862;19.0
2019;psy;patient;M;28;75;388556;19.3
2019;psy;patient;M;32;69;399831;17.3
2019;psy;patient;M;36;98;418555;23.4
2019;psy;patient;M;41;80;404098;19.8
2019;psy;patient;M;42;86;393072;21.9
2019;psy;patient;M;51;108;433663;24.9
2019;psy;patient;M;52;92;442935;20.8
2019;psy;patient;M;54;95;444504;21.4
2019;psy;patient;M;57;70;420998;16.6
2019;psy;patient;M;58;58;415568;14.0
2019;psy;patient;M;60;47;399797;11.8
2019;psy;patient;M;63;38;382436;9.9
2019;psy;patient;M;64;29;380323;7.6
2019;psy;patient;M;66;33;374438;8.8
2019;psy;patient;M;67;38;363198;10.5
2019;psy;patient;M;69;32;364943;8.8
2019;psy;patient;M;70;17;361994;4.7
2019;psy;patient;M;71;27;351816;7.7
2019;psy;patient;M;80;16;172087;9.3
2019;psy;patient;M;83;11;140205;7.8
2019;psy;patient;M;85;8;118253;6.8
2019;psy;patient;M;87;8;95776;8.4
2019;psy;patient;M;89;6;66862;9.0
2019;psy;patient;M;90;3;55436;5.4
2019;psy;sejours;F;21;220;371061;59.3
2019;psy;sejours;F;23;178;369273;48.2
2019;psy;sejours;F;29;127;403205;31.5
2019;psy;sejours;F;33;121;423954;28.5
2019;psy;sejours;F;36;125;440031;28.4
2019;psy;sejours;F;37;112;444641;25.2
2019;psy;sejours;F;39;124;425699;29.1
2019;psy;sejours;F;42;117;404971;28.9
2019;psy;sejours;F;44;170;437494;38.9
2019;psy;sejours;F;46;255;469836;54.3
2019;psy;sejours;F;47;175;466954;37.5
2019;psy;sejours;F;50;194;448709;43.2
2019;psy;sejours;F;56;161;443682;36.3
2019;psy;sejours;F;59;110;442628;24.9
2019;psy;sejours;F;60;127;433190;29.3
2019;psy;sejours;F;65;73;413993;17.6
2019;psy;sejours;F;67;76;407605;18.6
2019;psy;sejours;F;68;47;420197;11.2
2019;psy;sejours;F;75;60;270315;22.2
2019;psy;sejours;F;76;61;249261;24.5
2019;psy;sejours;F;79;40;242314;16.5
2019;psy;sejours;F;80;29;233991;12.4
2019;psy;sejours;F;84;20;212780;9.4
2019;psy;sejours;F;91;11;107933;10.2
2019;psy;sejours;F;92;3;93415;3.2
2019;psy;sejours;M;16;98;429964;22.8
2019;psy;sejours;M;27;104;379370;27.4
2019;psy;sejours;M;35;97;392237;24.7
2019;psy;sejours;M;42;102;393072;25.9
2019;psy;sejours;M;43;164;407414;40.3
2019;psy;sejours;M;47;144;460669;31.3
2019;psy;sejours;M;48;147;448247;32.8
2019;psy;sejours;M;50;100;434549;23.0
2019;psy;sejours;M;56;88;422490;20.8
2019;psy;sejours;M;62;71;389422;18.2
2019;psy;sejours;M;63;53;382436;13.9
2019;psy;sejours;M;66;41;374438;10.9
2019;psy;sejours;M;67;44;363198;12.1
2019;psy;sejours;M;71;37;351816;10.5
2019;psy;sejours;M;73;12;242055;5.0
2019;psy;sejours;M;75;16;224452;7.1
2019;psy;sejours;M;82;16;154940;10.3
2019;psy;sejours;M;83;13;140205;9.3
2019;psy;sejours;M;84;16;132195;12.1
2019;psy;sejours;M;85;11;118253;9.3
2019;psy;sejours;M;86;9;109566;8.2
2019;psy;sejours;M;91;2;45100;4.4
2019;psy;sejours;M;92;2;35332;5.7
2019;psy;sejours;M;93;3;27586;10.9
2019;psy;sejours;M;94;3;20552;14.6
2020;mco;patient;F;7;10;403128;2.5
2020;mco;patient;F;9;24;417389;5.8
2020;mco;patient;F;15;1654;406608;406.8
2020;mco;patient;F;20;939;381619;246.1
2020;mco;patient;F;21;826;378615;218.2
2020;mco;patient;F;24;567;369391;153.5
2020;mco;patient;F;25;516;363264;142.0
2020;mco;patient;F;31;483;416970;115.8
2020;mco;patient;F;45;678;436381;155.4
2020;mco;patient;F;50;759;452362;167.8
2020;mco;patient;F;52;778;444426;175.1
2020;mco;patient;F;53;692;457348;151.3
2020;mco;patient;F;55;686;464464;147.7
2020;mco;patient;F;56;642;459110;139.8
2020;mco;patient;F;57;581;443768;130.9
2020;mco;patient;F;59;485;443053;109.5
2020;mco;patient;F;62;409;430460;95.0
2020;mco;patient;F;65;364;420042;86.7
2020;mco;patient;F;69;293;417056;70.3
2020;mco;patient;F;78;152;217290;70.0
2020;mco;patient;F;80;163;236738;68.9
2020;mco;patient;F;81;156;227159;68.7
2020;mco;patient;F;82;163;220741;73.8
2020;mco;patient;F;83;167;216522;77.1
2020;mco;patient;F;84;140;207096;67.6
2020;mco;patient;F;85;153;202513;75.6
2020;mco;patient;F;86;145;185956;78.0
2020;mco;patient;F;87;132;182008;72.5
2020;mco;patient;F;89;95;150380;63.2
2020;mco;patient;F;92;61;93748;65.1
2020;mco;patient;F;94;38;64452;59.0
2020;mco;patient;M;8;14;425072;3.3
2020;mco;patient;M;16;418;425495;98.2
2020;mco;patient;M;17;509;428726;118.7
2020;mco;patient;M;18;440;432408;101.8
2020;mco;patient;M;19;503;435363;115.5
2020;mco;patient;M;26;400;360781;110.9
2020;mco;patient;M;28;470;380864;123.4
2020;mco;patient;M;29;491;392352;125.1
2020;mco;patient;M;31;520;397450;130.8
2020;mco;patient;M;32;508;396573;128.1
2020;mco;patient;M;33;508;403148;126.0
2020;mco;patient;M;40;507;408789;124.0
2020;mco;patient;M;43;524;392926;133.4
2020;mco;patient;M;45;577;429105;134.5
2020;mco;patient;M;47;602;461833;130.4
2020;mco;patient;M;51;548;432053;126.8
2020;mco;patient;M;52;485;431320;112.4
2020;mco;patient;M;53;483;440176;109.7
2020;mco;patient;M;60;300;409794;73.2
2020;mco;patient;M;63;217;386096;56.2
2020;mco;patient;M;64;234;379201;61.7
2020;mco;patient;M;66;195;366429;53.2
2020;mco;patient;M;68;186;358011;52.0
2020;mco;patient;M;75;88;227771;38.6
2020;mco;patient;M;79;96;173265;55.4
2020;mco;patient;M;82;101;153647;65.7
2020;mco;patient;M;84;85;130131;65.3
2020;mco;patient;M;86;84;107308;78.3
2020;mco;patient;M;87;100;98369;101.7
2020;mco;patient;M;88;65;84756;76.7
2020;mco;sejours;F;8;15;406329;3.7
2020;mco;sejours;F;11;162;413379;39.2
2020;mco;sejours;F;12;643;412986;155.7
2020;mco;sejours;F;14;1947;408916;476.1
2020;mco;sejours;F;17;1668;406444;410.4
2020;mco;sejours;F;19;1197;407871;293.5
2020;mco;sejours;F;21;1026;378615;271.0
2020;mco;sejours;F;23;796;370575;214.8
2020;mco;sejours;F;25;633;363264;174.3
2020;mco;sejours;F;27;590;383001;154.0
2020;mco;sejours;F;32;566;420009;134.8
2020;mco;sejours;F;33;579;427324;135.5
2020;mco;sejours;F;35;602;422984;142.3
2020;mco;sejours;F;36;573;416794;137.5
2020;mco;sejours;F;37;623;442627;140.8
2020;mco;sejours;F;38;668;444549;150.3
2020;mco;sejours;F;56;721;459110;157.0
2020;mco;sejours;F;60;522;441589;118.2
2020;mco;sejours;F;72;296;396742;74.6
2020;mco;sejours;F;74;206;283320;72.7
2020;mco;sejours;F;76;206;266843;77.2
2020;mco;sejours;F;83;180;216522;83.1
2020;mco;sejours;F;84;160;207096;77.3
2020;mco;sejours;F;92;68;93748;72.5
2020;mco;sejours;F;94;42;64452;65.2
2020;mco;sejours;M;6;13;412562;3.2
2020;mco;sejours;M;9;31;437138;7.1
2020;mco;sejours;M;11;74;435640;17.0
2020;mco;sejours;M;13;205;437147;46.9
2020;mco;sejours;M;16;499;425495;117.3
2020;mco;sejours;M;19;585;435363;134.4
2020;mco;sejours;M;21;603;393219;153.3
2020;mco;sejours;M;31;648;397450;163.0
2020;mco;sejours;M;32;640;396573;161.4
2020;mco;sejours;M;34;602;401643;149.9
2020;mco;sejours;M;38;610;424129;143.8
2020;mco;sejours;M;40;636;408789;155.6
2020;mco;sejours;M;42;629;403556;155.9
2020;mco;sejours;M;47;715;461833;154.8
2020;mco;sejours;M;48;718;458821;156.5
2020;mco;sejours;M;49;749;446342;167.8
2020;mco;sejours;M;50;685;439257;155.9
2020;mco;sejours;M;51;637;432053;147.4
2020;mco;sejours;M;53;562;440176;127.7
2020;mco;sejours;M;55;567;443501;127.8
2020;mco;sejours;M;57;433;419277;103.3
2020;mco;sejours;M;61;316;396772;79.6
2020;mco;sejours;M;62;294;393499;74.7
2020;mco;sejours;M;68;207;358011;57.8
2020;mco;sejours;M;69;223;369182;60.4
2020;mco;sejours;M;73;141;320056;44.1
2020;mco;sejours;M;80;90;173267;51.9
2020;mco;sejours;M;81;95;163784;58.0
2020;mco;sejours;M;83;119;145782;81.6
2020;mco;sejours;M;88;72;84756;84.9
2020;mco;sejours;M;89;52;72543;71.7
2020;mco;sejours;M;90;68;57294;118.7
2020;mco;sejours;M;92;42;36150;116.2
2020;psy;patient;F;16;257;404230;63.6
2020;psy;patient;F;21;171;378615;45.2
2020;psy;patient;F;23;131;370575;35.4
2020;psy;patient;F;29;105;400683;26.2
2020;psy;patient;F;30;87;407791;21.3
2020;psy;patient;F;34;90;427645;21.0
2020;psy;patient;F;35;89;422984;21.0
2020;psy;patient;F;37;88;442627;19.9
2020;psy;patient;F;40;92;426357;21.6
2020;psy;patient;F;42;97;415460;23.3
2020;psy;patient;F;45;110;436381;25.2
2020;psy;patient;F;52;142;444426;32.0
2020;psy;patient;F;55;118;464464;25.4
2020;psy;patient;F;64;93;424054;21.9
2020;psy;patient;F;66;65;411476;15.8
2020;psy;patient;F;67;72;418567;17.2
2020;psy;patient;F;68;55;404819;13.6
2020;psy;patient;F;71;52;407094;12.8
2020;psy;patient;F;73;42;375251;11.2
2020;psy;patient;F;77;32;245300;13.0
2020;psy;patient;F;78;39;217290;17.9
2020;psy;patient;F;80;24;236738;10.1
2020;psy;patient;F;83;22;216522;10.2
2020;psy;patient;F;85;27;202513;13.3
2020;psy;patient;F;86;17;185956;9.1
2020;psy;patient;F;88;14;164569;8.5
2020;psy;patient;F;93;1;79522;1.3
2020;psy;patient;F;94;2;64452;3.1
2020;psy;patient;M;16;63;425495;14.8
2020;psy;patient;M;17;71;428726;16.6
2020;psy;patient;M;18;68;432408;15.7
2020;psy;patient;M;22;89;382623;23.3
2020;psy;patient;M;23;68;378889;17.9
2020;psy;patient;M;24;80;372585;21.5
2020;psy;patient;M;25;67;360199;18.6
2020;psy;patient;M;35;77;399031;19.3
2020;psy;patient;M;40;82;408789;20.1
2020;psy;patient;M;54;97;440275;22.0
2020;psy;patient;M;57;63;419277;15.0
2020;psy;patient;M;59;63;413752;15.2
2020;psy;patient;M;65;41;376737;10.9
2020;psy;patient;M;68;32;358011;8.9
2020;psy;patient;M;70;36;357703;10.1
2020;psy;patient;M;73;22;320056;6.9
2020;psy;patient;M;74;20;237066;8.4
2020;psy;patient;M;75;11;227771;4.8
2020;psy;patient;M;86;9;107308;8.4
2020;psy;patient;M;90;5;57294;8.7
2020;psy;patient;M;92;1;36150;2.8
2020;psy;sejours;F;13;71;416365;17.1
2020;psy;sejours;F;15;313;406608;77.0
2020;psy;sejours;F;16;459;404230;113.5
2020;psy;sejours;F;17;407;406444;100.1
2020;psy;sejours;F;18;351;405551;86.5
2020;psy;sejours;F;19;301;407871;73.8
2020;psy;sejours;F;23;193;370575;52.1
2020;psy;sejours;F;31;146;416970;35.0
2020;psy;sejours;F;32;129;420009;30.7
2020;psy;sejours;F;33;130;427324;30.4
2020;psy;sejours;F;38;107;444549;24.1
2020;psy;sejours;F;42;131;415460;31.5
2020;psy;sejours;F;43;140;404433;34.6
2020;psy;sejours;F;45;163;436381;37.4
2020;psy;sejours;F;48;185;466714;39.6
2020;psy;sejours;F;50;210;452362;46.4
2020;psy;sejours;F;54;144;458447;31.4
2020;psy;sejours;F;63;124;427312;29.0
2020;psy;sejours;F;64;111;424054;26.2
2020;psy;sejours;F;65;94;420042;22.4
2020;psy;sejours;F;70;73;409625;17.8
2020;psy;sejours;F;78;47;217290;21.6
2020;psy;sejours;F;79;28;224792;12.5
2020;psy;sejours;F;80;29;236738;12.2
2020;psy;sejours;F;81;41;227159;18.0
2020;psy;sejours;F;86;17;185956;9.1
2020;psy;sejours;F;90;10;127194;7.9
2020;psy;sejours;F;92;4;93748;4.3
2020;psy;sejours;M;12;7;1298975;1.6
2020;psy;sejours;M;14;20;428760;4.7
2020;psy;sejours;M;16;86;425495;20.2
2020;psy;sejours;M;17;128;428726;29.9
2020;psy;sejours;M;23;104;378889;27.4
2020;psy;sejours;M;26;93;360781;25.8
2020;psy;sejours;M;33;131;403148;32.5
2020;psy;sejours;M;37;113;421460;26.8
2020;psy;sejours;M;40;120;408789;29.4
2020;psy;sejours;M;44;142;406489;34.9
2020;psy;sejours;M;49;122;446342;27.3
2020;psy;sejours;M;50;114;439257;26.0
2020;psy;sejours;M;51;106;432053;24.5
2020;psy;sejours;M;56;97;435533;22.3
2020;psy;sejours;M;58;100;418556;23.9
2020;psy;sejours;M;63;49;386096;12.7
2020;psy;sejours;M;64;49;379201;12.9
2020;psy;sejours;M;71;27;355216;7.6
2020;psy;sejours;M;76;17;217547;7.8
2020;psy;sejours;M;79;12;173265;6.9
2020;psy;sejours;M;85;11;122191;9.0
2020;psy;sejours;M;86;9;107308;8.4
2020;psy;sejours;M;87;10;98369;10.2
2020;psy;sejours;M;88;18;84756;21.2
2020;psy;sejours;M;90;6;57294;10.5
2020;psy;sejours;M;91;4;46539;8.6
2021;mco;patient;F;9;18;408919;4.4
2021;mco;patient;F;13;1769;414640;426.6
2021;mco;patient;F;14;2649;418858;632.4
2021;mco;patient;F;16;2230;406902;548.0
2021;mco;patient;F;26;523;368493;141.9
2021;mco;patient;F;27;434;369920;117.3
2021;mco;patient;F;30;465;408259;113.9
2021;mco;patient;F;31;465;412430;112.7
2021;mco;patient;F;35;457;430947;106.0
2021;mco;patient;F;40;539;455234;118.4
2021;mco;patient;F;42;531;417619;127.1
2021;mco;patient;F;49;778;466815;166.7
2021;mco;patient;F;50;760;457332;166.2
2021;mco;patient;F;51;661;451754;146.3
2021;mco;patient;F;52;716;447418;160.0
2021;mco;patient;F;55;673;458173;146.9
2021;mco;patient;F;63;365;427564;85.4
2021;mco;patient;F;65;322;421941;76.3
2021;mco;patient;F;72;229;402810;56.9
2021;mco;patient;F;77;169;260877;64.8
2021;mco;patient;F;79;153;212727;71.9
2021;mco;patient;F;81;167;227927;73.3
2021;mco;patient;F;82;154;218853;70.4
2021;mco;patient;F;85;140;195249;71.7
2021;mco;patient;F;86;123;189437;64.9
2021;mco;patient;F;87;129;173751;74.2
2021;mco;patient;F;91;80;110237;72.6
2021;mco;patient;F;94;43;65323;65.8
2021;mco;patient;F;95;102;177879;57.3
2021;mco;patient;M;8;15;425507;3.5
2021;mco;patient;M;12;130;438699;29.6
2021;mco;patient;M;19;538;424103;126.9
2021;mco;patient;M;29;473;385167;122.8
2021;mco;patient;M;31;468;396925;117.9
2021;mco;patient;M;35;475;407271;116.6
2021;mco;patient;M;39;574;427970;134.1
2021;mco;patient;M;42;488;402511;121.2
2021;mco;patient;M;49;602;458281;131.4
2021;mco;patient;M;51;520;438760;118.5
2021;mco;patient;M;55;458;438178;104.5
2021;mco;patient;M;58;346;418321;82.7
2021;mco;patient;M;59;349;417076;83.7
2021;mco;patient;M;62;264;393699;67.1
2021;mco;patient;M;64;229;382773;59.8
2021;mco;patient;M;70;157;362643;43.3
2021;mco;patient;M;71;151;351394;43.0
2021;mco;patient;M;72;147;347852;42.3
2021;mco;patient;M;74;139;312627;44.5
2021;mco;patient;M;79;80;164198;48.7
2021;mco;patient;M;80;93;164787;56.4
2021;mco;patient;M;81;85;163601;52.0
2021;mco;patient;M;85;73;118879;61.4
2021;mco;patient;M;90;64;60515;105.8
2021;mco;patient;M;92;37;37527;98.6
2021;mco;sejours;F;7;7;398906;1.8
2021;mco;sejours;F;9;18;408919;4.4
2021;mco;sejours;F;13;2339;414640;564.1
2021;mco;sejours;F;19;1545;397866;388.3
2021;mco;sejours;F;20;1463;401503;364.4
2021;mco;sejours;F;25;795;371001;214.3
2021;mco;sejours;F;26;629;368493;170.7
2021;mco;sejours;F;27;525;369920;141.9
2021;mco;sejours;F;29;622;396627;156.8
2021;mco;sejours;F;36;661;426271;155.1
2021;mco;sejours;F;38;576;445289;129.4
2021;mco;sejours;F;45;735;417521;176.0
2021;mco;sejours;F;48;855;468216;182.6
2021;mco;sejours;F;51;752;451754;166.5
2021;mco;sejours;F;55;777;458173;169.6
2021;mco;sejours;F;56;671;463825;144.7
2021;mco;sejours;F;57;672;458299;146.6
2021;mco;sejours;F;58;575;443057;129.8
2021;mco;sejours;F;59;510;443997;114.9
2021;mco;sejours;F;60;511;442669;115.4
2021;mco;sejours;F;63;399;427564;93.3
2021;mco;sejours;F;64;401;425116;94.3
2021;mco;sejours;F;65;361;421941;85.6
2021;mco;sejours;F;69;323;401838;80.4
2021;mco;sejours;F;71;308;407694;75.5
2021;mco;sejours;F;84;177;206990;85.5
2021;mco;sejours;F;91;90;110237;81.6
2021;mco;sejours;F;94;46;65323;70.4
2021;mco;sejours;M;7;13;416357;3.1
2021;mco;sejours;M;9;29;427715;6.8
2021;mco;sejours;M;19;644;424103;151.8
2021;mco;sejours;M;20;641;424448;151.0
2021;mco;sejours;M;23;556;379099;146.7
2021;mco;sejours;M;27;526;364118;144.5
2021;mco;sejours;M;32;630;404266;155.8
2021;mco;sejours;M;36;604;402541;150.0
2021;mco;sejours;M;37;634;399156;158.8
2021;mco;sejours;M;39;687;427970;160.5
2021;mco;sejours;M;40;665;433880;153.3
2021;mco;sejours;M;45;628;407154;154.2
2021;mco;sejours;M;46;661;429559;153.9
2021;mco;sejours;M;48;678;462660;146.5
2021;mco;sejours;M;53;550;430566;127.7
2021;mco;sejours;M;55;525;438178;119.8
2021;mco;sejours;M;58;387;418321;92.5
2021;mco;sejours;M;59;406;417076;97.3
2021;mco;sejours;M;62;293;393699;74.4
2021;mco;sejours;M;63;295;389783;75.7
2021;mco;sejours;M;66;246;370750;66.4
2021;mco;sejours;M;69;208;352088;59.1
2021;mco;sejours;M;77;115;210752;54.6
2021;mco;sejours;M;81;90;163601;55.0
2021;mco;sejours;M;82;106;153765;68.9
2021;mco;sejours;M;83;108;142762;75.7
2021;mco;sejours;M;85;83;118879;69.8
2021;mco;sejours;M;87;77;95157;80.9
2021;mco;sejours;M;88;81;86127;94.0
2021;mco;sejours;M;94;19;21500;88.4
2021;psy;patient;F;17;328;400997;81.8
2021;psy;patient;F;24;128;372849;34.3
2021;psy;patient;F;34;87;430983;20.2
2021;psy;patient;F;35;85;430947;19.7
2021;psy;patient;F;38;75;445289;16.8
2021;psy;patient;F;45;107;417521;25.6
2021;psy;patient;F;46;111;437919;25.3
2021;psy;patient;F;47;123;459660;26.8
2021;psy;patient;F;53;113;445661;25.4
2021;psy;patient;F;55;141;458173;30.8
2021;psy;patient;F;58;108;443057;24.4
2021;psy;patient;F;59;94;443997;21.2
2021;psy;patient;F;60;92;442669;20.8
2021;psy;patient;F;61;85;440522;19.3
2021;psy;patient;F;71;46;407694;11.3
2021;psy;patient;F;75;43;278606;15.4
2021;psy;patient;F;78;35;240342;14.6
2021;psy;patient;F;81;27;227927;11.8
2021;psy;patient;F;88;13;166494;7.8
2021;psy;patient;F;89;8;149253;5.4
2021;psy;patient;F;92;4;95190;4.2
2021;psy;patient;M;12;11;1312709;2.5
2021;psy;patient;M;14;17;441542;3.9
2021;psy;patient;M;17;88;424907;20.7
2021;psy;patient;M;18;112;424193;26.4
2021;psy;patient;M;20;96;424448;22.6
2021;psy;patient;M;27;73;364118;20.0
2021;psy;patient;M;29;82;385167;21.3
2021;psy;patient;M;30;63;398269;15.8
2021;psy;patient;M;34;76;407876;18.6
2021;psy;patient;M;37;71;399156;17.8
2021;psy;patient;M;38;74;424615;17.4
2021;psy;patient;M;41;93;410524;22.7
2021;psy;patient;M;45;75;407154;18.4
2021;psy;patient;M;51;97;438760;22.1
2021;psy;patient;M;53;80;430566;18.6
2021;psy;patient;M;56;94;442155;21.3
2021;psy;patient;M;57;78;434708;17.9
2021;psy;patient;M;62;54;393699;13.7
2021;psy;patient;M;64;39;382773;10.2
2021;psy;patient;M;69;31;352088;8.8
2021;psy;patient;M;75;17;230816;7.4
2021;psy;patient;M;83;13;142762;9.1
2021;psy;patient;M;87;6;95157;6.3
2021;psy;patient;M;89;6;72814;8.2
2021;psy;patient;M;90;4;60515;6.6
2021;psy;patient;M;91;5;47118;10.6
2021;psy;patient;M;95;5;45320;11.0
2021;psy;sejours;F;12;96;1249869;23.1
2021;psy;sejours;F;17;510;400997;127.2
2021;psy;sejours;F;18;472;400344;117.9
2021;psy;sejours;F;20;356;401503;88.7
2021;psy;sejours;F;23;239;369300;64.7
2021;psy;sejours;F;24;179;372849;48.0
2021;psy;sejours;F;25;193;371001;52.0
2021;psy;sejours;F;29;127;396627;32.0
2021;psy;sejours;F;31;150;412430;36.4
2021;psy;sejours;F;32;136;423847;32.1
2021;psy;sejours;F;33;99;424861;23.3
2021;psy;sejours;F;35;114;430947;26.5
2021;psy;sejours;F;40;145;455234;31.9
2021;psy;sejours;F;42;95;417619;22.7
2021;psy;sejours;F;50;201;457332;44.0
2021;psy;sejours;F;55;177;458173;38.6
2021;psy;sejours;F;59;121;443997;27.3
2021;psy;sejours;F;60;116;442669;26.2
2021;psy;sejours;F;68;66;415889;15.9
2021;psy;sejours;F;69;65;401838;16.2
2021;psy;sejours;F;75;55;278606;19.7
2021;psy;sejours;F;76;29;269881;10.7
2021;psy;sejours;F;77;58;260877;22.2
2021;psy;sejours;F;78;42;240342;17.5
2021;psy;sejours;F;79;34;212727;16.0
2021;psy;sejours;F;80;45;218244;20.6
2021;psy;sejours;F;81;34;227927;14.9
2021;psy;sejours;F;82;17;218853;7.8
2021;psy;sejours;F;83;22;211352;10.4
2021;psy;sejours;F;90;11;132778;8.3
2021;psy;sejours;F;94;1;65323;1.5
2021;psy;sejours;F;95;4;177879;2.2
2021;psy;sejours;M;12;15;1312709;3.4
2021;psy;sejours;M;13;20;433207;4.6
2021;psy;sejours;M;21;108;397904;27.1
2021;psy;sejours;M;23;79;379099;20.8
2021;psy;sejours;M;26;75;361950;20.7
2021;psy;sejours;M;32;130;404266;32.2
2021;psy;sejours;M;34;104;407876;25.5
2021;psy;sejours;M;35;85;407271;20.9
2021;psy;sejours;M;36;133;402541;33.0
2021;psy;sejours;M;38;93;424615;21.9
2021;psy;sejours;M;40;108;433880;24.9
2021;psy;sejours;M;41;155;410524;37.8
2021;psy;sejours;M;46;121;429559;28.2
2021;psy;sejours;M;47;116;449296;25.8
2021;psy;sejours;M;49;158;458281;34.5
2021;psy;sejours;M;54;122;439834;27.7
2021;psy;sejours;M;60;87;411784;21.1
2021;psy;sejours;M;63;76;389783;19.5
2021;psy;sejours;M;67;28;360635;7.8
2021;psy;sejours;M;69;37;352088;10.5
2021;psy;sejours;M;75;21;230816;9.1
2021;psy;sejours;M;80;12;164787;7.3
2021;psy;sejours;M;81;13;163601;7.9
2021;psy;sejours;M;82;12;153765;7.8
2021;psy;sejours;M;87;7;95157;7.4
2021;psy;sejours;M;90;4;60515;6.6
2021;psy;sejours;M;92;2;37527;5.3
2022;mco;patient;F;15;2902;421418;688.6
2022;mco;patient;F;16;2599;411761;631.2
2022;mco;patient;F;19;1471;394020;373.3
2022;mco;patient;F;23;866;380008;227.9
2022;mco;patient;F;24;689;373456;184.5
2022;mco;patient;F;25;624;376974;165.5
2022;mco;patient;F;28;499;376745;132.5
2022;mco;patient;F;37;467;432858;107.9
2022;mco;patient;F;39;471;448391;105.0
2022;mco;patient;F;42;564;430387;131.0
2022;mco;patient;F;46;572;418147;136.8
2022;mco;patient;F;47;653;438414;148.9
2022;mco;patient;F;50;739;467421;158.1
2022;mco;patient;F;54;610;446251;136.7
2022;mco;patient;F;58;532;458614;116.0
2022;mco;patient;F;61;418;441196;94.7
2022;mco;patient;F;63;416;428362;97.1
2022;mco;patient;F;65;327;423281;77.3
2022;mco;patient;F;66;315;419203;75.1
2022;mco;patient;F;68;311;406612;76.5
2022;mco;patient;F;72;273;407494;67.0
2022;mco;patient;F;80;158;206484;76.5
2022;mco;patient;F;84;168;201450;83.4
2022;mco;patient;F;91;73;116540;62.6
2022;mco;patient;F;92;60;94463;63.5
2022;mco;patient;M;7;8;415768;1.9
2022;mco;patient;M;9;30;427591;7.0
2022;mco;patient;M;14;314;437123;71.8
2022;mco;patient;M;20;568;417963;135.9
2022;mco;patient;M;24;464;380540;121.9
2022;mco;patient;M;25;430;379294;113.4
2022;mco;patient;M;28;455;370240;122.9
2022;mco;patient;M;34;506;408827;123.8
2022;mco;patient;M;38;521;404080;128.9
2022;mco;patient;M;42;509;412666;123.3
2022;mco;patient;M;49;571;462652;123.4
2022;mco;patient;M;55;452;439542;102.8
2022;mco;patient;M;60;319;414496;77.0
2022;mco;patient;M;61;328;409498;80.1
2022;mco;patient;M;64;228;385676;59.1
2022;mco;patient;M;67;191;367313;52.0
2022;mco;patient;M;73;115;340228;33.8
2022;mco;patient;M;77;109;212899;51.2
2022;mco;patient;M;82;77;154180;49.9
2022;mco;patient;M;85;84;122796;68.4
2022;mco;patient;M;89;78;74331;104.9
2022;mco;patient;M;90;63;61857;101.8
2022;mco;patient;M;94;33;21630;152.6
2022;mco;sejours;F;13;2397;418337;573.0
2022;mco;sejours;F;24;831;373456;222.5
2022;mco;sejours;F;26;701;376812;186.0
2022;mco;sejours;F;27;646;374742;172.4
2022;mco;sejours;F;28;612;376745;162.4
2022;mco;sejours;F;30;556;404627;137.4
2022;mco;sejours;F;35;595;436013;136.5
2022;mco;sejours;F;38;598;426661;140.2
2022;mco;sejours;F;39;545;448391;121.5
2022;mco;sejours;F;41;636;459318;138.5
2022;mco;sejours;F;47;763;438414;174.0
2022;mco;sejours;F;48;842;459844;183.1
2022;mco;sejours;F;51;834;457624;182.2
2022;mco;sejours;F;53;789;448552;175.9
2022;mco;sejours;F;57;610;463417;131.6
2022;mco;sejours;F;61;477;441196;108.1
2022;mco;sejours;F;65;362;423281;85.5
2022;mco;sejours;F;70;319;399310;79.9
2022;mco;sejours;F;71;324;410859;78.9
2022;mco;sejours;F;74;273;389317;70.1
2022;mco;sejours;F;77;171;263931;64.8
2022;mco;sejours;F;79;164;234543;69.9
2022;mco;sejours;F;80;174;206484;84.3
2022;mco;sejours;F;81;173;211575;81.8
2022;mco;sejours;F;85;183;195497;93.6
2022;mco;sejours;F;87;143;175986;81.3
2022;mco;sejours;F;89;127;151045;84.1
2022;mco;sejours;F;90;86;133697;64.3
2022;mco;sejours;F;91;79;116540;67.8
2022;mco;sejours;F;93;50;80049;62.5
2022;mco;sejours;F;94;34;64022;53.1
2022;mco;sejours;M;7;8;415768;1.9
2022;mco;sejours;M;10;42;429750;9.8
2022;mco;sejours;M;11;76;442270;17.2
2022;mco;sejours;M;12;108;436665;24.7
2022;mco;sejours;M;26;559;377523;148.1
2022;mco;sejours;M;27;517;368107;140.4
2022;mco;sejours;M;32;567;404401;140.2
2022;mco;sejours;M;35;646;413771;156.1
2022;mco;sejours;M;36;627;412719;151.9
2022;mco;sejours;M;39;582;428653;135.8
2022;mco;sejours;M;40;625;430094;145.3
2022;mco;sejours;M;42;600;412666;145.4
2022;mco;sejours;M;46;596;409912;145.4
2022;mco;sejours;M;53;557;431158;129.2
2022;mco;sejours;M;56;481;439496;109.4
2022;mco;sejours;M;59;390;416564;93.6
2022;mco;sejours;M;61;389;409498;95.0
2022;mco;sejours;M;63;314;390648;80.4
2022;mco;sejours;M;65;268;377862;70.9
2022;mco;sejours;M;66;222;369837;60.0
2022;mco;sejours;M;67;224;367313;61.0
2022;mco;sejours;M;68;209;355140;58.9
2022;mco;sejours;M;76;129;223618;57.7
2022;mco;sejours;M;77;116;212899;54.5
2022;mco;sejours;M;78;92;203057;45.3
2022;mco;sejours;M;80;100;156779;63.8
2022;mco;sejours;M;82;83;154180;53.8
2022;mco;sejours;M;83;104;143986;72.2
2022;mco;sejours;M;87;97;98884;98.1
2022;mco;sejours;M;95;57;46935;121.4
2022;psy;patient;F;13;159;418337;38.0
2022;psy;patient;F;16;561;411761;136.2
2022;psy;patient;F;18;451;394527;114.3
2022;psy;patient;F;19;432;394020;109.6
2022;psy;patient;F;32;113;420816;26.9
2022;psy;patient;F;36;104;436130;23.8
2022;psy;patient;F;44;119;419671;28.4
2022;psy;patient;F;45;125;406919;30.7
2022;psy;patient;F;51;171;457624;37.4
2022;psy;patient;F;53;142;448552;31.7
2022;psy;patient;F;55;125;456484;27.4
2022;psy;patient;F;58;129;458614;28.1
2022;psy;patient;F;59;110;443032;24.8
2022;psy;patient;F;60;111;441537;25.1
2022;psy;patient;F;62;86;437446;19.7
2022;psy;patient;F;77;26;263931;9.9
2022;psy;patient;F;79;30;234543;12.8
2022;psy;patient;F;80;33;206484;16.0
2022;psy;patient;F;84;29;201450;14.4
2022;psy;patient;F;88;20;159123;12.6
2022;psy;patient;F;93;3;80049;3.7
2022;psy;patient;M;14;31;437123;7.1
2022;psy;patient;M;25;82;379294;21.6
2022;psy;patient;M;27;87;368107;23.6
2022;psy;patient;M;31;75;405208;18.5
2022;psy;patient;M;37;92;407231;22.6
2022;psy;patient;M;42;98;412666;23.7
2022;psy;patient;M;44;91;407919;22.3
2022;psy;patient;M;47;94;431985;21.8
2022;psy;patient;M;50;107;457168;23.4
2022;psy;patient;M;54;90;429988;20.9
2022;psy;patient;M;63;50;390648;12.8
2022;psy;patient;M;64;41;385676;10.6
2022;psy;patient;M;67;43;367313;11.7
2022;psy;patient;M;68;32;355140;9.0
2022;psy;patient;M;69;33;357272;9.2
2022;psy;patient;M;70;33;345745;9.5
2022;psy;patient;M;75;25;303905;8.2
2022;psy;patient;M;77;9;212899;4.2
2022;psy;patient;M;81;11;156272;7.0
2022;psy;patient;M;82;9;154180;5.8
2022;psy;patient;M;83;16;143986;11.1
2022;psy;patient;M;85;11;122796;9.0
2022;psy;patient;M;86;12;108123;11.1
2022;psy;patient;M;90;4;61857;6.5
2022;psy;patient;M;91;11;50027;22.0
2022;psy;sejours;F;15;667;421418;158.3
2022;psy;sejours;F;17;798;404378;197.3
2022;psy;sejours;F;22;381;378829;100.6
2022;psy;sejours;F;25;283;376974;75.1
2022;psy;sejours;F;26;201;376812;53.3
2022;psy;sejours;F;27;150;374742;40.0
2022;psy;sejours;F;31;133;417262;31.9
2022;psy;sejours;F;36;137;436130;31.4
2022;psy;sejours;F;40;179;450559;39.7
2022;psy;sejours;F;42;120;430387;27.9
2022;psy;sejours;F;43;130;420203;30.9
2022;psy;sejours;F;44;158;419671;37.6
2022;psy;sejours;F;49;230;469442;49.0
2022;psy;sejours;F;52;206;451711;45.6
2022;psy;sejours;F;56;165;457318;36.1
2022;psy;sejours;F;57;163;463417;35.2
2022;psy;sejours;F;60;131;441537;29.7
2022;psy;sejours;F;65;73;423281;17.2
2022;psy;sejours;F;68;79;406612;19.4
2022;psy;sejours;F;73;71;397747;17.9
2022;psy;sejours;F;75;49;365301;13.4
2022;psy;sejours;F;77;35;263931;13.3
2022;psy;sejours;F;78;40;254591;15.7
2022;psy;sejours;F;88;25;159123;15.7
2022;psy;sejours;F;89;15;151045;9.9
2022;psy;sejours;F;92;9;94463;9.5
2022;psy;sejours;M;12;15;1308685;3.4
2022;psy;sejours;M;13;22;441185;5.0
2022;psy;sejours;M;14;42;437123;9.6
2022;psy;sejours;M;15;54;446608;12.1
2022;psy;sejours;M;25;107;379294;28.2
2022;psy;sejours;M;33;99;410062;24.1
2022;psy;sejours;M;40;124;430094;28.8
2022;psy;sejours;M;44;130;407919;31.9
2022;psy;sejours;M;49;138;462652;29.8
2022;psy;sejours;M;58;92;432010;21.3
2022;psy;sejours;M;59;135;416564;32.4
2022;psy;sejours;M;60;100;414496;24.1
2022;psy;sejours;M;64;54;385676;14.0
2022;psy;sejours;M;65;58;377862;15.3
2022;psy;sejours;M;67;52;367313;14.2
2022;psy;sejours;M;73;39;340228;11.5
2022;psy;sejours;M;74;39;327305;11.9
2022;psy;sejours;M;76;25;223618;11.2
2022;psy;sejours;M;79;20;182743;10.9
2022;psy;sejours;M;83;21;143986;14.6
2022;psy;sejours;M;85;13;122796;10.6
2022;psy;sejours;M;92;5;37892;13.2
2022;psy;sejours;M;95;4;46935;8.5
2023;mco;patient;F;6;5;375834;1.3
2023;mco;patient;F;7;6;387714;1.5
2023;mco;patient;F;8;12;399721;3.0
2023;mco;patient;F;9;17;403370;4.2
2023;mco;patient;F;13;1971;418520;470.9
2023;mco;patient;F;19;1495;388082;385.2
2023;mco;patient;F;21;1199;390720;306.9
2023;mco;patient;F;24;801;384448;208.4
2023;mco;patient;F;26;601;382917;157.0
2023;mco;patient;F;27;616;384304;160.3
2023;mco;patient;F;30;488;405008;120.5
2023;mco;patient;F;31;533;410533;129.8
2023;mco;patient;F;33;519;427891;121.3
2023;mco;patient;F;34;492;433991;113.4
2023;mco;patient;F;35;547;435540;125.6
2023;mco;patient;F;36;492;439888;111.8
2023;mco;patient;F;39;522;430673;121.2
2023;mco;patient;F;41;570;452368;126.0
2023;mco;patient;F;42;583;460819;126.5
2023;mco;patient;F;45;558;421215;132.5
2023;mco;patient;F;47;575;419616;137.0
2023;mco;patient;F;48;622;438757;141.8
2023;mco;patient;F;60;459;441692;103.9
2023;mco;patient;F;64;358;425938;84.0
2023;mco;patient;F;65;354;423752;83.5
2023;mco;patient;F;67;301;415952;72.4
2023;mco;patient;F;75;244;384559;63.4
2023;mco;patient;F;78;168;259422;64.8
2023;mco;patient;F;80;160;229136;69.8
2023;mco;patient;F;84;151;201820;74.8
2023;mco;patient;F;90;117;137119;85.3
2023;mco;patient;F;91;68;119356;57.0
2023;mco;patient;F;95;99;188106;52.6
2023;mco;patient;M;8;20;417959;4.8
2023;mco;patient;M;9;31;421144;7.4
2023;mco;patient;M;24;534;389371;137.1
2023;mco;patient;M;26;466;382781;121.7
2023;mco;patient;M;27;476;382393;124.5
2023;mco;patient;M;30;447;393126;113.7
2023;mco;patient;M;32;444;411705;107.8
2023;mco;patient;M;33;492;410220;119.9
2023;mco;patient;M;34;557;414927;134.2
2023;mco;patient;M;36;562;417920;134.5
2023;mco;patient;M;37;577;417869;138.1
2023;mco;patient;M;39;533;406414;131.1
2023;mco;patient;M;41;507;432342;117.3
2023;mco;patient;M;44;521;407757;127.8
2023;mco;patient;M;45;451;410515;109.9
2023;mco;patient;M;46;492;398443;123.5
2023;mco;patient;M;48;506;432091;117.1
2023;mco;patient;M;50;567;461831;122.8
2023;mco;patient;M;52;510;448013;113.8
2023;mco;patient;M;53;526;438330;120.0
2023;mco;patient;M;54;525;431206;121.8
2023;mco;patient;M;55;479;430656;111.2
2023;mco;patient;M;56;438;439214;99.7
2023;mco;patient;M;58;370;441560;83.8
2023;mco;patient;M;60;344;415490;82.8
2023;mco;patient;M;61;318;412970;77.0
2023;mco;patient;M;65;196;382195;51.3
2023;mco;patient;M;66;215;373466;57.6
2023;mco;patient;M;68;183;362594;50.5
2023;mco;patient;M;73;147;339199;43.3
2023;mco;patient;M;79;85;196377;43.3
2023;mco;patient;M;82;68;148728;45.7
2023;mco;patient;M;83;77;145741;52.8
2023;mco;patient;M;86;102;112685;90.5
2023;mco;patient;M;92;46;41304;111.4
2023;mco;patient;M;93;34;30474;111.6
2023;mco;sejours;F;7;6;387714;1.5
2023;mco;sejours;F;10;43;410771;10.5
2023;mco;sejours;F;11;319;412488;77.3
2023;mco;sejours;F;22;1448;398633;363.2
2023;mco;sejours;F;23;1231;381381;322.8
2023;mco;sejours;F;33;672;427891;157.0
2023;mco;sejours;F;34;589;433991;135.7
2023;mco;sejours;F;35;647;435540;148.6
2023;mco;sejours;F;38;624;436401;143.0
2023;mco;sejours;F;44;620;421978;146.9
2023;mco;sejours;F;45;671;421215;159.3
2023;mco;sejours;F;46;658;408289;161.2
2023;mco;sejours;F;48;772;438757;176.0
2023;mco;sejours;F;55;688;447086;153.9
2023;mco;sejours;F;61;488;441058;110.6
2023;mco;sejours;F;64;406;425938;95.3
2023;mco;sejours;F;69;323;403118;80.1
2023;mco;sejours;F;74;222;393009;56.5
2023;mco;sejours;F;75;281;384559;73.1
2023;mco;sejours;F;77;229;269599;84.9
2023;mco;sejours;F;79;202;249830;80.9
2023;mco;sejours;F;80;179;229136;78.1
2023;mco;sejours;F;81;196;201559;97.2
2023;mco;sejours;F;82;149;205053;72.7
2023;mco;sejours;F;84;164;201820;81.3
2023;mco;sejours;F;91;72;119356;60.3
2023;mco;sejours;M;7;11;406694;2.7
2023;mco;sejours;M;9;31;421144;7.4
2023;mco;sejours;M;11;99;431420;22.9
2023;mco;sejours;M;16;619;447086;138.5
2023;mco;sejours;M;17;579;432799;133.8
2023;mco;sejours;M;18;560;426778;131.2
2023;mco;sejours;M;19;644;415553;155.0
2023;mco;sejours;M;21;706;411909;171.4
2023;mco;sejours;M;27;584;382393;152.7
2023;mco;sejours;M;28;542;373517;145.1
2023;mco;sejours;M;37;689;417869;164.9
2023;mco;sejours;M;46;579;398443;145.3
2023;mco;sejours;M;47;586;410534;142.7
2023;mco;sejours;M;50;662;461831;143.3
2023;mco;sejours;M;52;603;448013;134.6
2023;mco;sejours;M;54;621;431206;144.0
2023;mco;sejours;M;55;608;430656;141.2
2023;mco;sejours;M;61;362;412970;87.7
2023;mco;sejours;M;62;344;407344;84.4
2023;mco;sejours;M;64;251;388020;64.7
2023;mco;sejours;M;66;244;373466;65.3
2023;mco;sejours;M;70;161;351940;45.7
2023;mco;sejours;M;75;122;318982;38.2
2023;mco;sejours;M;79;93;196377;47.4
2023;mco;sejours;M;82;74;148728;49.8
2023;mco;sejours;M;85;92;122631;75.0
2023;mco;sejours;M;86;113;112685;100.3
2023;mco;sejours;M;87;99;98112;100.9
2023;mco;sejours;M;91;54;52513;102.8
2023;mco;sejours;M;93;36;30474;118.1
2023;psy;patient;F;14;294;420279;70.0
2023;psy;patient;F;24;217;384448;56.4
2023;psy;patient;F;26;171;382917;44.7
2023;psy;patient;F;34;141;433991;32.5
2023;psy;patient;F;36;108;439888;24.6
2023;psy;patient;F;37;130;440681;29.5
2023;psy;patient;F;38;131;436401;30.0
2023;psy;patient;F;44;108;421978;25.6
2023;psy;patient;F;49;153;461707;33.1
2023;psy;patient;F;50;170;469369;36.2
2023;psy;patient;F;51;177;466783;37.9
2023;psy;patient;F;59;128;459329;27.9
2023;psy;patient;F;60;119;441692;26.9
2023;psy;patient;F;61;120;441058;27.2
2023;psy;patient;F;67;81;415952;19.5
2023;psy;patient;F;68;56;411975;13.6
2023;psy;patient;F;74;47;393009;12.0
2023;psy;patient;F;75;49;384559;12.7
2023;psy;patient;F;78;29;259422;11.2
2023;psy;patient;F;79;25;249830;10.0
2023;psy;patient;F;80;33;229136;14.4
2023;psy;patient;F;82;28;205053;13.7
2023;psy;patient;F;83;29;211455;13.7
2023;psy;patient;F;86;21;185797;11.3
2023;psy;patient;F;89;13;147051;8.8
2023;psy;patient;F;95;6;188106;3.2
2023;psy;patient;M;14;37;444230;8.3
2023;psy;patient;M;15;57;440792;12.9
2023;psy;patient;M;17;102;432799;23.6
2023;psy;patient;M;18;140;426778;32.8
2023;psy;patient;M;20;117;410453;28.5
2023;psy;patient;M;22;126;414862;30.4
2023;psy;patient;M;25;98;382668;25.6
2023;psy;patient;M;29;94;376425;25.0
2023;psy;patient;M;31;106;398142;26.6
2023;psy;patient;M;36;105;417920;25.1
2023;psy;patient;M;42;116;440511;26.3
2023;psy;patient;M;45;105;410515;25.6
2023;psy;patient;M;46;108;398443;27.1
2023;psy;patient;M;47;103;410534;25.1
2023;psy;patient;M;48;111;432091;25.7
2023;psy;patient;M;49;122;450766;27.1
2023;psy;patient;M;54;94;431206;21.8
2023;psy;patient;M;56;114;439214;26.0
2023;psy;patient;M;57;108;439276;24.6
2023;psy;patient;M;58;79;441560;17.9
2023;psy;patient;M;59;84;432491;19.4
2023;psy;patient;M;62;69;407344;16.9
2023;psy;patient;M;69;28;350869;8.0
2023;psy;patient;M;74;31;333433;9.3
2023;psy;patient;M;77;20;217335;9.2
2023;psy;patient;M;81;13;149665;8.7
2023;psy;patient;M;82;11;148728;7.4
2023;psy;patient;M;83;11;145741;7.5
2023;psy;patient;M;84;15;134702;11.1
2023;psy;patient;M;86;17;112685;15.1
2023;psy;patient;M;88;6;89093;6.7
2023;psy;sejours;F;12;195;1245957;46.1
2023;psy;sejours;F;16;939;419144;224.0
2023;psy;sejours;F;24;295;384448;76.7
2023;psy;sejours;F;26;263;382917;68.7
2023;psy;sejours;F;31;172;410533;41.9
2023;psy;sejours;F;34;202;433991;46.5
2023;psy;sejours;F;35;146;435540;33.5
2023;psy;sejours;F;36;152;439888;34.6
2023;psy;sejours;F;37;179;440681;40.6
2023;psy;sejours;F;43;123;432511;28.4
2023;psy;sejours;F;51;218;466783;46.7
2023;psy;sejours;F;53;269;451345;59.6
2023;psy;sejours;F;54;194;447751;43.3
2023;psy;sejours;F;59;172;459329;37.4
2023;psy;sejours;F;62;134;439580;30.5
2023;psy;sejours;F;67;96;415952;23.1
2023;psy;sejours;F;69;75;403118;18.6
2023;psy;sejours;F;71;73;395368;18.5
2023;psy;sejours;F;74;59;393009;15.0
2023;psy;sejours;F;78;34;259422;13.1
2023;psy;sejours;F;80;41;229136;17.9
2023;psy;sejours;F;82;39;205053;19.0
2023;psy;sejours;F;85;28;191569;14.6
2023;psy;sejours;F;86;24;185797;12.9
2023;psy;sejours;F;88;18;163650;11.0
2023;psy;sejours;F;90;11;137119;8.0
2023;psy;sejours;F;91;13;119356;10.9
2023;psy;sejours;F;92;8;101907;7.9
2023;psy;sejours;M;16;127;447086;28.4
2023;psy;sejours;M;21;161;411909;39.1
2023;psy;sejours;M;26;120;382781;31.3
2023;psy;sejours;M;28;94;373517;25.2
2023;psy;sejours;M;29;118;376425;31.3
2023;psy;sejours;M;32;124;411705;30.1
2023;psy;sejours;M;40;141;431388;32.7
2023;psy;sejours;M;41;139;432342;32.2
2023;psy;sejours;M;46;125;398443;31.4
2023;psy;sejours;M;54;116;431206;26.9
2023;psy;sejours;M;61;113;412970;27.4
2023;psy;sejours;M;64;63;388020;16.2
2023;psy;sejours;M;69;41;350869;11.7
2023;psy;sejours;M;73;42;339199;12.4
2023;psy;sejours;M;77;23;217335;10.6
2023;psy;sejours;M;91;11;52513;20.9
2023;psy;sejours;M;94;3;23012;13.0
2024;mco;patient;F;12;1018;414845;245.4
2024;mco;patient;F;17;2353;415608;566.2
2024;mco;patient;F;18;1698;400059;424.4
2024;mco;patient;F;22;1096;389490;281.4
2024;mco;patient;F;25;781;387283;201.7
2024;mco;patient;F;26;646;382862;168.7
2024;mco;patient;F;31;522;410812;127.1
2024;mco;patient;F;36;521;439085;118.7
2024;mco;patient;F;38;475;443600;107.1
2024;mco;patient;F;41;537;453882;118.3
2024;mco;patient;F;50;670;461512;145.2
2024;mco;patient;F;51;710;468745;151.5
2024;mco;patient;F;52;714;466411;153.1
2024;mco;patient;F;54;640;450605;142.0
2024;mco;patient;F;63;400;436809;91.6
2024;mco;patient;F;65;314;423686;74.1
2024;mco;patient;F;67;323;418035;77.3
2024;mco;patient;F;69;282;408154;69.1
2024;mco;patient;F;71;251;404927;62.0
2024;mco;patient;F;73;279;401168;69.5
2024;mco;patient;F;78;202;264086;76.5
2024;mco;patient;F;79;181;254020;71.3
2024;mco;patient;F;81;174;222520;78.2
2024;mco;patient;F;83;131;197137;66.5
2024;mco;patient;F;84;150;202532;74.1
2024;mco;patient;F;86;125;180849;69.1
2024;mco;patient;F;90;99;133005;74.4
2024;mco;patient;F;94;40;67833;59.0
2024;mco;patient;M;6;10;388010;2.6
2024;mco;patient;M;7;15;398974;3.8
2024;mco;patient;M;12;147;433740;33.9
2024;mco;patient;M;15;548;449253;122.0
2024;mco;patient;M;19;570;419578;135.9
2024;mco;patient;M;25;527;391082;134.8
2024;mco;patient;M;31;487;398692;122.1
2024;mco;patient;M;34;537;415199;129.3
2024;mco;patient;M;35;529;420091;125.9
2024;mco;patient;M;41;539;433608;124.3
2024;mco;patient;M;46;485;411564;117.8
2024;mco;patient;M;48;489;411029;119.0
2024;mco;patient;M;49;482;431663;111.7
2024;mco;patient;M;50;522;450074;116.0
2024;mco;patient;M;62;304;410340;74.1
2024;mco;patient;M;65;233;383770;60.7
2024;mco;patient;M;71;157;345430;45.5
2024;mco;patient;M;72;143;333287;42.9
2024;mco;patient;M;80;103;188250;54.7
2024;mco;patient;M;81;98;167088;58.7
2024;mco;patient;M;90;46;63745;72.2
2024;mco;patient;M;93;34;33591;101.2
2024;mco;patient;M;95;65;51295;126.7
2024;mco;sejours;F;9;20;402789;5.0
2024;mco;sejours;F;11;324;413042;78.4
2024;mco;sejours;F;13;3277;424681;771.6
2024;mco;sejours;F;16;3727;416557;894.7
2024;mco;sejours;F;19;2161;390290;553.7
2024;mco;sejours;F;20;1870;381409;490.3
2024;mco;sejours;F;22;1442;389490;370.2
2024;mco;sejours;F;32;654;417443;156.7
2024;mco;sejours;F;36;631;439085;143.7
2024;mco;sejours;F;37;699;444762;157.2
2024;mco;sejours;F;49;764;439418;173.9
2024;mco;sejours;F;54;760;450605;168.7
2024;mco;sejours;F;59;532;462595;115.0
2024;mco;sejours;F;61;491;440329;111.5
2024;mco;sejours;F;65;353;423686;83.3
2024;mco;sejours;F;66;362;421047;86.0
2024;mco;sejours;F;67;364;418035;87.1
2024;mco;sejours;F;72;269;392062;68.6
2024;mco;sejours;F;76;238;377867;63.0
2024;mco;sejours;F;77;262;352037;74.4
2024;mco;sejours;F;81;193;222520;86.7
2024;mco;sejours;F;85;143;191323;74.7
2024;mco;sejours;F;88;135;159927;84.4
2024;mco;sejours;F;89;121;150421;80.4
2024;mco;sejours;F;91;73;122192;59.7
2024;mco;sejours;F;95;105;195195;53.8
2024;mco;sejours;M;10;36;423381;8.5
2024;mco;sejours;M;13;266;446651;59.6
2024;mco;sejours;M;14;428;442437;96.7
2024;mco;sejours;M;15;704;449253;156.7
2024;mco;sejours;M;24;765;394494;193.9
2024;mco;sejours;M;26;665;384876;172.8
2024;mco;sejours;M;30;631;381982;165.2
2024;mco;sejours;M;31;612;398692;153.5
2024;mco;sejours;M;32;587;404362;145.2
2024;mco;sejours;M;34;667;415199;160.6
2024;mco;sejours;M;43;700;442512;158.2
2024;mco;sejours;M;46;600;411564;145.8
2024;mco;sejours;M;48;616;411029;149.9
2024;mco;sejours;M;53;661;447431;147.7
2024;mco;sejours;M;54;593;437715;135.5
2024;mco;sejours;M;56;476;430295;110.6
2024;mco;sejours;M;57;509;438748;116.0
2024;mco;sejours;M;60;395;430426;91.8
2024;mco;sejours;M;62;342;410340;83.3
2024;mco;sejours;M;72;159;333287;47.7
2024;mco;sejours;M;73;161;341740;47.1
2024;mco;sejours;M;74;153;332040;46.1
2024;mco;sejours;M;76;154;310123;49.7
2024;mco;sejours;M;88;93;88053;105.6
2024;mco;sejours;M;93;34;33591;101.2
2024;mco;sejours;M;94;28;24029;116.5
2024;mco;sejours;M;95;78;51295;152.1
2024;psy;patient;F;21;409;383653;106.6
2024;psy;patient;F;27;193;388810;49.6
2024;psy;patient;F;32;122;417443;29.2
2024;psy;patient;F;33;148;430191;34.4
2024;psy;patient;F;35;131;437575;29.9
2024;psy;patient;F;37;102;444762;22.9
2024;psy;patient;F;38;120;443600;27.1
2024;psy;patient;F;41;107;453882;23.6
2024;psy;patient;F;43;148;462310;32.0
2024;psy;patient;F;45;110;422923;26.0
2024;psy;patient;F;47;155;408764;37.9
2024;psy;patient;F;50;166;461512;36.0
2024;psy;patient;F;52;169;466411;36.2
2024;psy;patient;F;54;177;450605;39.3
2024;psy;patient;F;55;148;447612;33.1
2024;psy;patient;F;57;142;455759;31.2
2024;psy;patient;F;66;84;421047;20.0
2024;psy;patient;F;67;81;418035;19.4
2024;psy;patient;F;68;80;412603;19.4
2024;psy;patient;F;70;69;399567;17.3
2024;psy;patient;F;76;52;377867;13.8
2024;psy;patient;F;85;16;191323;8.4
2024;psy;patient;F;88;18;159927;11.3
2024;psy;patient;F;89;16;150421;10.6
2024;psy;patient;F;91;11;122192;9.0
2024;psy;patient;M;14;38;442437;8.6
2024;psy;patient;M;18;160;427376;37.4
2024;psy;patient;M;19;116;419578;27.6
2024;psy;patient;M;25;102;391082;26.1
2024;psy;patient;M;29;91;379007;24.0
2024;psy;patient;M;31;129;398692;32.4
2024;psy;patient;M;37;123;422363;29.1
2024;psy;patient;M;39;116;414138;28.0
2024;psy;patient;M;40;98;408351;24.0
2024;psy;patient;M;43;135;442512;30.5
2024;psy;patient;M;44;92;416473;22.1
2024;psy;patient;M;49;110;431663;25.5
2024;psy;patient;M;54;106;437715;24.2
2024;psy;patient;M;58;86;437507;19.7
2024;psy;patient;M;59;85;440290;19.3
2024;psy;patient;M;62;73;410340;17.8
2024;psy;patient;M;63;58;404277;14.3
2024;psy;patient;M;65;58;383770;15.1
2024;psy;patient;M;66;62;377054;16.4
2024;psy;patient;M;70;29;344918;8.4
2024;psy;patient;M;72;36;333287;10.8
2024;psy;patient;M;76;34;310123;11.0
2024;psy;patient;M;78;14;210435;6.7
2024;psy;patient;M;80;14;188250;7.4
2024;psy;patient;M;84;11;136267;8.1
2024;psy;patient;M;87;9;102382;8.8
2024;psy;patient;M;88;10;88053;11.4
2024;psy;patient;M;89;10;78574;12.7
2024;psy;patient;M;90;2;63745;3.1
2024;psy;patient;M;91;6;55089;10.9
2024;psy;patient;M;95;2;51295;3.9
2024;psy;sejours;F;13;382;424681;89.9
2024;psy;sejours;F;16;980;416557;235.3
2024;psy;sejours;F;17;910;415608;219.0
2024;psy;sejours;F;21;602;383653;156.9
2024;psy;sejours;F;22;453;389490;116.3
2024;psy;sejours;F;23;391;400244;97.7
2024;psy;sejours;F;25;274;387283;70.7
2024;psy;sejours;F;35;175;437575;40.0
2024;psy;sejours;F;40;183;433359;42.2
2024;psy;sejours;F;42;184;453320;40.6
2024;psy;sejours;F;45;156;422923;36.9
2024;psy;sejours;F;48;172;419103;41.0
2024;psy;sejours;F;50;219;461512;47.5
2024;psy;sejours;F;52;227;466411;48.7
2024;psy;sejours;F;59;199;462595;43.0
2024;psy;sejours;F;60;156;457581;34.1
2024;psy;sejours;F;61;149;440329;33.8
2024;psy;sejours;F;67;118;418035;28.2
2024;psy;sejours;F;68;98;412603;23.8
2024;psy;sejours;F;71;112;404927;27.7
2024;psy;sejours;F;77;54;352037;15.3
2024;psy;sejours;F;79;47;254020;18.5
2024;psy;sejours;F;82;39;195086;20.0
2024;psy;sejours;F;84;18;202532;8.9
2024;psy;sejours;F;86;16;180849;8.8
2024;psy;sejours;F;88;19;159927;11.9
2024;psy;sejours;F;89;17;150421;11.3
2024;psy;sejours;F;90;10;133005;7.5
2024;psy;sejours;M;12;36;1289779;8.3
2024;psy;sejours;M;13;30;446651;6.7
2024;psy;sejours;M;14;76;442437;17.2
2024;psy;sejours;M;16;124;442077;28.0
2024;psy;sejours;M;19;183;419578;43.6
2024;psy;sejours;M;21;143;404024;35.4
2024;psy;sejours;M;24;160;394494;40.6
2024;psy;sejours;M;25;129;391082;33.0
2024;psy;sejours;M;27;120;386994;31.0
2024;psy;sejours;M;29;113;379007;29.8
2024;psy;sejours;M;30;102;381982;26.7
2024;psy;sejours;M;33;131;416578;31.4
2024;psy;sejours;M;38;156;421325;37.0
2024;psy;sejours;M;41;135;433608;31.1
2024;psy;sejours;M;42;140;433492;32.3
2024;psy;sejours;M;43;187;442512;42.3
2024;psy;sejours;M;44;138;416473;33.1
2024;psy;sejours;M;53;131;447431;29.3
2024;psy;sejours;M;55;146;430240;33.9
2024;psy;sejours;M;66;76;377054;20.2
2024;psy;sejours;M;68;40;360848;11.1
2024;psy;sejours;M;69;41;357216;11.5
2024;psy;sejours;M;70;44;344918;12.8
2024;psy;sejours;M;71;40;345430;11.6
2024;psy;sejours;M;72;44;333287;13.2
2024;psy;sejours;M;74;39;332040;11.7
2024;psy;sejours;M;78;15;210435;7.1
2024;psy;sejours;M;80;16;188250;8.5
2024;psy;sejours;M;87;9;102382;8.8
2024;psy;sejours;M;88;14;88053;15.9
2024;psy;sejours;M;90;2;63745;3.1
2024;psy;sejours;M;92;2;43937;4.6
2025;mco;patient;F;6;8;364604;2.2
2025;mco;patient;F;10;56;405264;13.8
2025;mco;patient;F;21;1362;377934;360.4
2025;mco;patient;F;23;1084;391106;277.2
2025;mco;patient;F;33;531;422598;125.7
2025;mco;patient;F;37;535;443960;120.5
2025;mco;patient;F;41;526;435720;120.7
2025;mco;patient;F;44;561;463672;121.0
2025;mco;patient;F;47;572;422437;135.4
2025;mco;patient;F;53;677;466761;145.0
2025;mco;patient;F;54;693;457859;151.4
2025;mco;patient;F;55;608;450495;135.0
2025;mco;patient;F;58;486;454971;106.8
2025;mco;patient;F;61;473;456131;103.7
2025;mco;patient;F;62;361;437983;82.4
2025;mco;patient;F;64;316;434269;72.8
2025;mco;patient;F;66;302;420998;71.7
2025;mco;patient;F;67;308;418273;73.6
2025;mco;patient;F;68;291;414737;70.2
2025;mco;patient;F;70;264;404659;65.2
2025;mco;patient;F;71;247;396415;62.3
2025;mco;patient;F;74;231;396634;58.2
2025;mco;patient;F;78;212;345127;61.4
2025;mco;patient;F;82;150;215234;69.7
2025;mco;patient;F;89;103;146979;70.1
2025;mco;patient;F;90;125;135948;91.9
2025;mco;patient;F;94;35;73476;47.6
2025;mco;patient;F;95;99;201957;49.0
2025;mco;patient;M;9;38;412018;9.2
2025;mco;patient;M;10;39;422613;9.2
2025;mco;patient;M;13;254;436152;58.2
2025;mco;patient;M;15;596;447444;133.2
2025;mco;patient;M;19;638;420144;151.9
2025;mco;patient;M;25;582;396203;146.9
2025;mco;patient;M;27;486;389075;124.9
2025;mco;patient;M;30;479;384550;124.6
2025;mco;patient;M;43;568;435557;130.4
2025;mco;patient;M;47;478;412391;115.9
2025;mco;patient;M;51;464;449567;103.2
2025;mco;patient;M;52;507;460442;110.1
2025;mco;patient;M;59;390;436280;89.4
2025;mco;patient;M;60;352;438200;80.3
2025;mco;patient;M;67;224;372827;60.1
2025;mco;patient;M;74;153;334388;45.8
2025;mco;patient;M;76;142;316117;44.9
2025;mco;patient;M;80;99;190928;51.9
2025;mco;patient;M;88;78;92243;84.6
2025;mco;sejours;F;7;8;369733;2.2
2025;mco;sejours;F;15;4991;423150;1179.5
2025;mco;sejours;F;16;3839;422094;909.5
2025;mco;sejours;F;18;2523;408032;618.3
2025;mco;sejours;F;21;1849;377934;489.2
2025;mco;sejours;F;31;665;397521;167.3
2025;mco;sejours;F;37;693;443960;156.1
2025;mco;sejours;F;44;684;463672;147.5
2025;mco;sejours;F;47;688;422437;162.9
2025;mco;sejours;F;48;654;408246;160.2
2025;mco;sejours;F;49;732;419871;174.3
2025;mco;sejours;F;51;830;460892;180.1
2025;mco;sejours;F;57;618;445430;138.7
2025;mco;sejours;F;60;518;460835;112.4
2025;mco;sejours;F;63;411;435868;94.3
2025;mco;sejours;F;68;334;414737;80.5
2025;mco;sejours;F;70;294;404659;72.7
2025;mco;sejours;F;71;276;396415;69.6
2025;mco;sejours;F;72;279;401502;69.5
2025;mco;sejours;F;75;280;393295;71.2
2025;mco;sejours;F;76;249;381031;65.3
2025;mco;sejours;F;77;256;371099;69.0
2025;mco;sejours;F;78;232;345127;67.2
2025;mco;sejours;F;81;185;236274;78.3
2025;mco;sejours;F;89;110;146979;74.8
2025;mco;sejours;F;90;140;135948;103.0
2025;mco;sejours;F;92;76;107286;70.8
2025;mco;sejours;F;94;36;73476;49.0
2025;mco;sejours;F;95;106;201957;52.5
2025;mco;sejours;M;6;12;382298;3.1
2025;mco;sejours;M;8;26;401866;6.5
2025;mco;sejours;M;13;303;436152;69.5
2025;mco;sejours;M;15;745;447444;166.5
2025;mco;sejours;M;20;805;410170;196.3
2025;mco;sejours;M;22;769;399695;192.4
2025;mco;sejours;M;23;832;405078;205.4
2025;mco;sejours;M;25;785;396203;198.1
2025;mco;sejours;M;35;681;420349;162.0
2025;mco;sejours;M;41;682;410614;166.1
2025;mco;sejours;M;42;671;434761;154.3
2025;mco;sejours;M;46;567;410450;138.1
2025;mco;sejours;M;47;588;412391;142.6
2025;mco;sejours;M;48;598;399847;149.6
2025;mco;sejours;M;53;591;454901;129.9
2025;mco;sejours;M;57;491;429819;114.2
2025;mco;sejours;M;62;346;410515;84.3
2025;mco;sejours;M;65;263;394088;66.7
2025;mco;sejours;M;66;245;378773;64.7
2025;mco;sejours;M;67;253;372827;67.9
2025;mco;sejours;M;69;200;355553;56.3
2025;mco;sejours;M;70;200;351367;56.9
2025;mco;sejours;M;72;158;339248;46.6
2025;mco;sejours;M;74;169;334388;50.5
2025;mco;sejours;M;78;141;277676;50.8
2025;mco;sejours;M;81;103;179527;57.4
2025;mco;sejours;M;84;82;131028;62.6
2025;mco;sejours;M;85;91;126042;72.2
2025;mco;sejours;M;91;72;54354;132.5
2025;mco;sejours;M;93;36;36097;99.7
2025;mco;sejours;M;94;31;26622;116.4
2025;mco;sejours;M;95;77;54360;141.6
2025;psy;patient;F;13;236;416809;56.6
2025;psy;patient;F;18;541;408032;132.6
2025;psy;patient;F;22;296;382414;77.4
2025;psy;patient;F;23;272;391106;69.5
2025;psy;patient;F;26;204;392319;52.0
2025;psy;patient;F;27;176;388745;45.3
2025;psy;patient;F;33;98;422598;23.2
2025;psy;patient;F;38;125;447707;27.9
2025;psy;patient;F;39;124;446236;27.8
2025;psy;patient;F;40;122;441706;27.6
2025;psy;patient;F;41;106;435720;24.3
2025;psy;patient;F;44;121;463672;26.1
2025;psy;patient;F;47;127;422437;30.1
2025;psy;patient;F;49;138;419871;32.9
2025;psy;patient;F;53;166;466761;35.6
2025;psy;patient;F;54;197;457859;43.0
2025;psy;patient;F;56;151;446847;33.8
2025;psy;patient;F;58;128;454971;28.1
2025;psy;patient;F;62;89;437983;20.3
2025;psy;patient;F;63;112;435868;25.7
2025;psy;patient;F;70;71;404659;17.5
2025;psy;patient;F;74;58;396634;14.6
2025;psy;patient;F;75;68;393295;17.3
2025;psy;patient;F;80;37;247391;15.0
2025;psy;patient;F;83;27;187712;14.4
2025;psy;patient;F;85;14;192127;7.3
2025;psy;patient;F;86;24;180824;13.3
2025;psy;patient;F;87;23;169985;13.5
2025;psy;patient;F;89;16;146979;10.9
2025;psy;patient;F;91;4;118237;3.4
2025;psy;patient;F;95;5;201957;2.5
2025;psy;patient;M;16;106;450530;23.5
2025;psy;patient;M;17;108;440676;24.5
2025;psy;patient;M;20;130;410170;31.7
2025;psy;patient;M;23;140;405078;34.6
2025;psy;patient;M;25;114;396203;28.8
2025;psy;patient;M;28;110;391363;28.1
2025;psy;patient;M;32;79;404937;19.5
2025;psy;patient;M;33;103;409280;25.2
2025;psy;patient;M;35;101;420349;24.0
2025;psy;patient;M;37;101;423037;23.9
2025;psy;patient;M;38;108;425807;25.4
2025;psy;patient;M;41;90;410614;21.9
2025;psy;patient;M;44;112;444050;25.2
2025;psy;patient;M;45;106;417920;25.4
2025;psy;patient;M;46;80;410450;19.5
2025;psy;patient;M;48;109;399847;27.3
2025;psy;patient;M;50;98;431020;22.7
2025;psy;patient;M;54;91;446803;20.4
2025;psy;patient;M;55;107;436848;24.5
2025;psy;patient;M;57;83;429819;19.3
2025;psy;patient;M;60;77;438200;17.6
2025;psy;patient;M;62;61;410515;14.9
2025;psy;patient;M;63;79;407401;19.4
2025;psy;patient;M;72;35;339248;10.3
2025;psy;patient;M;74;34;334388;10.2
2025;psy;patient;M;75;23;323748;7.1
2025;psy;patient;M;76;28;316117;8.9
2025;psy;patient;M;77;31;301098;10.3
2025;psy;patient;M;81;17;179527;9.5
2025;psy;patient;M;85;9;126042;7.1
2025;psy;patient;M;86;11;114422;9.6
2025;psy;patient;M;95;1;54360;1.8
2025;psy;sejours;F;17;837;412999;202.7
2025;psy;sejours;F;23;385;391106;98.4
2025;psy;sejours;F;29;211;397174;53.1
2025;psy;sejours;F;32;161;417745;38.5
2025;psy;sejours;F;34;156;434488;35.9
2025;psy;sejours;F;36;199;441124;45.1
2025;psy;sejours;F;37;175;443960;39.4
2025;psy;sejours;F;39;183;446236;41.0
2025;psy;sejours;F;41;137;435720;31.4
2025;psy;sejours;F;51;185;460892;40.1
2025;psy;sejours;F;53;224;466761;48.0
2025;psy;sejours;F;56;184;446847;41.2
2025;psy;sejours;F;57;149;445430;33.5
2025;psy;sejours;F;65;117;430264;27.2
2025;psy;sejours;F;68;114;414737;27.5
2025;psy;sejours;F;72;76;401502;18.9
2025;psy;sejours;F;75;90;393295;22.9
2025;psy;sejours;F;77;61;371099;16.4
2025;psy;sejours;F;81;38;236274;16.1
2025;psy;sejours;F;83;30;187712;16.0
2025;psy;sejours;F;87;25;169985;14.7
2025;psy;sejours;F;91;4;118237;3.4
2025;psy;sejours;F;92;5;107286;4.7
2025;psy;sejours;F;94;2;73476;2.7
2025;psy;sejours;M;12;50;1283913;11.5
2025;psy;sejours;M;13;40;436152;9.2
2025;psy;sejours;M;14;51;450445;11.3
2025;psy;sejours;M;15;92;447444;20.6
2025;psy;sejours;M;19;185;420144;44.0
2025;psy;sejours;M;22;173;399695;43.3
2025;psy;sejours;M;32;96;404937;23.7
2025;psy;sejours;M;33;127;409280;31.0
2025;psy;sejours;M;34;126;421580;29.9
2025;psy;sejours;M;35;127;420349;30.2
2025;psy;sejours;M;36;136;423913;32.1
2025;psy;sejours;M;37;122;423037;28.8
2025;psy;sejours;M;45;148;417920;35.4
2025;psy;sejours;M;50;129;431020;29.9
2025;psy;sejours;M;52;145;460442;31.5
2025;psy;sejours;M;53;124;454901;27.3
2025;psy;sejours;M;56;124;429834;28.8
2025;psy;sejours;M;57;99;429819;23.0
2025;psy;sejours;M;58;112;436986;25.6
2025;psy;sejours;M;59;114;436280;26.1
2025;psy;sejours;M;62;93;410515;22.7
2025;psy;sejours;M;69;51;355553;14.3
2025;psy;sejours;M;70;37;351367;10.5
2025;psy;sejours;M;73;32;326398;9.8
2025;psy;sejours;M;80;17;190928;8.9
2025;psy;sejours;M;82;14;158633;8.8
2025;psy;sejours;M;83;17;134144;12.7
2025;psy;sejours;M;86;12;114422;10.5
2025;psy;sejours;M;90;3;68366;4.4
2025;psy;sejours;M;93;2;36097;5.5
2025;psy;sejours;M;95;1;54360;1.8
